date_or_hour,metric,visits
2026-04-16,/,95
2026-04-16,/credits,1
2026-04-16,/license,5
2026-04-16,/railyard,45
2026-04-16,/railyard/browse,16
2026-04-16,/railyard/docs,4
2026-04-16,/railyard/docs/latest/players/github-token,4
2026-04-16,/railyard/docs/v0.1/players,1
2026-04-16,/railyard/docs/v0.2/players/country-flag-emojis,1
2026-04-16,/railyard/docs/v0.2/players/github-token,11
2026-04-16,/railyard/docs/v0.2/players/installing-railyard/macos,1
2026-04-16,/railyard/docs/v0.2/players/installing-railyard/windows,2
2026-04-16,/railyard/maps/albany,1
2026-04-16,/railyard/maps/barcelona,1
2026-04-16,/railyard/maps/bucharest-medium,1
2026-04-16,/railyard/maps/buffalo-ny,1
2026-04-16,/railyard/maps/glasgow-edinburgh,1
2026-04-16,/railyard/maps/guadalajara,1
2026-04-16,/railyard/maps/monterrey/changelog/1.0.1,1
2026-04-16,/railyard/maps/piedmont-triad/changelog/1.0.0,1
2026-04-16,/railyard/maps/tel-aviv,1
2026-04-16,/railyard/maps/valencia,1
2026-04-16,/railyard/maps/valencia/changelog/1.0.2,1
2026-04-16,/railyard/maps/yukina-hakodate,1
2026-04-16,/railyard/maps/yukina-hiroshima-kure,1
2026-04-16,/railyard/maps/yukina-kumamoto,1
2026-04-16,/railyard/maps/yukina-morioka,1
2026-04-16,/railyard/maps/yukina-nakadoori/changelog/0.1.1,1
2026-04-16,/railyard/maps/yukina-nakaumi/changelog/0.2.0,1
2026-04-16,/railyard/maps/yukina-nemuro/changelog/0.1.1,1
2026-04-16,/railyard/maps/yukina-northern-kyushu,1
2026-04-16,/railyard/maps/yukina-tottori,1
2026-04-16,/railyard/maps/yukina-tsugaru,1
2026-04-16,/railyard/mods/any-money,1
2026-04-16,/railyard/mods/cinematic-camera,1
2026-04-16,/railyard/mods/citymapper,1
2026-04-16,/railyard/mods/simple-trains,2
2026-04-16,/railyard/mods/station-dots,1
2026-04-16,/railyard/updates,2
2026-04-16,/railyard/updates/v0.1.2,1
2026-04-16,/railyard/updates/v0.1.3,1
2026-04-16,/railyard/updates/v0.1.4,2
2026-04-16,/railyard/updates/v0.2.0,1
2026-04-16,/registry,1
2026-04-16,/registry/authors/TransitCore,1
2026-04-16,/registry/authors/Valdotorium,3
2026-04-16,/registry/authors/nzh0172,1
2026-04-16,/registry/map/yukina-fukuoka,1
2026-04-16,/registry/map/yukina-hakodate,1
2026-04-16,/registry/map/yukina-hiroshima-kure,1
2026-04-16,/registry/map/yukina-kagoshima-kirishima,1
2026-04-16,/registry/map/yukina-matsuyama,1
2026-04-16,/registry/map/yukina-nagasaki,1
2026-04-16,/registry/maps/bangkok,1
2026-04-16,/registry/maps/bilbao,1
2026-04-16,/registry/maps/ciudad-de-mexico,1
2026-04-16,/registry/maps/greater-los-angeles,2
2026-04-16,/registry/maps/jelegend-tokyo,3
2026-04-16,/registry/maps/madrid,1
2026-04-16,/registry/maps/mfn-hamptonroads,1
2026-04-16,/registry/maps/pulau-pinang,1
2026-04-16,/registry/maps/rome,3
2026-04-16,/registry/maps/toledo-oh,1
2026-04-16,/registry/maps/valencia,1
2026-04-16,/registry/maps/yukina-kumamoto,1
2026-04-16,/registry/maps/yukina-morioka,1
2026-04-16,/registry/maps/yukina-nagoya,1
2026-04-16,/registry/maps/yukina-niigata,1
2026-04-16,/registry/maps/yukina-northern-kyushu,1
2026-04-16,/registry/maps/yukina-tottori,1
2026-04-16,/registry/mods/advanced-analytics,1
2026-04-16,/registry/mods/citymapper,2
2026-04-16,/registry/mods/distance-circles,1
2026-04-16,/registry/mods/simple-trains,1
2026-04-16,/registry/mods/subwaybuilder-regions,1
2026-04-16,/registry/trending,1
2026-04-16,/registry/world-map,4
2026-04-16,/template-mod,5
2026-04-16,/tools/md-playground,1
2026-04-16,/updates/railyard/v0.1.4,6
2026-04-16,/updates/railyard/v0.2.2,1
2026-04-16,/updates/template-mod,1
2026-04-16,/website,1
2026-04-17,/,209
2026-04-17,/contribute,6
2026-04-17,/credits,38
2026-04-17,/docs,1
2026-04-17,/index.html,1
2026-04-17,/license,2
2026-04-17,/railyard,116
2026-04-17,/railyard/analytics,7
2026-04-17,/railyard/browse,37
2026-04-17,/railyard/docs,9
2026-04-17,/railyard/docs/latest/developers/publishing-projects,3
2026-04-17,/railyard/docs/latest/players/github-token,16
2026-04-17,/railyard/docs/latest/players/installing-railyard,3
2026-04-17,/railyard/docs/v0.1/players/github-token,2
2026-04-17,/railyard/docs/v0.1/players/install-guide-linux,1
2026-04-17,/railyard/docs/v0.1/players/install-guide-macos,2
2026-04-17,/railyard/docs/v0.1/players/install-guide-windows,1
2026-04-17,/railyard/docs/v0.2/developers,6
2026-04-17,/railyard/docs/v0.2/developers/data-quality,2
2026-04-17,/railyard/docs/v0.2/developers/dependencies,2
2026-04-17,/railyard/docs/v0.2/developers/publishing-projects,1
2026-04-17,/railyard/docs/v0.2/developers/tagging,5
2026-04-17,/railyard/docs/v0.2/developers/using-custom-url,2
2026-04-17,/railyard/docs/v0.2/players,21
2026-04-17,/railyard/docs/v0.2/players/country-flag-emojis,1
2026-04-17,/railyard/docs/v0.2/players/github-token,11
2026-04-17,/railyard/docs/v0.2/players/installing-railyard,2
2026-04-17,/railyard/docs/v0.2/players/installing-railyard/linux,1
2026-04-17,/railyard/docs/v0.2/players/installing-railyard/macos,4
2026-04-17,/railyard/docs/v0.2/players/installing-railyard/windows,8
2026-04-17,/railyard/docs/v0.2/players/profile-management,4
2026-04-17,/railyard/maps/amsterdam,2
2026-04-17,/railyard/maps/baltimore-dc-corridor,1
2026-04-17,/railyard/maps/bari,1
2026-04-17,/railyard/maps/berlin-val,3
2026-04-17,/railyard/maps/bologna,1
2026-04-17,/railyard/maps/bucharest-medium,3
2026-04-17,/railyard/maps/cairo,1
2026-04-17,/railyard/maps/colorado-ski-country/changelog/1.0.0,1
2026-04-17,/railyard/maps/daytonatti,1
2026-04-17,/railyard/maps/dublin/changelog/v1.0.0,1
2026-04-17,/railyard/maps/greater-kuala-lumpur,2
2026-04-17,/railyard/maps/greater-los-angeles,2
2026-04-17,/railyard/maps/ipoh,1
2026-04-17,/railyard/maps/jelegend-tokyo,10
2026-04-17,/railyard/maps/jelegend-tokyo/changelog/v0.1.0,2
2026-04-17,/railyard/maps/johor-bahru,1
2026-04-17,/railyard/maps/los-angeles-county/changelog/1.1.0,1
2026-04-17,/railyard/maps/madrid,2
2026-04-17,/railyard/maps/madrid/changelog/1.0.0,1
2026-04-17,/railyard/maps/mfn-northwestar/changelog/1.0.0,1
2026-04-17,/railyard/maps/mfn-rdu,2
2026-04-17,/railyard/maps/mfn-rdu/changelog/1.0.0,1
2026-04-17,/railyard/maps/milan,1
2026-04-17,/railyard/maps/monterrey/changelog/1.0.1,1
2026-04-17,/railyard/maps/nashville,2
2026-04-17,/railyard/maps/oklahoma-city,1
2026-04-17,/railyard/maps/orange-county/changelog/1.0.3,1
2026-04-17,/railyard/maps/ottawa,8
2026-04-17,/railyard/maps/puerto-rico,1
2026-04-17,/railyard/maps/puerto-rico/changelog/1.0.1,1
2026-04-17,/railyard/maps/pulau-pinang,1
2026-04-17,/railyard/maps/rome,1
2026-04-17,/railyard/maps/san-juan,1
2026-04-17,/railyard/maps/seoul-4,1
2026-04-17,/railyard/maps/singapore-val,1
2026-04-17,/railyard/maps/south-florida/changelog/v1.0.0,1
2026-04-17,/railyard/maps/sydney,1
2026-04-17,/railyard/maps/sydney/changelog/1.0.0,1
2026-04-17,/railyard/maps/tel-aviv/changelog/v2.0.0,1
2026-04-17,/railyard/maps/toronto,1
2026-04-17,/railyard/maps/toronto/changelog/1.0.1,1
2026-04-17,/railyard/maps/toronto/changelog/1.1.3,1
2026-04-17,/railyard/maps/ulsan-3/changelog/0.1.1,1
2026-04-17,/railyard/maps/ulsan-4/changelog/0.1.1,1
2026-04-17,/railyard/maps/vancouver,2
2026-04-17,/railyard/maps/waterloo,1
2026-04-17,/railyard/maps/yukina-asahikawa/changelog/0.1.1,1
2026-04-17,/railyard/maps/yukina-fukuoka,1
2026-04-17,/railyard/maps/yukina-fukuoka/changelog/0.5.0,1
2026-04-17,/railyard/maps/yukina-kitakyushu-shimonoseki/changelog/0.5.0,1
2026-04-17,/railyard/maps/yukina-kobe-akashi,1
2026-04-17,/railyard/maps/yukina-kumamoto/changelog/0.1.0,1
2026-04-17,/railyard/maps/yukina-kyoto,4
2026-04-17,/railyard/maps/yukina-matsuyama,1
2026-04-17,/railyard/maps/yukina-morioka/changelog/0.1.0,1
2026-04-17,/railyard/maps/yukina-nagoya,1
2026-04-17,/railyard/maps/yukina-nakaumi/changelog/0.3.0,1
2026-04-17,/railyard/maps/yukina-nemuro,1
2026-04-17,/railyard/maps/yukina-northern-kyushu/changelog/0.1.0,1
2026-04-17,/railyard/maps/yukina-okinawa,1
2026-04-17,/railyard/maps/yukina-okinawa/changelog/0.4.0,2
2026-04-17,/railyard/maps/yukina-sendai/changelog/0.3.0,1
2026-04-17,/railyard/maps/yukina-shizuoka-hamamatsu,1
2026-04-17,/railyard/maps/yukina-tottori/changelog/0.1.0,1
2026-04-17,/railyard/maps/yukina-tsugaru,1
2026-04-17,/railyard/maps/yukina-tsugaru/changelog/0.1.1,1
2026-04-17,/railyard/maps/yukina-wakkanai,1
2026-04-17,/railyard/maps/yukina-wakkanai/changelog/0.1.1,1
2026-04-17,/railyard/maps/zurich,1
2026-04-17,/railyard/mods/advanced-analytics,1
2026-04-17,/railyard/mods/any-money,2
2026-04-17,/railyard/mods/cinematic-camera,3
2026-04-17,/railyard/mods/citymapper,1
2026-04-17,/railyard/mods/danield1909-dantrains/changelog/v1.0.0,1
2026-04-17,/railyard/mods/danield1909-dantrains/changelog/v1.0.2,1
2026-04-17,/railyard/mods/game-speedup,4
2026-04-17,/railyard/mods/network-status,3
2026-04-17,/railyard/mods/simple-trains,1
2026-04-17,/railyard/mods/station-dots,4
2026-04-17,/railyard/mods/subwaybuilder-regions,2
2026-04-17,/railyard/mods/transit-overlay,2
2026-04-17,/railyard/mods/valdotoriums-trains,7
2026-04-17,/railyard/updates,8
2026-04-17,/railyard/updates/v0.1.0,1
2026-04-17,/railyard/updates/v0.1.1,1
2026-04-17,/railyard/updates/v0.1.2,1
2026-04-17,/railyard/updates/v0.1.3,2
2026-04-17,/railyard/updates/v0.1.6,1
2026-04-17,/railyard/updates/v0.2.0,3
2026-04-17,/railyard/updates/v0.2.1,5
2026-04-17,/railyard/updates/v0.2.2,1
2026-04-17,/registry,14
2026-04-17,/registry/authors/BarKuperman,2
2026-04-17,/registry/authors/Maximilian284,1
2026-04-17,/registry/authors/TransitCore,2
2026-04-17,/registry/authors/Valdotorium,1
2026-04-17,/registry/authors/bean1322,1
2026-04-17,/registry/authors/crumpetime,1
2026-04-17,/registry/authors/kimth9,1
2026-04-17,/registry/authors/nzh0172,1
2026-04-17,/registry/authors/soccerjonj,2
2026-04-17,/registry/authors/stefanorigano,2
2026-04-17,/registry/maps/barcelona,1
2026-04-17,/registry/maps/bari,1
2026-04-17,/registry/maps/berlin-val,4
2026-04-17,/registry/maps/bilbao,1
2026-04-17,/registry/maps/buffalo-ny,4
2026-04-17,/registry/maps/greater-kuala-lumpur,1
2026-04-17,/registry/maps/ipoh,1
2026-04-17,/registry/maps/jelegend-tokyo,4
2026-04-17,/registry/maps/jerusalem,1
2026-04-17,/registry/maps/johor-bahru,1
2026-04-17,/registry/maps/knoxville,1
2026-04-17,/registry/maps/los-angeles-county,2
2026-04-17,/registry/maps/madrid,2
2026-04-17,/registry/maps/mfn-hamptonroads,1
2026-04-17,/registry/maps/mfn-madisonwi,1
2026-04-17,/registry/maps/mfn-northwestar,1
2026-04-17,/registry/maps/mfn-rdu,1
2026-04-17,/registry/maps/ottawa,2
2026-04-17,/registry/maps/pulau-pinang,2
2026-04-17,/registry/maps/san-antonio,1
2026-04-17,/registry/maps/sydney,1
2026-04-17,/registry/maps/tampa-bay,1
2026-04-17,/registry/maps/tel-aviv,2
2026-04-17,/registry/maps/trondheim-val,1
2026-04-17,/registry/maps/warsaw-val,1
2026-04-17,/registry/maps/wilmington-nc,1
2026-04-17,/registry/maps/yukina-kagoshima-kirishima,2
2026-04-17,/registry/maps/yukina-kitakyushu-shimonoseki,1
2026-04-17,/registry/maps/yukina-kochi,1
2026-04-17,/registry/maps/yukina-matsuyama,1
2026-04-17,/registry/maps/yukina-nagasaki,1
2026-04-17,/registry/maps/yukina-nagoya,1
2026-04-17,/registry/maps/yukina-nakadoori,1
2026-04-17,/registry/maps/yukina-nakaumi,1
2026-04-17,/registry/maps/yukina-sapporo-chitose,2
2026-04-17,/registry/maps/yukina-tsugaru,2
2026-04-17,/registry/maps/yukina-yamagata,1
2026-04-17,/registry/mods/advanced-analytics,8
2026-04-17,/registry/mods/any-money,2
2026-04-17,/registry/mods/cinematic-camera,2
2026-04-17,/registry/mods/danield1909-dantrains,3
2026-04-17,/registry/mods/game-speedup,1
2026-04-17,/registry/mods/simple-trains,5
2026-04-17,/registry/mods/subwaybuilder-regions,2
2026-04-17,/registry/mods/transit-overlay,3
2026-04-17,/registry/mods/valdotoriums-trains,2
2026-04-17,/registry/trending,5
2026-04-17,/registry/world-map,11
2026-04-17,/template-mod,6
2026-04-17,/template-mod/docs,7
2026-04-17,/template-mod/docs/v1.0,4
2026-04-17,/template-mod/docs/v1.0/common-patterns,3
2026-04-17,/template-mod/docs/v1.0/debugging,2
2026-04-17,/template-mod/docs/v1.0/getting-started,6
2026-04-17,/template-mod/docs/v1.0/project-structure,3
2026-04-17,/template-mod/docs/v1.0/react-components,4
2026-04-17,/template-mod/docs/v1.0/type-reference,4
2026-04-17,/template-mod/updates,4
2026-04-17,/tools/md-playground,6
2026-04-17,/updates/railyard,4
2026-04-17,/updates/railyard/v0.1.1,1
2026-04-17,/updates/railyard/v0.2.1,2
2026-04-17,/updates/railyard/v0.2.2,9
2026-04-17,/website,3
2026-04-17,/website/updates,6
2026-04-17,/website/updates/v1.0.0,3
2026-04-17,/website/updates/v1.0.1,2
2026-04-17,/website/updates/v1.0.3,2
2026-04-18,/,275
2026-04-18,/contribute,11
2026-04-18,/credits,6
2026-04-18,/license,2
2026-04-18,/railyard,140
2026-04-18,/railyard/analytics,4
2026-04-18,/railyard/browse,22
2026-04-18,/railyard/docs,14
2026-04-18,/railyard/docs/latest/developers/publishing-projects,3
2026-04-18,/railyard/docs/latest/players/github-token,2
2026-04-18,/railyard/docs/latest/players/installing-railyard,1
2026-04-18,/railyard/docs/v0.1/developers,2
2026-04-18,/railyard/docs/v0.1/developers/data-quality,3
2026-04-18,/railyard/docs/v0.1/developers/publishing-projects,2
2026-04-18,/railyard/docs/v0.1/developers/using-custom-url,2
2026-04-18,/railyard/docs/v0.1/players,3
2026-04-18,/railyard/docs/v0.1/players/github-token,5
2026-04-18,/railyard/docs/v0.1/players/install-guide-linux,5
2026-04-18,/railyard/docs/v0.1/players/install-guide-macos,3
2026-04-18,/railyard/docs/v0.1/players/install-guide-windows,2
2026-04-18,/railyard/docs/v0.2/developers,1
2026-04-18,/railyard/docs/v0.2/developers/data-quality,1
2026-04-18,/railyard/docs/v0.2/developers/dependencies,1
2026-04-18,/railyard/docs/v0.2/developers/publishing-projects,3
2026-04-18,/railyard/docs/v0.2/developers/tagging,4
2026-04-18,/railyard/docs/v0.2/players,1
2026-04-18,/railyard/docs/v0.2/players/country-flag-emojis,1
2026-04-18,/railyard/docs/v0.2/players/github-token,17
2026-04-18,/railyard/docs/v0.2/players/importing-custom-assets,7
2026-04-18,/railyard/docs/v0.2/players/installing-railyard,9
2026-04-18,/railyard/docs/v0.2/players/installing-railyard/linux,2
2026-04-18,/railyard/docs/v0.2/players/installing-railyard/macos,7
2026-04-18,/railyard/docs/v0.2/players/installing-railyard/windows,11
2026-04-18,/railyard/docs/v0.2/players/profile-management,1
2026-04-18,/railyard/maps/amsterdam,1
2026-04-18,/railyard/maps/anchorage-ak,1
2026-04-18,/railyard/maps/baltimore-dc-corridor,1
2026-04-18,/railyard/maps/barcelona,3
2026-04-18,/railyard/maps/berlin-val,3
2026-04-18,/railyard/maps/bilbao,1
2026-04-18,/railyard/maps/buffalo-ny,1
2026-04-18,/railyard/maps/charleston-huntington-wv,1
2026-04-18,/railyard/maps/daejeon-3/changelog/0.1.1,1
2026-04-18,/railyard/maps/florence,1
2026-04-18,/railyard/maps/garda-lake/changelog/1.0.0,1
2026-04-18,/railyard/maps/genoa,1
2026-04-18,/railyard/maps/genoa/changelog/1.0.0,1
2026-04-18,/railyard/maps/glasgow-edinburgh,1
2026-04-18,/railyard/maps/greater-kuala-lumpur,6
2026-04-18,/railyard/maps/greater-los-angeles,4
2026-04-18,/railyard/maps/greatertwincities,1
2026-04-18,/railyard/maps/guadalajara/changelog/1.0.0,1
2026-04-18,/railyard/maps/ipoh,1
2026-04-18,/railyard/maps/jacksonville/changelog/1.0.0,1
2026-04-18,/railyard/maps/knoxville,1
2026-04-18,/railyard/maps/knoxville/changelog/1.1.1,1
2026-04-18,/railyard/maps/los-angeles-county/changelog/1.0.0,1
2026-04-18,/railyard/maps/madrid,1
2026-04-18,/railyard/maps/memphis,1
2026-04-18,/railyard/maps/mfn-hong-kong,2
2026-04-18,/railyard/maps/mfn-lasvegas,1
2026-04-18,/railyard/maps/mfn-northwestar/changelog/1.0.0,1
2026-04-18,/railyard/maps/mfn-rdu,1
2026-04-18,/railyard/maps/montreal/changelog/1.0.1,1
2026-04-18,/railyard/maps/nashville,2
2026-04-18,/railyard/maps/orange-county,1
2026-04-18,/railyard/maps/pyongyang-nk/changelog/1.0.0,1
2026-04-18,/railyard/maps/quebec-city/changelog/1.0.1,1
2026-04-18,/railyard/maps/singapore-val,2
2026-04-18,/railyard/maps/singapore-val/changelog/1.0.0,1
2026-04-18,/railyard/maps/toledo-oh,1
2026-04-18,/railyard/maps/toronto,1
2026-04-18,/railyard/maps/trondheim-val,1
2026-04-18,/railyard/maps/turin,1
2026-04-18,/railyard/maps/valencia/changelog/1.0.0,1
2026-04-18,/railyard/maps/warsaw-val,4
2026-04-18,/railyard/maps/winnipeg/changelog/1.0.1,1
2026-04-18,/railyard/maps/yukina-hiroshima-kure,5
2026-04-18,/railyard/maps/yukina-kobe-akashi,1
2026-04-18,/railyard/maps/yukina-kyoto,1
2026-04-18,/railyard/maps/yukina-nakaumi,2
2026-04-18,/railyard/maps/yukina-nakaumi/changelog/0.1.0,1
2026-04-18,/railyard/maps/yukina-okayama,1
2026-04-18,/railyard/maps/yukina-okinawa,4
2026-04-18,/railyard/maps/yukina-osaka/changelog/0.1.3,1
2026-04-18,/railyard/maps/yukina-sapporo-chitose,3
2026-04-18,/railyard/maps/yukina-tsugaru,1
2026-04-18,/railyard/mods/advanced-analytics,13
2026-04-18,/railyard/mods/citymapper,3
2026-04-18,/railyard/mods/citymapper/changelog/v0.2.0,1
2026-04-18,/railyard/mods/danield1909-dantrains,5
2026-04-18,/railyard/mods/danield1909-dantrains/changelog/v1.0.0,1
2026-04-18,/railyard/mods/distance-circles,2
2026-04-18,/railyard/mods/game-speedup,1
2026-04-18,/railyard/mods/network-status,3
2026-04-18,/railyard/mods/simple-trains,7
2026-04-18,/railyard/mods/station-dots,1
2026-04-18,/railyard/mods/station-dots/changelog/v1.1.0,1
2026-04-18,/railyard/mods/subwaybuilder-regions,1
2026-04-18,/railyard/mods/transit-overlay,3
2026-04-18,/railyard/mods/valdotoriums-trains,1
2026-04-18,/railyard/mods/valdotoriums-trains/changelog/v0.1.7,1
2026-04-18,/railyard/updates,7
2026-04-18,/railyard/updates/v0.1.0,1
2026-04-18,/railyard/updates/v0.1.1,1
2026-04-18,/railyard/updates/v0.1.3,2
2026-04-18,/railyard/updates/v0.1.4,1
2026-04-18,/railyard/updates/v0.1.5,2
2026-04-18,/railyard/updates/v0.2.1,2
2026-04-18,/registry,12
2026-04-18,/registry/author/Valdotorium,1
2026-04-18,/registry/author/crumpetime,1
2026-04-18,/registry/authors/Bobby-047,1
2026-04-18,/registry/authors/DanielD1909,1
2026-04-18,/registry/authors/Gio1112,1
2026-04-18,/registry/authors/stefanorigano,1
2026-04-18,/registry/map/bologna,5
2026-04-18,/registry/maps/baltimore-dc-corridor,2
2026-04-18,/registry/maps/bangkok,1
2026-04-18,/registry/maps/bari,1
2026-04-18,/registry/maps/berlin-val,5
2026-04-18,/registry/maps/bologna,1
2026-04-18,/registry/maps/busan-3,1
2026-04-18,/registry/maps/catania,1
2026-04-18,/registry/maps/ciudad-de-mexico,1
2026-04-18,/registry/maps/florence,1
2026-04-18,/registry/maps/garda-lake,1
2026-04-18,/registry/maps/genoa,1
2026-04-18,/registry/maps/glasgow-edinburgh,3
2026-04-18,/registry/maps/greater-kuala-lumpur,3
2026-04-18,/registry/maps/greatertwincities,1
2026-04-18,/registry/maps/ipoh,1
2026-04-18,/registry/maps/jeju-3,1
2026-04-18,/registry/maps/jelegend-tokyo,1
2026-04-18,/registry/maps/jerusalem,1
2026-04-18,/registry/maps/johor-bahru,1
2026-04-18,/registry/maps/madrid,2
2026-04-18,/registry/maps/mfn-hamptonroads,1
2026-04-18,/registry/maps/mfn-hong-kong,4
2026-04-18,/registry/maps/mfn-lasvegas,3
2026-04-18,/registry/maps/mfn-madisonwi,1
2026-04-18,/registry/maps/mfn-northwestar,2
2026-04-18,/registry/maps/milan,1
2026-04-18,/registry/maps/monterrey,1
2026-04-18,/registry/maps/naples,1
2026-04-18,/registry/maps/palermo,1
2026-04-18,/registry/maps/pianura-emiliana,1
2026-04-18,/registry/maps/pianura-veneta,1
2026-04-18,/registry/maps/puebla,2
2026-04-18,/registry/maps/riviera-romagnola,1
2026-04-18,/registry/maps/rome,1
2026-04-18,/registry/maps/rotterdam-the-hague,1
2026-04-18,/registry/maps/sacramento,1
2026-04-18,/registry/maps/seoul-4,1
2026-04-18,/registry/maps/singapore-val,4
2026-04-18,/registry/maps/spokane,1
2026-04-18,/registry/maps/tel-aviv,1
2026-04-18,/registry/maps/trondheim-val,4
2026-04-18,/registry/maps/turin,1
2026-04-18,/registry/maps/valencia,2
2026-04-18,/registry/maps/warsaw-val,2
2026-04-18,/registry/maps/willamette-valley,1
2026-04-18,/registry/maps/yukina-asahikawa,2
2026-04-18,/registry/maps/yukina-fukuoka,3
2026-04-18,/registry/maps/yukina-hakodate,2
2026-04-18,/registry/maps/yukina-hiroshima-kure,3
2026-04-18,/registry/maps/yukina-kagoshima-kirishima,1
2026-04-18,/registry/maps/yukina-kitakyushu-shimonoseki,2
2026-04-18,/registry/maps/yukina-kobe-akashi,3
2026-04-18,/registry/maps/yukina-kumamoto,1
2026-04-18,/registry/maps/yukina-kyoto,7
2026-04-18,/registry/maps/yukina-matsuyama,1
2026-04-18,/registry/maps/yukina-morioka,1
2026-04-18,/registry/maps/yukina-nagasaki,1
2026-04-18,/registry/maps/yukina-nagoya,1
2026-04-18,/registry/maps/yukina-nakadoori,1
2026-04-18,/registry/maps/yukina-nakaumi,1
2026-04-18,/registry/maps/yukina-niigata,3
2026-04-18,/registry/maps/yukina-northern-kyushu,1
2026-04-18,/registry/maps/yukina-okayama,2
2026-04-18,/registry/maps/yukina-okinawa,4
2026-04-18,/registry/maps/yukina-osaka,2
2026-04-18,/registry/maps/yukina-sendai,2
2026-04-18,/registry/maps/yukina-shizuoka-hamamatsu,2
2026-04-18,/registry/maps/yukina-takamatsu,3
2026-04-18,/registry/maps/yukina-tottori,1
2026-04-18,/registry/maps/yukina-toyama,3
2026-04-18,/registry/maps/yukina-yamagata,1
2026-04-18,/registry/mod/simple-trains,1
2026-04-18,/registry/mods/advanced-analytics,8
2026-04-18,/registry/mods/any-money,1
2026-04-18,/registry/mods/cinematic-camera,1
2026-04-18,/registry/mods/citymapper,1
2026-04-18,/registry/mods/danield1909-dantrains,1
2026-04-18,/registry/mods/distance-circles,4
2026-04-18,/registry/mods/game-speedup,5
2026-04-18,/registry/mods/network-status,1
2026-04-18,/registry/mods/simple-trains,3
2026-04-18,/registry/mods/station-dots,4
2026-04-18,/registry/mods/subwaybuilder-regions,4
2026-04-18,/registry/mods/transit-overlay,1
2026-04-18,/registry/mods/valdotoriums-trains,1
2026-04-18,/registry/trending,2
2026-04-18,/registry/world-map,4
2026-04-18,/template-mod,3
2026-04-18,/template-mod/docs,3
2026-04-18,/template-mod/docs/v1.0/getting-started,2
2026-04-18,/template-mod/docs/v1.0/type-reference,1
2026-04-18,/template-mod/updates,2
2026-04-18,/template-mod/updates/v1.0.0,1
2026-04-18,/template-mod/updates/v1.0.1,2
2026-04-18,/tools/md-playground,3
2026-04-18,/updates/railyard,2
2026-04-18,/updates/railyard/v0.1.0,1
2026-04-18,/updates/railyard/v0.1.2,1
2026-04-18,/updates/railyard/v0.1.3,2
2026-04-18,/updates/railyard/v0.1.4,1
2026-04-18,/updates/railyard/v0.1.5,1
2026-04-18,/updates/railyard/v0.1.6,1
2026-04-18,/updates/railyard/v0.2.2,9
2026-04-18,/updates/template-mod,3
2026-04-18,/website,2
2026-04-18,/website/updates,2
2026-04-18,/website/updates/v1.0.0,1
2026-04-18,/website/updates/v1.0.1,1
2026-04-19,/,257
2026-04-19,/contribute,3
2026-04-19,/credits,2
2026-04-19,/license,1
2026-04-19,/railyard,129
2026-04-19,/railyard/analytics,5
2026-04-19,/railyard/browse,80
2026-04-19,/railyard/docs,7
2026-04-19,/railyard/docs/latest/developers/publishing-projects,3
2026-04-19,/railyard/docs/latest/players/github-token,5
2026-04-19,/railyard/docs/latest/players/importing-custom-assets,3
2026-04-19,/railyard/docs/latest/players/installing-railyard,4
2026-04-19,/railyard/docs/v0.1/developers/data-quality,1
2026-04-19,/railyard/docs/v0.1/developers/publishing-projects,3
2026-04-19,/railyard/docs/v0.1/players/github-token,1
2026-04-19,/railyard/docs/v0.1/players/install-guide-linux,1
2026-04-19,/railyard/docs/v0.1/players/install-guide-macos,3
2026-04-19,/railyard/docs/v0.2/developers/dependencies,2
2026-04-19,/railyard/docs/v0.2/developers/publishing-projects,1
2026-04-19,/railyard/docs/v0.2/developers/using-custom-url,3
2026-04-19,/railyard/docs/v0.2/players/github-token,12
2026-04-19,/railyard/docs/v0.2/players/installing-railyard,1
2026-04-19,/railyard/docs/v0.2/players/installing-railyard/linux,2
2026-04-19,/railyard/docs/v0.2/players/installing-railyard/macos,5
2026-04-19,/railyard/docs/v0.2/players/installing-railyard/windows,16
2026-04-19,/railyard/maps,2
2026-04-19,/railyard/maps/albany,1
2026-04-19,/railyard/maps/baltimore-dc-corridor,2
2026-04-19,/railyard/maps/bangkok,1
2026-04-19,/railyard/maps/bari,1
2026-04-19,/railyard/maps/berlin-val,1
2026-04-19,/railyard/maps/bilbao,1
2026-04-19,/railyard/maps/bologna,2
2026-04-19,/railyard/maps/bucharest-medium,1
2026-04-19,/railyard/maps/buffalo-ny,1
2026-04-19,/railyard/maps/busan-4,1
2026-04-19,/railyard/maps/catania,2
2026-04-19,/railyard/maps/charleston-sc,1
2026-04-19,/railyard/maps/ciudad-de-mexico,4
2026-04-19,/railyard/maps/colorado-ski-country,1
2026-04-19,/railyard/maps/daegu-3,1
2026-04-19,/railyard/maps/daegu-4,1
2026-04-19,/railyard/maps/daejeon-4,1
2026-04-19,/railyard/maps/dayton-oh,1
2026-04-19,/railyard/maps/daytonatti,1
2026-04-19,/railyard/maps/dublin,1
2026-04-19,/railyard/maps/edmonton,3
2026-04-19,/railyard/maps/florence,1
2026-04-19,/railyard/maps/garda-lake,3
2026-04-19,/railyard/maps/genoa,1
2026-04-19,/railyard/maps/glasgow-edinburgh,1
2026-04-19,/railyard/maps/greater-baltimore,1
2026-04-19,/railyard/maps/greater-baltimore/changelog/1.1.0,1
2026-04-19,/railyard/maps/greater-kuala-lumpur,1
2026-04-19,/railyard/maps/greater-los-angeles,5
2026-04-19,/railyard/maps/greatertwincities,2
2026-04-19,/railyard/maps/gwangju-4,1
2026-04-19,/railyard/maps/incheon-3,1
2026-04-19,/railyard/maps/incheon-4,1
2026-04-19,/railyard/maps/jeju-3,1
2026-04-19,/railyard/maps/jeju-f,1
2026-04-19,/railyard/maps/jelegend-tokyo,4
2026-04-19,/railyard/maps/los-angeles-county,1
2026-04-19,/railyard/maps/louisville,1
2026-04-19,/railyard/maps/madrid,4
2026-04-19,/railyard/maps/mfn-hamptonroads,1
2026-04-19,/railyard/maps/mfn-hong-kong,3
2026-04-19,/railyard/maps/mfn-lasvegas,1
2026-04-19,/railyard/maps/mfn-rdu,2
2026-04-19,/railyard/maps/mfn-rdu/changelog/1.0.0,1
2026-04-19,/railyard/maps/milan,1
2026-04-19,/railyard/maps/montreal,3
2026-04-19,/railyard/maps/montreal/changelog/1.1.3,1
2026-04-19,/railyard/maps/naples,3
2026-04-19,/railyard/maps/oklahoma-city,1
2026-04-19,/railyard/maps/orlando,1
2026-04-19,/railyard/maps/ottawa,1
2026-04-19,/railyard/maps/palermo,2
2026-04-19,/railyard/maps/pianura-emiliana,2
2026-04-19,/railyard/maps/pianura-veneta,2
2026-04-19,/railyard/maps/pianura-veneta/changelog/1.0.0,1
2026-04-19,/railyard/maps/piedmont-triad,1
2026-04-19,/railyard/maps/providence,1
2026-04-19,/railyard/maps/providence/changelog/1.0.0,1
2026-04-19,/railyard/maps/puerto-rico,2
2026-04-19,/railyard/maps/pyongyang-nk,3
2026-04-19,/railyard/maps/richmond,3
2026-04-19,/railyard/maps/riviera-romagnola,2
2026-04-19,/railyard/maps/rochester,2
2026-04-19,/railyard/maps/rome,3
2026-04-19,/railyard/maps/san-antonio,1
2026-04-19,/railyard/maps/san-juan,2
2026-04-19,/railyard/maps/sejong-4,1
2026-04-19,/railyard/maps/seoul-3/changelog/0.1.1,1
2026-04-19,/railyard/maps/seoul-4,1
2026-04-19,/railyard/maps/singapore-val,3
2026-04-19,/railyard/maps/sydney,3
2026-04-19,/railyard/maps/tampa-bay,3
2026-04-19,/railyard/maps/toronto,1
2026-04-19,/railyard/maps/trondheim-val/changelog/1.0.0,1
2026-04-19,/railyard/maps/turin,1
2026-04-19,/railyard/maps/ulsan-4/changelog/0.1.1,2
2026-04-19,/railyard/maps/vancouver,4
2026-04-19,/railyard/maps/vancouver/changelog/1.1.3,1
2026-04-19,/railyard/maps/waterloo,2
2026-04-19,/railyard/maps/winnipeg,1
2026-04-19,/railyard/maps/winnipeg/changelog/1.0.1,1
2026-04-19,/railyard/maps/yukina-asahikawa/changelog/0.1.1,1
2026-04-19,/railyard/maps/yukina-fukuoka/changelog/0.4.0,1
2026-04-19,/railyard/maps/yukina-fukuoka/changelog/0.5.0,1
2026-04-19,/railyard/maps/yukina-hiroshima-kure,4
2026-04-19,/railyard/maps/yukina-kitakyushu-shimonoseki,1
2026-04-19,/railyard/maps/yukina-kitakyushu-shimonoseki/changelog/0.5.0,1
2026-04-19,/railyard/maps/yukina-kobe-akashi,1
2026-04-19,/railyard/maps/yukina-kumamoto,2
2026-04-19,/railyard/maps/yukina-kyoto,2
2026-04-19,/railyard/maps/yukina-morioka,2
2026-04-19,/railyard/maps/yukina-nakadoori/changelog/0.1.1,1
2026-04-19,/railyard/maps/yukina-nakaumi,1
2026-04-19,/railyard/maps/yukina-nakaumi/changelog/0.3.0,1
2026-04-19,/railyard/maps/yukina-nemuro/changelog/0.1.1,1
2026-04-19,/railyard/maps/yukina-northern-kyushu,1
2026-04-19,/railyard/maps/yukina-osaka,3
2026-04-19,/railyard/maps/yukina-sapporo-chitose,1
2026-04-19,/railyard/maps/yukina-sapporo-chitose/changelog/0.3.0,1
2026-04-19,/railyard/maps/yukina-tottori,2
2026-04-19,/railyard/maps/yukina-tsugaru/changelog/0.1.1,1
2026-04-19,/railyard/maps/yukina-wakkanai/changelog/0.1.1,1
2026-04-19,/railyard/maps/zurich,4
2026-04-19,/railyard/mods,1
2026-04-19,/railyard/mods/advanced-analytics,13
2026-04-19,/railyard/mods/advanced-analytics/changelog/v1.4.0,1
2026-04-19,/railyard/mods/any-money,4
2026-04-19,/railyard/mods/any-money/changelog/v0.2.0,1
2026-04-19,/railyard/mods/cinematic-camera,2
2026-04-19,/railyard/mods/citymapper,4
2026-04-19,/railyard/mods/danield1909-dantrains,2
2026-04-19,/railyard/mods/danield1909-dantrains/changelog/v1.0.0,1
2026-04-19,/railyard/mods/danield1909-dantrains/changelog/v1.3.2,2
2026-04-19,/railyard/mods/dep-test-mod/changelog/0.1.3,1
2026-04-19,/railyard/mods/distance-circles,4
2026-04-19,/railyard/mods/game-speedup,1
2026-04-19,/railyard/mods/network-status,3
2026-04-19,/railyard/mods/simple-trains,6
2026-04-19,/railyard/mods/simple-trains/changelog/v1.0.1,2
2026-04-19,/railyard/mods/station-dots,1
2026-04-19,/railyard/mods/station-dots/changelog/v1.2.0,1
2026-04-19,/railyard/mods/subwaybuilder-regions,3
2026-04-19,/railyard/mods/test-mod-vulnscan,2
2026-04-19,/railyard/mods/transit-overlay,4
2026-04-19,/railyard/mods/valdotoriums-trains,1
2026-04-19,/railyard/updates,5
2026-04-19,/registry,7
2026-04-19,/registry/author/BarKuperman,1
2026-04-19,/registry/author/nzh0172,1
2026-04-19,/registry/authors/TransitCore,1
2026-04-19,/registry/authors/ahkimn,1
2026-04-19,/registry/authors/bean1322,1
2026-04-19,/registry/authors/soccerjonj,1
2026-04-19,/registry/map/berlin-val,1
2026-04-19,/registry/map/bologna,1
2026-04-19,/registry/map/louisville,1
2026-04-19,/registry/map/trondheim-val,1
2026-04-19,/registry/map/warsaw-val,1
2026-04-19,/registry/map/yukina-kyoto,1
2026-04-19,/registry/maps/barcelona,1
2026-04-19,/registry/maps/berlin-val,2
2026-04-19,/registry/maps/bilbao,1
2026-04-19,/registry/maps/busan-4,1
2026-04-19,/registry/maps/cairo,1
2026-04-19,/registry/maps/daegu-4,1
2026-04-19,/registry/maps/dublin,1
2026-04-19,/registry/maps/edmonton,1
2026-04-19,/registry/maps/greatertwincities,1
2026-04-19,/registry/maps/gwangju-4,1
2026-04-19,/registry/maps/incheon-4,1
2026-04-19,/registry/maps/jeju-4,1
2026-04-19,/registry/maps/jeju-f,1
2026-04-19,/registry/maps/jelegend-tokyo,6
2026-04-19,/registry/maps/jerusalem,1
2026-04-19,/registry/maps/johor-bahru,1
2026-04-19,/registry/maps/mfn-hong-kong,2
2026-04-19,/registry/maps/milan,1
2026-04-19,/registry/maps/montreal,1
2026-04-19,/registry/maps/oklahoma-city,1
2026-04-19,/registry/maps/puerto-rico,2
2026-04-19,/registry/maps/pulau-pinang,1
2026-04-19,/registry/maps/quebec-city,1
2026-04-19,/registry/maps/rome,2
2026-04-19,/registry/maps/saltillo,1
2026-04-19,/registry/maps/sejong-3,1
2026-04-19,/registry/maps/sejong-4,1
2026-04-19,/registry/maps/seoul-3,1
2026-04-19,/registry/maps/ulsan-3,1
2026-04-19,/registry/maps/ulsan-4,1
2026-04-19,/registry/maps/yukina-kochi,2
2026-04-19,/registry/maps/yukina-morioka,1
2026-04-19,/registry/maps/yukina-northern-kyushu,1
2026-04-19,/registry/maps/yukina-osaka,2
2026-04-19,/registry/maps/yukina-sapporo-chitose,5
2026-04-19,/registry/maps/yukina-sendai,2
2026-04-19,/registry/maps/zurich,1
2026-04-19,/registry/mods/advanced-analytics,12
2026-04-19,/registry/mods/citymapper,2
2026-04-19,/registry/mods/danield1909-dantrains,2
2026-04-19,/registry/mods/distance-circles,2
2026-04-19,/registry/mods/game-speedup,1
2026-04-19,/registry/mods/network-status,1
2026-04-19,/registry/mods/simple-trains,3
2026-04-19,/registry/trending,1
2026-04-19,/registry/world-map,13
2026-04-19,/template-mod,4
2026-04-19,/template-mod/docs,4
2026-04-19,/template-mod/docs/v1.0/common-patterns,1
2026-04-19,/template-mod/docs/v1.0/debugging,3
2026-04-19,/template-mod/docs/v1.0/project-structure,2
2026-04-19,/template-mod/docs/v1.0/react-components,1
2026-04-19,/template-mod/docs/v1.0/type-reference,1
2026-04-19,/template-mod/updates,1
2026-04-19,/tools/md-playground,2
2026-04-19,/updates,5
2026-04-19,/updates/railyard,1
2026-04-19,/updates/railyard/v0.2.2,10
2026-04-19,/updates/template-mod/v1.0.0,1
2026-04-19,/updates/template-mod/v1.0.1,1
2026-04-19,/website,4
2026-04-19,/website/updates/v1.0.2,1
2026-04-20,/,305
2026-04-20,/contribute,5
2026-04-20,/credits,8
2026-04-20,/docs,4
2026-04-20,/license,4
2026-04-20,/railyard,77
2026-04-20,/railyard/analytics,3
2026-04-20,/railyard/browse,28
2026-04-20,/railyard/docs,16
2026-04-20,/railyard/docs/latest/players/github-token,2
2026-04-20,/railyard/docs/v0.1/players/github-token,2
2026-04-20,/railyard/docs/v0.1/players/install-guide-windows,1
2026-04-20,/railyard/docs/v0.2,1
2026-04-20,/railyard/docs/v0.2/developers/data-quality,4
2026-04-20,/railyard/docs/v0.2/developers/dependencies,1
2026-04-20,/railyard/docs/v0.2/developers/publishing-projects,4
2026-04-20,/railyard/docs/v0.2/developers/tagging,1
2026-04-20,/railyard/docs/v0.2/developers/using-custom-url,3
2026-04-20,/railyard/docs/v0.2/players/country-flag-emojis,2
2026-04-20,/railyard/docs/v0.2/players/github-token,18
2026-04-20,/railyard/docs/v0.2/players/installing-railyard,2
2026-04-20,/railyard/docs/v0.2/players/installing-railyard/linux,1
2026-04-20,/railyard/docs/v0.2/players/installing-railyard/macos,6
2026-04-20,/railyard/docs/v0.2/players/installing-railyard/windows,3
2026-04-20,/railyard/docs/v0.2/players/profile-management,1
2026-04-20,/railyard/maps/akron-oh,1
2026-04-20,/railyard/maps/albany,1
2026-04-20,/railyard/maps/amsterdam,2
2026-04-20,/railyard/maps/bangkok,6
2026-04-20,/railyard/maps/berlin-val,3
2026-04-20,/railyard/maps/bologna,1
2026-04-20,/railyard/maps/bucharest-medium,1
2026-04-20,/railyard/maps/buffalo-ny,5
2026-04-20,/railyard/maps/cairo/changelog/2.2.0,1
2026-04-20,/railyard/maps/charleston-sc,1
2026-04-20,/railyard/maps/florence/changelog/1.0.0,1
2026-04-20,/railyard/maps/glasgow-edinburgh,1
2026-04-20,/railyard/maps/greater-kuala-lumpur,2
2026-04-20,/railyard/maps/greater-los-angeles,3
2026-04-20,/railyard/maps/greatertwincities,1
2026-04-20,/railyard/maps/guadalajara,1
2026-04-20,/railyard/maps/jacksonville,1
2026-04-20,/railyard/maps/jelegend-tokyo,2
2026-04-20,/railyard/maps/jelegend-tokyo/changelog/v0.5.0,3
2026-04-20,/railyard/maps/jerusalem,1
2026-04-20,/railyard/maps/johor-bahru,1
2026-04-20,/railyard/maps/knoxville,1
2026-04-20,/railyard/maps/los-angeles-county,1
2026-04-20,/railyard/maps/mfn-hamptonroads,1
2026-04-20,/railyard/maps/mfn-hong-kong,1
2026-04-20,/railyard/maps/mfn-lasvegas,1
2026-04-20,/railyard/maps/mfn-madisonwi,1
2026-04-20,/railyard/maps/mfn-rdu,1
2026-04-20,/railyard/maps/milan,1
2026-04-20,/railyard/maps/monterrey,1
2026-04-20,/railyard/maps/ottawa,1
2026-04-20,/railyard/maps/puebla,1
2026-04-20,/railyard/maps/quebec-city,1
2026-04-20,/railyard/maps/rome,1
2026-04-20,/railyard/maps/rotterdam-the-hague,2
2026-04-20,/railyard/maps/sacramento,1
2026-04-20,/railyard/maps/san-antonio,1
2026-04-20,/railyard/maps/santa-barbara,1
2026-04-20,/railyard/maps/sejong-3/changelog/0.1.1,1
2026-04-20,/railyard/maps/singapore-val,1
2026-04-20,/railyard/maps/south-florida,1
2026-04-20,/railyard/maps/tel-aviv/changelog/v1.2.0,1
2026-04-20,/railyard/maps/toronto,5
2026-04-20,/railyard/maps/trondheim-val,2
2026-04-20,/railyard/maps/valencia,1
2026-04-20,/railyard/maps/vancouver,2
2026-04-20,/railyard/maps/warsaw-val,1
2026-04-20,/railyard/maps/waterloo/changelog/1.0.0,1
2026-04-20,/railyard/maps/wilmington-nc,1
2026-04-20,/railyard/maps/yukina-asahikawa,2
2026-04-20,/railyard/maps/yukina-fukuoka,1
2026-04-20,/railyard/maps/yukina-kumamoto,1
2026-04-20,/railyard/maps/yukina-kyoto,1
2026-04-20,/railyard/maps/yukina-matsuyama,1
2026-04-20,/railyard/maps/yukina-morioka,1
2026-04-20,/railyard/maps/yukina-nagoya,1
2026-04-20,/railyard/maps/yukina-nakadoori,1
2026-04-20,/railyard/maps/yukina-nakaumi,3
2026-04-20,/railyard/maps/yukina-niigata/changelog/0.2.0,1
2026-04-20,/railyard/maps/yukina-northern-kyushu,1
2026-04-20,/railyard/maps/yukina-sapporo-chitose,3
2026-04-20,/railyard/maps/yukina-shizuoka-hamamatsu,2
2026-04-20,/railyard/maps/yukina-tottori,1
2026-04-20,/railyard/maps/yukina-toyama,1
2026-04-20,/railyard/maps/yukina-tsugaru,2
2026-04-20,/railyard/mods/advanced-analytics,4
2026-04-20,/railyard/mods/advanced-analytics/changelog/v1.4.1,1
2026-04-20,/railyard/mods/advanced-analytics/changelog/v1.4.5,2
2026-04-20,/railyard/mods/advanced-analytics/changelog/v1.4.7,1
2026-04-20,/railyard/mods/distance-circles,1
2026-04-20,/railyard/mods/game-speedup,1
2026-04-20,/railyard/mods/network-status,2
2026-04-20,/railyard/mods/station-dots,1
2026-04-20,/railyard/mods/transit-overlay,3
2026-04-20,/railyard/mods/valdotoriums-trains,3
2026-04-20,/railyard/updates,2
2026-04-20,/railyard/updates/v0.1.0,1
2026-04-20,/railyard/updates/v0.1.5,1
2026-04-20,/railyard/updates/v0.2.0,1
2026-04-20,/registry,10
2026-04-20,/registry/author/Gio1112,1
2026-04-20,/registry/author/TransitCore,1
2026-04-20,/registry/author/stefanorigano,1
2026-04-20,/registry/authors/ahkimn,1
2026-04-20,/registry/authors/jelegend,1
2026-04-20,/registry/authors/soccerjonj,4
2026-04-20,/registry/maps/bangkok,1
2026-04-20,/registry/maps/bilbao,1
2026-04-20,/registry/maps/ciudad-de-mexico,1
2026-04-20,/registry/maps/daegu-3,1
2026-04-20,/registry/maps/daejeon-3,1
2026-04-20,/registry/maps/daejeon-4,1
2026-04-20,/registry/maps/edmonton,1
2026-04-20,/registry/maps/greater-kuala-lumpur,1
2026-04-20,/registry/maps/greater-los-angeles,1
2026-04-20,/registry/maps/greatertwincities,1
2026-04-20,/registry/maps/gwangju-3,1
2026-04-20,/registry/maps/incheon-3,1
2026-04-20,/registry/maps/jelegend-tokyo,7
2026-04-20,/registry/maps/mfn-hamptonroads,1
2026-04-20,/registry/maps/mfn-hong-kong,3
2026-04-20,/registry/maps/mfn-lasvegas,1
2026-04-20,/registry/maps/mfn-madisonwi,1
2026-04-20,/registry/maps/mfn-northwestar,1
2026-04-20,/registry/maps/montreal,1
2026-04-20,/registry/maps/nashville,1
2026-04-20,/registry/maps/san-juan,2
2026-04-20,/registry/maps/sydney,4
2026-04-20,/registry/maps/toronto,3
2026-04-20,/registry/maps/yukina-asahikawa,1
2026-04-20,/registry/maps/yukina-fukuoka,1
2026-04-20,/registry/maps/yukina-hakodate,1
2026-04-20,/registry/maps/yukina-hiroshima-kure,1
2026-04-20,/registry/maps/yukina-kagoshima-kirishima,1
2026-04-20,/registry/maps/yukina-kitakyushu-shimonoseki,1
2026-04-20,/registry/maps/yukina-kobe-akashi,1
2026-04-20,/registry/maps/yukina-kochi,1
2026-04-20,/registry/maps/yukina-kumamoto,3
2026-04-20,/registry/maps/yukina-kyoto,1
2026-04-20,/registry/maps/yukina-matsuyama,1
2026-04-20,/registry/maps/yukina-morioka,2
2026-04-20,/registry/maps/yukina-nagasaki,1
2026-04-20,/registry/maps/yukina-nagoya,1
2026-04-20,/registry/maps/yukina-nakadoori,1
2026-04-20,/registry/maps/yukina-nakaumi,1
2026-04-20,/registry/maps/yukina-niigata,1
2026-04-20,/registry/maps/yukina-northern-kyushu,2
2026-04-20,/registry/maps/yukina-okayama,1
2026-04-20,/registry/maps/yukina-okinawa,1
2026-04-20,/registry/maps/yukina-osaka,5
2026-04-20,/registry/maps/yukina-sapporo-chitose,1
2026-04-20,/registry/maps/yukina-sendai,1
2026-04-20,/registry/maps/yukina-shizuoka-hamamatsu,1
2026-04-20,/registry/maps/yukina-takamatsu,1
2026-04-20,/registry/maps/yukina-tottori,2
2026-04-20,/registry/maps/yukina-toyama,1
2026-04-20,/registry/maps/yukina-tsugaru,1
2026-04-20,/registry/maps/yukina-yamagata,1
2026-04-20,/registry/mod/any-money,1
2026-04-20,/registry/mod/cinematic-camera,1
2026-04-20,/registry/mod/citymapper,1
2026-04-20,/registry/mod/distance-circles,1
2026-04-20,/registry/mod/subwaybuilder-regions,1
2026-04-20,/registry/mod/transit-overlay,1
2026-04-20,/registry/mod/valdotoriums-trains,1
2026-04-20,/registry/mods/advanced-analytics,1
2026-04-20,/registry/mods/danield1909-dantrains,1
2026-04-20,/registry/mods/game-speedup,2
2026-04-20,/registry/mods/network-status,3
2026-04-20,/registry/mods/simple-trains,5
2026-04-20,/registry/mods/subwaybuilder-regions,3
2026-04-20,/registry/trending,3
2026-04-20,/registry/world-map,6
2026-04-20,/template-mod,7
2026-04-20,/template-mod/docs,6
2026-04-20,/template-mod/docs/v1.0/debugging,1
2026-04-20,/template-mod/docs/v1.0/getting-started,1
2026-04-20,/template-mod/docs/v1.0/project-structure,2
2026-04-20,/template-mod/docs/v1.0/react-components,2
2026-04-20,/template-mod/docs/v1.0/type-reference,2
2026-04-20,/template-mod/updates,1
2026-04-20,/tools/md-playground,2
2026-04-20,/updates,1
2026-04-20,/updates/railyard/v0.1.1,1
2026-04-20,/updates/railyard/v0.1.2,1
2026-04-20,/updates/railyard/v0.2.2,6
2026-04-20,/updates/template-mod,2
2026-04-20,/website,6
2026-04-20,/website/updates,3
2026-04-20,/website/updates/v1.0.3,1
2026-04-21,/,180
2026-04-21,/contribute,5
2026-04-21,/credits,12
2026-04-21,/docs,2
2026-04-21,/railyard,98
2026-04-21,/railyard/analytics,2
2026-04-21,/railyard/browse,34
2026-04-21,/railyard/docs,16
2026-04-21,/railyard/docs/latest/players/github-token,1
2026-04-21,/railyard/docs/latest/players/importing-custom-assets,1
2026-04-21,/railyard/docs/latest/players/installing-railyard,6
2026-04-21,/railyard/docs/v0.1/developers/using-custom-url,1
2026-04-21,/railyard/docs/v0.1/players/github-token,1
2026-04-21,/railyard/docs/v0.2,2
2026-04-21,/railyard/docs/v0.2/developers/using-custom-url,1
2026-04-21,/railyard/docs/v0.2/players,8
2026-04-21,/railyard/docs/v0.2/players/github-token,19
2026-04-21,/railyard/docs/v0.2/players/importing-custom-assets,2
2026-04-21,/railyard/docs/v0.2/players/installing-railyard,2
2026-04-21,/railyard/docs/v0.2/players/installing-railyard/linux,2
2026-04-21,/railyard/docs/v0.2/players/installing-railyard/macos,5
2026-04-21,/railyard/docs/v0.2/players/installing-railyard/windows,5
2026-04-21,/railyard/docs/v0.2/players/profile-management,1
2026-04-21,/railyard/maps/akron-oh,1
2026-04-21,/railyard/maps/baltimore-dc-corridor,1
2026-04-21,/railyard/maps/bangkok,2
2026-04-21,/railyard/maps/barcelona/changelog/1.0.2,1
2026-04-21,/railyard/maps/berlin-val,6
2026-04-21,/railyard/maps/bologna,1
2026-04-21,/railyard/maps/busan-3,2
2026-04-21,/railyard/maps/busan-3/changelog/0.1.0,1
2026-04-21,/railyard/maps/busan-4,2
2026-04-21,/railyard/maps/busan-4/changelog/0.1.0,1
2026-04-21,/railyard/maps/cairo,1
2026-04-21,/railyard/maps/cairo/changelog/2.1.0,1
2026-04-21,/railyard/maps/charleston-huntington-wv,1
2026-04-21,/railyard/maps/charleston-sc,2
2026-04-21,/railyard/maps/ciudad-de-mexico,2
2026-04-21,/railyard/maps/ciudad-de-mexico/changelog/1.0.0,1
2026-04-21,/railyard/maps/daegu-3,1
2026-04-21,/railyard/maps/daegu-4,1
2026-04-21,/railyard/maps/daegu-4/changelog/0.1.0,1
2026-04-21,/railyard/maps/daejeon-3,1
2026-04-21,/railyard/maps/daejeon-3/changelog/0.1.0,1
2026-04-21,/railyard/maps/daejeon-4,1
2026-04-21,/railyard/maps/daejeon-4/changelog/0.1.0,1
2026-04-21,/railyard/maps/daejeon-4/changelog/0.1.1,1
2026-04-21,/railyard/maps/garda-lake/changelog/1.0.0,1
2026-04-21,/railyard/maps/greater-kuala-lumpur,1
2026-04-21,/railyard/maps/greater-los-angeles,3
2026-04-21,/railyard/maps/greater-los-angeles/changelog/1.1.0,1
2026-04-21,/railyard/maps/greater-los-angeles/changelog/1.1.1,1
2026-04-21,/railyard/maps/greater-los-angeles/changelog/1.1.2,1
2026-04-21,/railyard/maps/greatertwincities,2
2026-04-21,/railyard/maps/guadalajara,1
2026-04-21,/railyard/maps/guadalajara/changelog/1.0.1,1
2026-04-21,/railyard/maps/gwangju-3,2
2026-04-21,/railyard/maps/gwangju-3/changelog/0.1.1,1
2026-04-21,/railyard/maps/gwangju-4/changelog/0.1.1,1
2026-04-21,/railyard/maps/incheon-3,1
2026-04-21,/railyard/maps/incheon-3/changelog/0.1.1,1
2026-04-21,/railyard/maps/incheon-4/changelog/0.1.0,1
2026-04-21,/railyard/maps/incheon-4/changelog/0.1.1,1
2026-04-21,/railyard/maps/ipoh,2
2026-04-21,/railyard/maps/ipoh/changelog/1.0.0,1
2026-04-21,/railyard/maps/jeju-3,3
2026-04-21,/railyard/maps/jeju-3/changelog/0.1.0,1
2026-04-21,/railyard/maps/jeju-3/changelog/0.1.1,1
2026-04-21,/railyard/maps/jeju-4,3
2026-04-21,/railyard/maps/jeju-4/changelog/0.1.0,1
2026-04-21,/railyard/maps/jeju-f,2
2026-04-21,/railyard/maps/jeju-f/changelog/0.1.1,1
2026-04-21,/railyard/maps/jelegend-tokyo,2
2026-04-21,/railyard/maps/jelegend-tokyo/changelog/v0.1.0,1
2026-04-21,/railyard/maps/jelegend-tokyo/changelog/v0.3.0,1
2026-04-21,/railyard/maps/jelegend-tokyo/changelog/v0.4.0,1
2026-04-21,/railyard/maps/jerusalem/changelog/v0.3.2,1
2026-04-21,/railyard/maps/johor-bahru,1
2026-04-21,/railyard/maps/johor-bahru/changelog/1.0.0,1
2026-04-21,/railyard/maps/los-angeles-county/changelog/1.1.0,1
2026-04-21,/railyard/maps/los-angeles-county/changelog/1.1.1,1
2026-04-21,/railyard/maps/madrid,1
2026-04-21,/railyard/maps/madrid/changelog/1.0.2,1
2026-04-21,/railyard/maps/mfn-hamptonroads,2
2026-04-21,/railyard/maps/mfn-hong-kong,1
2026-04-21,/railyard/maps/mfn-madisonwi,3
2026-04-21,/railyard/maps/mfn-northwestar,2
2026-04-21,/railyard/maps/mfn-rdu,3
2026-04-21,/railyard/maps/oklahoma-city,2
2026-04-21,/railyard/maps/oklahoma-city/changelog/1.1.0,1
2026-04-21,/railyard/maps/ottawa/changelog/1.1.3,1
2026-04-21,/railyard/maps/providence/changelog/1.0.0,1
2026-04-21,/railyard/maps/puerto-rico/changelog/1.0.1,1
2026-04-21,/railyard/maps/pulau-pinang,4
2026-04-21,/railyard/maps/pulau-pinang/changelog/1.0.0,1
2026-04-21,/railyard/maps/pyongyang-nk,1
2026-04-21,/railyard/maps/riviera-romagnola/changelog/1.0.0,1
2026-04-21,/railyard/maps/rotterdam-the-hague,2
2026-04-21,/railyard/maps/rotterdam-the-hague/changelog/1.1.0,1
2026-04-21,/railyard/maps/saltillo,2
2026-04-21,/railyard/maps/saltillo/changelog/1.0.0,1
2026-04-21,/railyard/maps/santa-barbara/changelog/1.0.1,1
2026-04-21,/railyard/maps/sejong-3,2
2026-04-21,/railyard/maps/sejong-3/changelog/0.1.0,1
2026-04-21,/railyard/maps/sejong-4,1
2026-04-21,/railyard/maps/sejong-4/changelog/0.1.0,1
2026-04-21,/railyard/maps/sejong-4/changelog/0.1.1,1
2026-04-21,/railyard/maps/seoul-3,1
2026-04-21,/railyard/maps/seoul-4,1
2026-04-21,/railyard/maps/seoul-4/changelog/0.1.1,1
2026-04-21,/railyard/maps/singapore-val,4
2026-04-21,/railyard/maps/tampa-bay/changelog/1.1.0,1
2026-04-21,/railyard/maps/tel-aviv,1
2026-04-21,/railyard/maps/toronto,1
2026-04-21,/railyard/maps/trondheim-val,4
2026-04-21,/railyard/maps/turin/changelog/1.0.0,3
2026-04-21,/railyard/maps/ulsan-4,2
2026-04-21,/railyard/maps/warsaw-val,1
2026-04-21,/railyard/maps/willamette-valley,2
2026-04-21,/railyard/maps/willamette-valley/changelog/1.0.0,1
2026-04-21,/railyard/maps/wilmington-nc/changelog/1.0.0,1
2026-04-21,/railyard/maps/yukina-fukuoka,1
2026-04-21,/railyard/maps/yukina-hakodate,2
2026-04-21,/railyard/maps/yukina-hakodate/changelog/0.4.0,1
2026-04-21,/railyard/maps/yukina-hiroshima-kure,2
2026-04-21,/railyard/maps/yukina-kagoshima-kirishima,2
2026-04-21,/railyard/maps/yukina-kagoshima-kirishima/changelog/0.2.0,1
2026-04-21,/railyard/maps/yukina-kagoshima-kirishima/changelog/0.3.0,1
2026-04-21,/railyard/maps/yukina-kitakyushu-shimonoseki,2
2026-04-21,/railyard/maps/yukina-kitakyushu-shimonoseki/changelog/0.2.0,1
2026-04-21,/railyard/maps/yukina-kobe-akashi,3
2026-04-21,/railyard/maps/yukina-kochi,2
2026-04-21,/railyard/maps/yukina-kochi/changelog/0.5.0,1
2026-04-21,/railyard/maps/yukina-kyoto,1
2026-04-21,/railyard/maps/yukina-kyoto/changelog/0.5.0,1
2026-04-21,/railyard/maps/yukina-matsuyama,1
2026-04-21,/railyard/maps/yukina-morioka,1
2026-04-21,/railyard/maps/yukina-nagasaki,2
2026-04-21,/railyard/maps/yukina-nagoya,3
2026-04-21,/railyard/maps/yukina-nagoya/changelog/0.1.4,1
2026-04-21,/railyard/maps/yukina-nakadoori,1
2026-04-21,/railyard/maps/yukina-nakadoori/changelog/0.1.1,1
2026-04-21,/railyard/maps/yukina-nakaumi,2
2026-04-21,/railyard/maps/yukina-nakaumi/changelog/0.2.0,1
2026-04-21,/railyard/maps/yukina-nemuro,1
2026-04-21,/railyard/maps/yukina-nemuro/changelog/0.1.0,1
2026-04-21,/railyard/maps/yukina-niigata,2
2026-04-21,/railyard/maps/yukina-northern-kyushu,1
2026-04-21,/railyard/maps/yukina-okayama,3
2026-04-21,/railyard/maps/yukina-okinawa,3
2026-04-21,/railyard/maps/yukina-okinawa/changelog/0.5.0,1
2026-04-21,/railyard/maps/yukina-osaka,2
2026-04-21,/railyard/maps/yukina-sapporo-chitose,2
2026-04-21,/railyard/maps/yukina-sapporo-chitose/changelog/0.4.0,1
2026-04-21,/railyard/maps/yukina-sapporo-chitose/changelog/0.5.0,1
2026-04-21,/railyard/maps/yukina-sendai,2
2026-04-21,/railyard/maps/yukina-takamatsu,2
2026-04-21,/railyard/maps/yukina-tottori,1
2026-04-21,/railyard/maps/yukina-toyama,1
2026-04-21,/railyard/maps/yukina-toyama/changelog/0.1.0,1
2026-04-21,/railyard/maps/yukina-wakkanai,1
2026-04-21,/railyard/maps/yukina-wakkanai/changelog/0.1.0,1
2026-04-21,/railyard/maps/yukina-yamagata,2
2026-04-21,/railyard/maps/zurich/changelog/v1.0.0,1
2026-04-21,/railyard/mods/advanced-analytics,4
2026-04-21,/railyard/mods/advanced-analytics/changelog/v1.2.8,1
2026-04-21,/railyard/mods/cinematic-camera,2
2026-04-21,/railyard/mods/cinematic-camera/changelog/v1.2.1,1
2026-04-21,/railyard/mods/citymapper,2
2026-04-21,/railyard/mods/citymapper/changelog/v0.2.1,1
2026-04-21,/railyard/mods/danield1909-dantrains,1
2026-04-21,/railyard/mods/danield1909-dantrains/changelog/v1.0.0,2
2026-04-21,/railyard/mods/distance-circles,5
2026-04-21,/railyard/mods/game-speedup,3
2026-04-21,/railyard/mods/game-speedup/changelog/v0.1.0,1
2026-04-21,/railyard/mods/kr-ktp,19
2026-04-21,/railyard/mods/network-status,2
2026-04-21,/railyard/mods/simple-trains,3
2026-04-21,/railyard/mods/station-dots,1
2026-04-21,/railyard/mods/subwaybuilder-regions,1
2026-04-21,/railyard/mods/subwaybuilder-regions/changelog/v0.4.7,1
2026-04-21,/railyard/mods/tathan-casino,1
2026-04-21,/railyard/mods/tathan-casino/changelog/v0.1.7,1
2026-04-21,/railyard/mods/test-mod-vulnscan,1
2026-04-21,/railyard/mods/transit-overlay,3
2026-04-21,/railyard/mods/transit-overlay/changelog/1.5.0,1
2026-04-21,/railyard/mods/valdotoriums-trains,3
2026-04-21,/railyard/mods/valdotoriums-trains/changelog/v0.1.7,1
2026-04-21,/railyard/updates,4
2026-04-21,/railyard/updates/v0.2.0,1
2026-04-21,/railyard/updates/v0.2.1,1
2026-04-21,/railyard/updates/v0.2.2,3
2026-04-21,/registry,6
2026-04-21,/registry/author/Valdotorium,1
2026-04-21,/registry/author/ahkimn,1
2026-04-21,/registry/authors/BarKuperman,1
2026-04-21,/registry/authors/Bobby-047,1
2026-04-21,/registry/authors/DanielD1909,1
2026-04-21,/registry/authors/Gio1112,1
2026-04-21,/registry/authors/Phineapoo,1
2026-04-21,/registry/authors/TransitCore,1
2026-04-21,/registry/authors/Valdotorium,1
2026-04-21,/registry/authors/ahkimn,1
2026-04-21,/registry/authors/crumpetime,1
2026-04-21,/registry/authors/kimth9,1
2026-04-21,/registry/authors/soccerjonj,1
2026-04-21,/registry/authors/stefanorigano,1
2026-04-21,/registry/map/yukina-fukuoka,1
2026-04-21,/registry/map/yukina-hakodate,1
2026-04-21,/registry/map/yukina-hiroshima-kure,1
2026-04-21,/registry/map/yukina-kagoshima-kirishima,1
2026-04-21,/registry/map/yukina-kitakyushu-shimonoseki,2
2026-04-21,/registry/map/yukina-kobe-akashi,1
2026-04-21,/registry/map/yukina-kochi,1
2026-04-21,/registry/map/yukina-kyoto,1
2026-04-21,/registry/map/yukina-matsuyama,1
2026-04-21,/registry/map/yukina-nagasaki,1
2026-04-21,/registry/map/yukina-nagoya,1
2026-04-21,/registry/map/yukina-nakaumi,1
2026-04-21,/registry/map/yukina-niigata,1
2026-04-21,/registry/map/yukina-okinawa,1
2026-04-21,/registry/map/yukina-osaka,1
2026-04-21,/registry/map/yukina-sapporo-chitose,1
2026-04-21,/registry/map/yukina-sendai,1
2026-04-21,/registry/map/yukina-takamatsu,1
2026-04-21,/registry/map/yukina-toyama,1
2026-04-21,/registry/map/yukina-yamagata,1
2026-04-21,/registry/maps/akron-oh,1
2026-04-21,/registry/maps/buffalo-ny,1
2026-04-21,/registry/maps/catania,1
2026-04-21,/registry/maps/charleston-huntington-wv,1
2026-04-21,/registry/maps/ciudad-de-mexico,1
2026-04-21,/registry/maps/florence,1
2026-04-21,/registry/maps/glasgow-edinburgh,5
2026-04-21,/registry/maps/ipoh,2
2026-04-21,/registry/maps/jelegend-tokyo,3
2026-04-21,/registry/maps/johor-bahru,1
2026-04-21,/registry/maps/madrid,1
2026-04-21,/registry/maps/mfn-hong-kong,2
2026-04-21,/registry/maps/montreal,3
2026-04-21,/registry/maps/puebla,1
2026-04-21,/registry/maps/pulau-pinang,1
2026-04-21,/registry/maps/rome,1
2026-04-21,/registry/maps/seoul-4,2
2026-04-21,/registry/maps/south-florida,4
2026-04-21,/registry/maps/sydney,4
2026-04-21,/registry/maps/toledo-oh,1
2026-04-21,/registry/maps/yukina-tottori,1
2026-04-21,/registry/maps/zurich,1
2026-04-21,/registry/mod/advanced-analytics,1
2026-04-21,/registry/mods/advanced-analytics,1
2026-04-21,/registry/mods/citymapper,2
2026-04-21,/registry/mods/danield1909-dantrains,2
2026-04-21,/registry/mods/distance-circles,1
2026-04-21,/registry/mods/game-speedup,3
2026-04-21,/registry/mods/network-status,3
2026-04-21,/registry/mods/simple-trains,2
2026-04-21,/registry/mods/subwaybuilder-regions,2
2026-04-21,/registry/mods/transit-overlay,3
2026-04-21,/registry/mods/valdotoriums-trains,4
2026-04-21,/registry/trending,4
2026-04-21,/registry/world-map,6
2026-04-21,/template-mod,5
2026-04-21,/template-mod/docs,2
2026-04-21,/template-mod/docs/v1.0/common-patterns,2
2026-04-21,/template-mod/updates,2
2026-04-21,/tools/md-playground,1
2026-04-21,/updates,1
2026-04-21,/updates/railyard,1
2026-04-21,/updates/railyard/v0.1.0,1
2026-04-21,/updates/railyard/v0.1.5,3
2026-04-21,/updates/railyard/v0.2.0,1
2026-04-21,/updates/railyard/v0.2.1,2
2026-04-21,/updates/railyard/v0.2.2,7
2026-04-21,/website,2
2026-04-21,/website/updates,1
2026-04-21,/website/updates/v1.0.2,1
2026-04-21,/website/updates/v1.0.3,1
2026-04-22,/,158
2026-04-22,/contribute,2
2026-04-22,/credits,8
2026-04-22,/docs,2
2026-04-22,/license,3
2026-04-22,/railyard,80
2026-04-22,/railyard/analytics,2
2026-04-22,/railyard/browse,29
2026-04-22,/railyard/docs,10
2026-04-22,/railyard/docs/latest/players/github-token,3
2026-04-22,/railyard/docs/v0.1/developers/data-quality,2
2026-04-22,/railyard/docs/v0.1/developers/publishing-projects,1
2026-04-22,/railyard/docs/v0.1/players,2
2026-04-22,/railyard/docs/v0.1/players/github-token,3
2026-04-22,/railyard/docs/v0.1/players/install-guide-macos,1
2026-04-22,/railyard/docs/v0.1/players/install-guide-windows,1
2026-04-22,/railyard/docs/v0.2/developers,1
2026-04-22,/railyard/docs/v0.2/developers/publishing-projects,1
2026-04-22,/railyard/docs/v0.2/developers/tagging,5
2026-04-22,/railyard/docs/v0.2/players,8
2026-04-22,/railyard/docs/v0.2/players/country-flag-emojis,1
2026-04-22,/railyard/docs/v0.2/players/github-token,14
2026-04-22,/railyard/docs/v0.2/players/importing-custom-assets,2
2026-04-22,/railyard/docs/v0.2/players/installing-railyard,2
2026-04-22,/railyard/docs/v0.2/players/installing-railyard/linux,1
2026-04-22,/railyard/docs/v0.2/players/installing-railyard/macos,2
2026-04-22,/railyard/docs/v0.2/players/installing-railyard/windows,5
2026-04-22,/railyard/docs/v0.2/players/profile-management,2
2026-04-22,/railyard/maps/akron-oh,1
2026-04-22,/railyard/maps/albany,1
2026-04-22,/railyard/maps/albany/changelog/1.0.0,1
2026-04-22,/railyard/maps/amsterdam,2
2026-04-22,/railyard/maps/amsterdam/changelog/1.0.0,2
2026-04-22,/railyard/maps/baltimore-dc-corridor,1
2026-04-22,/railyard/maps/barcelona,2
2026-04-22,/railyard/maps/bilbao/changelog/1.0.0,1
2026-04-22,/railyard/maps/bucharest-medium,1
2026-04-22,/railyard/maps/buffalo-ny/changelog/1.0.0,1
2026-04-22,/railyard/maps/cairo/changelog/2.0.0,1
2026-04-22,/railyard/maps/cairo/changelog/2.0.1,1
2026-04-22,/railyard/maps/charleston-huntington-wv/changelog/1.0.0,1
2026-04-22,/railyard/maps/daegu-3,1
2026-04-22,/railyard/maps/daegu-3/changelog/0.1.1,1
2026-04-22,/railyard/maps/daegu-4,1
2026-04-22,/railyard/maps/daejeon-3,2
2026-04-22,/railyard/maps/dubai,1
2026-04-22,/railyard/maps/dublin,2
2026-04-22,/railyard/maps/florence,2
2026-04-22,/railyard/maps/garda-lake,1
2026-04-22,/railyard/maps/greater-baltimore,1
2026-04-22,/railyard/maps/greater-los-angeles,1
2026-04-22,/railyard/maps/greatertwincities/changelog/v1.0.0,1
2026-04-22,/railyard/maps/guadalajara/changelog/1.0.1,1
2026-04-22,/railyard/maps/gwangju-4,1
2026-04-22,/railyard/maps/incheon-3/changelog/0.1.1,1
2026-04-22,/railyard/maps/incheon-4,1
2026-04-22,/railyard/maps/incheon-4/changelog/0.1.1,1
2026-04-22,/railyard/maps/jeju-4/changelog/0.1.1,1
2026-04-22,/railyard/maps/jeju-f/changelog/0.1.0,1
2026-04-22,/railyard/maps/jelegend-tokyo,2
2026-04-22,/railyard/maps/jerusalem,2
2026-04-22,/railyard/maps/johor-bahru,1
2026-04-22,/railyard/maps/mfn-hong-kong,1
2026-04-22,/railyard/maps/mfn-lasvegas,1
2026-04-22,/railyard/maps/milan,2
2026-04-22,/railyard/maps/monterrey/changelog/1.0.0,1
2026-04-22,/railyard/maps/naples,5
2026-04-22,/railyard/maps/naples/changelog/1.0.0,2
2026-04-22,/railyard/maps/orlando,1
2026-04-22,/railyard/maps/ottawa/changelog/1.1.3,1
2026-04-22,/railyard/maps/palermo,2
2026-04-22,/railyard/maps/piedmont-triad,1
2026-04-22,/railyard/maps/puebla,2
2026-04-22,/railyard/maps/pulau-pinang,1
2026-04-22,/railyard/maps/pyongyang-nk,2
2026-04-22,/railyard/maps/quebec-city/changelog/1.1.3,1
2026-04-22,/railyard/maps/richmond/changelog/1.1.0,1
2026-04-22,/railyard/maps/rome,4
2026-04-22,/railyard/maps/san-juan,2
2026-04-22,/railyard/maps/san-juan/changelog/1.0.0,1
2026-04-22,/railyard/maps/sejong-4,1
2026-04-22,/railyard/maps/seoul-3,1
2026-04-22,/railyard/maps/seoul-4,1
2026-04-22,/railyard/maps/spokane/changelog/2.1.0,1
2026-04-22,/railyard/maps/spokane/changelog/2.2.0,1
2026-04-22,/railyard/maps/tel-aviv,1
2026-04-22,/railyard/maps/toledo-oh,1
2026-04-22,/railyard/maps/toronto/changelog/1.0.1,1
2026-04-22,/railyard/maps/ulsan-3,1
2026-04-22,/railyard/maps/yukina-hakodate,1
2026-04-22,/railyard/maps/yukina-kagoshima-kirishima,1
2026-04-22,/railyard/maps/yukina-kitakyushu-shimonoseki/changelog/0.4.0,1
2026-04-22,/railyard/maps/yukina-matsuyama,1
2026-04-22,/railyard/maps/yukina-nakaumi/changelog/0.2.0,1
2026-04-22,/railyard/maps/yukina-okayama,1
2026-04-22,/railyard/maps/yukina-osaka/changelog/0.1.3,1
2026-04-22,/railyard/maps/yukina-takamatsu/changelog/0.1.0,1
2026-04-22,/railyard/maps/yukina-yamagata/changelog/0.2.0,1
2026-04-22,/railyard/mods,4
2026-04-22,/railyard/mods/advanced-analytics,6
2026-04-22,/railyard/mods/advanced-analytics/changelog/v1.1.0,1
2026-04-22,/railyard/mods/advanced-analytics/changelog/v1.2.5,1
2026-04-22,/railyard/mods/advanced-analytics/changelog/v1.2.7,1
2026-04-22,/railyard/mods/advanced-analytics/changelog/v1.3.0,1
2026-04-22,/railyard/mods/advanced-analytics/changelog/v1.4.0,1
2026-04-22,/railyard/mods/advanced-analytics/changelog/v1.4.1,1
2026-04-22,/railyard/mods/advanced-analytics/changelog/v1.4.2,1
2026-04-22,/railyard/mods/advanced-analytics/changelog/v1.4.5,1
2026-04-22,/railyard/mods/advanced-analytics/changelog/v1.4.7,4
2026-04-22,/railyard/mods/any-money,1
2026-04-22,/railyard/mods/cinematic-camera/changelog/v1.0.0,1
2026-04-22,/railyard/mods/citymapper,1
2026-04-22,/railyard/mods/dep-test-mod/changelog/0.1.3,1
2026-04-22,/railyard/mods/distance-circles,3
2026-04-22,/railyard/mods/game-speedup,1
2026-04-22,/railyard/mods/kr-ktp,12
2026-04-22,/railyard/mods/network-status,4
2026-04-22,/railyard/mods/simple-trains,10
2026-04-22,/railyard/mods/station-dots/changelog/v1.0.0,1
2026-04-22,/railyard/mods/subwaybuilder-regions/changelog/v0.4.6,1
2026-04-22,/railyard/mods/subwaybuilder-regions/changelog/v0.4.7,1
2026-04-22,/railyard/mods/transit-overlay,2
2026-04-22,/railyard/mods/valdotoriums-trains,2
2026-04-22,/railyard/updates,7
2026-04-22,/railyard/updates/v0.1.5,4
2026-04-22,/railyard/updates/v0.2.0,2
2026-04-22,/railyard/updates/v0.2.1,2
2026-04-22,/registry,12
2026-04-22,/registry/authors/BarKuperman,1
2026-04-22,/registry/authors/Maximilian284,2
2026-04-22,/registry/authors/TathanDev,1
2026-04-22,/registry/authors/TransitCore,1
2026-04-22,/registry/authors/Valdotorium,1
2026-04-22,/registry/authors/crumpetime,1
2026-04-22,/registry/authors/jelegend,1
2026-04-22,/registry/authors/kimth9,1
2026-04-22,/registry/authors/soccerjonj,2
2026-04-22,/registry/maps/bangkok,1
2026-04-22,/registry/maps/berlin-val,3
2026-04-22,/registry/maps/garda-lake,2
2026-04-22,/registry/maps/glasgow-edinburgh,1
2026-04-22,/registry/maps/greatertwincities,1
2026-04-22,/registry/maps/ipoh,1
2026-04-22,/registry/maps/jelegend-tokyo,3
2026-04-22,/registry/maps/jerusalem,1
2026-04-22,/registry/maps/los-angeles-county,1
2026-04-22,/registry/maps/madrid,3
2026-04-22,/registry/maps/mfn-hamptonroads,1
2026-04-22,/registry/maps/mfn-hong-kong,1
2026-04-22,/registry/maps/mfn-lasvegas,1
2026-04-22,/registry/maps/mfn-madisonwi,1
2026-04-22,/registry/maps/mfn-northwestar,1
2026-04-22,/registry/maps/mfn-rdu,1
2026-04-22,/registry/maps/montreal,1
2026-04-22,/registry/maps/singapore-val,2
2026-04-22,/registry/maps/tel-aviv,1
2026-04-22,/registry/maps/trondheim-val,1
2026-04-22,/registry/maps/warsaw-val,1
2026-04-22,/registry/maps/yukina-asahikawa,1
2026-04-22,/registry/maps/yukina-fukuoka,1
2026-04-22,/registry/maps/yukina-hakodate,1
2026-04-22,/registry/maps/yukina-hiroshima-kure,1
2026-04-22,/registry/maps/yukina-kagoshima-kirishima,2
2026-04-22,/registry/maps/yukina-kitakyushu-shimonoseki,1
2026-04-22,/registry/maps/yukina-kobe-akashi,1
2026-04-22,/registry/maps/yukina-kochi,1
2026-04-22,/registry/maps/yukina-kumamoto,1
2026-04-22,/registry/maps/yukina-kyoto,1
2026-04-22,/registry/maps/yukina-matsuyama,1
2026-04-22,/registry/maps/yukina-morioka,1
2026-04-22,/registry/maps/yukina-nagasaki,1
2026-04-22,/registry/maps/yukina-nagoya,1
2026-04-22,/registry/maps/yukina-nakadoori,1
2026-04-22,/registry/maps/yukina-nakaumi,2
2026-04-22,/registry/maps/yukina-niigata,1
2026-04-22,/registry/maps/yukina-northern-kyushu,1
2026-04-22,/registry/maps/yukina-okayama,1
2026-04-22,/registry/maps/yukina-okinawa,1
2026-04-22,/registry/maps/yukina-osaka,1
2026-04-22,/registry/maps/yukina-sapporo-chitose,2
2026-04-22,/registry/maps/yukina-sendai,1
2026-04-22,/registry/maps/yukina-shizuoka-hamamatsu,1
2026-04-22,/registry/maps/yukina-takamatsu,1
2026-04-22,/registry/maps/yukina-tottori,1
2026-04-22,/registry/maps/yukina-toyama,1
2026-04-22,/registry/maps/yukina-tsugaru,1
2026-04-22,/registry/maps/yukina-yamagata,1
2026-04-22,/registry/maps/zurich,1
2026-04-22,/registry/mods/advanced-analytics,6
2026-04-22,/registry/mods/any-money,1
2026-04-22,/registry/mods/cinematic-camera,1
2026-04-22,/registry/mods/game-speedup,1
2026-04-22,/registry/mods/kr-ktp,2
2026-04-22,/registry/mods/network-status,1
2026-04-22,/registry/mods/station-dots,1
2026-04-22,/registry/mods/tathan-casino,1
2026-04-22,/registry/mods/transit-overlay,1
2026-04-22,/registry/trending,5
2026-04-22,/registry/world-map,3
2026-04-22,/template-mod,6
2026-04-22,/template-mod/docs,6
2026-04-22,/template-mod/docs/v1.0/common-patterns,1
2026-04-22,/template-mod/docs/v1.0/debugging,3
2026-04-22,/template-mod/docs/v1.0/getting-started,6
2026-04-22,/template-mod/docs/v1.0/project-structure,1
2026-04-22,/template-mod/updates,3
2026-04-22,/tools/md-playground,4
2026-04-22,/updates/railyard/v0.1.0,2
2026-04-22,/updates/railyard/v0.1.2,1
2026-04-22,/updates/railyard/v0.2.2,6
2026-04-22,/updates/template-mod/v1.0.0,1
2026-04-22,/updates/template-mod/v1.0.1,1
2026-04-22,/website,4
2026-04-22,/website/updates,2
2026-04-22,/website/updates/v1.0.3,1
2026-04-23,/,228
2026-04-23,/contribute,2
2026-04-23,/credits,8
2026-04-23,/license,2
2026-04-23,/railyard,149
2026-04-23,/railyard/analytics,6
2026-04-23,/railyard/browse,25
2026-04-23,/railyard/docs,8
2026-04-23,/railyard/docs/latest/players/github-token,5
2026-04-23,/railyard/docs/latest/players/installing-railyard,1
2026-04-23,/railyard/docs/v0.1/developers,1
2026-04-23,/railyard/docs/v0.1/players,1
2026-04-23,/railyard/docs/v0.1/players/github-token,1
2026-04-23,/railyard/docs/v0.1/players/install-guide-windows,1
2026-04-23,/railyard/docs/v0.2,1
2026-04-23,/railyard/docs/v0.2/developers,1
2026-04-23,/railyard/docs/v0.2/developers/publishing-projects,4
2026-04-23,/railyard/docs/v0.2/players,4
2026-04-23,/railyard/docs/v0.2/players/country-flag-emojis,2
2026-04-23,/railyard/docs/v0.2/players/github-token,5
2026-04-23,/railyard/docs/v0.2/players/installing-railyard,1
2026-04-23,/railyard/docs/v0.2/players/installing-railyard/macos,2
2026-04-23,/railyard/docs/v0.2/players/installing-railyard/windows,4
2026-04-23,/railyard/docs/v0.2/players/profile-management,1
2026-04-23,/railyard/maps,1
2026-04-23,/railyard/maps/albany,1
2026-04-23,/railyard/maps/berlin-val,3
2026-04-23,/railyard/maps/berlin-val/changelog/1.0.0,1
2026-04-23,/railyard/maps/bologna,1
2026-04-23,/railyard/maps/cairo,1
2026-04-23,/railyard/maps/daegu-3,1
2026-04-23,/railyard/maps/garda-lake/changelog/1.0.0,1
2026-04-23,/railyard/maps/greater-baltimore,1
2026-04-23,/railyard/maps/greater-kuala-lumpur,2
2026-04-23,/railyard/maps/greater-los-angeles,1
2026-04-23,/railyard/maps/gwangju-3/changelog/0.1.1,1
2026-04-23,/railyard/maps/helsinki,1
2026-04-23,/railyard/maps/incheon-3/changelog/0.1.1,1
2026-04-23,/railyard/maps/johor-bahru,5
2026-04-23,/railyard/maps/mfn-madisonwi,4
2026-04-23,/railyard/maps/monterrey/changelog/1.1.1,2
2026-04-23,/railyard/maps/oklahoma-city/changelog/1.0.0,1
2026-04-23,/railyard/maps/rome,1
2026-04-23,/railyard/maps/rotterdam-the-hague,4
2026-04-23,/railyard/maps/south-florida,4
2026-04-23,/railyard/maps/spokane/changelog/2.2.0,1
2026-04-23,/railyard/maps/toledo-oh/changelog/1.0.0,1
2026-04-23,/railyard/maps/valencia/changelog/1.0.0,1
2026-04-23,/railyard/maps/yukina-fukuoka,7
2026-04-23,/railyard/maps/yukina-kitakyushu-shimonoseki,1
2026-04-23,/railyard/maps/yukina-kumamoto,1
2026-04-23,/railyard/maps/yukina-kyoto,1
2026-04-23,/railyard/maps/yukina-morioka,1
2026-04-23,/railyard/maps/yukina-nakaumi/changelog/0.1.0,1
2026-04-23,/railyard/maps/yukina-nemuro,2
2026-04-23,/railyard/maps/yukina-shizuoka-hamamatsu,1
2026-04-23,/railyard/maps/yukina-wakkanai,1
2026-04-23,/railyard/mods,3
2026-04-23,/railyard/mods/advanced-analytics,2
2026-04-23,/railyard/mods/advanced-analytics/changelog/v1.4.0,2
2026-04-23,/railyard/mods/advanced-analytics/changelog/v1.4.1,2
2026-04-23,/railyard/mods/advanced-analytics/changelog/v1.4.2,1
2026-04-23,/railyard/mods/cinematic-camera,1
2026-04-23,/railyard/mods/citymapper,2
2026-04-23,/railyard/mods/danield1909-dantrains,3
2026-04-23,/railyard/mods/danield1909-dantrains/changelog/v1.0.0,1
2026-04-23,/railyard/mods/distance-circles,1
2026-04-23,/railyard/mods/game-speedup,2
2026-04-23,/railyard/mods/kr-ktp,3
2026-04-23,/railyard/mods/network-status,8
2026-04-23,/railyard/mods/simple-trains,4
2026-04-23,/railyard/mods/station-dots,1
2026-04-23,/railyard/mods/subwaybuilder-regions,4
2026-04-23,/railyard/mods/tathan-casino,1
2026-04-23,/railyard/mods/transit-overlay,3
2026-04-23,/railyard/mods/valdotoriums-trains,3
2026-04-23,/railyard/updates,4
2026-04-23,/railyard/updates/v0.1.0,2
2026-04-23,/railyard/updates/v0.1.1,2
2026-04-23,/railyard/updates/v0.1.2,2
2026-04-23,/railyard/updates/v0.1.3,2
2026-04-23,/railyard/updates/v0.1.4,3
2026-04-23,/railyard/updates/v0.1.5,1
2026-04-23,/railyard/updates/v0.1.6,3
2026-04-23,/railyard/updates/v0.2.0,2
2026-04-23,/railyard/updates/v0.2.1,1
2026-04-23,/railyard/updates/v0.2.2,2
2026-04-23,/registry,12
2026-04-23,/registry/authors/BarKuperman,2
2026-04-23,/registry/authors/Bobby-047,1
2026-04-23,/registry/authors/DanielD1909,1
2026-04-23,/registry/authors/Gio1112,1
2026-04-23,/registry/authors/Maximilian284,1
2026-04-23,/registry/authors/Valdotorium,3
2026-04-23,/registry/authors/ahkimn,1
2026-04-23,/registry/authors/crumpetime,2
2026-04-23,/registry/authors/nzh0172,2
2026-04-23,/registry/authors/stefanorigano,1
2026-04-23,/registry/map/greater-kuala-lumpur,1
2026-04-23,/registry/map/jerusalem,1
2026-04-23,/registry/map/mfn-hamptonroads,1
2026-04-23,/registry/map/mfn-hong-kong,1
2026-04-23,/registry/map/mfn-lasvegas,1
2026-04-23,/registry/map/mfn-madisonwi,1
2026-04-23,/registry/map/mfn-northwestar,1
2026-04-23,/registry/map/tel-aviv,1
2026-04-23,/registry/maps/bangkok,3
2026-04-23,/registry/maps/bucharest-medium,1
2026-04-23,/registry/maps/ciudad-de-mexico,1
2026-04-23,/registry/maps/ipoh,1
2026-04-23,/registry/maps/los-angeles-county,1
2026-04-23,/registry/maps/louisville,1
2026-04-23,/registry/maps/mfn-hong-kong,1
2026-04-23,/registry/maps/yukina-nagoya,1
2026-04-23,/registry/maps/yukina-osaka,4
2026-04-23,/registry/maps/zurich,1
2026-04-23,/registry/mods/advanced-analytics,6
2026-04-23,/registry/mods/any-money,1
2026-04-23,/registry/mods/citymapper,2
2026-04-23,/registry/mods/danield1909-dantrains,1
2026-04-23,/registry/mods/distance-circles,3
2026-04-23,/registry/mods/game-speedup,1
2026-04-23,/registry/mods/kr-ktp,1
2026-04-23,/registry/mods/network-status,4
2026-04-23,/registry/mods/simple-trains,1
2026-04-23,/registry/mods/subwaybuilder-regions,1
2026-04-23,/registry/mods/transit-overlay,5
2026-04-23,/registry/mods/valdotoriums-trains,1
2026-04-23,/registry/trending,2
2026-04-23,/registry/world-map,5
2026-04-23,/template-mod,3
2026-04-23,/template-mod/docs,4
2026-04-23,/template-mod/docs/v1.0/common-patterns,2
2026-04-23,/template-mod/docs/v1.0/debugging,2
2026-04-23,/template-mod/docs/v1.0/getting-started,3
2026-04-23,/template-mod/docs/v1.0/project-structure,1
2026-04-23,/template-mod/docs/v1.0/react-components,3
2026-04-23,/template-mod/docs/v1.0/type-reference,1
2026-04-23,/template-mod/updates,4
2026-04-23,/template-mod/updates/v1.0.0,1
2026-04-23,/template-mod/updates/v1.0.1,3
2026-04-23,/tools/md-playground,3
2026-04-23,/updates,1
2026-04-23,/updates/railyard/v0.2.2,4
2026-04-23,/updates/template-mod,1
2026-04-23,/website,3
2026-04-23,/website/updates/v1.0.0,1
2026-04-23,/website/updates/v1.0.1,2
2026-04-23,/website/updates/v1.0.2,1
2026-04-23,/website/updates/v1.0.3,1
2026-04-25,/,37
2026-04-25,/railyard,11
2026-04-25,/railyard/docs,2
2026-04-25,/railyard/docs/latest/players/github-token,25
2026-04-25,/railyard/docs/v0.1/players/install-guide-windows,1
2026-04-25,/railyard/docs/v0.2/players/github-token,3
2026-04-25,/railyard/docs/v0.2/players/installing-railyard/windows,1
2026-04-25,/railyard/maps/gwangju-4/changelog/0.1.0,1
2026-04-25,/railyard/maps/mfn-hamptonroads,2
2026-04-25,/railyard/maps/singapore-val,1
2026-04-25,/railyard/maps/yukina-cz-praha,1
2026-04-25,/railyard/mods/cinematic-camera,1
2026-04-25,/railyard/mods/danield1909-dantrains/changelog/v1.0.0,1
2026-04-25,/railyard/mods/station-dots/changelog/v1.2.0,1
2026-04-25,/railyard/mods/subwaybuilder-regions/changelog/v0.4.7,1
2026-04-25,/railyard/updates,1
2026-04-25,/registry/maps/yukina-hakodate,1
2026-04-25,/registry/maps/yukina-osaka,1
2026-04-25,/registry/maps/yukina-shizuoka-hamamatsu,1
2026-04-25,/template-mod,1
2026-04-25,/website,1
2026-04-25,/website/updates,1
2026-04-26,/,36
2026-04-26,/credits,2
2026-04-26,/railyard,28
2026-04-26,/railyard/analytics,1
2026-04-26,/railyard/browse,7
2026-04-26,/railyard/docs,2
2026-04-26,/railyard/docs/latest/players/github-token,21
2026-04-26,/railyard/docs/v0.2/developers/publishing-projects,2
2026-04-26,/railyard/docs/v0.2/developers/tagging,2
2026-04-26,/railyard/docs/v0.2/players/github-token,4
2026-04-26,/railyard/maps/bangkok,1
2026-04-26,/railyard/maps/bilbao,1
2026-04-26,/railyard/maps/buffalo-ny,1
2026-04-26,/railyard/maps/gwangju-4/changelog/0.1.0,1
2026-04-26,/railyard/maps/madrid,2
2026-04-26,/railyard/maps/singapore-val,1
2026-04-26,/railyard/maps/sydney,2
2026-04-26,/railyard/mods/advanced-analytics,1
2026-04-26,/registry,1
2026-04-26,/registry/maps/jelegend-tokyo,1
2026-04-26,/registry/maps/johor-bahru,1
2026-04-26,/registry/maps/madrid,1
2026-04-26,/registry/maps/mfn-lasvegas,1
2026-04-26,/registry/maps/mfn-madisonwi,2
2026-04-26,/registry/maps/trondheim-val,1
2026-04-26,/registry/maps/yukina-kyoto,1
2026-04-26,/registry/maps/yukina-nakadoori,1
2026-04-26,/registry/maps/yukina-okinawa,1
2026-04-26,/registry/mods/advanced-analytics,2
2026-04-26,/registry/trending,3
2026-04-26,/template-mod,1
2026-04-26,/template-mod/docs/v1.0/project-structure,1
2026-04-26,/updates/railyard,1
2026-04-26,/updates/railyard/v0.2.2,2
2026-04-26,/website/updates/v1.0.0,2
2026-04-27,/,37
2026-04-27,/contribute,2
2026-04-27,/credits,5
2026-04-27,/license,1
2026-04-27,/railyard,26
2026-04-27,/railyard/analytics,1
2026-04-27,/railyard/browse,6
2026-04-27,/railyard/docs,2
2026-04-27,/railyard/docs/latest/players/github-token,17
2026-04-27,/railyard/docs/v0.2/players,2
2026-04-27,/railyard/docs/v0.2/players/github-token,2
2026-04-27,/railyard/maps/greatertwincities,1
2026-04-27,/railyard/maps/mfn-hong-kong,2
2026-04-27,/railyard/maps/yukina-fukuoka,1
2026-04-27,/railyard/maps/yukina-kumamoto,1
2026-04-27,/railyard/maps/yukina-kyoto,1
2026-04-27,/railyard/maps/yukina-nagasaki,1
2026-04-27,/railyard/maps/yukina-nakaumi,1
2026-04-27,/railyard/maps/yukina-yamagata,1
2026-04-27,/railyard/mods/citymapper,1
2026-04-27,/railyard/mods/kr-ktp,1
2026-04-27,/railyard/mods/network-status,1
2026-04-27,/railyard/mods/subwaybuilder-regions,1
2026-04-27,/railyard/updates,1
2026-04-27,/registry,2
2026-04-27,/registry/authors/Valdotorium,1
2026-04-27,/registry/map/yukina-fukuoka,1
2026-04-27,/registry/maps/yukina-nagoya,1
2026-04-27,/registry/mod/distance-circles,1
2026-04-27,/registry/mods/danield1909-dantrains,3
2026-04-27,/registry/mods/distance-circles,2
2026-04-27,/registry/mods/game-speedup,1
2026-04-27,/registry/trending,1
2026-04-27,/registry/world-map,5
2026-04-27,/template-mod,2
2026-04-27,/template-mod/docs,3
2026-04-27,/template-mod/updates,1
2026-04-27,/tools/md-playground,3
2026-04-27,/updates/railyard/v0.1.0,1
2026-04-27,/updates/railyard/v0.1.1,1
2026-04-27,/website,6
2026-04-27,/website/updates,1
2026-04-28,/,23
2026-04-28,/credits,1
2026-04-28,/docs,1
2026-04-28,/railyard,18
2026-04-28,/railyard/browse,3
2026-04-28,/railyard/docs,2
2026-04-28,/railyard/docs/latest/players/github-token,17
2026-04-28,/railyard/docs/v0.2/players,1
2026-04-28,/railyard/docs/v0.2/players/github-token,1
2026-04-28,/railyard/docs/v0.2/players/installing-railyard/macos,1
2026-04-28,/railyard/docs/v0.2/players/installing-railyard/windows,1
2026-04-28,/railyard/maps/madrid,1
2026-04-28,/railyard/maps/pyongyang-nk,2
2026-04-28,/railyard/mods/advanced-analytics,1
2026-04-28,/registry,1
2026-04-28,/registry/maps/warsaw-val,1
2026-04-28,/registry/mod/advanced-analytics,1
2026-04-28,/registry/world-map,2
2026-04-28,/template-mod,1
2026-04-28,/template-mod/docs/v1.0/getting-started,1
2026-04-28,/updates/railyard/v0.2.1,2
2026-04-28,/updates/template-mod,1
2026-04-28,/website/updates/v1.0.0,1
2026-04-29,/,58
2026-04-29,/credits,4
2026-04-29,/railyard,29
2026-04-29,/railyard/browse,15
2026-04-29,/railyard/docs,4
2026-04-29,/railyard/docs/latest/players/github-token,24
2026-04-29,/railyard/docs/v0.2/players/github-token,5
2026-04-29,/railyard/docs/v0.2/players/installing-railyard,1
2026-04-29,/railyard/docs/v0.2/players/installing-railyard/linux,1
2026-04-29,/railyard/docs/v0.2/players/installing-railyard/macos,1
2026-04-29,/railyard/docs/v0.2/players/installing-railyard/windows,1
2026-04-29,/railyard/maps/bologna,1
2026-04-29,/railyard/maps/ipoh,1
2026-04-29,/railyard/maps/jelegend-tokyo,1
2026-04-29,/railyard/maps/mfn-hong-kong,1
2026-04-29,/railyard/maps/mfn-madisonwi,1
2026-04-29,/railyard/maps/monterrey,2
2026-04-29,/railyard/maps/tampa-bay,1
2026-04-29,/railyard/maps/tel-aviv,1
2026-04-29,/railyard/maps/trondheim-val,1
2026-04-29,/railyard/maps/warsaw-val,1
2026-04-29,/railyard/maps/yukina-cz-brno,2
2026-04-29,/railyard/maps/yukina-cz-hradec-pardubice,1
2026-04-29,/railyard/maps/yukina-cz-praha,1
2026-04-29,/railyard/maps/yukina-kagoshima-kirishima,1
2026-04-29,/railyard/maps/yukina-nagoya,1
2026-04-29,/railyard/maps/yukina-nakadoori,1
2026-04-29,/railyard/maps/yukina-niigata,1
2026-04-29,/railyard/maps/yukina-okayama,1
2026-04-29,/railyard/maps/yukina-sendai,1
2026-04-29,/railyard/mods/advanced-analytics,1
2026-04-29,/railyard/mods/advanced-analytics/changelog/v1.4.0,1
2026-04-29,/railyard/mods/advanced-analytics/changelog/v1.4.2,1
2026-04-29,/railyard/mods/any-money,1
2026-04-29,/railyard/mods/game-speedup,1
2026-04-29,/railyard/updates,1
2026-04-29,/railyard/updates/v0.1.0,1
2026-04-29,/railyard/updates/v0.2.0,1
2026-04-29,/registry,1
2026-04-29,/registry/maps/edmonton,1
2026-04-29,/registry/maps/greater-los-angeles,1
2026-04-29,/registry/maps/guangzhou,3
2026-04-29,/registry/maps/ipoh,1
2026-04-29,/registry/maps/trondheim-val,1
2026-04-29,/registry/maps/yukina-northern-kyushu,1
2026-04-29,/registry/maps/yukina-osaka,1
2026-04-29,/registry/mods/advanced-analytics,2
2026-04-29,/registry/mods/transit-overlay,1
2026-04-29,/registry/trending,1
2026-04-29,/registry/world-map,1
2026-04-29,/template-mod,3
2026-04-29,/template-mod/updates,2
2026-04-30,/,43
2026-04-30,/license,1
2026-04-30,/railyard,26
2026-04-30,/railyard/browse,5
2026-04-30,/railyard/docs/latest/players/github-token,6
2026-04-30,/railyard/docs/v0.1/developers,1
2026-04-30,/railyard/docs/v0.1/players/github-token,2
2026-04-30,/railyard/docs/v0.1/players/install-guide-macos,4
2026-04-30,/railyard/docs/v0.2/players,2
2026-04-30,/railyard/docs/v0.2/players/github-token,3
2026-04-30,/railyard/docs/v0.2/players/installing-railyard/macos,1
2026-04-30,/railyard/maps,1
2026-04-30,/railyard/maps/amsterdam,1
2026-04-30,/railyard/maps/berlin-val,3
2026-04-30,/railyard/maps/oklahoma-city,1
2026-04-30,/railyard/maps/vancouver/changelog/1.1.3,3
2026-04-30,/railyard/maps/warsaw-val,3
2026-04-30,/railyard/maps/yukina-cz-ustecko-chomutov,3
2026-04-30,/railyard/mods/advanced-analytics,1
2026-04-30,/railyard/mods/danield1909-dantrains,1
2026-04-30,/railyard/mods/distance-circles,1
2026-04-30,/railyard/mods/network-status,1
2026-04-30,/railyard/mods/subwaybuilder-regions,1
2026-04-30,/registry,1
2026-04-30,/registry/authors/Valdotorium,1
2026-04-30,/registry/authors/soccerjonj,1
2026-04-30,/registry/maps/bilbao,1
2026-04-30,/registry/maps/ciudad-de-mexico,1
2026-04-30,/registry/maps/greater-kuala-lumpur,1
2026-04-30,/registry/maps/mfn-rdu,1
2026-04-30,/registry/maps/valencia,1
2026-04-30,/registry/mods/advanced-analytics,3
2026-04-30,/registry/mods/citymapper,1
2026-04-30,/registry/mods/subwaybuilder-regions,1
2026-04-30,/registry/mods/transit-overlay,1
2026-04-30,/registry/mods/valdotoriums-trains,1
2026-04-30,/registry/world-map,1
2026-04-30,/template-mod/docs,1
2026-04-30,/template-mod/docs/v1.0/project-structure,1
2026-04-30,/template-mod/docs/v1.0/react-components,1
2026-04-30,/updates,1
2026-04-30,/updates/railyard/v0.1.0,1
2026-05-01,/,50
2026-05-01,/contribute,1
2026-05-01,/credits,2
2026-05-01,/docs,1
2026-05-01,/license,1
2026-05-01,/railyard,20
2026-05-01,/railyard/analytics,3
2026-05-01,/railyard/browse,4
2026-05-01,/railyard/docs,1
2026-05-01,/railyard/docs/latest/developers/publishing-projects,2
2026-05-01,/railyard/docs/latest/players/github-token,20
2026-05-01,/railyard/docs/v0.1/players/install-guide-macos,3
2026-05-01,/railyard/docs/v0.2/developers/dependencies,1
2026-05-01,/railyard/docs/v0.2/players,3
2026-05-01,/railyard/docs/v0.2/players/country-flag-emojis,2
2026-05-01,/railyard/docs/v0.2/players/github-token,7
2026-05-01,/railyard/docs/v0.2/players/importing-custom-assets,1
2026-05-01,/railyard/docs/v0.2/players/installing-railyard/macos,1
2026-05-01,/railyard/docs/v0.2/players/profile-management,1
2026-05-01,/railyard/maps,2
2026-05-01,/railyard/maps/guangzhou,1
2026-05-01,/railyard/maps/los-angeles-county,1
2026-05-01,/railyard/maps/mfn-hong-kong/changelog/0.4.0,4
2026-05-01,/railyard/maps/riviera-romagnola,1
2026-05-01,/railyard/maps/yukina-cz-brno,1
2026-05-01,/railyard/maps/yukina-cz-praha,1
2026-05-01,/railyard/maps/yukina-cz-ustecko-chomutov,1
2026-05-01,/railyard/maps/yukina-tottori,1
2026-05-01,/railyard/mods/advanced-analytics,1
2026-05-01,/railyard/mods/any-money,1
2026-05-01,/railyard/mods/dep-test-mod,1
2026-05-01,/railyard/mods/game-speedup,1
2026-05-01,/railyard/mods/network-status,1
2026-05-01,/railyard/mods/simple-trains,1
2026-05-01,/railyard/mods/transit-overlay,1
2026-05-01,/railyard/mods/valdotoriums-trains,2
2026-05-01,/railyard/updates,7
2026-05-01,/railyard/updates/v0.1.3,1
2026-05-01,/railyard/updates/v0.1.6,1
2026-05-01,/railyard/updates/v0.2.0,2
2026-05-01,/railyard/updates/v0.2.3,1
2026-05-01,/registry/authors/nzh0172,1
2026-05-01,/registry/authors/stefanorigano,1
2026-05-01,/registry/maps/barcelona,1
2026-05-01,/registry/maps/greatertwincities,1
2026-05-01,/registry/maps/los-angeles-county,1
2026-05-01,/registry/maps/madrid,2
2026-05-01,/registry/maps/mfn-hamptonroads,1
2026-05-01,/registry/maps/mfn-hong-kong,1
2026-05-01,/registry/maps/mfn-lasvegas,1
2026-05-01,/registry/maps/mfn-northwestar,1
2026-05-01,/registry/maps/mfn-rdu,1
2026-05-01,/registry/maps/tel-aviv,1
2026-05-01,/registry/maps/warsaw-val,2
2026-05-01,/registry/maps/yukina-cz-hradec-pardubice,1
2026-05-01,/registry/maps/yukina-cz-ostrava,1
2026-05-01,/registry/maps/yukina-fukuoka,1
2026-05-01,/registry/maps/yukina-hiroshima-kure,1
2026-05-01,/registry/maps/yukina-kobe-akashi,1
2026-05-01,/registry/maps/yukina-nakadoori,1
2026-05-01,/registry/maps/yukina-nakaumi,3
2026-05-01,/registry/maps/yukina-northern-kyushu,2
2026-05-01,/registry/maps/yukina-okinawa,1
2026-05-01,/registry/maps/yukina-takamatsu,1
2026-05-01,/registry/maps/yukina-tottori,1
2026-05-01,/registry/mod/simple-trains,1
2026-05-01,/registry/mods/advanced-analytics,1
2026-05-01,/registry/mods/any-money,1
2026-05-01,/registry/mods/cinematic-camera,1
2026-05-01,/registry/mods/danield1909-dantrains,1
2026-05-01,/registry/mods/simple-trains,1
2026-05-01,/registry/mods/subwaybuilder-regions,2
2026-05-01,/registry/world-map,6
2026-05-01,/template-mod/docs/v1.0/type-reference,1
2026-05-01,/template-mod/updates,2
2026-05-01,/updates,1
2026-05-01,/updates/railyard/v0.1.0,1
2026-05-01,/updates/railyard/v0.2.2,3
2026-05-02,/,39
2026-05-02,/contribute,2
2026-05-02,/credits,1
2026-05-02,/railyard,11
2026-05-02,/railyard/browse,5
2026-05-02,/railyard/docs,3
2026-05-02,/railyard/docs/latest/developers/publishing-projects,1
2026-05-02,/railyard/docs/latest/players/github-token,7
2026-05-02,/railyard/docs/v0.1/developers/using-custom-url,1
2026-05-02,/railyard/docs/v0.1/players/github-token,1
2026-05-02,/railyard/docs/v0.1/players/install-guide-macos,2
2026-05-02,/railyard/docs/v0.1/players/install-guide-windows,1
2026-05-02,/railyard/docs/v0.2,1
2026-05-02,/railyard/docs/v0.2/developers/data-quality,1
2026-05-02,/railyard/docs/v0.2/developers/publishing-projects,1
2026-05-02,/railyard/docs/v0.2/developers/tagging,2
2026-05-02,/railyard/docs/v0.2/developers/using-custom-url,1
2026-05-02,/railyard/docs/v0.2/players/github-token,6
2026-05-02,/railyard/docs/v0.2/players/importing-custom-assets,1
2026-05-02,/railyard/docs/v0.2/players/installing-railyard,1
2026-05-02,/railyard/docs/v0.2/players/installing-railyard/macos,1
2026-05-02,/railyard/docs/v0.2/players/installing-railyard/windows,1
2026-05-02,/railyard/maps/edmonton/changelog/1.0.1,1
2026-05-02,/railyard/maps/greater-newyork,2
2026-05-02,/railyard/maps/guangzhou,2
2026-05-02,/railyard/maps/helsinki,1
2026-05-02,/railyard/maps/madrid,2
2026-05-02,/railyard/maps/mfn-hong-kong,1
2026-05-02,/railyard/maps/puerto-rico,1
2026-05-02,/railyard/maps/toronto/changelog/1.0.1,1
2026-05-02,/railyard/mods/advanced-analytics,6
2026-05-02,/railyard/mods/simple-trains,1
2026-05-02,/railyard/updates,2
2026-05-02,/railyard/updates/v0.1.4,1
2026-05-02,/railyard/updates/v0.2.0,1
2026-05-02,/registry,2
2026-05-02,/registry/authors/Gio1112,1
2026-05-02,/registry/authors/ahkimn,1
2026-05-02,/registry/authors/nzh0172,1
2026-05-02,/registry/maps/bari,2
2026-05-02,/registry/maps/berlin-val,1
2026-05-02,/registry/maps/florence,1
2026-05-02,/registry/maps/garda-lake,2
2026-05-02,/registry/maps/greater-newyork,1
2026-05-02,/registry/maps/greatertwincities,1
2026-05-02,/registry/maps/jelegend-tokyo,1
2026-05-02,/registry/maps/jerusalem,1
2026-05-02,/registry/maps/madrid,3
2026-05-02,/registry/maps/mfn-hong-kong,1
2026-05-02,/registry/maps/mfn-lasvegas,1
2026-05-02,/registry/maps/mfn-madisonwi,1
2026-05-02,/registry/maps/naples,2
2026-05-02,/registry/maps/san-antonio,4
2026-05-02,/registry/maps/singapore-val,1
2026-05-02,/registry/maps/trondheim-val,1
2026-05-02,/registry/maps/turin,1
2026-05-02,/registry/maps/yukina-asahikawa,1
2026-05-02,/registry/maps/yukina-cz-brno,1
2026-05-02,/registry/maps/yukina-cz-olomouc,1
2026-05-02,/registry/maps/yukina-cz-plzen,1
2026-05-02,/registry/maps/yukina-cz-praha,1
2026-05-02,/registry/maps/yukina-cz-ustecko-chomutov,1
2026-05-02,/registry/maps/yukina-fukuoka,2
2026-05-02,/registry/maps/yukina-hakodate,2
2026-05-02,/registry/maps/yukina-kagoshima-kirishima,1
2026-05-02,/registry/maps/yukina-kitakyushu-shimonoseki,2
2026-05-02,/registry/maps/yukina-kochi,1
2026-05-02,/registry/maps/yukina-kumamoto,2
2026-05-02,/registry/maps/yukina-kyoto,3
2026-05-02,/registry/maps/yukina-matsuyama,1
2026-05-02,/registry/maps/yukina-morioka,2
2026-05-02,/registry/maps/yukina-nagasaki,1
2026-05-02,/registry/maps/yukina-nagoya,1
2026-05-02,/registry/maps/yukina-nakadoori,1
2026-05-02,/registry/maps/yukina-niigata,1
2026-05-02,/registry/maps/yukina-okayama,2
2026-05-02,/registry/maps/yukina-okinawa,2
2026-05-02,/registry/maps/yukina-osaka,2
2026-05-02,/registry/maps/yukina-sapporo-chitose,1
2026-05-02,/registry/maps/yukina-sendai,1
2026-05-02,/registry/maps/yukina-shizuoka-hamamatsu,2
2026-05-02,/registry/maps/yukina-toyama,2
2026-05-02,/registry/maps/yukina-tsugaru,1
2026-05-02,/registry/maps/yukina-yamagata,1
2026-05-02,/registry/mods/citymapper,1
2026-05-02,/registry/mods/game-speedup,1
2026-05-02,/registry/world-map,1
2026-05-02,/template-mod,2
2026-05-02,/template-mod/docs,1
2026-05-02,/template-mod/docs/v1.0/type-reference,1
2026-05-02,/template-mod/updates/v1.0.0,1
2026-05-02,/updates/railyard,2
2026-05-02,/website,1
2026-05-02,/website/updates,2
2026-05-02,/website/updates/v1.0.3,1
2026-05-03,/,50
2026-05-03,/contribute,1
2026-05-03,/license,1
2026-05-03,/railyard,18
2026-05-03,/railyard/analytics,1
2026-05-03,/railyard/browse,9
2026-05-03,/railyard/docs,2
2026-05-03,/railyard/docs/latest/players/github-token,11
2026-05-03,/railyard/docs/v0.2/developers/dependencies,1
2026-05-03,/railyard/docs/v0.2/developers/publishing-projects,1
2026-05-03,/railyard/docs/v0.2/players,1
2026-05-03,/railyard/docs/v0.2/players/github-token,2
2026-05-03,/railyard/docs/v0.2/players/installing-railyard,1
2026-05-03,/railyard/docs/v0.2/players/installing-railyard/linux,1
2026-05-03,/railyard/docs/v0.2/players/installing-railyard/macos,2
2026-05-03,/railyard/maps/greater-newyork,4
2026-05-03,/railyard/maps/monterrey/changelog/1.1.3,1
2026-05-03,/railyard/maps/trondheim-val,1
2026-05-03,/railyard/mods/any-money,1
2026-05-03,/railyard/mods/network-status,1
2026-05-03,/railyard/mods/simple-trains,1
2026-05-03,/railyard/mods/subwaybuilder-regions,1
2026-05-03,/railyard/mods/tathan-casino,1
2026-05-03,/railyard/updates,1
2026-05-03,/railyard/updates/v0.1.1,1
2026-05-03,/registry,1
2026-05-03,/registry/maps/bangkok,1
2026-05-03,/registry/maps/greater-kuala-lumpur,1
2026-05-03,/registry/maps/greater-newyork,1
2026-05-03,/registry/maps/ipoh,1
2026-05-03,/registry/maps/johor-bahru,1
2026-05-03,/registry/maps/mfn-hamptonroads,1
2026-05-03,/registry/maps/mfn-hong-kong,1
2026-05-03,/registry/maps/mfn-lasvegas,1
2026-05-03,/registry/maps/mfn-madisonwi,1
2026-05-03,/registry/maps/mfn-northwestar,1
2026-05-03,/registry/maps/pulau-pinang,1
2026-05-03,/registry/trending,1
2026-05-03,/registry/world-map,2
2026-05-03,/template-mod/docs,1
2026-05-03,/template-mod/docs/v1.0/common-patterns,1
2026-05-03,/template-mod/docs/v1.0/getting-started,1
2026-05-03,/template-mod/docs/v1.0/project-structure,1
2026-05-03,/template-mod/docs/v1.0/react-components,1
2026-05-03,/template-mod/docs/v1.0/type-reference,1
2026-05-03,/tools/md-playground,3
2026-05-03,/website/updates,1
2026-05-04,/,33
2026-05-04,/contribute,1
2026-05-04,/credits,1
2026-05-04,/license,2
2026-05-04,/railyard,13
2026-05-04,/railyard/browse,7
2026-05-04,/railyard/docs,1
2026-05-04,/railyard/docs/latest/players/github-token,10
2026-05-04,/railyard/docs/v0.1/players/github-token,1
2026-05-04,/railyard/docs/v0.1/players/install-guide-macos,1
2026-05-04,/railyard/docs/v0.2/players/github-token,1
2026-05-04,/railyard/docs/v0.2/players/installing-railyard/linux,1
2026-05-04,/railyard/maps/berlin-val,1
2026-05-04,/railyard/maps/ciudad-de-mexico,1
2026-05-04,/railyard/maps/montreal,1
2026-05-04,/railyard/maps/oklahoma-city,1
2026-05-04,/railyard/maps/warsaw-val,1
2026-05-04,/railyard/mods/kr-ktp,1
2026-05-04,/railyard/mods/simple-trains,1
2026-05-04,/railyard/mods/subwaybuilder-regions,1
2026-05-04,/railyard/mods/subwaybuilder-regions/changelog/v0.4.7,1
2026-05-04,/railyard/mods/transit-overlay,1
2026-05-04,/railyard/mods/valdotoriums-trains,2
2026-05-04,/railyard/updates,1
2026-05-04,/railyard/updates/v0.1.0,1
2026-05-04,/railyard/updates/v0.2.3,1
2026-05-04,/registry,1
2026-05-04,/registry/authors/nzh0172,1
2026-05-04,/registry/maps/dublin,2
2026-05-04,/registry/mods/subwaybuilder-regions,1
2026-05-04,/registry/world-map,1
2026-05-04,/template-mod/docs,1
2026-05-05,/,34
2026-05-05,/contribute,1
2026-05-05,/credits,5
2026-05-05,/railyard,25
2026-05-05,/railyard/browse,3
2026-05-05,/railyard/docs,2
2026-05-05,/railyard/docs/latest/players/github-token,16
2026-05-05,/railyard/docs/v0.1/players/install-guide-linux,1
2026-05-05,/railyard/docs/v0.2/developers/dependencies,1
2026-05-05,/railyard/docs/v0.2/players/github-token,3
2026-05-05,/railyard/docs/v0.2/players/installing-railyard,1
2026-05-05,/railyard/docs/v0.2/players/profile-management,1
2026-05-05,/railyard/maps/bologna,1
2026-05-05,/railyard/maps/greater-los-angeles,1
2026-05-05,/railyard/maps/guangzhou,2
2026-05-05,/railyard/maps/milan/changelog/1.0.0,1
2026-05-05,/railyard/maps/rome,1
2026-05-05,/railyard/maps/sydney,1
2026-05-05,/railyard/maps/valencia,1
2026-05-05,/railyard/maps/yukina-cz-brno,1
2026-05-05,/railyard/maps/yukina-cz-hradec-pardubice,2
2026-05-05,/railyard/maps/yukina-cz-ustecko-chomutov,1
2026-05-05,/railyard/maps/yukina-pl-wroclaw,1
2026-05-05,/railyard/mods/advanced-analytics,1
2026-05-05,/railyard/mods/citymapper,2
2026-05-05,/railyard/mods/danield1909-dantrains,1
2026-05-05,/railyard/mods/danield1909-dantrains/changelog/v1.0.0,1
2026-05-05,/railyard/mods/network-status,1
2026-05-05,/railyard/mods/transit-overlay,1
2026-05-05,/railyard/mods/valdotoriums-trains,5
2026-05-05,/railyard/updates,1
2026-05-05,/railyard/updates/v0.1.0,1
2026-05-05,/railyard/updates/v0.1.3,1
2026-05-05,/railyard/updates/v0.1.4,1
2026-05-05,/railyard/updates/v0.2.0,1
2026-05-05,/railyard/updates/v0.2.3,1
2026-05-05,/registry,11
2026-05-05,/registry/authors/soccerjonj,1
2026-05-05,/registry/maps/bangkok,1
2026-05-05,/registry/maps/berlin-val,1
2026-05-05,/registry/maps/ciudad-de-mexico,1
2026-05-05,/registry/maps/guangzhou,3
2026-05-05,/registry/maps/jeju-3,1
2026-05-05,/registry/maps/jerusalem,1
2026-05-05,/registry/maps/johor-bahru,1
2026-05-05,/registry/maps/mfn-madisonwi,1
2026-05-05,/registry/maps/orlando,1
2026-05-05,/registry/maps/pulau-pinang,1
2026-05-05,/registry/maps/tampa-bay,1
2026-05-05,/registry/maps/tel-aviv,1
2026-05-05,/registry/maps/valencia,1
2026-05-05,/registry/maps/yukina-asahikawa,1
2026-05-05,/registry/maps/yukina-cz-brno,1
2026-05-05,/registry/maps/yukina-cz-ostrava,1
2026-05-05,/registry/maps/yukina-cz-praha,1
2026-05-05,/registry/maps/yukina-cz-ustecko-chomutov,1
2026-05-05,/registry/maps/yukina-nagoya,1
2026-05-05,/registry/maps/yukina-nakadoori,1
2026-05-05,/registry/maps/yukina-niigata,1
2026-05-05,/registry/maps/yukina-okayama,2
2026-05-05,/registry/maps/yukina-sapporo-chitose,1
2026-05-05,/registry/maps/yukina-tsugaru,1
2026-05-05,/registry/mods/advanced-analytics,1
2026-05-05,/registry/mods/danield1909-dantrains,2
2026-05-05,/registry/mods/game-speedup,2
2026-05-05,/registry/mods/simple-trains,2
2026-05-05,/registry/trending,1
2026-05-05,/template-mod/docs,1
2026-05-05,/template-mod/docs/v1.0/type-reference,1
2026-05-05,/template-mod/updates,1
2026-05-05,/website,1
2026-05-06,/,25
2026-05-06,/credits,3
2026-05-06,/railyard,18
2026-05-06,/railyard/browse,7
2026-05-06,/railyard/docs,2
2026-05-06,/railyard/docs/latest/players/github-token,7
2026-05-06,/railyard/docs/v0.1/players/install-guide-macos,2
2026-05-06,/railyard/maps/bucharest-medium,1
2026-05-06,/railyard/maps/buffalo-ny,1
2026-05-06,/railyard/maps/mfn-hamptonroads/changelog/1.4.1,1
2026-05-06,/railyard/maps/singapore-val,1
2026-05-06,/railyard/maps/sydney,1
2026-05-06,/railyard/maps/yukina-cz-ustecko-chomutov,1
2026-05-06,/railyard/mods/advanced-analytics,1
2026-05-06,/railyard/mods/cinematic-camera,1
2026-05-06,/railyard/mods/citymapper,1
2026-05-06,/railyard/mods/distance-circles,1
2026-05-06,/railyard/mods/distance-circles/changelog/0.4.0,2
2026-05-06,/railyard/mods/station-dots,2
2026-05-06,/railyard/mods/subwaybuilder-regions,1
2026-05-06,/railyard/mods/transit-overlay,1
2026-05-06,/railyard/mods/valdotoriums-trains,1
2026-05-06,/railyard/updates/v0.1.2,1
2026-05-06,/railyard/updates/v0.1.3,1
2026-05-06,/railyard/updates/v0.2.0,1
2026-05-06,/railyard/updates/v0.2.2,1
2026-05-06,/registry,6
2026-05-06,/registry/authors/BarKuperman,1
2026-05-06,/registry/authors/Bobby-047,1
2026-05-06,/registry/authors/DanielD1909,1
2026-05-06,/registry/authors/Gio1112,1
2026-05-06,/registry/authors/ahkimn,1
2026-05-06,/registry/authors/crumpetime,1
2026-05-06,/registry/authors/stefanorigano,1
2026-05-06,/registry/map/rome,1
2026-05-06,/registry/maps/berlin-val,1
2026-05-06,/registry/maps/greatertwincities,1
2026-05-06,/registry/maps/jerusalem,1
2026-05-06,/registry/maps/mfn-hamptonroads,1
2026-05-06,/registry/maps/mfn-hong-kong,1
2026-05-06,/registry/maps/mfn-lasvegas,3
2026-05-06,/registry/maps/mfn-madisonwi,1
2026-05-06,/registry/maps/mfn-northwestar,1
2026-05-06,/registry/maps/mfn-rdu,1
2026-05-06,/registry/maps/quebec-city,1
2026-05-06,/registry/maps/singapore-val,1
2026-05-06,/registry/maps/tampa-bay,3
2026-05-06,/registry/maps/tel-aviv,2
2026-05-06,/registry/maps/trondheim-val,1
2026-05-06,/registry/maps/warsaw-val,1
2026-05-06,/registry/maps/yukina-asahikawa,1
2026-05-06,/registry/maps/yukina-cz-ostrava,1
2026-05-06,/registry/maps/yukina-fukuoka,1
2026-05-06,/registry/maps/yukina-hakodate,1
2026-05-06,/registry/maps/yukina-hiroshima-kure,1
2026-05-06,/registry/maps/yukina-kagoshima-kirishima,1
2026-05-06,/registry/maps/yukina-kitakyushu-shimonoseki,1
2026-05-06,/registry/maps/yukina-kobe-akashi,1
2026-05-06,/registry/maps/yukina-kochi,1
2026-05-06,/registry/maps/yukina-kumamoto,1
2026-05-06,/registry/maps/yukina-kyoto,1
2026-05-06,/registry/maps/yukina-matsuyama,1
2026-05-06,/registry/maps/yukina-morioka,1
2026-05-06,/registry/maps/yukina-nagasaki,1
2026-05-06,/registry/maps/yukina-nagoya,1
2026-05-06,/registry/maps/yukina-nakadoori,1
2026-05-06,/registry/maps/yukina-nakaumi,1
2026-05-06,/registry/maps/yukina-niigata,1
2026-05-06,/registry/maps/yukina-northern-kyushu,1
2026-05-06,/registry/maps/yukina-okayama,1
2026-05-06,/registry/maps/yukina-okinawa,1
2026-05-06,/registry/maps/yukina-osaka,1
2026-05-06,/registry/maps/yukina-sapporo-chitose,1
2026-05-06,/registry/maps/yukina-sendai,1
2026-05-06,/registry/maps/yukina-shizuoka-hamamatsu,1
2026-05-06,/registry/maps/yukina-takamatsu,1
2026-05-06,/registry/maps/yukina-tottori,1
2026-05-06,/registry/maps/yukina-toyama,1
2026-05-06,/registry/maps/yukina-tsugaru,1
2026-05-06,/registry/maps/yukina-yamagata,1
2026-05-06,/registry/mods/advanced-analytics,1
2026-05-06,/registry/mods/danield1909-dantrains,1
2026-05-06,/registry/mods/distance-circles,1
2026-05-06,/registry/mods/game-speedup,1
2026-05-06,/registry/mods/network-status,1
2026-05-06,/registry/mods/simple-trains,1
2026-05-06,/registry/mods/valdotoriums-trains,1
2026-05-06,/registry/trending,2
2026-05-06,/registry/world-map,2
2026-05-06,/template-mod,2
2026-05-06,/template-mod/docs,1
2026-05-06,/template-mod/docs/v1.0/common-patterns,1
2026-05-06,/template-mod/docs/v1.0/debugging,2
2026-05-06,/template-mod/docs/v1.0/getting-started,1
2026-05-06,/template-mod/docs/v1.0/project-structure,1
2026-05-06,/template-mod/docs/v1.0/type-reference,1
2026-05-06,/template-mod/updates/v1.0.0,1
2026-05-06,/template-mod/updates/v1.0.1,1
2026-05-06,/website,1
2026-05-06,/website/updates/v1.0.0,1
2026-05-06,/website/updates/v1.0.1,1
2026-05-06,/website/updates/v1.0.2,1
2026-05-06,/website/updates/v1.0.3,1
2026-05-07,/,22
2026-05-07,/credits,1
2026-05-07,/license,1
2026-05-07,/railyard,10
2026-05-07,/railyard/analytics,9
2026-05-07,/railyard/browse,3
2026-05-07,/railyard/docs/latest/players/github-token,10
2026-05-07,/railyard/docs/latest/players/importing-custom-assets,1
2026-05-07,/railyard/docs/v0.1/players,1
2026-05-07,/railyard/docs/v0.2/players/github-token,1
2026-05-07,/railyard/maps/jelegend-tokyo,2
2026-05-07,/railyard/maps/oklahoma-city,1
2026-05-07,/railyard/maps/toronto,1
2026-05-07,/railyard/maps/trondheim-val,1
2026-05-07,/railyard/mods/citymapper,1
2026-05-07,/railyard/mods/danield1909-dantrains/changelog/v1.0.0,1
2026-05-07,/railyard/mods/distance-circles,1
2026-05-07,/railyard/mods/valdotoriums-trains,1
2026-05-07,/registry/map/nashville,1
2026-05-07,/registry/maps/busan-4,1
2026-05-07,/registry/maps/greater-los-angeles,1
2026-05-07,/registry/maps/montreal,1
2026-05-07,/registry/maps/singapore-val,1
2026-05-07,/registry/maps/yukina-cz-plzen,1
2026-05-07,/registry/maps/yukina-hakodate,1
2026-05-07,/registry/maps/yukina-hiroshima-kure,1
2026-05-07,/registry/world-map,1
2026-05-07,/template-mod/docs/v1.0/common-patterns,2
2026-05-07,/template-mod/docs/v1.0/debugging,6
2026-05-07,/template-mod/docs/v1.0/getting-started,2
2026-05-07,/template-mod/docs/v1.0/project-structure,1
2026-05-07,/template-mod/docs/v1.0/react-components,1
2026-05-07,/template-mod/updates/v1.0.1,1
2026-05-07,/website,1
2026-05-08,/,46
2026-05-08,/contribute,1
2026-05-08,/credits,1
2026-05-08,/railyard,29
2026-05-08,/railyard/analytics,1
2026-05-08,/railyard/browse,14
2026-05-08,/railyard/docs,3
2026-05-08,/railyard/docs/latest/developers/publishing-projects,2
2026-05-08,/railyard/docs/latest/players/github-token,14
2026-05-08,/railyard/docs/v0.1/players/install-guide-macos,1
2026-05-08,/railyard/docs/v0.2,1
2026-05-08,/railyard/docs/v0.2/developers/data-quality,1
2026-05-08,/railyard/docs/v0.2/players/github-token,2
2026-05-08,/railyard/docs/v0.2/players/installing-railyard/linux,1
2026-05-08,/railyard/docs/v0.2/players/installing-railyard/macos,2
2026-05-08,/railyard/docs/v0.2/players/installing-railyard/windows,4
2026-05-08,/railyard/maps/albany,1
2026-05-08,/railyard/maps/berlin-val,1
2026-05-08,/railyard/maps/greater-los-angeles/changelog/1.1.2,1
2026-05-08,/railyard/maps/helsinki,1
2026-05-08,/railyard/maps/jerusalem,1
2026-05-08,/railyard/maps/johor-bahru,1
2026-05-08,/railyard/maps/mfn-hamptonroads,1
2026-05-08,/railyard/maps/mfn-northwestar,1
2026-05-08,/railyard/maps/monterrey/changelog/1.1.1,1
2026-05-08,/railyard/maps/montreal,1
2026-05-08,/railyard/maps/providence/changelog/1.0.0,1
2026-05-08,/railyard/maps/shanghai,1
2026-05-08,/railyard/maps/trondheim-val,1
2026-05-08,/railyard/maps/vancouver,2
2026-05-08,/railyard/maps/warsaw-val,1
2026-05-08,/railyard/maps/yukina-cz-olomouc,1
2026-05-08,/railyard/maps/yukina-cz-ostrava,1
2026-05-08,/railyard/maps/yukina-cz-plzen,1
2026-05-08,/railyard/maps/yukina-cz-praha,1
2026-05-08,/railyard/maps/yukina-fukuoka,1
2026-05-08,/railyard/maps/yukina-hakodate,1
2026-05-08,/railyard/maps/yukina-hiroshima-kure,1
2026-05-08,/railyard/maps/yukina-kagoshima-kirishima,1
2026-05-08,/railyard/maps/yukina-kochi,1
2026-05-08,/railyard/maps/yukina-kyoto,1
2026-05-08,/railyard/maps/yukina-pl-krakow,2
2026-05-08,/railyard/maps/yukina-sapporo-chitose,1
2026-05-08,/railyard/maps/yukina-takamatsu,1
2026-05-08,/railyard/maps/yukina-tsugaru,1
2026-05-08,/railyard/mods/any-money,1
2026-05-08,/railyard/mods/citymapper,3
2026-05-08,/railyard/mods/citymapper/changelog/v0.2.0,1
2026-05-08,/railyard/mods/distance-circles/changelog/0.4.0,3
2026-05-08,/railyard/mods/game-speedup,1
2026-05-08,/railyard/mods/simple-trains,1
2026-05-08,/railyard/mods/subwaybuilder-regions,1
2026-05-08,/railyard/mods/valdotoriums-trains,3
2026-05-08,/railyard/updates,7
2026-05-08,/railyard/updates/v0.1.5,1
2026-05-08,/railyard/updates/v0.1.6,1
2026-05-08,/railyard/updates/v0.2.0,1
2026-05-08,/registry,1
2026-05-08,/registry/maps/berlin-val,1
2026-05-08,/registry/maps/daegu-4,1
2026-05-08,/registry/maps/greatertwincities,1
2026-05-08,/registry/maps/mfn-hamptonroads,1
2026-05-08,/registry/maps/warsaw-val,1
2026-05-08,/registry/maps/yukina-cz-olomouc,3
2026-05-08,/registry/maps/yukina-kagoshima-kirishima,1
2026-05-08,/registry/maps/yukina-kitakyushu-shimonoseki,1
2026-05-08,/registry/maps/yukina-nakadoori,1
2026-05-08,/registry/maps/yukina-nakaumi,1
2026-05-08,/registry/maps/yukina-northern-kyushu,1
2026-05-08,/registry/maps/yukina-pl-krakow,1
2026-05-08,/registry/maps/yukina-tottori,2
2026-05-08,/registry/mods/advanced-analytics,1
2026-05-08,/registry/mods/any-money,1
2026-05-08,/registry/mods/cinematic-camera,1
2026-05-08,/registry/mods/citymapper,1
2026-05-08,/registry/mods/simple-trains,1
2026-05-08,/template-mod,1
2026-05-08,/template-mod/docs,1
2026-05-08,/template-mod/docs/v1.0/getting-started,1
2026-05-08,/template-mod/updates,1
2026-05-08,/updates/railyard/v0.1.1,1
2026-05-09,/,421
2026-05-09,/contribute,1
2026-05-09,/credits,1
2026-05-09,/docs,1
2026-05-09,/railyard,46
2026-05-09,/railyard/browse,23
2026-05-09,/railyard/docs,4
2026-05-09,/railyard/docs/latest/players/github-token,24
2026-05-09,/railyard/docs/v0.1/developers,1
2026-05-09,/railyard/docs/v0.1/developers/data-quality,2
2026-05-09,/railyard/docs/v0.1/players/install-guide-linux,3
2026-05-09,/railyard/docs/v0.2,1
2026-05-09,/railyard/docs/v0.2/developers/data-quality,1
2026-05-09,/railyard/docs/v0.2/developers/dependencies,1
2026-05-09,/railyard/docs/v0.2/developers/publishing-projects,1
2026-05-09,/railyard/docs/v0.2/players/github-token,18
2026-05-09,/railyard/docs/v0.2/players/importing-custom-assets,1
2026-05-09,/railyard/docs/v0.2/players/installing-railyard/macos,3
2026-05-09,/railyard/maps,1
2026-05-09,/railyard/maps/bangkok,1
2026-05-09,/railyard/maps/ipoh,1
2026-05-09,/railyard/maps/mfn-madisonwi,1
2026-05-09,/railyard/maps/pulau-pinang,1
2026-05-09,/railyard/maps/toronto/changelog/1.0.1,1
2026-05-09,/railyard/maps/toronto/changelog/1.1.3,2
2026-05-09,/railyard/maps/vancouver,1
2026-05-09,/railyard/maps/warsaw-val,1
2026-05-09,/railyard/maps/yukina-nakaumi,1
2026-05-09,/railyard/maps/yukina-okayama,1
2026-05-09,/railyard/maps/yukina-pl-krakow,2
2026-05-09,/railyard/maps/yukina-pl-lodz,1
2026-05-09,/railyard/maps/yukina-pl-wroclaw,1
2026-05-09,/railyard/maps/yukina-yamagata,1
2026-05-09,/railyard/mods/advanced-analytics,1
2026-05-09,/railyard/mods/citymapper,1
2026-05-09,/railyard/mods/distance-circles,1
2026-05-09,/railyard/mods/kr-ktp,6
2026-05-09,/railyard/mods/transit-overlay,1
2026-05-09,/railyard/updates,1
2026-05-09,/railyard/updates/v0.1.0,1
2026-05-09,/registry,1
2026-05-09,/registry/authors/BarKuperman,2
2026-05-09,/registry/authors/Valdotorium,1
2026-05-09,/registry/authors/stefanorigano,1
2026-05-09,/registry/maps/barcelona,1
2026-05-09,/registry/maps/florence,1
2026-05-09,/registry/maps/glasgow-edinburgh,2
2026-05-09,/registry/maps/jerusalem,1
2026-05-09,/registry/maps/madrid,1
2026-05-09,/registry/maps/mfn-hong-kong,1
2026-05-09,/registry/maps/mfn-lasvegas,1
2026-05-09,/registry/maps/milan,1
2026-05-09,/registry/maps/singapore-val,1
2026-05-09,/registry/maps/sydney,1
2026-05-09,/registry/maps/trondheim-val,1
2026-05-09,/registry/maps/yukina-asahikawa,1
2026-05-09,/registry/maps/yukina-fukuoka,1
2026-05-09,/registry/maps/yukina-morioka,1
2026-05-09,/registry/maps/yukina-niigata,1
2026-05-09,/registry/maps/yukina-osaka,1
2026-05-09,/registry/mods/subwaybuilder-regions,2
2026-05-09,/registry/world-map,2
2026-05-09,/template-mod,4
2026-05-09,/template-mod/docs,1
2026-05-09,/template-mod/docs/v1.0/common-patterns,5
2026-05-09,/template-mod/docs/v1.0/project-structure,3
2026-05-09,/template-mod/docs/v1.0/react-components,1
2026-05-09,/template-mod/updates/v1.0.0,1
2026-05-09,/updates,1
2026-05-09,/updates/railyard,1
2026-05-09,/updates/railyard/v0.1.2,1
2026-05-09,/updates/template-mod,1
2026-05-10,/,53
2026-05-10,/credits,1
2026-05-10,/license,2
2026-05-10,/railyard,8
2026-05-10,/railyard/browse,7
2026-05-10,/railyard/docs/latest/players/github-token,9
2026-05-10,/railyard/docs/v0.1/players/github-token,1
2026-05-10,/railyard/docs/v0.1/players/install-guide-macos,3
2026-05-10,/railyard/docs/v0.2/players/github-token,8
2026-05-10,/railyard/docs/v0.2/players/installing-railyard/linux,1
2026-05-10,/railyard/docs/v0.2/players/installing-railyard/windows,1
2026-05-10,/railyard/maps,1
2026-05-10,/railyard/maps/jeju-3/changelog/0.1.1,1
2026-05-10,/railyard/maps/johor-bahru,1
2026-05-10,/railyard/maps/trondheim-val,1
2026-05-10,/railyard/maps/yukina-cz-ustecko-chomutov,1
2026-05-10,/railyard/maps/yukina-cz-ustecko-chomutov/changelog/0.1.0,1
2026-05-10,/railyard/maps/yukina-fukuoka,1
2026-05-10,/railyard/maps/yukina-kitakyushu-shimonoseki,1
2026-05-10,/railyard/maps/yukina-kobe-akashi,1
2026-05-10,/railyard/maps/yukina-kumamoto,1
2026-05-10,/railyard/maps/yukina-nagoya,1
2026-05-10,/railyard/maps/yukina-nakadoori,1
2026-05-10,/railyard/maps/yukina-niigata,1
2026-05-10,/railyard/maps/yukina-osaka,1
2026-05-10,/railyard/maps/yukina-osaka/changelog/0.1.3,1
2026-05-10,/railyard/maps/yukina-sendai,1
2026-05-10,/railyard/maps/yukina-tottori/changelog/0.1.0,1
2026-05-10,/railyard/mods/advanced-analytics,2
2026-05-10,/railyard/mods/game-speedup,1
2026-05-10,/railyard/mods/satellite-overlay,3
2026-05-10,/railyard/mods/simple-trains,1
2026-05-10,/railyard/mods/station-dots,1
2026-05-10,/railyard/mods/transit-overlay/changelog/1.5.1,1
2026-05-10,/railyard/updates/v0.1.2,1
2026-05-10,/railyard/updates/v0.1.4,1
2026-05-10,/registry/maps/bangkok,1
2026-05-10,/registry/maps/greatertwincities,1
2026-05-10,/registry/maps/helsinki,1
2026-05-10,/registry/maps/tel-aviv,2
2026-05-10,/registry/maps/yukina-kochi,1
2026-05-10,/registry/maps/yukina-kumamoto,1
2026-05-10,/registry/maps/yukina-kyoto,1
2026-05-10,/registry/maps/yukina-osaka,2
2026-05-10,/registry/maps/yukina-shizuoka-hamamatsu,1
2026-05-10,/registry/mods/game-speedup,1
2026-05-10,/registry/mods/subwaybuilder-regions,2
2026-05-10,/registry/trending,2
2026-05-10,/registry/world-map,4
2026-05-10,/template-mod/docs/v1.0/type-reference,2
2026-05-10,/updates/template-mod/v1.0.1,1
2026-05-10,/website,2
2026-05-11,/,25
2026-05-11,/contribute,1
2026-05-11,/credits,2
2026-05-11,/license,1
2026-05-11,/railyard,17
2026-05-11,/railyard/browse,17
2026-05-11,/railyard/docs,3
2026-05-11,/railyard/docs/latest/players/github-token,8
2026-05-11,/railyard/docs/v0.2/players/github-token,1
2026-05-11,/railyard/maps/bologna,1
2026-05-11,/railyard/maps/cdmx-core,1
2026-05-11,/railyard/maps/naples,2
2026-05-11,/railyard/maps/puebla,1
2026-05-11,/railyard/maps/trondheim-val,1
2026-05-11,/railyard/maps/yukina-cz-brno,1
2026-05-11,/railyard/maps/yukina-hiroshima-kure,1
2026-05-11,/railyard/maps/yukina-kochi,1
2026-05-11,/railyard/maps/yukina-northern-kyushu,1
2026-05-11,/railyard/mods/chinese-trains,5
2026-05-11,/railyard/mods/satellite-overlay,2
2026-05-11,/railyard/mods/simple-trains,2
2026-05-11,/railyard/updates,2
2026-05-11,/railyard/updates/v0.1.0,1
2026-05-11,/railyard/updates/v0.2.3,1
2026-05-11,/registry,2
2026-05-11,/registry/maps/sydney,1
2026-05-11,/registry/mods/simple-trains,2
2026-05-11,/registry/mods/subwaybuilder-regions,1
2026-05-11,/registry/trending,1
2026-05-11,/template-mod,2
2026-05-11,/template-mod/docs,1
2026-05-11,/template-mod/updates,1
2026-05-11,/updates/railyard/v0.1.0,1
2026-05-11,/updates/template-mod/v1.0.0,1
2026-05-12,/,70
2026-05-12,/credits,2
2026-05-12,/railyard,30
2026-05-12,/railyard/browse,7
2026-05-12,/railyard/docs,6
2026-05-12,/railyard/docs/latest/players,1
2026-05-12,/railyard/docs/latest/players/github-token,14
2026-05-12,/railyard/docs/v0.2/developers/using-custom-url,1
2026-05-12,/railyard/docs/v0.2/players,1
2026-05-12,/railyard/docs/v0.2/players/github-token,4
2026-05-12,/railyard/docs/v0.2/players/installing-railyard/macos,1
2026-05-12,/railyard/maps/los-angeles-county,1
2026-05-12,/railyard/maps/mfn-hamptonroads,1
2026-05-12,/railyard/maps/mfn-hong-kong,1
2026-05-12,/railyard/maps/oklahoma-city,1
2026-05-12,/railyard/maps/spokane,1
2026-05-12,/railyard/maps/trondheim-val/changelog/1.0.0,1
2026-05-12,/railyard/maps/ulsan-4/changelog/0.1.1,1
2026-05-12,/railyard/maps/yukina-kumamoto,1
2026-05-12,/railyard/maps/yukina-osaka,1
2026-05-12,/railyard/maps/yukina-pl-gdansk,1
2026-05-12,/railyard/maps/yukina-pl-krakow,1
2026-05-12,/railyard/mods/advanced-analytics,2
2026-05-12,/railyard/mods/game-speedup,1
2026-05-12,/railyard/mods/mode-manager,9
2026-05-12,/railyard/updates,5
2026-05-12,/railyard/updates/v0.2.0,3
2026-05-12,/registry/maps/busan-4,1
2026-05-12,/registry/maps/ciudad-de-mexico,1
2026-05-12,/registry/maps/jelegend-tokyo,1
2026-05-12,/registry/maps/yukina-cz-hradec-pardubice,1
2026-05-12,/registry/maps/yukina-cz-ostrava,1
2026-05-12,/registry/maps/yukina-kitakyushu-shimonoseki,1
2026-05-12,/registry/maps/yukina-kyoto,1
2026-05-12,/registry/maps/yukina-nagoya,1
2026-05-12,/registry/mods/citymapper,5
2026-05-12,/registry/mods/mode-manager,3
2026-05-12,/registry/mods/subwaybuilder-regions,1
2026-05-12,/registry/trending,1
2026-05-12,/registry/world-map,2
2026-05-12,/tools/md-playground,1
2026-05-12,/updates/railyard/v0.2.2,1
2026-05-13,/,7
2026-05-13,/credits,2
2026-05-13,/railyard,10
2026-05-13,/railyard/browse,3
2026-05-13,/railyard/docs/latest/players/github-token,7
2026-05-13,/railyard/docs/v0.1/players/install-guide-macos,1
2026-05-13,/railyard/docs/v0.2/developers/dependencies,1
2026-05-13,/railyard/docs/v0.2/players,1
2026-05-13,/railyard/docs/v0.2/players/github-token,7
2026-05-13,/railyard/docs/v0.2/players/installing-railyard,1
2026-05-13,/railyard/docs/v0.2/players/installing-railyard/windows,4
2026-05-13,/railyard/maps,1
2026-05-13,/railyard/maps/bologna,1
2026-05-13,/railyard/maps/cairo,1
2026-05-13,/railyard/maps/glasgow-edinburgh,1
2026-05-13,/railyard/maps/rhode-island,2
2026-05-13,/railyard/maps/toronto,1
2026-05-13,/railyard/maps/yukina-kitakyushu-shimonoseki,1
2026-05-13,/railyard/maps/yukina-kyoto,1
2026-05-13,/railyard/maps/yukina-nakadoori,1
2026-05-13,/railyard/maps/yukina-pl-krakow,1
2026-05-13,/railyard/maps/yukina-pl-wroclaw,1
2026-05-13,/railyard/mods/distance-circles,1
2026-05-13,/railyard/mods/game-speedup,1
2026-05-13,/railyard/mods/satellite-overlay,1
2026-05-13,/railyard/mods/valdotoriums-trains,1
2026-05-13,/railyard/updates/v0.2.0,1
2026-05-13,/registry/maps/dublin,1
2026-05-13,/registry/maps/shenzhen,1
2026-05-13,/registry/maps/sydney,2
2026-05-13,/registry/maps/yukina-hakodate,1
2026-05-13,/registry/mods/distance-circles,3
2026-05-13,/registry/trending,1
2026-05-13,/registry/world-map,1
2026-05-13,/template-mod,1
2026-05-13,/template-mod/docs/v1.0/debugging,1
2026-05-13,/tools/md-playground,1
2026-05-13,/updates/template-mod,1
2026-05-14,/,23
2026-05-14,/credits,2
2026-05-14,/railyard,4
2026-05-14,/railyard/analytics,1
2026-05-14,/railyard/browse,2
2026-05-14,/railyard/docs,1
2026-05-14,/railyard/docs/latest/players/github-token,12
2026-05-14,/railyard/docs/v0.1/players,1
2026-05-14,/railyard/docs/v0.2/developers/tagging,4
2026-05-14,/railyard/docs/v0.2/players/github-token,4
2026-05-14,/railyard/docs/v0.2/players/installing-railyard/windows,3
2026-05-14,/railyard/maps/busan-4,1
2026-05-14,/railyard/maps/dayton-oh,1
2026-05-14,/railyard/maps/montreal,2
2026-05-14,/railyard/maps/puebla,1
2026-05-14,/railyard/maps/ulsan-4/changelog/0.1.1,1
2026-05-14,/railyard/maps/yukina-cz-ustecko-chomutov/changelog/0.1.0,1
2026-05-14,/railyard/maps/yukina-fukuoka/changelog/0.5.0,1
2026-05-14,/railyard/maps/yukina-morioka,2
2026-05-14,/railyard/maps/yukina-pl-gdansk,1
2026-05-14,/railyard/mods/chinese-trains,1
2026-05-14,/railyard/mods/game-speedup,1
2026-05-14,/railyard/mods/mode-manager,4
2026-05-14,/railyard/updates,1
2026-05-14,/railyard/updates/v0.1.4,1
2026-05-14,/railyard/updates/v0.2.2,1
2026-05-14,/registry/authors/PSWBSF,1
2026-05-14,/registry/authors/crumpetime,1
2026-05-14,/registry/maps/charleston-sc,1
2026-05-14,/registry/maps/dayton-oh,1
2026-05-14,/registry/maps/johor-bahru,1
2026-05-14,/registry/maps/ulsan-3,1
2026-05-14,/registry/maps/yukina-bydgoszcz-torun,1
2026-05-14,/registry/maps/yukina-cz-brno,1
2026-05-14,/registry/maps/yukina-northern-kyushu,1
2026-05-14,/registry/maps/yukina-pl-szczecin,1
2026-05-14,/registry/mods/advanced-analytics,1
2026-05-14,/registry/mods/chinese-trains,1
2026-05-14,/registry/mods/citymapper,1
2026-05-14,/registry/mods/distance-circles,1
2026-05-14,/registry/mods/mode-manager,1
2026-05-14,/registry/mods/satellite-overlay,1
2026-05-14,/template-mod/docs/v1.0/project-structure,1
2026-05-14,/website/updates,1
2026-05-14,/website/updates/v1.0.3,1
2026-05-15,/,55
2026-05-15,/credits,1
2026-05-15,/railyard,9
2026-05-15,/railyard/browse,15
2026-05-15,/railyard/docs,1
2026-05-15,/railyard/docs/latest/players/github-token,8
2026-05-15,/railyard/docs/v0.1/players/install-guide-macos,1
2026-05-15,/railyard/docs/v0.2/developers,1
2026-05-15,/railyard/docs/v0.2/players/github-token,3
2026-05-15,/railyard/maps/dubai,1
2026-05-15,/railyard/maps/greater-portland,12
2026-05-15,/railyard/maps/helsinki,1
2026-05-15,/railyard/maps/jelegend-tokyo,1
2026-05-15,/railyard/maps/orange-county,1
2026-05-15,/railyard/maps/seoul-3,1
2026-05-15,/railyard/maps/tel-aviv,1
2026-05-15,/railyard/maps/trondheim-val,1
2026-05-15,/railyard/maps/yukina-cz-plzen/changelog/0.1.0,1
2026-05-15,/railyard/maps/yukina-cz-praha,1
2026-05-15,/railyard/maps/yukina-kyoto,1
2026-05-15,/railyard/maps/yukina-nagasaki,1
2026-05-15,/railyard/maps/yukina-pl-gdansk,1
2026-05-15,/railyard/mods/any-money,1
2026-05-15,/railyard/mods/chinese-trains,1
2026-05-15,/railyard/mods/citymapper,1
2026-05-15,/railyard/mods/mode-manager,3
2026-05-15,/railyard/mods/mode-manager/changelog/v1.1.1,1
2026-05-15,/railyard/updates/v0.1.0,1
2026-05-15,/railyard/updates/v0.1.2,2
2026-05-15,/railyard/updates/v0.2.0,1
2026-05-15,/railyard/updates/v0.2.1,1
2026-05-15,/registry/maps/bangkok,2
2026-05-15,/registry/maps/charleston-huntington-wv,1
2026-05-15,/registry/maps/glasgow-edinburgh,1
2026-05-15,/registry/maps/guangzhou,1
2026-05-15,/registry/maps/shenzhen,1
2026-05-15,/registry/maps/yukina-kyoto,1
2026-05-15,/registry/maps/yukina-morioka,1
2026-05-15,/registry/maps/yukina-nagasaki,1
2026-05-15,/registry/mods/any-money,1
2026-05-15,/registry/mods/cinematic-camera,1
2026-05-15,/registry/mods/danield1909-dantrains,5
2026-05-15,/template-mod/docs,1
2026-05-15,/template-mod/docs/v1.0/common-patterns,1
2026-05-15,/template-mod/docs/v1.0/debugging,1
2026-05-15,/template-mod/docs/v1.0/getting-started,1
2026-05-15,/template-mod/docs/v1.0/project-structure,1
2026-05-15,/template-mod/docs/v1.0/react-components,1
2026-05-15,/template-mod/docs/v1.0/type-reference,1
2026-05-16,/,44
2026-05-16,/contribute,1
2026-05-16,/credits,1
2026-05-16,/railyard,9
2026-05-16,/railyard/browse,3
2026-05-16,/railyard/docs,1
2026-05-16,/railyard/docs/latest/players/github-token,16
2026-05-16,/railyard/docs/v0.1/developers/publishing-projects,1
2026-05-16,/railyard/docs/v0.1/developers/using-custom-url,1
2026-05-16,/railyard/docs/v0.1/players/install-guide-macos,1
2026-05-16,/railyard/docs/v0.1/players/install-guide-windows,1
2026-05-16,/railyard/docs/v0.2/developers/tagging,2
2026-05-16,/railyard/docs/v0.2/players,1
2026-05-16,/railyard/docs/v0.2/players/github-token,3
2026-05-16,/railyard/docs/v0.2/players/installing-railyard/windows,3
2026-05-16,/railyard/maps/charleston-sc,1
2026-05-16,/railyard/maps/greater-portland,1
2026-05-16,/railyard/maps/mfn-rdu,1
2026-05-16,/railyard/maps/ulsan-3,1
2026-05-16,/railyard/maps/yukina-cz-brno,1
2026-05-16,/railyard/maps/yukina-cz-plzen,1
2026-05-16,/railyard/maps/yukina-kagoshima-kirishima,1
2026-05-16,/railyard/maps/yukina-takamatsu,1
2026-05-16,/railyard/maps/yukina-toyama,1
2026-05-16,/railyard/mods/advanced-analytics,1
2026-05-16,/railyard/mods/any-money,1
2026-05-16,/railyard/mods/distance-circles,1
2026-05-16,/railyard/mods/mode-manager,1
2026-05-16,/railyard/mods/satellite-overlay,1
2026-05-16,/railyard/mods/subwaybuilder-regions,1
2026-05-16,/railyard/mods/transit-overlay,2
2026-05-16,/railyard/updates/v0.1.5,1
2026-05-16,/registry,1
2026-05-16,/registry/authors/BarKuperman,1
2026-05-16,/registry/authors/stefanorigano,1
2026-05-16,/registry/maps/cdmx-core,1
2026-05-16,/registry/maps/dublin,1
2026-05-16,/registry/maps/garda-lake,2
2026-05-16,/registry/maps/greater-kuala-lumpur,1
2026-05-16,/registry/maps/madrid,1
2026-05-16,/registry/maps/mfn-northwestar,1
2026-05-16,/registry/maps/milan,1
2026-05-16,/registry/maps/naples,1
2026-05-16,/registry/maps/palermo,1
2026-05-16,/registry/maps/pianura-veneta,1
2026-05-16,/registry/maps/puerto-rico,1
2026-05-16,/registry/maps/rome,1
2026-05-16,/registry/maps/trondheim-val,1
2026-05-16,/registry/maps/turin,1
2026-05-16,/registry/maps/yukina-fukuoka,1
2026-05-16,/registry/maps/yukina-hakodate,1
2026-05-16,/registry/maps/yukina-hiroshima-kure,1
2026-05-16,/registry/maps/yukina-kumamoto,1
2026-05-16,/registry/maps/yukina-kyoto,1
2026-05-16,/registry/maps/yukina-morioka,1
2026-05-16,/registry/maps/yukina-okayama,1
2026-05-16,/registry/maps/yukina-okinawa,1
2026-05-16,/registry/maps/yukina-shizuoka-hamamatsu,1
2026-05-16,/registry/maps/yukina-toyama,1
2026-05-16,/registry/mods/station-dots,2
2026-05-16,/registry/mods/transit-overlay,1
2026-05-16,/registry/mods/valdotoriums-trains,1
2026-05-16,/registry/world-map,2
2026-05-16,/template-mod/docs,1
2026-05-16,/tools/md-playground,2
2026-05-16,/updates/railyard,1
2026-05-16,/updates/railyard/v0.1.3,1
2026-05-16,/updates/template-mod,1
2026-05-16,/website,1
2026-05-16,/website/updates,1
2026-05-16,/website/updates/v1.0.1,1
2026-05-16,/website/updates/v1.0.2,1
2026-05-16,/website/updates/v1.0.3,1
2026-05-17,/,17
2026-05-17,/contribute,2
2026-05-17,/credits,7
2026-05-17,/license,1
2026-05-17,/railyard,11
2026-05-17,/railyard/browse,4
2026-05-17,/railyard/docs,1
2026-05-17,/railyard/docs/latest/players/github-token,15
2026-05-17,/railyard/docs/v0.1/players/install-guide-windows,1
2026-05-17,/railyard/docs/v0.2/developers/dependencies,1
2026-05-17,/railyard/docs/v0.2/developers/publishing-projects,1
2026-05-17,/railyard/docs/v0.2/players/github-token,12
2026-05-17,/railyard/docs/v0.2/players/installing-railyard/linux,2
2026-05-17,/railyard/docs/v0.2/players/installing-railyard/macos,2
2026-05-17,/railyard/docs/v0.2/players/installing-railyard/windows,1
2026-05-17,/railyard/maps/berlin-val,1
2026-05-17,/railyard/maps/charleston-sc,1
2026-05-17,/railyard/maps/garda-lake,1
2026-05-17,/railyard/maps/guadalajara,1
2026-05-17,/railyard/maps/tijuana-san-diego,7
2026-05-17,/railyard/maps/toronto,2
2026-05-17,/railyard/maps/vancouver,3
2026-05-17,/railyard/maps/yukina-cz-plzen,1
2026-05-17,/railyard/maps/yukina-northern-kyushu,1
2026-05-17,/railyard/mods/chinese-trains,1
2026-05-17,/railyard/mods/mode-manager,1
2026-05-17,/railyard/mods/satellite-overlay,4
2026-05-17,/railyard/mods/subwaybuilder-regions,5
2026-05-17,/railyard/updates/v0.2.2,1
2026-05-17,/railyard/updates/v0.2.3,1
2026-05-17,/registry,4
2026-05-17,/registry/author/WillBarouch,3
2026-05-17,/registry/authors/rslurry,1
2026-05-17,/registry/authors/stefanorigano,1
2026-05-17,/registry/maps,1
2026-05-17,/registry/maps/barcelona,1
2026-05-17,/registry/maps/ciudad-de-mexico,4
2026-05-17,/registry/maps/dublin,1
2026-05-17,/registry/maps/greater-los-angeles,5
2026-05-17,/registry/maps/greater-portland,1
2026-05-17,/registry/maps/ipoh,1
2026-05-17,/registry/maps/johor-bahru,1
2026-05-17,/registry/maps/mfn-hamptonroads,1
2026-05-17,/registry/maps/mfn-hong-kong,1
2026-05-17,/registry/maps/mfn-madisonwi,1
2026-05-17,/registry/maps/orange-county,6
2026-05-17,/registry/maps/puerto-rico,3
2026-05-17,/registry/maps/rochester,3
2026-05-17,/registry/maps/toronto,2
2026-05-17,/registry/maps/valencia,2
2026-05-17,/registry/maps/yukina-asahikawa,1
2026-05-17,/registry/maps/yukina-hakodate,1
2026-05-17,/registry/maps/yukina-nagoya,1
2026-05-17,/registry/maps/yukina-nakaumi,1
2026-05-17,/registry/maps/yukina-okayama,1
2026-05-17,/registry/maps/yukina-pl-lublin,1
2026-05-17,/registry/mods/station-dots,1
2026-05-17,/registry/mods/transit-overlay,3
2026-05-17,/registry/trending,1
2026-05-17,/registry/world-map,2
2026-05-17,/updates/template-mod/v1.0.1,1
2026-05-17,/website,1
2026-05-17,/website/updates/v1.0.0,1
2026-05-18,/,38
2026-05-18,/railyard,7
2026-05-18,/railyard/browse,4
2026-05-18,/railyard/docs,1
2026-05-18,/railyard/docs/latest/players/github-token,4
2026-05-18,/railyard/docs/v0.2/players/github-token,5
2026-05-18,/railyard/docs/v0.2/players/installing-railyard/windows,2
2026-05-18,/railyard/maps/bucharest-medium,1
2026-05-18,/railyard/maps/dayton-oh,1
2026-05-18,/railyard/maps/guangzhou/changelog/1.1.0,1
2026-05-18,/railyard/maps/south-florida,1
2026-05-18,/railyard/maps/vancouver,1
2026-05-18,/railyard/maps/yukina-cz-brno,1
2026-05-18,/railyard/maps/yukina-cz-liberec-jablonec,4
2026-05-18,/railyard/maps/yukina-kitakyushu-shimonoseki/changelog/0.5.0,1
2026-05-18,/railyard/mods,1
2026-05-18,/railyard/mods/advanced-analytics,1
2026-05-18,/railyard/mods/mode-manager,1
2026-05-18,/railyard/updates,2
2026-05-18,/railyard/updates/v0.2.2,4
2026-05-18,/registry/authors/kaicardenas0618,1
2026-05-18,/registry/maps/yukina-cz-olomouc,1
2026-05-18,/registry/maps/yukina-niigata,1
2026-05-18,/registry/maps/yukina-pl-gdansk,1
2026-05-18,/registry/mods/subwaybuilder-regions,3
2026-05-18,/registry/world-map,4
2026-05-19,/,34
2026-05-19,/credits,1
2026-05-19,/railyard,20
2026-05-19,/railyard/browse,8
2026-05-19,/railyard/docs/latest/players/github-token,14
2026-05-19,/railyard/docs/v0.1/players/install-guide-macos,1
2026-05-19,/railyard/docs/v0.2/developers/data-quality,1
2026-05-19,/railyard/docs/v0.2/players,1
2026-05-19,/railyard/docs/v0.2/players/github-token,5
2026-05-19,/railyard/docs/v0.2/players/importing-custom-assets,2
2026-05-19,/railyard/docs/v0.2/players/installing-railyard,1
2026-05-19,/railyard/maps/amsterdam/changelog/1.0.0,1
2026-05-19,/railyard/maps/barcelona,2
2026-05-19,/railyard/maps/charleston-huntington-wv,1
2026-05-19,/railyard/maps/greater-baltimore,1
2026-05-19,/railyard/maps/greater-newyork,1
2026-05-19,/railyard/maps/gwangju-3,1
2026-05-19,/railyard/maps/mexicali,1
2026-05-19,/railyard/maps/rhode-island,1
2026-05-19,/railyard/maps/trondheim-val,1
2026-05-19,/railyard/maps/warsaw-val,5
2026-05-19,/railyard/maps/yukina-cz-ceske-budejovice,1
2026-05-19,/railyard/maps/yukina-cz-liberec-jablonec,2
2026-05-19,/railyard/maps/yukina-cz-ostrava,1
2026-05-19,/railyard/maps/yukina-morioka,1
2026-05-19,/railyard/maps/yukina-pl-bialystok,1
2026-05-19,/railyard/maps/yukina-pl-katowice-gzm,1
2026-05-19,/railyard/maps/yukina-pl-warszawa,1
2026-05-19,/railyard/maps/yukina-pl-wroclaw,1
2026-05-19,/railyard/mods/any-money,1
2026-05-19,/railyard/mods/cinematic-camera,1
2026-05-19,/railyard/mods/citymapper/changelog/v0.2.0,1
2026-05-19,/railyard/mods/distance-circles,1
2026-05-19,/railyard/mods/mode-manager,1
2026-05-19,/railyard/mods/station-dots,1
2026-05-19,/railyard/mods/valdotoriums-trains/changelog/v0.1.7,1
2026-05-19,/registry,1
2026-05-19,/registry/maps/barcelona,1
2026-05-19,/registry/maps/greater-los-angeles,1
2026-05-19,/registry/maps/jacksonville,1
2026-05-19,/registry/maps/knoxville,1
2026-05-19,/registry/maps/mexicali,1
2026-05-19,/registry/maps/providence,1
2026-05-19,/registry/maps/rhode-island,1
2026-05-19,/registry/maps/seoul-3,1
2026-05-19,/registry/maps/sydney,1
2026-05-19,/registry/maps/tri-cities,1
2026-05-19,/registry/maps/valencia,1
2026-05-19,/registry/maps/yukina-cz-ostrava,2
2026-05-19,/registry/mods/satellite-overlay,1
2026-05-19,/registry/mods/tathan-casino,1
2026-05-19,/template-mod,1
2026-05-19,/template-mod/docs,3
2026-05-19,/updates/template-mod,2
2026-05-20,/,26
2026-05-20,/railyard,5
2026-05-20,/railyard/browse,1
2026-05-20,/railyard/docs/latest/players/github-token,7
2026-05-20,/railyard/docs/v0.2/developers/tagging,1
2026-05-20,/railyard/docs/v0.2/players,1
2026-05-20,/railyard/docs/v0.2/players/github-token,5
2026-05-20,/railyard/maps/busan-4/changelog/0.2.0,1
2026-05-20,/railyard/maps/calgary/changelog/1.0.1,1
2026-05-20,/railyard/maps/charleston-huntington-wv,1
2026-05-20,/railyard/maps/montreal,1
2026-05-20,/railyard/maps/tijuana-san-diego,1
2026-05-20,/railyard/maps/toronto/changelog/1.0.1,1
2026-05-20,/railyard/maps/yukina-cz-ceske-budejovice,1
2026-05-20,/railyard/maps/yukina-kochi/changelog/0.4.0,1
2026-05-20,/railyard/maps/yukina-osaka,1
2026-05-20,/railyard/maps/yukina-pl-bialystok,1
2026-05-20,/railyard/maps/yukina-pl-poznan,1
2026-05-20,/railyard/maps/yukina-pl-szczecin,2
2026-05-20,/railyard/maps/yukina-takamatsu,1
2026-05-20,/railyard/maps/yukina-tottori/changelog/0.1.0,1
2026-05-20,/railyard/mods/advanced-analytics,1
2026-05-20,/railyard/mods/game-speedup,1
2026-05-20,/railyard/mods/station-dots,1
2026-05-20,/registry,1
2026-05-20,/registry/authors/nzh0172,1
2026-05-20,/registry/maps/cdmx-core,1
2026-05-20,/registry/maps/daejeon-4,1
2026-05-20,/registry/maps/madrid,1
2026-05-20,/registry/maps/providence,1
2026-05-20,/registry/maps/rochester,1
2026-05-20,/registry/maps/sacramento,2
2026-05-20,/registry/maps/tri-cities,1
2026-05-20,/registry/maps/yukina-cz-plzen,1
2026-05-20,/registry/maps/yukina-pl-warszawa,1
2026-05-20,/registry/maps/yukina-sapporo-chitose,1
2026-05-20,/registry/mods,1
2026-05-20,/registry/mods/satellite-overlay,1
2026-05-20,/registry/mods/simple-trains,1
2026-05-20,/template-mod/docs/v1.0/react-components,1
2026-05-21,/,26
2026-05-21,/railyard,13
2026-05-21,/railyard/analytics,1
2026-05-21,/railyard/browse,3
2026-05-21,/railyard/docs,1
2026-05-21,/railyard/docs/latest/players/github-token,12
2026-05-21,/railyard/docs/v0.1/players,1
2026-05-21,/railyard/docs/v0.2/developers/tagging,3
2026-05-21,/railyard/docs/v0.2/players/github-token,1
2026-05-21,/railyard/maps/baltimore-dc-corridor,1
2026-05-21,/railyard/maps/berlin-val,1
2026-05-21,/railyard/maps/bucharest-medium,1
2026-05-21,/railyard/maps/buffalo-ny,1
2026-05-21,/railyard/maps/busan-4/changelog/0.2.0,1
2026-05-21,/railyard/maps/greater-baltimore,1
2026-05-21,/railyard/maps/jelegend-tokyo/changelog/v0.5.0,1
2026-05-21,/railyard/maps/knoxville,1
2026-05-21,/railyard/maps/madrid,1
2026-05-21,/railyard/maps/montreal,2
2026-05-21,/railyard/maps/orange-county,1
2026-05-21,/railyard/maps/seoul-4,1
2026-05-21,/railyard/maps/seoul-4/changelog/0.1.1,1
2026-05-21,/railyard/maps/shanghai,1
2026-05-21,/railyard/maps/tel-aviv,1
2026-05-21,/railyard/maps/tel-aviv/changelog/v1.2.0,1
2026-05-21,/railyard/maps/toronto,1
2026-05-21,/railyard/maps/yukina-cz-praha,1
2026-05-21,/railyard/maps/yukina-pl-katowice-gzm,1
2026-05-21,/railyard/maps/yukina-pl-krakow,1
2026-05-21,/railyard/maps/yukina-pl-rzeszow,1
2026-05-21,/railyard/mods/distance-circles/changelog/0.4.0,1
2026-05-21,/railyard/mods/game-speedup,1
2026-05-21,/railyard/mods/mode-manager/changelog/v1.1.1,1
2026-05-21,/railyard/mods/transit-overlay,1
2026-05-21,/railyard/updates,1
2026-05-21,/railyard/updates/v0.2.2,1
2026-05-21,/registry,3
2026-05-21,/registry/authors/Gio1112,1
2026-05-21,/registry/authors/Valdotorium,1
2026-05-21,/registry/maps/barcelona,1
2026-05-21,/registry/maps/bilbao,1
2026-05-21,/registry/maps/dublin,1
2026-05-21,/registry/maps/greater-baltimore,1
2026-05-21,/registry/maps/madrid,1
2026-05-21,/registry/maps/mexicali,1
2026-05-21,/registry/maps/mfn-rdu,1
2026-05-21,/registry/maps/saltillo,1
2026-05-21,/registry/maps/ulsan-3,1
2026-05-21,/registry/maps/valencia,1
2026-05-21,/registry/maps/yukina-takamatsu,1
2026-05-21,/registry/mods/distance-circles,1
2026-05-21,/registry/world-map,1
2026-05-21,/template-mod/docs/v1.0/getting-started,1
2026-05-22,/,35
2026-05-22,/contribute,1
2026-05-22,/credits,1
2026-05-22,/docs,1
2026-05-22,/railyard,21
2026-05-22,/railyard/browse,10
2026-05-22,/railyard/docs/latest/players/github-token,12
2026-05-22,/railyard/docs/latest/players/importing-custom-assets,1
2026-05-22,/railyard/docs/v0.1/developers/data-quality,2
2026-05-22,/railyard/docs/v0.2/players/github-token,2
2026-05-22,/railyard/maps/ciudad-juarez-el-paso/changelog/1.0.0,1
2026-05-22,/railyard/maps/colorado-ski-country,2
2026-05-22,/railyard/maps/daejeon-3/changelog/0.2.0,1
2026-05-22,/railyard/maps/greater-los-angeles,3
2026-05-22,/railyard/maps/greater-newyork,1
2026-05-22,/railyard/maps/greater-portland,1
2026-05-22,/railyard/maps/mfn-lasvegas,1
2026-05-22,/railyard/maps/rhode-island,1
2026-05-22,/railyard/maps/seoul-3/changelog/0.1.0,1
2026-05-22,/railyard/maps/yukina-cz-hradec-pardubice,1
2026-05-22,/railyard/maps/yukina-hiroshima-kure/changelog/0.2.0,1
2026-05-22,/railyard/maps/yukina-pl-krakow,1
2026-05-22,/railyard/maps/yukina-pl-rzeszow,1
2026-05-22,/railyard/maps/yukina-sapporo-chitose/changelog/0.4.0,1
2026-05-22,/railyard/mods/advanced-analytics,1
2026-05-22,/railyard/mods/danield1909-dantrains,1
2026-05-22,/railyard/mods/satellite-overlay,1
2026-05-22,/railyard/mods/tod,5
2026-05-22,/railyard/updates,1
2026-05-22,/railyard/updates/v0.1.0,3
2026-05-22,/railyard/updates/v0.1.2,1
2026-05-22,/registry/authors/soccerjonj,1
2026-05-22,/registry/maps/bangkok,1
2026-05-22,/registry/maps/berlin-val,1
2026-05-22,/registry/maps/daejeon-3,1
2026-05-22,/registry/maps/genoa,1
2026-05-22,/registry/maps/greater-newyork,1
2026-05-22,/registry/maps/ipoh,1
2026-05-22,/registry/maps/madrid,1
2026-05-22,/registry/maps/mfn-madisonwi,1
2026-05-22,/registry/maps/singapore-val,1
2026-05-22,/registry/maps/south-florida,1
2026-05-22,/registry/maps/yukina-cz-praha,1
2026-05-22,/registry/maps/yukina-pl-lublin,1
2026-05-22,/registry/maps/yukina-pl-rzeszow,1
2026-05-22,/template-mod,1
2026-05-22,/template-mod/docs/v1.0/common-patterns,1
2026-05-22,/template-mod/docs/v1.0/getting-started,1
2026-05-22,/template-mod/docs/v1.0/react-components,1
2026-05-22,/template-mod/docs/v1.0/type-reference,1
2026-05-22,/updates/template-mod/v1.0.1,1
2026-05-23,/,34
2026-05-23,/contribute,1
2026-05-23,/credits,2
2026-05-23,/docs,1
2026-05-23,/railyard,15
2026-05-23,/railyard/browse,4
2026-05-23,/railyard/docs,1
2026-05-23,/railyard/docs/latest/players/github-token,5
2026-05-23,/railyard/docs/v0.1/developers/data-quality,1
2026-05-23,/railyard/docs/v0.1/developers/using-custom-url,1
2026-05-23,/railyard/docs/v0.1/players/github-token,1
2026-05-23,/railyard/docs/v0.1/players/install-guide-macos,1
2026-05-23,/railyard/docs/v0.2/players/github-token,4
2026-05-23,/railyard/docs/v0.2/players/importing-custom-assets,1
2026-05-23,/railyard/docs/v0.2/players/installing-railyard/macos,2
2026-05-23,/railyard/docs/v0.2/players/installing-railyard/windows,1
2026-05-23,/railyard/maps/bucharest-medium,1
2026-05-23,/railyard/maps/catania,1
2026-05-23,/railyard/maps/charleston-huntington-wv/changelog/1.0.0,1
2026-05-23,/railyard/maps/genoa,1
2026-05-23,/railyard/maps/greater-los-angeles,1
2026-05-23,/railyard/maps/greater-los-angeles/changelog/1.1.1,1
2026-05-23,/railyard/maps/montreal,1
2026-05-23,/railyard/maps/riviera-romagnola,1
2026-05-23,/railyard/maps/sydney,1
2026-05-23,/railyard/maps/trondheim-no,1
2026-05-23,/railyard/maps/yukina-cz-hradec-pardubice,1
2026-05-23,/railyard/maps/yukina-cz-liberec-jablonec,1
2026-05-23,/railyard/maps/yukina-kitakyushu-shimonoseki/changelog/0.5.0,1
2026-05-23,/railyard/maps/yukina-osaka,1
2026-05-23,/railyard/maps/yukina-pl-gdansk,1
2026-05-23,/railyard/maps/yukina-pl-poznan,1
2026-05-23,/railyard/maps/yukina-tottori,1
2026-05-23,/railyard/mods/any-money,1
2026-05-23,/railyard/mods/distance-circles,1
2026-05-23,/railyard/mods/tod,1
2026-05-23,/registry,1
2026-05-23,/registry/authors/stefanorigano,1
2026-05-23,/registry/map/greater-kuala-lumpur,1
2026-05-23,/registry/maps/barcelona,1
2026-05-23,/registry/maps/bologna,1
2026-05-23,/registry/maps/ciudad-de-mexico,1
2026-05-23,/registry/maps/greater-los-angeles,6
2026-05-23,/registry/maps/madrid,1
2026-05-23,/registry/maps/mfn-hong-kong,1
2026-05-23,/registry/maps/mfn-lasvegas,1
2026-05-23,/registry/maps/mfn-northwestar,1
2026-05-23,/registry/maps/milan,1
2026-05-23,/registry/maps/pianura-emiliana,1
2026-05-23,/registry/maps/pianura-veneta,1
2026-05-23,/registry/maps/rome,1
2026-05-23,/registry/maps/sejong-3,1
2026-05-23,/registry/maps/trondheim-val,1
2026-05-23,/registry/maps/yukina-bydgoszcz-torun,1
2026-05-23,/registry/maps/yukina-cz-hradec-pardubice,1
2026-05-23,/registry/maps/yukina-cz-liberec-jablonec,1
2026-05-23,/registry/maps/yukina-kumamoto,1
2026-05-23,/registry/maps/yukina-okayama,1
2026-05-23,/registry/maps/yukina-okinawa,1
2026-05-23,/registry/maps/yukina-pl-bialystok,1
2026-05-23,/registry/maps/yukina-pl-lublin,1
2026-05-23,/registry/maps/yukina-pl-rzeszow,1
2026-05-23,/registry/maps/yukina-pl-wroclaw,1
2026-05-23,/registry/mods/station-dots,3
2026-05-23,/registry/mods/subwaybuilder-regions,2
2026-05-23,/registry/world-map,1
2026-05-23,/template-mod,2
2026-05-23,/template-mod/docs/v1.0/getting-started,4
2026-05-23,/template-mod/docs/v1.0/type-reference,1
2026-05-23,/website/updates,1
2026-05-23,/website/updates/v1.0.1,1
2026-05-23,/website/updates/v1.0.3,1
2026-05-24,/,61
2026-05-24,/credits,7
2026-05-24,/railyard,39
2026-05-24,/railyard/browse,15
2026-05-24,/railyard/docs,3
2026-05-24,/railyard/docs/latest/players/github-token,12
2026-05-24,/railyard/docs/v0.1/players/install-guide-macos,1
2026-05-24,/railyard/docs/v0.2,2
2026-05-24,/railyard/docs/v0.2/developers/publishing-projects,1
2026-05-24,/railyard/docs/v0.2/players,2
2026-05-24,/railyard/docs/v0.2/players/github-token,13
2026-05-24,/railyard/docs/v0.2/players/installing-railyard,1
2026-05-24,/railyard/docs/v0.2/players/installing-railyard/linux,1
2026-05-24,/railyard/docs/v0.2/players/installing-railyard/macos,1
2026-05-24,/railyard/docs/v0.2/players/installing-railyard/windows,7
2026-05-24,/railyard/maps/akron-oh/changelog/v1.0.0,1
2026-05-24,/railyard/maps/barcelona,2
2026-05-24,/railyard/maps/bologna,1
2026-05-24,/railyard/maps/bucharest-medium,2
2026-05-24,/railyard/maps/buffalo-ny,1
2026-05-24,/railyard/maps/daejeon-3/changelog/0.1.0,1
2026-05-24,/railyard/maps/dublin,2
2026-05-24,/railyard/maps/florence,1
2026-05-24,/railyard/maps/greater-kuala-lumpur,1
2026-05-24,/railyard/maps/greater-newyork,2
2026-05-24,/railyard/maps/guadalajara/changelog/1.1.0,1
2026-05-24,/railyard/maps/incheon-4/changelog/0.1.0,1
2026-05-24,/railyard/maps/jacksonville,2
2026-05-24,/railyard/maps/jeju-3/changelog/0.1.0,2
2026-05-24,/railyard/maps/jelegend-tokyo/changelog/v0.5.0,2
2026-05-24,/railyard/maps/madrid,2
2026-05-24,/railyard/maps/mfn-hamptonroads/changelog/1.4.1,1
2026-05-24,/railyard/maps/mfn-rdu,1
2026-05-24,/railyard/maps/warsaw-val,1
2026-05-24,/railyard/maps/yukina-cz-brno,1
2026-05-24,/railyard/maps/yukina-cz-olomouc,1
2026-05-24,/railyard/maps/yukina-cz-plzen,1
2026-05-24,/railyard/maps/yukina-cz-praha,1
2026-05-24,/railyard/maps/yukina-morioka,1
2026-05-24,/railyard/maps/yukina-osaka/changelog/0.1.2,1
2026-05-24,/railyard/maps/yukina-pl-gdansk,1
2026-05-24,/railyard/maps/yukina-pl-krakow,1
2026-05-24,/railyard/maps/yukina-pl-lodz,2
2026-05-24,/railyard/maps/yukina-pl-lublin,1
2026-05-24,/railyard/maps/yukina-pl-warszawa,1
2026-05-24,/railyard/maps/zurich,2
2026-05-24,/railyard/maps/zurich/changelog/v1.1.0,2
2026-05-24,/railyard/mods/chinese-trains,1
2026-05-24,/railyard/mods/cinematic-camera/changelog/v1.2.1,1
2026-05-24,/railyard/mods/citymapper,1
2026-05-24,/railyard/mods/danield1909-dantrains,2
2026-05-24,/railyard/mods/kr-ktp,1
2026-05-24,/railyard/mods/subwaybuilder-regions,1
2026-05-24,/railyard/mods/tod,3
2026-05-24,/railyard/updates,4
2026-05-24,/railyard/updates/v0.1.2,1
2026-05-24,/railyard/updates/v0.2.0,1
2026-05-24,/railyard/updates/v0.2.3,1
2026-05-24,/registry,1
2026-05-24,/registry/author/Valdotorium,1
2026-05-24,/registry/authors/chasemanning040911-afk,1
2026-05-24,/registry/maps/barcelona,1
2026-05-24,/registry/maps/berlin-val,1
2026-05-24,/registry/maps/dublin,2
2026-05-24,/registry/maps/madrid,2
2026-05-24,/registry/maps/valencia,1
2026-05-24,/registry/maps/yukina-pl-gdansk,1
2026-05-24,/registry/maps/yukina-pl-lodz,1
2026-05-24,/registry/maps/zurich,2
2026-05-24,/registry/mods/advanced-analytics,1
2026-05-24,/registry/mods/citymapper,1
2026-05-24,/registry/mods/tod,4
2026-05-24,/registry/world-map,1
2026-05-24,/template-mod/docs/v1.0/getting-started,2
2026-05-24,/template-mod/docs/v1.0/type-reference,3
2026-05-24,/template-mod/updates/v1.0.1,1
2026-05-24,/updates/railyard/v0.1.4,5
2026-05-24,/website/updates/v1.0.0,2
2026-05-24,/website/updates/v1.0.1,1
2026-05-25,/,49
2026-05-25,/railyard,23
2026-05-25,/railyard/browse,4
2026-05-25,/railyard/docs,3
2026-05-25,/railyard/docs/latest/players/github-token,10
2026-05-25,/railyard/docs/v0.1/developers/publishing-projects,1
2026-05-25,/railyard/docs/v0.2/players/country-flag-emojis,1
2026-05-25,/railyard/docs/v0.2/players/installing-railyard/macos,2
2026-05-25,/railyard/maps,2
2026-05-25,/railyard/maps/barcelona,1
2026-05-25,/railyard/maps/greater-newyork,1
2026-05-25,/railyard/maps/jelegend-tokyo,1
2026-05-25,/railyard/maps/los-angeles-county,1
2026-05-25,/railyard/maps/madrid,1
2026-05-25,/railyard/maps/saltillo/changelog/1.0.0,1
2026-05-25,/railyard/maps/sejong-4,1
2026-05-25,/railyard/maps/yukina-cz-hradec-pardubice,1
2026-05-25,/railyard/maps/yukina-cz-ustecko-chomutov,3
2026-05-25,/railyard/maps/yukina-osaka,1
2026-05-25,/railyard/maps/yukina-pl-poznan,1
2026-05-25,/railyard/maps/yukina-tw-chiayi,1
2026-05-25,/railyard/mods,1
2026-05-25,/railyard/mods/advanced-analytics,2
2026-05-25,/railyard/mods/danield1909-dantrains,1
2026-05-25,/railyard/mods/subwaybuilder-regions,1
2026-05-25,/railyard/mods/tathan-casino,1
2026-05-25,/railyard/mods/tod,21
2026-05-25,/railyard/mods/transit-overlay,1
2026-05-25,/railyard/updates/v0.2.0,1
2026-05-25,/registry,1
2026-05-25,/registry/author/Valdotorium,1
2026-05-25,/registry/map/singapore-val,1
2026-05-25,/registry/map/warsaw-val,1
2026-05-25,/registry/maps/barcelona,1
2026-05-25,/registry/maps/greater-los-angeles,2
2026-05-25,/registry/maps/yukina-cz-ceske-budejovice,4
2026-05-25,/registry/maps/yukina-cz-olomouc,2
2026-05-25,/registry/maps/yukina-cz-ustecko-chomutov,1
2026-05-25,/registry/maps/yukina-okinawa,1
2026-05-25,/registry/maps/yukina-osaka,1
2026-05-25,/registry/maps/yukina-pl-bialystok,2
2026-05-25,/registry/maps/yukina-pl-gdansk,1
2026-05-25,/registry/maps/yukina-pl-szczecin,1
2026-05-25,/registry/maps/yukina-pl-warszawa,1
2026-05-25,/registry/maps/yukina-sapporo-chitose,1
2026-05-25,/registry/maps/yukina-sendai,1
2026-05-25,/registry/maps/yukina-shizuoka-hamamatsu,1
2026-05-25,/registry/mod/valdotoriums-trains,1
2026-05-25,/registry/mods/cinematic-camera,1
2026-05-25,/registry/mods/tod,2
2026-05-25,/registry/mods/transit-overlay,1
2026-05-25,/template-mod/docs,1
2026-05-25,/template-mod/docs/v1.0/debugging,1
2026-05-25,/updates/railyard/v0.2.2,1
2026-05-25,/website,1
2026-05-26,/,24
2026-05-26,/contribute,2
2026-05-26,/railyard,7
2026-05-26,/railyard/analytics,1
2026-05-26,/railyard/browse,6
2026-05-26,/railyard/docs,3
2026-05-26,/railyard/docs/latest/players/github-token,16
2026-05-26,/railyard/docs/v0.1/players,1
2026-05-26,/railyard/docs/v0.1/players/github-token,1
2026-05-26,/railyard/docs/v0.2/players/github-token,1
2026-05-26,/railyard/docs/v0.2/players/importing-custom-assets,3
2026-05-26,/railyard/docs/v0.2/players/installing-railyard/windows,1
2026-05-26,/railyard/docs/v0.2/players/profile-management,1
2026-05-26,/railyard/maps/bangkok,1
2026-05-26,/railyard/maps/busan-3/changelog/0.2.0,1
2026-05-26,/railyard/maps/greater-newyork/changelog/v1.0.2,1
2026-05-26,/railyard/maps/helsinki/changelog/1.1.0,1
2026-05-26,/railyard/maps/helsinki/changelog/1.1.1,1
2026-05-26,/railyard/maps/puerto-rico,1
2026-05-26,/railyard/maps/syracuse-ny,1
2026-05-26,/railyard/maps/yukina-cz-ceske-budejovice,1
2026-05-26,/railyard/maps/yukina-cz-hradec-pardubice,1
2026-05-26,/railyard/maps/yukina-kyoto/changelog/0.5.0,1
2026-05-26,/railyard/maps/yukina-pl-szczecin,1
2026-05-26,/railyard/maps/yukina-pl-wroclaw,1
2026-05-26,/railyard/maps/yukina-tw-taipei,2
2026-05-26,/railyard/mods/advanced-analytics,1
2026-05-26,/railyard/mods/distance-circles,2
2026-05-26,/railyard/mods/simple-trains,3
2026-05-26,/railyard/mods/tod,10
2026-05-26,/railyard/mods/transit-overlay/changelog/1.5.1,1
2026-05-26,/registry/authors/hsullivan1201,1
2026-05-26,/registry/map/yukina-okayama,1
2026-05-26,/registry/maps/berlin-val,1
2026-05-26,/registry/maps/greater-los-angeles,3
2026-05-26,/registry/maps/mfn-hong-kong,1
2026-05-26,/registry/maps/mfn-lasvegas,1
2026-05-26,/registry/maps/mfn-rdu,1
2026-05-26,/registry/maps/tel-aviv,1
2026-05-26,/registry/maps/yukina-cz-liberec-jablonec,1
2026-05-26,/registry/maps/yukina-tw-taipei,1
2026-05-26,/registry/mods/advanced-analytics,1
2026-05-26,/registry/mods/mode-manager,1
2026-05-26,/template-mod/docs/v1.0/common-patterns,2
2026-05-26,/updates/railyard/v0.2.2,1
2026-05-27,/,43
2026-05-27,/docs,2
2026-05-27,/license,1
2026-05-27,/railyard,17
2026-05-27,/railyard/browse,1
2026-05-27,/railyard/docs,2
2026-05-27,/railyard/docs/latest/players/github-token,1
2026-05-27,/railyard/docs/v0.1/players/install-guide-macos,2
2026-05-27,/railyard/docs/v0.2/players/github-token,7
2026-05-27,/railyard/docs/v0.2/players/installing-railyard,3
2026-05-27,/railyard/docs/v0.2/players/installing-railyard/linux,1
2026-05-27,/railyard/docs/v0.2/players/installing-railyard/macos,1
2026-05-27,/railyard/docs/v0.2/players/installing-railyard/windows,3
2026-05-27,/railyard/maps/dayton-oh,1
2026-05-27,/railyard/maps/jeju-4/changelog/0.1.0,1
2026-05-27,/railyard/maps/madrid/changelog/1.0.2,1
2026-05-27,/railyard/maps/mfn-hong-kong,3
2026-05-27,/railyard/maps/saltillo/changelog/1.2.0,1
2026-05-27,/railyard/maps/seoul-3,1
2026-05-27,/railyard/maps/singapore-val,2
2026-05-27,/railyard/maps/toledo-oh,1
2026-05-27,/railyard/maps/yukina-bydgoszcz-torun,1
2026-05-27,/railyard/maps/yukina-kagoshima-kirishima,1
2026-05-27,/railyard/maps/yukina-kitakyushu-shimonoseki,1
2026-05-27,/railyard/maps/yukina-kobe-akashi,1
2026-05-27,/railyard/maps/yukina-okinawa/changelog/0.5.0,1
2026-05-27,/railyard/maps/yukina-osaka,1
2026-05-27,/railyard/maps/yukina-pl-szczecin,1
2026-05-27,/railyard/maps/yukina-sendai,1
2026-05-27,/railyard/maps/yukina-toyama,1
2026-05-27,/railyard/mods/advanced-analytics,1
2026-05-27,/railyard/mods/game-speedup,1
2026-05-27,/railyard/mods/network-status,1
2026-05-27,/railyard/mods/subwaybuilder-regions/changelog/v0.4.9,1
2026-05-27,/railyard/mods/valdotoriums-trains,1
2026-05-27,/railyard/updates,2
2026-05-27,/railyard/updates/v0.2.0,1
2026-05-27,/registry,1
2026-05-27,/registry/map/yukina-fukuoka,1
2026-05-27,/registry/maps/calgary,1
2026-05-27,/registry/maps/greater-kuala-lumpur,2
2026-05-27,/registry/maps/los-angeles-county,1
2026-05-27,/registry/maps/south-florida,1
2026-05-27,/registry/maps/warsaw-val,1
2026-05-27,/registry/maps/yukina-hakodate,1
2026-05-27,/registry/maps/yukina-nakadoori,1
2026-05-27,/registry/maps/yukina-okinawa,1
2026-05-27,/registry/maps/yukina-pl-katowice-gzm,1
2026-05-27,/registry/maps/yukina-pl-rzeszow,1
2026-05-27,/registry/trending,1
2026-05-27,/template-mod,2
2026-05-27,/template-mod/docs,1
2026-05-27,/template-mod/docs/v1.0/debugging,1
2026-05-27,/template-mod/updates,1
2026-05-27,/tools/md-playground,1
2026-05-27,/updates/railyard/v0.1.1,1
2026-05-27,/updates/railyard/v0.2.1,2
2026-05-27,/website,5
2026-05-27,/website/updates,1
2026-05-28,/,27
2026-05-28,/contribute,4
2026-05-28,/credits,3
2026-05-28,/license,1
2026-05-28,/railyard,22
2026-05-28,/railyard/analytics,1
2026-05-28,/railyard/browse,9
2026-05-28,/railyard/docs,2
2026-05-28,/railyard/docs/latest/developers/publishing-projects,2
2026-05-28,/railyard/docs/latest/players/github-token,12
2026-05-28,/railyard/docs/v0.1/players,1
2026-05-28,/railyard/docs/v0.1/players/install-guide-macos,2
2026-05-28,/railyard/docs/v0.1/players/install-guide-windows,1
2026-05-28,/railyard/docs/v0.2/players/github-token,7
2026-05-28,/railyard/docs/v0.2/players/installing-railyard/linux,2
2026-05-28,/railyard/docs/v0.2/players/installing-railyard/macos,1
2026-05-28,/railyard/docs/v0.2/players/installing-railyard/windows,1
2026-05-28,/railyard/maps/bangkok,1
2026-05-28,/railyard/maps/edmonton,1
2026-05-28,/railyard/maps/jeju-4,1
2026-05-28,/railyard/maps/jeju-f/changelog/0.1.0,1
2026-05-28,/railyard/maps/jelegend-tokyo,1
2026-05-28,/railyard/maps/johor-bahru,1
2026-05-28,/railyard/maps/kristiansand-no,1
2026-05-28,/railyard/maps/puerto-rico,1
2026-05-28,/railyard/maps/trondheim-val/changelog/1.0.0,1
2026-05-28,/railyard/maps/vancouver,1
2026-05-28,/railyard/maps/wilmington-nc,1
2026-05-28,/railyard/maps/yukina-bydgoszcz-torun,2
2026-05-28,/railyard/maps/yukina-cz-praha,1
2026-05-28,/railyard/maps/yukina-pl-wroclaw,1
2026-05-28,/railyard/mods/advanced-analytics/changelog/v1.5.0,1
2026-05-28,/railyard/mods/any-money,2
2026-05-28,/railyard/mods/danield1909-dantrains,1
2026-05-28,/railyard/mods/game-speedup,2
2026-05-28,/railyard/mods/mode-manager,1
2026-05-28,/railyard/mods/simple-trains,1
2026-05-28,/railyard/mods/station-dots,1
2026-05-28,/railyard/mods/tod,3
2026-05-28,/railyard/updates,1
2026-05-28,/railyard/updates/v0.1.4,1
2026-05-28,/railyard/updates/v0.2.2,1
2026-05-28,/registry,8
2026-05-28,/registry/authors/Bobby-047,1
2026-05-28,/registry/authors/Maximilian284,1
2026-05-28,/registry/authors/kaicardenas0618,1
2026-05-28,/registry/authors/nzh0172,1
2026-05-28,/registry/maps/bangkok,1
2026-05-28,/registry/maps/barcelona,1
2026-05-28,/registry/maps/bilbao,1
2026-05-28,/registry/maps/greater-kuala-lumpur,1
2026-05-28,/registry/maps/guangzhou,1
2026-05-28,/registry/maps/ipoh,1
2026-05-28,/registry/maps/jelegend-tokyo,1
2026-05-28,/registry/maps/johor-bahru,1
2026-05-28,/registry/maps/kristiansand-no,2
2026-05-28,/registry/maps/mfn-rdu,1
2026-05-28,/registry/maps/monterrey,1
2026-05-28,/registry/maps/pulau-pinang,1
2026-05-28,/registry/maps/shanghai,1
2026-05-28,/registry/maps/toronto,1
2026-05-28,/registry/maps/valencia,1
2026-05-28,/registry/maps/yukina-cz-olomouc,1
2026-05-28,/registry/maps/yukina-cz-ustecko-chomutov,1
2026-05-28,/registry/maps/yukina-kagoshima-kirishima,1
2026-05-28,/registry/maps/yukina-pl-katowice-gzm,1
2026-05-28,/registry/maps/yukina-pl-szczecin,1
2026-05-28,/registry/maps/yukina-takamatsu,1
2026-05-28,/registry/maps/yukina-tw-kaohsiung,2
2026-05-28,/registry/mods/any-money,1
2026-05-28,/registry/mods/danield1909-dantrains,1
2026-05-28,/registry/mods/mode-manager,5
2026-05-28,/registry/mods/satellite-overlay,1
2026-05-28,/registry/mods/simple-trains,1
2026-05-28,/registry/mods/station-dots,1
2026-05-28,/registry/trending,6
2026-05-28,/registry/world-map,6
2026-05-28,/template-mod,3
2026-05-28,/template-mod/docs,1
2026-05-28,/template-mod/docs/v1.0/common-patterns,1
2026-05-28,/template-mod/updates,1
2026-05-28,/tools/md-playground,3
2026-05-28,/updates/railyard/v0.2.2,2
2026-05-28,/website,3
2026-05-28,/website/updates,1
2026-05-29,/,29
2026-05-29,/credits,1
2026-05-29,/railyard,14
2026-05-29,/railyard/browse,4
2026-05-29,/railyard/docs,1
2026-05-29,/railyard/docs/latest/players/github-token,4
2026-05-29,/railyard/docs/v0.2/developers,1
2026-05-29,/railyard/docs/v0.2/players/github-token,1
2026-05-29,/railyard/docs/v0.2/players/importing-custom-assets,5
2026-05-29,/railyard/maps/bologna,1
2026-05-29,/railyard/maps/bucharest-medium,5
2026-05-29,/railyard/maps/ciudad-de-mexico/changelog/1.1.0,1
2026-05-29,/railyard/maps/louisville,1
2026-05-29,/railyard/maps/nashville,2
2026-05-29,/railyard/maps/sejong-3/changelog/0.2.0,1
2026-05-29,/railyard/maps/toledo-oh/changelog/1.0.0,1
2026-05-29,/railyard/maps/vancouver/changelog/1.1.3,1
2026-05-29,/railyard/maps/yukina-bydgoszcz-torun,1
2026-05-29,/railyard/maps/yukina-cz-ustecko-chomutov,1
2026-05-29,/railyard/maps/yukina-pl-warszawa,1
2026-05-29,/railyard/mods/any-money,1
2026-05-29,/railyard/mods/cinematic-camera,1
2026-05-29,/railyard/mods/cinematic-camera/changelog/v1.1.0,1
2026-05-29,/railyard/mods/citymapper,1
2026-05-29,/railyard/mods/simple-trains,1
2026-05-29,/railyard/mods/subwaybuilder-regions/changelog/v0.4.10,1
2026-05-29,/railyard/mods/subwaybuilder-regions/changelog/v0.4.9,1
2026-05-29,/railyard/mods/tod,2
2026-05-29,/railyard/mods/transit-overlay,1
2026-05-29,/railyard/updates,1
2026-05-29,/railyard/updates/v0.2.0,1
2026-05-29,/railyard/updates/v0.2.1,1
2026-05-29,/railyard/updates/v0.2.3,1
2026-05-29,/registry,3
2026-05-29,/registry/authors/Gio1112,1
2026-05-29,/registry/maps/beijing,1
2026-05-29,/registry/maps/bucharest-medium,1
2026-05-29,/registry/maps/buffalo-ny,1
2026-05-29,/registry/maps/catania,1
2026-05-29,/registry/maps/ciudad-juarez-el-paso,1
2026-05-29,/registry/maps/ipoh,1
2026-05-29,/registry/maps/south-florida,1
2026-05-29,/registry/maps/tel-aviv,1
2026-05-29,/registry/maps/yukina-cz-olomouc,2
2026-05-29,/registry/maps/yukina-nagoya,1
2026-05-29,/registry/maps/yukina-tw-kaohsiung,2
2026-05-29,/registry/mods/danield1909-dantrains,1
2026-05-29,/registry/mods/distance-circles,1
2026-05-29,/registry/mods/simple-trains,1
2026-05-29,/registry/mods/subwaybuilder-regions,2
2026-05-29,/registry/mods/tod,1
2026-05-29,/registry/trending,1
2026-05-29,/template-mod,1
2026-05-29,/template-mod/docs/v1.0/project-structure,1
2026-05-29,/template-mod/updates,1
2026-05-29,/website/updates/v1.0.2,1
2026-05-30,/,24
2026-05-30,/credits,2
2026-05-30,/railyard,14
2026-05-30,/railyard/browse,2
2026-05-30,/railyard/docs/latest/players/github-token,13
2026-05-30,/railyard/docs/v0.1/developers,1
2026-05-30,/railyard/docs/v0.1/developers/data-quality,1
2026-05-30,/railyard/docs/v0.1/developers/publishing-projects,1
2026-05-30,/railyard/docs/v0.1/developers/using-custom-url,1
2026-05-30,/railyard/docs/v0.1/players/install-guide-macos,2
2026-05-30,/railyard/docs/v0.2/developers/using-custom-url,1
2026-05-30,/railyard/docs/v0.2/players/country-flag-emojis,1
2026-05-30,/railyard/docs/v0.2/players/github-token,1
2026-05-30,/railyard/docs/v0.2/players/importing-custom-assets,1
2026-05-30,/railyard/maps/anchorage-ak,1
2026-05-30,/railyard/maps/bucharest-medium,1
2026-05-30,/railyard/maps/dayton-oh,1
2026-05-30,/railyard/maps/glasgow-edinburgh,2
2026-05-30,/railyard/maps/gwangju-3,1
2026-05-30,/railyard/maps/gwangju-4,1
2026-05-30,/railyard/maps/incheon-3,1
2026-05-30,/railyard/maps/monterrey/changelog/1.1.1,1
2026-05-30,/railyard/maps/oklahoma-city,1
2026-05-30,/railyard/maps/opo-pt-metropolitan,5
2026-05-30,/railyard/maps/rome,1
2026-05-30,/railyard/maps/saltillo,1
2026-05-30,/railyard/maps/singapore-val,1
2026-05-30,/railyard/maps/tel-aviv,1
2026-05-30,/railyard/maps/ulsan-3/changelog/0.1.1,1
2026-05-30,/railyard/maps/willamette-valley,1
2026-05-30,/railyard/maps/yukina-bydgoszcz-torun,1
2026-05-30,/railyard/maps/yukina-cz-praha,2
2026-05-30,/railyard/maps/yukina-hakodate,2
2026-05-30,/railyard/maps/yukina-matsuyama,1
2026-05-30,/railyard/maps/yukina-morioka/changelog/0.1.0,1
2026-05-30,/railyard/maps/yukina-osaka/changelog/0.1.0,1
2026-05-30,/railyard/maps/yukina-pl-lodz,1
2026-05-30,/railyard/maps/yukina-pl-rzeszow,1
2026-05-30,/railyard/maps/yukina-pl-szczecin,1
2026-05-30,/railyard/maps/yukina-pl-wroclaw,1
2026-05-30,/railyard/mods/advanced-analytics,1
2026-05-30,/railyard/mods/citymapper,1
2026-05-30,/railyard/mods/distance-circles,1
2026-05-30,/railyard/mods/mode-manager,1
2026-05-30,/railyard/mods/simple-trains,1
2026-05-30,/railyard/mods/tod,4
2026-05-30,/railyard/mods/transit-overlay,1
2026-05-30,/railyard/updates/v0.1.0,1
2026-05-30,/railyard/updates/v0.1.5,1
2026-05-30,/railyard/updates/v0.2.2,1
2026-05-30,/registry/authors/BarKuperman,1
2026-05-30,/registry/maps/bari,1
2026-05-30,/registry/maps/daejeon-3,1
2026-05-30,/registry/maps/jerusalem,1
2026-05-30,/registry/maps/knoxville,1
2026-05-30,/registry/maps/mfn-lasvegas,1
2026-05-30,/registry/maps/mfn-northwestar,1
2026-05-30,/registry/maps/milan,1
2026-05-30,/registry/maps/monterrey,1
2026-05-30,/registry/maps/naples,1
2026-05-30,/registry/maps/opo-pt-metropolitan,1
2026-05-30,/registry/maps/rome,1
2026-05-30,/registry/maps/saltillo,1
2026-05-30,/registry/maps/san-juan,1
2026-05-30,/registry/maps/tromso-no,1
2026-05-30,/registry/maps/valencia,1
2026-05-30,/registry/maps/wilmington-nc,1
2026-05-30,/registry/maps/yukina-kagoshima-kirishima,1
2026-05-30,/registry/maps/yukina-morioka,1
2026-05-30,/registry/maps/yukina-nagasaki,1
2026-05-30,/registry/maps/yukina-niigata,1
2026-05-30,/registry/maps/yukina-okayama,1
2026-05-30,/registry/maps/yukina-pl-gdansk,1
2026-05-30,/registry/maps/yukina-pl-krakow,1
2026-05-30,/registry/maps/yukina-tw-taipei,1
2026-05-30,/registry/maps/yukina-yamagata,1
2026-05-30,/registry/mods/advanced-analytics,1
2026-05-30,/registry/mods/any-money,1
2026-05-30,/registry/mods/mode-manager,1
2026-05-30,/registry/mods/satellite-overlay,2
2026-05-30,/registry/mods/tod,2
2026-05-30,/registry/mods/transit-overlay,1
2026-05-30,/registry/trending,1
2026-05-30,/registry/world-map,1
2026-05-30,/template-mod/docs/v1.0/common-patterns,1
2026-05-30,/template-mod/docs/v1.0/debugging,1
2026-05-30,/template-mod/docs/v1.0/project-structure,1
2026-05-30,/updates/railyard/v0.1.2,1
2026-05-30,/updates/railyard/v0.1.3,1
2026-05-30,/updates/railyard/v0.2.2,1
2026-05-30,/website/updates,1
2026-05-30,/website/updates/v1.0.3,1
2026-05-31,/,54
2026-05-31,/contribute,1
2026-05-31,/credits,1
2026-05-31,/railyard,39
2026-05-31,/railyard/browse,12
2026-05-31,/railyard/docs,3
2026-05-31,/railyard/docs/latest/players/github-token,14
2026-05-31,/railyard/docs/v0.1/players/install-guide-macos,1
2026-05-31,/railyard/docs/v0.2/developers,2
2026-05-31,/railyard/docs/v0.2/players,1
2026-05-31,/railyard/docs/v0.2/players/github-token,5
2026-05-31,/railyard/docs/v0.2/players/installing-railyard/linux,1
2026-05-31,/railyard/docs/v0.2/players/installing-railyard/macos,1
2026-05-31,/railyard/docs/v0.2/players/installing-railyard/windows,6
2026-05-31,/railyard/maps/amsterdam/changelog/1.2.0,1
2026-05-31,/railyard/maps/beijing,1
2026-05-31,/railyard/maps/berlin-val,1
2026-05-31,/railyard/maps/dubai/changelog/1.2.0,1
2026-05-31,/railyard/maps/edmonton,1
2026-05-31,/railyard/maps/garda-lake,1
2026-05-31,/railyard/maps/greater-kuala-lumpur,1
2026-05-31,/railyard/maps/greater-portland,1
2026-05-31,/railyard/maps/guangzhou,1
2026-05-31,/railyard/maps/helsinki,1
2026-05-31,/railyard/maps/madrid,1
2026-05-31,/railyard/maps/mfn-madisonwi,1
2026-05-31,/railyard/maps/montreal,1
2026-05-31,/railyard/maps/opo-pt-metropolitan,1
2026-05-31,/railyard/maps/pianura-emiliana,1
2026-05-31,/railyard/maps/rotterdam-the-hague,1
2026-05-31,/railyard/maps/wilmington-nc,1
2026-05-31,/railyard/maps/yukina-asahikawa,1
2026-05-31,/railyard/maps/yukina-bydgoszcz-torun,1
2026-05-31,/railyard/maps/yukina-cz-brno,1
2026-05-31,/railyard/maps/yukina-cz-ustecko-chomutov,1
2026-05-31,/railyard/maps/yukina-pl-krakow,1
2026-05-31,/railyard/maps/yukina-sapporo-chitose/changelog/0.4.0,1
2026-05-31,/railyard/maps/yukina-tw-taipei,1
2026-05-31,/railyard/mods/any-money,2
2026-05-31,/railyard/mods/danield1909-dantrains/changelog/v1.3.2,1
2026-05-31,/railyard/mods/game-speedup,1
2026-05-31,/railyard/mods/mode-manager,1
2026-05-31,/railyard/mods/network-status,1
2026-05-31,/railyard/mods/station-dots,1
2026-05-31,/railyard/mods/tathan-casino,1
2026-05-31,/railyard/mods/tod,7
2026-05-31,/railyard/mods/transit-overlay/changelog/1.5.1,1
2026-05-31,/railyard/updates,1
2026-05-31,/railyard/updates/v0.2.3,1
2026-05-31,/registry,1
2026-05-31,/registry/maps/jerusalem,1
2026-05-31,/registry/maps/los-angeles-county,1
2026-05-31,/registry/maps/milan,1
2026-05-31,/registry/maps/montreal,1
2026-05-31,/registry/maps/rome,1
2026-05-31,/registry/maps/singapore-val,1
2026-05-31,/registry/maps/sydney,1
2026-05-31,/registry/maps/tel-aviv,1
2026-05-31,/registry/maps/tromso-no,2
2026-05-31,/registry/maps/ulsan-4,1
2026-05-31,/registry/maps/yukina-cz-praha,1
2026-05-31,/registry/maps/yukina-osaka,1
2026-05-31,/registry/maps/yukina-pl-gdansk,2
2026-05-31,/registry/maps/yukina-pl-krakow,2
2026-05-31,/registry/maps/yukina-sendai,1
2026-05-31,/registry/mods/advanced-analytics,1
2026-05-31,/registry/mods/any-money,2
2026-05-31,/registry/world-map,7
2026-05-31,/template-mod/docs/v1.0/common-patterns,1
2026-05-31,/updates/template-mod/v1.0.1,1
2026-05-31,/website,1
2026-05-31,/website/updates/v1.0.0,1
2026-05-31,/website/updates/v1.0.3,1
2026-06-01,/,26
2026-06-01,/railyard,13
2026-06-01,/railyard/browse,7
2026-06-01,/railyard/docs,1
2026-06-01,/railyard/docs/latest/players/github-token,7
2026-06-01,/railyard/docs/v0.2/players/github-token,2
2026-06-01,/railyard/docs/v0.2/players/installing-railyard/macos,1
2026-06-01,/railyard/docs/v0.2/players/profile-management,1
2026-06-01,/railyard/maps/bergen-stavanger-no,1
2026-06-01,/railyard/maps/ciudad-de-mexico/changelog/1.0.0,1
2026-06-01,/railyard/maps/glasgow-edinburgh,2
2026-06-01,/railyard/maps/ipoh/changelog/1.0.0,1
2026-06-01,/railyard/maps/lima,2
2026-06-01,/railyard/maps/puebla,1
2026-06-01,/railyard/maps/trondheim-no,1
2026-06-01,/railyard/maps/warsaw-val/changelog/1.0.0,1
2026-06-01,/railyard/maps/yukina-cz-brno,1
2026-06-01,/railyard/maps/yukina-cz-liberec-jablonec,2
2026-06-01,/railyard/maps/yukina-hakodate/changelog/0.2.0,1
2026-06-01,/railyard/maps/yukina-pl-katowice-gzm,3
2026-06-01,/railyard/maps/yukina-pl-poznan,1
2026-06-01,/railyard/maps/yukina-pl-wroclaw/changelog/0.1.0,1
2026-06-01,/railyard/maps/yukina-sapporo-chitose/changelog/0.2.0,1
2026-06-01,/railyard/mods,1
2026-06-01,/railyard/mods/mode-manager/changelog/v1.1.1,1
2026-06-01,/railyard/mods/tod,2
2026-06-01,/railyard/mods/track-visualizer,13
2026-06-01,/railyard/updates/v0.1.5,1
2026-06-01,/railyard/updates/v0.1.6,1
2026-06-01,/railyard/updates/v0.2.0,1
2026-06-01,/railyard/updates/v0.2.1,1
2026-06-01,/railyard/updates/v0.2.2,1
2026-06-01,/railyard/updates/v0.2.3,1
2026-06-01,/registry/authors/nzh0172,1
2026-06-01,/registry/maps/bergen-stavanger-no,1
2026-06-01,/registry/maps/jelegend-tokyo,1
2026-06-01,/registry/maps/yukina-kochi,1
2026-06-01,/registry/maps/yukina-nagoya,3
2026-06-01,/registry/maps/yukina-pl-wroclaw,1
2026-06-01,/registry/maps/yukina-sapporo-chitose,1
2026-06-01,/registry/maps/yukina-tw-tainan,1
2026-06-01,/template-mod/docs/v1.0/common-patterns,1
2026-06-01,/template-mod/docs/v1.0/debugging,1
2026-06-01,/template-mod/docs/v1.0/getting-started,1
2026-06-01,/template-mod/docs/v1.0/project-structure,1
2026-06-01,/template-mod/docs/v1.0/react-components,1
2026-06-01,/template-mod/docs/v1.0/type-reference,1
2026-06-01,/template-mod/updates/v1.0.0,1
2026-06-01,/template-mod/updates/v1.0.1,1
2026-06-01,/website,2
2026-06-01,/website/updates/v1.0.0,1
2026-06-01,/website/updates/v1.0.1,1
2026-06-01,/website/updates/v1.0.2,1
2026-06-01,/website/updates/v1.0.3,1
2026-06-02,/,41
2026-06-02,/credits,1
2026-06-02,/railyard,13
2026-06-02,/railyard/browse,11
2026-06-02,/railyard/docs,1
2026-06-02,/railyard/docs/latest/players/github-token,14
2026-06-02,/railyard/docs/v0.1/players/install-guide-macos,1
2026-06-02,/railyard/docs/v0.2/developers,1
2026-06-02,/railyard/docs/v0.2/developers/data-quality,1
2026-06-02,/railyard/docs/v0.2/developers/tagging,1
2026-06-02,/railyard/docs/v0.2/players,1
2026-06-02,/railyard/docs/v0.2/players/github-token,2
2026-06-02,/railyard/docs/v0.2/players/importing-custom-assets,1
2026-06-02,/railyard/docs/v0.2/players/installing-railyard/macos,1
2026-06-02,/railyard/maps/amsterdam,1
2026-06-02,/railyard/maps/baltimore-dc-corridor,1
2026-06-02,/railyard/maps/bari/changelog/1.0.0,1
2026-06-02,/railyard/maps/berlin-val,3
2026-06-02,/railyard/maps/catania,1
2026-06-02,/railyard/maps/ciudad-de-mexico,1
2026-06-02,/railyard/maps/dayton-oh/changelog/1.1.0,1
2026-06-02,/railyard/maps/greater-kuala-lumpur,1
2026-06-02,/railyard/maps/helsinki,2
2026-06-02,/railyard/maps/jelegend-tokyo,2
2026-06-02,/railyard/maps/milan,1
2026-06-02,/railyard/maps/puerto-rico,1
2026-06-02,/railyard/maps/rome,1
2026-06-02,/railyard/maps/saltillo/changelog/1.1.2,1
2026-06-02,/railyard/maps/san-juan/changelog/1.0.0,1
2026-06-02,/railyard/maps/sydney,1
2026-06-02,/railyard/maps/trujillo,1
2026-06-02,/railyard/maps/vancouver,1
2026-06-02,/railyard/maps/yukina-cz-brno/changelog/0.2.0,1
2026-06-02,/railyard/maps/yukina-cz-olomouc/changelog/0.2.0,1
2026-06-02,/railyard/maps/yukina-kitakyushu-shimonoseki,1
2026-06-02,/railyard/maps/yukina-pl-gdansk,1
2026-06-02,/railyard/maps/yukina-pl-lodz,1
2026-06-02,/railyard/maps/yukina-pl-lublin,1
2026-06-02,/railyard/maps/yukina-tw-chiayi,2
2026-06-02,/railyard/maps/yukina-tw-hsinchu,1
2026-06-02,/railyard/maps/yukina-tw-taichung,1
2026-06-02,/railyard/maps/zurich,1
2026-06-02,/railyard/mods/advanced-analytics,1
2026-06-02,/railyard/mods/chinese-trains,3
2026-06-02,/railyard/mods/chinese-trains/changelog/v1.0.2,1
2026-06-02,/railyard/mods/network-status,1
2026-06-02,/railyard/mods/station-dots,3
2026-06-02,/railyard/mods/subwaybuilder-regions/changelog/v0.4.9,1
2026-06-02,/railyard/mods/tod,3
2026-06-02,/railyard/mods/track-visualizer,8
2026-06-02,/railyard/updates,2
2026-06-02,/railyard/updates/v0.2.3,1
2026-06-02,/registry,1
2026-06-02,/registry/authors/Gio1112,1
2026-06-02,/registry/maps/baltimore-dc-corridor,1
2026-06-02,/registry/maps/greater-los-angeles,1
2026-06-02,/registry/maps/greatertwincities,1
2026-06-02,/registry/maps/memphis,1
2026-06-02,/registry/maps/mfn-hong-kong,1
2026-06-02,/registry/maps/mfn-rdu,1
2026-06-02,/registry/maps/tel-aviv,1
2026-06-02,/registry/maps/yukina-asahikawa,1
2026-06-02,/registry/maps/yukina-cz-ceske-budejovice,1
2026-06-02,/registry/maps/yukina-cz-liberec-jablonec,1
2026-06-02,/registry/maps/yukina-cz-ostrava,2
2026-06-02,/registry/maps/yukina-kagoshima-kirishima,1
2026-06-02,/registry/maps/yukina-kitakyushu-shimonoseki,1
2026-06-02,/registry/maps/yukina-nagoya,1
2026-06-02,/registry/maps/yukina-okayama,1
2026-06-02,/registry/maps/yukina-osaka,3
2026-06-02,/registry/maps/yukina-pl-katowice-gzm,1
2026-06-02,/registry/maps/yukina-pl-poznan,1
2026-06-02,/registry/maps/yukina-pl-rzeszow,2
2026-06-02,/registry/maps/yukina-shizuoka-hamamatsu,1
2026-06-02,/registry/maps/yukina-tottori,1
2026-06-02,/registry/maps/yukina-tw-tainan,1
2026-06-02,/registry/mods/advanced-analytics,1
2026-06-02,/registry/mods/citymapper,1
2026-06-02,/registry/mods/simple-trains,1
2026-06-02,/registry/mods/tod,1
2026-06-02,/registry/world-map,3
2026-06-02,/template-mod/docs/v1.0/debugging,1
2026-06-02,/template-mod/docs/v1.0/type-reference,1
2026-06-03,/,17
2026-06-03,/credits,1
2026-06-03,/railyard,9
2026-06-03,/railyard/browse,1
2026-06-03,/railyard/docs/latest/players/github-token,2
2026-06-03,/railyard/docs/v0.2/players,1
2026-06-03,/railyard/maps/gwangju-3/changelog/0.2.0,1
2026-06-03,/railyard/maps/mfn-hong-kong/changelog/0.4.0,1
2026-06-03,/railyard/maps/monterrey,1
2026-06-03,/railyard/maps/south-florida/changelog/v1.1.0,1
2026-06-03,/railyard/maps/yukina-bydgoszcz-torun/changelog/0.1.0,1
2026-06-03,/railyard/maps/yukina-tw-chiayi,1
2026-06-03,/railyard/mods/advanced-analytics/changelog/v1.4.0,1
2026-06-03,/railyard/mods/advanced-analytics/changelog/v1.4.2,1
2026-06-03,/railyard/mods/distance-circles,1
2026-06-03,/railyard/mods/track-visualizer,1
2026-06-03,/registry,2
2026-06-03,/registry/maps/bangkok,1
2026-06-03,/registry/maps/jelegend-tokyo,2
2026-06-03,/registry/maps/johor-bahru,1
2026-06-03,/registry/maps/waterloo,1
2026-06-03,/registry/maps/yukina-cz-brno,1
2026-06-03,/registry/maps/yukina-cz-liberec-jablonec,1
2026-06-03,/registry/maps/yukina-cz-plzen,1
2026-06-03,/registry/maps/yukina-kumamoto,1
2026-06-03,/registry/maps/yukina-kyoto,1
2026-06-03,/registry/maps/yukina-osaka,1
2026-06-03,/registry/maps/yukina-pl-krakow,3
2026-06-03,/registry/maps/yukina-pl-lublin,1
2026-06-03,/registry/maps/yukina-pl-poznan,1
2026-06-03,/registry/maps/yukina-pl-wroclaw,1
2026-06-03,/registry/maps/yukina-sendai,1
2026-06-03,/template-mod/updates/v1.0.0,1
2026-06-04,/,57
2026-06-04,/railyard,10
2026-06-04,/railyard/browse,14
2026-06-04,/railyard/docs,8
2026-06-04,/railyard/docs/latest/players/github-token,17
2026-06-04,/railyard/docs/v0.2/players,1
2026-06-04,/railyard/docs/v0.2/players/installing-railyard/windows,1
2026-06-04,/railyard/maps/albany,1
2026-06-04,/railyard/maps/baltimore-dc-corridor,1
2026-06-04,/railyard/maps/greater-los-angeles,1
2026-06-04,/railyard/maps/ipoh,1
2026-06-04,/railyard/maps/johor-bahru,1
2026-06-04,/railyard/maps/mfn-rdu,1
2026-06-04,/railyard/maps/oslo-no,1
2026-06-04,/railyard/maps/tel-aviv,1
2026-06-04,/railyard/maps/toronto,2
2026-06-04,/railyard/maps/yukina-asahikawa,1
2026-06-04,/railyard/maps/yukina-bydgoszcz-torun,2
2026-06-04,/railyard/maps/yukina-cz-ostrava,1
2026-06-04,/railyard/maps/yukina-cz-praha,1
2026-06-04,/railyard/maps/yukina-fukuoka,1
2026-06-04,/railyard/maps/yukina-hakodate,1
2026-06-04,/railyard/maps/yukina-kagoshima-kirishima,1
2026-06-04,/railyard/maps/yukina-kobe-akashi,1
2026-06-04,/railyard/maps/yukina-kochi,1
2026-06-04,/railyard/maps/yukina-kumamoto,2
2026-06-04,/railyard/maps/yukina-niigata,1
2026-06-04,/railyard/maps/yukina-northern-kyushu,1
2026-06-04,/railyard/maps/yukina-pl-wroclaw,1
2026-06-04,/railyard/maps/yukina-sendai,1
2026-06-04,/railyard/mods,1
2026-06-04,/railyard/mods/chinese-trains,2
2026-06-04,/railyard/mods/cinematic-camera,1
2026-06-04,/railyard/mods/distance-circles,3
2026-06-04,/railyard/mods/lrt-trains,2
2026-06-04,/railyard/mods/mode-manager,2
2026-06-04,/railyard/mods/satellite-overlay,1
2026-06-04,/railyard/mods/station-dots,2
2026-06-04,/railyard/mods/subwaybuilder-regions,1
2026-06-04,/railyard/mods/tod,2
2026-06-04,/railyard/mods/track-visualizer,2
2026-06-04,/railyard/mods/transit-overlay,1
2026-06-04,/railyard/mods/valdotoriums-trains,1
2026-06-04,/railyard/updates,1
2026-06-04,/railyard/updates/v0.1.2,1
2026-06-04,/railyard/updates/v0.1.4,1
2026-06-04,/railyard/updates/v0.1.6,1
2026-06-04,/railyard/updates/v0.2.2,2
2026-06-04,/railyard/updates/v0.2.3,1
2026-06-04,/registry,1
2026-06-04,/registry/authors/BarKuperman,1
2026-06-04,/registry/authors/Valdotorium,1
2026-06-04,/registry/authors/ahkimn,1
2026-06-04,/registry/authors/hsullivan1201,2
2026-06-04,/registry/authors/seanyushoumori,1
2026-06-04,/registry/maps/bilbao,1
2026-06-04,/registry/maps/greater-los-angeles,3
2026-06-04,/registry/maps/guangzhou,1
2026-06-04,/registry/maps/ipoh,1
2026-06-04,/registry/maps/mexicali,1
2026-06-04,/registry/maps/mfn-rdu,1
2026-06-04,/registry/maps/rotterdam-the-hague,4
2026-06-04,/registry/maps/valencia,2
2026-06-04,/registry/maps/yukina-pl-szczecin,1
2026-06-04,/registry/maps/yukina-tw-taipei,2
2026-06-04,/registry/mods/advanced-analytics,1
2026-06-04,/registry/mods/danield1909-dantrains,1
2026-06-04,/registry/mods/mode-manager,3
2026-06-04,/registry/mods/station-dots,1
2026-06-04,/registry/mods/track-visualizer,1
2026-06-04,/registry/trending,2
2026-06-04,/registry/world-map,1
2026-06-04,/template-mod/docs,1
2026-06-04,/template-mod/docs/v1.0,1
2026-06-04,/template-mod/docs/v1.0/common-patterns,2
2026-06-04,/template-mod/docs/v1.0/getting-started,1
2026-06-04,/template-mod/docs/v1.0/project-structure,1
2026-06-04,/template-mod/docs/v1.0/react-components,1
2026-06-04,/template-mod/docs/v1.0/type-reference,1
2026-06-04,/updates,1
2026-06-04,/website,1
2026-06-05,/,48
2026-06-05,/contribute,2
2026-06-05,/credits,5
2026-06-05,/license,1
2026-06-05,/railyard,18
2026-06-05,/railyard/analytics,3
2026-06-05,/railyard/browse,8
2026-06-05,/railyard/docs,1
2026-06-05,/railyard/docs/latest/players/github-token,17
2026-06-05,/railyard/docs/v0.1/players/install-guide-macos,1
2026-06-05,/railyard/docs/v0.1/players/install-guide-windows,1
2026-06-05,/railyard/docs/v0.2/developers,1
2026-06-05,/railyard/docs/v0.2/developers/data-quality,2
2026-06-05,/railyard/docs/v0.2/players,4
2026-06-05,/railyard/docs/v0.2/players/github-token,1
2026-06-05,/railyard/docs/v0.2/players/installing-railyard,1
2026-06-05,/railyard/docs/v0.2/players/installing-railyard/macos,4
2026-06-05,/railyard/docs/v0.2/players/installing-railyard/windows,4
2026-06-05,/railyard/maps/barcelona,1
2026-06-05,/railyard/maps/chimbote,3
2026-06-05,/railyard/maps/glasgow-edinburgh,3
2026-06-05,/railyard/maps/greater-portland,1
2026-06-05,/railyard/maps/huancayo-jauja,2
2026-06-05,/railyard/maps/jerusalem,1
2026-06-05,/railyard/maps/lima,1
2026-06-05,/railyard/maps/mfn-hong-kong,2
2026-06-05,/railyard/maps/mfn-rdu,1
2026-06-05,/railyard/maps/montreal,2
2026-06-05,/railyard/maps/montreal/changelog/1.1.3,1
2026-06-05,/railyard/maps/puerto-rico,1
2026-06-05,/railyard/maps/riviera-romagnola,1
2026-06-05,/railyard/maps/toronto,1
2026-06-05,/railyard/maps/toronto/changelog/1.1.3,1
2026-06-05,/railyard/maps/trondheim-val,1
2026-06-05,/railyard/maps/vancouver,1
2026-06-05,/railyard/maps/vancouver/changelog/1.1.3,1
2026-06-05,/railyard/maps/yukina-bydgoszcz-torun,1
2026-06-05,/railyard/maps/yukina-cz-olomouc,1
2026-06-05,/railyard/maps/yukina-cz-praha,1
2026-06-05,/railyard/maps/yukina-cz-praha/changelog/0.2.0,1
2026-06-05,/railyard/maps/yukina-hiroshima-kure,2
2026-06-05,/railyard/maps/yukina-kitakyushu-shimonoseki,2
2026-06-05,/railyard/maps/yukina-kobe-akashi,1
2026-06-05,/railyard/maps/yukina-morioka,2
2026-06-05,/railyard/maps/yukina-nakaumi,1
2026-06-05,/railyard/maps/yukina-okinawa,1
2026-06-05,/railyard/maps/yukina-osaka,1
2026-06-05,/railyard/maps/yukina-pl-katowice-gzm,3
2026-06-05,/railyard/maps/yukina-pl-lodz,1
2026-06-05,/railyard/maps/yukina-pl-poznan,1
2026-06-05,/railyard/maps/yukina-pl-rzeszow,1
2026-06-05,/railyard/maps/yukina-pl-warszawa,1
2026-06-05,/railyard/maps/yukina-sapporo-chitose/changelog/0.4.0,1
2026-06-05,/railyard/maps/yukina-tw-hsinchu,1
2026-06-05,/railyard/maps/yukina-tw-kaohsiung,1
2026-06-05,/railyard/maps/yukina-tw-taichung,2
2026-06-05,/railyard/maps/yukina-tw-taipei,1
2026-06-05,/railyard/maps/yukina-yamagata,1
2026-06-05,/railyard/mods/advanced-analytics,1
2026-06-05,/railyard/mods/advanced-analytics/changelog/v1.4.0,1
2026-06-05,/railyard/mods/chinese-trains,1
2026-06-05,/railyard/mods/cinematic-camera,1
2026-06-05,/railyard/mods/danield1909-dantrains,3
2026-06-05,/railyard/mods/distance-circles,1
2026-06-05,/railyard/mods/lrt-trains,2
2026-06-05,/railyard/mods/orbital-surveyor,6
2026-06-05,/railyard/mods/tod,1
2026-06-05,/railyard/mods/track-visualizer,4
2026-06-05,/railyard/mods/valdotoriums-trains,1
2026-06-05,/railyard/updates,1
2026-06-05,/railyard/updates/v0.1.0,2
2026-06-05,/railyard/updates/v0.1.1,1
2026-06-05,/railyard/updates/v0.1.2,1
2026-06-05,/railyard/updates/v0.2.2,1
2026-06-05,/railyard/updates/v0.2.3,1
2026-06-05,/registry,6
2026-06-05,/registry/authors/Maximilian284,1
2026-06-05,/registry/authors/Mpfk,1
2026-06-05,/registry/maps/bangkok,1
2026-06-05,/registry/maps/bergen-stavanger-no,1
2026-06-05,/registry/maps/calgary,2
2026-06-05,/registry/maps/catania,1
2026-06-05,/registry/maps/cdmx-core,1
2026-06-05,/registry/maps/chiclayo,1
2026-06-05,/registry/maps/cusco,1
2026-06-05,/registry/maps/greater-newyork,1
2026-06-05,/registry/maps/iquitos,1
2026-06-05,/registry/maps/kristiansand-no,1
2026-06-05,/registry/maps/los-angeles-county,1
2026-06-05,/registry/maps/mfn-hong-kong,1
2026-06-05,/registry/maps/montreal,2
2026-06-05,/registry/maps/ottawa,1
2026-06-05,/registry/maps/piura,1
2026-06-05,/registry/maps/quebec-city,2
2026-06-05,/registry/maps/riviera-romagnola,10
2026-06-05,/registry/maps/spokane,3
2026-06-05,/registry/maps/toronto,2
2026-06-05,/registry/maps/trondheim-val,1
2026-06-05,/registry/maps/vancouver,3
2026-06-05,/registry/maps/winnipeg,3
2026-06-05,/registry/maps/yukina-bydgoszcz-torun,1
2026-06-05,/registry/maps/yukina-kagoshima-kirishima,1
2026-06-05,/registry/maps/yukina-nakaumi,1
2026-06-05,/registry/maps/yukina-northern-kyushu,1
2026-06-05,/registry/maps/yukina-pl-lodz,1
2026-06-05,/registry/maps/yukina-pl-wroclaw,1
2026-06-05,/registry/maps/yukina-tottori,1
2026-06-05,/registry/maps/yukina-tw-chiayi,1
2026-06-05,/registry/maps/yukina-tw-hsinchu,1
2026-06-05,/registry/maps/yukina-tw-kaohsiung,1
2026-06-05,/registry/maps/yukina-tw-taichung,1
2026-06-05,/registry/maps/yukina-tw-tainan,1
2026-06-05,/registry/maps/yukina-tw-taipei,1
2026-06-05,/registry/maps/yukina-yamagata,1
2026-06-05,/registry/mods/advanced-analytics,3
2026-06-05,/registry/mods/any-money,1
2026-06-05,/registry/mods/tod,2
2026-06-05,/registry/trending,1
2026-06-05,/registry/world-map,1
2026-06-05,/template-mod,2
2026-06-05,/template-mod/docs,2
2026-06-05,/template-mod/docs/v1.0/project-structure,1
2026-06-05,/template-mod/updates,2
2026-06-05,/tools/md-playground,1
2026-06-05,/updates/railyard/v0.1.3,1
2026-06-05,/website,2
2026-06-05,/website/updates,1
2026-06-06,/,56
2026-06-06,/contribute,1
2026-06-06,/credits,3
2026-06-06,/railyard,18
2026-06-06,/railyard/browse,25
2026-06-06,/railyard/docs/latest/players/github-token,20
2026-06-06,/railyard/docs/v0.1/developers/publishing-projects,1
2026-06-06,/railyard/docs/v0.1/developers/using-custom-url,1
2026-06-06,/railyard/docs/v0.1/players/github-token,1
2026-06-06,/railyard/docs/v0.1/players/install-guide-windows,1
2026-06-06,/railyard/docs/v0.2/developers,1
2026-06-06,/railyard/docs/v0.2/developers/dependencies,1
2026-06-06,/railyard/docs/v0.2/players/github-token,6
2026-06-06,/railyard/docs/v0.2/players/importing-custom-assets,1
2026-06-06,/railyard/docs/v0.2/players/installing-railyard/macos,1
2026-06-06,/railyard/docs/v0.2/players/installing-railyard/windows,2
2026-06-06,/railyard/docs/v0.2/players/profile-management,1
2026-06-06,/railyard/maps,1
2026-06-06,/railyard/maps/busan-4/changelog/0.1.0,1
2026-06-06,/railyard/maps/chiclayo,2
2026-06-06,/railyard/maps/cusco,1
2026-06-06,/railyard/maps/daejeon-4/changelog/0.1.0,1
2026-06-06,/railyard/maps/greater-baltimore,1
2026-06-06,/railyard/maps/greater-kuala-lumpur,1
2026-06-06,/railyard/maps/greater-newyork,1
2026-06-06,/railyard/maps/greatertwincities,1
2026-06-06,/railyard/maps/jerusalem,1
2026-06-06,/railyard/maps/los-angeles-county,1
2026-06-06,/railyard/maps/mfn-hamptonroads,2
2026-06-06,/railyard/maps/mfn-hong-kong,2
2026-06-06,/railyard/maps/puerto-rico,1
2026-06-06,/railyard/maps/pulau-pinang,2
2026-06-06,/railyard/maps/rome,1
2026-06-06,/railyard/maps/tromso-no,1
2026-06-06,/railyard/maps/trujillo,1
2026-06-06,/railyard/maps/warsaw-val,1
2026-06-06,/railyard/maps/yukina-bydgoszcz-torun,1
2026-06-06,/railyard/maps/yukina-cz-brno,1
2026-06-06,/railyard/maps/yukina-cz-ceske-budejovice,1
2026-06-06,/railyard/maps/yukina-cz-olomouc,1
2026-06-06,/railyard/maps/yukina-cz-ostrava,1
2026-06-06,/railyard/maps/yukina-cz-plzen,1
2026-06-06,/railyard/maps/yukina-fukuoka,1
2026-06-06,/railyard/maps/yukina-kyoto,1
2026-06-06,/railyard/maps/yukina-matsuyama,1
2026-06-06,/railyard/maps/yukina-nagoya,1
2026-06-06,/railyard/maps/yukina-northern-kyushu,1
2026-06-06,/railyard/maps/yukina-osaka,1
2026-06-06,/railyard/maps/yukina-pl-krakow,1
2026-06-06,/railyard/maps/yukina-pl-lodz,5
2026-06-06,/railyard/maps/yukina-pl-szczecin,1
2026-06-06,/railyard/maps/yukina-pl-wroclaw,1
2026-06-06,/railyard/maps/yukina-tw-taipei,1
2026-06-06,/railyard/mods/advanced-analytics,2
2026-06-06,/railyard/mods/advanced-analytics/changelog/v1.2.7,1
2026-06-06,/railyard/mods/citymapper,2
2026-06-06,/railyard/mods/danield1909-dantrains,1
2026-06-06,/railyard/mods/game-speedup,2
2026-06-06,/railyard/mods/lrt-trains,2
2026-06-06,/railyard/mods/network-status,1
2026-06-06,/railyard/mods/orbital-surveyor,3
2026-06-06,/railyard/mods/satellite-overlay,1
2026-06-06,/railyard/mods/simple-trains,3
2026-06-06,/railyard/mods/station-dots,3
2026-06-06,/railyard/mods/tod,4
2026-06-06,/railyard/mods/track-visualizer,3
2026-06-06,/railyard/updates/v0.1.5,1
2026-06-06,/registry,1
2026-06-06,/registry/authors/BarKuperman,1
2026-06-06,/registry/authors/kaicardenas0618,1
2026-06-06,/registry/authors/seanyushoumori,1
2026-06-06,/registry/authors/stefanorigano,1
2026-06-06,/registry/maps/baltimore-dc-corridor,2
2026-06-06,/registry/maps/barcelona,4
2026-06-06,/registry/maps/chimbote,1
2026-06-06,/registry/maps/edmonton,1
2026-06-06,/registry/maps/florence,1
2026-06-06,/registry/maps/glasgow-edinburgh,1
2026-06-06,/registry/maps/greater-kuala-lumpur,1
2026-06-06,/registry/maps/huancayo-jauja,1
2026-06-06,/registry/maps/jelegend-tokyo,3
2026-06-06,/registry/maps/mfn-hong-kong,3
2026-06-06,/registry/maps/monterrey,1
2026-06-06,/registry/maps/montreal,2
2026-06-06,/registry/maps/pianura-veneta,1
2026-06-06,/registry/maps/rhode-island,1
2026-06-06,/registry/maps/rome,1
2026-06-06,/registry/maps/san-juan,1
2026-06-06,/registry/maps/singapore-val,1
2026-06-06,/registry/maps/tel-aviv,1
2026-06-06,/registry/maps/tri-cities,1
2026-06-06,/registry/maps/yukina-asahikawa,1
2026-06-06,/registry/maps/yukina-fukuoka,1
2026-06-06,/registry/maps/yukina-kagoshima-kirishima,1
2026-06-06,/registry/maps/yukina-kumamoto,1
2026-06-06,/registry/maps/yukina-kyoto,1
2026-06-06,/registry/maps/yukina-morioka,1
2026-06-06,/registry/maps/yukina-niigata,1
2026-06-06,/registry/maps/yukina-osaka,1
2026-06-06,/registry/maps/yukina-pl-wroclaw,1
2026-06-06,/registry/maps/yukina-tottori,1
2026-06-06,/registry/maps/yukina-toyama,1
2026-06-06,/registry/maps/yukina-tw-chiayi,1
2026-06-06,/registry/maps/yukina-tw-hsinchu,3
2026-06-06,/registry/maps/yukina-tw-taipei,1
2026-06-06,/registry/mods/advanced-analytics,1
2026-06-06,/registry/mods/transit-overlay,3
2026-06-06,/registry/trending,3
2026-06-06,/registry/world-map,1
2026-06-06,/template-mod,2
2026-06-06,/template-mod/docs,1
2026-06-06,/template-mod/docs/v1.0/common-patterns,2
2026-06-06,/template-mod/docs/v1.0/debugging,1
2026-06-06,/template-mod/docs/v1.0/getting-started,1
2026-06-06,/template-mod/docs/v1.0/react-components,1
2026-06-06,/template-mod/docs/v1.0/type-reference,1
2026-06-06,/template-mod/updates/v1.0.0,2
2026-06-06,/tools/md-playground,1
2026-06-06,/updates/template-mod,1
2026-06-06,/website,2
2026-06-06,/website/updates,2
2026-06-06,/website/updates/v1.0.1,1
2026-06-06,/website/updates/v1.0.2,1
2026-06-06,/website/updates/v1.0.3,1
2026-06-07,/,45
2026-06-07,/credits,1
2026-06-07,/license,1
2026-06-07,/railyard,28
2026-06-07,/railyard/browse,19
2026-06-07,/railyard/docs,10
2026-06-07,/railyard/docs/latest/players/github-token,10
2026-06-07,/railyard/docs/v0.1/players/github-token,1
2026-06-07,/railyard/docs/v0.1/players/install-guide-macos,1
2026-06-07,/railyard/docs/v0.2/developers,2
2026-06-07,/railyard/docs/v0.2/developers/data-quality,2
2026-06-07,/railyard/docs/v0.2/developers/dependencies,1
2026-06-07,/railyard/docs/v0.2/developers/publishing-projects,3
2026-06-07,/railyard/docs/v0.2/players/github-token,7
2026-06-07,/railyard/docs/v0.2/players/installing-railyard/macos,1
2026-06-07,/railyard/docs/v0.2/players/installing-railyard/windows,1
2026-06-07,/railyard/maps/berlin-val,1
2026-06-07,/railyard/maps/calgary/changelog/1.0.1,1
2026-06-07,/railyard/maps/greater-portland,2
2026-06-07,/railyard/maps/greatertwincities,1
2026-06-07,/railyard/maps/helsinki,1
2026-06-07,/railyard/maps/helsinki/changelog/1.2.0,1
2026-06-07,/railyard/maps/ipoh,1
2026-06-07,/railyard/maps/rhode-island,1
2026-06-07,/railyard/maps/rome,1
2026-06-07,/railyard/maps/sejong-4/changelog/0.2.0,1
2026-06-07,/railyard/maps/seoul-4,1
2026-06-07,/railyard/maps/tijuana-san-diego,4
2026-06-07,/railyard/maps/trujillo,1
2026-06-07,/railyard/maps/valencia/changelog/1.0.2,1
2026-06-07,/railyard/maps/vancouver/changelog/1.0.1,1
2026-06-07,/railyard/maps/yukina-asahikawa,1
2026-06-07,/railyard/maps/yukina-cz-brno,3
2026-06-07,/railyard/maps/yukina-cz-ostrava/changelog/0.1.1,1
2026-06-07,/railyard/maps/yukina-pl-lublin,1
2026-06-07,/railyard/maps/yukina-tw-tainan,1
2026-06-07,/railyard/mods/advanced-analytics/changelog/v1.2.5,1
2026-06-07,/railyard/mods/any-money,4
2026-06-07,/railyard/mods/danield1909-dantrains/changelog/v1.2.0,1
2026-06-07,/railyard/mods/distance-circles,1
2026-06-07,/railyard/mods/game-speedup,1
2026-06-07,/railyard/mods/japanese-trains,7
2026-06-07,/railyard/mods/lrt-trains,2
2026-06-07,/railyard/mods/orbital-surveyor,1
2026-06-07,/railyard/mods/simple-trains,1
2026-06-07,/railyard/mods/station-dots/changelog/v1.2.0,1
2026-06-07,/railyard/mods/tod,12
2026-06-07,/railyard/mods/track-anarchy,9
2026-06-07,/railyard/mods/track-visualizer,6
2026-06-07,/railyard/mods/transit-overlay,2
2026-06-07,/railyard/updates,8
2026-06-07,/railyard/updates/v0.1.0,1
2026-06-07,/railyard/updates/v0.1.5,1
2026-06-07,/railyard/updates/v0.2.0,1
2026-06-07,/registry,9
2026-06-07,/registry/authors/BarKuperman,1
2026-06-07,/registry/maps/bergen-stavanger-no,3
2026-06-07,/registry/maps/iquitos,1
2026-06-07,/registry/maps/lima,1
2026-06-07,/registry/maps/madrid,1
2026-06-07,/registry/maps/santa-barbara,1
2026-06-07,/registry/maps/trujillo,1
2026-06-07,/registry/maps/yukina-kagoshima-kirishima,1
2026-06-07,/registry/maps/yukina-matsuyama,1
2026-06-07,/registry/maps/yukina-tw-hsinchu,1
2026-06-07,/registry/maps/yukina-tw-tainan,1
2026-06-07,/registry/mods/lrt-trains,1
2026-06-07,/registry/mods/tod,1
2026-06-07,/registry/trending,1
2026-06-07,/registry/world-map,4
2026-06-07,/template-mod/docs,4
2026-06-07,/template-mod/docs/v1.0/common-patterns,3
2026-06-07,/template-mod/docs/v1.0/getting-started,3
2026-06-07,/template-mod/docs/v1.0/project-structure,1
2026-06-07,/template-mod/docs/v1.0/type-reference,3
2026-06-07,/tools/md-playground,1
2026-06-07,/updates/railyard,1
2026-06-07,/updates/template-mod/v1.0.1,1
2026-06-07,/website,1
2026-06-07,/website/updates/v1.0.0,1
2026-06-08,/,20
2026-06-08,/credits,1
2026-06-08,/railyard,4
2026-06-08,/railyard/analytics,1
2026-06-08,/railyard/browse,5
2026-06-08,/railyard/docs,2
2026-06-08,/railyard/docs/latest/players/github-token,7
2026-06-08,/railyard/maps/bologna,1
2026-06-08,/railyard/maps/ciudad-de-mexico,1
2026-06-08,/railyard/maps/greater-kuala-lumpur,1
2026-06-08,/railyard/maps/mfn-rdu,1
2026-06-08,/railyard/maps/toronto,2
2026-06-08,/railyard/maps/yukina-pl-lodz,2
2026-06-08,/railyard/maps/yukina-tw-taichung,2
2026-06-08,/railyard/mods/advanced-analytics/changelog/v1.4.0,1
2026-06-08,/railyard/mods/citymapper/changelog/v0.2.1,1
2026-06-08,/railyard/mods/orbital-surveyor,3
2026-06-08,/railyard/mods/track-anarchy,2
2026-06-08,/railyard/updates,1
2026-06-08,/railyard/updates/v0.1.4,1
2026-06-08,/registry,1
2026-06-08,/registry/maps/bangkok,1
2026-06-08,/registry/maps/knoxville,1
2026-06-08,/registry/maps/mexicali,1
2026-06-08,/registry/maps/rotterdam-the-hague,1
2026-06-08,/registry/maps/yukina-cz-ceske-budejovice,1
2026-06-08,/registry/maps/yukina-cz-ustecko-chomutov,2
2026-06-08,/registry/maps/yukina-hakodate,1
2026-06-08,/registry/maps/yukina-kagoshima-kirishima,1
2026-06-08,/registry/maps/yukina-kitakyushu-shimonoseki,1
2026-06-08,/registry/maps/yukina-pl-rzeszow,1
2026-06-08,/registry/maps/yukina-tw-kaohsiung,1
2026-06-08,/registry/maps/yukina-tw-taichung,1
2026-06-08,/registry/mods/advanced-analytics,1
2026-06-08,/registry/mods/citymapper,1
2026-06-08,/registry/mods/lrt-trains,2
2026-06-08,/registry/mods/simple-trains,1
2026-06-08,/registry/mods/subwaybuilder-regions,1
2026-06-08,/registry/mods/tod,3
2026-06-08,/registry/trending,1
2026-06-08,/template-mod,7
2026-06-08,/template-mod/docs/v1.0/common-patterns,1
2026-06-08,/template-mod/updates,2
2026-06-08,/website,1
2026-06-09,/,44
2026-06-09,/contribute,1
2026-06-09,/credits,4
2026-06-09,/railyard,26
2026-06-09,/railyard/browse,15
2026-06-09,/railyard/docs,2
2026-06-09,/railyard/docs/latest/players/github-token,4
2026-06-09,/railyard/docs/v0.2/players/github-token,5
2026-06-09,/railyard/docs/v0.2/players/installing-railyard/linux,1
2026-06-09,/railyard/maps,1
2026-06-09,/railyard/maps/arequipa,1
2026-06-09,/railyard/maps/bangkok,1
2026-06-09,/railyard/maps/berlin-val,1
2026-06-09,/railyard/maps/chiclayo,1
2026-06-09,/railyard/maps/chimbote,1
2026-06-09,/railyard/maps/ciudad-de-mexico,1
2026-06-09,/railyard/maps/cusco,1
2026-06-09,/railyard/maps/huancayo-jauja,1
2026-06-09,/railyard/maps/iquitos,1
2026-06-09,/railyard/maps/johor-bahru,1
2026-06-09,/railyard/maps/sacramento/changelog/1.0.0,2
2026-06-09,/railyard/maps/singapore-val,1
2026-06-09,/railyard/maps/sydney,2
2026-06-09,/railyard/maps/warsaw-val,1
2026-06-09,/railyard/maps/yukina-asahikawa,1
2026-06-09,/railyard/maps/yukina-bydgoszcz-torun,3
2026-06-09,/railyard/maps/yukina-cz-ostrava/changelog/0.1.1,1
2026-06-09,/railyard/maps/yukina-cz-plzen/changelog/0.1.0,1
2026-06-09,/railyard/maps/yukina-cz-praha,4
2026-06-09,/railyard/maps/yukina-cz-ustecko-chomutov,1
2026-06-09,/railyard/maps/yukina-kagoshima-kirishima,1
2026-06-09,/railyard/maps/yukina-osaka/changelog/0.1.0,1
2026-06-09,/railyard/maps/yukina-sapporo-chitose,1
2026-06-09,/railyard/maps/yukina-tottori,1
2026-06-09,/railyard/maps/yukina-tw-tainan,1
2026-06-09,/railyard/maps/yukina-yamagata/changelog/0.3.0,1
2026-06-09,/railyard/mods/cinematic-camera,3
2026-06-09,/railyard/mods/orbital-surveyor/changelog/v1.1.1,1
2026-06-09,/railyard/mods/tod,3
2026-06-09,/railyard/mods/valdotoriums-trains,1
2026-06-09,/railyard/updates,6
2026-06-09,/railyard/updates/v0.1.1,1
2026-06-09,/railyard/updates/v0.2.3,1
2026-06-09,/registry/authors/Bobby-047,1
2026-06-09,/registry/authors/kaicardenas0618,2
2026-06-09,/registry/maps/barcelona,1
2026-06-09,/registry/maps/berlin-val,1
2026-06-09,/registry/maps/charleston-huntington-wv,1
2026-06-09,/registry/maps/ciudad-juarez-el-paso,1
2026-06-09,/registry/maps/daegu-4,1
2026-06-09,/registry/maps/greater-kuala-lumpur,3
2026-06-09,/registry/maps/greater-los-angeles,4
2026-06-09,/registry/maps/jelegend-tokyo,1
2026-06-09,/registry/maps/oklahoma-city,1
2026-06-09,/registry/maps/orange-county,1
2026-06-09,/registry/maps/quebec-city,1
2026-06-09,/registry/maps/rome,1
2026-06-09,/registry/maps/sacramento,1
2026-06-09,/registry/maps/san-antonio,1
2026-06-09,/registry/maps/seoul-4,1
2026-06-09,/registry/maps/shenzhen,1
2026-06-09,/registry/maps/singapore-val,1
2026-06-09,/registry/maps/sydney,5
2026-06-09,/registry/maps/trondheim-val,1
2026-06-09,/registry/maps/valencia,1
2026-06-09,/registry/maps/warsaw-val,1
2026-06-09,/registry/maps/yukina-asahikawa,2
2026-06-09,/registry/maps/yukina-cz-ostrava,1
2026-06-09,/registry/maps/yukina-kitakyushu-shimonoseki,2
2026-06-09,/registry/maps/yukina-kobe-akashi,2
2026-06-09,/registry/maps/yukina-kyoto,2
2026-06-09,/registry/maps/yukina-nagoya,2
2026-06-09,/registry/maps/yukina-nakadoori,1
2026-06-09,/registry/maps/yukina-northern-kyushu,2
2026-06-09,/registry/maps/yukina-pl-krakow,1
2026-06-09,/registry/maps/yukina-pl-lublin,1
2026-06-09,/registry/maps/yukina-sapporo-chitose,2
2026-06-09,/registry/maps/yukina-shizuoka-hamamatsu,3
2026-06-09,/registry/maps/yukina-takamatsu,2
2026-06-09,/registry/maps/yukina-toyama,2
2026-06-09,/registry/maps/yukina-tsugaru,2
2026-06-09,/registry/maps/yukina-tw-hsinchu,1
2026-06-09,/registry/maps/yukina-tw-kaohsiung,1
2026-06-09,/registry/mods/lrt-trains,4
2026-06-09,/registry/mods/tod,1
2026-06-09,/registry/world-map,2
2026-06-09,/template-mod,2
2026-06-09,/template-mod/docs/v1.0/getting-started,1
2026-06-09,/website,2
2026-06-10,/,114
2026-06-10,/contribute,1
2026-06-10,/credits,3
2026-06-10,/railyard,34
2026-06-10,/railyard/browse,10
2026-06-10,/railyard/docs,1
2026-06-10,/railyard/docs/latest/players/github-token,13
2026-06-10,/railyard/docs/v0.2/players/github-token,4
2026-06-10,/railyard/docs/v0.2/players/installing-railyard/macos,1
2026-06-10,/railyard/maps/beijing,1
2026-06-10,/railyard/maps/daytonatti,1
2026-06-10,/railyard/maps/iquitos,1
2026-06-10,/railyard/maps/opo-pt-metropolitan,1
2026-06-10,/railyard/maps/orange-county,1
2026-06-10,/railyard/maps/oslo-no,1
2026-06-10,/railyard/maps/riviera-romagnola,1
2026-06-10,/railyard/maps/sacramento,1
2026-06-10,/railyard/maps/seoul-4,1
2026-06-10,/railyard/maps/south-florida/changelog/v1.0.0,1
2026-06-10,/railyard/maps/toronto,3
2026-06-10,/railyard/maps/turin,1
2026-06-10,/railyard/maps/yukina-cz-olomouc,1
2026-06-10,/railyard/maps/yukina-cz-praha,1
2026-06-10,/railyard/maps/yukina-cz-praha/changelog/0.1.0,1
2026-06-10,/railyard/maps/yukina-hakodate,1
2026-06-10,/railyard/maps/yukina-matsuyama/changelog/0.5.0,1
2026-06-10,/railyard/maps/yukina-nakadoori,1
2026-06-10,/railyard/maps/yukina-northern-kyushu/changelog/0.1.0,1
2026-06-10,/railyard/maps/yukina-osaka,1
2026-06-10,/railyard/maps/yukina-sapporo-chitose/changelog/0.4.0,2
2026-06-10,/railyard/maps/yukina-tw-kaohsiung,1
2026-06-10,/railyard/maps/yukina-tw-taichung,1
2026-06-10,/railyard/mods/advanced-analytics,2
2026-06-10,/railyard/mods/any-money,1
2026-06-10,/railyard/mods/chinese-trains,1
2026-06-10,/railyard/mods/distance-circles,2
2026-06-10,/railyard/mods/lrt-trains,2
2026-06-10,/railyard/mods/network-status,1
2026-06-10,/railyard/mods/orbital-surveyor,1
2026-06-10,/railyard/mods/satellite-overlay,1
2026-06-10,/railyard/mods/simple-trains,1
2026-06-10,/railyard/mods/subwaybuilder-regions,5
2026-06-10,/railyard/mods/tod,6
2026-06-10,/railyard/mods/track-visualizer,2
2026-06-10,/railyard/mods/transit-overlay,4
2026-06-10,/railyard/updates,2
2026-06-10,/registry,3
2026-06-10,/registry/authors/BarKuperman,2
2026-06-10,/registry/authors/kaicardenas0618,1
2026-06-10,/registry/authors/seanyushoumori,1
2026-06-10,/registry/authors/stefanorigano,2
2026-06-10,/registry/maps/berlin-val,2
2026-06-10,/registry/maps/cdmx-core,2
2026-06-10,/registry/maps/ciudad-de-mexico,3
2026-06-10,/registry/maps/dublin,1
2026-06-10,/registry/maps/glasgow-edinburgh,1
2026-06-10,/registry/maps/greater-los-angeles,4
2026-06-10,/registry/maps/greater-newyork,2
2026-06-10,/registry/maps/ipoh,2
2026-06-10,/registry/maps/mexicali,1
2026-06-10,/registry/maps/mfn-hong-kong,1
2026-06-10,/registry/maps/mfn-lasvegas,2
2026-06-10,/registry/maps/mfn-northwestar,1
2026-06-10,/registry/maps/oslo-no,1
2026-06-10,/registry/maps/quebec-city,1
2026-06-10,/registry/maps/singapore-val,1
2026-06-10,/registry/maps/tel-aviv,1
2026-06-10,/registry/maps/valencia,2
2026-06-10,/registry/maps/yukina-cz-ostrava,1
2026-06-10,/registry/maps/yukina-cz-praha,1
2026-06-10,/registry/maps/yukina-fukuoka,2
2026-06-10,/registry/maps/yukina-hiroshima-kure,1
2026-06-10,/registry/maps/yukina-kagoshima-kirishima,1
2026-06-10,/registry/maps/yukina-kitakyushu-shimonoseki,2
2026-06-10,/registry/maps/yukina-kobe-akashi,3
2026-06-10,/registry/maps/yukina-kyoto,1
2026-06-10,/registry/maps/yukina-matsuyama,1
2026-06-10,/registry/maps/yukina-nagoya,1
2026-06-10,/registry/maps/yukina-northern-kyushu,2
2026-06-10,/registry/maps/yukina-okinawa,2
2026-06-10,/registry/maps/yukina-osaka,1
2026-06-10,/registry/maps/yukina-pl-katowice-gzm,1
2026-06-10,/registry/maps/yukina-pl-szczecin,1
2026-06-10,/registry/maps/yukina-pl-warszawa,1
2026-06-10,/registry/maps/yukina-sendai,1
2026-06-10,/registry/maps/yukina-shizuoka-hamamatsu,2
2026-06-10,/registry/maps/yukina-toyama,1
2026-06-10,/registry/mods/advanced-analytics,3
2026-06-10,/registry/mods/citymapper,4
2026-06-10,/registry/mods/danield1909-dantrains,8
2026-06-10,/registry/mods/distance-circles,1
2026-06-10,/registry/mods/game-speedup,2
2026-06-10,/registry/mods/japanese-trains,1
2026-06-10,/registry/mods/kr-ktp,2
2026-06-10,/registry/mods/lrt-trains,4
2026-06-10,/registry/mods/network-status,1
2026-06-10,/registry/mods/track-visualizer,3
2026-06-10,/registry/trending,1
2026-06-10,/registry/world-map,2
2026-06-10,/template-mod,2
2026-06-10,/template-mod/docs/v1.0/debugging,1
2026-06-10,/template-mod/updates,2
2026-06-10,/template-mod/updates/v1.0.1,1
2026-06-10,/tools/md-playground,1
2026-06-11,/,56
2026-06-11,/contribute,1
2026-06-11,/credits,6
2026-06-11,/license,1
2026-06-11,/railyard,12
2026-06-11,/railyard/browse,13
2026-06-11,/railyard/docs,2
2026-06-11,/railyard/docs/latest/players/github-token,9
2026-06-11,/railyard/docs/v0.1/players/github-token,1
2026-06-11,/railyard/docs/v0.2/developers,1
2026-06-11,/railyard/docs/v0.2/players,1
2026-06-11,/railyard/docs/v0.2/players/github-token,7
2026-06-11,/railyard/docs/v0.2/players/installing-railyard,1
2026-06-11,/railyard/docs/v0.2/players/installing-railyard/windows,1
2026-06-11,/railyard/maps/berlin-val,4
2026-06-11,/railyard/maps/calgary,1
2026-06-11,/railyard/maps/greater-baltimore,1
2026-06-11,/railyard/maps/jelegend-tokyo/changelog/v0.5.0,1
2026-06-11,/railyard/maps/mfn-lasvegas,1
2026-06-11,/railyard/maps/richmond,1
2026-06-11,/railyard/maps/rome,1
2026-06-11,/railyard/maps/yukina-cz-hradec-pardubice,1
2026-06-11,/railyard/maps/yukina-cz-ustecko-chomutov,1
2026-06-11,/railyard/maps/yukina-fukuoka,1
2026-06-11,/railyard/maps/yukina-osaka,1
2026-06-11,/railyard/maps/yukina-pl-lodz,1
2026-06-11,/railyard/maps/yukina-pl-lublin,1
2026-06-11,/railyard/mods,1
2026-06-11,/railyard/mods/advanced-analytics,2
2026-06-11,/railyard/mods/advanced-analytics/changelog/v1.3.1,1
2026-06-11,/railyard/mods/citymapper,1
2026-06-11,/railyard/mods/game-speedup,2
2026-06-11,/railyard/mods/japanese-trains,3
2026-06-11,/railyard/mods/tod,1
2026-06-11,/railyard/mods/track-anarchy,2
2026-06-11,/railyard/mods/track-visualizer,1
2026-06-11,/railyard/mods/valdotoriums-trains,1
2026-06-11,/railyard/updates/v0.1.4,1
2026-06-11,/registry,3
2026-06-11,/registry/authors/Valdotorium,1
2026-06-11,/registry/authors/kaicardenas0618,2
2026-06-11,/registry/maps/arequipa,1
2026-06-11,/registry/maps/bilbao,1
2026-06-11,/registry/maps/cdmx-core,1
2026-06-11,/registry/maps/chimbote,1
2026-06-11,/registry/maps/guangzhou,1
2026-06-11,/registry/maps/iquitos,1
2026-06-11,/registry/maps/jacksonville,1
2026-06-11,/registry/maps/lima,1
2026-06-11,/registry/maps/mfn-rdu,1
2026-06-11,/registry/maps/naples,2
2026-06-11,/registry/maps/sydney,1
2026-06-11,/registry/maps/yukina-pl-katowice-gzm,1
2026-06-11,/registry/maps/yukina-tw-tainan,1
2026-06-11,/registry/mods/citymapper,1
2026-06-11,/registry/mods/satellite-overlay,1
2026-06-11,/registry/mods/simple-trains,1
2026-06-11,/registry/world-map,1
2026-06-11,/template-mod,1
2026-06-11,/template-mod/docs,2
2026-06-11,/template-mod/docs/v1.0/debugging,1
2026-06-11,/template-mod/docs/v1.0/getting-started,2
2026-06-11,/template-mod/docs/v1.0/react-components,2
2026-06-11,/template-mod/docs/v1.0/type-reference,1
2026-06-11,/updates,1
2026-06-11,/updates/railyard/v0.1.3,1
2026-06-11,/website,2
2026-06-12,/,36
2026-06-12,/contribute,1
2026-06-12,/credits,2
2026-06-12,/railyard,16
2026-06-12,/railyard/analytics,2
2026-06-12,/railyard/browse,11
2026-06-12,/railyard/docs,1
2026-06-12,/railyard/docs/latest/players/github-token,10
2026-06-12,/railyard/docs/v0.1/players/install-guide-macos,1
2026-06-12,/railyard/docs/v0.2/developers,1
2026-06-12,/railyard/docs/v0.2/players,2
2026-06-12,/railyard/docs/v0.2/players/github-token,3
2026-06-12,/railyard/docs/v0.2/players/installing-railyard/windows,3
2026-06-12,/railyard/maps/ciudad-de-mexico/changelog/1.2.0,1
2026-06-12,/railyard/maps/yukina-ee-tartu,1
2026-06-12,/railyard/maps/yukina-kagoshima-kirishima/changelog/0.4.0,1
2026-06-12,/railyard/maps/yukina-okinawa,1
2026-06-12,/railyard/maps/yukina-pl-krakow,1
2026-06-12,/railyard/maps/yukina-pl-rzeszow,1
2026-06-12,/railyard/maps/yukina-tw-tainan,1
2026-06-12,/railyard/mods/any-money,1
2026-06-12,/railyard/mods/danield1909-dantrains/changelog/v1.0.0,1
2026-06-12,/railyard/mods/subwaybuilder-regions,1
2026-06-12,/railyard/mods/track-anarchy,1
2026-06-12,/railyard/mods/track-visualizer,1
2026-06-12,/railyard/mods/valdotoriums-trains,1
2026-06-12,/railyard/updates,1
2026-06-12,/railyard/updates/v0.1.2,1
2026-06-12,/registry,4
2026-06-12,/registry/authors/DanielD1909,1
2026-06-12,/registry/maps/bangkok,1
2026-06-12,/registry/maps/berlin-val,1
2026-06-12,/registry/maps/greater-baltimore,1
2026-06-12,/registry/maps/jelegend-tokyo,1
2026-06-12,/registry/maps/jerusalem,1
2026-06-12,/registry/maps/mfn-hamptonroads,1
2026-06-12,/registry/maps/sydney,1
2026-06-12,/registry/maps/ulsan-3,1
2026-06-12,/registry/maps/yukina-cz-ostrava,1
2026-06-12,/registry/maps/yukina-nakaumi,1
2026-06-12,/registry/maps/yukina-sendai,1
2026-06-12,/registry/mods/orbital-surveyor,1
2026-06-12,/registry/mods/simple-trains,1
2026-06-12,/registry/mods/track-anarchy,1
2026-06-12,/registry/world-map,2
2026-06-12,/template-mod,1
2026-06-12,/template-mod/docs,3
2026-06-12,/template-mod/docs/v1.0/common-patterns,1
2026-06-12,/template-mod/docs/v1.0/debugging,1
2026-06-12,/template-mod/docs/v1.0/getting-started,1
2026-06-12,/template-mod/docs/v1.0/project-structure,1
2026-06-12,/template-mod/docs/v1.0/react-components,1
2026-06-12,/template-mod/docs/v1.0/type-reference,1
2026-06-12,/template-mod/updates,1
2026-06-12,/tools/md-playground,1
2026-06-12,/updates/railyard/v0.1.1,1
2026-06-12,/website,1
2026-06-13,/,59
2026-06-13,/railyard,16
2026-06-13,/railyard/analytics,1
2026-06-13,/railyard/browse,4
2026-06-13,/railyard/docs,1
2026-06-13,/railyard/docs/latest/players/github-token,9
2026-06-13,/railyard/docs/v0.1/developers,1
2026-06-13,/railyard/docs/v0.1/developers/data-quality,1
2026-06-13,/railyard/docs/v0.1/players/install-guide-macos,2
2026-06-13,/railyard/docs/v0.1/players/install-guide-windows,1
2026-06-13,/railyard/docs/v0.2/developers/dependencies,1
2026-06-13,/railyard/docs/v0.2/developers/publishing-projects,4
2026-06-13,/railyard/docs/v0.2/players/country-flag-emojis,1
2026-06-13,/railyard/docs/v0.2/players/github-token,3
2026-06-13,/railyard/docs/v0.2/players/installing-railyard,1
2026-06-13,/railyard/docs/v0.2/players/profile-management,1
2026-06-13,/railyard/maps/bergen-stavanger-no,1
2026-06-13,/railyard/maps/berlin-val,2
2026-06-13,/railyard/maps/bucharest-medium,1
2026-06-13,/railyard/maps/buffalo-ny,1
2026-06-13,/railyard/maps/busan-3,1
2026-06-13,/railyard/maps/edmonton,1
2026-06-13,/railyard/maps/glasgow-edinburgh,1
2026-06-13,/railyard/maps/greater-los-angeles,1
2026-06-13,/railyard/maps/guangzhou,1
2026-06-13,/railyard/maps/kristiansand-no,1
2026-06-13,/railyard/maps/lima,1
2026-06-13,/railyard/maps/mexicali,2
2026-06-13,/railyard/maps/mfn-hamptonroads,1
2026-06-13,/railyard/maps/seoul-4,1
2026-06-13,/railyard/maps/south-florida,1
2026-06-13,/railyard/maps/yukina-asahikawa,1
2026-06-13,/railyard/maps/yukina-cz-olomouc,2
2026-06-13,/railyard/maps/yukina-ee-tallinn,2
2026-06-13,/railyard/maps/yukina-ee-tartu,6
2026-06-13,/railyard/maps/yukina-pl-zielona-gora,5
2026-06-13,/railyard/mods/distance-circles/changelog/0.4.0,1
2026-06-13,/railyard/mods/game-speedup,3
2026-06-13,/railyard/mods/japanese-trains,1
2026-06-13,/railyard/mods/lrt-trains,1
2026-06-13,/railyard/mods/mode-manager,1
2026-06-13,/railyard/mods/orbital-surveyor,1
2026-06-13,/railyard/mods/station-dots,1
2026-06-13,/railyard/mods/subwaybuilder-regions,1
2026-06-13,/railyard/mods/track-anarchy,1
2026-06-13,/railyard/mods/track-visualizer,2
2026-06-13,/registry,2
2026-06-13,/registry/authors/BarKuperman,2
2026-06-13,/registry/authors/seanyushoumori,1
2026-06-13,/registry/authors/stefanorigano,1
2026-06-13,/registry/maps/anchorage-ak,1
2026-06-13,/registry/maps/bari,1
2026-06-13,/registry/maps/berlin-val,1
2026-06-13,/registry/maps/ciudad-de-mexico,1
2026-06-13,/registry/maps/garda-lake,1
2026-06-13,/registry/maps/glasgow-edinburgh,1
2026-06-13,/registry/maps/greater-kuala-lumpur,3
2026-06-13,/registry/maps/greater-los-angeles,2
2026-06-13,/registry/maps/jelegend-tokyo,2
2026-06-13,/registry/maps/mfn-northwestar,1
2026-06-13,/registry/maps/montreal,1
2026-06-13,/registry/maps/naples,1
2026-06-13,/registry/maps/palermo,1
2026-06-13,/registry/maps/pianura-veneta,1
2026-06-13,/registry/maps/rhode-island,1
2026-06-13,/registry/maps/rome,1
2026-06-13,/registry/maps/tel-aviv,2
2026-06-13,/registry/maps/trondheim-val,1
2026-06-13,/registry/maps/turin,2
2026-06-13,/registry/maps/yukina-cz-liberec-jablonec,1
2026-06-13,/registry/maps/yukina-kobe-akashi,1
2026-06-13,/registry/maps/yukina-kumamoto,1
2026-06-13,/registry/maps/yukina-kyoto,1
2026-06-13,/registry/maps/yukina-nagasaki,1
2026-06-13,/registry/maps/yukina-okayama,2
2026-06-13,/registry/maps/yukina-sapporo-chitose,1
2026-06-13,/registry/maps/yukina-shizuoka-hamamatsu,1
2026-06-13,/registry/maps/yukina-toyama,2
2026-06-13,/registry/maps/yukina-tw-chiayi,2
2026-06-13,/registry/maps/yukina-tw-hsinchu,1
2026-06-13,/registry/mods/game-speedup,1
2026-06-13,/registry/mods/satellite-overlay,1
2026-06-13,/registry/mods/station-dots,3
2026-06-13,/registry/trending,1
2026-06-13,/registry/world-map,1
2026-06-13,/template-mod,1
2026-06-13,/template-mod/docs,1
2026-06-13,/tools/md-playground,2
2026-06-13,/updates/railyard/v0.1.3,1
2026-06-13,/updates/railyard/v0.2.2,3
2026-06-13,/website,2
2026-06-13,/website/updates/v1.0.2,1
2026-06-14,/,81
2026-06-14,/credits,5
2026-06-14,/license,1
2026-06-14,/railyard,15
2026-06-14,/railyard/analytics,1
2026-06-14,/railyard/browse,27
2026-06-14,/railyard/docs,2
2026-06-14,/railyard/docs/latest/players/github-token,7
2026-06-14,/railyard/docs/v0.2,1
2026-06-14,/railyard/docs/v0.2/players,1
2026-06-14,/railyard/docs/v0.2/players/importing-custom-assets,1
2026-06-14,/railyard/docs/v0.2/players/installing-railyard,1
2026-06-14,/railyard/docs/v0.2/players/installing-railyard/linux,1
2026-06-14,/railyard/docs/v0.2/players/installing-railyard/macos,5
2026-06-14,/railyard/maps/buffalo-ny,1
2026-06-14,/railyard/maps/cairo,1
2026-06-14,/railyard/maps/gwangju-4/changelog/0.2.0,1
2026-06-14,/railyard/maps/jelegend-tokyo,1
2026-06-14,/railyard/maps/johor-bahru,3
2026-06-14,/railyard/maps/madrid,1
2026-06-14,/railyard/maps/mfn-rdu,1
2026-06-14,/railyard/maps/toronto,3
2026-06-14,/railyard/maps/tromso-no,3
2026-06-14,/railyard/maps/vancouver,1
2026-06-14,/railyard/maps/yukina-ee-tallinn,1
2026-06-14,/railyard/maps/yukina-hiroshima-kure/changelog/0.3.0,2
2026-06-14,/railyard/maps/yukina-hiroshima-kure/changelog/0.5.0,2
2026-06-14,/railyard/maps/yukina-okayama,1
2026-06-14,/railyard/maps/yukina-osaka,1
2026-06-14,/railyard/maps/yukina-pl-gdansk,1
2026-06-14,/railyard/mods/any-money,4
2026-06-14,/railyard/mods/chinese-trains,1
2026-06-14,/railyard/mods/distance-circles,2
2026-06-14,/railyard/mods/game-speedup,1
2026-06-14,/railyard/mods/subwaybuilder-regions,2
2026-06-14,/railyard/mods/tod,2
2026-06-14,/railyard/mods/track-anarchy,1
2026-06-14,/railyard/mods/track-visualizer,4
2026-06-14,/railyard/mods/valdotoriums-trains,3
2026-06-14,/registry,4
2026-06-14,/registry/maps/bergen-stavanger-no,1
2026-06-14,/registry/maps/mexicali,1
2026-06-14,/registry/maps/mfn-madisonwi,1
2026-06-14,/registry/maps/toronto,2
2026-06-14,/registry/maps/yukina-ee-ida-viru,1
2026-06-14,/registry/maps/yukina-ee-parnu,1
2026-06-14,/registry/maps/yukina-pl-legnica,1
2026-06-14,/registry/maps/yukina-pl-wroclaw,1
2026-06-14,/registry/mods/distance-circles,1
2026-06-14,/registry/mods/track-visualizer,1
2026-06-14,/registry/trending,1
2026-06-14,/registry/world-map,1
2026-06-14,/template-mod/docs/v1.0/type-reference,1
2026-06-14,/website,3
2026-06-14,/website/updates,1
2026-06-15,/,21
2026-06-15,/credits,2
2026-06-15,/railyard,11
2026-06-15,/railyard/analytics,1
2026-06-15,/railyard/browse,5
2026-06-15,/railyard/docs,1
2026-06-15,/railyard/docs/latest/players/github-token,4
2026-06-15,/railyard/docs/v0.2/players/github-token,2
2026-06-15,/railyard/maps/akron-oh,1
2026-06-15,/railyard/maps/berlin-val,1
2026-06-15,/railyard/maps/greater-los-angeles,1
2026-06-15,/railyard/maps/mexicali,1
2026-06-15,/railyard/maps/yukina-osaka,1
2026-06-15,/railyard/maps/yukina-pl-rzeszow,1
2026-06-15,/railyard/mods/mode-manager,1
2026-06-15,/railyard/mods/subwaybuilder-regions,1
2026-06-15,/railyard/mods/valdotoriums-trains,1
2026-06-15,/registry,1
2026-06-15,/registry/maps/berlin-val,1
2026-06-15,/registry/maps/charleston-huntington-wv,1
2026-06-15,/registry/maps/chimbote,1
2026-06-15,/registry/maps/yukina-cz-ceske-budejovice,1
2026-06-15,/registry/maps/yukina-cz-olomouc,1
2026-06-15,/registry/maps/yukina-tw-kaohsiung,1
2026-06-15,/registry/mods/advanced-analytics,1
2026-06-15,/registry/mods/citymapper,1
2026-06-15,/registry/trending,3
2026-06-15,/template-mod/updates,1
2026-06-16,/,54
2026-06-16,/license,2
2026-06-16,/railyard,17
2026-06-16,/railyard/analytics,1
2026-06-16,/railyard/browse,4
2026-06-16,/railyard/docs/latest/players/github-token,10
2026-06-16,/railyard/docs/v0.1/players/install-guide-macos,2
2026-06-16,/railyard/docs/v0.2/developers/using-custom-url,1
2026-06-16,/railyard/docs/v0.2/players/github-token,5
2026-06-16,/railyard/docs/v0.2/players/importing-custom-assets,1
2026-06-16,/railyard/docs/v0.2/players/installing-railyard/windows,1
2026-06-16,/railyard/docs/v0.2/players/profile-management,1
2026-06-16,/railyard/maps/baltimore-dc-corridor,1
2026-06-16,/railyard/maps/bergen-stavanger-no,1
2026-06-16,/railyard/maps/bologna,1
2026-06-16,/railyard/maps/glasgow-edinburgh,1
2026-06-16,/railyard/maps/guangzhou/changelog/1.0.0,1
2026-06-16,/railyard/maps/huancayo-jauja,1
2026-06-16,/railyard/maps/iquitos,1
2026-06-16,/railyard/maps/iquitos/changelog/1.0.0,1
2026-06-16,/railyard/maps/jelegend-tokyo/changelog/v0.5.0,1
2026-06-16,/railyard/maps/seoul-3/changelog/0.1.1,1
2026-06-16,/railyard/maps/tijuana-san-diego/changelog/1.0.0,1
2026-06-16,/railyard/maps/yukina-asahikawa,1
2026-06-16,/railyard/maps/yukina-cz-brno/changelog/0.2.0,1
2026-06-16,/railyard/maps/yukina-cz-ceske-budejovice,1
2026-06-16,/railyard/maps/yukina-cz-plzen/changelog/0.2.1,1
2026-06-16,/railyard/maps/yukina-ee-ida-viru/changelog/0.1.0,1
2026-06-16,/railyard/maps/yukina-ee-tartu/changelog/0.1.0,1
2026-06-16,/railyard/maps/yukina-matsuyama/changelog/0.5.0,1
2026-06-16,/railyard/maps/yukina-pl-legnica,1
2026-06-16,/railyard/maps/yukina-pl-lodz/changelog/0.1.0,1
2026-06-16,/railyard/maps/yukina-pl-olsztyn,1
2026-06-16,/railyard/maps/yukina-pl-opole,1
2026-06-16,/railyard/maps/yukina-pl-radom,1
2026-06-16,/railyard/maps/yukina-pl-rzeszow,1
2026-06-16,/railyard/maps/yukina-pl-szczecin/changelog/0.1.0,1
2026-06-16,/railyard/maps/yukina-pl-warszawa,1
2026-06-16,/railyard/maps/yukina-sapporo-chitose,1
2026-06-16,/railyard/maps/yukina-tw-chiayi,1
2026-06-16,/railyard/maps/yukina-tw-taichung,1
2026-06-16,/railyard/maps/yukina-tw-tainan,1
2026-06-16,/railyard/maps/yukina-tw-tainan/changelog/0.1.1,1
2026-06-16,/railyard/maps/yukina-yamagata,1
2026-06-16,/railyard/mods/improved-schematics,1
2026-06-16,/railyard/mods/mode-manager/changelog/v1.1.1,1
2026-06-16,/railyard/mods/mode-manager/changelog/v1.1.2,1
2026-06-16,/railyard/mods/network-status/changelog/v0.1.2,1
2026-06-16,/railyard/mods/tod,4
2026-06-16,/railyard/mods/track-visualizer,1
2026-06-16,/railyard/updates/v0.1.5,1
2026-06-16,/railyard/updates/v0.2.0,1
2026-06-16,/registry,2
2026-06-16,/registry/authors/Bobby-047,1
2026-06-16,/registry/authors/ahkimn,1
2026-06-16,/registry/authors/martig7,1
2026-06-16,/registry/map/toronto,1
2026-06-16,/registry/maps/greater-los-angeles,3
2026-06-16,/registry/maps/los-angeles-county,1
2026-06-16,/registry/maps/milan,1
2026-06-16,/registry/maps/montreal,1
2026-06-16,/registry/maps/rhode-island,1
2026-06-16,/registry/maps/sydney,1
2026-06-16,/registry/maps/valencia,1
2026-06-16,/registry/maps/yukina-cz-ceske-budejovice,1
2026-06-16,/registry/maps/yukina-ee-tartu,1
2026-06-16,/registry/maps/yukina-nagasaki,1
2026-06-16,/registry/maps/yukina-nagoya,1
2026-06-16,/registry/maps/yukina-pl-czestochowa,1
2026-06-16,/registry/maps/yukina-pl-krakow,1
2026-06-16,/registry/maps/yukina-pl-lublin,1
2026-06-16,/registry/maps/yukina-pl-opole,1
2026-06-16,/registry/maps/yukina-tw-taichung,1
2026-06-16,/registry/maps/yukina-tw-tainan,1
2026-06-16,/registry/mods/distance-circles,1
2026-06-16,/registry/mods/game-speedup,1
2026-06-16,/registry/mods/improved-schematics,5
2026-06-16,/template-mod/docs,1
2026-06-16,/template-mod/docs/v1.0/debugging,1
2026-06-16,/template-mod/docs/v1.0/type-reference,1
2026-06-16,/template-mod/updates/v1.0.0,1
2026-06-16,/tools/md-playground,2
2026-06-16,/updates,1
2026-06-16,/updates/railyard/v0.2.2,1
2026-06-17,/,39
2026-06-17,/credits,9
2026-06-17,/railyard,8
2026-06-17,/railyard/browse,5
2026-06-17,/railyard/docs,4
2026-06-17,/railyard/docs/latest/players/github-token,15
2026-06-17,/railyard/docs/v0.1/players/github-token,1
2026-06-17,/railyard/docs/v0.1/players/install-guide-macos,1
2026-06-17,/railyard/docs/v0.2,2
2026-06-17,/railyard/docs/v0.2/players/github-token,7
2026-06-17,/railyard/maps/bergen-stavanger-no/changelog/1.0.0,1
2026-06-17,/railyard/maps/cairo/changelog/2.2.0,1
2026-06-17,/railyard/maps/gwangju-4/changelog/0.2.0,1
2026-06-17,/railyard/maps/lima,1
2026-06-17,/railyard/maps/lima/changelog/1.0.1,1
2026-06-17,/railyard/maps/mfn-msy,1
2026-06-17,/railyard/maps/opo-pt-metropolitan/changelog/v0.2.1,1
2026-06-17,/railyard/maps/tromso-no,1
2026-06-17,/railyard/maps/yukina-cz-ceske-budejovice,1
2026-06-17,/railyard/maps/yukina-cz-hradec-pardubice/changelog/0.2.1,1
2026-06-17,/railyard/maps/yukina-cz-zlin,2
2026-06-17,/railyard/maps/yukina-pl-bialystok,1
2026-06-17,/railyard/maps/yukina-pl-katowice-gzm,1
2026-06-17,/railyard/maps/yukina-pl-krakow,1
2026-06-17,/railyard/maps/yukina-pl-legnica,2
2026-06-17,/railyard/maps/yukina-pl-lodz/changelog/0.2.1,1
2026-06-17,/railyard/maps/yukina-pl-lublin,1
2026-06-17,/railyard/maps/yukina-pl-szczecin,1
2026-06-17,/railyard/maps/yukina-tw-hsinchu/changelog/0.2.1,1
2026-06-17,/railyard/maps/yukina-tw-taipei,1
2026-06-17,/railyard/maps/zurich,3
2026-06-17,/railyard/mods/advanced-analytics,2
2026-06-17,/railyard/mods/citymapper,1
2026-06-17,/railyard/mods/improved-schematics,2
2026-06-17,/railyard/mods/orbital-surveyor,3
2026-06-17,/railyard/mods/tod,1
2026-06-17,/railyard/mods/transit-overlay,1
2026-06-17,/registry,1
2026-06-17,/registry/maps/cusco,1
2026-06-17,/registry/maps/glasgow-edinburgh,1
2026-06-17,/registry/maps/greater-los-angeles,5
2026-06-17,/registry/maps/rotterdam-the-hague,1
2026-06-17,/registry/maps/saltillo,1
2026-06-17,/registry/maps/tromso-no,2
2026-06-17,/registry/maps/vancouver,1
2026-06-17,/registry/maps/yukina-asahikawa,1
2026-06-17,/registry/maps/yukina-nagoya,1
2026-06-17,/registry/maps/yukina-pl-bialystok,1
2026-06-17,/registry/maps/yukina-pl-rzeszow,1
2026-06-17,/registry/maps/yukina-toyama,1
2026-06-17,/registry/maps/yukina-tw-taipei,2
2026-06-17,/registry/mods/chinese-trains,1
2026-06-17,/registry/mods/simple-trains,1
2026-06-17,/template-mod,1
2026-06-17,/template-mod/docs,1
2026-06-17,/template-mod/docs/v1.0/common-patterns,1
2026-06-17,/template-mod/docs/v1.0/type-reference,4
2026-06-17,/template-mod/updates,1
2026-06-17,/website,1
2026-06-18,/,45
2026-06-18,/railyard,21
2026-06-18,/railyard/browse,6
2026-06-18,/railyard/docs,1
2026-06-18,/railyard/docs/latest/players/github-token,5
2026-06-18,/railyard/docs/v0.1/players/install-guide-macos,2
2026-06-18,/railyard/docs/v0.2/developers,2
2026-06-18,/railyard/docs/v0.2/players,2
2026-06-18,/railyard/docs/v0.2/players/github-token,2
2026-06-18,/railyard/docs/v0.2/players/installing-railyard/macos,1
2026-06-18,/railyard/docs/v0.2/players/installing-railyard/windows,3
2026-06-18,/railyard/maps/arequipa/changelog/1.0.0,1
2026-06-18,/railyard/maps/beijing,1
2026-06-18,/railyard/maps/jerusalem,1
2026-06-18,/railyard/maps/singapore-val,1
2026-06-18,/railyard/maps/syracuse-ny/changelog/1.0.0,1
2026-06-18,/railyard/maps/tampa-bay,1
2026-06-18,/railyard/maps/tampa-bay/changelog/1.2.0,1
2026-06-18,/railyard/maps/tel-aviv,2
2026-06-18,/railyard/maps/tromso-no,1
2026-06-18,/railyard/maps/warsaw-val,1
2026-06-18,/railyard/maps/yukina-cz-ostrava,2
2026-06-18,/railyard/maps/yukina-pl-bialystok/changelog/0.1.0,1
2026-06-18,/railyard/maps/yukina-pl-kielce,1
2026-06-18,/railyard/maps/yukina-pl-rzeszow/changelog/0.1.0,1
2026-06-18,/railyard/maps/yukina-pl-wroclaw/changelog/0.2.1,1
2026-06-18,/railyard/maps/yukina-pl-wroclaw/changelog/0.3.0,1
2026-06-18,/railyard/maps/yukina-pl-zielona-gora,1
2026-06-18,/railyard/maps/yukina-tw-tainan/changelog/0.2.1,1
2026-06-18,/railyard/maps/yukina-tw-taipei,1
2026-06-18,/railyard/mods/advanced-analytics/changelog/v1.4.2,1
2026-06-18,/railyard/mods/chinese-trains,1
2026-06-18,/railyard/mods/chinese-trains/changelog/v1.0.3,1
2026-06-18,/railyard/mods/copy-paste,3
2026-06-18,/railyard/mods/distance-circles,2
2026-06-18,/railyard/mods/tod,1
2026-06-18,/railyard/updates,1
2026-06-18,/railyard/updates/v0.1.0,1
2026-06-18,/railyard/updates/v0.1.1,1
2026-06-18,/railyard/updates/v0.1.2,1
2026-06-18,/railyard/updates/v0.1.3,1
2026-06-18,/railyard/updates/v0.1.4,1
2026-06-18,/railyard/updates/v0.1.5,1
2026-06-18,/railyard/updates/v0.1.6,1
2026-06-18,/railyard/updates/v0.2.0,1
2026-06-18,/railyard/updates/v0.2.3,1
2026-06-18,/registry/authors/Maximilian284,1
2026-06-18,/registry/authors/Mpfk,1
2026-06-18,/registry/authors/martig7,2
2026-06-18,/registry/authors/seanyushoumori,1
2026-06-18,/registry/maps/bilbao,1
2026-06-18,/registry/maps/chimbote,1
2026-06-18,/registry/maps/dublin,2
2026-06-18,/registry/maps/jacksonville,1
2026-06-18,/registry/maps/jelegend-tokyo,1
2026-06-18,/registry/maps/mfn-rdu,1
2026-06-18,/registry/maps/piura,1
2026-06-18,/registry/maps/tel-aviv,1
2026-06-18,/registry/maps/yukina-bydgoszcz-torun,1
2026-06-18,/registry/maps/yukina-nagoya,1
2026-06-18,/registry/mods/advanced-analytics,1
2026-06-18,/registry/mods/citymapper,1
2026-06-18,/registry/trending,1
2026-06-18,/template-mod/docs/v1.0/common-patterns,1
2026-06-18,/template-mod/docs/v1.0/debugging,1
2026-06-18,/template-mod/docs/v1.0/getting-started,1
2026-06-18,/template-mod/docs/v1.0/project-structure,1
2026-06-18,/template-mod/docs/v1.0/react-components,1
2026-06-18,/template-mod/docs/v1.0/type-reference,1
2026-06-18,/template-mod/updates/v1.0.0,1
2026-06-18,/template-mod/updates/v1.0.1,1
2026-06-18,/website,3
2026-06-19,/,40
2026-06-19,/credits,2
2026-06-19,/railyard,25
2026-06-19,/railyard/analytics,1
2026-06-19,/railyard/browse,7
2026-06-19,/railyard/docs/latest/players/github-token,7
2026-06-19,/railyard/docs/v0.1/players,1
2026-06-19,/railyard/docs/v0.1/players/install-guide-linux,1
2026-06-19,/railyard/docs/v0.1/players/install-guide-macos,2
2026-06-19,/railyard/docs/v0.2,1
2026-06-19,/railyard/docs/v0.2/developers/data-quality,1
2026-06-19,/railyard/docs/v0.2/developers/dependencies,1
2026-06-19,/railyard/docs/v0.2/developers/publishing-projects,1
2026-06-19,/railyard/docs/v0.2/players/github-token,3
2026-06-19,/railyard/docs/v0.2/players/profile-management,1
2026-06-19,/railyard/maps/akron-oh,1
2026-06-19,/railyard/maps/bucharest-medium,1
2026-06-19,/railyard/maps/buffalo-ny,2
2026-06-19,/railyard/maps/greater-portland/changelog/1.0.0,1
2026-06-19,/railyard/maps/puerto-rico,1
2026-06-19,/railyard/maps/rome/changelog/1.0.0,4
2026-06-19,/railyard/maps/trondheim-no/changelog/1.0.0,1
2026-06-19,/railyard/maps/yukina-ee-parnu,1
2026-06-19,/railyard/maps/yukina-ee-parnu/changelog/0.1.0,1
2026-06-19,/railyard/maps/yukina-pl-katowice-gzm,1
2026-06-19,/railyard/maps/yukina-tw-chiayi/changelog/0.1.0,1
2026-06-19,/railyard/maps/yukina-tw-hsinchu/changelog/0.1.0,1
2026-06-19,/railyard/maps/yukina-tw-taipei,1
2026-06-19,/railyard/mods/chinese-trains/changelog/v1.1.2,1
2026-06-19,/railyard/mods/danield1909-dantrains,1
2026-06-19,/railyard/mods/danield1909-dantrains/changelog/v1.0.0,1
2026-06-19,/railyard/mods/distance-circles,1
2026-06-19,/railyard/mods/improved-schematics,1
2026-06-19,/railyard/mods/subwaybuilder-regions,4
2026-06-19,/railyard/mods/tod,1
2026-06-19,/railyard/mods/track-visualizer,1
2026-06-19,/railyard/updates,1
2026-06-19,/railyard/updates/v0.1.5,1
2026-06-19,/registry/authors/TransitCore,1
2026-06-19,/registry/authors/martig7,1
2026-06-19,/registry/map/rotterdam-the-hague,1
2026-06-19,/registry/maps/bangkok,1
2026-06-19,/registry/maps/cdmx-core,1
2026-06-19,/registry/maps/chiclayo,1
2026-06-19,/registry/maps/ciudad-de-mexico,1
2026-06-19,/registry/maps/cusco,1
2026-06-19,/registry/maps/greater-los-angeles,1
2026-06-19,/registry/maps/ipoh,1
2026-06-19,/registry/maps/iquitos,1
2026-06-19,/registry/maps/johor-bahru,1
2026-06-19,/registry/maps/madrid,1
2026-06-19,/registry/maps/seoul-4,1
2026-06-19,/registry/maps/yukina-cz-ceske-budejovice,1
2026-06-19,/registry/maps/yukina-cz-plzen,1
2026-06-19,/registry/maps/yukina-cz-ustecko-chomutov,1
2026-06-19,/registry/maps/yukina-ee-ida-viru,1
2026-06-19,/registry/maps/yukina-ee-parnu,1
2026-06-19,/registry/maps/yukina-kagoshima-kirishima,1
2026-06-19,/registry/maps/yukina-kumamoto,1
2026-06-19,/registry/maps/yukina-nagoya,1
2026-06-19,/registry/maps/yukina-nakadoori,1
2026-06-19,/registry/maps/yukina-nakaumi,1
2026-06-19,/registry/maps/yukina-northern-kyushu,1
2026-06-19,/registry/maps/yukina-okayama,1
2026-06-19,/registry/maps/yukina-pl-bialystok,1
2026-06-19,/registry/maps/yukina-pl-lodz,2
2026-06-19,/registry/maps/yukina-pl-szczecin,1
2026-06-19,/registry/maps/yukina-sendai,1
2026-06-19,/registry/maps/yukina-tottori,1
2026-06-19,/registry/maps/yukina-tsugaru,1
2026-06-19,/registry/maps/yukina-tw-taichung,1
2026-06-19,/registry/mods/mode-manager,1
2026-06-19,/registry/mods/network-status,1
2026-06-19,/registry/mods/tod,3
2026-06-19,/registry/trending,1
2026-06-19,/registry/world-map,5
2026-06-19,/template-mod,2
2026-06-19,/template-mod/updates,1
2026-06-19,/website/updates,1
2026-06-20,/,73
2026-06-20,/contribute,2
2026-06-20,/credits,3
2026-06-20,/railyard,29
2026-06-20,/railyard/browse,7
2026-06-20,/railyard/docs,5
2026-06-20,/railyard/docs/latest/players/github-token,10
2026-06-20,/railyard/docs/v0.1/players/github-token,2
2026-06-20,/railyard/docs/v0.2/developers/dependencies,1
2026-06-20,/railyard/docs/v0.2/developers/publishing-projects,1
2026-06-20,/railyard/docs/v0.2/players,1
2026-06-20,/railyard/docs/v0.2/players/github-token,5
2026-06-20,/railyard/docs/v0.2/players/installing-railyard/macos,1
2026-06-20,/railyard/docs/v0.2/players/installing-railyard/windows,6
2026-06-20,/railyard/maps/berlin-val,1
2026-06-20,/railyard/maps/calgary,1
2026-06-20,/railyard/maps/huancayo-jauja,1
2026-06-20,/railyard/maps/oslo-no/changelog/1.0.0,1
2026-06-20,/railyard/maps/rome,1
2026-06-20,/railyard/maps/shanghai/changelog/1.0.0,1
2026-06-20,/railyard/maps/sydney,1
2026-06-20,/railyard/maps/tromso-no,1
2026-06-20,/railyard/maps/yukina-cz-brno/changelog/0.2.1,1
2026-06-20,/railyard/maps/yukina-cz-zlin,1
2026-06-20,/railyard/maps/yukina-ee-tallinn,1
2026-06-20,/railyard/maps/yukina-pl-gdansk,2
2026-06-20,/railyard/maps/yukina-pl-lublin,1
2026-06-20,/railyard/maps/yukina-pl-radom,1
2026-06-20,/railyard/maps/yukina-pl-rzeszow,1
2026-06-20,/railyard/maps/yukina-pl-rzeszow/changelog/0.1.1,1
2026-06-20,/railyard/maps/yukina-tsugaru,1
2026-06-20,/railyard/maps/zurich,1
2026-06-20,/railyard/mods/advanced-analytics,2
2026-06-20,/railyard/mods/distance-circles,6
2026-06-20,/railyard/mods/distance-circles/changelog/0.4.0,2
2026-06-20,/railyard/mods/japanese-trains,2
2026-06-20,/railyard/mods/mode-manager,3
2026-06-20,/railyard/mods/subwaybuilder-regions,1
2026-06-20,/railyard/mods/tod,1
2026-06-20,/railyard/mods/track-visualizer,1
2026-06-20,/railyard/mods/valdotoriums-trains,1
2026-06-20,/railyard/updates/v0.1.1,1
2026-06-20,/railyard/updates/v0.2.2,2
2026-06-20,/registry,2
2026-06-20,/registry/authors/Gio1112,1
2026-06-20,/registry/authors/Kronifer,2
2026-06-20,/registry/authors/Maximilian284,1
2026-06-20,/registry/authors/jelegend,2
2026-06-20,/registry/authors/martig7,1
2026-06-20,/registry/authors/nzh0172,1
2026-06-20,/registry/map/rotterdam-the-hague,1
2026-06-20,/registry/maps/berlin-val,3
2026-06-20,/registry/maps/greater-los-angeles,5
2026-06-20,/registry/maps/los-angeles-county,4
2026-06-20,/registry/maps/madrid,1
2026-06-20,/registry/maps/mfn-hong-kong,2
2026-06-20,/registry/maps/mfn-lasvegas,1
2026-06-20,/registry/maps/mfn-msy,1
2026-06-20,/registry/maps/orlando,1
2026-06-20,/registry/maps/ottawa,1
2026-06-20,/registry/maps/rotterdam-the-hague,1
2026-06-20,/registry/maps/san-juan,1
2026-06-20,/registry/maps/seoul-4,4
2026-06-20,/registry/maps/singapore-val,2
2026-06-20,/registry/maps/sydney,5
2026-06-20,/registry/maps/trujillo,1
2026-06-20,/registry/maps/yukina-bydgoszcz-torun,1
2026-06-20,/registry/maps/yukina-cz-plzen,1
2026-06-20,/registry/maps/yukina-ee-parnu,1
2026-06-20,/registry/maps/yukina-fukuoka,2
2026-06-20,/registry/maps/yukina-kumamoto,1
2026-06-20,/registry/maps/yukina-morioka,1
2026-06-20,/registry/maps/yukina-niigata,2
2026-06-20,/registry/maps/yukina-pl-olsztyn,1
2026-06-20,/registry/maps/yukina-pl-wroclaw,1
2026-06-20,/registry/maps/yukina-shizuoka-hamamatsu,1
2026-06-20,/registry/mods/advanced-analytics,5
2026-06-20,/registry/mods/any-money,4
2026-06-20,/registry/mods/chinese-trains,1
2026-06-20,/registry/mods/danield1909-dantrains,1
2026-06-20,/registry/mods/mode-manager,1
2026-06-20,/registry/mods/orbital-surveyor,5
2026-06-20,/registry/mods/satellite-overlay,5
2026-06-20,/registry/mods/station-dots,1
2026-06-20,/registry/mods/track-visualizer,6
2026-06-20,/registry/mods/transit-overlay,6
2026-06-20,/registry/trending,1
2026-06-20,/template-mod,1
2026-06-20,/template-mod/updates/v1.0.0,1
2026-06-20,/updates/railyard/v0.1.2,1
2026-06-20,/updates/railyard/v0.1.3,1
2026-06-20,/updates/template-mod,1
2026-06-20,/website,1
2026-06-20,/website/updates/v1.0.2,1
2026-06-20,/website/updates/v1.0.3,1
2026-06-21,/,64
2026-06-21,/credits,3
2026-06-21,/railyard,25
2026-06-21,/railyard/browse,17
2026-06-21,/railyard/docs,2
2026-06-21,/railyard/docs/latest/players/github-token,20
2026-06-21,/railyard/docs/v0.2,3
2026-06-21,/railyard/docs/v0.2/developers/data-quality,1
2026-06-21,/railyard/docs/v0.2/players/github-token,5
2026-06-21,/railyard/docs/v0.2/players/importing-custom-assets,1
2026-06-21,/railyard/docs/v0.2/players/installing-railyard,2
2026-06-21,/railyard/docs/v0.2/players/installing-railyard/macos,1
2026-06-21,/railyard/docs/v0.2/players/installing-railyard/windows,4
2026-06-21,/railyard/maps,1
2026-06-21,/railyard/maps/arequipa,1
2026-06-21,/railyard/maps/barcelona,1
2026-06-21,/railyard/maps/bucharest-medium,1
2026-06-21,/railyard/maps/greater-los-angeles/changelog/1.1.2,1
2026-06-21,/railyard/maps/los-angeles-county/changelog/1.2.0,1
2026-06-21,/railyard/maps/mfn-hamptonroads,1
2026-06-21,/railyard/maps/mfn-hong-kong,1
2026-06-21,/railyard/maps/mfn-lasvegas,1
2026-06-21,/railyard/maps/milan,3
2026-06-21,/railyard/maps/oslo-no/changelog/1.0.0,1
2026-06-21,/railyard/maps/seoul-4/changelog/0.1.1,1
2026-06-21,/railyard/maps/singapore-val,1
2026-06-21,/railyard/maps/tel-aviv,3
2026-06-21,/railyard/maps/toronto,1
2026-06-21,/railyard/maps/tromso-no,1
2026-06-21,/railyard/maps/trujillo,1
2026-06-21,/railyard/maps/yukina-cz-jihlava,1
2026-06-21,/railyard/maps/yukina-cz-praha,4
2026-06-21,/railyard/maps/yukina-ee-ida-viru,1
2026-06-21,/railyard/maps/yukina-nakadoori,1
2026-06-21,/railyard/maps/yukina-niigata/changelog/0.2.0,1
2026-06-21,/railyard/maps/yukina-pl-bialystok,1
2026-06-21,/railyard/maps/yukina-pl-kielce,1
2026-06-21,/railyard/maps/yukina-pl-szczecin,1
2026-06-21,/railyard/maps/yukina-pl-wroclaw/changelog/0.3.0,1
2026-06-21,/railyard/maps/yukina-pl-zielona-gora,1
2026-06-21,/railyard/maps/yukina-sendai,1
2026-06-21,/railyard/maps/yukina-tw-kaohsiung/changelog/0.1.1,1
2026-06-21,/railyard/maps/yukina-tw-kaohsiung/changelog/0.2.1,1
2026-06-21,/railyard/maps/yukina-tw-tainan/changelog/0.1.1,1
2026-06-21,/railyard/mods,2
2026-06-21,/railyard/mods/citymapper,1
2026-06-21,/railyard/mods/improved-schematics,1
2026-06-21,/railyard/mods/japanese-trains/changelog/v1.0.0,1
2026-06-21,/railyard/mods/lrt-trains,1
2026-06-21,/railyard/mods/lrt-trains/changelog/v1.1.0,1
2026-06-21,/railyard/mods/satellite-overlay,1
2026-06-21,/railyard/mods/simple-trains,1
2026-06-21,/railyard/mods/station-dots,1
2026-06-21,/railyard/mods/subwaybuilder-regions,1
2026-06-21,/railyard/mods/track-anarchy,1
2026-06-21,/railyard/mods/track-visualizer,1
2026-06-21,/railyard/mods/transit-overlay,1
2026-06-21,/railyard/updates,1
2026-06-21,/railyard/updates/v0.1.0,1
2026-06-21,/registry,6
2026-06-21,/registry/authors/Valdotorium,1
2026-06-21,/registry/authors/ahkimn,1
2026-06-21,/registry/authors/hsullivan1201,1
2026-06-21,/registry/maps,1
2026-06-21,/registry/maps/berlin-val,1
2026-06-21,/registry/maps/cdmx-core,1
2026-06-21,/registry/maps/daegu-4,1
2026-06-21,/registry/maps/glasgow-edinburgh,1
2026-06-21,/registry/maps/greater-los-angeles,4
2026-06-21,/registry/maps/greatertwincities,2
2026-06-21,/registry/maps/mfn-madisonwi,1
2026-06-21,/registry/maps/milan,1
2026-06-21,/registry/maps/opo-pt-metropolitan,1
2026-06-21,/registry/maps/orange-county,1
2026-06-21,/registry/maps/singapore-val,2
2026-06-21,/registry/maps/sydney,1
2026-06-21,/registry/maps/tampa-bay,1
2026-06-21,/registry/maps/tel-aviv,1
2026-06-21,/registry/maps/yukina-cz-hradec-pardubice,1
2026-06-21,/registry/maps/yukina-cz-jihlava,2
2026-06-21,/registry/maps/yukina-fukuoka,1
2026-06-21,/registry/maps/yukina-matsuyama,2
2026-06-21,/registry/maps/yukina-osaka,2
2026-06-21,/registry/maps/yukina-takamatsu,1
2026-06-21,/registry/maps/yukina-toyama,1
2026-06-21,/registry/maps/yukina-tw-hsinchu,1
2026-06-21,/registry/mods/improved-schematics,1
2026-06-21,/registry/mods/station-dots,1
2026-06-21,/registry/mods/tod,1
2026-06-21,/registry/mods/transit-overlay,2
2026-06-21,/registry/world-map,1
2026-06-21,/template-mod/docs/v1.0/type-reference,1
2026-06-21,/template-mod/updates,2
2026-06-21,/updates/railyard/v0.1.2,1
2026-06-21,/updates/railyard/v0.1.3,1
2026-06-21,/website,1
2026-06-22,/,9
2026-06-22,/credits,2
2026-06-22,/railyard,7
2026-06-22,/railyard/browse,1
2026-06-22,/railyard/docs/latest/players/github-token,5
2026-06-22,/railyard/docs/v0.2/developers,1
2026-06-22,/railyard/docs/v0.2/developers/data-quality,1
2026-06-22,/railyard/maps/jelegend-tokyo/changelog/v0.5.0,1
2026-06-22,/railyard/maps/piura/changelog/1.0.0,1
2026-06-22,/railyard/maps/yukina-cz-brno,1
2026-06-22,/railyard/maps/yukina-cz-ostrava,1
2026-06-22,/railyard/maps/yukina-cz-praha,1
2026-06-22,/railyard/maps/yukina-tw-kaohsiung/changelog/0.1.0,1
2026-06-22,/railyard/mods/advanced-analytics,4
2026-06-22,/railyard/mods/improved-schematics,1
2026-06-22,/railyard/mods/subwaybuilder-regions,1
2026-06-22,/railyard/updates,1
2026-06-22,/railyard/updates/v0.1.1,1
2026-06-22,/registry/authors/Valdotorium,1
2026-06-22,/registry/maps/bangkok,1
2026-06-22,/registry/maps/singapore-val,1
2026-06-22,/registry/maps/yukina-tw-taichung,1
2026-06-22,/template-mod/docs,1
2026-06-23,/,34
2026-06-23,/credits,2
2026-06-23,/railyard,25
2026-06-23,/railyard/browse,14
2026-06-23,/railyard/docs,2
2026-06-23,/railyard/docs/latest/players/github-token,24
2026-06-23,/railyard/docs/v0.1/players,1
2026-06-23,/railyard/docs/v0.1/players/github-token,1
2026-06-23,/railyard/docs/v0.1/players/install-guide-windows,1
2026-06-23,/railyard/docs/v0.2/developers/data-quality,1
2026-06-23,/railyard/docs/v0.2/players,2
2026-06-23,/railyard/docs/v0.2/players/github-token,9
2026-06-23,/railyard/docs/v0.2/players/importing-custom-assets,3
2026-06-23,/railyard/docs/v0.2/players/installing-railyard,1
2026-06-23,/railyard/docs/v0.2/players/installing-railyard/windows,1
2026-06-23,/railyard/maps/beijing,1
2026-06-23,/railyard/maps/berlin-val/changelog/1.0.0,1
2026-06-23,/railyard/maps/genoa,1
2026-06-23,/railyard/maps/madrid,1
2026-06-23,/railyard/maps/opo-pt-metropolitan/changelog/v0.1.1,1
2026-06-23,/railyard/maps/pyongyang-nk/changelog/1.0.0,1
2026-06-23,/railyard/maps/shenzhen,1
2026-06-23,/railyard/maps/shenzhen/changelog/1.1.0,11
2026-06-23,/railyard/maps/tampa-bay,6
2026-06-23,/railyard/maps/yukina-cz-olomouc,1
2026-06-23,/railyard/maps/yukina-ee-parnu,1
2026-06-23,/railyard/maps/yukina-ee-tallinn/changelog/0.1.0,1
2026-06-23,/railyard/maps/yukina-nagasaki,1
2026-06-23,/railyard/maps/yukina-pl-krakow,1
2026-06-23,/railyard/maps/yukina-pl-lublin/changelog/0.1.0,1
2026-06-23,/railyard/maps/yukina-pl-wroclaw/changelog/0.2.1,1
2026-06-23,/railyard/maps/yukina-tw-hsinchu,1
2026-06-23,/railyard/maps/yukina-tw-hsinchu/changelog/0.1.1,1
2026-06-23,/railyard/maps/yukina-tw-tainan,1
2026-06-23,/railyard/maps/yukina-tw-taipei,1
2026-06-23,/railyard/maps/yukina-tw-taipei/changelog/0.2.1,1
2026-06-23,/railyard/mods/advanced-analytics/changelog/v1.4.0,1
2026-06-23,/railyard/mods/any-money,1
2026-06-23,/railyard/mods/chinese-trains,2
2026-06-23,/railyard/mods/distance-circles,1
2026-06-23,/railyard/mods/improved-schematics,1
2026-06-23,/railyard/mods/satellite-overlay,1
2026-06-23,/railyard/mods/satellite-overlay/changelog/1.0.0,1
2026-06-23,/railyard/mods/simple-trains,2
2026-06-23,/railyard/mods/tod,2
2026-06-23,/railyard/mods/track-visualizer,2
2026-06-23,/railyard/mods/valdotoriums-trains,1
2026-06-23,/railyard/updates/v0.1.1,1
2026-06-23,/registry,1
2026-06-23,/registry/authors/Bobby-047,1
2026-06-23,/registry/authors/stefanorigano,1
2026-06-23,/registry/maps/berlin-val,1
2026-06-23,/registry/maps/bucharest-medium,1
2026-06-23,/registry/maps/guangzhou,1
2026-06-23,/registry/maps/ipoh,1
2026-06-23,/registry/maps/jerusalem,1
2026-06-23,/registry/maps/mfn-hong-kong,2
2026-06-23,/registry/maps/pulau-pinang,1
2026-06-23,/registry/maps/shenzhen,1
2026-06-23,/registry/maps/toronto,1
2026-06-23,/registry/maps/tromso-no,1
2026-06-23,/registry/maps/yukina-asahikawa,1
2026-06-23,/registry/maps/yukina-cz-brno,1
2026-06-23,/registry/maps/yukina-cz-hradec-pardubice,1
2026-06-23,/registry/maps/yukina-cz-ostrava,1
2026-06-23,/registry/maps/yukina-fukuoka,1
2026-06-23,/registry/maps/yukina-hiroshima-kure,1
2026-06-23,/registry/maps/yukina-nagasaki,1
2026-06-23,/registry/maps/yukina-nakadoori,2
2026-06-23,/registry/maps/yukina-nakaumi,1
2026-06-23,/registry/maps/yukina-okinawa,1
2026-06-23,/registry/maps/yukina-pl-bialystok,1
2026-06-23,/registry/maps/yukina-pl-krakow,2
2026-06-23,/registry/maps/yukina-pl-lublin,1
2026-06-23,/registry/maps/yukina-pl-olsztyn,1
2026-06-23,/registry/maps/yukina-pl-wroclaw,1
2026-06-23,/registry/maps/yukina-shizuoka-hamamatsu,1
2026-06-23,/registry/maps/yukina-takamatsu,5
2026-06-23,/registry/maps/yukina-toyama,1
2026-06-23,/registry/maps/yukina-tw-taichung,1
2026-06-23,/registry/mods/any-money,3
2026-06-23,/registry/mods/chinese-trains,2
2026-06-23,/registry/mods/cinematic-camera,1
2026-06-23,/registry/mods/distance-circles,1
2026-06-23,/registry/mods/game-speedup,1
2026-06-23,/registry/mods/improved-schematics,2
2026-06-23,/registry/mods/japanese-trains,1
2026-06-23,/registry/mods/network-status,1
2026-06-23,/registry/mods/simple-trains,1
2026-06-23,/registry/mods/station-dots,1
2026-06-23,/registry/trending,1
2026-06-23,/template-mod/docs/v1.0/type-reference,1
2026-06-23,/template-mod/updates/v1.0.1,1
2026-06-23,/updates/template-mod/v1.0.0,1
2026-06-23,/website,1
2026-06-23,/website/updates/v1.0.0,1
2026-06-24,/,43
2026-06-24,/credits,1
2026-06-24,/railyard,16
2026-06-24,/railyard/browse,11
2026-06-24,/railyard/docs/latest/players/github-token,11
2026-06-24,/railyard/docs/v0.2/developers/data-quality,1
2026-06-24,/railyard/docs/v0.2/players/github-token,14
2026-06-24,/railyard/maps/greater-newyork,1
2026-06-24,/railyard/maps/huancayo-jauja,1
2026-06-24,/railyard/maps/mfn-hong-kong,1
2026-06-24,/railyard/maps/quebec-city/changelog/1.0.1,1
2026-06-24,/railyard/maps/tampa-bay,1
2026-06-24,/railyard/maps/toronto,6
2026-06-24,/railyard/maps/yukina-ee-parnu,1
2026-06-24,/railyard/maps/yukina-pl-poznan/changelog/0.1.1,1
2026-06-24,/railyard/maps/yukina-tw-tainan,1
2026-06-24,/railyard/maps/yukina-yamagata/changelog/0.2.0,1
2026-06-24,/railyard/mods/advanced-analytics,1
2026-06-24,/railyard/mods/advanced-analytics/changelog/v1.4.0,1
2026-06-24,/railyard/mods/citymapper/changelog/v0.2.2,1
2026-06-24,/railyard/mods/japanese-trains,1
2026-06-24,/railyard/mods/lrt-trains,2
2026-06-24,/railyard/mods/mode-manager,1
2026-06-24,/railyard/mods/station-dots,1
2026-06-24,/railyard/mods/tod,2
2026-06-24,/railyard/updates/v0.1.1,1
2026-06-24,/registry,1
2026-06-24,/registry/authors/kaicardenas0618,1
2026-06-24,/registry/map/trondheim-val,1
2026-06-24,/registry/maps/greater-los-angeles,1
2026-06-24,/registry/maps/ipoh,1
2026-06-24,/registry/maps/mfn-lasvegas,1
2026-06-24,/registry/maps/mfn-madisonwi,1
2026-06-24,/registry/maps/mfn-northwestar,1
2026-06-24,/registry/maps/santa-barbara,1
2026-06-24,/registry/maps/toronto,1
2026-06-24,/registry/maps/trondheim-no,1
2026-06-24,/registry/maps/yukina-cz-ostrava,1
2026-06-24,/registry/maps/yukina-cz-plzen,1
2026-06-24,/registry/maps/yukina-cz-ustecko-chomutov,1
2026-06-24,/registry/maps/yukina-hiroshima-kure,1
2026-06-24,/registry/maps/yukina-kobe-akashi,1
2026-06-24,/registry/maps/yukina-nakadoori,1
2026-06-24,/registry/maps/yukina-northern-kyushu,2
2026-06-24,/registry/maps/yukina-pl-bialystok,1
2026-06-24,/registry/maps/yukina-pl-gdansk,1
2026-06-24,/registry/maps/yukina-pl-katowice-gzm,2
2026-06-24,/registry/maps/yukina-pl-szczecin,1
2026-06-24,/registry/maps/yukina-takamatsu,1
2026-06-24,/registry/mods/chinese-trains,1
2026-06-24,/registry/mods/copy-paste,1
2026-06-24,/registry/mods/game-speedup,1
2026-06-24,/registry/mods/lrt-trains,1
2026-06-24,/registry/mods/scrollable-dropdowns,1
2026-06-24,/template-mod/docs,1
2026-06-24,/template-mod/docs/v1.0/type-reference,1
2026-06-25,/,75
2026-06-25,/contribute,3
2026-06-25,/credits,2
2026-06-25,/license,1
2026-06-25,/railyard,31
2026-06-25,/railyard/analytics,1
2026-06-25,/railyard/browse,14
2026-06-25,/railyard/docs,3
2026-06-25,/railyard/docs/latest/players/github-token,17
2026-06-25,/railyard/docs/v0.1/players/install-guide-windows,1
2026-06-25,/railyard/docs/v0.2/players/github-token,5
2026-06-25,/railyard/docs/v0.2/players/importing-custom-assets,1
2026-06-25,/railyard/docs/v0.2/players/installing-railyard/windows,2
2026-06-25,/railyard/maps/arequipa,1
2026-06-25,/railyard/maps/berlin-val,1
2026-06-25,/railyard/maps/chimbote,1
2026-06-25,/railyard/maps/edmonton,1
2026-06-25,/railyard/maps/iquitos,1
2026-06-25,/railyard/maps/mfn-northwestar,1
2026-06-25,/railyard/maps/puerto-rico,1
2026-06-25,/railyard/maps/pulau-pinang,1
2026-06-25,/railyard/maps/singapore-val,1
2026-06-25,/railyard/maps/yukina-ee-parnu,1
2026-06-25,/railyard/maps/yukina-fukuoka,1
2026-06-25,/railyard/maps/yukina-hakodate,1
2026-06-25,/railyard/maps/yukina-morioka,1
2026-06-25,/railyard/maps/yukina-pl-katowice-gzm/changelog/0.2.0,1
2026-06-25,/railyard/maps/yukina-pl-opole,1
2026-06-25,/railyard/maps/yukina-pl-warszawa,1
2026-06-25,/railyard/maps/yukina-tottori,1
2026-06-25,/railyard/maps/yukina-tw-hsinchu,1
2026-06-25,/railyard/maps/yukina-tw-kaohsiung,1
2026-06-25,/railyard/maps/yukina-tw-taichung,1
2026-06-25,/railyard/maps/yukina-tw-taipei,1
2026-06-25,/railyard/mods/any-money,1
2026-06-25,/railyard/mods/copy-paste,1
2026-06-25,/railyard/mods/lrt-trains,1
2026-06-25,/railyard/mods/scrollable-dropdowns,1
2026-06-25,/railyard/mods/station-dots,2
2026-06-25,/railyard/mods/subwaybuilder-regions,1
2026-06-25,/railyard/mods/track-anarchy,1
2026-06-25,/railyard/mods/track-visualizer,1
2026-06-25,/railyard/updates,1
2026-06-25,/railyard/updates/v0.1.2,1
2026-06-25,/railyard/updates/v0.1.4,2
2026-06-25,/railyard/updates/v0.2.0,1
2026-06-25,/railyard/updates/v0.2.2,1
2026-06-25,/registry,3
2026-06-25,/registry/authors/Bobby-047,1
2026-06-25,/registry/authors/Mpfk,1
2026-06-25,/registry/authors/kaicardenas0618,2
2026-06-25,/registry/authors/nzh0172,1
2026-06-25,/registry/authors/seanyushoumori,1
2026-06-25,/registry/map/yukina-yamagata,1
2026-06-25,/registry/maps/arequipa,1
2026-06-25,/registry/maps/berlin-val,1
2026-06-25,/registry/maps/bilbao,1
2026-06-25,/registry/maps/ciudad-de-mexico,1
2026-06-25,/registry/maps/dubai,1
2026-06-25,/registry/maps/dublin,3
2026-06-25,/registry/maps/glasgow-edinburgh,1
2026-06-25,/registry/maps/greater-los-angeles,1
2026-06-25,/registry/maps/guadalajara,1
2026-06-25,/registry/maps/huancayo-jauja,1
2026-06-25,/registry/maps/iquitos,1
2026-06-25,/registry/maps/jelegend-tokyo,1
2026-06-25,/registry/maps/mfn-madisonwi,1
2026-06-25,/registry/maps/monterrey,1
2026-06-25,/registry/maps/montreal,1
2026-06-25,/registry/maps/orlando,1
2026-06-25,/registry/maps/puebla,1
2026-06-25,/registry/maps/pyongyang-nk,1
2026-06-25,/registry/maps/san-antonio,1
2026-06-25,/registry/maps/san-juan,1
2026-06-25,/registry/maps/singapore-val,1
2026-06-25,/registry/maps/sydney,1
2026-06-25,/registry/maps/tampa-bay,1
2026-06-25,/registry/maps/tel-aviv,1
2026-06-25,/registry/maps/toronto,1
2026-06-25,/registry/maps/trondheim-no,1
2026-06-25,/registry/maps/trondheim-val,2
2026-06-25,/registry/maps/yukina-bydgoszcz-torun,1
2026-06-25,/registry/maps/yukina-ee-tallinn,1
2026-06-25,/registry/maps/yukina-pl-legnica,1
2026-06-25,/registry/maps/yukina-pl-olsztyn,1
2026-06-25,/registry/maps/yukina-tottori,1
2026-06-25,/registry/mods/copy-paste,2
2026-06-25,/registry/mods/kr-ktp,3
2026-06-25,/registry/mods/lrt-trains,2
2026-06-25,/registry/mods/scrollable-dropdowns,1
2026-06-25,/registry/mods/station-dots,1
2026-06-25,/registry/mods/track-anarchy,1
2026-06-25,/registry/mods/track-visualizer,1
2026-06-25,/registry/trending,1
2026-06-25,/registry/world-map,5
2026-06-25,/template-mod,3
2026-06-25,/template-mod/docs,2
2026-06-25,/template-mod/docs/v1.0/project-structure,1
2026-06-25,/template-mod/docs/v1.0/type-reference,2
2026-06-25,/template-mod/updates,1
2026-06-25,/tools/md-playground,2
2026-06-25,/updates/railyard/v0.1.4,1
2026-06-25,/website,3
2026-06-25,/website/updates,1
2026-06-26,/,43
2026-06-26,/credits,1
2026-06-26,/railyard,23
2026-06-26,/railyard/analytics,1
2026-06-26,/railyard/browse,15
2026-06-26,/railyard/docs,4
2026-06-26,/railyard/docs/latest/players/github-token,11
2026-06-26,/railyard/docs/v0.1/players/install-guide-macos,2
2026-06-26,/railyard/docs/v0.2/developers/data-quality,1
2026-06-26,/railyard/docs/v0.2/players,1
2026-06-26,/railyard/docs/v0.2/players/github-token,4
2026-06-26,/railyard/docs/v0.2/players/installing-railyard/macos,5
2026-06-26,/railyard/docs/v0.2/players/installing-railyard/windows,3
2026-06-26,/railyard/maps/bologna,1
2026-06-26,/railyard/maps/greater-chicagoland,2
2026-06-26,/railyard/maps/greater-los-angeles,1
2026-06-26,/railyard/maps/iquitos,1
2026-06-26,/railyard/maps/jelegend-tokyo/changelog/v0.5.0,1
2026-06-26,/railyard/maps/mfn-hong-kong,1
2026-06-26,/railyard/maps/mfn-lasvegas,1
2026-06-26,/railyard/maps/trondheim-val,1
2026-06-26,/railyard/maps/yukina-cz-liberec-jablonec,1
2026-06-26,/railyard/maps/yukina-ee-ida-viru,1
2026-06-26,/railyard/maps/yukina-ee-tallinn,1
2026-06-26,/railyard/maps/yukina-kagoshima-kirishima,1
2026-06-26,/railyard/maps/yukina-kobe-akashi,1
2026-06-26,/railyard/maps/yukina-nakaumi,1
2026-06-26,/railyard/maps/yukina-northern-kyushu,1
2026-06-26,/railyard/maps/yukina-okayama,1
2026-06-26,/railyard/maps/yukina-pl-katowice-gzm,1
2026-06-26,/railyard/maps/yukina-pl-kielce,1
2026-06-26,/railyard/maps/yukina-pl-warszawa,1
2026-06-26,/railyard/maps/yukina-tw-tainan/changelog/0.1.1,1
2026-06-26,/railyard/mods/citymapper,1
2026-06-26,/railyard/mods/danield1909-dantrains,1
2026-06-26,/railyard/mods/japanese-trains,2
2026-06-26,/railyard/mods/lrt-trains,1
2026-06-26,/railyard/mods/mode-manager,1
2026-06-26,/railyard/mods/scrollable-dropdowns,1
2026-06-26,/railyard/mods/simple-trains,1
2026-06-26,/railyard/mods/subwaybuilder-regions,1
2026-06-26,/railyard/mods/tod,2
2026-06-26,/railyard/mods/valdotoriums-trains,1
2026-06-26,/railyard/updates,2
2026-06-26,/railyard/updates/v0.2.1,1
2026-06-26,/registry,5
2026-06-26,/registry/author/TransitCore,1
2026-06-26,/registry/author/stefanorigano,1
2026-06-26,/registry/authors/martig7,1
2026-06-26,/registry/map/yukina-kobe-akashi,1
2026-06-26,/registry/map/yukina-nakaumi,1
2026-06-26,/registry/map/yukina-toyama,1
2026-06-26,/registry/maps/bangkok,1
2026-06-26,/registry/maps/berlin-val,2
2026-06-26,/registry/maps/greater-portland,1
2026-06-26,/registry/maps/mfn-hamptonroads,1
2026-06-26,/registry/maps/milan,1
2026-06-26,/registry/maps/opo-pt-metropolitan,1
2026-06-26,/registry/maps/san-juan,1
2026-06-26,/registry/maps/vancouver,1
2026-06-26,/registry/maps/yukina-ee-ida-viru,2
2026-06-26,/registry/maps/yukina-kumamoto,1
2026-06-26,/registry/maps/yukina-nakaumi,1
2026-06-26,/registry/maps/yukina-pl-czestochowa,1
2026-06-26,/registry/maps/yukina-pl-kielce,1
2026-06-26,/registry/maps/yukina-pl-lublin,1
2026-06-26,/registry/maps/yukina-pl-opole,1
2026-06-26,/registry/maps/yukina-sendai,1
2026-06-26,/registry/maps/yukina-tottori,1
2026-06-26,/registry/maps/yukina-tw-hsinchu,1
2026-06-26,/registry/maps/yukina-tw-tainan,1
2026-06-26,/registry/mods/cinematic-camera,1
2026-06-26,/registry/mods/simple-trains,1
2026-06-26,/registry/mods/valdotoriums-trains,1
2026-06-26,/registry/trending,1
2026-06-26,/template-mod,1
2026-06-26,/template-mod/docs/v1.0/getting-started,2
2026-06-26,/template-mod/docs/v1.0/project-structure,3
2026-06-26,/template-mod/updates,2
2026-06-26,/updates/railyard/v0.1.1,1
2026-06-26,/website,1
2026-06-27,/,77
2026-06-27,/credits,1
2026-06-27,/railyard,52
2026-06-27,/railyard/analytics,3
2026-06-27,/railyard/browse,14
2026-06-27,/railyard/docs,10
2026-06-27,/railyard/docs/latest/players/github-token,25
2026-06-27,/railyard/docs/v0.1/developers/using-custom-url,1
2026-06-27,/railyard/docs/v0.1/players/github-token,1
2026-06-27,/railyard/docs/v0.1/players/install-guide-linux,1
2026-06-27,/railyard/docs/v0.2/developers,1
2026-06-27,/railyard/docs/v0.2/developers/dependencies,2
2026-06-27,/railyard/docs/v0.2/players/github-token,8
2026-06-27,/railyard/docs/v0.2/players/installing-railyard,7
2026-06-27,/railyard/docs/v0.2/players/installing-railyard/linux,1
2026-06-27,/railyard/docs/v0.2/players/installing-railyard/macos,18
2026-06-27,/railyard/maps/beijing,1
2026-06-27,/railyard/maps/bergen-stavanger-no,1
2026-06-27,/railyard/maps/berlin-val,2
2026-06-27,/railyard/maps/bucharest-medium,2
2026-06-27,/railyard/maps/busan-4,1
2026-06-27,/railyard/maps/calgary/changelog/1.1.3,1
2026-06-27,/railyard/maps/greater-chicagoland,1
2026-06-27,/railyard/maps/greater-los-angeles,1
2026-06-27,/railyard/maps/greater-newyork,1
2026-06-27,/railyard/maps/jelegend-tokyo/changelog/v0.5.0,1
2026-06-27,/railyard/maps/louisville,1
2026-06-27,/railyard/maps/mfn-hong-kong,3
2026-06-27,/railyard/maps/tromso-no/changelog/1.0.0,1
2026-06-27,/railyard/maps/trondheim-val,1
2026-06-27,/railyard/maps/turin,1
2026-06-27,/railyard/maps/vancouver,1
2026-06-27,/railyard/maps/yukina-cz-hradec-pardubice,1
2026-06-27,/railyard/maps/yukina-cz-praha,1
2026-06-27,/railyard/maps/yukina-cz-ustecko-chomutov,1
2026-06-27,/railyard/maps/yukina-ee-parnu/changelog/0.1.0,1
2026-06-27,/railyard/maps/yukina-pl-opole,1
2026-06-27,/railyard/maps/yukina-pl-zielona-gora,1
2026-06-27,/railyard/maps/yukina-tottori,1
2026-06-27,/railyard/maps/yukina-tw-hsinchu/changelog/0.1.1,1
2026-06-27,/railyard/maps/yukina-tw-tainan/changelog/0.1.1,1
2026-06-27,/railyard/mods/advanced-analytics,2
2026-06-27,/railyard/mods/citymapper,4
2026-06-27,/railyard/mods/distance-circles,1
2026-06-27,/railyard/mods/mode-manager,1
2026-06-27,/railyard/mods/orbital-surveyor,2
2026-06-27,/railyard/mods/satellite-overlay,1
2026-06-27,/railyard/mods/station-dots,1
2026-06-27,/railyard/mods/subwaybuilder-regions,1
2026-06-27,/railyard/mods/track-visualizer,1
2026-06-27,/railyard/mods/transit-overlay,1
2026-06-27,/railyard/mods/valdotoriums-trains,4
2026-06-27,/registry,14
2026-06-27,/registry/authors/BarKuperman,1
2026-06-27,/registry/authors/stefanorigano,1
2026-06-27,/registry/maps/barcelona,1
2026-06-27,/registry/maps/bari,1
2026-06-27,/registry/maps/berlin-val,1
2026-06-27,/registry/maps/bucharest-medium,1
2026-06-27,/registry/maps/glasgow-edinburgh,2
2026-06-27,/registry/maps/greater-chicagoland,3
2026-06-27,/registry/maps/greater-kuala-lumpur,1
2026-06-27,/registry/maps/greater-los-angeles,1
2026-06-27,/registry/maps/greater-portland,1
2026-06-27,/registry/maps/mfn-hong-kong,1
2026-06-27,/registry/maps/palermo,1
2026-06-27,/registry/maps/pianura-veneta,1
2026-06-27,/registry/maps/rotterdam-the-hague,1
2026-06-27,/registry/maps/tampa-bay,1
2026-06-27,/registry/maps/tel-aviv,1
2026-06-27,/registry/maps/trondheim-val,2
2026-06-27,/registry/maps/turin,4
2026-06-27,/registry/maps/yukina-cz-ceske-budejovice,1
2026-06-27,/registry/maps/yukina-cz-hradec-pardubice,1
2026-06-27,/registry/maps/yukina-cz-karlovy-vary,1
2026-06-27,/registry/maps/yukina-cz-zlin,1
2026-06-27,/registry/maps/yukina-kitakyushu-shimonoseki,1
2026-06-27,/registry/maps/yukina-kobe-akashi,1
2026-06-27,/registry/maps/yukina-kumamoto,1
2026-06-27,/registry/maps/yukina-niigata,1
2026-06-27,/registry/maps/yukina-okayama,1
2026-06-27,/registry/maps/yukina-pl-olsztyn,2
2026-06-27,/registry/maps/yukina-pl-radom,1
2026-06-27,/registry/maps/yukina-tw-chiayi,1
2026-06-27,/registry/mods/danield1909-dantrains,1
2026-06-27,/registry/mods/satellite-overlay,2
2026-06-27,/registry/mods/station-dots,1
2026-06-27,/registry/mods/track-anarchy,1
2026-06-27,/registry/mods/track-visualizer,1
2026-06-27,/registry/mods/transit-overlay,1
2026-06-27,/template-mod,1
2026-06-27,/template-mod/updates,2
2026-06-27,/tools/md-playground,1
2026-06-27,/updates/railyard/v0.1.2,1
2026-06-27,/website/updates/v1.0.2,1
