date_or_hour,dimension,metric,visits
2026-04-16,totals,visits,280
2026-04-16,pages,/,95
2026-04-16,pages,/credits,1
2026-04-16,pages,/license,5
2026-04-16,pages,/railyard,45
2026-04-16,pages,/railyard/browse,16
2026-04-16,pages,/railyard/docs,4
2026-04-16,pages,/railyard/docs/latest/players/github-token,4
2026-04-16,pages,/railyard/docs/v0.1/players,1
2026-04-16,pages,/railyard/docs/v0.2/players/country-flag-emojis,1
2026-04-16,pages,/railyard/docs/v0.2/players/github-token,11
2026-04-16,pages,/railyard/docs/v0.2/players/installing-railyard/macos,1
2026-04-16,pages,/railyard/docs/v0.2/players/installing-railyard/windows,2
2026-04-16,pages,/railyard/maps/albany,1
2026-04-16,pages,/railyard/maps/barcelona,1
2026-04-16,pages,/railyard/maps/bucharest-medium,1
2026-04-16,pages,/railyard/maps/buffalo-ny,1
2026-04-16,pages,/railyard/maps/glasgow-edinburgh,1
2026-04-16,pages,/railyard/maps/guadalajara,1
2026-04-16,pages,/railyard/maps/monterrey/changelog/1.0.1,1
2026-04-16,pages,/railyard/maps/piedmont-triad/changelog/1.0.0,1
2026-04-16,pages,/railyard/maps/tel-aviv,1
2026-04-16,pages,/railyard/maps/valencia,1
2026-04-16,pages,/railyard/maps/valencia/changelog/1.0.2,1
2026-04-16,pages,/railyard/maps/yukina-hakodate,1
2026-04-16,pages,/railyard/maps/yukina-hiroshima-kure,1
2026-04-16,pages,/railyard/maps/yukina-kumamoto,1
2026-04-16,pages,/railyard/maps/yukina-morioka,1
2026-04-16,pages,/railyard/maps/yukina-nakadoori/changelog/0.1.1,1
2026-04-16,pages,/railyard/maps/yukina-nakaumi/changelog/0.2.0,1
2026-04-16,pages,/railyard/maps/yukina-nemuro/changelog/0.1.1,1
2026-04-16,pages,/railyard/maps/yukina-northern-kyushu,1
2026-04-16,pages,/railyard/maps/yukina-tottori,1
2026-04-16,pages,/railyard/maps/yukina-tsugaru,1
2026-04-16,pages,/railyard/mods/any-money,1
2026-04-16,pages,/railyard/mods/cinematic-camera,1
2026-04-16,pages,/railyard/mods/citymapper,1
2026-04-16,pages,/railyard/mods/simple-trains,2
2026-04-16,pages,/railyard/mods/station-dots,1
2026-04-16,pages,/railyard/updates,2
2026-04-16,pages,/railyard/updates/v0.1.2,1
2026-04-16,pages,/railyard/updates/v0.1.3,1
2026-04-16,pages,/railyard/updates/v0.1.4,2
2026-04-16,pages,/railyard/updates/v0.2.0,1
2026-04-16,pages,/registry,1
2026-04-16,pages,/registry/authors/TransitCore,1
2026-04-16,pages,/registry/authors/Valdotorium,3
2026-04-16,pages,/registry/authors/nzh0172,1
2026-04-16,pages,/registry/map/yukina-fukuoka,1
2026-04-16,pages,/registry/map/yukina-hakodate,1
2026-04-16,pages,/registry/map/yukina-hiroshima-kure,1
2026-04-16,pages,/registry/map/yukina-kagoshima-kirishima,1
2026-04-16,pages,/registry/map/yukina-matsuyama,1
2026-04-16,pages,/registry/map/yukina-nagasaki,1
2026-04-16,pages,/registry/maps/bangkok,1
2026-04-16,pages,/registry/maps/bilbao,1
2026-04-16,pages,/registry/maps/ciudad-de-mexico,1
2026-04-16,pages,/registry/maps/greater-los-angeles,2
2026-04-16,pages,/registry/maps/jelegend-tokyo,3
2026-04-16,pages,/registry/maps/madrid,1
2026-04-16,pages,/registry/maps/mfn-hamptonroads,1
2026-04-16,pages,/registry/maps/pulau-pinang,1
2026-04-16,pages,/registry/maps/rome,3
2026-04-16,pages,/registry/maps/toledo-oh,1
2026-04-16,pages,/registry/maps/valencia,1
2026-04-16,pages,/registry/maps/yukina-kumamoto,1
2026-04-16,pages,/registry/maps/yukina-morioka,1
2026-04-16,pages,/registry/maps/yukina-nagoya,1
2026-04-16,pages,/registry/maps/yukina-niigata,1
2026-04-16,pages,/registry/maps/yukina-northern-kyushu,1
2026-04-16,pages,/registry/maps/yukina-tottori,1
2026-04-16,pages,/registry/mods/advanced-analytics,1
2026-04-16,pages,/registry/mods/citymapper,2
2026-04-16,pages,/registry/mods/distance-circles,1
2026-04-16,pages,/registry/mods/simple-trains,1
2026-04-16,pages,/registry/mods/subwaybuilder-regions,1
2026-04-16,pages,/registry/trending,1
2026-04-16,pages,/registry/world-map,4
2026-04-16,pages,/template-mod,5
2026-04-16,pages,/tools/md-playground,1
2026-04-16,pages,/updates/railyard/v0.1.4,6
2026-04-16,pages,/updates/railyard/v0.2.2,1
2026-04-16,pages,/updates/template-mod,1
2026-04-16,pages,/website,1
2026-04-16,countries,AR,1
2026-04-16,countries,BA,3
2026-04-16,countries,BE,9
2026-04-16,countries,BR,3
2026-04-16,countries,CA,28
2026-04-16,countries,CH,1
2026-04-16,countries,CN,1
2026-04-16,countries,DE,14
2026-04-16,countries,ES,3
2026-04-16,countries,FR,6
2026-04-16,countries,GB,18
2026-04-16,countries,IE,1
2026-04-16,countries,IL,1
2026-04-16,countries,IS,1
2026-04-16,countries,IT,2
2026-04-16,countries,NL,3
2026-04-16,countries,NO,1
2026-04-16,countries,PL,14
2026-04-16,countries,PT,2
2026-04-16,countries,RO,4
2026-04-16,countries,SE,2
2026-04-16,countries,SG,3
2026-04-16,countries,TH,7
2026-04-16,countries,TW,2
2026-04-16,countries,US,150
2026-04-16,browsers,AppleBot,1
2026-04-16,browsers,BingBot,7
2026-04-16,browsers,Chrome,75
2026-04-16,browsers,ChromeMobile,12
2026-04-16,browsers,Edge,23
2026-04-16,browsers,Firefox,44
2026-04-16,browsers,GoogleBot,35
2026-04-16,browsers,MobileSafari,9
2026-04-16,browsers,Opera,6
2026-04-16,browsers,Safari,17
2026-04-16,browsers,SamsungInternet,3
2026-04-16,browsers,Unknown,48
2026-04-16,operating_systems,Android,46
2026-04-16,operating_systems,ChromeOS,1
2026-04-16,operating_systems,Linux,7
2026-04-16,operating_systems,MacOSX,64
2026-04-16,operating_systems,Unknown,55
2026-04-16,operating_systems,Windows,94
2026-04-16,operating_systems,iOS,13
2026-04-16,devices,desktop,210
2026-04-16,devices,mobile,68
2026-04-16,devices,tablet,2
2026-04-17,totals,visits,887
2026-04-17,pages,/,209
2026-04-17,pages,/contribute,6
2026-04-17,pages,/credits,38
2026-04-17,pages,/docs,1
2026-04-17,pages,/index.html,1
2026-04-17,pages,/license,2
2026-04-17,pages,/railyard,116
2026-04-17,pages,/railyard/analytics,7
2026-04-17,pages,/railyard/browse,37
2026-04-17,pages,/railyard/docs,9
2026-04-17,pages,/railyard/docs/latest/developers/publishing-projects,3
2026-04-17,pages,/railyard/docs/latest/players/github-token,16
2026-04-17,pages,/railyard/docs/latest/players/installing-railyard,3
2026-04-17,pages,/railyard/docs/v0.1/players/github-token,2
2026-04-17,pages,/railyard/docs/v0.1/players/install-guide-linux,1
2026-04-17,pages,/railyard/docs/v0.1/players/install-guide-macos,2
2026-04-17,pages,/railyard/docs/v0.1/players/install-guide-windows,1
2026-04-17,pages,/railyard/docs/v0.2/developers,6
2026-04-17,pages,/railyard/docs/v0.2/developers/data-quality,2
2026-04-17,pages,/railyard/docs/v0.2/developers/dependencies,2
2026-04-17,pages,/railyard/docs/v0.2/developers/publishing-projects,1
2026-04-17,pages,/railyard/docs/v0.2/developers/tagging,5
2026-04-17,pages,/railyard/docs/v0.2/developers/using-custom-url,2
2026-04-17,pages,/railyard/docs/v0.2/players,21
2026-04-17,pages,/railyard/docs/v0.2/players/country-flag-emojis,1
2026-04-17,pages,/railyard/docs/v0.2/players/github-token,11
2026-04-17,pages,/railyard/docs/v0.2/players/installing-railyard,2
2026-04-17,pages,/railyard/docs/v0.2/players/installing-railyard/linux,1
2026-04-17,pages,/railyard/docs/v0.2/players/installing-railyard/macos,4
2026-04-17,pages,/railyard/docs/v0.2/players/installing-railyard/windows,8
2026-04-17,pages,/railyard/docs/v0.2/players/profile-management,4
2026-04-17,pages,/railyard/maps/amsterdam,2
2026-04-17,pages,/railyard/maps/baltimore-dc-corridor,1
2026-04-17,pages,/railyard/maps/bari,1
2026-04-17,pages,/railyard/maps/berlin-val,3
2026-04-17,pages,/railyard/maps/bologna,1
2026-04-17,pages,/railyard/maps/bucharest-medium,3
2026-04-17,pages,/railyard/maps/cairo,1
2026-04-17,pages,/railyard/maps/colorado-ski-country/changelog/1.0.0,1
2026-04-17,pages,/railyard/maps/daytonatti,1
2026-04-17,pages,/railyard/maps/dublin/changelog/v1.0.0,1
2026-04-17,pages,/railyard/maps/greater-kuala-lumpur,2
2026-04-17,pages,/railyard/maps/greater-los-angeles,2
2026-04-17,pages,/railyard/maps/ipoh,1
2026-04-17,pages,/railyard/maps/jelegend-tokyo,10
2026-04-17,pages,/railyard/maps/jelegend-tokyo/changelog/v0.1.0,2
2026-04-17,pages,/railyard/maps/johor-bahru,1
2026-04-17,pages,/railyard/maps/los-angeles-county/changelog/1.1.0,1
2026-04-17,pages,/railyard/maps/madrid,2
2026-04-17,pages,/railyard/maps/madrid/changelog/1.0.0,1
2026-04-17,pages,/railyard/maps/mfn-northwestar/changelog/1.0.0,1
2026-04-17,pages,/railyard/maps/mfn-rdu,2
2026-04-17,pages,/railyard/maps/mfn-rdu/changelog/1.0.0,1
2026-04-17,pages,/railyard/maps/milan,1
2026-04-17,pages,/railyard/maps/monterrey/changelog/1.0.1,1
2026-04-17,pages,/railyard/maps/nashville,2
2026-04-17,pages,/railyard/maps/oklahoma-city,1
2026-04-17,pages,/railyard/maps/orange-county/changelog/1.0.3,1
2026-04-17,pages,/railyard/maps/ottawa,8
2026-04-17,pages,/railyard/maps/puerto-rico,1
2026-04-17,pages,/railyard/maps/puerto-rico/changelog/1.0.1,1
2026-04-17,pages,/railyard/maps/pulau-pinang,1
2026-04-17,pages,/railyard/maps/rome,1
2026-04-17,pages,/railyard/maps/san-juan,1
2026-04-17,pages,/railyard/maps/seoul-4,1
2026-04-17,pages,/railyard/maps/singapore-val,1
2026-04-17,pages,/railyard/maps/south-florida/changelog/v1.0.0,1
2026-04-17,pages,/railyard/maps/sydney,1
2026-04-17,pages,/railyard/maps/sydney/changelog/1.0.0,1
2026-04-17,pages,/railyard/maps/tel-aviv/changelog/v2.0.0,1
2026-04-17,pages,/railyard/maps/toronto,1
2026-04-17,pages,/railyard/maps/toronto/changelog/1.0.1,1
2026-04-17,pages,/railyard/maps/toronto/changelog/1.1.3,1
2026-04-17,pages,/railyard/maps/ulsan-3/changelog/0.1.1,1
2026-04-17,pages,/railyard/maps/ulsan-4/changelog/0.1.1,1
2026-04-17,pages,/railyard/maps/vancouver,2
2026-04-17,pages,/railyard/maps/waterloo,1
2026-04-17,pages,/railyard/maps/yukina-asahikawa/changelog/0.1.1,1
2026-04-17,pages,/railyard/maps/yukina-fukuoka,1
2026-04-17,pages,/railyard/maps/yukina-fukuoka/changelog/0.5.0,1
2026-04-17,pages,/railyard/maps/yukina-kitakyushu-shimonoseki/changelog/0.5.0,1
2026-04-17,pages,/railyard/maps/yukina-kobe-akashi,1
2026-04-17,pages,/railyard/maps/yukina-kumamoto/changelog/0.1.0,1
2026-04-17,pages,/railyard/maps/yukina-kyoto,4
2026-04-17,pages,/railyard/maps/yukina-matsuyama,1
2026-04-17,pages,/railyard/maps/yukina-morioka/changelog/0.1.0,1
2026-04-17,pages,/railyard/maps/yukina-nagoya,1
2026-04-17,pages,/railyard/maps/yukina-nakaumi/changelog/0.3.0,1
2026-04-17,pages,/railyard/maps/yukina-nemuro,1
2026-04-17,pages,/railyard/maps/yukina-northern-kyushu/changelog/0.1.0,1
2026-04-17,pages,/railyard/maps/yukina-okinawa,1
2026-04-17,pages,/railyard/maps/yukina-okinawa/changelog/0.4.0,2
2026-04-17,pages,/railyard/maps/yukina-sendai/changelog/0.3.0,1
2026-04-17,pages,/railyard/maps/yukina-shizuoka-hamamatsu,1
2026-04-17,pages,/railyard/maps/yukina-tottori/changelog/0.1.0,1
2026-04-17,pages,/railyard/maps/yukina-tsugaru,1
2026-04-17,pages,/railyard/maps/yukina-tsugaru/changelog/0.1.1,1
2026-04-17,pages,/railyard/maps/yukina-wakkanai,1
2026-04-17,pages,/railyard/maps/yukina-wakkanai/changelog/0.1.1,1
2026-04-17,pages,/railyard/maps/zurich,1
2026-04-17,pages,/railyard/mods/advanced-analytics,1
2026-04-17,pages,/railyard/mods/any-money,2
2026-04-17,pages,/railyard/mods/cinematic-camera,3
2026-04-17,pages,/railyard/mods/citymapper,1
2026-04-17,pages,/railyard/mods/danield1909-dantrains/changelog/v1.0.0,1
2026-04-17,pages,/railyard/mods/danield1909-dantrains/changelog/v1.0.2,1
2026-04-17,pages,/railyard/mods/game-speedup,4
2026-04-17,pages,/railyard/mods/network-status,3
2026-04-17,pages,/railyard/mods/simple-trains,1
2026-04-17,pages,/railyard/mods/station-dots,4
2026-04-17,pages,/railyard/mods/subwaybuilder-regions,2
2026-04-17,pages,/railyard/mods/transit-overlay,2
2026-04-17,pages,/railyard/mods/valdotoriums-trains,7
2026-04-17,pages,/railyard/updates,8
2026-04-17,pages,/railyard/updates/v0.1.0,1
2026-04-17,pages,/railyard/updates/v0.1.1,1
2026-04-17,pages,/railyard/updates/v0.1.2,1
2026-04-17,pages,/railyard/updates/v0.1.3,2
2026-04-17,pages,/railyard/updates/v0.1.6,1
2026-04-17,pages,/railyard/updates/v0.2.0,3
2026-04-17,pages,/railyard/updates/v0.2.1,5
2026-04-17,pages,/railyard/updates/v0.2.2,1
2026-04-17,pages,/registry,14
2026-04-17,pages,/registry/authors/BarKuperman,2
2026-04-17,pages,/registry/authors/Maximilian284,1
2026-04-17,pages,/registry/authors/TransitCore,2
2026-04-17,pages,/registry/authors/Valdotorium,1
2026-04-17,pages,/registry/authors/bean1322,1
2026-04-17,pages,/registry/authors/crumpetime,1
2026-04-17,pages,/registry/authors/kimth9,1
2026-04-17,pages,/registry/authors/nzh0172,1
2026-04-17,pages,/registry/authors/soccerjonj,2
2026-04-17,pages,/registry/authors/stefanorigano,2
2026-04-17,pages,/registry/maps/barcelona,1
2026-04-17,pages,/registry/maps/bari,1
2026-04-17,pages,/registry/maps/berlin-val,4
2026-04-17,pages,/registry/maps/bilbao,1
2026-04-17,pages,/registry/maps/buffalo-ny,4
2026-04-17,pages,/registry/maps/greater-kuala-lumpur,1
2026-04-17,pages,/registry/maps/ipoh,1
2026-04-17,pages,/registry/maps/jelegend-tokyo,4
2026-04-17,pages,/registry/maps/jerusalem,1
2026-04-17,pages,/registry/maps/johor-bahru,1
2026-04-17,pages,/registry/maps/knoxville,1
2026-04-17,pages,/registry/maps/los-angeles-county,2
2026-04-17,pages,/registry/maps/madrid,2
2026-04-17,pages,/registry/maps/mfn-hamptonroads,1
2026-04-17,pages,/registry/maps/mfn-madisonwi,1
2026-04-17,pages,/registry/maps/mfn-northwestar,1
2026-04-17,pages,/registry/maps/mfn-rdu,1
2026-04-17,pages,/registry/maps/ottawa,2
2026-04-17,pages,/registry/maps/pulau-pinang,2
2026-04-17,pages,/registry/maps/san-antonio,1
2026-04-17,pages,/registry/maps/sydney,1
2026-04-17,pages,/registry/maps/tampa-bay,1
2026-04-17,pages,/registry/maps/tel-aviv,2
2026-04-17,pages,/registry/maps/trondheim-val,1
2026-04-17,pages,/registry/maps/warsaw-val,1
2026-04-17,pages,/registry/maps/wilmington-nc,1
2026-04-17,pages,/registry/maps/yukina-kagoshima-kirishima,2
2026-04-17,pages,/registry/maps/yukina-kitakyushu-shimonoseki,1
2026-04-17,pages,/registry/maps/yukina-kochi,1
2026-04-17,pages,/registry/maps/yukina-matsuyama,1
2026-04-17,pages,/registry/maps/yukina-nagasaki,1
2026-04-17,pages,/registry/maps/yukina-nagoya,1
2026-04-17,pages,/registry/maps/yukina-nakadoori,1
2026-04-17,pages,/registry/maps/yukina-nakaumi,1
2026-04-17,pages,/registry/maps/yukina-sapporo-chitose,2
2026-04-17,pages,/registry/maps/yukina-tsugaru,2
2026-04-17,pages,/registry/maps/yukina-yamagata,1
2026-04-17,pages,/registry/mods/advanced-analytics,8
2026-04-17,pages,/registry/mods/any-money,2
2026-04-17,pages,/registry/mods/cinematic-camera,2
2026-04-17,pages,/registry/mods/danield1909-dantrains,3
2026-04-17,pages,/registry/mods/game-speedup,1
2026-04-17,pages,/registry/mods/simple-trains,5
2026-04-17,pages,/registry/mods/subwaybuilder-regions,2
2026-04-17,pages,/registry/mods/transit-overlay,3
2026-04-17,pages,/registry/mods/valdotoriums-trains,2
2026-04-17,pages,/registry/trending,5
2026-04-17,pages,/registry/world-map,11
2026-04-17,pages,/template-mod,6
2026-04-17,pages,/template-mod/docs,7
2026-04-17,pages,/template-mod/docs/v1.0,4
2026-04-17,pages,/template-mod/docs/v1.0/common-patterns,3
2026-04-17,pages,/template-mod/docs/v1.0/debugging,2
2026-04-17,pages,/template-mod/docs/v1.0/getting-started,6
2026-04-17,pages,/template-mod/docs/v1.0/project-structure,3
2026-04-17,pages,/template-mod/docs/v1.0/react-components,4
2026-04-17,pages,/template-mod/docs/v1.0/type-reference,4
2026-04-17,pages,/template-mod/updates,4
2026-04-17,pages,/tools/md-playground,6
2026-04-17,pages,/updates/railyard,4
2026-04-17,pages,/updates/railyard/v0.1.1,1
2026-04-17,pages,/updates/railyard/v0.2.1,2
2026-04-17,pages,/updates/railyard/v0.2.2,9
2026-04-17,pages,/website,3
2026-04-17,pages,/website/updates,6
2026-04-17,pages,/website/updates/v1.0.0,3
2026-04-17,pages,/website/updates/v1.0.1,2
2026-04-17,pages,/website/updates/v1.0.3,2
2026-04-17,countries,AE,1
2026-04-17,countries,AR,17
2026-04-17,countries,AU,15
2026-04-17,countries,BE,17
2026-04-17,countries,BG,5
2026-04-17,countries,BR,9
2026-04-17,countries,CA,57
2026-04-17,countries,CH,3
2026-04-17,countries,CI,1
2026-04-17,countries,CN,2
2026-04-17,countries,CZ,3
2026-04-17,countries,DE,35
2026-04-17,countries,DK,10
2026-04-17,countries,DO,1
2026-04-17,countries,ES,7
2026-04-17,countries,FI,6
2026-04-17,countries,FR,28
2026-04-17,countries,GB,32
2026-04-17,countries,HK,6
2026-04-17,countries,IE,3
2026-04-17,countries,IN,8
2026-04-17,countries,IQ,1
2026-04-17,countries,IS,1
2026-04-17,countries,IT,5
2026-04-17,countries,JO,1
2026-04-17,countries,JP,9
2026-04-17,countries,KE,1
2026-04-17,countries,KR,3
2026-04-17,countries,LK,3
2026-04-17,countries,LT,1
2026-04-17,countries,MX,1
2026-04-17,countries,MY,2
2026-04-17,countries,NL,14
2026-04-17,countries,OM,1
2026-04-17,countries,PK,1
2026-04-17,countries,PL,12
2026-04-17,countries,PT,12
2026-04-17,countries,RO,8
2026-04-17,countries,RS,2
2026-04-17,countries,RU,8
2026-04-17,countries,SE,2
2026-04-17,countries,SG,7
2026-04-17,countries,SK,2
2026-04-17,countries,TH,5
2026-04-17,countries,TR,1
2026-04-17,countries,TW,2
2026-04-17,countries,US,510
2026-04-17,countries,VN,5
2026-04-17,countries,ZA,1
2026-04-17,browsers,AppleBot,13
2026-04-17,browsers,BingBot,18
2026-04-17,browsers,Chrome,244
2026-04-17,browsers,ChromeHeadless,11
2026-04-17,browsers,ChromeMobile,32
2026-04-17,browsers,ChromeMobileWebview,1
2026-04-17,browsers,Curl,9
2026-04-17,browsers,Edge,44
2026-04-17,browsers,Firefox,60
2026-04-17,browsers,FirefoxMobile,3
2026-04-17,browsers,GoogleBot,101
2026-04-17,browsers,MobileSafari,27
2026-04-17,browsers,Opera,14
2026-04-17,browsers,Safari,70
2026-04-17,browsers,SamsungInternet,5
2026-04-17,browsers,Unknown,233
2026-04-17,browsers,YandexBot,2
2026-04-17,operating_systems,Android,126
2026-04-17,operating_systems,Linux,32
2026-04-17,operating_systems,MacOSX,222
2026-04-17,operating_systems,Unknown,274
2026-04-17,operating_systems,Windows,200
2026-04-17,operating_systems,iOS,33
2026-04-17,devices,desktop,706
2026-04-17,devices,mobile,181
2026-04-18,totals,visits,947
2026-04-18,pages,/,275
2026-04-18,pages,/contribute,11
2026-04-18,pages,/credits,6
2026-04-18,pages,/license,2
2026-04-18,pages,/railyard,140
2026-04-18,pages,/railyard/analytics,4
2026-04-18,pages,/railyard/browse,22
2026-04-18,pages,/railyard/docs,14
2026-04-18,pages,/railyard/docs/latest/developers/publishing-projects,3
2026-04-18,pages,/railyard/docs/latest/players/github-token,2
2026-04-18,pages,/railyard/docs/latest/players/installing-railyard,1
2026-04-18,pages,/railyard/docs/v0.1/developers,2
2026-04-18,pages,/railyard/docs/v0.1/developers/data-quality,3
2026-04-18,pages,/railyard/docs/v0.1/developers/publishing-projects,2
2026-04-18,pages,/railyard/docs/v0.1/developers/using-custom-url,2
2026-04-18,pages,/railyard/docs/v0.1/players,3
2026-04-18,pages,/railyard/docs/v0.1/players/github-token,5
2026-04-18,pages,/railyard/docs/v0.1/players/install-guide-linux,5
2026-04-18,pages,/railyard/docs/v0.1/players/install-guide-macos,3
2026-04-18,pages,/railyard/docs/v0.1/players/install-guide-windows,2
2026-04-18,pages,/railyard/docs/v0.2/developers,1
2026-04-18,pages,/railyard/docs/v0.2/developers/data-quality,1
2026-04-18,pages,/railyard/docs/v0.2/developers/dependencies,1
2026-04-18,pages,/railyard/docs/v0.2/developers/publishing-projects,3
2026-04-18,pages,/railyard/docs/v0.2/developers/tagging,4
2026-04-18,pages,/railyard/docs/v0.2/players,1
2026-04-18,pages,/railyard/docs/v0.2/players/country-flag-emojis,1
2026-04-18,pages,/railyard/docs/v0.2/players/github-token,17
2026-04-18,pages,/railyard/docs/v0.2/players/importing-custom-assets,7
2026-04-18,pages,/railyard/docs/v0.2/players/installing-railyard,9
2026-04-18,pages,/railyard/docs/v0.2/players/installing-railyard/linux,2
2026-04-18,pages,/railyard/docs/v0.2/players/installing-railyard/macos,7
2026-04-18,pages,/railyard/docs/v0.2/players/installing-railyard/windows,11
2026-04-18,pages,/railyard/docs/v0.2/players/profile-management,1
2026-04-18,pages,/railyard/maps/amsterdam,1
2026-04-18,pages,/railyard/maps/anchorage-ak,1
2026-04-18,pages,/railyard/maps/baltimore-dc-corridor,1
2026-04-18,pages,/railyard/maps/barcelona,3
2026-04-18,pages,/railyard/maps/berlin-val,3
2026-04-18,pages,/railyard/maps/bilbao,1
2026-04-18,pages,/railyard/maps/buffalo-ny,1
2026-04-18,pages,/railyard/maps/charleston-huntington-wv,1
2026-04-18,pages,/railyard/maps/daejeon-3/changelog/0.1.1,1
2026-04-18,pages,/railyard/maps/florence,1
2026-04-18,pages,/railyard/maps/garda-lake/changelog/1.0.0,1
2026-04-18,pages,/railyard/maps/genoa,1
2026-04-18,pages,/railyard/maps/genoa/changelog/1.0.0,1
2026-04-18,pages,/railyard/maps/glasgow-edinburgh,1
2026-04-18,pages,/railyard/maps/greater-kuala-lumpur,6
2026-04-18,pages,/railyard/maps/greater-los-angeles,4
2026-04-18,pages,/railyard/maps/greatertwincities,1
2026-04-18,pages,/railyard/maps/guadalajara/changelog/1.0.0,1
2026-04-18,pages,/railyard/maps/ipoh,1
2026-04-18,pages,/railyard/maps/jacksonville/changelog/1.0.0,1
2026-04-18,pages,/railyard/maps/knoxville,1
2026-04-18,pages,/railyard/maps/knoxville/changelog/1.1.1,1
2026-04-18,pages,/railyard/maps/los-angeles-county/changelog/1.0.0,1
2026-04-18,pages,/railyard/maps/madrid,1
2026-04-18,pages,/railyard/maps/memphis,1
2026-04-18,pages,/railyard/maps/mfn-hong-kong,2
2026-04-18,pages,/railyard/maps/mfn-lasvegas,1
2026-04-18,pages,/railyard/maps/mfn-northwestar/changelog/1.0.0,1
2026-04-18,pages,/railyard/maps/mfn-rdu,1
2026-04-18,pages,/railyard/maps/montreal/changelog/1.0.1,1
2026-04-18,pages,/railyard/maps/nashville,2
2026-04-18,pages,/railyard/maps/orange-county,1
2026-04-18,pages,/railyard/maps/pyongyang-nk/changelog/1.0.0,1
2026-04-18,pages,/railyard/maps/quebec-city/changelog/1.0.1,1
2026-04-18,pages,/railyard/maps/singapore-val,2
2026-04-18,pages,/railyard/maps/singapore-val/changelog/1.0.0,1
2026-04-18,pages,/railyard/maps/toledo-oh,1
2026-04-18,pages,/railyard/maps/toronto,1
2026-04-18,pages,/railyard/maps/trondheim-val,1
2026-04-18,pages,/railyard/maps/turin,1
2026-04-18,pages,/railyard/maps/valencia/changelog/1.0.0,1
2026-04-18,pages,/railyard/maps/warsaw-val,4
2026-04-18,pages,/railyard/maps/winnipeg/changelog/1.0.1,1
2026-04-18,pages,/railyard/maps/yukina-hiroshima-kure,5
2026-04-18,pages,/railyard/maps/yukina-kobe-akashi,1
2026-04-18,pages,/railyard/maps/yukina-kyoto,1
2026-04-18,pages,/railyard/maps/yukina-nakaumi,2
2026-04-18,pages,/railyard/maps/yukina-nakaumi/changelog/0.1.0,1
2026-04-18,pages,/railyard/maps/yukina-okayama,1
2026-04-18,pages,/railyard/maps/yukina-okinawa,4
2026-04-18,pages,/railyard/maps/yukina-osaka/changelog/0.1.3,1
2026-04-18,pages,/railyard/maps/yukina-sapporo-chitose,3
2026-04-18,pages,/railyard/maps/yukina-tsugaru,1
2026-04-18,pages,/railyard/mods/advanced-analytics,13
2026-04-18,pages,/railyard/mods/citymapper,3
2026-04-18,pages,/railyard/mods/citymapper/changelog/v0.2.0,1
2026-04-18,pages,/railyard/mods/danield1909-dantrains,5
2026-04-18,pages,/railyard/mods/danield1909-dantrains/changelog/v1.0.0,1
2026-04-18,pages,/railyard/mods/distance-circles,2
2026-04-18,pages,/railyard/mods/game-speedup,1
2026-04-18,pages,/railyard/mods/network-status,3
2026-04-18,pages,/railyard/mods/simple-trains,7
2026-04-18,pages,/railyard/mods/station-dots,1
2026-04-18,pages,/railyard/mods/station-dots/changelog/v1.1.0,1
2026-04-18,pages,/railyard/mods/subwaybuilder-regions,1
2026-04-18,pages,/railyard/mods/transit-overlay,3
2026-04-18,pages,/railyard/mods/valdotoriums-trains,1
2026-04-18,pages,/railyard/mods/valdotoriums-trains/changelog/v0.1.7,1
2026-04-18,pages,/railyard/updates,7
2026-04-18,pages,/railyard/updates/v0.1.0,1
2026-04-18,pages,/railyard/updates/v0.1.1,1
2026-04-18,pages,/railyard/updates/v0.1.3,2
2026-04-18,pages,/railyard/updates/v0.1.4,1
2026-04-18,pages,/railyard/updates/v0.1.5,2
2026-04-18,pages,/railyard/updates/v0.2.1,2
2026-04-18,pages,/registry,12
2026-04-18,pages,/registry/author/Valdotorium,1
2026-04-18,pages,/registry/author/crumpetime,1
2026-04-18,pages,/registry/authors/Bobby-047,1
2026-04-18,pages,/registry/authors/DanielD1909,1
2026-04-18,pages,/registry/authors/Gio1112,1
2026-04-18,pages,/registry/authors/stefanorigano,1
2026-04-18,pages,/registry/map/bologna,5
2026-04-18,pages,/registry/maps/baltimore-dc-corridor,2
2026-04-18,pages,/registry/maps/bangkok,1
2026-04-18,pages,/registry/maps/bari,1
2026-04-18,pages,/registry/maps/berlin-val,5
2026-04-18,pages,/registry/maps/bologna,1
2026-04-18,pages,/registry/maps/busan-3,1
2026-04-18,pages,/registry/maps/catania,1
2026-04-18,pages,/registry/maps/ciudad-de-mexico,1
2026-04-18,pages,/registry/maps/florence,1
2026-04-18,pages,/registry/maps/garda-lake,1
2026-04-18,pages,/registry/maps/genoa,1
2026-04-18,pages,/registry/maps/glasgow-edinburgh,3
2026-04-18,pages,/registry/maps/greater-kuala-lumpur,3
2026-04-18,pages,/registry/maps/greatertwincities,1
2026-04-18,pages,/registry/maps/ipoh,1
2026-04-18,pages,/registry/maps/jeju-3,1
2026-04-18,pages,/registry/maps/jelegend-tokyo,1
2026-04-18,pages,/registry/maps/jerusalem,1
2026-04-18,pages,/registry/maps/johor-bahru,1
2026-04-18,pages,/registry/maps/madrid,2
2026-04-18,pages,/registry/maps/mfn-hamptonroads,1
2026-04-18,pages,/registry/maps/mfn-hong-kong,4
2026-04-18,pages,/registry/maps/mfn-lasvegas,3
2026-04-18,pages,/registry/maps/mfn-madisonwi,1
2026-04-18,pages,/registry/maps/mfn-northwestar,2
2026-04-18,pages,/registry/maps/milan,1
2026-04-18,pages,/registry/maps/monterrey,1
2026-04-18,pages,/registry/maps/naples,1
2026-04-18,pages,/registry/maps/palermo,1
2026-04-18,pages,/registry/maps/pianura-emiliana,1
2026-04-18,pages,/registry/maps/pianura-veneta,1
2026-04-18,pages,/registry/maps/puebla,2
2026-04-18,pages,/registry/maps/riviera-romagnola,1
2026-04-18,pages,/registry/maps/rome,1
2026-04-18,pages,/registry/maps/rotterdam-the-hague,1
2026-04-18,pages,/registry/maps/sacramento,1
2026-04-18,pages,/registry/maps/seoul-4,1
2026-04-18,pages,/registry/maps/singapore-val,4
2026-04-18,pages,/registry/maps/spokane,1
2026-04-18,pages,/registry/maps/tel-aviv,1
2026-04-18,pages,/registry/maps/trondheim-val,4
2026-04-18,pages,/registry/maps/turin,1
2026-04-18,pages,/registry/maps/valencia,2
2026-04-18,pages,/registry/maps/warsaw-val,2
2026-04-18,pages,/registry/maps/willamette-valley,1
2026-04-18,pages,/registry/maps/yukina-asahikawa,2
2026-04-18,pages,/registry/maps/yukina-fukuoka,3
2026-04-18,pages,/registry/maps/yukina-hakodate,2
2026-04-18,pages,/registry/maps/yukina-hiroshima-kure,3
2026-04-18,pages,/registry/maps/yukina-kagoshima-kirishima,1
2026-04-18,pages,/registry/maps/yukina-kitakyushu-shimonoseki,2
2026-04-18,pages,/registry/maps/yukina-kobe-akashi,3
2026-04-18,pages,/registry/maps/yukina-kumamoto,1
2026-04-18,pages,/registry/maps/yukina-kyoto,7
2026-04-18,pages,/registry/maps/yukina-matsuyama,1
2026-04-18,pages,/registry/maps/yukina-morioka,1
2026-04-18,pages,/registry/maps/yukina-nagasaki,1
2026-04-18,pages,/registry/maps/yukina-nagoya,1
2026-04-18,pages,/registry/maps/yukina-nakadoori,1
2026-04-18,pages,/registry/maps/yukina-nakaumi,1
2026-04-18,pages,/registry/maps/yukina-niigata,3
2026-04-18,pages,/registry/maps/yukina-northern-kyushu,1
2026-04-18,pages,/registry/maps/yukina-okayama,2
2026-04-18,pages,/registry/maps/yukina-okinawa,4
2026-04-18,pages,/registry/maps/yukina-osaka,2
2026-04-18,pages,/registry/maps/yukina-sendai,2
2026-04-18,pages,/registry/maps/yukina-shizuoka-hamamatsu,2
2026-04-18,pages,/registry/maps/yukina-takamatsu,3
2026-04-18,pages,/registry/maps/yukina-tottori,1
2026-04-18,pages,/registry/maps/yukina-toyama,3
2026-04-18,pages,/registry/maps/yukina-yamagata,1
2026-04-18,pages,/registry/mod/simple-trains,1
2026-04-18,pages,/registry/mods/advanced-analytics,8
2026-04-18,pages,/registry/mods/any-money,1
2026-04-18,pages,/registry/mods/cinematic-camera,1
2026-04-18,pages,/registry/mods/citymapper,1
2026-04-18,pages,/registry/mods/danield1909-dantrains,1
2026-04-18,pages,/registry/mods/distance-circles,4
2026-04-18,pages,/registry/mods/game-speedup,5
2026-04-18,pages,/registry/mods/network-status,1
2026-04-18,pages,/registry/mods/simple-trains,3
2026-04-18,pages,/registry/mods/station-dots,4
2026-04-18,pages,/registry/mods/subwaybuilder-regions,4
2026-04-18,pages,/registry/mods/transit-overlay,1
2026-04-18,pages,/registry/mods/valdotoriums-trains,1
2026-04-18,pages,/registry/trending,2
2026-04-18,pages,/registry/world-map,4
2026-04-18,pages,/template-mod,3
2026-04-18,pages,/template-mod/docs,3
2026-04-18,pages,/template-mod/docs/v1.0/getting-started,2
2026-04-18,pages,/template-mod/docs/v1.0/type-reference,1
2026-04-18,pages,/template-mod/updates,2
2026-04-18,pages,/template-mod/updates/v1.0.0,1
2026-04-18,pages,/template-mod/updates/v1.0.1,2
2026-04-18,pages,/tools/md-playground,3
2026-04-18,pages,/updates/railyard,2
2026-04-18,pages,/updates/railyard/v0.1.0,1
2026-04-18,pages,/updates/railyard/v0.1.2,1
2026-04-18,pages,/updates/railyard/v0.1.3,2
2026-04-18,pages,/updates/railyard/v0.1.4,1
2026-04-18,pages,/updates/railyard/v0.1.5,1
2026-04-18,pages,/updates/railyard/v0.1.6,1
2026-04-18,pages,/updates/railyard/v0.2.2,9
2026-04-18,pages,/updates/template-mod,3
2026-04-18,pages,/website,2
2026-04-18,pages,/website/updates,2
2026-04-18,pages,/website/updates/v1.0.0,1
2026-04-18,pages,/website/updates/v1.0.1,1
2026-04-18,countries,AR,1
2026-04-18,countries,AT,1
2026-04-18,countries,AU,29
2026-04-18,countries,BE,19
2026-04-18,countries,BG,6
2026-04-18,countries,BR,8
2026-04-18,countries,CA,78
2026-04-18,countries,CH,8
2026-04-18,countries,CZ,2
2026-04-18,countries,DE,30
2026-04-18,countries,DK,5
2026-04-18,countries,EG,1
2026-04-18,countries,ES,24
2026-04-18,countries,FI,10
2026-04-18,countries,FR,10
2026-04-18,countries,GB,54
2026-04-18,countries,HK,1
2026-04-18,countries,HU,5
2026-04-18,countries,ID,2
2026-04-18,countries,IE,1
2026-04-18,countries,IL,2
2026-04-18,countries,IT,2
2026-04-18,countries,JP,16
2026-04-18,countries,KR,2
2026-04-18,countries,MY,7
2026-04-18,countries,NL,18
2026-04-18,countries,NZ,6
2026-04-18,countries,PH,10
2026-04-18,countries,PL,14
2026-04-18,countries,PT,2
2026-04-18,countries,RO,1
2026-04-18,countries,SE,5
2026-04-18,countries,SG,25
2026-04-18,countries,TR,1
2026-04-18,countries,US,541
2026-04-18,browsers,AppleBot,20
2026-04-18,browsers,BingBot,16
2026-04-18,browsers,Chrome,215
2026-04-18,browsers,ChromeMobile,31
2026-04-18,browsers,Edge,35
2026-04-18,browsers,Firefox,123
2026-04-18,browsers,FirefoxMobile,2
2026-04-18,browsers,GoogleBot,47
2026-04-18,browsers,MobileSafari,55
2026-04-18,browsers,MobileSafariWebview,1
2026-04-18,browsers,Opera,13
2026-04-18,browsers,Safari,55
2026-04-18,browsers,Unknown,334
2026-04-18,operating_systems,Android,71
2026-04-18,operating_systems,Linux,13
2026-04-18,operating_systems,MacOSX,189
2026-04-18,operating_systems,Unknown,350
2026-04-18,operating_systems,Windows,257
2026-04-18,operating_systems,iOS,67
2026-04-18,devices,desktop,792
2026-04-18,devices,mobile,154
2026-04-18,devices,tablet,1
2026-04-19,totals,visits,935
2026-04-19,pages,/,257
2026-04-19,pages,/contribute,3
2026-04-19,pages,/credits,2
2026-04-19,pages,/license,1
2026-04-19,pages,/railyard,129
2026-04-19,pages,/railyard/analytics,5
2026-04-19,pages,/railyard/browse,80
2026-04-19,pages,/railyard/docs,7
2026-04-19,pages,/railyard/docs/latest/developers/publishing-projects,3
2026-04-19,pages,/railyard/docs/latest/players/github-token,5
2026-04-19,pages,/railyard/docs/latest/players/importing-custom-assets,3
2026-04-19,pages,/railyard/docs/latest/players/installing-railyard,4
2026-04-19,pages,/railyard/docs/v0.1/developers/data-quality,1
2026-04-19,pages,/railyard/docs/v0.1/developers/publishing-projects,3
2026-04-19,pages,/railyard/docs/v0.1/players/github-token,1
2026-04-19,pages,/railyard/docs/v0.1/players/install-guide-linux,1
2026-04-19,pages,/railyard/docs/v0.1/players/install-guide-macos,3
2026-04-19,pages,/railyard/docs/v0.2/developers/dependencies,2
2026-04-19,pages,/railyard/docs/v0.2/developers/publishing-projects,1
2026-04-19,pages,/railyard/docs/v0.2/developers/using-custom-url,3
2026-04-19,pages,/railyard/docs/v0.2/players/github-token,12
2026-04-19,pages,/railyard/docs/v0.2/players/installing-railyard,1
2026-04-19,pages,/railyard/docs/v0.2/players/installing-railyard/linux,2
2026-04-19,pages,/railyard/docs/v0.2/players/installing-railyard/macos,5
2026-04-19,pages,/railyard/docs/v0.2/players/installing-railyard/windows,16
2026-04-19,pages,/railyard/maps,2
2026-04-19,pages,/railyard/maps/albany,1
2026-04-19,pages,/railyard/maps/baltimore-dc-corridor,2
2026-04-19,pages,/railyard/maps/bangkok,1
2026-04-19,pages,/railyard/maps/bari,1
2026-04-19,pages,/railyard/maps/berlin-val,1
2026-04-19,pages,/railyard/maps/bilbao,1
2026-04-19,pages,/railyard/maps/bologna,2
2026-04-19,pages,/railyard/maps/bucharest-medium,1
2026-04-19,pages,/railyard/maps/buffalo-ny,1
2026-04-19,pages,/railyard/maps/busan-4,1
2026-04-19,pages,/railyard/maps/catania,2
2026-04-19,pages,/railyard/maps/charleston-sc,1
2026-04-19,pages,/railyard/maps/ciudad-de-mexico,4
2026-04-19,pages,/railyard/maps/colorado-ski-country,1
2026-04-19,pages,/railyard/maps/daegu-3,1
2026-04-19,pages,/railyard/maps/daegu-4,1
2026-04-19,pages,/railyard/maps/daejeon-4,1
2026-04-19,pages,/railyard/maps/dayton-oh,1
2026-04-19,pages,/railyard/maps/daytonatti,1
2026-04-19,pages,/railyard/maps/dublin,1
2026-04-19,pages,/railyard/maps/edmonton,3
2026-04-19,pages,/railyard/maps/florence,1
2026-04-19,pages,/railyard/maps/garda-lake,3
2026-04-19,pages,/railyard/maps/genoa,1
2026-04-19,pages,/railyard/maps/glasgow-edinburgh,1
2026-04-19,pages,/railyard/maps/greater-baltimore,1
2026-04-19,pages,/railyard/maps/greater-baltimore/changelog/1.1.0,1
2026-04-19,pages,/railyard/maps/greater-kuala-lumpur,1
2026-04-19,pages,/railyard/maps/greater-los-angeles,5
2026-04-19,pages,/railyard/maps/greatertwincities,2
2026-04-19,pages,/railyard/maps/gwangju-4,1
2026-04-19,pages,/railyard/maps/incheon-3,1
2026-04-19,pages,/railyard/maps/incheon-4,1
2026-04-19,pages,/railyard/maps/jeju-3,1
2026-04-19,pages,/railyard/maps/jeju-f,1
2026-04-19,pages,/railyard/maps/jelegend-tokyo,4
2026-04-19,pages,/railyard/maps/los-angeles-county,1
2026-04-19,pages,/railyard/maps/louisville,1
2026-04-19,pages,/railyard/maps/madrid,4
2026-04-19,pages,/railyard/maps/mfn-hamptonroads,1
2026-04-19,pages,/railyard/maps/mfn-hong-kong,3
2026-04-19,pages,/railyard/maps/mfn-lasvegas,1
2026-04-19,pages,/railyard/maps/mfn-rdu,2
2026-04-19,pages,/railyard/maps/mfn-rdu/changelog/1.0.0,1
2026-04-19,pages,/railyard/maps/milan,1
2026-04-19,pages,/railyard/maps/montreal,3
2026-04-19,pages,/railyard/maps/montreal/changelog/1.1.3,1
2026-04-19,pages,/railyard/maps/naples,3
2026-04-19,pages,/railyard/maps/oklahoma-city,1
2026-04-19,pages,/railyard/maps/orlando,1
2026-04-19,pages,/railyard/maps/ottawa,1
2026-04-19,pages,/railyard/maps/palermo,2
2026-04-19,pages,/railyard/maps/pianura-emiliana,2
2026-04-19,pages,/railyard/maps/pianura-veneta,2
2026-04-19,pages,/railyard/maps/pianura-veneta/changelog/1.0.0,1
2026-04-19,pages,/railyard/maps/piedmont-triad,1
2026-04-19,pages,/railyard/maps/providence,1
2026-04-19,pages,/railyard/maps/providence/changelog/1.0.0,1
2026-04-19,pages,/railyard/maps/puerto-rico,2
2026-04-19,pages,/railyard/maps/pyongyang-nk,3
2026-04-19,pages,/railyard/maps/richmond,3
2026-04-19,pages,/railyard/maps/riviera-romagnola,2
2026-04-19,pages,/railyard/maps/rochester,2
2026-04-19,pages,/railyard/maps/rome,3
2026-04-19,pages,/railyard/maps/san-antonio,1
2026-04-19,pages,/railyard/maps/san-juan,2
2026-04-19,pages,/railyard/maps/sejong-4,1
2026-04-19,pages,/railyard/maps/seoul-3/changelog/0.1.1,1
2026-04-19,pages,/railyard/maps/seoul-4,1
2026-04-19,pages,/railyard/maps/singapore-val,3
2026-04-19,pages,/railyard/maps/sydney,3
2026-04-19,pages,/railyard/maps/tampa-bay,3
2026-04-19,pages,/railyard/maps/toronto,1
2026-04-19,pages,/railyard/maps/trondheim-val/changelog/1.0.0,1
2026-04-19,pages,/railyard/maps/turin,1
2026-04-19,pages,/railyard/maps/ulsan-4/changelog/0.1.1,2
2026-04-19,pages,/railyard/maps/vancouver,4
2026-04-19,pages,/railyard/maps/vancouver/changelog/1.1.3,1
2026-04-19,pages,/railyard/maps/waterloo,2
2026-04-19,pages,/railyard/maps/winnipeg,1
2026-04-19,pages,/railyard/maps/winnipeg/changelog/1.0.1,1
2026-04-19,pages,/railyard/maps/yukina-asahikawa/changelog/0.1.1,1
2026-04-19,pages,/railyard/maps/yukina-fukuoka/changelog/0.4.0,1
2026-04-19,pages,/railyard/maps/yukina-fukuoka/changelog/0.5.0,1
2026-04-19,pages,/railyard/maps/yukina-hiroshima-kure,4
2026-04-19,pages,/railyard/maps/yukina-kitakyushu-shimonoseki,1
2026-04-19,pages,/railyard/maps/yukina-kitakyushu-shimonoseki/changelog/0.5.0,1
2026-04-19,pages,/railyard/maps/yukina-kobe-akashi,1
2026-04-19,pages,/railyard/maps/yukina-kumamoto,2
2026-04-19,pages,/railyard/maps/yukina-kyoto,2
2026-04-19,pages,/railyard/maps/yukina-morioka,2
2026-04-19,pages,/railyard/maps/yukina-nakadoori/changelog/0.1.1,1
2026-04-19,pages,/railyard/maps/yukina-nakaumi,1
2026-04-19,pages,/railyard/maps/yukina-nakaumi/changelog/0.3.0,1
2026-04-19,pages,/railyard/maps/yukina-nemuro/changelog/0.1.1,1
2026-04-19,pages,/railyard/maps/yukina-northern-kyushu,1
2026-04-19,pages,/railyard/maps/yukina-osaka,3
2026-04-19,pages,/railyard/maps/yukina-sapporo-chitose,1
2026-04-19,pages,/railyard/maps/yukina-sapporo-chitose/changelog/0.3.0,1
2026-04-19,pages,/railyard/maps/yukina-tottori,2
2026-04-19,pages,/railyard/maps/yukina-tsugaru/changelog/0.1.1,1
2026-04-19,pages,/railyard/maps/yukina-wakkanai/changelog/0.1.1,1
2026-04-19,pages,/railyard/maps/zurich,4
2026-04-19,pages,/railyard/mods,1
2026-04-19,pages,/railyard/mods/advanced-analytics,13
2026-04-19,pages,/railyard/mods/advanced-analytics/changelog/v1.4.0,1
2026-04-19,pages,/railyard/mods/any-money,4
2026-04-19,pages,/railyard/mods/any-money/changelog/v0.2.0,1
2026-04-19,pages,/railyard/mods/cinematic-camera,2
2026-04-19,pages,/railyard/mods/citymapper,4
2026-04-19,pages,/railyard/mods/danield1909-dantrains,2
2026-04-19,pages,/railyard/mods/danield1909-dantrains/changelog/v1.0.0,1
2026-04-19,pages,/railyard/mods/danield1909-dantrains/changelog/v1.3.2,2
2026-04-19,pages,/railyard/mods/dep-test-mod/changelog/0.1.3,1
2026-04-19,pages,/railyard/mods/distance-circles,4
2026-04-19,pages,/railyard/mods/game-speedup,1
2026-04-19,pages,/railyard/mods/network-status,3
2026-04-19,pages,/railyard/mods/simple-trains,6
2026-04-19,pages,/railyard/mods/simple-trains/changelog/v1.0.1,2
2026-04-19,pages,/railyard/mods/station-dots,1
2026-04-19,pages,/railyard/mods/station-dots/changelog/v1.2.0,1
2026-04-19,pages,/railyard/mods/subwaybuilder-regions,3
2026-04-19,pages,/railyard/mods/test-mod-vulnscan,2
2026-04-19,pages,/railyard/mods/transit-overlay,4
2026-04-19,pages,/railyard/mods/valdotoriums-trains,1
2026-04-19,pages,/railyard/updates,5
2026-04-19,pages,/registry,7
2026-04-19,pages,/registry/author/BarKuperman,1
2026-04-19,pages,/registry/author/nzh0172,1
2026-04-19,pages,/registry/authors/TransitCore,1
2026-04-19,pages,/registry/authors/ahkimn,1
2026-04-19,pages,/registry/authors/bean1322,1
2026-04-19,pages,/registry/authors/soccerjonj,1
2026-04-19,pages,/registry/map/berlin-val,1
2026-04-19,pages,/registry/map/bologna,1
2026-04-19,pages,/registry/map/louisville,1
2026-04-19,pages,/registry/map/trondheim-val,1
2026-04-19,pages,/registry/map/warsaw-val,1
2026-04-19,pages,/registry/map/yukina-kyoto,1
2026-04-19,pages,/registry/maps/barcelona,1
2026-04-19,pages,/registry/maps/berlin-val,2
2026-04-19,pages,/registry/maps/bilbao,1
2026-04-19,pages,/registry/maps/busan-4,1
2026-04-19,pages,/registry/maps/cairo,1
2026-04-19,pages,/registry/maps/daegu-4,1
2026-04-19,pages,/registry/maps/dublin,1
2026-04-19,pages,/registry/maps/edmonton,1
2026-04-19,pages,/registry/maps/greatertwincities,1
2026-04-19,pages,/registry/maps/gwangju-4,1
2026-04-19,pages,/registry/maps/incheon-4,1
2026-04-19,pages,/registry/maps/jeju-4,1
2026-04-19,pages,/registry/maps/jeju-f,1
2026-04-19,pages,/registry/maps/jelegend-tokyo,6
2026-04-19,pages,/registry/maps/jerusalem,1
2026-04-19,pages,/registry/maps/johor-bahru,1
2026-04-19,pages,/registry/maps/mfn-hong-kong,2
2026-04-19,pages,/registry/maps/milan,1
2026-04-19,pages,/registry/maps/montreal,1
2026-04-19,pages,/registry/maps/oklahoma-city,1
2026-04-19,pages,/registry/maps/puerto-rico,2
2026-04-19,pages,/registry/maps/pulau-pinang,1
2026-04-19,pages,/registry/maps/quebec-city,1
2026-04-19,pages,/registry/maps/rome,2
2026-04-19,pages,/registry/maps/saltillo,1
2026-04-19,pages,/registry/maps/sejong-3,1
2026-04-19,pages,/registry/maps/sejong-4,1
2026-04-19,pages,/registry/maps/seoul-3,1
2026-04-19,pages,/registry/maps/ulsan-3,1
2026-04-19,pages,/registry/maps/ulsan-4,1
2026-04-19,pages,/registry/maps/yukina-kochi,2
2026-04-19,pages,/registry/maps/yukina-morioka,1
2026-04-19,pages,/registry/maps/yukina-northern-kyushu,1
2026-04-19,pages,/registry/maps/yukina-osaka,2
2026-04-19,pages,/registry/maps/yukina-sapporo-chitose,5
2026-04-19,pages,/registry/maps/yukina-sendai,2
2026-04-19,pages,/registry/maps/zurich,1
2026-04-19,pages,/registry/mods/advanced-analytics,12
2026-04-19,pages,/registry/mods/citymapper,2
2026-04-19,pages,/registry/mods/danield1909-dantrains,2
2026-04-19,pages,/registry/mods/distance-circles,2
2026-04-19,pages,/registry/mods/game-speedup,1
2026-04-19,pages,/registry/mods/network-status,1
2026-04-19,pages,/registry/mods/simple-trains,3
2026-04-19,pages,/registry/trending,1
2026-04-19,pages,/registry/world-map,13
2026-04-19,pages,/template-mod,4
2026-04-19,pages,/template-mod/docs,4
2026-04-19,pages,/template-mod/docs/v1.0/common-patterns,1
2026-04-19,pages,/template-mod/docs/v1.0/debugging,3
2026-04-19,pages,/template-mod/docs/v1.0/project-structure,2
2026-04-19,pages,/template-mod/docs/v1.0/react-components,1
2026-04-19,pages,/template-mod/docs/v1.0/type-reference,1
2026-04-19,pages,/template-mod/updates,1
2026-04-19,pages,/tools/md-playground,2
2026-04-19,pages,/updates,5
2026-04-19,pages,/updates/railyard,1
2026-04-19,pages,/updates/railyard/v0.2.2,10
2026-04-19,pages,/updates/template-mod/v1.0.0,1
2026-04-19,pages,/updates/template-mod/v1.0.1,1
2026-04-19,pages,/website,4
2026-04-19,pages,/website/updates/v1.0.2,1
2026-04-19,countries,AR,1
2026-04-19,countries,AT,1
2026-04-19,countries,AU,16
2026-04-19,countries,BA,1
2026-04-19,countries,BE,14
2026-04-19,countries,BR,12
2026-04-19,countries,CA,104
2026-04-19,countries,CL,1
2026-04-19,countries,CN,3
2026-04-19,countries,CZ,4
2026-04-19,countries,DE,35
2026-04-19,countries,DK,20
2026-04-19,countries,ES,11
2026-04-19,countries,FI,5
2026-04-19,countries,FR,20
2026-04-19,countries,GB,60
2026-04-19,countries,HK,2
2026-04-19,countries,ID,2
2026-04-19,countries,IE,1
2026-04-19,countries,IL,4
2026-04-19,countries,IN,3
2026-04-19,countries,IT,5
2026-04-19,countries,JP,18
2026-04-19,countries,KR,17
2026-04-19,countries,MX,2
2026-04-19,countries,MY,4
2026-04-19,countries,NL,14
2026-04-19,countries,NZ,4
2026-04-19,countries,PH,3
2026-04-19,countries,PL,13
2026-04-19,countries,PT,4
2026-04-19,countries,SE,4
2026-04-19,countries,SG,14
2026-04-19,countries,TR,1
2026-04-19,countries,TW,1
2026-04-19,countries,US,511
2026-04-19,browsers,AppleBot,48
2026-04-19,browsers,BingBot,13
2026-04-19,browsers,Chrome,264
2026-04-19,browsers,ChromeMobile,35
2026-04-19,browsers,Edge,33
2026-04-19,browsers,Firefox,102
2026-04-19,browsers,GoogleBot,73
2026-04-19,browsers,MobileSafari,77
2026-04-19,browsers,MobileSafariWebview,1
2026-04-19,browsers,Opera,11
2026-04-19,browsers,Safari,124
2026-04-19,browsers,SamsungInternet,1
2026-04-19,browsers,Unknown,153
2026-04-19,operating_systems,Android,106
2026-04-19,operating_systems,Linux,25
2026-04-19,operating_systems,MacOSX,275
2026-04-19,operating_systems,Unknown,167
2026-04-19,operating_systems,Windows,277
2026-04-19,operating_systems,iOS,85
2026-04-19,devices,desktop,725
2026-04-19,devices,mobile,209
2026-04-19,devices,tablet,1
2026-04-20,totals,visits,793
2026-04-20,pages,/,305
2026-04-20,pages,/contribute,5
2026-04-20,pages,/credits,8
2026-04-20,pages,/docs,4
2026-04-20,pages,/license,4
2026-04-20,pages,/railyard,77
2026-04-20,pages,/railyard/analytics,3
2026-04-20,pages,/railyard/browse,28
2026-04-20,pages,/railyard/docs,16
2026-04-20,pages,/railyard/docs/latest/players/github-token,2
2026-04-20,pages,/railyard/docs/v0.1/players/github-token,2
2026-04-20,pages,/railyard/docs/v0.1/players/install-guide-windows,1
2026-04-20,pages,/railyard/docs/v0.2,1
2026-04-20,pages,/railyard/docs/v0.2/developers/data-quality,4
2026-04-20,pages,/railyard/docs/v0.2/developers/dependencies,1
2026-04-20,pages,/railyard/docs/v0.2/developers/publishing-projects,4
2026-04-20,pages,/railyard/docs/v0.2/developers/tagging,1
2026-04-20,pages,/railyard/docs/v0.2/developers/using-custom-url,3
2026-04-20,pages,/railyard/docs/v0.2/players/country-flag-emojis,2
2026-04-20,pages,/railyard/docs/v0.2/players/github-token,18
2026-04-20,pages,/railyard/docs/v0.2/players/installing-railyard,2
2026-04-20,pages,/railyard/docs/v0.2/players/installing-railyard/linux,1
2026-04-20,pages,/railyard/docs/v0.2/players/installing-railyard/macos,6
2026-04-20,pages,/railyard/docs/v0.2/players/installing-railyard/windows,3
2026-04-20,pages,/railyard/docs/v0.2/players/profile-management,1
2026-04-20,pages,/railyard/maps/akron-oh,1
2026-04-20,pages,/railyard/maps/albany,1
2026-04-20,pages,/railyard/maps/amsterdam,2
2026-04-20,pages,/railyard/maps/bangkok,6
2026-04-20,pages,/railyard/maps/berlin-val,3
2026-04-20,pages,/railyard/maps/bologna,1
2026-04-20,pages,/railyard/maps/bucharest-medium,1
2026-04-20,pages,/railyard/maps/buffalo-ny,5
2026-04-20,pages,/railyard/maps/cairo/changelog/2.2.0,1
2026-04-20,pages,/railyard/maps/charleston-sc,1
2026-04-20,pages,/railyard/maps/florence/changelog/1.0.0,1
2026-04-20,pages,/railyard/maps/glasgow-edinburgh,1
2026-04-20,pages,/railyard/maps/greater-kuala-lumpur,2
2026-04-20,pages,/railyard/maps/greater-los-angeles,3
2026-04-20,pages,/railyard/maps/greatertwincities,1
2026-04-20,pages,/railyard/maps/guadalajara,1
2026-04-20,pages,/railyard/maps/jacksonville,1
2026-04-20,pages,/railyard/maps/jelegend-tokyo,2
2026-04-20,pages,/railyard/maps/jelegend-tokyo/changelog/v0.5.0,3
2026-04-20,pages,/railyard/maps/jerusalem,1
2026-04-20,pages,/railyard/maps/johor-bahru,1
2026-04-20,pages,/railyard/maps/knoxville,1
2026-04-20,pages,/railyard/maps/los-angeles-county,1
2026-04-20,pages,/railyard/maps/mfn-hamptonroads,1
2026-04-20,pages,/railyard/maps/mfn-hong-kong,1
2026-04-20,pages,/railyard/maps/mfn-lasvegas,1
2026-04-20,pages,/railyard/maps/mfn-madisonwi,1
2026-04-20,pages,/railyard/maps/mfn-rdu,1
2026-04-20,pages,/railyard/maps/milan,1
2026-04-20,pages,/railyard/maps/monterrey,1
2026-04-20,pages,/railyard/maps/ottawa,1
2026-04-20,pages,/railyard/maps/puebla,1
2026-04-20,pages,/railyard/maps/quebec-city,1
2026-04-20,pages,/railyard/maps/rome,1
2026-04-20,pages,/railyard/maps/rotterdam-the-hague,2
2026-04-20,pages,/railyard/maps/sacramento,1
2026-04-20,pages,/railyard/maps/san-antonio,1
2026-04-20,pages,/railyard/maps/santa-barbara,1
2026-04-20,pages,/railyard/maps/sejong-3/changelog/0.1.1,1
2026-04-20,pages,/railyard/maps/singapore-val,1
2026-04-20,pages,/railyard/maps/south-florida,1
2026-04-20,pages,/railyard/maps/tel-aviv/changelog/v1.2.0,1
2026-04-20,pages,/railyard/maps/toronto,5
2026-04-20,pages,/railyard/maps/trondheim-val,2
2026-04-20,pages,/railyard/maps/valencia,1
2026-04-20,pages,/railyard/maps/vancouver,2
2026-04-20,pages,/railyard/maps/warsaw-val,1
2026-04-20,pages,/railyard/maps/waterloo/changelog/1.0.0,1
2026-04-20,pages,/railyard/maps/wilmington-nc,1
2026-04-20,pages,/railyard/maps/yukina-asahikawa,2
2026-04-20,pages,/railyard/maps/yukina-fukuoka,1
2026-04-20,pages,/railyard/maps/yukina-kumamoto,1
2026-04-20,pages,/railyard/maps/yukina-kyoto,1
2026-04-20,pages,/railyard/maps/yukina-matsuyama,1
2026-04-20,pages,/railyard/maps/yukina-morioka,1
2026-04-20,pages,/railyard/maps/yukina-nagoya,1
2026-04-20,pages,/railyard/maps/yukina-nakadoori,1
2026-04-20,pages,/railyard/maps/yukina-nakaumi,3
2026-04-20,pages,/railyard/maps/yukina-niigata/changelog/0.2.0,1
2026-04-20,pages,/railyard/maps/yukina-northern-kyushu,1
2026-04-20,pages,/railyard/maps/yukina-sapporo-chitose,3
2026-04-20,pages,/railyard/maps/yukina-shizuoka-hamamatsu,2
2026-04-20,pages,/railyard/maps/yukina-tottori,1
2026-04-20,pages,/railyard/maps/yukina-toyama,1
2026-04-20,pages,/railyard/maps/yukina-tsugaru,2
2026-04-20,pages,/railyard/mods/advanced-analytics,4
2026-04-20,pages,/railyard/mods/advanced-analytics/changelog/v1.4.1,1
2026-04-20,pages,/railyard/mods/advanced-analytics/changelog/v1.4.5,2
2026-04-20,pages,/railyard/mods/advanced-analytics/changelog/v1.4.7,1
2026-04-20,pages,/railyard/mods/distance-circles,1
2026-04-20,pages,/railyard/mods/game-speedup,1
2026-04-20,pages,/railyard/mods/network-status,2
2026-04-20,pages,/railyard/mods/station-dots,1
2026-04-20,pages,/railyard/mods/transit-overlay,3
2026-04-20,pages,/railyard/mods/valdotoriums-trains,3
2026-04-20,pages,/railyard/updates,2
2026-04-20,pages,/railyard/updates/v0.1.0,1
2026-04-20,pages,/railyard/updates/v0.1.5,1
2026-04-20,pages,/railyard/updates/v0.2.0,1
2026-04-20,pages,/registry,10
2026-04-20,pages,/registry/author/Gio1112,1
2026-04-20,pages,/registry/author/TransitCore,1
2026-04-20,pages,/registry/author/stefanorigano,1
2026-04-20,pages,/registry/authors/ahkimn,1
2026-04-20,pages,/registry/authors/jelegend,1
2026-04-20,pages,/registry/authors/soccerjonj,4
2026-04-20,pages,/registry/maps/bangkok,1
2026-04-20,pages,/registry/maps/bilbao,1
2026-04-20,pages,/registry/maps/ciudad-de-mexico,1
2026-04-20,pages,/registry/maps/daegu-3,1
2026-04-20,pages,/registry/maps/daejeon-3,1
2026-04-20,pages,/registry/maps/daejeon-4,1
2026-04-20,pages,/registry/maps/edmonton,1
2026-04-20,pages,/registry/maps/greater-kuala-lumpur,1
2026-04-20,pages,/registry/maps/greater-los-angeles,1
2026-04-20,pages,/registry/maps/greatertwincities,1
2026-04-20,pages,/registry/maps/gwangju-3,1
2026-04-20,pages,/registry/maps/incheon-3,1
2026-04-20,pages,/registry/maps/jelegend-tokyo,7
2026-04-20,pages,/registry/maps/mfn-hamptonroads,1
2026-04-20,pages,/registry/maps/mfn-hong-kong,3
2026-04-20,pages,/registry/maps/mfn-lasvegas,1
2026-04-20,pages,/registry/maps/mfn-madisonwi,1
2026-04-20,pages,/registry/maps/mfn-northwestar,1
2026-04-20,pages,/registry/maps/montreal,1
2026-04-20,pages,/registry/maps/nashville,1
2026-04-20,pages,/registry/maps/san-juan,2
2026-04-20,pages,/registry/maps/sydney,4
2026-04-20,pages,/registry/maps/toronto,3
2026-04-20,pages,/registry/maps/yukina-asahikawa,1
2026-04-20,pages,/registry/maps/yukina-fukuoka,1
2026-04-20,pages,/registry/maps/yukina-hakodate,1
2026-04-20,pages,/registry/maps/yukina-hiroshima-kure,1
2026-04-20,pages,/registry/maps/yukina-kagoshima-kirishima,1
2026-04-20,pages,/registry/maps/yukina-kitakyushu-shimonoseki,1
2026-04-20,pages,/registry/maps/yukina-kobe-akashi,1
2026-04-20,pages,/registry/maps/yukina-kochi,1
2026-04-20,pages,/registry/maps/yukina-kumamoto,3
2026-04-20,pages,/registry/maps/yukina-kyoto,1
2026-04-20,pages,/registry/maps/yukina-matsuyama,1
2026-04-20,pages,/registry/maps/yukina-morioka,2
2026-04-20,pages,/registry/maps/yukina-nagasaki,1
2026-04-20,pages,/registry/maps/yukina-nagoya,1
2026-04-20,pages,/registry/maps/yukina-nakadoori,1
2026-04-20,pages,/registry/maps/yukina-nakaumi,1
2026-04-20,pages,/registry/maps/yukina-niigata,1
2026-04-20,pages,/registry/maps/yukina-northern-kyushu,2
2026-04-20,pages,/registry/maps/yukina-okayama,1
2026-04-20,pages,/registry/maps/yukina-okinawa,1
2026-04-20,pages,/registry/maps/yukina-osaka,5
2026-04-20,pages,/registry/maps/yukina-sapporo-chitose,1
2026-04-20,pages,/registry/maps/yukina-sendai,1
2026-04-20,pages,/registry/maps/yukina-shizuoka-hamamatsu,1
2026-04-20,pages,/registry/maps/yukina-takamatsu,1
2026-04-20,pages,/registry/maps/yukina-tottori,2
2026-04-20,pages,/registry/maps/yukina-toyama,1
2026-04-20,pages,/registry/maps/yukina-tsugaru,1
2026-04-20,pages,/registry/maps/yukina-yamagata,1
2026-04-20,pages,/registry/mod/any-money,1
2026-04-20,pages,/registry/mod/cinematic-camera,1
2026-04-20,pages,/registry/mod/citymapper,1
2026-04-20,pages,/registry/mod/distance-circles,1
2026-04-20,pages,/registry/mod/subwaybuilder-regions,1
2026-04-20,pages,/registry/mod/transit-overlay,1
2026-04-20,pages,/registry/mod/valdotoriums-trains,1
2026-04-20,pages,/registry/mods/advanced-analytics,1
2026-04-20,pages,/registry/mods/danield1909-dantrains,1
2026-04-20,pages,/registry/mods/game-speedup,2
2026-04-20,pages,/registry/mods/network-status,3
2026-04-20,pages,/registry/mods/simple-trains,5
2026-04-20,pages,/registry/mods/subwaybuilder-regions,3
2026-04-20,pages,/registry/trending,3
2026-04-20,pages,/registry/world-map,6
2026-04-20,pages,/template-mod,7
2026-04-20,pages,/template-mod/docs,6
2026-04-20,pages,/template-mod/docs/v1.0/debugging,1
2026-04-20,pages,/template-mod/docs/v1.0/getting-started,1
2026-04-20,pages,/template-mod/docs/v1.0/project-structure,2
2026-04-20,pages,/template-mod/docs/v1.0/react-components,2
2026-04-20,pages,/template-mod/docs/v1.0/type-reference,2
2026-04-20,pages,/template-mod/updates,1
2026-04-20,pages,/tools/md-playground,2
2026-04-20,pages,/updates,1
2026-04-20,pages,/updates/railyard/v0.1.1,1
2026-04-20,pages,/updates/railyard/v0.1.2,1
2026-04-20,pages,/updates/railyard/v0.2.2,6
2026-04-20,pages,/updates/template-mod,2
2026-04-20,pages,/website,6
2026-04-20,pages,/website/updates,3
2026-04-20,pages,/website/updates/v1.0.3,1
2026-04-20,countries,AE,6
2026-04-20,countries,AU,10
2026-04-20,countries,BE,5
2026-04-20,countries,BR,5
2026-04-20,countries,CA,112
2026-04-20,countries,CH,6
2026-04-20,countries,CN,1
2026-04-20,countries,CZ,3
2026-04-20,countries,DE,31
2026-04-20,countries,DK,1
2026-04-20,countries,EC,1
2026-04-20,countries,ES,1
2026-04-20,countries,FI,41
2026-04-20,countries,FR,22
2026-04-20,countries,GB,36
2026-04-20,countries,HK,10
2026-04-20,countries,ID,6
2026-04-20,countries,IN,8
2026-04-20,countries,IT,6
2026-04-20,countries,JP,6
2026-04-20,countries,KR,2
2026-04-20,countries,LU,6
2026-04-20,countries,MY,55
2026-04-20,countries,NL,16
2026-04-20,countries,NZ,6
2026-04-20,countries,PE,1
2026-04-20,countries,PL,7
2026-04-20,countries,PT,4
2026-04-20,countries,RO,4
2026-04-20,countries,SA,1
2026-04-20,countries,SE,3
2026-04-20,countries,SG,26
2026-04-20,countries,TH,6
2026-04-20,countries,TW,2
2026-04-20,countries,US,336
2026-04-20,countries,VN,1
2026-04-20,browsers,AppleBot,25
2026-04-20,browsers,BingBot,13
2026-04-20,browsers,Chrome,207
2026-04-20,browsers,ChromeMobile,22
2026-04-20,browsers,ChromeMobileWebview,19
2026-04-20,browsers,Curl,2
2026-04-20,browsers,Edge,28
2026-04-20,browsers,Firefox,55
2026-04-20,browsers,FirefoxMobile,3
2026-04-20,browsers,GoogleBot,46
2026-04-20,browsers,MobileSafari,55
2026-04-20,browsers,Opera,8
2026-04-20,browsers,OperaMobile,1
2026-04-20,browsers,Safari,38
2026-04-20,browsers,SamsungInternet,4
2026-04-20,browsers,Unknown,267
2026-04-20,operating_systems,Android,78
2026-04-20,operating_systems,ChromeOS,1
2026-04-20,operating_systems,Linux,12
2026-04-20,operating_systems,MacOSX,139
2026-04-20,operating_systems,Unknown,291
2026-04-20,operating_systems,Windows,203
2026-04-20,operating_systems,iOS,69
2026-04-20,devices,desktop,597
2026-04-20,devices,mobile,190
2026-04-20,devices,tablet,6
2026-04-21,totals,visits,829
2026-04-21,pages,/,180
2026-04-21,pages,/contribute,5
2026-04-21,pages,/credits,12
2026-04-21,pages,/docs,2
2026-04-21,pages,/railyard,98
2026-04-21,pages,/railyard/analytics,2
2026-04-21,pages,/railyard/browse,34
2026-04-21,pages,/railyard/docs,16
2026-04-21,pages,/railyard/docs/latest/players/github-token,1
2026-04-21,pages,/railyard/docs/latest/players/importing-custom-assets,1
2026-04-21,pages,/railyard/docs/latest/players/installing-railyard,6
2026-04-21,pages,/railyard/docs/v0.1/developers/using-custom-url,1
2026-04-21,pages,/railyard/docs/v0.1/players/github-token,1
2026-04-21,pages,/railyard/docs/v0.2,2
2026-04-21,pages,/railyard/docs/v0.2/developers/using-custom-url,1
2026-04-21,pages,/railyard/docs/v0.2/players,8
2026-04-21,pages,/railyard/docs/v0.2/players/github-token,19
2026-04-21,pages,/railyard/docs/v0.2/players/importing-custom-assets,2
2026-04-21,pages,/railyard/docs/v0.2/players/installing-railyard,2
2026-04-21,pages,/railyard/docs/v0.2/players/installing-railyard/linux,2
2026-04-21,pages,/railyard/docs/v0.2/players/installing-railyard/macos,5
2026-04-21,pages,/railyard/docs/v0.2/players/installing-railyard/windows,5
2026-04-21,pages,/railyard/docs/v0.2/players/profile-management,1
2026-04-21,pages,/railyard/maps/akron-oh,1
2026-04-21,pages,/railyard/maps/baltimore-dc-corridor,1
2026-04-21,pages,/railyard/maps/bangkok,2
2026-04-21,pages,/railyard/maps/barcelona/changelog/1.0.2,1
2026-04-21,pages,/railyard/maps/berlin-val,6
2026-04-21,pages,/railyard/maps/bologna,1
2026-04-21,pages,/railyard/maps/busan-3,2
2026-04-21,pages,/railyard/maps/busan-3/changelog/0.1.0,1
2026-04-21,pages,/railyard/maps/busan-4,2
2026-04-21,pages,/railyard/maps/busan-4/changelog/0.1.0,1
2026-04-21,pages,/railyard/maps/cairo,1
2026-04-21,pages,/railyard/maps/cairo/changelog/2.1.0,1
2026-04-21,pages,/railyard/maps/charleston-huntington-wv,1
2026-04-21,pages,/railyard/maps/charleston-sc,2
2026-04-21,pages,/railyard/maps/ciudad-de-mexico,2
2026-04-21,pages,/railyard/maps/ciudad-de-mexico/changelog/1.0.0,1
2026-04-21,pages,/railyard/maps/daegu-3,1
2026-04-21,pages,/railyard/maps/daegu-4,1
2026-04-21,pages,/railyard/maps/daegu-4/changelog/0.1.0,1
2026-04-21,pages,/railyard/maps/daejeon-3,1
2026-04-21,pages,/railyard/maps/daejeon-3/changelog/0.1.0,1
2026-04-21,pages,/railyard/maps/daejeon-4,1
2026-04-21,pages,/railyard/maps/daejeon-4/changelog/0.1.0,1
2026-04-21,pages,/railyard/maps/daejeon-4/changelog/0.1.1,1
2026-04-21,pages,/railyard/maps/garda-lake/changelog/1.0.0,1
2026-04-21,pages,/railyard/maps/greater-kuala-lumpur,1
2026-04-21,pages,/railyard/maps/greater-los-angeles,3
2026-04-21,pages,/railyard/maps/greater-los-angeles/changelog/1.1.0,1
2026-04-21,pages,/railyard/maps/greater-los-angeles/changelog/1.1.1,1
2026-04-21,pages,/railyard/maps/greater-los-angeles/changelog/1.1.2,1
2026-04-21,pages,/railyard/maps/greatertwincities,2
2026-04-21,pages,/railyard/maps/guadalajara,1
2026-04-21,pages,/railyard/maps/guadalajara/changelog/1.0.1,1
2026-04-21,pages,/railyard/maps/gwangju-3,2
2026-04-21,pages,/railyard/maps/gwangju-3/changelog/0.1.1,1
2026-04-21,pages,/railyard/maps/gwangju-4/changelog/0.1.1,1
2026-04-21,pages,/railyard/maps/incheon-3,1
2026-04-21,pages,/railyard/maps/incheon-3/changelog/0.1.1,1
2026-04-21,pages,/railyard/maps/incheon-4/changelog/0.1.0,1
2026-04-21,pages,/railyard/maps/incheon-4/changelog/0.1.1,1
2026-04-21,pages,/railyard/maps/ipoh,2
2026-04-21,pages,/railyard/maps/ipoh/changelog/1.0.0,1
2026-04-21,pages,/railyard/maps/jeju-3,3
2026-04-21,pages,/railyard/maps/jeju-3/changelog/0.1.0,1
2026-04-21,pages,/railyard/maps/jeju-3/changelog/0.1.1,1
2026-04-21,pages,/railyard/maps/jeju-4,3
2026-04-21,pages,/railyard/maps/jeju-4/changelog/0.1.0,1
2026-04-21,pages,/railyard/maps/jeju-f,2
2026-04-21,pages,/railyard/maps/jeju-f/changelog/0.1.1,1
2026-04-21,pages,/railyard/maps/jelegend-tokyo,2
2026-04-21,pages,/railyard/maps/jelegend-tokyo/changelog/v0.1.0,1
2026-04-21,pages,/railyard/maps/jelegend-tokyo/changelog/v0.3.0,1
2026-04-21,pages,/railyard/maps/jelegend-tokyo/changelog/v0.4.0,1
2026-04-21,pages,/railyard/maps/jerusalem/changelog/v0.3.2,1
2026-04-21,pages,/railyard/maps/johor-bahru,1
2026-04-21,pages,/railyard/maps/johor-bahru/changelog/1.0.0,1
2026-04-21,pages,/railyard/maps/los-angeles-county/changelog/1.1.0,1
2026-04-21,pages,/railyard/maps/los-angeles-county/changelog/1.1.1,1
2026-04-21,pages,/railyard/maps/madrid,1
2026-04-21,pages,/railyard/maps/madrid/changelog/1.0.2,1
2026-04-21,pages,/railyard/maps/mfn-hamptonroads,2
2026-04-21,pages,/railyard/maps/mfn-hong-kong,1
2026-04-21,pages,/railyard/maps/mfn-madisonwi,3
2026-04-21,pages,/railyard/maps/mfn-northwestar,2
2026-04-21,pages,/railyard/maps/mfn-rdu,3
2026-04-21,pages,/railyard/maps/oklahoma-city,2
2026-04-21,pages,/railyard/maps/oklahoma-city/changelog/1.1.0,1
2026-04-21,pages,/railyard/maps/ottawa/changelog/1.1.3,1
2026-04-21,pages,/railyard/maps/providence/changelog/1.0.0,1
2026-04-21,pages,/railyard/maps/puerto-rico/changelog/1.0.1,1
2026-04-21,pages,/railyard/maps/pulau-pinang,4
2026-04-21,pages,/railyard/maps/pulau-pinang/changelog/1.0.0,1
2026-04-21,pages,/railyard/maps/pyongyang-nk,1
2026-04-21,pages,/railyard/maps/riviera-romagnola/changelog/1.0.0,1
2026-04-21,pages,/railyard/maps/rotterdam-the-hague,2
2026-04-21,pages,/railyard/maps/rotterdam-the-hague/changelog/1.1.0,1
2026-04-21,pages,/railyard/maps/saltillo,2
2026-04-21,pages,/railyard/maps/saltillo/changelog/1.0.0,1
2026-04-21,pages,/railyard/maps/santa-barbara/changelog/1.0.1,1
2026-04-21,pages,/railyard/maps/sejong-3,2
2026-04-21,pages,/railyard/maps/sejong-3/changelog/0.1.0,1
2026-04-21,pages,/railyard/maps/sejong-4,1
2026-04-21,pages,/railyard/maps/sejong-4/changelog/0.1.0,1
2026-04-21,pages,/railyard/maps/sejong-4/changelog/0.1.1,1
2026-04-21,pages,/railyard/maps/seoul-3,1
2026-04-21,pages,/railyard/maps/seoul-4,1
2026-04-21,pages,/railyard/maps/seoul-4/changelog/0.1.1,1
2026-04-21,pages,/railyard/maps/singapore-val,4
2026-04-21,pages,/railyard/maps/tampa-bay/changelog/1.1.0,1
2026-04-21,pages,/railyard/maps/tel-aviv,1
2026-04-21,pages,/railyard/maps/toronto,1
2026-04-21,pages,/railyard/maps/trondheim-val,4
2026-04-21,pages,/railyard/maps/turin/changelog/1.0.0,3
2026-04-21,pages,/railyard/maps/ulsan-4,2
2026-04-21,pages,/railyard/maps/warsaw-val,1
2026-04-21,pages,/railyard/maps/willamette-valley,2
2026-04-21,pages,/railyard/maps/willamette-valley/changelog/1.0.0,1
2026-04-21,pages,/railyard/maps/wilmington-nc/changelog/1.0.0,1
2026-04-21,pages,/railyard/maps/yukina-fukuoka,1
2026-04-21,pages,/railyard/maps/yukina-hakodate,2
2026-04-21,pages,/railyard/maps/yukina-hakodate/changelog/0.4.0,1
2026-04-21,pages,/railyard/maps/yukina-hiroshima-kure,2
2026-04-21,pages,/railyard/maps/yukina-kagoshima-kirishima,2
2026-04-21,pages,/railyard/maps/yukina-kagoshima-kirishima/changelog/0.2.0,1
2026-04-21,pages,/railyard/maps/yukina-kagoshima-kirishima/changelog/0.3.0,1
2026-04-21,pages,/railyard/maps/yukina-kitakyushu-shimonoseki,2
2026-04-21,pages,/railyard/maps/yukina-kitakyushu-shimonoseki/changelog/0.2.0,1
2026-04-21,pages,/railyard/maps/yukina-kobe-akashi,3
2026-04-21,pages,/railyard/maps/yukina-kochi,2
2026-04-21,pages,/railyard/maps/yukina-kochi/changelog/0.5.0,1
2026-04-21,pages,/railyard/maps/yukina-kyoto,1
2026-04-21,pages,/railyard/maps/yukina-kyoto/changelog/0.5.0,1
2026-04-21,pages,/railyard/maps/yukina-matsuyama,1
2026-04-21,pages,/railyard/maps/yukina-morioka,1
2026-04-21,pages,/railyard/maps/yukina-nagasaki,2
2026-04-21,pages,/railyard/maps/yukina-nagoya,3
2026-04-21,pages,/railyard/maps/yukina-nagoya/changelog/0.1.4,1
2026-04-21,pages,/railyard/maps/yukina-nakadoori,1
2026-04-21,pages,/railyard/maps/yukina-nakadoori/changelog/0.1.1,1
2026-04-21,pages,/railyard/maps/yukina-nakaumi,2
2026-04-21,pages,/railyard/maps/yukina-nakaumi/changelog/0.2.0,1
2026-04-21,pages,/railyard/maps/yukina-nemuro,1
2026-04-21,pages,/railyard/maps/yukina-nemuro/changelog/0.1.0,1
2026-04-21,pages,/railyard/maps/yukina-niigata,2
2026-04-21,pages,/railyard/maps/yukina-northern-kyushu,1
2026-04-21,pages,/railyard/maps/yukina-okayama,3
2026-04-21,pages,/railyard/maps/yukina-okinawa,3
2026-04-21,pages,/railyard/maps/yukina-okinawa/changelog/0.5.0,1
2026-04-21,pages,/railyard/maps/yukina-osaka,2
2026-04-21,pages,/railyard/maps/yukina-sapporo-chitose,2
2026-04-21,pages,/railyard/maps/yukina-sapporo-chitose/changelog/0.4.0,1
2026-04-21,pages,/railyard/maps/yukina-sapporo-chitose/changelog/0.5.0,1
2026-04-21,pages,/railyard/maps/yukina-sendai,2
2026-04-21,pages,/railyard/maps/yukina-takamatsu,2
2026-04-21,pages,/railyard/maps/yukina-tottori,1
2026-04-21,pages,/railyard/maps/yukina-toyama,1
2026-04-21,pages,/railyard/maps/yukina-toyama/changelog/0.1.0,1
2026-04-21,pages,/railyard/maps/yukina-wakkanai,1
2026-04-21,pages,/railyard/maps/yukina-wakkanai/changelog/0.1.0,1
2026-04-21,pages,/railyard/maps/yukina-yamagata,2
2026-04-21,pages,/railyard/maps/zurich/changelog/v1.0.0,1
2026-04-21,pages,/railyard/mods/advanced-analytics,4
2026-04-21,pages,/railyard/mods/advanced-analytics/changelog/v1.2.8,1
2026-04-21,pages,/railyard/mods/cinematic-camera,2
2026-04-21,pages,/railyard/mods/cinematic-camera/changelog/v1.2.1,1
2026-04-21,pages,/railyard/mods/citymapper,2
2026-04-21,pages,/railyard/mods/citymapper/changelog/v0.2.1,1
2026-04-21,pages,/railyard/mods/danield1909-dantrains,1
2026-04-21,pages,/railyard/mods/danield1909-dantrains/changelog/v1.0.0,2
2026-04-21,pages,/railyard/mods/distance-circles,5
2026-04-21,pages,/railyard/mods/game-speedup,3
2026-04-21,pages,/railyard/mods/game-speedup/changelog/v0.1.0,1
2026-04-21,pages,/railyard/mods/kr-ktp,19
2026-04-21,pages,/railyard/mods/network-status,2
2026-04-21,pages,/railyard/mods/simple-trains,3
2026-04-21,pages,/railyard/mods/station-dots,1
2026-04-21,pages,/railyard/mods/subwaybuilder-regions,1
2026-04-21,pages,/railyard/mods/subwaybuilder-regions/changelog/v0.4.7,1
2026-04-21,pages,/railyard/mods/tathan-casino,1
2026-04-21,pages,/railyard/mods/tathan-casino/changelog/v0.1.7,1
2026-04-21,pages,/railyard/mods/test-mod-vulnscan,1
2026-04-21,pages,/railyard/mods/transit-overlay,3
2026-04-21,pages,/railyard/mods/transit-overlay/changelog/1.5.0,1
2026-04-21,pages,/railyard/mods/valdotoriums-trains,3
2026-04-21,pages,/railyard/mods/valdotoriums-trains/changelog/v0.1.7,1
2026-04-21,pages,/railyard/updates,4
2026-04-21,pages,/railyard/updates/v0.2.0,1
2026-04-21,pages,/railyard/updates/v0.2.1,1
2026-04-21,pages,/railyard/updates/v0.2.2,3
2026-04-21,pages,/registry,6
2026-04-21,pages,/registry/author/Valdotorium,1
2026-04-21,pages,/registry/author/ahkimn,1
2026-04-21,pages,/registry/authors/BarKuperman,1
2026-04-21,pages,/registry/authors/Bobby-047,1
2026-04-21,pages,/registry/authors/DanielD1909,1
2026-04-21,pages,/registry/authors/Gio1112,1
2026-04-21,pages,/registry/authors/Phineapoo,1
2026-04-21,pages,/registry/authors/TransitCore,1
2026-04-21,pages,/registry/authors/Valdotorium,1
2026-04-21,pages,/registry/authors/ahkimn,1
2026-04-21,pages,/registry/authors/crumpetime,1
2026-04-21,pages,/registry/authors/kimth9,1
2026-04-21,pages,/registry/authors/soccerjonj,1
2026-04-21,pages,/registry/authors/stefanorigano,1
2026-04-21,pages,/registry/map/yukina-fukuoka,1
2026-04-21,pages,/registry/map/yukina-hakodate,1
2026-04-21,pages,/registry/map/yukina-hiroshima-kure,1
2026-04-21,pages,/registry/map/yukina-kagoshima-kirishima,1
2026-04-21,pages,/registry/map/yukina-kitakyushu-shimonoseki,2
2026-04-21,pages,/registry/map/yukina-kobe-akashi,1
2026-04-21,pages,/registry/map/yukina-kochi,1
2026-04-21,pages,/registry/map/yukina-kyoto,1
2026-04-21,pages,/registry/map/yukina-matsuyama,1
2026-04-21,pages,/registry/map/yukina-nagasaki,1
2026-04-21,pages,/registry/map/yukina-nagoya,1
2026-04-21,pages,/registry/map/yukina-nakaumi,1
2026-04-21,pages,/registry/map/yukina-niigata,1
2026-04-21,pages,/registry/map/yukina-okinawa,1
2026-04-21,pages,/registry/map/yukina-osaka,1
2026-04-21,pages,/registry/map/yukina-sapporo-chitose,1
2026-04-21,pages,/registry/map/yukina-sendai,1
2026-04-21,pages,/registry/map/yukina-takamatsu,1
2026-04-21,pages,/registry/map/yukina-toyama,1
2026-04-21,pages,/registry/map/yukina-yamagata,1
2026-04-21,pages,/registry/maps/akron-oh,1
2026-04-21,pages,/registry/maps/buffalo-ny,1
2026-04-21,pages,/registry/maps/catania,1
2026-04-21,pages,/registry/maps/charleston-huntington-wv,1
2026-04-21,pages,/registry/maps/ciudad-de-mexico,1
2026-04-21,pages,/registry/maps/florence,1
2026-04-21,pages,/registry/maps/glasgow-edinburgh,5
2026-04-21,pages,/registry/maps/ipoh,2
2026-04-21,pages,/registry/maps/jelegend-tokyo,3
2026-04-21,pages,/registry/maps/johor-bahru,1
2026-04-21,pages,/registry/maps/madrid,1
2026-04-21,pages,/registry/maps/mfn-hong-kong,2
2026-04-21,pages,/registry/maps/montreal,3
2026-04-21,pages,/registry/maps/puebla,1
2026-04-21,pages,/registry/maps/pulau-pinang,1
2026-04-21,pages,/registry/maps/rome,1
2026-04-21,pages,/registry/maps/seoul-4,2
2026-04-21,pages,/registry/maps/south-florida,4
2026-04-21,pages,/registry/maps/sydney,4
2026-04-21,pages,/registry/maps/toledo-oh,1
2026-04-21,pages,/registry/maps/yukina-tottori,1
2026-04-21,pages,/registry/maps/zurich,1
2026-04-21,pages,/registry/mod/advanced-analytics,1
2026-04-21,pages,/registry/mods/advanced-analytics,1
2026-04-21,pages,/registry/mods/citymapper,2
2026-04-21,pages,/registry/mods/danield1909-dantrains,2
2026-04-21,pages,/registry/mods/distance-circles,1
2026-04-21,pages,/registry/mods/game-speedup,3
2026-04-21,pages,/registry/mods/network-status,3
2026-04-21,pages,/registry/mods/simple-trains,2
2026-04-21,pages,/registry/mods/subwaybuilder-regions,2
2026-04-21,pages,/registry/mods/transit-overlay,3
2026-04-21,pages,/registry/mods/valdotoriums-trains,4
2026-04-21,pages,/registry/trending,4
2026-04-21,pages,/registry/world-map,6
2026-04-21,pages,/template-mod,5
2026-04-21,pages,/template-mod/docs,2
2026-04-21,pages,/template-mod/docs/v1.0/common-patterns,2
2026-04-21,pages,/template-mod/updates,2
2026-04-21,pages,/tools/md-playground,1
2026-04-21,pages,/updates,1
2026-04-21,pages,/updates/railyard,1
2026-04-21,pages,/updates/railyard/v0.1.0,1
2026-04-21,pages,/updates/railyard/v0.1.5,3
2026-04-21,pages,/updates/railyard/v0.2.0,1
2026-04-21,pages,/updates/railyard/v0.2.1,2
2026-04-21,pages,/updates/railyard/v0.2.2,7
2026-04-21,pages,/website,2
2026-04-21,pages,/website/updates,1
2026-04-21,pages,/website/updates/v1.0.2,1
2026-04-21,pages,/website/updates/v1.0.3,1
2026-04-21,countries,AR,6
2026-04-21,countries,AT,8
2026-04-21,countries,AU,12
2026-04-21,countries,BE,14
2026-04-21,countries,BR,6
2026-04-21,countries,CA,75
2026-04-21,countries,CN,8
2026-04-21,countries,DE,53
2026-04-21,countries,DK,5
2026-04-21,countries,DO,2
2026-04-21,countries,ES,8
2026-04-21,countries,FI,30
2026-04-21,countries,FR,21
2026-04-21,countries,GB,27
2026-04-21,countries,HK,2
2026-04-21,countries,HU,1
2026-04-21,countries,ID,2
2026-04-21,countries,IE,5
2026-04-21,countries,IL,12
2026-04-21,countries,IN,2
2026-04-21,countries,IT,3
2026-04-21,countries,JP,14
2026-04-21,countries,KR,11
2026-04-21,countries,MX,1
2026-04-21,countries,MY,4
2026-04-21,countries,NL,9
2026-04-21,countries,PL,11
2026-04-21,countries,PR,1
2026-04-21,countries,PT,9
2026-04-21,countries,RO,3
2026-04-21,countries,RS,8
2026-04-21,countries,SE,6
2026-04-21,countries,SG,14
2026-04-21,countries,TH,2
2026-04-21,countries,TW,5
2026-04-21,countries,US,428
2026-04-21,countries,VN,1
2026-04-21,browsers,AppleBot,25
2026-04-21,browsers,BingBot,13
2026-04-21,browsers,Chrome,179
2026-04-21,browsers,ChromeDerivative,1
2026-04-21,browsers,ChromeMobile,22
2026-04-21,browsers,ChromeMobileWebview,1
2026-04-21,browsers,Curl,1
2026-04-21,browsers,Edge,33
2026-04-21,browsers,Firefox,52
2026-04-21,browsers,FirefoxMobile,1
2026-04-21,browsers,GoogleBot,166
2026-04-21,browsers,MobileSafari,50
2026-04-21,browsers,Opera,31
2026-04-21,browsers,Safari,36
2026-04-21,browsers,Unknown,218
2026-04-21,operating_systems,Android,174
2026-04-21,operating_systems,Linux,11
2026-04-21,operating_systems,MacOSX,117
2026-04-21,operating_systems,Unknown,236
2026-04-21,operating_systems,Windows,228
2026-04-21,operating_systems,iOS,63
2026-04-21,devices,desktop,581
2026-04-21,devices,mobile,245
2026-04-21,devices,tablet,3
2026-04-22,totals,visits,676
2026-04-22,pages,/,158
2026-04-22,pages,/contribute,2
2026-04-22,pages,/credits,8
2026-04-22,pages,/docs,2
2026-04-22,pages,/license,3
2026-04-22,pages,/railyard,80
2026-04-22,pages,/railyard/analytics,2
2026-04-22,pages,/railyard/browse,29
2026-04-22,pages,/railyard/docs,10
2026-04-22,pages,/railyard/docs/latest/players/github-token,3
2026-04-22,pages,/railyard/docs/v0.1/developers/data-quality,2
2026-04-22,pages,/railyard/docs/v0.1/developers/publishing-projects,1
2026-04-22,pages,/railyard/docs/v0.1/players,2
2026-04-22,pages,/railyard/docs/v0.1/players/github-token,3
2026-04-22,pages,/railyard/docs/v0.1/players/install-guide-macos,1
2026-04-22,pages,/railyard/docs/v0.1/players/install-guide-windows,1
2026-04-22,pages,/railyard/docs/v0.2/developers,1
2026-04-22,pages,/railyard/docs/v0.2/developers/publishing-projects,1
2026-04-22,pages,/railyard/docs/v0.2/developers/tagging,5
2026-04-22,pages,/railyard/docs/v0.2/players,8
2026-04-22,pages,/railyard/docs/v0.2/players/country-flag-emojis,1
2026-04-22,pages,/railyard/docs/v0.2/players/github-token,14
2026-04-22,pages,/railyard/docs/v0.2/players/importing-custom-assets,2
2026-04-22,pages,/railyard/docs/v0.2/players/installing-railyard,2
2026-04-22,pages,/railyard/docs/v0.2/players/installing-railyard/linux,1
2026-04-22,pages,/railyard/docs/v0.2/players/installing-railyard/macos,2
2026-04-22,pages,/railyard/docs/v0.2/players/installing-railyard/windows,5
2026-04-22,pages,/railyard/docs/v0.2/players/profile-management,2
2026-04-22,pages,/railyard/maps/akron-oh,1
2026-04-22,pages,/railyard/maps/albany,1
2026-04-22,pages,/railyard/maps/albany/changelog/1.0.0,1
2026-04-22,pages,/railyard/maps/amsterdam,2
2026-04-22,pages,/railyard/maps/amsterdam/changelog/1.0.0,2
2026-04-22,pages,/railyard/maps/baltimore-dc-corridor,1
2026-04-22,pages,/railyard/maps/barcelona,2
2026-04-22,pages,/railyard/maps/bilbao/changelog/1.0.0,1
2026-04-22,pages,/railyard/maps/bucharest-medium,1
2026-04-22,pages,/railyard/maps/buffalo-ny/changelog/1.0.0,1
2026-04-22,pages,/railyard/maps/cairo/changelog/2.0.0,1
2026-04-22,pages,/railyard/maps/cairo/changelog/2.0.1,1
2026-04-22,pages,/railyard/maps/charleston-huntington-wv/changelog/1.0.0,1
2026-04-22,pages,/railyard/maps/daegu-3,1
2026-04-22,pages,/railyard/maps/daegu-3/changelog/0.1.1,1
2026-04-22,pages,/railyard/maps/daegu-4,1
2026-04-22,pages,/railyard/maps/daejeon-3,2
2026-04-22,pages,/railyard/maps/dubai,1
2026-04-22,pages,/railyard/maps/dublin,2
2026-04-22,pages,/railyard/maps/florence,2
2026-04-22,pages,/railyard/maps/garda-lake,1
2026-04-22,pages,/railyard/maps/greater-baltimore,1
2026-04-22,pages,/railyard/maps/greater-los-angeles,1
2026-04-22,pages,/railyard/maps/greatertwincities/changelog/v1.0.0,1
2026-04-22,pages,/railyard/maps/guadalajara/changelog/1.0.1,1
2026-04-22,pages,/railyard/maps/gwangju-4,1
2026-04-22,pages,/railyard/maps/incheon-3/changelog/0.1.1,1
2026-04-22,pages,/railyard/maps/incheon-4,1
2026-04-22,pages,/railyard/maps/incheon-4/changelog/0.1.1,1
2026-04-22,pages,/railyard/maps/jeju-4/changelog/0.1.1,1
2026-04-22,pages,/railyard/maps/jeju-f/changelog/0.1.0,1
2026-04-22,pages,/railyard/maps/jelegend-tokyo,2
2026-04-22,pages,/railyard/maps/jerusalem,2
2026-04-22,pages,/railyard/maps/johor-bahru,1
2026-04-22,pages,/railyard/maps/mfn-hong-kong,1
2026-04-22,pages,/railyard/maps/mfn-lasvegas,1
2026-04-22,pages,/railyard/maps/milan,2
2026-04-22,pages,/railyard/maps/monterrey/changelog/1.0.0,1
2026-04-22,pages,/railyard/maps/naples,5
2026-04-22,pages,/railyard/maps/naples/changelog/1.0.0,2
2026-04-22,pages,/railyard/maps/orlando,1
2026-04-22,pages,/railyard/maps/ottawa/changelog/1.1.3,1
2026-04-22,pages,/railyard/maps/palermo,2
2026-04-22,pages,/railyard/maps/piedmont-triad,1
2026-04-22,pages,/railyard/maps/puebla,2
2026-04-22,pages,/railyard/maps/pulau-pinang,1
2026-04-22,pages,/railyard/maps/pyongyang-nk,2
2026-04-22,pages,/railyard/maps/quebec-city/changelog/1.1.3,1
2026-04-22,pages,/railyard/maps/richmond/changelog/1.1.0,1
2026-04-22,pages,/railyard/maps/rome,4
2026-04-22,pages,/railyard/maps/san-juan,2
2026-04-22,pages,/railyard/maps/san-juan/changelog/1.0.0,1
2026-04-22,pages,/railyard/maps/sejong-4,1
2026-04-22,pages,/railyard/maps/seoul-3,1
2026-04-22,pages,/railyard/maps/seoul-4,1
2026-04-22,pages,/railyard/maps/spokane/changelog/2.1.0,1
2026-04-22,pages,/railyard/maps/spokane/changelog/2.2.0,1
2026-04-22,pages,/railyard/maps/tel-aviv,1
2026-04-22,pages,/railyard/maps/toledo-oh,1
2026-04-22,pages,/railyard/maps/toronto/changelog/1.0.1,1
2026-04-22,pages,/railyard/maps/ulsan-3,1
2026-04-22,pages,/railyard/maps/yukina-hakodate,1
2026-04-22,pages,/railyard/maps/yukina-kagoshima-kirishima,1
2026-04-22,pages,/railyard/maps/yukina-kitakyushu-shimonoseki/changelog/0.4.0,1
2026-04-22,pages,/railyard/maps/yukina-matsuyama,1
2026-04-22,pages,/railyard/maps/yukina-nakaumi/changelog/0.2.0,1
2026-04-22,pages,/railyard/maps/yukina-okayama,1
2026-04-22,pages,/railyard/maps/yukina-osaka/changelog/0.1.3,1
2026-04-22,pages,/railyard/maps/yukina-takamatsu/changelog/0.1.0,1
2026-04-22,pages,/railyard/maps/yukina-yamagata/changelog/0.2.0,1
2026-04-22,pages,/railyard/mods,4
2026-04-22,pages,/railyard/mods/advanced-analytics,6
2026-04-22,pages,/railyard/mods/advanced-analytics/changelog/v1.1.0,1
2026-04-22,pages,/railyard/mods/advanced-analytics/changelog/v1.2.5,1
2026-04-22,pages,/railyard/mods/advanced-analytics/changelog/v1.2.7,1
2026-04-22,pages,/railyard/mods/advanced-analytics/changelog/v1.3.0,1
2026-04-22,pages,/railyard/mods/advanced-analytics/changelog/v1.4.0,1
2026-04-22,pages,/railyard/mods/advanced-analytics/changelog/v1.4.1,1
2026-04-22,pages,/railyard/mods/advanced-analytics/changelog/v1.4.2,1
2026-04-22,pages,/railyard/mods/advanced-analytics/changelog/v1.4.5,1
2026-04-22,pages,/railyard/mods/advanced-analytics/changelog/v1.4.7,4
2026-04-22,pages,/railyard/mods/any-money,1
2026-04-22,pages,/railyard/mods/cinematic-camera/changelog/v1.0.0,1
2026-04-22,pages,/railyard/mods/citymapper,1
2026-04-22,pages,/railyard/mods/dep-test-mod/changelog/0.1.3,1
2026-04-22,pages,/railyard/mods/distance-circles,3
2026-04-22,pages,/railyard/mods/game-speedup,1
2026-04-22,pages,/railyard/mods/kr-ktp,12
2026-04-22,pages,/railyard/mods/network-status,4
2026-04-22,pages,/railyard/mods/simple-trains,10
2026-04-22,pages,/railyard/mods/station-dots/changelog/v1.0.0,1
2026-04-22,pages,/railyard/mods/subwaybuilder-regions/changelog/v0.4.6,1
2026-04-22,pages,/railyard/mods/subwaybuilder-regions/changelog/v0.4.7,1
2026-04-22,pages,/railyard/mods/transit-overlay,2
2026-04-22,pages,/railyard/mods/valdotoriums-trains,2
2026-04-22,pages,/railyard/updates,7
2026-04-22,pages,/railyard/updates/v0.1.5,4
2026-04-22,pages,/railyard/updates/v0.2.0,2
2026-04-22,pages,/railyard/updates/v0.2.1,2
2026-04-22,pages,/registry,12
2026-04-22,pages,/registry/authors/BarKuperman,1
2026-04-22,pages,/registry/authors/Maximilian284,2
2026-04-22,pages,/registry/authors/TathanDev,1
2026-04-22,pages,/registry/authors/TransitCore,1
2026-04-22,pages,/registry/authors/Valdotorium,1
2026-04-22,pages,/registry/authors/crumpetime,1
2026-04-22,pages,/registry/authors/jelegend,1
2026-04-22,pages,/registry/authors/kimth9,1
2026-04-22,pages,/registry/authors/soccerjonj,2
2026-04-22,pages,/registry/maps/bangkok,1
2026-04-22,pages,/registry/maps/berlin-val,3
2026-04-22,pages,/registry/maps/garda-lake,2
2026-04-22,pages,/registry/maps/glasgow-edinburgh,1
2026-04-22,pages,/registry/maps/greatertwincities,1
2026-04-22,pages,/registry/maps/ipoh,1
2026-04-22,pages,/registry/maps/jelegend-tokyo,3
2026-04-22,pages,/registry/maps/jerusalem,1
2026-04-22,pages,/registry/maps/los-angeles-county,1
2026-04-22,pages,/registry/maps/madrid,3
2026-04-22,pages,/registry/maps/mfn-hamptonroads,1
2026-04-22,pages,/registry/maps/mfn-hong-kong,1
2026-04-22,pages,/registry/maps/mfn-lasvegas,1
2026-04-22,pages,/registry/maps/mfn-madisonwi,1
2026-04-22,pages,/registry/maps/mfn-northwestar,1
2026-04-22,pages,/registry/maps/mfn-rdu,1
2026-04-22,pages,/registry/maps/montreal,1
2026-04-22,pages,/registry/maps/singapore-val,2
2026-04-22,pages,/registry/maps/tel-aviv,1
2026-04-22,pages,/registry/maps/trondheim-val,1
2026-04-22,pages,/registry/maps/warsaw-val,1
2026-04-22,pages,/registry/maps/yukina-asahikawa,1
2026-04-22,pages,/registry/maps/yukina-fukuoka,1
2026-04-22,pages,/registry/maps/yukina-hakodate,1
2026-04-22,pages,/registry/maps/yukina-hiroshima-kure,1
2026-04-22,pages,/registry/maps/yukina-kagoshima-kirishima,2
2026-04-22,pages,/registry/maps/yukina-kitakyushu-shimonoseki,1
2026-04-22,pages,/registry/maps/yukina-kobe-akashi,1
2026-04-22,pages,/registry/maps/yukina-kochi,1
2026-04-22,pages,/registry/maps/yukina-kumamoto,1
2026-04-22,pages,/registry/maps/yukina-kyoto,1
2026-04-22,pages,/registry/maps/yukina-matsuyama,1
2026-04-22,pages,/registry/maps/yukina-morioka,1
2026-04-22,pages,/registry/maps/yukina-nagasaki,1
2026-04-22,pages,/registry/maps/yukina-nagoya,1
2026-04-22,pages,/registry/maps/yukina-nakadoori,1
2026-04-22,pages,/registry/maps/yukina-nakaumi,2
2026-04-22,pages,/registry/maps/yukina-niigata,1
2026-04-22,pages,/registry/maps/yukina-northern-kyushu,1
2026-04-22,pages,/registry/maps/yukina-okayama,1
2026-04-22,pages,/registry/maps/yukina-okinawa,1
2026-04-22,pages,/registry/maps/yukina-osaka,1
2026-04-22,pages,/registry/maps/yukina-sapporo-chitose,2
2026-04-22,pages,/registry/maps/yukina-sendai,1
2026-04-22,pages,/registry/maps/yukina-shizuoka-hamamatsu,1
2026-04-22,pages,/registry/maps/yukina-takamatsu,1
2026-04-22,pages,/registry/maps/yukina-tottori,1
2026-04-22,pages,/registry/maps/yukina-toyama,1
2026-04-22,pages,/registry/maps/yukina-tsugaru,1
2026-04-22,pages,/registry/maps/yukina-yamagata,1
2026-04-22,pages,/registry/maps/zurich,1
2026-04-22,pages,/registry/mods/advanced-analytics,6
2026-04-22,pages,/registry/mods/any-money,1
2026-04-22,pages,/registry/mods/cinematic-camera,1
2026-04-22,pages,/registry/mods/game-speedup,1
2026-04-22,pages,/registry/mods/kr-ktp,2
2026-04-22,pages,/registry/mods/network-status,1
2026-04-22,pages,/registry/mods/station-dots,1
2026-04-22,pages,/registry/mods/tathan-casino,1
2026-04-22,pages,/registry/mods/transit-overlay,1
2026-04-22,pages,/registry/trending,5
2026-04-22,pages,/registry/world-map,3
2026-04-22,pages,/template-mod,6
2026-04-22,pages,/template-mod/docs,6
2026-04-22,pages,/template-mod/docs/v1.0/common-patterns,1
2026-04-22,pages,/template-mod/docs/v1.0/debugging,3
2026-04-22,pages,/template-mod/docs/v1.0/getting-started,6
2026-04-22,pages,/template-mod/docs/v1.0/project-structure,1
2026-04-22,pages,/template-mod/updates,3
2026-04-22,pages,/tools/md-playground,4
2026-04-22,pages,/updates/railyard/v0.1.0,2
2026-04-22,pages,/updates/railyard/v0.1.2,1
2026-04-22,pages,/updates/railyard/v0.2.2,6
2026-04-22,pages,/updates/template-mod/v1.0.0,1
2026-04-22,pages,/updates/template-mod/v1.0.1,1
2026-04-22,pages,/website,4
2026-04-22,pages,/website/updates,2
2026-04-22,pages,/website/updates/v1.0.3,1
2026-04-22,countries,AE,1
2026-04-22,countries,AU,12
2026-04-22,countries,BD,2
2026-04-22,countries,BE,20
2026-04-22,countries,BH,1
2026-04-22,countries,BR,2
2026-04-22,countries,CA,33
2026-04-22,countries,CH,2
2026-04-22,countries,CN,4
2026-04-22,countries,CZ,1
2026-04-22,countries,DE,20
2026-04-22,countries,DK,3
2026-04-22,countries,ES,25
2026-04-22,countries,FI,46
2026-04-22,countries,FR,13
2026-04-22,countries,GB,33
2026-04-22,countries,HK,8
2026-04-22,countries,HN,1
2026-04-22,countries,HU,2
2026-04-22,countries,IE,13
2026-04-22,countries,IL,5
2026-04-22,countries,IN,2
2026-04-22,countries,IT,11
2026-04-22,countries,JP,4
2026-04-22,countries,KR,4
2026-04-22,countries,LU,2
2026-04-22,countries,MX,1
2026-04-22,countries,NL,14
2026-04-22,countries,PH,1
2026-04-22,countries,PL,8
2026-04-22,countries,PT,2
2026-04-22,countries,RO,1
2026-04-22,countries,RU,3
2026-04-22,countries,SE,8
2026-04-22,countries,SG,9
2026-04-22,countries,TH,1
2026-04-22,countries,TW,3
2026-04-22,countries,US,333
2026-04-22,countries,VE,1
2026-04-22,countries,VN,21
2026-04-22,browsers,AppleBot,8
2026-04-22,browsers,BingBot,35
2026-04-22,browsers,Chrome,185
2026-04-22,browsers,ChromeMobile,19
2026-04-22,browsers,Edge,13
2026-04-22,browsers,Firefox,39
2026-04-22,browsers,GoogleBot,85
2026-04-22,browsers,MobileSafari,47
2026-04-22,browsers,MobileSafariWebview,2
2026-04-22,browsers,Opera,24
2026-04-22,browsers,Safari,22
2026-04-22,browsers,TwitterBot,1
2026-04-22,browsers,Unknown,193
2026-04-22,browsers,YandexBot,3
2026-04-22,operating_systems,Android,91
2026-04-22,operating_systems,Linux,7
2026-04-22,operating_systems,MacOSX,112
2026-04-22,operating_systems,Unknown,237
2026-04-22,operating_systems,Windows,172
2026-04-22,operating_systems,iOS,57
2026-04-22,devices,desktop,517
2026-04-22,devices,mobile,159
2026-04-23,totals,visits,719
2026-04-23,pages,/,228
2026-04-23,pages,/contribute,2
2026-04-23,pages,/credits,8
2026-04-23,pages,/license,2
2026-04-23,pages,/railyard,149
2026-04-23,pages,/railyard/analytics,6
2026-04-23,pages,/railyard/browse,25
2026-04-23,pages,/railyard/docs,8
2026-04-23,pages,/railyard/docs/latest/players/github-token,5
2026-04-23,pages,/railyard/docs/latest/players/installing-railyard,1
2026-04-23,pages,/railyard/docs/v0.1/developers,1
2026-04-23,pages,/railyard/docs/v0.1/players,1
2026-04-23,pages,/railyard/docs/v0.1/players/github-token,1
2026-04-23,pages,/railyard/docs/v0.1/players/install-guide-windows,1
2026-04-23,pages,/railyard/docs/v0.2,1
2026-04-23,pages,/railyard/docs/v0.2/developers,1
2026-04-23,pages,/railyard/docs/v0.2/developers/publishing-projects,4
2026-04-23,pages,/railyard/docs/v0.2/players,4
2026-04-23,pages,/railyard/docs/v0.2/players/country-flag-emojis,2
2026-04-23,pages,/railyard/docs/v0.2/players/github-token,5
2026-04-23,pages,/railyard/docs/v0.2/players/installing-railyard,1
2026-04-23,pages,/railyard/docs/v0.2/players/installing-railyard/macos,2
2026-04-23,pages,/railyard/docs/v0.2/players/installing-railyard/windows,4
2026-04-23,pages,/railyard/docs/v0.2/players/profile-management,1
2026-04-23,pages,/railyard/maps,1
2026-04-23,pages,/railyard/maps/albany,1
2026-04-23,pages,/railyard/maps/berlin-val,3
2026-04-23,pages,/railyard/maps/berlin-val/changelog/1.0.0,1
2026-04-23,pages,/railyard/maps/bologna,1
2026-04-23,pages,/railyard/maps/cairo,1
2026-04-23,pages,/railyard/maps/daegu-3,1
2026-04-23,pages,/railyard/maps/garda-lake/changelog/1.0.0,1
2026-04-23,pages,/railyard/maps/greater-baltimore,1
2026-04-23,pages,/railyard/maps/greater-kuala-lumpur,2
2026-04-23,pages,/railyard/maps/greater-los-angeles,1
2026-04-23,pages,/railyard/maps/gwangju-3/changelog/0.1.1,1
2026-04-23,pages,/railyard/maps/helsinki,1
2026-04-23,pages,/railyard/maps/incheon-3/changelog/0.1.1,1
2026-04-23,pages,/railyard/maps/johor-bahru,5
2026-04-23,pages,/railyard/maps/mfn-madisonwi,4
2026-04-23,pages,/railyard/maps/monterrey/changelog/1.1.1,2
2026-04-23,pages,/railyard/maps/oklahoma-city/changelog/1.0.0,1
2026-04-23,pages,/railyard/maps/rome,1
2026-04-23,pages,/railyard/maps/rotterdam-the-hague,4
2026-04-23,pages,/railyard/maps/south-florida,4
2026-04-23,pages,/railyard/maps/spokane/changelog/2.2.0,1
2026-04-23,pages,/railyard/maps/toledo-oh/changelog/1.0.0,1
2026-04-23,pages,/railyard/maps/valencia/changelog/1.0.0,1
2026-04-23,pages,/railyard/maps/yukina-fukuoka,7
2026-04-23,pages,/railyard/maps/yukina-kitakyushu-shimonoseki,1
2026-04-23,pages,/railyard/maps/yukina-kumamoto,1
2026-04-23,pages,/railyard/maps/yukina-kyoto,1
2026-04-23,pages,/railyard/maps/yukina-morioka,1
2026-04-23,pages,/railyard/maps/yukina-nakaumi/changelog/0.1.0,1
2026-04-23,pages,/railyard/maps/yukina-nemuro,2
2026-04-23,pages,/railyard/maps/yukina-shizuoka-hamamatsu,1
2026-04-23,pages,/railyard/maps/yukina-wakkanai,1
2026-04-23,pages,/railyard/mods,3
2026-04-23,pages,/railyard/mods/advanced-analytics,2
2026-04-23,pages,/railyard/mods/advanced-analytics/changelog/v1.4.0,2
2026-04-23,pages,/railyard/mods/advanced-analytics/changelog/v1.4.1,2
2026-04-23,pages,/railyard/mods/advanced-analytics/changelog/v1.4.2,1
2026-04-23,pages,/railyard/mods/cinematic-camera,1
2026-04-23,pages,/railyard/mods/citymapper,2
2026-04-23,pages,/railyard/mods/danield1909-dantrains,3
2026-04-23,pages,/railyard/mods/danield1909-dantrains/changelog/v1.0.0,1
2026-04-23,pages,/railyard/mods/distance-circles,1
2026-04-23,pages,/railyard/mods/game-speedup,2
2026-04-23,pages,/railyard/mods/kr-ktp,3
2026-04-23,pages,/railyard/mods/network-status,8
2026-04-23,pages,/railyard/mods/simple-trains,4
2026-04-23,pages,/railyard/mods/station-dots,1
2026-04-23,pages,/railyard/mods/subwaybuilder-regions,4
2026-04-23,pages,/railyard/mods/tathan-casino,1
2026-04-23,pages,/railyard/mods/transit-overlay,3
2026-04-23,pages,/railyard/mods/valdotoriums-trains,3
2026-04-23,pages,/railyard/updates,4
2026-04-23,pages,/railyard/updates/v0.1.0,2
2026-04-23,pages,/railyard/updates/v0.1.1,2
2026-04-23,pages,/railyard/updates/v0.1.2,2
2026-04-23,pages,/railyard/updates/v0.1.3,2
2026-04-23,pages,/railyard/updates/v0.1.4,3
2026-04-23,pages,/railyard/updates/v0.1.5,1
2026-04-23,pages,/railyard/updates/v0.1.6,3
2026-04-23,pages,/railyard/updates/v0.2.0,2
2026-04-23,pages,/railyard/updates/v0.2.1,1
2026-04-23,pages,/railyard/updates/v0.2.2,2
2026-04-23,pages,/registry,12
2026-04-23,pages,/registry/authors/BarKuperman,2
2026-04-23,pages,/registry/authors/Bobby-047,1
2026-04-23,pages,/registry/authors/DanielD1909,1
2026-04-23,pages,/registry/authors/Gio1112,1
2026-04-23,pages,/registry/authors/Maximilian284,1
2026-04-23,pages,/registry/authors/Valdotorium,3
2026-04-23,pages,/registry/authors/ahkimn,1
2026-04-23,pages,/registry/authors/crumpetime,2
2026-04-23,pages,/registry/authors/nzh0172,2
2026-04-23,pages,/registry/authors/stefanorigano,1
2026-04-23,pages,/registry/map/greater-kuala-lumpur,1
2026-04-23,pages,/registry/map/jerusalem,1
2026-04-23,pages,/registry/map/mfn-hamptonroads,1
2026-04-23,pages,/registry/map/mfn-hong-kong,1
2026-04-23,pages,/registry/map/mfn-lasvegas,1
2026-04-23,pages,/registry/map/mfn-madisonwi,1
2026-04-23,pages,/registry/map/mfn-northwestar,1
2026-04-23,pages,/registry/map/tel-aviv,1
2026-04-23,pages,/registry/maps/bangkok,3
2026-04-23,pages,/registry/maps/bucharest-medium,1
2026-04-23,pages,/registry/maps/ciudad-de-mexico,1
2026-04-23,pages,/registry/maps/ipoh,1
2026-04-23,pages,/registry/maps/los-angeles-county,1
2026-04-23,pages,/registry/maps/louisville,1
2026-04-23,pages,/registry/maps/mfn-hong-kong,1
2026-04-23,pages,/registry/maps/yukina-nagoya,1
2026-04-23,pages,/registry/maps/yukina-osaka,4
2026-04-23,pages,/registry/maps/zurich,1
2026-04-23,pages,/registry/mods/advanced-analytics,6
2026-04-23,pages,/registry/mods/any-money,1
2026-04-23,pages,/registry/mods/citymapper,2
2026-04-23,pages,/registry/mods/danield1909-dantrains,1
2026-04-23,pages,/registry/mods/distance-circles,3
2026-04-23,pages,/registry/mods/game-speedup,1
2026-04-23,pages,/registry/mods/kr-ktp,1
2026-04-23,pages,/registry/mods/network-status,4
2026-04-23,pages,/registry/mods/simple-trains,1
2026-04-23,pages,/registry/mods/subwaybuilder-regions,1
2026-04-23,pages,/registry/mods/transit-overlay,5
2026-04-23,pages,/registry/mods/valdotoriums-trains,1
2026-04-23,pages,/registry/trending,2
2026-04-23,pages,/registry/world-map,5
2026-04-23,pages,/template-mod,3
2026-04-23,pages,/template-mod/docs,4
2026-04-23,pages,/template-mod/docs/v1.0/common-patterns,2
2026-04-23,pages,/template-mod/docs/v1.0/debugging,2
2026-04-23,pages,/template-mod/docs/v1.0/getting-started,3
2026-04-23,pages,/template-mod/docs/v1.0/project-structure,1
2026-04-23,pages,/template-mod/docs/v1.0/react-components,3
2026-04-23,pages,/template-mod/docs/v1.0/type-reference,1
2026-04-23,pages,/template-mod/updates,4
2026-04-23,pages,/template-mod/updates/v1.0.0,1
2026-04-23,pages,/template-mod/updates/v1.0.1,3
2026-04-23,pages,/tools/md-playground,3
2026-04-23,pages,/updates,1
2026-04-23,pages,/updates/railyard/v0.2.2,4
2026-04-23,pages,/updates/template-mod,1
2026-04-23,pages,/website,3
2026-04-23,pages,/website/updates/v1.0.0,1
2026-04-23,pages,/website/updates/v1.0.1,2
2026-04-23,pages,/website/updates/v1.0.2,1
2026-04-23,pages,/website/updates/v1.0.3,1
2026-04-23,countries,AL,1
2026-04-23,countries,AR,1
2026-04-23,countries,AU,16
2026-04-23,countries,BD,5
2026-04-23,countries,BE,26
2026-04-23,countries,BR,8
2026-04-23,countries,CA,46
2026-04-23,countries,CH,2
2026-04-23,countries,CN,23
2026-04-23,countries,CZ,1
2026-04-23,countries,DE,58
2026-04-23,countries,DK,3
2026-04-23,countries,DO,1
2026-04-23,countries,EE,1
2026-04-23,countries,ES,12
2026-04-23,countries,FR,12
2026-04-23,countries,GB,10
2026-04-23,countries,HK,4
2026-04-23,countries,HU,1
2026-04-23,countries,ID,16
2026-04-23,countries,IE,8
2026-04-23,countries,IL,7
2026-04-23,countries,IN,6
2026-04-23,countries,IQ,1
2026-04-23,countries,IT,3
2026-04-23,countries,JO,1
2026-04-23,countries,JP,3
2026-04-23,countries,KG,1
2026-04-23,countries,KR,8
2026-04-23,countries,MA,1
2026-04-23,countries,MO,1
2026-04-23,countries,MY,131
2026-04-23,countries,NG,1
2026-04-23,countries,NL,9
2026-04-23,countries,NZ,1
2026-04-23,countries,PK,1
2026-04-23,countries,PL,4
2026-04-23,countries,RO,2
2026-04-23,countries,RU,4
2026-04-23,countries,SE,1
2026-04-23,countries,SG,21
2026-04-23,countries,SN,1
2026-04-23,countries,TH,10
2026-04-23,countries,TN,1
2026-04-23,countries,TW,8
2026-04-23,countries,UA,1
2026-04-23,countries,US,199
2026-04-23,countries,UZ,2
2026-04-23,countries,VN,35
2026-04-23,browsers,AppleBot,2
2026-04-23,browsers,BingBot,22
2026-04-23,browsers,Chrome,182
2026-04-23,browsers,ChromeMobile,24
2026-04-23,browsers,ChromeMobileWebview,69
2026-04-23,browsers,Edge,11
2026-04-23,browsers,Firefox,94
2026-04-23,browsers,GoogleBot,44
2026-04-23,browsers,MobileSafari,33
2026-04-23,browsers,Opera,13
2026-04-23,browsers,Safari,25
2026-04-23,browsers,UCBrowserMobile,1
2026-04-23,browsers,Unknown,195
2026-04-23,browsers,YandexBot,4
2026-04-23,operating_systems,Android,133
2026-04-23,operating_systems,Linux,9
2026-04-23,operating_systems,MacOSX,89
2026-04-23,operating_systems,Unknown,223
2026-04-23,operating_systems,Windows,229
2026-04-23,operating_systems,iOS,36
2026-04-23,devices,desktop,506
2026-04-23,devices,mobile,208
2026-04-23,devices,tablet,5
2026-04-25,totals,visits,96
2026-04-25,pages,/,37
2026-04-25,pages,/railyard,11
2026-04-25,pages,/railyard/docs,2
2026-04-25,pages,/railyard/docs/latest/players/github-token,25
2026-04-25,pages,/railyard/docs/v0.1/players/install-guide-windows,1
2026-04-25,pages,/railyard/docs/v0.2/players/github-token,3
2026-04-25,pages,/railyard/docs/v0.2/players/installing-railyard/windows,1
2026-04-25,pages,/railyard/maps/gwangju-4/changelog/0.1.0,1
2026-04-25,pages,/railyard/maps/mfn-hamptonroads,2
2026-04-25,pages,/railyard/maps/singapore-val,1
2026-04-25,pages,/railyard/maps/yukina-cz-praha,1
2026-04-25,pages,/railyard/mods/cinematic-camera,1
2026-04-25,pages,/railyard/mods/danield1909-dantrains/changelog/v1.0.0,1
2026-04-25,pages,/railyard/mods/station-dots/changelog/v1.2.0,1
2026-04-25,pages,/railyard/mods/subwaybuilder-regions/changelog/v0.4.7,1
2026-04-25,pages,/railyard/updates,1
2026-04-25,pages,/registry/maps/yukina-hakodate,1
2026-04-25,pages,/registry/maps/yukina-osaka,1
2026-04-25,pages,/registry/maps/yukina-shizuoka-hamamatsu,1
2026-04-25,pages,/template-mod,1
2026-04-25,pages,/website,1
2026-04-25,pages,/website/updates,1
2026-04-25,countries,AU,2
2026-04-25,countries,BE,3
2026-04-25,countries,CA,5
2026-04-25,countries,CN,1
2026-04-25,countries,CZ,3
2026-04-25,countries,DE,4
2026-04-25,countries,DK,3
2026-04-25,countries,ES,1
2026-04-25,countries,FR,4
2026-04-25,countries,GB,10
2026-04-25,countries,HU,1
2026-04-25,countries,IE,1
2026-04-25,countries,IN,1
2026-04-25,countries,TR,3
2026-04-25,countries,US,54
2026-04-25,browsers,BingBot,2
2026-04-25,browsers,Chrome,36
2026-04-25,browsers,Edge,8
2026-04-25,browsers,Firefox,8
2026-04-25,browsers,GoogleBot,3
2026-04-25,browsers,MobileSafari,2
2026-04-25,browsers,MobileSafariWebview,1
2026-04-25,browsers,Opera,14
2026-04-25,browsers,Safari,5
2026-04-25,browsers,Unknown,17
2026-04-25,operating_systems,Android,3
2026-04-25,operating_systems,Linux,1
2026-04-25,operating_systems,MacOSX,12
2026-04-25,operating_systems,Unknown,19
2026-04-25,operating_systems,Windows,58
2026-04-25,operating_systems,iOS,3
2026-04-25,devices,desktop,90
2026-04-25,devices,mobile,6
2026-04-26,totals,visits,138
2026-04-26,pages,/,36
2026-04-26,pages,/credits,2
2026-04-26,pages,/railyard,28
2026-04-26,pages,/railyard/analytics,1
2026-04-26,pages,/railyard/browse,7
2026-04-26,pages,/railyard/docs,2
2026-04-26,pages,/railyard/docs/latest/players/github-token,21
2026-04-26,pages,/railyard/docs/v0.2/developers/publishing-projects,2
2026-04-26,pages,/railyard/docs/v0.2/developers/tagging,2
2026-04-26,pages,/railyard/docs/v0.2/players/github-token,4
2026-04-26,pages,/railyard/maps/bangkok,1
2026-04-26,pages,/railyard/maps/bilbao,1
2026-04-26,pages,/railyard/maps/buffalo-ny,1
2026-04-26,pages,/railyard/maps/gwangju-4/changelog/0.1.0,1
2026-04-26,pages,/railyard/maps/madrid,2
2026-04-26,pages,/railyard/maps/singapore-val,1
2026-04-26,pages,/railyard/maps/sydney,2
2026-04-26,pages,/railyard/mods/advanced-analytics,1
2026-04-26,pages,/registry,1
2026-04-26,pages,/registry/maps/jelegend-tokyo,1
2026-04-26,pages,/registry/maps/johor-bahru,1
2026-04-26,pages,/registry/maps/madrid,1
2026-04-26,pages,/registry/maps/mfn-lasvegas,1
2026-04-26,pages,/registry/maps/mfn-madisonwi,2
2026-04-26,pages,/registry/maps/trondheim-val,1
2026-04-26,pages,/registry/maps/yukina-kyoto,1
2026-04-26,pages,/registry/maps/yukina-nakadoori,1
2026-04-26,pages,/registry/maps/yukina-okinawa,1
2026-04-26,pages,/registry/mods/advanced-analytics,2
2026-04-26,pages,/registry/trending,3
2026-04-26,pages,/template-mod,1
2026-04-26,pages,/template-mod/docs/v1.0/project-structure,1
2026-04-26,pages,/updates/railyard,1
2026-04-26,pages,/updates/railyard/v0.2.2,2
2026-04-26,pages,/website/updates/v1.0.0,2
2026-04-26,countries,AR,3
2026-04-26,countries,AU,5
2026-04-26,countries,CA,3
2026-04-26,countries,CH,1
2026-04-26,countries,CZ,1
2026-04-26,countries,DE,9
2026-04-26,countries,DK,3
2026-04-26,countries,ES,6
2026-04-26,countries,FI,4
2026-04-26,countries,FR,6
2026-04-26,countries,GB,9
2026-04-26,countries,HK,2
2026-04-26,countries,HU,2
2026-04-26,countries,ID,1
2026-04-26,countries,IE,1
2026-04-26,countries,IT,1
2026-04-26,countries,JP,3
2026-04-26,countries,MY,1
2026-04-26,countries,NL,8
2026-04-26,countries,NO,1
2026-04-26,countries,PH,2
2026-04-26,countries,PL,6
2026-04-26,countries,SG,6
2026-04-26,countries,UA,1
2026-04-26,countries,US,53
2026-04-26,browsers,BingBot,4
2026-04-26,browsers,Chrome,54
2026-04-26,browsers,ChromeMobile,10
2026-04-26,browsers,Edge,2
2026-04-26,browsers,Firefox,14
2026-04-26,browsers,GoogleBot,2
2026-04-26,browsers,MobileSafari,9
2026-04-26,browsers,Opera,13
2026-04-26,browsers,Safari,5
2026-04-26,browsers,Unknown,25
2026-04-26,operating_systems,Android,6
2026-04-26,operating_systems,ChromeOS,2
2026-04-26,operating_systems,Linux,3
2026-04-26,operating_systems,MacOSX,27
2026-04-26,operating_systems,Unknown,29
2026-04-26,operating_systems,Windows,56
2026-04-26,operating_systems,iOS,15
2026-04-26,devices,desktop,116
2026-04-26,devices,mobile,22
2026-04-27,totals,visits,151
2026-04-27,pages,/,37
2026-04-27,pages,/contribute,2
2026-04-27,pages,/credits,5
2026-04-27,pages,/license,1
2026-04-27,pages,/railyard,26
2026-04-27,pages,/railyard/analytics,1
2026-04-27,pages,/railyard/browse,6
2026-04-27,pages,/railyard/docs,2
2026-04-27,pages,/railyard/docs/latest/players/github-token,17
2026-04-27,pages,/railyard/docs/v0.2/players,2
2026-04-27,pages,/railyard/docs/v0.2/players/github-token,2
2026-04-27,pages,/railyard/maps/greatertwincities,1
2026-04-27,pages,/railyard/maps/mfn-hong-kong,2
2026-04-27,pages,/railyard/maps/yukina-fukuoka,1
2026-04-27,pages,/railyard/maps/yukina-kumamoto,1
2026-04-27,pages,/railyard/maps/yukina-kyoto,1
2026-04-27,pages,/railyard/maps/yukina-nagasaki,1
2026-04-27,pages,/railyard/maps/yukina-nakaumi,1
2026-04-27,pages,/railyard/maps/yukina-yamagata,1
2026-04-27,pages,/railyard/mods/citymapper,1
2026-04-27,pages,/railyard/mods/kr-ktp,1
2026-04-27,pages,/railyard/mods/network-status,1
2026-04-27,pages,/railyard/mods/subwaybuilder-regions,1
2026-04-27,pages,/railyard/updates,1
2026-04-27,pages,/registry,2
2026-04-27,pages,/registry/authors/Valdotorium,1
2026-04-27,pages,/registry/map/yukina-fukuoka,1
2026-04-27,pages,/registry/maps/yukina-nagoya,1
2026-04-27,pages,/registry/mod/distance-circles,1
2026-04-27,pages,/registry/mods/danield1909-dantrains,3
2026-04-27,pages,/registry/mods/distance-circles,2
2026-04-27,pages,/registry/mods/game-speedup,1
2026-04-27,pages,/registry/trending,1
2026-04-27,pages,/registry/world-map,5
2026-04-27,pages,/template-mod,2
2026-04-27,pages,/template-mod/docs,3
2026-04-27,pages,/template-mod/updates,1
2026-04-27,pages,/tools/md-playground,3
2026-04-27,pages,/updates/railyard/v0.1.0,1
2026-04-27,pages,/updates/railyard/v0.1.1,1
2026-04-27,pages,/website,6
2026-04-27,pages,/website/updates,1
2026-04-27,countries,AU,5
2026-04-27,countries,CA,12
2026-04-27,countries,CH,1
2026-04-27,countries,CZ,1
2026-04-27,countries,DE,19
2026-04-27,countries,FR,6
2026-04-27,countries,GB,4
2026-04-27,countries,IE,4
2026-04-27,countries,IS,11
2026-04-27,countries,IT,4
2026-04-27,countries,JP,3
2026-04-27,countries,KR,5
2026-04-27,countries,NL,1
2026-04-27,countries,PL,4
2026-04-27,countries,US,71
2026-04-27,browsers,BingBot,4
2026-04-27,browsers,Chrome,43
2026-04-27,browsers,ChromeHeadless,1
2026-04-27,browsers,ChromeMobile,1
2026-04-27,browsers,Edge,5
2026-04-27,browsers,Firefox,25
2026-04-27,browsers,GoogleBot,1
2026-04-27,browsers,MobileSafari,8
2026-04-27,browsers,Opera,4
2026-04-27,browsers,Safari,3
2026-04-27,browsers,Unknown,56
2026-04-27,operating_systems,Android,2
2026-04-27,operating_systems,Linux,4
2026-04-27,operating_systems,MacOSX,19
2026-04-27,operating_systems,Unknown,60
2026-04-27,operating_systems,Windows,58
2026-04-27,operating_systems,iOS,8
2026-04-27,devices,desktop,139
2026-04-27,devices,mobile,12
2026-04-28,totals,visits,84
2026-04-28,pages,/,23
2026-04-28,pages,/credits,1
2026-04-28,pages,/docs,1
2026-04-28,pages,/railyard,18
2026-04-28,pages,/railyard/browse,3
2026-04-28,pages,/railyard/docs,2
2026-04-28,pages,/railyard/docs/latest/players/github-token,17
2026-04-28,pages,/railyard/docs/v0.2/players,1
2026-04-28,pages,/railyard/docs/v0.2/players/github-token,1
2026-04-28,pages,/railyard/docs/v0.2/players/installing-railyard/macos,1
2026-04-28,pages,/railyard/docs/v0.2/players/installing-railyard/windows,1
2026-04-28,pages,/railyard/maps/madrid,1
2026-04-28,pages,/railyard/maps/pyongyang-nk,2
2026-04-28,pages,/railyard/mods/advanced-analytics,1
2026-04-28,pages,/registry,1
2026-04-28,pages,/registry/maps/warsaw-val,1
2026-04-28,pages,/registry/mod/advanced-analytics,1
2026-04-28,pages,/registry/world-map,2
2026-04-28,pages,/template-mod,1
2026-04-28,pages,/template-mod/docs/v1.0/getting-started,1
2026-04-28,pages,/updates/railyard/v0.2.1,2
2026-04-28,pages,/updates/template-mod,1
2026-04-28,pages,/website/updates/v1.0.0,1
2026-04-28,countries,AU,5
2026-04-28,countries,BA,2
2026-04-28,countries,BE,1
2026-04-28,countries,CA,2
2026-04-28,countries,DE,1
2026-04-28,countries,FR,4
2026-04-28,countries,GB,12
2026-04-28,countries,HK,1
2026-04-28,countries,IL,1
2026-04-28,countries,IT,5
2026-04-28,countries,PT,2
2026-04-28,countries,SG,5
2026-04-28,countries,TW,1
2026-04-28,countries,US,42
2026-04-28,browsers,BingBot,5
2026-04-28,browsers,Chrome,38
2026-04-28,browsers,Edge,3
2026-04-28,browsers,Firefox,5
2026-04-28,browsers,GoogleBot,1
2026-04-28,browsers,MobileSafari,6
2026-04-28,browsers,Safari,7
2026-04-28,browsers,Unknown,19
2026-04-28,operating_systems,Android,1
2026-04-28,operating_systems,Linux,3
2026-04-28,operating_systems,MacOSX,18
2026-04-28,operating_systems,Unknown,24
2026-04-28,operating_systems,Windows,33
2026-04-28,operating_systems,iOS,6
2026-04-28,devices,desktop,75
2026-04-28,devices,mobile,9
2026-04-29,totals,visits,192
2026-04-29,pages,/,58
2026-04-29,pages,/credits,4
2026-04-29,pages,/railyard,29
2026-04-29,pages,/railyard/browse,15
2026-04-29,pages,/railyard/docs,4
2026-04-29,pages,/railyard/docs/latest/players/github-token,24
2026-04-29,pages,/railyard/docs/v0.2/players/github-token,5
2026-04-29,pages,/railyard/docs/v0.2/players/installing-railyard,1
2026-04-29,pages,/railyard/docs/v0.2/players/installing-railyard/linux,1
2026-04-29,pages,/railyard/docs/v0.2/players/installing-railyard/macos,1
2026-04-29,pages,/railyard/docs/v0.2/players/installing-railyard/windows,1
2026-04-29,pages,/railyard/maps/bologna,1
2026-04-29,pages,/railyard/maps/ipoh,1
2026-04-29,pages,/railyard/maps/jelegend-tokyo,1
2026-04-29,pages,/railyard/maps/mfn-hong-kong,1
2026-04-29,pages,/railyard/maps/mfn-madisonwi,1
2026-04-29,pages,/railyard/maps/monterrey,2
2026-04-29,pages,/railyard/maps/tampa-bay,1
2026-04-29,pages,/railyard/maps/tel-aviv,1
2026-04-29,pages,/railyard/maps/trondheim-val,1
2026-04-29,pages,/railyard/maps/warsaw-val,1
2026-04-29,pages,/railyard/maps/yukina-cz-brno,2
2026-04-29,pages,/railyard/maps/yukina-cz-hradec-pardubice,1
2026-04-29,pages,/railyard/maps/yukina-cz-praha,1
2026-04-29,pages,/railyard/maps/yukina-kagoshima-kirishima,1
2026-04-29,pages,/railyard/maps/yukina-nagoya,1
2026-04-29,pages,/railyard/maps/yukina-nakadoori,1
2026-04-29,pages,/railyard/maps/yukina-niigata,1
2026-04-29,pages,/railyard/maps/yukina-okayama,1
2026-04-29,pages,/railyard/maps/yukina-sendai,1
2026-04-29,pages,/railyard/mods/advanced-analytics,1
2026-04-29,pages,/railyard/mods/advanced-analytics/changelog/v1.4.0,1
2026-04-29,pages,/railyard/mods/advanced-analytics/changelog/v1.4.2,1
2026-04-29,pages,/railyard/mods/any-money,1
2026-04-29,pages,/railyard/mods/game-speedup,1
2026-04-29,pages,/railyard/updates,1
2026-04-29,pages,/railyard/updates/v0.1.0,1
2026-04-29,pages,/railyard/updates/v0.2.0,1
2026-04-29,pages,/registry,1
2026-04-29,pages,/registry/maps/edmonton,1
2026-04-29,pages,/registry/maps/greater-los-angeles,1
2026-04-29,pages,/registry/maps/guangzhou,3
2026-04-29,pages,/registry/maps/ipoh,1
2026-04-29,pages,/registry/maps/trondheim-val,1
2026-04-29,pages,/registry/maps/yukina-northern-kyushu,1
2026-04-29,pages,/registry/maps/yukina-osaka,1
2026-04-29,pages,/registry/mods/advanced-analytics,2
2026-04-29,pages,/registry/mods/transit-overlay,1
2026-04-29,pages,/registry/trending,1
2026-04-29,pages,/registry/world-map,1
2026-04-29,pages,/template-mod,3
2026-04-29,pages,/template-mod/updates,2
2026-04-29,countries,AU,2
2026-04-29,countries,CA,8
2026-04-29,countries,CH,1
2026-04-29,countries,CN,1
2026-04-29,countries,CZ,1
2026-04-29,countries,DE,7
2026-04-29,countries,DK,2
2026-04-29,countries,ES,1
2026-04-29,countries,FR,6
2026-04-29,countries,GB,17
2026-04-29,countries,HK,5
2026-04-29,countries,IE,1
2026-04-29,countries,IL,1
2026-04-29,countries,IT,1
2026-04-29,countries,JP,2
2026-04-29,countries,KR,3
2026-04-29,countries,MX,6
2026-04-29,countries,NL,5
2026-04-29,countries,PH,4
2026-04-29,countries,RS,1
2026-04-29,countries,RU,2
2026-04-29,countries,SG,5
2026-04-29,countries,SK,1
2026-04-29,countries,TR,2
2026-04-29,countries,TW,5
2026-04-29,countries,US,107
2026-04-29,countries,ZW,1
2026-04-29,browsers,BingBot,7
2026-04-29,browsers,Chrome,68
2026-04-29,browsers,ChromeMobile,2
2026-04-29,browsers,Edge,7
2026-04-29,browsers,Firefox,13
2026-04-29,browsers,GoogleBot,11
2026-04-29,browsers,MobileSafari,19
2026-04-29,browsers,Opera,6
2026-04-29,browsers,Safari,17
2026-04-29,browsers,Unknown,40
2026-04-29,browsers,YandexBot,2
2026-04-29,operating_systems,Android,13
2026-04-29,operating_systems,Linux,6
2026-04-29,operating_systems,MacOSX,39
2026-04-29,operating_systems,Unknown,49
2026-04-29,operating_systems,Windows,66
2026-04-29,operating_systems,iOS,19
2026-04-29,devices,desktop,160
2026-04-29,devices,mobile,32
2026-04-30,totals,visits,135
2026-04-30,pages,/,43
2026-04-30,pages,/license,1
2026-04-30,pages,/railyard,26
2026-04-30,pages,/railyard/browse,5
2026-04-30,pages,/railyard/docs/latest/players/github-token,6
2026-04-30,pages,/railyard/docs/v0.1/developers,1
2026-04-30,pages,/railyard/docs/v0.1/players/github-token,2
2026-04-30,pages,/railyard/docs/v0.1/players/install-guide-macos,4
2026-04-30,pages,/railyard/docs/v0.2/players,2
2026-04-30,pages,/railyard/docs/v0.2/players/github-token,3
2026-04-30,pages,/railyard/docs/v0.2/players/installing-railyard/macos,1
2026-04-30,pages,/railyard/maps,1
2026-04-30,pages,/railyard/maps/amsterdam,1
2026-04-30,pages,/railyard/maps/berlin-val,3
2026-04-30,pages,/railyard/maps/oklahoma-city,1
2026-04-30,pages,/railyard/maps/vancouver/changelog/1.1.3,3
2026-04-30,pages,/railyard/maps/warsaw-val,3
2026-04-30,pages,/railyard/maps/yukina-cz-ustecko-chomutov,3
2026-04-30,pages,/railyard/mods/advanced-analytics,1
2026-04-30,pages,/railyard/mods/danield1909-dantrains,1
2026-04-30,pages,/railyard/mods/distance-circles,1
2026-04-30,pages,/railyard/mods/network-status,1
2026-04-30,pages,/railyard/mods/subwaybuilder-regions,1
2026-04-30,pages,/registry,1
2026-04-30,pages,/registry/authors/Valdotorium,1
2026-04-30,pages,/registry/authors/soccerjonj,1
2026-04-30,pages,/registry/maps/bilbao,1
2026-04-30,pages,/registry/maps/ciudad-de-mexico,1
2026-04-30,pages,/registry/maps/greater-kuala-lumpur,1
2026-04-30,pages,/registry/maps/mfn-rdu,1
2026-04-30,pages,/registry/maps/valencia,1
2026-04-30,pages,/registry/mods/advanced-analytics,3
2026-04-30,pages,/registry/mods/citymapper,1
2026-04-30,pages,/registry/mods/subwaybuilder-regions,1
2026-04-30,pages,/registry/mods/transit-overlay,1
2026-04-30,pages,/registry/mods/valdotoriums-trains,1
2026-04-30,pages,/registry/world-map,1
2026-04-30,pages,/template-mod/docs,1
2026-04-30,pages,/template-mod/docs/v1.0/project-structure,1
2026-04-30,pages,/template-mod/docs/v1.0/react-components,1
2026-04-30,pages,/updates,1
2026-04-30,pages,/updates/railyard/v0.1.0,1
2026-04-30,countries,AU,2
2026-04-30,countries,BE,3
2026-04-30,countries,CA,4
2026-04-30,countries,CN,1
2026-04-30,countries,DE,7
2026-04-30,countries,DK,2
2026-04-30,countries,ES,2
2026-04-30,countries,FR,9
2026-04-30,countries,GB,16
2026-04-30,countries,ID,1
2026-04-30,countries,IN,1
2026-04-30,countries,IT,2
2026-04-30,countries,JP,2
2026-04-30,countries,KR,2
2026-04-30,countries,MY,2
2026-04-30,countries,NL,5
2026-04-30,countries,PL,8
2026-04-30,countries,SE,2
2026-04-30,countries,SG,3
2026-04-30,countries,TR,7
2026-04-30,countries,US,54
2026-04-30,browsers,BingBot,10
2026-04-30,browsers,Chrome,51
2026-04-30,browsers,ChromeMobile,7
2026-04-30,browsers,Edge,5
2026-04-30,browsers,Firefox,17
2026-04-30,browsers,GoogleBot,3
2026-04-30,browsers,MobileSafari,10
2026-04-30,browsers,Opera,12
2026-04-30,browsers,Safari,5
2026-04-30,browsers,Unknown,15
2026-04-30,operating_systems,Android,6
2026-04-30,operating_systems,ChromeOS,7
2026-04-30,operating_systems,Linux,4
2026-04-30,operating_systems,MacOSX,30
2026-04-30,operating_systems,Unknown,25
2026-04-30,operating_systems,Windows,49
2026-04-30,operating_systems,iOS,14
2026-04-30,devices,desktop,115
2026-04-30,devices,mobile,17
2026-04-30,devices,tablet,3
2026-05-01,totals,visits,209
2026-05-01,pages,/,50
2026-05-01,pages,/contribute,1
2026-05-01,pages,/credits,2
2026-05-01,pages,/docs,1
2026-05-01,pages,/license,1
2026-05-01,pages,/railyard,20
2026-05-01,pages,/railyard/analytics,3
2026-05-01,pages,/railyard/browse,4
2026-05-01,pages,/railyard/docs,1
2026-05-01,pages,/railyard/docs/latest/developers/publishing-projects,2
2026-05-01,pages,/railyard/docs/latest/players/github-token,20
2026-05-01,pages,/railyard/docs/v0.1/players/install-guide-macos,3
2026-05-01,pages,/railyard/docs/v0.2/developers/dependencies,1
2026-05-01,pages,/railyard/docs/v0.2/players,3
2026-05-01,pages,/railyard/docs/v0.2/players/country-flag-emojis,2
2026-05-01,pages,/railyard/docs/v0.2/players/github-token,7
2026-05-01,pages,/railyard/docs/v0.2/players/importing-custom-assets,1
2026-05-01,pages,/railyard/docs/v0.2/players/installing-railyard/macos,1
2026-05-01,pages,/railyard/docs/v0.2/players/profile-management,1
2026-05-01,pages,/railyard/maps,2
2026-05-01,pages,/railyard/maps/guangzhou,1
2026-05-01,pages,/railyard/maps/los-angeles-county,1
2026-05-01,pages,/railyard/maps/mfn-hong-kong/changelog/0.4.0,4
2026-05-01,pages,/railyard/maps/riviera-romagnola,1
2026-05-01,pages,/railyard/maps/yukina-cz-brno,1
2026-05-01,pages,/railyard/maps/yukina-cz-praha,1
2026-05-01,pages,/railyard/maps/yukina-cz-ustecko-chomutov,1
2026-05-01,pages,/railyard/maps/yukina-tottori,1
2026-05-01,pages,/railyard/mods/advanced-analytics,1
2026-05-01,pages,/railyard/mods/any-money,1
2026-05-01,pages,/railyard/mods/dep-test-mod,1
2026-05-01,pages,/railyard/mods/game-speedup,1
2026-05-01,pages,/railyard/mods/network-status,1
2026-05-01,pages,/railyard/mods/simple-trains,1
2026-05-01,pages,/railyard/mods/transit-overlay,1
2026-05-01,pages,/railyard/mods/valdotoriums-trains,2
2026-05-01,pages,/railyard/updates,7
2026-05-01,pages,/railyard/updates/v0.1.3,1
2026-05-01,pages,/railyard/updates/v0.1.6,1
2026-05-01,pages,/railyard/updates/v0.2.0,2
2026-05-01,pages,/railyard/updates/v0.2.3,1
2026-05-01,pages,/registry/authors/nzh0172,1
2026-05-01,pages,/registry/authors/stefanorigano,1
2026-05-01,pages,/registry/maps/barcelona,1
2026-05-01,pages,/registry/maps/greatertwincities,1
2026-05-01,pages,/registry/maps/los-angeles-county,1
2026-05-01,pages,/registry/maps/madrid,2
2026-05-01,pages,/registry/maps/mfn-hamptonroads,1
2026-05-01,pages,/registry/maps/mfn-hong-kong,1
2026-05-01,pages,/registry/maps/mfn-lasvegas,1
2026-05-01,pages,/registry/maps/mfn-northwestar,1
2026-05-01,pages,/registry/maps/mfn-rdu,1
2026-05-01,pages,/registry/maps/tel-aviv,1
2026-05-01,pages,/registry/maps/warsaw-val,2
2026-05-01,pages,/registry/maps/yukina-cz-hradec-pardubice,1
2026-05-01,pages,/registry/maps/yukina-cz-ostrava,1
2026-05-01,pages,/registry/maps/yukina-fukuoka,1
2026-05-01,pages,/registry/maps/yukina-hiroshima-kure,1
2026-05-01,pages,/registry/maps/yukina-kobe-akashi,1
2026-05-01,pages,/registry/maps/yukina-nakadoori,1
2026-05-01,pages,/registry/maps/yukina-nakaumi,3
2026-05-01,pages,/registry/maps/yukina-northern-kyushu,2
2026-05-01,pages,/registry/maps/yukina-okinawa,1
2026-05-01,pages,/registry/maps/yukina-takamatsu,1
2026-05-01,pages,/registry/maps/yukina-tottori,1
2026-05-01,pages,/registry/mod/simple-trains,1
2026-05-01,pages,/registry/mods/advanced-analytics,1
2026-05-01,pages,/registry/mods/any-money,1
2026-05-01,pages,/registry/mods/cinematic-camera,1
2026-05-01,pages,/registry/mods/danield1909-dantrains,1
2026-05-01,pages,/registry/mods/simple-trains,1
2026-05-01,pages,/registry/mods/subwaybuilder-regions,2
2026-05-01,pages,/registry/world-map,6
2026-05-01,pages,/template-mod/docs/v1.0/type-reference,1
2026-05-01,pages,/template-mod/updates,2
2026-05-01,pages,/updates,1
2026-05-01,pages,/updates/railyard/v0.1.0,1
2026-05-01,pages,/updates/railyard/v0.2.2,3
2026-05-01,countries,AU,10
2026-05-01,countries,BO,1
2026-05-01,countries,BR,1
2026-05-01,countries,CA,2
2026-05-01,countries,CH,1
2026-05-01,countries,CO,1
2026-05-01,countries,CR,1
2026-05-01,countries,DE,10
2026-05-01,countries,DK,1
2026-05-01,countries,ES,9
2026-05-01,countries,FR,5
2026-05-01,countries,GB,7
2026-05-01,countries,HK,7
2026-05-01,countries,ID,2
2026-05-01,countries,IE,3
2026-05-01,countries,IN,3
2026-05-01,countries,IT,3
2026-05-01,countries,JM,1
2026-05-01,countries,JO,1
2026-05-01,countries,LB,1
2026-05-01,countries,MD,3
2026-05-01,countries,MX,1
2026-05-01,countries,MY,6
2026-05-01,countries,NG,1
2026-05-01,countries,NO,1
2026-05-01,countries,PL,2
2026-05-01,countries,PT,3
2026-05-01,countries,SG,3
2026-05-01,countries,SY,1
2026-05-01,countries,US,101
2026-05-01,countries,UY,1
2026-05-01,countries,VE,1
2026-05-01,countries,VN,15
2026-05-01,browsers,BingBot,12
2026-05-01,browsers,Chrome,65
2026-05-01,browsers,ChromeMobile,11
2026-05-01,browsers,Edge,10
2026-05-01,browsers,Firefox,19
2026-05-01,browsers,GoogleBot,4
2026-05-01,browsers,MobileSafari,12
2026-05-01,browsers,Safari,14
2026-05-01,browsers,Unknown,62
2026-05-01,operating_systems,Android,11
2026-05-01,operating_systems,Linux,3
2026-05-01,operating_systems,MacOSX,45
2026-05-01,operating_systems,Unknown,74
2026-05-01,operating_systems,Windows,60
2026-05-01,operating_systems,iOS,16
2026-05-01,devices,desktop,176
2026-05-01,devices,mobile,30
2026-05-01,devices,tablet,3
2026-05-02,totals,visits,197
2026-05-02,pages,/,39
2026-05-02,pages,/contribute,2
2026-05-02,pages,/credits,1
2026-05-02,pages,/railyard,11
2026-05-02,pages,/railyard/browse,5
2026-05-02,pages,/railyard/docs,3
2026-05-02,pages,/railyard/docs/latest/developers/publishing-projects,1
2026-05-02,pages,/railyard/docs/latest/players/github-token,7
2026-05-02,pages,/railyard/docs/v0.1/developers/using-custom-url,1
2026-05-02,pages,/railyard/docs/v0.1/players/github-token,1
2026-05-02,pages,/railyard/docs/v0.1/players/install-guide-macos,2
2026-05-02,pages,/railyard/docs/v0.1/players/install-guide-windows,1
2026-05-02,pages,/railyard/docs/v0.2,1
2026-05-02,pages,/railyard/docs/v0.2/developers/data-quality,1
2026-05-02,pages,/railyard/docs/v0.2/developers/publishing-projects,1
2026-05-02,pages,/railyard/docs/v0.2/developers/tagging,2
2026-05-02,pages,/railyard/docs/v0.2/developers/using-custom-url,1
2026-05-02,pages,/railyard/docs/v0.2/players/github-token,6
2026-05-02,pages,/railyard/docs/v0.2/players/importing-custom-assets,1
2026-05-02,pages,/railyard/docs/v0.2/players/installing-railyard,1
2026-05-02,pages,/railyard/docs/v0.2/players/installing-railyard/macos,1
2026-05-02,pages,/railyard/docs/v0.2/players/installing-railyard/windows,1
2026-05-02,pages,/railyard/maps/edmonton/changelog/1.0.1,1
2026-05-02,pages,/railyard/maps/greater-newyork,2
2026-05-02,pages,/railyard/maps/guangzhou,2
2026-05-02,pages,/railyard/maps/helsinki,1
2026-05-02,pages,/railyard/maps/madrid,2
2026-05-02,pages,/railyard/maps/mfn-hong-kong,1
2026-05-02,pages,/railyard/maps/puerto-rico,1
2026-05-02,pages,/railyard/maps/toronto/changelog/1.0.1,1
2026-05-02,pages,/railyard/mods/advanced-analytics,6
2026-05-02,pages,/railyard/mods/simple-trains,1
2026-05-02,pages,/railyard/updates,2
2026-05-02,pages,/railyard/updates/v0.1.4,1
2026-05-02,pages,/railyard/updates/v0.2.0,1
2026-05-02,pages,/registry,2
2026-05-02,pages,/registry/authors/Gio1112,1
2026-05-02,pages,/registry/authors/ahkimn,1
2026-05-02,pages,/registry/authors/nzh0172,1
2026-05-02,pages,/registry/maps/bari,2
2026-05-02,pages,/registry/maps/berlin-val,1
2026-05-02,pages,/registry/maps/florence,1
2026-05-02,pages,/registry/maps/garda-lake,2
2026-05-02,pages,/registry/maps/greater-newyork,1
2026-05-02,pages,/registry/maps/greatertwincities,1
2026-05-02,pages,/registry/maps/jelegend-tokyo,1
2026-05-02,pages,/registry/maps/jerusalem,1
2026-05-02,pages,/registry/maps/madrid,3
2026-05-02,pages,/registry/maps/mfn-hong-kong,1
2026-05-02,pages,/registry/maps/mfn-lasvegas,1
2026-05-02,pages,/registry/maps/mfn-madisonwi,1
2026-05-02,pages,/registry/maps/naples,2
2026-05-02,pages,/registry/maps/san-antonio,4
2026-05-02,pages,/registry/maps/singapore-val,1
2026-05-02,pages,/registry/maps/trondheim-val,1
2026-05-02,pages,/registry/maps/turin,1
2026-05-02,pages,/registry/maps/yukina-asahikawa,1
2026-05-02,pages,/registry/maps/yukina-cz-brno,1
2026-05-02,pages,/registry/maps/yukina-cz-olomouc,1
2026-05-02,pages,/registry/maps/yukina-cz-plzen,1
2026-05-02,pages,/registry/maps/yukina-cz-praha,1
2026-05-02,pages,/registry/maps/yukina-cz-ustecko-chomutov,1
2026-05-02,pages,/registry/maps/yukina-fukuoka,2
2026-05-02,pages,/registry/maps/yukina-hakodate,2
2026-05-02,pages,/registry/maps/yukina-kagoshima-kirishima,1
2026-05-02,pages,/registry/maps/yukina-kitakyushu-shimonoseki,2
2026-05-02,pages,/registry/maps/yukina-kochi,1
2026-05-02,pages,/registry/maps/yukina-kumamoto,2
2026-05-02,pages,/registry/maps/yukina-kyoto,3
2026-05-02,pages,/registry/maps/yukina-matsuyama,1
2026-05-02,pages,/registry/maps/yukina-morioka,2
2026-05-02,pages,/registry/maps/yukina-nagasaki,1
2026-05-02,pages,/registry/maps/yukina-nagoya,1
2026-05-02,pages,/registry/maps/yukina-nakadoori,1
2026-05-02,pages,/registry/maps/yukina-niigata,1
2026-05-02,pages,/registry/maps/yukina-okayama,2
2026-05-02,pages,/registry/maps/yukina-okinawa,2
2026-05-02,pages,/registry/maps/yukina-osaka,2
2026-05-02,pages,/registry/maps/yukina-sapporo-chitose,1
2026-05-02,pages,/registry/maps/yukina-sendai,1
2026-05-02,pages,/registry/maps/yukina-shizuoka-hamamatsu,2
2026-05-02,pages,/registry/maps/yukina-toyama,2
2026-05-02,pages,/registry/maps/yukina-tsugaru,1
2026-05-02,pages,/registry/maps/yukina-yamagata,1
2026-05-02,pages,/registry/mods/citymapper,1
2026-05-02,pages,/registry/mods/game-speedup,1
2026-05-02,pages,/registry/world-map,1
2026-05-02,pages,/template-mod,2
2026-05-02,pages,/template-mod/docs,1
2026-05-02,pages,/template-mod/docs/v1.0/type-reference,1
2026-05-02,pages,/template-mod/updates/v1.0.0,1
2026-05-02,pages,/updates/railyard,2
2026-05-02,pages,/website,1
2026-05-02,pages,/website/updates,2
2026-05-02,pages,/website/updates/v1.0.3,1
2026-05-02,countries,AR,1
2026-05-02,countries,BD,1
2026-05-02,countries,BE,1
2026-05-02,countries,CA,14
2026-05-02,countries,CL,1
2026-05-02,countries,CO,1
2026-05-02,countries,DE,3
2026-05-02,countries,DK,4
2026-05-02,countries,ES,8
2026-05-02,countries,FR,6
2026-05-02,countries,GB,20
2026-05-02,countries,HK,1
2026-05-02,countries,HN,1
2026-05-02,countries,ID,2
2026-05-02,countries,IQ,1
2026-05-02,countries,IT,1
2026-05-02,countries,MX,2
2026-05-02,countries,NL,11
2026-05-02,countries,PS,1
2026-05-02,countries,SG,4
2026-05-02,countries,SY,1
2026-05-02,countries,US,77
2026-05-02,countries,UZ,2
2026-05-02,countries,VE,3
2026-05-02,countries,VN,27
2026-05-02,countries,ZW,2
2026-05-02,browsers,BingBot,4
2026-05-02,browsers,Chrome,77
2026-05-02,browsers,ChromeMobile,6
2026-05-02,browsers,Edge,7
2026-05-02,browsers,Firefox,1
2026-05-02,browsers,FirefoxMobile,3
2026-05-02,browsers,GoogleBot,7
2026-05-02,browsers,MobileSafari,4
2026-05-02,browsers,MobileSafariWebview,1
2026-05-02,browsers,Opera,5
2026-05-02,browsers,Safari,15
2026-05-02,browsers,Unknown,67
2026-05-02,operating_systems,Android,11
2026-05-02,operating_systems,Linux,1
2026-05-02,operating_systems,MacOSX,44
2026-05-02,operating_systems,Unknown,71
2026-05-02,operating_systems,Windows,60
2026-05-02,operating_systems,iOS,10
2026-05-02,devices,desktop,170
2026-05-02,devices,mobile,26
2026-05-03,totals,visits,140
2026-05-03,pages,/,50
2026-05-03,pages,/contribute,1
2026-05-03,pages,/license,1
2026-05-03,pages,/railyard,18
2026-05-03,pages,/railyard/analytics,1
2026-05-03,pages,/railyard/browse,9
2026-05-03,pages,/railyard/docs,2
2026-05-03,pages,/railyard/docs/latest/players/github-token,11
2026-05-03,pages,/railyard/docs/v0.2/developers/dependencies,1
2026-05-03,pages,/railyard/docs/v0.2/developers/publishing-projects,1
2026-05-03,pages,/railyard/docs/v0.2/players,1
2026-05-03,pages,/railyard/docs/v0.2/players/github-token,2
2026-05-03,pages,/railyard/docs/v0.2/players/installing-railyard,1
2026-05-03,pages,/railyard/docs/v0.2/players/installing-railyard/linux,1
2026-05-03,pages,/railyard/docs/v0.2/players/installing-railyard/macos,2
2026-05-03,pages,/railyard/maps/greater-newyork,4
2026-05-03,pages,/railyard/maps/monterrey/changelog/1.1.3,1
2026-05-03,pages,/railyard/maps/trondheim-val,1
2026-05-03,pages,/railyard/mods/any-money,1
2026-05-03,pages,/railyard/mods/network-status,1
2026-05-03,pages,/railyard/mods/simple-trains,1
2026-05-03,pages,/railyard/mods/subwaybuilder-regions,1
2026-05-03,pages,/railyard/mods/tathan-casino,1
2026-05-03,pages,/railyard/updates,1
2026-05-03,pages,/railyard/updates/v0.1.1,1
2026-05-03,pages,/registry,1
2026-05-03,pages,/registry/maps/bangkok,1
2026-05-03,pages,/registry/maps/greater-kuala-lumpur,1
2026-05-03,pages,/registry/maps/greater-newyork,1
2026-05-03,pages,/registry/maps/ipoh,1
2026-05-03,pages,/registry/maps/johor-bahru,1
2026-05-03,pages,/registry/maps/mfn-hamptonroads,1
2026-05-03,pages,/registry/maps/mfn-hong-kong,1
2026-05-03,pages,/registry/maps/mfn-lasvegas,1
2026-05-03,pages,/registry/maps/mfn-madisonwi,1
2026-05-03,pages,/registry/maps/mfn-northwestar,1
2026-05-03,pages,/registry/maps/pulau-pinang,1
2026-05-03,pages,/registry/trending,1
2026-05-03,pages,/registry/world-map,2
2026-05-03,pages,/template-mod/docs,1
2026-05-03,pages,/template-mod/docs/v1.0/common-patterns,1
2026-05-03,pages,/template-mod/docs/v1.0/getting-started,1
2026-05-03,pages,/template-mod/docs/v1.0/project-structure,1
2026-05-03,pages,/template-mod/docs/v1.0/react-components,1
2026-05-03,pages,/template-mod/docs/v1.0/type-reference,1
2026-05-03,pages,/tools/md-playground,3
2026-05-03,pages,/website/updates,1
2026-05-03,countries,AU,1
2026-05-03,countries,BR,1
2026-05-03,countries,CA,1
2026-05-03,countries,CH,1
2026-05-03,countries,CZ,1
2026-05-03,countries,DE,38
2026-05-03,countries,DK,2
2026-05-03,countries,ES,1
2026-05-03,countries,FR,13
2026-05-03,countries,GB,1
2026-05-03,countries,IL,6
2026-05-03,countries,IT,2
2026-05-03,countries,MY,1
2026-05-03,countries,NL,14
2026-05-03,countries,NZ,10
2026-05-03,countries,PL,3
2026-05-03,countries,SE,1
2026-05-03,countries,TH,1
2026-05-03,countries,UA,1
2026-05-03,countries,US,41
2026-05-03,browsers,BingBot,2
2026-05-03,browsers,Chrome,32
2026-05-03,browsers,ChromeMobile,1
2026-05-03,browsers,Edge,3
2026-05-03,browsers,Firefox,8
2026-05-03,browsers,GoogleBot,3
2026-05-03,browsers,MobileSafari,4
2026-05-03,browsers,Opera,2
2026-05-03,browsers,Safari,25
2026-05-03,browsers,Unknown,60
2026-05-03,operating_systems,Android,4
2026-05-03,operating_systems,Linux,1
2026-05-03,operating_systems,MacOSX,32
2026-05-03,operating_systems,Unknown,62
2026-05-03,operating_systems,Windows,37
2026-05-03,operating_systems,iOS,4
2026-05-03,devices,desktop,132
2026-05-03,devices,mobile,8
2026-05-04,totals,visits,94
2026-05-04,pages,/,33
2026-05-04,pages,/contribute,1
2026-05-04,pages,/credits,1
2026-05-04,pages,/license,2
2026-05-04,pages,/railyard,13
2026-05-04,pages,/railyard/browse,7
2026-05-04,pages,/railyard/docs,1
2026-05-04,pages,/railyard/docs/latest/players/github-token,10
2026-05-04,pages,/railyard/docs/v0.1/players/github-token,1
2026-05-04,pages,/railyard/docs/v0.1/players/install-guide-macos,1
2026-05-04,pages,/railyard/docs/v0.2/players/github-token,1
2026-05-04,pages,/railyard/docs/v0.2/players/installing-railyard/linux,1
2026-05-04,pages,/railyard/maps/berlin-val,1
2026-05-04,pages,/railyard/maps/ciudad-de-mexico,1
2026-05-04,pages,/railyard/maps/montreal,1
2026-05-04,pages,/railyard/maps/oklahoma-city,1
2026-05-04,pages,/railyard/maps/warsaw-val,1
2026-05-04,pages,/railyard/mods/kr-ktp,1
2026-05-04,pages,/railyard/mods/simple-trains,1
2026-05-04,pages,/railyard/mods/subwaybuilder-regions,1
2026-05-04,pages,/railyard/mods/subwaybuilder-regions/changelog/v0.4.7,1
2026-05-04,pages,/railyard/mods/transit-overlay,1
2026-05-04,pages,/railyard/mods/valdotoriums-trains,2
2026-05-04,pages,/railyard/updates,1
2026-05-04,pages,/railyard/updates/v0.1.0,1
2026-05-04,pages,/railyard/updates/v0.2.3,1
2026-05-04,pages,/registry,1
2026-05-04,pages,/registry/authors/nzh0172,1
2026-05-04,pages,/registry/maps/dublin,2
2026-05-04,pages,/registry/mods/subwaybuilder-regions,1
2026-05-04,pages,/registry/world-map,1
2026-05-04,pages,/template-mod/docs,1
2026-05-04,countries,BA,1
2026-05-04,countries,BR,1
2026-05-04,countries,CH,4
2026-05-04,countries,CN,3
2026-05-04,countries,CZ,2
2026-05-04,countries,DE,6
2026-05-04,countries,FR,3
2026-05-04,countries,GB,13
2026-05-04,countries,ID,1
2026-05-04,countries,IE,3
2026-05-04,countries,JP,4
2026-05-04,countries,KR,3
2026-05-04,countries,PL,1
2026-05-04,countries,RS,2
2026-05-04,countries,RU,12
2026-05-04,countries,SE,2
2026-05-04,countries,SG,1
2026-05-04,countries,TR,4
2026-05-04,countries,US,28
2026-05-04,browsers,BingBot,4
2026-05-04,browsers,Chrome,30
2026-05-04,browsers,ChromeMobile,1
2026-05-04,browsers,Edge,5
2026-05-04,browsers,Firefox,10
2026-05-04,browsers,GoogleBot,2
2026-05-04,browsers,MobileSafari,4
2026-05-04,browsers,Safari,9
2026-05-04,browsers,Unknown,16
2026-05-04,browsers,YandexBot,13
2026-05-04,operating_systems,Android,3
2026-05-04,operating_systems,Linux,4
2026-05-04,operating_systems,MacOSX,18
2026-05-04,operating_systems,Unknown,33
2026-05-04,operating_systems,Windows,32
2026-05-04,operating_systems,iOS,4
2026-05-04,devices,desktop,86
2026-05-04,devices,mobile,8
2026-05-05,totals,visits,175
2026-05-05,pages,/,34
2026-05-05,pages,/contribute,1
2026-05-05,pages,/credits,5
2026-05-05,pages,/railyard,25
2026-05-05,pages,/railyard/browse,3
2026-05-05,pages,/railyard/docs,2
2026-05-05,pages,/railyard/docs/latest/players/github-token,16
2026-05-05,pages,/railyard/docs/v0.1/players/install-guide-linux,1
2026-05-05,pages,/railyard/docs/v0.2/developers/dependencies,1
2026-05-05,pages,/railyard/docs/v0.2/players/github-token,3
2026-05-05,pages,/railyard/docs/v0.2/players/installing-railyard,1
2026-05-05,pages,/railyard/docs/v0.2/players/profile-management,1
2026-05-05,pages,/railyard/maps/bologna,1
2026-05-05,pages,/railyard/maps/greater-los-angeles,1
2026-05-05,pages,/railyard/maps/guangzhou,2
2026-05-05,pages,/railyard/maps/milan/changelog/1.0.0,1
2026-05-05,pages,/railyard/maps/rome,1
2026-05-05,pages,/railyard/maps/sydney,1
2026-05-05,pages,/railyard/maps/valencia,1
2026-05-05,pages,/railyard/maps/yukina-cz-brno,1
2026-05-05,pages,/railyard/maps/yukina-cz-hradec-pardubice,2
2026-05-05,pages,/railyard/maps/yukina-cz-ustecko-chomutov,1
2026-05-05,pages,/railyard/maps/yukina-pl-wroclaw,1
2026-05-05,pages,/railyard/mods/advanced-analytics,1
2026-05-05,pages,/railyard/mods/citymapper,2
2026-05-05,pages,/railyard/mods/danield1909-dantrains,1
2026-05-05,pages,/railyard/mods/danield1909-dantrains/changelog/v1.0.0,1
2026-05-05,pages,/railyard/mods/network-status,1
2026-05-05,pages,/railyard/mods/transit-overlay,1
2026-05-05,pages,/railyard/mods/valdotoriums-trains,5
2026-05-05,pages,/railyard/updates,1
2026-05-05,pages,/railyard/updates/v0.1.0,1
2026-05-05,pages,/railyard/updates/v0.1.3,1
2026-05-05,pages,/railyard/updates/v0.1.4,1
2026-05-05,pages,/railyard/updates/v0.2.0,1
2026-05-05,pages,/railyard/updates/v0.2.3,1
2026-05-05,pages,/registry,11
2026-05-05,pages,/registry/authors/soccerjonj,1
2026-05-05,pages,/registry/maps/bangkok,1
2026-05-05,pages,/registry/maps/berlin-val,1
2026-05-05,pages,/registry/maps/ciudad-de-mexico,1
2026-05-05,pages,/registry/maps/guangzhou,3
2026-05-05,pages,/registry/maps/jeju-3,1
2026-05-05,pages,/registry/maps/jerusalem,1
2026-05-05,pages,/registry/maps/johor-bahru,1
2026-05-05,pages,/registry/maps/mfn-madisonwi,1
2026-05-05,pages,/registry/maps/orlando,1
2026-05-05,pages,/registry/maps/pulau-pinang,1
2026-05-05,pages,/registry/maps/tampa-bay,1
2026-05-05,pages,/registry/maps/tel-aviv,1
2026-05-05,pages,/registry/maps/valencia,1
2026-05-05,pages,/registry/maps/yukina-asahikawa,1
2026-05-05,pages,/registry/maps/yukina-cz-brno,1
2026-05-05,pages,/registry/maps/yukina-cz-ostrava,1
2026-05-05,pages,/registry/maps/yukina-cz-praha,1
2026-05-05,pages,/registry/maps/yukina-cz-ustecko-chomutov,1
2026-05-05,pages,/registry/maps/yukina-nagoya,1
2026-05-05,pages,/registry/maps/yukina-nakadoori,1
2026-05-05,pages,/registry/maps/yukina-niigata,1
2026-05-05,pages,/registry/maps/yukina-okayama,2
2026-05-05,pages,/registry/maps/yukina-sapporo-chitose,1
2026-05-05,pages,/registry/maps/yukina-tsugaru,1
2026-05-05,pages,/registry/mods/advanced-analytics,1
2026-05-05,pages,/registry/mods/danield1909-dantrains,2
2026-05-05,pages,/registry/mods/game-speedup,2
2026-05-05,pages,/registry/mods/simple-trains,2
2026-05-05,pages,/registry/trending,1
2026-05-05,pages,/template-mod/docs,1
2026-05-05,pages,/template-mod/docs/v1.0/type-reference,1
2026-05-05,pages,/template-mod/updates,1
2026-05-05,pages,/website,1
2026-05-05,countries,AU,6
2026-05-05,countries,BR,4
2026-05-05,countries,CA,4
2026-05-05,countries,CH,12
2026-05-05,countries,CN,1
2026-05-05,countries,DE,11
2026-05-05,countries,ES,2
2026-05-05,countries,FR,1
2026-05-05,countries,GB,18
2026-05-05,countries,HK,1
2026-05-05,countries,IE,1
2026-05-05,countries,IL,1
2026-05-05,countries,KH,1
2026-05-05,countries,NL,2
2026-05-05,countries,PL,1
2026-05-05,countries,RO,3
2026-05-05,countries,SE,2
2026-05-05,countries,SG,1
2026-05-05,countries,SK,2
2026-05-05,countries,US,101
2026-05-05,browsers,BingBot,13
2026-05-05,browsers,Chrome,48
2026-05-05,browsers,ChromeMobile,5
2026-05-05,browsers,Edge,8
2026-05-05,browsers,Firefox,15
2026-05-05,browsers,GoogleBot,27
2026-05-05,browsers,MobileSafari,7
2026-05-05,browsers,MobileSafariWebview,1
2026-05-05,browsers,Opera,7
2026-05-05,browsers,Safari,11
2026-05-05,browsers,SamsungInternet,1
2026-05-05,browsers,Unknown,32
2026-05-05,operating_systems,Android,30
2026-05-05,operating_systems,MacOSX,20
2026-05-05,operating_systems,Unknown,45
2026-05-05,operating_systems,Windows,69
2026-05-05,operating_systems,iOS,11
2026-05-05,devices,desktop,133
2026-05-05,devices,mobile,42
2026-05-06,totals,visits,175
2026-05-06,pages,/,25
2026-05-06,pages,/credits,3
2026-05-06,pages,/railyard,18
2026-05-06,pages,/railyard/browse,7
2026-05-06,pages,/railyard/docs,2
2026-05-06,pages,/railyard/docs/latest/players/github-token,7
2026-05-06,pages,/railyard/docs/v0.1/players/install-guide-macos,2
2026-05-06,pages,/railyard/maps/bucharest-medium,1
2026-05-06,pages,/railyard/maps/buffalo-ny,1
2026-05-06,pages,/railyard/maps/mfn-hamptonroads/changelog/1.4.1,1
2026-05-06,pages,/railyard/maps/singapore-val,1
2026-05-06,pages,/railyard/maps/sydney,1
2026-05-06,pages,/railyard/maps/yukina-cz-ustecko-chomutov,1
2026-05-06,pages,/railyard/mods/advanced-analytics,1
2026-05-06,pages,/railyard/mods/cinematic-camera,1
2026-05-06,pages,/railyard/mods/citymapper,1
2026-05-06,pages,/railyard/mods/distance-circles,1
2026-05-06,pages,/railyard/mods/distance-circles/changelog/0.4.0,2
2026-05-06,pages,/railyard/mods/station-dots,2
2026-05-06,pages,/railyard/mods/subwaybuilder-regions,1
2026-05-06,pages,/railyard/mods/transit-overlay,1
2026-05-06,pages,/railyard/mods/valdotoriums-trains,1
2026-05-06,pages,/railyard/updates/v0.1.2,1
2026-05-06,pages,/railyard/updates/v0.1.3,1
2026-05-06,pages,/railyard/updates/v0.2.0,1
2026-05-06,pages,/railyard/updates/v0.2.2,1
2026-05-06,pages,/registry,6
2026-05-06,pages,/registry/authors/BarKuperman,1
2026-05-06,pages,/registry/authors/Bobby-047,1
2026-05-06,pages,/registry/authors/DanielD1909,1
2026-05-06,pages,/registry/authors/Gio1112,1
2026-05-06,pages,/registry/authors/ahkimn,1
2026-05-06,pages,/registry/authors/crumpetime,1
2026-05-06,pages,/registry/authors/stefanorigano,1
2026-05-06,pages,/registry/map/rome,1
2026-05-06,pages,/registry/maps/berlin-val,1
2026-05-06,pages,/registry/maps/greatertwincities,1
2026-05-06,pages,/registry/maps/jerusalem,1
2026-05-06,pages,/registry/maps/mfn-hamptonroads,1
2026-05-06,pages,/registry/maps/mfn-hong-kong,1
2026-05-06,pages,/registry/maps/mfn-lasvegas,3
2026-05-06,pages,/registry/maps/mfn-madisonwi,1
2026-05-06,pages,/registry/maps/mfn-northwestar,1
2026-05-06,pages,/registry/maps/mfn-rdu,1
2026-05-06,pages,/registry/maps/quebec-city,1
2026-05-06,pages,/registry/maps/singapore-val,1
2026-05-06,pages,/registry/maps/tampa-bay,3
2026-05-06,pages,/registry/maps/tel-aviv,2
2026-05-06,pages,/registry/maps/trondheim-val,1
2026-05-06,pages,/registry/maps/warsaw-val,1
2026-05-06,pages,/registry/maps/yukina-asahikawa,1
2026-05-06,pages,/registry/maps/yukina-cz-ostrava,1
2026-05-06,pages,/registry/maps/yukina-fukuoka,1
2026-05-06,pages,/registry/maps/yukina-hakodate,1
2026-05-06,pages,/registry/maps/yukina-hiroshima-kure,1
2026-05-06,pages,/registry/maps/yukina-kagoshima-kirishima,1
2026-05-06,pages,/registry/maps/yukina-kitakyushu-shimonoseki,1
2026-05-06,pages,/registry/maps/yukina-kobe-akashi,1
2026-05-06,pages,/registry/maps/yukina-kochi,1
2026-05-06,pages,/registry/maps/yukina-kumamoto,1
2026-05-06,pages,/registry/maps/yukina-kyoto,1
2026-05-06,pages,/registry/maps/yukina-matsuyama,1
2026-05-06,pages,/registry/maps/yukina-morioka,1
2026-05-06,pages,/registry/maps/yukina-nagasaki,1
2026-05-06,pages,/registry/maps/yukina-nagoya,1
2026-05-06,pages,/registry/maps/yukina-nakadoori,1
2026-05-06,pages,/registry/maps/yukina-nakaumi,1
2026-05-06,pages,/registry/maps/yukina-niigata,1
2026-05-06,pages,/registry/maps/yukina-northern-kyushu,1
2026-05-06,pages,/registry/maps/yukina-okayama,1
2026-05-06,pages,/registry/maps/yukina-okinawa,1
2026-05-06,pages,/registry/maps/yukina-osaka,1
2026-05-06,pages,/registry/maps/yukina-sapporo-chitose,1
2026-05-06,pages,/registry/maps/yukina-sendai,1
2026-05-06,pages,/registry/maps/yukina-shizuoka-hamamatsu,1
2026-05-06,pages,/registry/maps/yukina-takamatsu,1
2026-05-06,pages,/registry/maps/yukina-tottori,1
2026-05-06,pages,/registry/maps/yukina-toyama,1
2026-05-06,pages,/registry/maps/yukina-tsugaru,1
2026-05-06,pages,/registry/maps/yukina-yamagata,1
2026-05-06,pages,/registry/mods/advanced-analytics,1
2026-05-06,pages,/registry/mods/danield1909-dantrains,1
2026-05-06,pages,/registry/mods/distance-circles,1
2026-05-06,pages,/registry/mods/game-speedup,1
2026-05-06,pages,/registry/mods/network-status,1
2026-05-06,pages,/registry/mods/simple-trains,1
2026-05-06,pages,/registry/mods/valdotoriums-trains,1
2026-05-06,pages,/registry/trending,2
2026-05-06,pages,/registry/world-map,2
2026-05-06,pages,/template-mod,2
2026-05-06,pages,/template-mod/docs,1
2026-05-06,pages,/template-mod/docs/v1.0/common-patterns,1
2026-05-06,pages,/template-mod/docs/v1.0/debugging,2
2026-05-06,pages,/template-mod/docs/v1.0/getting-started,1
2026-05-06,pages,/template-mod/docs/v1.0/project-structure,1
2026-05-06,pages,/template-mod/docs/v1.0/type-reference,1
2026-05-06,pages,/template-mod/updates/v1.0.0,1
2026-05-06,pages,/template-mod/updates/v1.0.1,1
2026-05-06,pages,/website,1
2026-05-06,pages,/website/updates/v1.0.0,1
2026-05-06,pages,/website/updates/v1.0.1,1
2026-05-06,pages,/website/updates/v1.0.2,1
2026-05-06,pages,/website/updates/v1.0.3,1
2026-05-06,countries,AL,1
2026-05-06,countries,AU,10
2026-05-06,countries,BD,2
2026-05-06,countries,BR,1
2026-05-06,countries,CA,4
2026-05-06,countries,CH,1
2026-05-06,countries,CN,1
2026-05-06,countries,CO,1
2026-05-06,countries,DE,45
2026-05-06,countries,FR,5
2026-05-06,countries,GB,1
2026-05-06,countries,HK,1
2026-05-06,countries,ID,3
2026-05-06,countries,IE,1
2026-05-06,countries,IQ,1
2026-05-06,countries,IT,2
2026-05-06,countries,KE,3
2026-05-06,countries,KW,1
2026-05-06,countries,LB,1
2026-05-06,countries,MA,1
2026-05-06,countries,MY,2
2026-05-06,countries,PL,6
2026-05-06,countries,PT,1
2026-05-06,countries,SA,1
2026-05-06,countries,SG,1
2026-05-06,countries,TW,3
2026-05-06,countries,US,48
2026-05-06,countries,UZ,2
2026-05-06,countries,VE,1
2026-05-06,countries,VN,24
2026-05-06,browsers,BingBot,4
2026-05-06,browsers,Chrome,79
2026-05-06,browsers,ChromeMobile,4
2026-05-06,browsers,Edge,1
2026-05-06,browsers,Firefox,5
2026-05-06,browsers,GoogleBot,4
2026-05-06,browsers,MobileSafari,6
2026-05-06,browsers,Opera,1
2026-05-06,browsers,Safari,13
2026-05-06,browsers,SamsungInternet,2
2026-05-06,browsers,Unknown,56
2026-05-06,operating_systems,Android,9
2026-05-06,operating_systems,Linux,1
2026-05-06,operating_systems,MacOSX,41
2026-05-06,operating_systems,Unknown,60
2026-05-06,operating_systems,Windows,57
2026-05-06,operating_systems,iOS,7
2026-05-06,devices,desktop,157
2026-05-06,devices,mobile,18
2026-05-07,totals,visits,91
2026-05-07,pages,/,22
2026-05-07,pages,/credits,1
2026-05-07,pages,/license,1
2026-05-07,pages,/railyard,10
2026-05-07,pages,/railyard/analytics,9
2026-05-07,pages,/railyard/browse,3
2026-05-07,pages,/railyard/docs/latest/players/github-token,10
2026-05-07,pages,/railyard/docs/latest/players/importing-custom-assets,1
2026-05-07,pages,/railyard/docs/v0.1/players,1
2026-05-07,pages,/railyard/docs/v0.2/players/github-token,1
2026-05-07,pages,/railyard/maps/jelegend-tokyo,2
2026-05-07,pages,/railyard/maps/oklahoma-city,1
2026-05-07,pages,/railyard/maps/toronto,1
2026-05-07,pages,/railyard/maps/trondheim-val,1
2026-05-07,pages,/railyard/mods/citymapper,1
2026-05-07,pages,/railyard/mods/danield1909-dantrains/changelog/v1.0.0,1
2026-05-07,pages,/railyard/mods/distance-circles,1
2026-05-07,pages,/railyard/mods/valdotoriums-trains,1
2026-05-07,pages,/registry/map/nashville,1
2026-05-07,pages,/registry/maps/busan-4,1
2026-05-07,pages,/registry/maps/greater-los-angeles,1
2026-05-07,pages,/registry/maps/montreal,1
2026-05-07,pages,/registry/maps/singapore-val,1
2026-05-07,pages,/registry/maps/yukina-cz-plzen,1
2026-05-07,pages,/registry/maps/yukina-hakodate,1
2026-05-07,pages,/registry/maps/yukina-hiroshima-kure,1
2026-05-07,pages,/registry/world-map,1
2026-05-07,pages,/template-mod/docs/v1.0/common-patterns,2
2026-05-07,pages,/template-mod/docs/v1.0/debugging,6
2026-05-07,pages,/template-mod/docs/v1.0/getting-started,2
2026-05-07,pages,/template-mod/docs/v1.0/project-structure,1
2026-05-07,pages,/template-mod/docs/v1.0/react-components,1
2026-05-07,pages,/template-mod/updates/v1.0.1,1
2026-05-07,pages,/website,1
2026-05-07,countries,AU,3
2026-05-07,countries,BR,1
2026-05-07,countries,CA,3
2026-05-07,countries,CL,1
2026-05-07,countries,CZ,1
2026-05-07,countries,DE,4
2026-05-07,countries,FR,2
2026-05-07,countries,GB,11
2026-05-07,countries,IL,3
2026-05-07,countries,NL,1
2026-05-07,countries,PL,2
2026-05-07,countries,SE,1
2026-05-07,countries,SG,6
2026-05-07,countries,SK,1
2026-05-07,countries,T1,1
2026-05-07,countries,TH,1
2026-05-07,countries,US,45
2026-05-07,countries,VN,1
2026-05-07,countries,ZA,3
2026-05-07,browsers,BingBot,3
2026-05-07,browsers,Chrome,30
2026-05-07,browsers,ChromeMobile,9
2026-05-07,browsers,Edge,5
2026-05-07,browsers,GoogleBot,6
2026-05-07,browsers,MobileSafari,15
2026-05-07,browsers,Opera,1
2026-05-07,browsers,OperaMobile,1
2026-05-07,browsers,Safari,1
2026-05-07,browsers,Unknown,20
2026-05-07,operating_systems,Android,15
2026-05-07,operating_systems,Linux,4
2026-05-07,operating_systems,MacOSX,4
2026-05-07,operating_systems,Unknown,23
2026-05-07,operating_systems,Windows,29
2026-05-07,operating_systems,iOS,16
2026-05-07,devices,desktop,60
2026-05-07,devices,mobile,31
2026-05-08,totals,visits,205
2026-05-08,pages,/,46
2026-05-08,pages,/contribute,1
2026-05-08,pages,/credits,1
2026-05-08,pages,/railyard,29
2026-05-08,pages,/railyard/analytics,1
2026-05-08,pages,/railyard/browse,14
2026-05-08,pages,/railyard/docs,3
2026-05-08,pages,/railyard/docs/latest/developers/publishing-projects,2
2026-05-08,pages,/railyard/docs/latest/players/github-token,14
2026-05-08,pages,/railyard/docs/v0.1/players/install-guide-macos,1
2026-05-08,pages,/railyard/docs/v0.2,1
2026-05-08,pages,/railyard/docs/v0.2/developers/data-quality,1
2026-05-08,pages,/railyard/docs/v0.2/players/github-token,2
2026-05-08,pages,/railyard/docs/v0.2/players/installing-railyard/linux,1
2026-05-08,pages,/railyard/docs/v0.2/players/installing-railyard/macos,2
2026-05-08,pages,/railyard/docs/v0.2/players/installing-railyard/windows,4
2026-05-08,pages,/railyard/maps/albany,1
2026-05-08,pages,/railyard/maps/berlin-val,1
2026-05-08,pages,/railyard/maps/greater-los-angeles/changelog/1.1.2,1
2026-05-08,pages,/railyard/maps/helsinki,1
2026-05-08,pages,/railyard/maps/jerusalem,1
2026-05-08,pages,/railyard/maps/johor-bahru,1
2026-05-08,pages,/railyard/maps/mfn-hamptonroads,1
2026-05-08,pages,/railyard/maps/mfn-northwestar,1
2026-05-08,pages,/railyard/maps/monterrey/changelog/1.1.1,1
2026-05-08,pages,/railyard/maps/montreal,1
2026-05-08,pages,/railyard/maps/providence/changelog/1.0.0,1
2026-05-08,pages,/railyard/maps/shanghai,1
2026-05-08,pages,/railyard/maps/trondheim-val,1
2026-05-08,pages,/railyard/maps/vancouver,2
2026-05-08,pages,/railyard/maps/warsaw-val,1
2026-05-08,pages,/railyard/maps/yukina-cz-olomouc,1
2026-05-08,pages,/railyard/maps/yukina-cz-ostrava,1
2026-05-08,pages,/railyard/maps/yukina-cz-plzen,1
2026-05-08,pages,/railyard/maps/yukina-cz-praha,1
2026-05-08,pages,/railyard/maps/yukina-fukuoka,1
2026-05-08,pages,/railyard/maps/yukina-hakodate,1
2026-05-08,pages,/railyard/maps/yukina-hiroshima-kure,1
2026-05-08,pages,/railyard/maps/yukina-kagoshima-kirishima,1
2026-05-08,pages,/railyard/maps/yukina-kochi,1
2026-05-08,pages,/railyard/maps/yukina-kyoto,1
2026-05-08,pages,/railyard/maps/yukina-pl-krakow,2
2026-05-08,pages,/railyard/maps/yukina-sapporo-chitose,1
2026-05-08,pages,/railyard/maps/yukina-takamatsu,1
2026-05-08,pages,/railyard/maps/yukina-tsugaru,1
2026-05-08,pages,/railyard/mods/any-money,1
2026-05-08,pages,/railyard/mods/citymapper,3
2026-05-08,pages,/railyard/mods/citymapper/changelog/v0.2.0,1
2026-05-08,pages,/railyard/mods/distance-circles/changelog/0.4.0,3
2026-05-08,pages,/railyard/mods/game-speedup,1
2026-05-08,pages,/railyard/mods/simple-trains,1
2026-05-08,pages,/railyard/mods/subwaybuilder-regions,1
2026-05-08,pages,/railyard/mods/valdotoriums-trains,3
2026-05-08,pages,/railyard/updates,7
2026-05-08,pages,/railyard/updates/v0.1.5,1
2026-05-08,pages,/railyard/updates/v0.1.6,1
2026-05-08,pages,/railyard/updates/v0.2.0,1
2026-05-08,pages,/registry,1
2026-05-08,pages,/registry/maps/berlin-val,1
2026-05-08,pages,/registry/maps/daegu-4,1
2026-05-08,pages,/registry/maps/greatertwincities,1
2026-05-08,pages,/registry/maps/mfn-hamptonroads,1
2026-05-08,pages,/registry/maps/warsaw-val,1
2026-05-08,pages,/registry/maps/yukina-cz-olomouc,3
2026-05-08,pages,/registry/maps/yukina-kagoshima-kirishima,1
2026-05-08,pages,/registry/maps/yukina-kitakyushu-shimonoseki,1
2026-05-08,pages,/registry/maps/yukina-nakadoori,1
2026-05-08,pages,/registry/maps/yukina-nakaumi,1
2026-05-08,pages,/registry/maps/yukina-northern-kyushu,1
2026-05-08,pages,/registry/maps/yukina-pl-krakow,1
2026-05-08,pages,/registry/maps/yukina-tottori,2
2026-05-08,pages,/registry/mods/advanced-analytics,1
2026-05-08,pages,/registry/mods/any-money,1
2026-05-08,pages,/registry/mods/cinematic-camera,1
2026-05-08,pages,/registry/mods/citymapper,1
2026-05-08,pages,/registry/mods/simple-trains,1
2026-05-08,pages,/template-mod,1
2026-05-08,pages,/template-mod/docs,1
2026-05-08,pages,/template-mod/docs/v1.0/getting-started,1
2026-05-08,pages,/template-mod/updates,1
2026-05-08,pages,/updates/railyard/v0.1.1,1
2026-05-08,countries,AT,3
2026-05-08,countries,BR,1
2026-05-08,countries,CA,5
2026-05-08,countries,CH,3
2026-05-08,countries,CN,3
2026-05-08,countries,CZ,7
2026-05-08,countries,DE,6
2026-05-08,countries,ES,6
2026-05-08,countries,GB,15
2026-05-08,countries,HK,1
2026-05-08,countries,MY,1
2026-05-08,countries,NL,15
2026-05-08,countries,NO,3
2026-05-08,countries,PL,26
2026-05-08,countries,PT,1
2026-05-08,countries,SG,4
2026-05-08,countries,US,105
2026-05-08,browsers,BingBot,7
2026-05-08,browsers,Chrome,53
2026-05-08,browsers,ChromeMobile,3
2026-05-08,browsers,Edge,1
2026-05-08,browsers,Firefox,28
2026-05-08,browsers,GoogleBot,11
2026-05-08,browsers,MobileSafari,22
2026-05-08,browsers,Opera,16
2026-05-08,browsers,Safari,10
2026-05-08,browsers,Unknown,54
2026-05-08,operating_systems,Android,17
2026-05-08,operating_systems,Linux,6
2026-05-08,operating_systems,MacOSX,19
2026-05-08,operating_systems,Unknown,61
2026-05-08,operating_systems,Windows,77
2026-05-08,operating_systems,iOS,25
2026-05-08,devices,desktop,162
2026-05-08,devices,mobile,40
2026-05-08,devices,tablet,3
2026-05-09,totals,visits,626
2026-05-09,pages,/,421
2026-05-09,pages,/contribute,1
2026-05-09,pages,/credits,1
2026-05-09,pages,/docs,1
2026-05-09,pages,/railyard,46
2026-05-09,pages,/railyard/browse,23
2026-05-09,pages,/railyard/docs,4
2026-05-09,pages,/railyard/docs/latest/players/github-token,24
2026-05-09,pages,/railyard/docs/v0.1/developers,1
2026-05-09,pages,/railyard/docs/v0.1/developers/data-quality,2
2026-05-09,pages,/railyard/docs/v0.1/players/install-guide-linux,3
2026-05-09,pages,/railyard/docs/v0.2,1
2026-05-09,pages,/railyard/docs/v0.2/developers/data-quality,1
2026-05-09,pages,/railyard/docs/v0.2/developers/dependencies,1
2026-05-09,pages,/railyard/docs/v0.2/developers/publishing-projects,1
2026-05-09,pages,/railyard/docs/v0.2/players/github-token,18
2026-05-09,pages,/railyard/docs/v0.2/players/importing-custom-assets,1
2026-05-09,pages,/railyard/docs/v0.2/players/installing-railyard/macos,3
2026-05-09,pages,/railyard/maps,1
2026-05-09,pages,/railyard/maps/bangkok,1
2026-05-09,pages,/railyard/maps/ipoh,1
2026-05-09,pages,/railyard/maps/mfn-madisonwi,1
2026-05-09,pages,/railyard/maps/pulau-pinang,1
2026-05-09,pages,/railyard/maps/toronto/changelog/1.0.1,1
2026-05-09,pages,/railyard/maps/toronto/changelog/1.1.3,2
2026-05-09,pages,/railyard/maps/vancouver,1
2026-05-09,pages,/railyard/maps/warsaw-val,1
2026-05-09,pages,/railyard/maps/yukina-nakaumi,1
2026-05-09,pages,/railyard/maps/yukina-okayama,1
2026-05-09,pages,/railyard/maps/yukina-pl-krakow,2
2026-05-09,pages,/railyard/maps/yukina-pl-lodz,1
2026-05-09,pages,/railyard/maps/yukina-pl-wroclaw,1
2026-05-09,pages,/railyard/maps/yukina-yamagata,1
2026-05-09,pages,/railyard/mods/advanced-analytics,1
2026-05-09,pages,/railyard/mods/citymapper,1
2026-05-09,pages,/railyard/mods/distance-circles,1
2026-05-09,pages,/railyard/mods/kr-ktp,6
2026-05-09,pages,/railyard/mods/transit-overlay,1
2026-05-09,pages,/railyard/updates,1
2026-05-09,pages,/railyard/updates/v0.1.0,1
2026-05-09,pages,/registry,1
2026-05-09,pages,/registry/authors/BarKuperman,2
2026-05-09,pages,/registry/authors/Valdotorium,1
2026-05-09,pages,/registry/authors/stefanorigano,1
2026-05-09,pages,/registry/maps/barcelona,1
2026-05-09,pages,/registry/maps/florence,1
2026-05-09,pages,/registry/maps/glasgow-edinburgh,2
2026-05-09,pages,/registry/maps/jerusalem,1
2026-05-09,pages,/registry/maps/madrid,1
2026-05-09,pages,/registry/maps/mfn-hong-kong,1
2026-05-09,pages,/registry/maps/mfn-lasvegas,1
2026-05-09,pages,/registry/maps/milan,1
2026-05-09,pages,/registry/maps/singapore-val,1
2026-05-09,pages,/registry/maps/sydney,1
2026-05-09,pages,/registry/maps/trondheim-val,1
2026-05-09,pages,/registry/maps/yukina-asahikawa,1
2026-05-09,pages,/registry/maps/yukina-fukuoka,1
2026-05-09,pages,/registry/maps/yukina-morioka,1
2026-05-09,pages,/registry/maps/yukina-niigata,1
2026-05-09,pages,/registry/maps/yukina-osaka,1
2026-05-09,pages,/registry/mods/subwaybuilder-regions,2
2026-05-09,pages,/registry/world-map,2
2026-05-09,pages,/template-mod,4
2026-05-09,pages,/template-mod/docs,1
2026-05-09,pages,/template-mod/docs/v1.0/common-patterns,5
2026-05-09,pages,/template-mod/docs/v1.0/project-structure,3
2026-05-09,pages,/template-mod/docs/v1.0/react-components,1
2026-05-09,pages,/template-mod/updates/v1.0.0,1
2026-05-09,pages,/updates,1
2026-05-09,pages,/updates/railyard,1
2026-05-09,pages,/updates/railyard/v0.1.2,1
2026-05-09,pages,/updates/template-mod,1
2026-05-09,countries,AU,8
2026-05-09,countries,BE,385
2026-05-09,countries,CA,14
2026-05-09,countries,CH,1
2026-05-09,countries,DE,4
2026-05-09,countries,DK,6
2026-05-09,countries,ES,1
2026-05-09,countries,FR,4
2026-05-09,countries,GB,21
2026-05-09,countries,ID,2
2026-05-09,countries,IT,12
2026-05-09,countries,KR,5
2026-05-09,countries,NL,1
2026-05-09,countries,NZ,6
2026-05-09,countries,PL,10
2026-05-09,countries,SE,2
2026-05-09,countries,SG,26
2026-05-09,countries,TH,1
2026-05-09,countries,US,117
2026-05-09,browsers,BingBot,12
2026-05-09,browsers,Chrome,77
2026-05-09,browsers,ChromeMobile,2
2026-05-09,browsers,Edge,14
2026-05-09,browsers,Firefox,14
2026-05-09,browsers,GoogleBot,7
2026-05-09,browsers,MobileSafari,25
2026-05-09,browsers,Opera,10
2026-05-09,browsers,Safari,17
2026-05-09,browsers,Unknown,448
2026-05-09,operating_systems,Android,14
2026-05-09,operating_systems,Linux,9
2026-05-09,operating_systems,MacOSX,40
2026-05-09,operating_systems,Unknown,460
2026-05-09,operating_systems,Windows,78
2026-05-09,operating_systems,iOS,25
2026-05-09,devices,desktop,579
2026-05-09,devices,mobile,42
2026-05-09,devices,tablet,5
2026-05-10,totals,visits,147
2026-05-10,pages,/,53
2026-05-10,pages,/credits,1
2026-05-10,pages,/license,2
2026-05-10,pages,/railyard,8
2026-05-10,pages,/railyard/browse,7
2026-05-10,pages,/railyard/docs/latest/players/github-token,9
2026-05-10,pages,/railyard/docs/v0.1/players/github-token,1
2026-05-10,pages,/railyard/docs/v0.1/players/install-guide-macos,3
2026-05-10,pages,/railyard/docs/v0.2/players/github-token,8
2026-05-10,pages,/railyard/docs/v0.2/players/installing-railyard/linux,1
2026-05-10,pages,/railyard/docs/v0.2/players/installing-railyard/windows,1
2026-05-10,pages,/railyard/maps,1
2026-05-10,pages,/railyard/maps/jeju-3/changelog/0.1.1,1
2026-05-10,pages,/railyard/maps/johor-bahru,1
2026-05-10,pages,/railyard/maps/trondheim-val,1
2026-05-10,pages,/railyard/maps/yukina-cz-ustecko-chomutov,1
2026-05-10,pages,/railyard/maps/yukina-cz-ustecko-chomutov/changelog/0.1.0,1
2026-05-10,pages,/railyard/maps/yukina-fukuoka,1
2026-05-10,pages,/railyard/maps/yukina-kitakyushu-shimonoseki,1
2026-05-10,pages,/railyard/maps/yukina-kobe-akashi,1
2026-05-10,pages,/railyard/maps/yukina-kumamoto,1
2026-05-10,pages,/railyard/maps/yukina-nagoya,1
2026-05-10,pages,/railyard/maps/yukina-nakadoori,1
2026-05-10,pages,/railyard/maps/yukina-niigata,1
2026-05-10,pages,/railyard/maps/yukina-osaka,1
2026-05-10,pages,/railyard/maps/yukina-osaka/changelog/0.1.3,1
2026-05-10,pages,/railyard/maps/yukina-sendai,1
2026-05-10,pages,/railyard/maps/yukina-tottori/changelog/0.1.0,1
2026-05-10,pages,/railyard/mods/advanced-analytics,2
2026-05-10,pages,/railyard/mods/game-speedup,1
2026-05-10,pages,/railyard/mods/satellite-overlay,3
2026-05-10,pages,/railyard/mods/simple-trains,1
2026-05-10,pages,/railyard/mods/station-dots,1
2026-05-10,pages,/railyard/mods/transit-overlay/changelog/1.5.1,1
2026-05-10,pages,/railyard/updates/v0.1.2,1
2026-05-10,pages,/railyard/updates/v0.1.4,1
2026-05-10,pages,/registry/maps/bangkok,1
2026-05-10,pages,/registry/maps/greatertwincities,1
2026-05-10,pages,/registry/maps/helsinki,1
2026-05-10,pages,/registry/maps/tel-aviv,2
2026-05-10,pages,/registry/maps/yukina-kochi,1
2026-05-10,pages,/registry/maps/yukina-kumamoto,1
2026-05-10,pages,/registry/maps/yukina-kyoto,1
2026-05-10,pages,/registry/maps/yukina-osaka,2
2026-05-10,pages,/registry/maps/yukina-shizuoka-hamamatsu,1
2026-05-10,pages,/registry/mods/game-speedup,1
2026-05-10,pages,/registry/mods/subwaybuilder-regions,2
2026-05-10,pages,/registry/trending,2
2026-05-10,pages,/registry/world-map,4
2026-05-10,pages,/template-mod/docs/v1.0/type-reference,2
2026-05-10,pages,/updates/template-mod/v1.0.1,1
2026-05-10,pages,/website,2
2026-05-10,countries,AU,2
2026-05-10,countries,CA,1
2026-05-10,countries,CH,7
2026-05-10,countries,CN,1
2026-05-10,countries,CZ,9
2026-05-10,countries,DE,6
2026-05-10,countries,DK,1
2026-05-10,countries,ES,2
2026-05-10,countries,FR,7
2026-05-10,countries,HU,3
2026-05-10,countries,ID,1
2026-05-10,countries,IL,10
2026-05-10,countries,IT,1
2026-05-10,countries,KR,4
2026-05-10,countries,MY,1
2026-05-10,countries,NL,1
2026-05-10,countries,PE,2
2026-05-10,countries,PL,2
2026-05-10,countries,PR,1
2026-05-10,countries,RU,1
2026-05-10,countries,SE,3
2026-05-10,countries,SG,5
2026-05-10,countries,T1,1
2026-05-10,countries,TH,3
2026-05-10,countries,TW,1
2026-05-10,countries,US,72
2026-05-10,browsers,BingBot,11
2026-05-10,browsers,Chrome,50
2026-05-10,browsers,ChromeMobile,3
2026-05-10,browsers,Edge,1
2026-05-10,browsers,Firefox,13
2026-05-10,browsers,GoogleBot,9
2026-05-10,browsers,MobileSafari,13
2026-05-10,browsers,Opera,14
2026-05-10,browsers,Safari,2
2026-05-10,browsers,Unknown,31
2026-05-10,operating_systems,Android,11
2026-05-10,operating_systems,Linux,4
2026-05-10,operating_systems,MacOSX,14
2026-05-10,operating_systems,Unknown,42
2026-05-10,operating_systems,Windows,62
2026-05-10,operating_systems,iOS,14
2026-05-10,devices,desktop,118
2026-05-10,devices,mobile,29
2026-05-11,totals,visits,111
2026-05-11,pages,/,25
2026-05-11,pages,/contribute,1
2026-05-11,pages,/credits,2
2026-05-11,pages,/license,1
2026-05-11,pages,/railyard,17
2026-05-11,pages,/railyard/browse,17
2026-05-11,pages,/railyard/docs,3
2026-05-11,pages,/railyard/docs/latest/players/github-token,8
2026-05-11,pages,/railyard/docs/v0.2/players/github-token,1
2026-05-11,pages,/railyard/maps/bologna,1
2026-05-11,pages,/railyard/maps/cdmx-core,1
2026-05-11,pages,/railyard/maps/naples,2
2026-05-11,pages,/railyard/maps/puebla,1
2026-05-11,pages,/railyard/maps/trondheim-val,1
2026-05-11,pages,/railyard/maps/yukina-cz-brno,1
2026-05-11,pages,/railyard/maps/yukina-hiroshima-kure,1
2026-05-11,pages,/railyard/maps/yukina-kochi,1
2026-05-11,pages,/railyard/maps/yukina-northern-kyushu,1
2026-05-11,pages,/railyard/mods/chinese-trains,5
2026-05-11,pages,/railyard/mods/satellite-overlay,2
2026-05-11,pages,/railyard/mods/simple-trains,2
2026-05-11,pages,/railyard/updates,2
2026-05-11,pages,/railyard/updates/v0.1.0,1
2026-05-11,pages,/railyard/updates/v0.2.3,1
2026-05-11,pages,/registry,2
2026-05-11,pages,/registry/maps/sydney,1
2026-05-11,pages,/registry/mods/simple-trains,2
2026-05-11,pages,/registry/mods/subwaybuilder-regions,1
2026-05-11,pages,/registry/trending,1
2026-05-11,pages,/template-mod,2
2026-05-11,pages,/template-mod/docs,1
2026-05-11,pages,/template-mod/updates,1
2026-05-11,pages,/updates/railyard/v0.1.0,1
2026-05-11,pages,/updates/template-mod/v1.0.0,1
2026-05-11,countries,AR,2
2026-05-11,countries,AU,2
2026-05-11,countries,CA,4
2026-05-11,countries,CH,2
2026-05-11,countries,CN,1
2026-05-11,countries,CZ,1
2026-05-11,countries,DE,1
2026-05-11,countries,ES,2
2026-05-11,countries,FR,2
2026-05-11,countries,GB,6
2026-05-11,countries,HU,1
2026-05-11,countries,ID,3
2026-05-11,countries,IL,1
2026-05-11,countries,IT,1
2026-05-11,countries,NL,7
2026-05-11,countries,NO,7
2026-05-11,countries,SG,1
2026-05-11,countries,US,67
2026-05-11,browsers,BingBot,13
2026-05-11,browsers,Chrome,27
2026-05-11,browsers,ChromeMobile,7
2026-05-11,browsers,Edge,1
2026-05-11,browsers,Firefox,13
2026-05-11,browsers,GoogleBot,14
2026-05-11,browsers,MobileSafari,15
2026-05-11,browsers,Opera,3
2026-05-11,browsers,Safari,2
2026-05-11,browsers,Unknown,16
2026-05-11,operating_systems,Android,20
2026-05-11,operating_systems,Linux,1
2026-05-11,operating_systems,MacOSX,18
2026-05-11,operating_systems,Unknown,29
2026-05-11,operating_systems,Windows,27
2026-05-11,operating_systems,iOS,16
2026-05-11,devices,desktop,75
2026-05-11,devices,mobile,36
2026-05-12,totals,visits,191
2026-05-12,pages,/,70
2026-05-12,pages,/credits,2
2026-05-12,pages,/railyard,30
2026-05-12,pages,/railyard/browse,7
2026-05-12,pages,/railyard/docs,6
2026-05-12,pages,/railyard/docs/latest/players,1
2026-05-12,pages,/railyard/docs/latest/players/github-token,14
2026-05-12,pages,/railyard/docs/v0.2/developers/using-custom-url,1
2026-05-12,pages,/railyard/docs/v0.2/players,1
2026-05-12,pages,/railyard/docs/v0.2/players/github-token,4
2026-05-12,pages,/railyard/docs/v0.2/players/installing-railyard/macos,1
2026-05-12,pages,/railyard/maps/los-angeles-county,1
2026-05-12,pages,/railyard/maps/mfn-hamptonroads,1
2026-05-12,pages,/railyard/maps/mfn-hong-kong,1
2026-05-12,pages,/railyard/maps/oklahoma-city,1
2026-05-12,pages,/railyard/maps/spokane,1
2026-05-12,pages,/railyard/maps/trondheim-val/changelog/1.0.0,1
2026-05-12,pages,/railyard/maps/ulsan-4/changelog/0.1.1,1
2026-05-12,pages,/railyard/maps/yukina-kumamoto,1
2026-05-12,pages,/railyard/maps/yukina-osaka,1
2026-05-12,pages,/railyard/maps/yukina-pl-gdansk,1
2026-05-12,pages,/railyard/maps/yukina-pl-krakow,1
2026-05-12,pages,/railyard/mods/advanced-analytics,2
2026-05-12,pages,/railyard/mods/game-speedup,1
2026-05-12,pages,/railyard/mods/mode-manager,9
2026-05-12,pages,/railyard/updates,5
2026-05-12,pages,/railyard/updates/v0.2.0,3
2026-05-12,pages,/registry/maps/busan-4,1
2026-05-12,pages,/registry/maps/ciudad-de-mexico,1
2026-05-12,pages,/registry/maps/jelegend-tokyo,1
2026-05-12,pages,/registry/maps/yukina-cz-hradec-pardubice,1
2026-05-12,pages,/registry/maps/yukina-cz-ostrava,1
2026-05-12,pages,/registry/maps/yukina-kitakyushu-shimonoseki,1
2026-05-12,pages,/registry/maps/yukina-kyoto,1
2026-05-12,pages,/registry/maps/yukina-nagoya,1
2026-05-12,pages,/registry/mods/citymapper,5
2026-05-12,pages,/registry/mods/mode-manager,3
2026-05-12,pages,/registry/mods/subwaybuilder-regions,1
2026-05-12,pages,/registry/trending,1
2026-05-12,pages,/registry/world-map,2
2026-05-12,pages,/tools/md-playground,1
2026-05-12,pages,/updates/railyard/v0.2.2,1
2026-05-12,countries,AU,1
2026-05-12,countries,BE,20
2026-05-12,countries,BR,2
2026-05-12,countries,CA,7
2026-05-12,countries,CN,1
2026-05-12,countries,DE,4
2026-05-12,countries,ES,9
2026-05-12,countries,GB,16
2026-05-12,countries,HK,1
2026-05-12,countries,IE,1
2026-05-12,countries,IN,4
2026-05-12,countries,IS,4
2026-05-12,countries,IT,3
2026-05-12,countries,KR,1
2026-05-12,countries,MX,7
2026-05-12,countries,MY,1
2026-05-12,countries,NL,3
2026-05-12,countries,NO,1
2026-05-12,countries,PL,5
2026-05-12,countries,SG,1
2026-05-12,countries,TW,1
2026-05-12,countries,UA,2
2026-05-12,countries,US,95
2026-05-12,browsers,AppleBot,1
2026-05-12,browsers,BingBot,10
2026-05-12,browsers,Chrome,71
2026-05-12,browsers,ChromeMobile,6
2026-05-12,browsers,Edge,9
2026-05-12,browsers,Firefox,9
2026-05-12,browsers,FirefoxMobile,1
2026-05-12,browsers,GoogleBot,9
2026-05-12,browsers,MobileSafari,7
2026-05-12,browsers,Opera,3
2026-05-12,browsers,Safari,2
2026-05-12,browsers,Unknown,63
2026-05-12,operating_systems,Android,15
2026-05-12,operating_systems,Linux,3
2026-05-12,operating_systems,MacOSX,31
2026-05-12,operating_systems,Unknown,73
2026-05-12,operating_systems,Windows,60
2026-05-12,operating_systems,iOS,8
2026-05-12,devices,desktop,163
2026-05-12,devices,mobile,28
2026-05-13,totals,visits,75
2026-05-13,pages,/,7
2026-05-13,pages,/credits,2
2026-05-13,pages,/railyard,10
2026-05-13,pages,/railyard/browse,3
2026-05-13,pages,/railyard/docs/latest/players/github-token,7
2026-05-13,pages,/railyard/docs/v0.1/players/install-guide-macos,1
2026-05-13,pages,/railyard/docs/v0.2/developers/dependencies,1
2026-05-13,pages,/railyard/docs/v0.2/players,1
2026-05-13,pages,/railyard/docs/v0.2/players/github-token,7
2026-05-13,pages,/railyard/docs/v0.2/players/installing-railyard,1
2026-05-13,pages,/railyard/docs/v0.2/players/installing-railyard/windows,4
2026-05-13,pages,/railyard/maps,1
2026-05-13,pages,/railyard/maps/bologna,1
2026-05-13,pages,/railyard/maps/cairo,1
2026-05-13,pages,/railyard/maps/glasgow-edinburgh,1
2026-05-13,pages,/railyard/maps/rhode-island,2
2026-05-13,pages,/railyard/maps/toronto,1
2026-05-13,pages,/railyard/maps/yukina-kitakyushu-shimonoseki,1
2026-05-13,pages,/railyard/maps/yukina-kyoto,1
2026-05-13,pages,/railyard/maps/yukina-nakadoori,1
2026-05-13,pages,/railyard/maps/yukina-pl-krakow,1
2026-05-13,pages,/railyard/maps/yukina-pl-wroclaw,1
2026-05-13,pages,/railyard/mods/distance-circles,1
2026-05-13,pages,/railyard/mods/game-speedup,1
2026-05-13,pages,/railyard/mods/satellite-overlay,1
2026-05-13,pages,/railyard/mods/valdotoriums-trains,1
2026-05-13,pages,/railyard/updates/v0.2.0,1
2026-05-13,pages,/registry/maps/dublin,1
2026-05-13,pages,/registry/maps/shenzhen,1
2026-05-13,pages,/registry/maps/sydney,2
2026-05-13,pages,/registry/maps/yukina-hakodate,1
2026-05-13,pages,/registry/mods/distance-circles,3
2026-05-13,pages,/registry/trending,1
2026-05-13,pages,/registry/world-map,1
2026-05-13,pages,/template-mod,1
2026-05-13,pages,/template-mod/docs/v1.0/debugging,1
2026-05-13,pages,/tools/md-playground,1
2026-05-13,pages,/updates/template-mod,1
2026-05-13,countries,AU,2
2026-05-13,countries,CA,10
2026-05-13,countries,CZ,2
2026-05-13,countries,DE,8
2026-05-13,countries,ES,1
2026-05-13,countries,FR,1
2026-05-13,countries,GB,10
2026-05-13,countries,HK,2
2026-05-13,countries,IT,1
2026-05-13,countries,MX,2
2026-05-13,countries,PL,1
2026-05-13,countries,SG,4
2026-05-13,countries,TW,1
2026-05-13,countries,US,30
2026-05-13,browsers,BingBot,8
2026-05-13,browsers,Chrome,22
2026-05-13,browsers,ChromeMobile,1
2026-05-13,browsers,Edge,1
2026-05-13,browsers,Firefox,7
2026-05-13,browsers,GoogleBot,5
2026-05-13,browsers,MobileSafari,4
2026-05-13,browsers,Opera,12
2026-05-13,browsers,Safari,1
2026-05-13,browsers,Unknown,14
2026-05-13,operating_systems,Android,5
2026-05-13,operating_systems,MacOSX,10
2026-05-13,operating_systems,Unknown,22
2026-05-13,operating_systems,Windows,33
2026-05-13,operating_systems,iOS,5
2026-05-13,devices,desktop,63
2026-05-13,devices,mobile,11
2026-05-13,devices,tablet,1
2026-05-14,totals,visits,96
2026-05-14,pages,/,23
2026-05-14,pages,/credits,2
2026-05-14,pages,/railyard,4
2026-05-14,pages,/railyard/analytics,1
2026-05-14,pages,/railyard/browse,2
2026-05-14,pages,/railyard/docs,1
2026-05-14,pages,/railyard/docs/latest/players/github-token,12
2026-05-14,pages,/railyard/docs/v0.1/players,1
2026-05-14,pages,/railyard/docs/v0.2/developers/tagging,4
2026-05-14,pages,/railyard/docs/v0.2/players/github-token,4
2026-05-14,pages,/railyard/docs/v0.2/players/installing-railyard/windows,3
2026-05-14,pages,/railyard/maps/busan-4,1
2026-05-14,pages,/railyard/maps/dayton-oh,1
2026-05-14,pages,/railyard/maps/montreal,2
2026-05-14,pages,/railyard/maps/puebla,1
2026-05-14,pages,/railyard/maps/ulsan-4/changelog/0.1.1,1
2026-05-14,pages,/railyard/maps/yukina-cz-ustecko-chomutov/changelog/0.1.0,1
2026-05-14,pages,/railyard/maps/yukina-fukuoka/changelog/0.5.0,1
2026-05-14,pages,/railyard/maps/yukina-morioka,2
2026-05-14,pages,/railyard/maps/yukina-pl-gdansk,1
2026-05-14,pages,/railyard/mods/chinese-trains,1
2026-05-14,pages,/railyard/mods/game-speedup,1
2026-05-14,pages,/railyard/mods/mode-manager,4
2026-05-14,pages,/railyard/updates,1
2026-05-14,pages,/railyard/updates/v0.1.4,1
2026-05-14,pages,/railyard/updates/v0.2.2,1
2026-05-14,pages,/registry/authors/PSWBSF,1
2026-05-14,pages,/registry/authors/crumpetime,1
2026-05-14,pages,/registry/maps/charleston-sc,1
2026-05-14,pages,/registry/maps/dayton-oh,1
2026-05-14,pages,/registry/maps/johor-bahru,1
2026-05-14,pages,/registry/maps/ulsan-3,1
2026-05-14,pages,/registry/maps/yukina-bydgoszcz-torun,1
2026-05-14,pages,/registry/maps/yukina-cz-brno,1
2026-05-14,pages,/registry/maps/yukina-northern-kyushu,1
2026-05-14,pages,/registry/maps/yukina-pl-szczecin,1
2026-05-14,pages,/registry/mods/advanced-analytics,1
2026-05-14,pages,/registry/mods/chinese-trains,1
2026-05-14,pages,/registry/mods/citymapper,1
2026-05-14,pages,/registry/mods/distance-circles,1
2026-05-14,pages,/registry/mods/mode-manager,1
2026-05-14,pages,/registry/mods/satellite-overlay,1
2026-05-14,pages,/template-mod/docs/v1.0/project-structure,1
2026-05-14,pages,/website/updates,1
2026-05-14,pages,/website/updates/v1.0.3,1
2026-05-14,countries,BA,1
2026-05-14,countries,BE,4
2026-05-14,countries,BR,2
2026-05-14,countries,CA,10
2026-05-14,countries,CN,2
2026-05-14,countries,DE,9
2026-05-14,countries,FR,2
2026-05-14,countries,GB,6
2026-05-14,countries,HK,2
2026-05-14,countries,HU,1
2026-05-14,countries,MX,1
2026-05-14,countries,PT,3
2026-05-14,countries,RU,1
2026-05-14,countries,SG,2
2026-05-14,countries,US,50
2026-05-14,browsers,BingBot,10
2026-05-14,browsers,Chrome,28
2026-05-14,browsers,ChromeMobile,1
2026-05-14,browsers,Firefox,6
2026-05-14,browsers,GoogleBot,4
2026-05-14,browsers,MobileSafari,7
2026-05-14,browsers,Safari,11
2026-05-14,browsers,Unknown,28
2026-05-14,browsers,YandexBot,1
2026-05-14,operating_systems,Android,5
2026-05-14,operating_systems,Linux,1
2026-05-14,operating_systems,MacOSX,12
2026-05-14,operating_systems,Unknown,39
2026-05-14,operating_systems,Windows,32
2026-05-14,operating_systems,iOS,7
2026-05-14,devices,desktop,83
2026-05-14,devices,mobile,13
2026-05-15,totals,visits,153
2026-05-15,pages,/,55
2026-05-15,pages,/credits,1
2026-05-15,pages,/railyard,9
2026-05-15,pages,/railyard/browse,15
2026-05-15,pages,/railyard/docs,1
2026-05-15,pages,/railyard/docs/latest/players/github-token,8
2026-05-15,pages,/railyard/docs/v0.1/players/install-guide-macos,1
2026-05-15,pages,/railyard/docs/v0.2/developers,1
2026-05-15,pages,/railyard/docs/v0.2/players/github-token,3
2026-05-15,pages,/railyard/maps/dubai,1
2026-05-15,pages,/railyard/maps/greater-portland,12
2026-05-15,pages,/railyard/maps/helsinki,1
2026-05-15,pages,/railyard/maps/jelegend-tokyo,1
2026-05-15,pages,/railyard/maps/orange-county,1
2026-05-15,pages,/railyard/maps/seoul-3,1
2026-05-15,pages,/railyard/maps/tel-aviv,1
2026-05-15,pages,/railyard/maps/trondheim-val,1
2026-05-15,pages,/railyard/maps/yukina-cz-plzen/changelog/0.1.0,1
2026-05-15,pages,/railyard/maps/yukina-cz-praha,1
2026-05-15,pages,/railyard/maps/yukina-kyoto,1
2026-05-15,pages,/railyard/maps/yukina-nagasaki,1
2026-05-15,pages,/railyard/maps/yukina-pl-gdansk,1
2026-05-15,pages,/railyard/mods/any-money,1
2026-05-15,pages,/railyard/mods/chinese-trains,1
2026-05-15,pages,/railyard/mods/citymapper,1
2026-05-15,pages,/railyard/mods/mode-manager,3
2026-05-15,pages,/railyard/mods/mode-manager/changelog/v1.1.1,1
2026-05-15,pages,/railyard/updates/v0.1.0,1
2026-05-15,pages,/railyard/updates/v0.1.2,2
2026-05-15,pages,/railyard/updates/v0.2.0,1
2026-05-15,pages,/railyard/updates/v0.2.1,1
2026-05-15,pages,/registry/maps/bangkok,2
2026-05-15,pages,/registry/maps/charleston-huntington-wv,1
2026-05-15,pages,/registry/maps/glasgow-edinburgh,1
2026-05-15,pages,/registry/maps/guangzhou,1
2026-05-15,pages,/registry/maps/shenzhen,1
2026-05-15,pages,/registry/maps/yukina-kyoto,1
2026-05-15,pages,/registry/maps/yukina-morioka,1
2026-05-15,pages,/registry/maps/yukina-nagasaki,1
2026-05-15,pages,/registry/mods/any-money,1
2026-05-15,pages,/registry/mods/cinematic-camera,1
2026-05-15,pages,/registry/mods/danield1909-dantrains,5
2026-05-15,pages,/template-mod/docs,1
2026-05-15,pages,/template-mod/docs/v1.0/common-patterns,1
2026-05-15,pages,/template-mod/docs/v1.0/debugging,1
2026-05-15,pages,/template-mod/docs/v1.0/getting-started,1
2026-05-15,pages,/template-mod/docs/v1.0/project-structure,1
2026-05-15,pages,/template-mod/docs/v1.0/react-components,1
2026-05-15,pages,/template-mod/docs/v1.0/type-reference,1
2026-05-15,countries,AT,1
2026-05-15,countries,BE,4
2026-05-15,countries,BR,1
2026-05-15,countries,CA,5
2026-05-15,countries,CN,18
2026-05-15,countries,CY,1
2026-05-15,countries,CZ,2
2026-05-15,countries,DE,9
2026-05-15,countries,DK,1
2026-05-15,countries,ES,1
2026-05-15,countries,GB,12
2026-05-15,countries,HK,2
2026-05-15,countries,IL,1
2026-05-15,countries,IT,2
2026-05-15,countries,KZ,1
2026-05-15,countries,NL,1
2026-05-15,countries,NZ,1
2026-05-15,countries,PL,9
2026-05-15,countries,SE,2
2026-05-15,countries,SG,1
2026-05-15,countries,SK,5
2026-05-15,countries,T1,1
2026-05-15,countries,US,72
2026-05-15,browsers,BingBot,5
2026-05-15,browsers,Chrome,47
2026-05-15,browsers,ChromeMobile,8
2026-05-15,browsers,Edge,7
2026-05-15,browsers,Firefox,8
2026-05-15,browsers,GoogleBot,11
2026-05-15,browsers,MobileSafari,7
2026-05-15,browsers,Opera,5
2026-05-15,browsers,Safari,4
2026-05-15,browsers,Unknown,51
2026-05-15,operating_systems,Android,20
2026-05-15,operating_systems,Linux,6
2026-05-15,operating_systems,MacOSX,19
2026-05-15,operating_systems,Unknown,56
2026-05-15,operating_systems,Windows,45
2026-05-15,operating_systems,iOS,7
2026-05-15,devices,desktop,116
2026-05-15,devices,mobile,33
2026-05-15,devices,tablet,4
2026-05-16,totals,visits,152
2026-05-16,pages,/,44
2026-05-16,pages,/contribute,1
2026-05-16,pages,/credits,1
2026-05-16,pages,/railyard,9
2026-05-16,pages,/railyard/browse,3
2026-05-16,pages,/railyard/docs,1
2026-05-16,pages,/railyard/docs/latest/players/github-token,16
2026-05-16,pages,/railyard/docs/v0.1/developers/publishing-projects,1
2026-05-16,pages,/railyard/docs/v0.1/developers/using-custom-url,1
2026-05-16,pages,/railyard/docs/v0.1/players/install-guide-macos,1
2026-05-16,pages,/railyard/docs/v0.1/players/install-guide-windows,1
2026-05-16,pages,/railyard/docs/v0.2/developers/tagging,2
2026-05-16,pages,/railyard/docs/v0.2/players,1
2026-05-16,pages,/railyard/docs/v0.2/players/github-token,3
2026-05-16,pages,/railyard/docs/v0.2/players/installing-railyard/windows,3
2026-05-16,pages,/railyard/maps/charleston-sc,1
2026-05-16,pages,/railyard/maps/greater-portland,1
2026-05-16,pages,/railyard/maps/mfn-rdu,1
2026-05-16,pages,/railyard/maps/ulsan-3,1
2026-05-16,pages,/railyard/maps/yukina-cz-brno,1
2026-05-16,pages,/railyard/maps/yukina-cz-plzen,1
2026-05-16,pages,/railyard/maps/yukina-kagoshima-kirishima,1
2026-05-16,pages,/railyard/maps/yukina-takamatsu,1
2026-05-16,pages,/railyard/maps/yukina-toyama,1
2026-05-16,pages,/railyard/mods/advanced-analytics,1
2026-05-16,pages,/railyard/mods/any-money,1
2026-05-16,pages,/railyard/mods/distance-circles,1
2026-05-16,pages,/railyard/mods/mode-manager,1
2026-05-16,pages,/railyard/mods/satellite-overlay,1
2026-05-16,pages,/railyard/mods/subwaybuilder-regions,1
2026-05-16,pages,/railyard/mods/transit-overlay,2
2026-05-16,pages,/railyard/updates/v0.1.5,1
2026-05-16,pages,/registry,1
2026-05-16,pages,/registry/authors/BarKuperman,1
2026-05-16,pages,/registry/authors/stefanorigano,1
2026-05-16,pages,/registry/maps/cdmx-core,1
2026-05-16,pages,/registry/maps/dublin,1
2026-05-16,pages,/registry/maps/garda-lake,2
2026-05-16,pages,/registry/maps/greater-kuala-lumpur,1
2026-05-16,pages,/registry/maps/madrid,1
2026-05-16,pages,/registry/maps/mfn-northwestar,1
2026-05-16,pages,/registry/maps/milan,1
2026-05-16,pages,/registry/maps/naples,1
2026-05-16,pages,/registry/maps/palermo,1
2026-05-16,pages,/registry/maps/pianura-veneta,1
2026-05-16,pages,/registry/maps/puerto-rico,1
2026-05-16,pages,/registry/maps/rome,1
2026-05-16,pages,/registry/maps/trondheim-val,1
2026-05-16,pages,/registry/maps/turin,1
2026-05-16,pages,/registry/maps/yukina-fukuoka,1
2026-05-16,pages,/registry/maps/yukina-hakodate,1
2026-05-16,pages,/registry/maps/yukina-hiroshima-kure,1
2026-05-16,pages,/registry/maps/yukina-kumamoto,1
2026-05-16,pages,/registry/maps/yukina-kyoto,1
2026-05-16,pages,/registry/maps/yukina-morioka,1
2026-05-16,pages,/registry/maps/yukina-okayama,1
2026-05-16,pages,/registry/maps/yukina-okinawa,1
2026-05-16,pages,/registry/maps/yukina-shizuoka-hamamatsu,1
2026-05-16,pages,/registry/maps/yukina-toyama,1
2026-05-16,pages,/registry/mods/station-dots,2
2026-05-16,pages,/registry/mods/transit-overlay,1
2026-05-16,pages,/registry/mods/valdotoriums-trains,1
2026-05-16,pages,/registry/world-map,2
2026-05-16,pages,/template-mod/docs,1
2026-05-16,pages,/tools/md-playground,2
2026-05-16,pages,/updates/railyard,1
2026-05-16,pages,/updates/railyard/v0.1.3,1
2026-05-16,pages,/updates/template-mod,1
2026-05-16,pages,/website,1
2026-05-16,pages,/website/updates,1
2026-05-16,pages,/website/updates/v1.0.1,1
2026-05-16,pages,/website/updates/v1.0.2,1
2026-05-16,pages,/website/updates/v1.0.3,1
2026-05-16,countries,AU,1
2026-05-16,countries,BE,1
2026-05-16,countries,CA,9
2026-05-16,countries,CH,2
2026-05-16,countries,CZ,7
2026-05-16,countries,DK,5
2026-05-16,countries,FI,1
2026-05-16,countries,FR,1
2026-05-16,countries,GB,1
2026-05-16,countries,IL,2
2026-05-16,countries,IT,2
2026-05-16,countries,JP,1
2026-05-16,countries,KR,1
2026-05-16,countries,NL,4
2026-05-16,countries,PL,1
2026-05-16,countries,PT,3
2026-05-16,countries,RU,4
2026-05-16,countries,SE,7
2026-05-16,countries,SG,3
2026-05-16,countries,TR,1
2026-05-16,countries,UA,1
2026-05-16,countries,US,93
2026-05-16,browsers,BingBot,9
2026-05-16,browsers,Chrome,26
2026-05-16,browsers,ChromeMobile,2
2026-05-16,browsers,Edge,10
2026-05-16,browsers,Firefox,24
2026-05-16,browsers,GoogleBot,12
2026-05-16,browsers,MobileSafari,2
2026-05-16,browsers,Opera,6
2026-05-16,browsers,Safari,1
2026-05-16,browsers,Unknown,54
2026-05-16,browsers,YandexBot,5
2026-05-16,operating_systems,Android,15
2026-05-16,operating_systems,Linux,2
2026-05-16,operating_systems,MacOSX,5
2026-05-16,operating_systems,Unknown,68
2026-05-16,operating_systems,Windows,59
2026-05-16,operating_systems,iOS,2
2026-05-16,devices,desktop,132
2026-05-16,devices,mobile,18
2026-05-16,devices,tablet,1
2026-05-17,totals,visits,168
2026-05-17,pages,/,17
2026-05-17,pages,/contribute,2
2026-05-17,pages,/credits,7
2026-05-17,pages,/license,1
2026-05-17,pages,/railyard,11
2026-05-17,pages,/railyard/browse,4
2026-05-17,pages,/railyard/docs,1
2026-05-17,pages,/railyard/docs/latest/players/github-token,15
2026-05-17,pages,/railyard/docs/v0.1/players/install-guide-windows,1
2026-05-17,pages,/railyard/docs/v0.2/developers/dependencies,1
2026-05-17,pages,/railyard/docs/v0.2/developers/publishing-projects,1
2026-05-17,pages,/railyard/docs/v0.2/players/github-token,12
2026-05-17,pages,/railyard/docs/v0.2/players/installing-railyard/linux,2
2026-05-17,pages,/railyard/docs/v0.2/players/installing-railyard/macos,2
2026-05-17,pages,/railyard/docs/v0.2/players/installing-railyard/windows,1
2026-05-17,pages,/railyard/maps/berlin-val,1
2026-05-17,pages,/railyard/maps/charleston-sc,1
2026-05-17,pages,/railyard/maps/garda-lake,1
2026-05-17,pages,/railyard/maps/guadalajara,1
2026-05-17,pages,/railyard/maps/tijuana-san-diego,7
2026-05-17,pages,/railyard/maps/toronto,2
2026-05-17,pages,/railyard/maps/vancouver,3
2026-05-17,pages,/railyard/maps/yukina-cz-plzen,1
2026-05-17,pages,/railyard/maps/yukina-northern-kyushu,1
2026-05-17,pages,/railyard/mods/chinese-trains,1
2026-05-17,pages,/railyard/mods/mode-manager,1
2026-05-17,pages,/railyard/mods/satellite-overlay,4
2026-05-17,pages,/railyard/mods/subwaybuilder-regions,5
2026-05-17,pages,/railyard/updates/v0.2.2,1
2026-05-17,pages,/railyard/updates/v0.2.3,1
2026-05-17,pages,/registry,4
2026-05-17,pages,/registry/author/WillBarouch,3
2026-05-17,pages,/registry/authors/rslurry,1
2026-05-17,pages,/registry/authors/stefanorigano,1
2026-05-17,pages,/registry/maps,1
2026-05-17,pages,/registry/maps/barcelona,1
2026-05-17,pages,/registry/maps/ciudad-de-mexico,4
2026-05-17,pages,/registry/maps/dublin,1
2026-05-17,pages,/registry/maps/greater-los-angeles,5
2026-05-17,pages,/registry/maps/greater-portland,1
2026-05-17,pages,/registry/maps/ipoh,1
2026-05-17,pages,/registry/maps/johor-bahru,1
2026-05-17,pages,/registry/maps/mfn-hamptonroads,1
2026-05-17,pages,/registry/maps/mfn-hong-kong,1
2026-05-17,pages,/registry/maps/mfn-madisonwi,1
2026-05-17,pages,/registry/maps/orange-county,6
2026-05-17,pages,/registry/maps/puerto-rico,3
2026-05-17,pages,/registry/maps/rochester,3
2026-05-17,pages,/registry/maps/toronto,2
2026-05-17,pages,/registry/maps/valencia,2
2026-05-17,pages,/registry/maps/yukina-asahikawa,1
2026-05-17,pages,/registry/maps/yukina-hakodate,1
2026-05-17,pages,/registry/maps/yukina-nagoya,1
2026-05-17,pages,/registry/maps/yukina-nakaumi,1
2026-05-17,pages,/registry/maps/yukina-okayama,1
2026-05-17,pages,/registry/maps/yukina-pl-lublin,1
2026-05-17,pages,/registry/mods/station-dots,1
2026-05-17,pages,/registry/mods/transit-overlay,3
2026-05-17,pages,/registry/trending,1
2026-05-17,pages,/registry/world-map,2
2026-05-17,pages,/updates/template-mod/v1.0.1,1
2026-05-17,pages,/website,1
2026-05-17,pages,/website/updates/v1.0.0,1
2026-05-17,countries,AT,1
2026-05-17,countries,AU,8
2026-05-17,countries,BR,2
2026-05-17,countries,CA,6
2026-05-17,countries,CN,4
2026-05-17,countries,CZ,2
2026-05-17,countries,DE,3
2026-05-17,countries,ES,1
2026-05-17,countries,GB,6
2026-05-17,countries,IE,1
2026-05-17,countries,IL,1
2026-05-17,countries,IT,2
2026-05-17,countries,JP,1
2026-05-17,countries,NL,4
2026-05-17,countries,SE,1
2026-05-17,countries,SG,5
2026-05-17,countries,T1,1
2026-05-17,countries,TW,1
2026-05-17,countries,US,68
2026-05-17,countries,VN,50
2026-05-17,browsers,BingBot,9
2026-05-17,browsers,Chrome,36
2026-05-17,browsers,ChromeMobile,2
2026-05-17,browsers,Chromium,2
2026-05-17,browsers,Edge,14
2026-05-17,browsers,Firefox,7
2026-05-17,browsers,GoogleBot,5
2026-05-17,browsers,MobileSafari,7
2026-05-17,browsers,Opera,10
2026-05-17,browsers,Safari,12
2026-05-17,browsers,Unknown,64
2026-05-17,operating_systems,Android,7
2026-05-17,operating_systems,Linux,9
2026-05-17,operating_systems,MacOSX,24
2026-05-17,operating_systems,Unknown,73
2026-05-17,operating_systems,Windows,48
2026-05-17,operating_systems,iOS,7
2026-05-17,devices,desktop,151
2026-05-17,devices,mobile,16
2026-05-17,devices,tablet,1
2026-05-18,totals,visits,92
2026-05-18,pages,/,38
2026-05-18,pages,/railyard,7
2026-05-18,pages,/railyard/browse,4
2026-05-18,pages,/railyard/docs,1
2026-05-18,pages,/railyard/docs/latest/players/github-token,4
2026-05-18,pages,/railyard/docs/v0.2/players/github-token,5
2026-05-18,pages,/railyard/docs/v0.2/players/installing-railyard/windows,2
2026-05-18,pages,/railyard/maps/bucharest-medium,1
2026-05-18,pages,/railyard/maps/dayton-oh,1
2026-05-18,pages,/railyard/maps/guangzhou/changelog/1.1.0,1
2026-05-18,pages,/railyard/maps/south-florida,1
2026-05-18,pages,/railyard/maps/vancouver,1
2026-05-18,pages,/railyard/maps/yukina-cz-brno,1
2026-05-18,pages,/railyard/maps/yukina-cz-liberec-jablonec,4
2026-05-18,pages,/railyard/maps/yukina-kitakyushu-shimonoseki/changelog/0.5.0,1
2026-05-18,pages,/railyard/mods,1
2026-05-18,pages,/railyard/mods/advanced-analytics,1
2026-05-18,pages,/railyard/mods/mode-manager,1
2026-05-18,pages,/railyard/updates,2
2026-05-18,pages,/railyard/updates/v0.2.2,4
2026-05-18,pages,/registry/authors/kaicardenas0618,1
2026-05-18,pages,/registry/maps/yukina-cz-olomouc,1
2026-05-18,pages,/registry/maps/yukina-niigata,1
2026-05-18,pages,/registry/maps/yukina-pl-gdansk,1
2026-05-18,pages,/registry/mods/subwaybuilder-regions,3
2026-05-18,pages,/registry/world-map,4
2026-05-18,countries,AU,11
2026-05-18,countries,BA,1
2026-05-18,countries,BE,1
2026-05-18,countries,BR,1
2026-05-18,countries,CA,2
2026-05-18,countries,ES,3
2026-05-18,countries,FR,1
2026-05-18,countries,HK,5
2026-05-18,countries,HU,3
2026-05-18,countries,IE,3
2026-05-18,countries,IT,4
2026-05-18,countries,KR,2
2026-05-18,countries,NL,2
2026-05-18,countries,PL,2
2026-05-18,countries,SE,2
2026-05-18,countries,SG,2
2026-05-18,countries,US,47
2026-05-18,browsers,BingBot,10
2026-05-18,browsers,Chrome,32
2026-05-18,browsers,ChromeMobile,2
2026-05-18,browsers,Edge,5
2026-05-18,browsers,Firefox,8
2026-05-18,browsers,GoogleBot,5
2026-05-18,browsers,MobileSafari,11
2026-05-18,browsers,Safari,7
2026-05-18,browsers,Unknown,12
2026-05-18,operating_systems,Android,6
2026-05-18,operating_systems,Linux,2
2026-05-18,operating_systems,MacOSX,25
2026-05-18,operating_systems,Unknown,23
2026-05-18,operating_systems,Windows,25
2026-05-18,operating_systems,iOS,11
2026-05-18,devices,desktop,74
2026-05-18,devices,mobile,18
2026-05-19,totals,visits,141
2026-05-19,pages,/,34
2026-05-19,pages,/credits,1
2026-05-19,pages,/railyard,20
2026-05-19,pages,/railyard/browse,8
2026-05-19,pages,/railyard/docs/latest/players/github-token,14
2026-05-19,pages,/railyard/docs/v0.1/players/install-guide-macos,1
2026-05-19,pages,/railyard/docs/v0.2/developers/data-quality,1
2026-05-19,pages,/railyard/docs/v0.2/players,1
2026-05-19,pages,/railyard/docs/v0.2/players/github-token,5
2026-05-19,pages,/railyard/docs/v0.2/players/importing-custom-assets,2
2026-05-19,pages,/railyard/docs/v0.2/players/installing-railyard,1
2026-05-19,pages,/railyard/maps/amsterdam/changelog/1.0.0,1
2026-05-19,pages,/railyard/maps/barcelona,2
2026-05-19,pages,/railyard/maps/charleston-huntington-wv,1
2026-05-19,pages,/railyard/maps/greater-baltimore,1
2026-05-19,pages,/railyard/maps/greater-newyork,1
2026-05-19,pages,/railyard/maps/gwangju-3,1
2026-05-19,pages,/railyard/maps/mexicali,1
2026-05-19,pages,/railyard/maps/rhode-island,1
2026-05-19,pages,/railyard/maps/trondheim-val,1
2026-05-19,pages,/railyard/maps/warsaw-val,5
2026-05-19,pages,/railyard/maps/yukina-cz-ceske-budejovice,1
2026-05-19,pages,/railyard/maps/yukina-cz-liberec-jablonec,2
2026-05-19,pages,/railyard/maps/yukina-cz-ostrava,1
2026-05-19,pages,/railyard/maps/yukina-morioka,1
2026-05-19,pages,/railyard/maps/yukina-pl-bialystok,1
2026-05-19,pages,/railyard/maps/yukina-pl-katowice-gzm,1
2026-05-19,pages,/railyard/maps/yukina-pl-warszawa,1
2026-05-19,pages,/railyard/maps/yukina-pl-wroclaw,1
2026-05-19,pages,/railyard/mods/any-money,1
2026-05-19,pages,/railyard/mods/cinematic-camera,1
2026-05-19,pages,/railyard/mods/citymapper/changelog/v0.2.0,1
2026-05-19,pages,/railyard/mods/distance-circles,1
2026-05-19,pages,/railyard/mods/mode-manager,1
2026-05-19,pages,/railyard/mods/station-dots,1
2026-05-19,pages,/railyard/mods/valdotoriums-trains/changelog/v0.1.7,1
2026-05-19,pages,/registry,1
2026-05-19,pages,/registry/maps/barcelona,1
2026-05-19,pages,/registry/maps/greater-los-angeles,1
2026-05-19,pages,/registry/maps/jacksonville,1
2026-05-19,pages,/registry/maps/knoxville,1
2026-05-19,pages,/registry/maps/mexicali,1
2026-05-19,pages,/registry/maps/providence,1
2026-05-19,pages,/registry/maps/rhode-island,1
2026-05-19,pages,/registry/maps/seoul-3,1
2026-05-19,pages,/registry/maps/sydney,1
2026-05-19,pages,/registry/maps/tri-cities,1
2026-05-19,pages,/registry/maps/valencia,1
2026-05-19,pages,/registry/maps/yukina-cz-ostrava,2
2026-05-19,pages,/registry/mods/satellite-overlay,1
2026-05-19,pages,/registry/mods/tathan-casino,1
2026-05-19,pages,/template-mod,1
2026-05-19,pages,/template-mod/docs,3
2026-05-19,pages,/updates/template-mod,2
2026-05-19,countries,AT,1
2026-05-19,countries,AU,3
2026-05-19,countries,BR,1
2026-05-19,countries,CH,6
2026-05-19,countries,CY,1
2026-05-19,countries,CZ,1
2026-05-19,countries,DE,7
2026-05-19,countries,DK,2
2026-05-19,countries,ES,9
2026-05-19,countries,FR,1
2026-05-19,countries,GB,16
2026-05-19,countries,HU,2
2026-05-19,countries,IN,1
2026-05-19,countries,IT,3
2026-05-19,countries,LT,1
2026-05-19,countries,NL,9
2026-05-19,countries,NZ,1
2026-05-19,countries,SE,2
2026-05-19,countries,SG,3
2026-05-19,countries,US,74
2026-05-19,browsers,AppleBot,1
2026-05-19,browsers,BingBot,15
2026-05-19,browsers,Chrome,33
2026-05-19,browsers,ChromeMobile,7
2026-05-19,browsers,Edge,3
2026-05-19,browsers,Firefox,7
2026-05-19,browsers,GoogleBot,16
2026-05-19,browsers,MobileSafari,17
2026-05-19,browsers,Opera,3
2026-05-19,browsers,Safari,5
2026-05-19,browsers,SamsungInternet,2
2026-05-19,browsers,Unknown,35
2026-05-19,operating_systems,Android,22
2026-05-19,operating_systems,MacOSX,15
2026-05-19,operating_systems,Unknown,50
2026-05-19,operating_systems,Windows,34
2026-05-19,operating_systems,iOS,20
2026-05-19,devices,desktop,94
2026-05-19,devices,mobile,50
2026-05-20,totals,visits,81
2026-05-20,pages,/,26
2026-05-20,pages,/railyard,5
2026-05-20,pages,/railyard/browse,1
2026-05-20,pages,/railyard/docs/latest/players/github-token,7
2026-05-20,pages,/railyard/docs/v0.2/developers/tagging,1
2026-05-20,pages,/railyard/docs/v0.2/players,1
2026-05-20,pages,/railyard/docs/v0.2/players/github-token,5
2026-05-20,pages,/railyard/maps/busan-4/changelog/0.2.0,1
2026-05-20,pages,/railyard/maps/calgary/changelog/1.0.1,1
2026-05-20,pages,/railyard/maps/charleston-huntington-wv,1
2026-05-20,pages,/railyard/maps/montreal,1
2026-05-20,pages,/railyard/maps/tijuana-san-diego,1
2026-05-20,pages,/railyard/maps/toronto/changelog/1.0.1,1
2026-05-20,pages,/railyard/maps/yukina-cz-ceske-budejovice,1
2026-05-20,pages,/railyard/maps/yukina-kochi/changelog/0.4.0,1
2026-05-20,pages,/railyard/maps/yukina-osaka,1
2026-05-20,pages,/railyard/maps/yukina-pl-bialystok,1
2026-05-20,pages,/railyard/maps/yukina-pl-poznan,1
2026-05-20,pages,/railyard/maps/yukina-pl-szczecin,2
2026-05-20,pages,/railyard/maps/yukina-takamatsu,1
2026-05-20,pages,/railyard/maps/yukina-tottori/changelog/0.1.0,1
2026-05-20,pages,/railyard/mods/advanced-analytics,1
2026-05-20,pages,/railyard/mods/game-speedup,1
2026-05-20,pages,/railyard/mods/station-dots,1
2026-05-20,pages,/registry,1
2026-05-20,pages,/registry/authors/nzh0172,1
2026-05-20,pages,/registry/maps/cdmx-core,1
2026-05-20,pages,/registry/maps/daejeon-4,1
2026-05-20,pages,/registry/maps/madrid,1
2026-05-20,pages,/registry/maps/providence,1
2026-05-20,pages,/registry/maps/rochester,1
2026-05-20,pages,/registry/maps/sacramento,2
2026-05-20,pages,/registry/maps/tri-cities,1
2026-05-20,pages,/registry/maps/yukina-cz-plzen,1
2026-05-20,pages,/registry/maps/yukina-pl-warszawa,1
2026-05-20,pages,/registry/maps/yukina-sapporo-chitose,1
2026-05-20,pages,/registry/mods,1
2026-05-20,pages,/registry/mods/satellite-overlay,1
2026-05-20,pages,/registry/mods/simple-trains,1
2026-05-20,pages,/template-mod/docs/v1.0/react-components,1
2026-05-20,countries,AR,1
2026-05-20,countries,BR,1
2026-05-20,countries,CA,2
2026-05-20,countries,CN,1
2026-05-20,countries,DE,7
2026-05-20,countries,ES,1
2026-05-20,countries,FR,1
2026-05-20,countries,GB,5
2026-05-20,countries,IN,1
2026-05-20,countries,MX,1
2026-05-20,countries,NL,2
2026-05-20,countries,TN,1
2026-05-20,countries,US,57
2026-05-20,browsers,BingBot,8
2026-05-20,browsers,Chrome,21
2026-05-20,browsers,Edge,1
2026-05-20,browsers,Firefox,9
2026-05-20,browsers,GoogleBot,14
2026-05-20,browsers,MobileSafari,3
2026-05-20,browsers,Opera,1
2026-05-20,browsers,Unknown,23
2026-05-20,operating_systems,Android,14
2026-05-20,operating_systems,MacOSX,3
2026-05-20,operating_systems,Unknown,32
2026-05-20,operating_systems,Windows,29
2026-05-20,operating_systems,iOS,3
2026-05-20,devices,desktop,60
2026-05-20,devices,mobile,21
2026-05-21,totals,visits,108
2026-05-21,pages,/,26
2026-05-21,pages,/railyard,13
2026-05-21,pages,/railyard/analytics,1
2026-05-21,pages,/railyard/browse,3
2026-05-21,pages,/railyard/docs,1
2026-05-21,pages,/railyard/docs/latest/players/github-token,12
2026-05-21,pages,/railyard/docs/v0.1/players,1
2026-05-21,pages,/railyard/docs/v0.2/developers/tagging,3
2026-05-21,pages,/railyard/docs/v0.2/players/github-token,1
2026-05-21,pages,/railyard/maps/baltimore-dc-corridor,1
2026-05-21,pages,/railyard/maps/berlin-val,1
2026-05-21,pages,/railyard/maps/bucharest-medium,1
2026-05-21,pages,/railyard/maps/buffalo-ny,1
2026-05-21,pages,/railyard/maps/busan-4/changelog/0.2.0,1
2026-05-21,pages,/railyard/maps/greater-baltimore,1
2026-05-21,pages,/railyard/maps/jelegend-tokyo/changelog/v0.5.0,1
2026-05-21,pages,/railyard/maps/knoxville,1
2026-05-21,pages,/railyard/maps/madrid,1
2026-05-21,pages,/railyard/maps/montreal,2
2026-05-21,pages,/railyard/maps/orange-county,1
2026-05-21,pages,/railyard/maps/seoul-4,1
2026-05-21,pages,/railyard/maps/seoul-4/changelog/0.1.1,1
2026-05-21,pages,/railyard/maps/shanghai,1
2026-05-21,pages,/railyard/maps/tel-aviv,1
2026-05-21,pages,/railyard/maps/tel-aviv/changelog/v1.2.0,1
2026-05-21,pages,/railyard/maps/toronto,1
2026-05-21,pages,/railyard/maps/yukina-cz-praha,1
2026-05-21,pages,/railyard/maps/yukina-pl-katowice-gzm,1
2026-05-21,pages,/railyard/maps/yukina-pl-krakow,1
2026-05-21,pages,/railyard/maps/yukina-pl-rzeszow,1
2026-05-21,pages,/railyard/mods/distance-circles/changelog/0.4.0,1
2026-05-21,pages,/railyard/mods/game-speedup,1
2026-05-21,pages,/railyard/mods/mode-manager/changelog/v1.1.1,1
2026-05-21,pages,/railyard/mods/transit-overlay,1
2026-05-21,pages,/railyard/updates,1
2026-05-21,pages,/railyard/updates/v0.2.2,1
2026-05-21,pages,/registry,3
2026-05-21,pages,/registry/authors/Gio1112,1
2026-05-21,pages,/registry/authors/Valdotorium,1
2026-05-21,pages,/registry/maps/barcelona,1
2026-05-21,pages,/registry/maps/bilbao,1
2026-05-21,pages,/registry/maps/dublin,1
2026-05-21,pages,/registry/maps/greater-baltimore,1
2026-05-21,pages,/registry/maps/madrid,1
2026-05-21,pages,/registry/maps/mexicali,1
2026-05-21,pages,/registry/maps/mfn-rdu,1
2026-05-21,pages,/registry/maps/saltillo,1
2026-05-21,pages,/registry/maps/ulsan-3,1
2026-05-21,pages,/registry/maps/valencia,1
2026-05-21,pages,/registry/maps/yukina-takamatsu,1
2026-05-21,pages,/registry/mods/distance-circles,1
2026-05-21,pages,/registry/world-map,1
2026-05-21,pages,/template-mod/docs/v1.0/getting-started,1
2026-05-21,countries,BE,5
2026-05-21,countries,CA,9
2026-05-21,countries,CN,4
2026-05-21,countries,DE,5
2026-05-21,countries,ES,1
2026-05-21,countries,GB,4
2026-05-21,countries,IL,2
2026-05-21,countries,IN,2
2026-05-21,countries,LV,1
2026-05-21,countries,NL,3
2026-05-21,countries,SG,1
2026-05-21,countries,US,71
2026-05-21,browsers,BingBot,15
2026-05-21,browsers,Chrome,26
2026-05-21,browsers,ChromeMobile,2
2026-05-21,browsers,Edge,5
2026-05-21,browsers,Firefox,13
2026-05-21,browsers,GoogleBot,14
2026-05-21,browsers,MobileSafari,7
2026-05-21,browsers,Safari,1
2026-05-21,browsers,Unknown,25
2026-05-21,operating_systems,Android,17
2026-05-21,operating_systems,Linux,3
2026-05-21,operating_systems,MacOSX,11
2026-05-21,operating_systems,Unknown,40
2026-05-21,operating_systems,Windows,28
2026-05-21,operating_systems,iOS,9
2026-05-21,devices,desktop,81
2026-05-21,devices,mobile,27
2026-05-22,totals,visits,136
2026-05-22,pages,/,35
2026-05-22,pages,/contribute,1
2026-05-22,pages,/credits,1
2026-05-22,pages,/docs,1
2026-05-22,pages,/railyard,21
2026-05-22,pages,/railyard/browse,10
2026-05-22,pages,/railyard/docs/latest/players/github-token,12
2026-05-22,pages,/railyard/docs/latest/players/importing-custom-assets,1
2026-05-22,pages,/railyard/docs/v0.1/developers/data-quality,2
2026-05-22,pages,/railyard/docs/v0.2/players/github-token,2
2026-05-22,pages,/railyard/maps/ciudad-juarez-el-paso/changelog/1.0.0,1
2026-05-22,pages,/railyard/maps/colorado-ski-country,2
2026-05-22,pages,/railyard/maps/daejeon-3/changelog/0.2.0,1
2026-05-22,pages,/railyard/maps/greater-los-angeles,3
2026-05-22,pages,/railyard/maps/greater-newyork,1
2026-05-22,pages,/railyard/maps/greater-portland,1
2026-05-22,pages,/railyard/maps/mfn-lasvegas,1
2026-05-22,pages,/railyard/maps/rhode-island,1
2026-05-22,pages,/railyard/maps/seoul-3/changelog/0.1.0,1
2026-05-22,pages,/railyard/maps/yukina-cz-hradec-pardubice,1
2026-05-22,pages,/railyard/maps/yukina-hiroshima-kure/changelog/0.2.0,1
2026-05-22,pages,/railyard/maps/yukina-pl-krakow,1
2026-05-22,pages,/railyard/maps/yukina-pl-rzeszow,1
2026-05-22,pages,/railyard/maps/yukina-sapporo-chitose/changelog/0.4.0,1
2026-05-22,pages,/railyard/mods/advanced-analytics,1
2026-05-22,pages,/railyard/mods/danield1909-dantrains,1
2026-05-22,pages,/railyard/mods/satellite-overlay,1
2026-05-22,pages,/railyard/mods/tod,5
2026-05-22,pages,/railyard/updates,1
2026-05-22,pages,/railyard/updates/v0.1.0,3
2026-05-22,pages,/railyard/updates/v0.1.2,1
2026-05-22,pages,/registry/authors/soccerjonj,1
2026-05-22,pages,/registry/maps/bangkok,1
2026-05-22,pages,/registry/maps/berlin-val,1
2026-05-22,pages,/registry/maps/daejeon-3,1
2026-05-22,pages,/registry/maps/genoa,1
2026-05-22,pages,/registry/maps/greater-newyork,1
2026-05-22,pages,/registry/maps/ipoh,1
2026-05-22,pages,/registry/maps/madrid,1
2026-05-22,pages,/registry/maps/mfn-madisonwi,1
2026-05-22,pages,/registry/maps/singapore-val,1
2026-05-22,pages,/registry/maps/south-florida,1
2026-05-22,pages,/registry/maps/yukina-cz-praha,1
2026-05-22,pages,/registry/maps/yukina-pl-lublin,1
2026-05-22,pages,/registry/maps/yukina-pl-rzeszow,1
2026-05-22,pages,/template-mod,1
2026-05-22,pages,/template-mod/docs/v1.0/common-patterns,1
2026-05-22,pages,/template-mod/docs/v1.0/getting-started,1
2026-05-22,pages,/template-mod/docs/v1.0/react-components,1
2026-05-22,pages,/template-mod/docs/v1.0/type-reference,1
2026-05-22,pages,/updates/template-mod/v1.0.1,1
2026-05-22,countries,AU,1
2026-05-22,countries,BA,4
2026-05-22,countries,CA,6
2026-05-22,countries,CN,3
2026-05-22,countries,DE,14
2026-05-22,countries,FR,5
2026-05-22,countries,GB,7
2026-05-22,countries,IN,1
2026-05-22,countries,NL,1
2026-05-22,countries,NZ,3
2026-05-22,countries,PT,1
2026-05-22,countries,SG,5
2026-05-22,countries,TW,1
2026-05-22,countries,US,84
2026-05-22,browsers,BingBot,11
2026-05-22,browsers,Chrome,32
2026-05-22,browsers,ChromeMobile,2
2026-05-22,browsers,Edge,12
2026-05-22,browsers,Firefox,10
2026-05-22,browsers,GoogleBot,16
2026-05-22,browsers,MobileSafari,19
2026-05-22,browsers,Safari,5
2026-05-22,browsers,Unknown,29
2026-05-22,operating_systems,Android,17
2026-05-22,operating_systems,Linux,6
2026-05-22,operating_systems,MacOSX,13
2026-05-22,operating_systems,Unknown,40
2026-05-22,operating_systems,Windows,40
2026-05-22,operating_systems,iOS,20
2026-05-22,devices,desktop,97
2026-05-22,devices,mobile,40
2026-05-23,totals,visits,143
2026-05-23,pages,/,34
2026-05-23,pages,/contribute,1
2026-05-23,pages,/credits,2
2026-05-23,pages,/docs,1
2026-05-23,pages,/railyard,15
2026-05-23,pages,/railyard/browse,4
2026-05-23,pages,/railyard/docs,1
2026-05-23,pages,/railyard/docs/latest/players/github-token,5
2026-05-23,pages,/railyard/docs/v0.1/developers/data-quality,1
2026-05-23,pages,/railyard/docs/v0.1/developers/using-custom-url,1
2026-05-23,pages,/railyard/docs/v0.1/players/github-token,1
2026-05-23,pages,/railyard/docs/v0.1/players/install-guide-macos,1
2026-05-23,pages,/railyard/docs/v0.2/players/github-token,4
2026-05-23,pages,/railyard/docs/v0.2/players/importing-custom-assets,1
2026-05-23,pages,/railyard/docs/v0.2/players/installing-railyard/macos,2
2026-05-23,pages,/railyard/docs/v0.2/players/installing-railyard/windows,1
2026-05-23,pages,/railyard/maps/bucharest-medium,1
2026-05-23,pages,/railyard/maps/catania,1
2026-05-23,pages,/railyard/maps/charleston-huntington-wv/changelog/1.0.0,1
2026-05-23,pages,/railyard/maps/genoa,1
2026-05-23,pages,/railyard/maps/greater-los-angeles,1
2026-05-23,pages,/railyard/maps/greater-los-angeles/changelog/1.1.1,1
2026-05-23,pages,/railyard/maps/montreal,1
2026-05-23,pages,/railyard/maps/riviera-romagnola,1
2026-05-23,pages,/railyard/maps/sydney,1
2026-05-23,pages,/railyard/maps/trondheim-no,1
2026-05-23,pages,/railyard/maps/yukina-cz-hradec-pardubice,1
2026-05-23,pages,/railyard/maps/yukina-cz-liberec-jablonec,1
2026-05-23,pages,/railyard/maps/yukina-kitakyushu-shimonoseki/changelog/0.5.0,1
2026-05-23,pages,/railyard/maps/yukina-osaka,1
2026-05-23,pages,/railyard/maps/yukina-pl-gdansk,1
2026-05-23,pages,/railyard/maps/yukina-pl-poznan,1
2026-05-23,pages,/railyard/maps/yukina-tottori,1
2026-05-23,pages,/railyard/mods/any-money,1
2026-05-23,pages,/railyard/mods/distance-circles,1
2026-05-23,pages,/railyard/mods/tod,1
2026-05-23,pages,/registry,1
2026-05-23,pages,/registry/authors/stefanorigano,1
2026-05-23,pages,/registry/map/greater-kuala-lumpur,1
2026-05-23,pages,/registry/maps/barcelona,1
2026-05-23,pages,/registry/maps/bologna,1
2026-05-23,pages,/registry/maps/ciudad-de-mexico,1
2026-05-23,pages,/registry/maps/greater-los-angeles,6
2026-05-23,pages,/registry/maps/madrid,1
2026-05-23,pages,/registry/maps/mfn-hong-kong,1
2026-05-23,pages,/registry/maps/mfn-lasvegas,1
2026-05-23,pages,/registry/maps/mfn-northwestar,1
2026-05-23,pages,/registry/maps/milan,1
2026-05-23,pages,/registry/maps/pianura-emiliana,1
2026-05-23,pages,/registry/maps/pianura-veneta,1
2026-05-23,pages,/registry/maps/rome,1
2026-05-23,pages,/registry/maps/sejong-3,1
2026-05-23,pages,/registry/maps/trondheim-val,1
2026-05-23,pages,/registry/maps/yukina-bydgoszcz-torun,1
2026-05-23,pages,/registry/maps/yukina-cz-hradec-pardubice,1
2026-05-23,pages,/registry/maps/yukina-cz-liberec-jablonec,1
2026-05-23,pages,/registry/maps/yukina-kumamoto,1
2026-05-23,pages,/registry/maps/yukina-okayama,1
2026-05-23,pages,/registry/maps/yukina-okinawa,1
2026-05-23,pages,/registry/maps/yukina-pl-bialystok,1
2026-05-23,pages,/registry/maps/yukina-pl-lublin,1
2026-05-23,pages,/registry/maps/yukina-pl-rzeszow,1
2026-05-23,pages,/registry/maps/yukina-pl-wroclaw,1
2026-05-23,pages,/registry/mods/station-dots,3
2026-05-23,pages,/registry/mods/subwaybuilder-regions,2
2026-05-23,pages,/registry/world-map,1
2026-05-23,pages,/template-mod,2
2026-05-23,pages,/template-mod/docs/v1.0/getting-started,4
2026-05-23,pages,/template-mod/docs/v1.0/type-reference,1
2026-05-23,pages,/website/updates,1
2026-05-23,pages,/website/updates/v1.0.1,1
2026-05-23,pages,/website/updates/v1.0.3,1
2026-05-23,countries,BE,2
2026-05-23,countries,CA,11
2026-05-23,countries,CN,1
2026-05-23,countries,CZ,5
2026-05-23,countries,DE,5
2026-05-23,countries,ES,1
2026-05-23,countries,FR,6
2026-05-23,countries,GB,5
2026-05-23,countries,HK,1
2026-05-23,countries,KR,2
2026-05-23,countries,MX,1
2026-05-23,countries,NL,3
2026-05-23,countries,PL,1
2026-05-23,countries,PT,3
2026-05-23,countries,RU,1
2026-05-23,countries,SG,5
2026-05-23,countries,TH,2
2026-05-23,countries,US,86
2026-05-23,countries,VN,2
2026-05-23,browsers,BingBot,14
2026-05-23,browsers,Chrome,44
2026-05-23,browsers,ChromeMobile,5
2026-05-23,browsers,Edge,8
2026-05-23,browsers,Firefox,3
2026-05-23,browsers,GoogleBot,8
2026-05-23,browsers,MobileSafari,10
2026-05-23,browsers,Opera,3
2026-05-23,browsers,Safari,1
2026-05-23,browsers,Unknown,47
2026-05-23,operating_systems,Android,12
2026-05-23,operating_systems,Linux,1
2026-05-23,operating_systems,MacOSX,28
2026-05-23,operating_systems,Unknown,61
2026-05-23,operating_systems,Windows,30
2026-05-23,operating_systems,iOS,11
2026-05-23,devices,desktop,120
2026-05-23,devices,mobile,23
2026-05-24,totals,visits,261
2026-05-24,pages,/,61
2026-05-24,pages,/credits,7
2026-05-24,pages,/railyard,39
2026-05-24,pages,/railyard/browse,15
2026-05-24,pages,/railyard/docs,3
2026-05-24,pages,/railyard/docs/latest/players/github-token,12
2026-05-24,pages,/railyard/docs/v0.1/players/install-guide-macos,1
2026-05-24,pages,/railyard/docs/v0.2,2
2026-05-24,pages,/railyard/docs/v0.2/developers/publishing-projects,1
2026-05-24,pages,/railyard/docs/v0.2/players,2
2026-05-24,pages,/railyard/docs/v0.2/players/github-token,13
2026-05-24,pages,/railyard/docs/v0.2/players/installing-railyard,1
2026-05-24,pages,/railyard/docs/v0.2/players/installing-railyard/linux,1
2026-05-24,pages,/railyard/docs/v0.2/players/installing-railyard/macos,1
2026-05-24,pages,/railyard/docs/v0.2/players/installing-railyard/windows,7
2026-05-24,pages,/railyard/maps/akron-oh/changelog/v1.0.0,1
2026-05-24,pages,/railyard/maps/barcelona,2
2026-05-24,pages,/railyard/maps/bologna,1
2026-05-24,pages,/railyard/maps/bucharest-medium,2
2026-05-24,pages,/railyard/maps/buffalo-ny,1
2026-05-24,pages,/railyard/maps/daejeon-3/changelog/0.1.0,1
2026-05-24,pages,/railyard/maps/dublin,2
2026-05-24,pages,/railyard/maps/florence,1
2026-05-24,pages,/railyard/maps/greater-kuala-lumpur,1
2026-05-24,pages,/railyard/maps/greater-newyork,2
2026-05-24,pages,/railyard/maps/guadalajara/changelog/1.1.0,1
2026-05-24,pages,/railyard/maps/incheon-4/changelog/0.1.0,1
2026-05-24,pages,/railyard/maps/jacksonville,2
2026-05-24,pages,/railyard/maps/jeju-3/changelog/0.1.0,2
2026-05-24,pages,/railyard/maps/jelegend-tokyo/changelog/v0.5.0,2
2026-05-24,pages,/railyard/maps/madrid,2
2026-05-24,pages,/railyard/maps/mfn-hamptonroads/changelog/1.4.1,1
2026-05-24,pages,/railyard/maps/mfn-rdu,1
2026-05-24,pages,/railyard/maps/warsaw-val,1
2026-05-24,pages,/railyard/maps/yukina-cz-brno,1
2026-05-24,pages,/railyard/maps/yukina-cz-olomouc,1
2026-05-24,pages,/railyard/maps/yukina-cz-plzen,1
2026-05-24,pages,/railyard/maps/yukina-cz-praha,1
2026-05-24,pages,/railyard/maps/yukina-morioka,1
2026-05-24,pages,/railyard/maps/yukina-osaka/changelog/0.1.2,1
2026-05-24,pages,/railyard/maps/yukina-pl-gdansk,1
2026-05-24,pages,/railyard/maps/yukina-pl-krakow,1
2026-05-24,pages,/railyard/maps/yukina-pl-lodz,2
2026-05-24,pages,/railyard/maps/yukina-pl-lublin,1
2026-05-24,pages,/railyard/maps/yukina-pl-warszawa,1
2026-05-24,pages,/railyard/maps/zurich,2
2026-05-24,pages,/railyard/maps/zurich/changelog/v1.1.0,2
2026-05-24,pages,/railyard/mods/chinese-trains,1
2026-05-24,pages,/railyard/mods/cinematic-camera/changelog/v1.2.1,1
2026-05-24,pages,/railyard/mods/citymapper,1
2026-05-24,pages,/railyard/mods/danield1909-dantrains,2
2026-05-24,pages,/railyard/mods/kr-ktp,1
2026-05-24,pages,/railyard/mods/subwaybuilder-regions,1
2026-05-24,pages,/railyard/mods/tod,3
2026-05-24,pages,/railyard/updates,4
2026-05-24,pages,/railyard/updates/v0.1.2,1
2026-05-24,pages,/railyard/updates/v0.2.0,1
2026-05-24,pages,/railyard/updates/v0.2.3,1
2026-05-24,pages,/registry,1
2026-05-24,pages,/registry/author/Valdotorium,1
2026-05-24,pages,/registry/authors/chasemanning040911-afk,1
2026-05-24,pages,/registry/maps/barcelona,1
2026-05-24,pages,/registry/maps/berlin-val,1
2026-05-24,pages,/registry/maps/dublin,2
2026-05-24,pages,/registry/maps/madrid,2
2026-05-24,pages,/registry/maps/valencia,1
2026-05-24,pages,/registry/maps/yukina-pl-gdansk,1
2026-05-24,pages,/registry/maps/yukina-pl-lodz,1
2026-05-24,pages,/registry/maps/zurich,2
2026-05-24,pages,/registry/mods/advanced-analytics,1
2026-05-24,pages,/registry/mods/citymapper,1
2026-05-24,pages,/registry/mods/tod,4
2026-05-24,pages,/registry/world-map,1
2026-05-24,pages,/template-mod/docs/v1.0/getting-started,2
2026-05-24,pages,/template-mod/docs/v1.0/type-reference,3
2026-05-24,pages,/template-mod/updates/v1.0.1,1
2026-05-24,pages,/updates/railyard/v0.1.4,5
2026-05-24,pages,/website/updates/v1.0.0,2
2026-05-24,pages,/website/updates/v1.0.1,1
2026-05-24,countries,AT,2
2026-05-24,countries,AU,3
2026-05-24,countries,BA,3
2026-05-24,countries,BE,1
2026-05-24,countries,CA,19
2026-05-24,countries,CN,3
2026-05-24,countries,CZ,3
2026-05-24,countries,DE,9
2026-05-24,countries,ES,4
2026-05-24,countries,FR,5
2026-05-24,countries,GB,28
2026-05-24,countries,GR,3
2026-05-24,countries,HK,1
2026-05-24,countries,HU,3
2026-05-24,countries,ID,2
2026-05-24,countries,IL,13
2026-05-24,countries,IN,4
2026-05-24,countries,IT,1
2026-05-24,countries,KR,10
2026-05-24,countries,NL,2
2026-05-24,countries,PK,1
2026-05-24,countries,PL,9
2026-05-24,countries,RO,2
2026-05-24,countries,SE,1
2026-05-24,countries,SG,3
2026-05-24,countries,T1,1
2026-05-24,countries,TW,10
2026-05-24,countries,US,115
2026-05-24,browsers,BingBot,20
2026-05-24,browsers,Chrome,87
2026-05-24,browsers,ChromeMobile,10
2026-05-24,browsers,Curl,1
2026-05-24,browsers,Edge,13
2026-05-24,browsers,Firefox,29
2026-05-24,browsers,GoogleBot,18
2026-05-24,browsers,MobileSafari,17
2026-05-24,browsers,Opera,8
2026-05-24,browsers,Safari,11
2026-05-24,browsers,Unknown,47
2026-05-24,operating_systems,Android,26
2026-05-24,operating_systems,ChromeOS,1
2026-05-24,operating_systems,Linux,9
2026-05-24,operating_systems,MacOSX,27
2026-05-24,operating_systems,Unknown,69
2026-05-24,operating_systems,Windows,110
2026-05-24,operating_systems,iOS,19
2026-05-24,devices,desktop,214
2026-05-24,devices,mobile,46
2026-05-24,devices,tablet,1
2026-05-25,totals,visits,171
2026-05-25,pages,/,49
2026-05-25,pages,/railyard,23
2026-05-25,pages,/railyard/browse,4
2026-05-25,pages,/railyard/docs,3
2026-05-25,pages,/railyard/docs/latest/players/github-token,10
2026-05-25,pages,/railyard/docs/v0.1/developers/publishing-projects,1
2026-05-25,pages,/railyard/docs/v0.2/players/country-flag-emojis,1
2026-05-25,pages,/railyard/docs/v0.2/players/installing-railyard/macos,2
2026-05-25,pages,/railyard/maps,2
2026-05-25,pages,/railyard/maps/barcelona,1
2026-05-25,pages,/railyard/maps/greater-newyork,1
2026-05-25,pages,/railyard/maps/jelegend-tokyo,1
2026-05-25,pages,/railyard/maps/los-angeles-county,1
2026-05-25,pages,/railyard/maps/madrid,1
2026-05-25,pages,/railyard/maps/saltillo/changelog/1.0.0,1
2026-05-25,pages,/railyard/maps/sejong-4,1
2026-05-25,pages,/railyard/maps/yukina-cz-hradec-pardubice,1
2026-05-25,pages,/railyard/maps/yukina-cz-ustecko-chomutov,3
2026-05-25,pages,/railyard/maps/yukina-osaka,1
2026-05-25,pages,/railyard/maps/yukina-pl-poznan,1
2026-05-25,pages,/railyard/maps/yukina-tw-chiayi,1
2026-05-25,pages,/railyard/mods,1
2026-05-25,pages,/railyard/mods/advanced-analytics,2
2026-05-25,pages,/railyard/mods/danield1909-dantrains,1
2026-05-25,pages,/railyard/mods/subwaybuilder-regions,1
2026-05-25,pages,/railyard/mods/tathan-casino,1
2026-05-25,pages,/railyard/mods/tod,21
2026-05-25,pages,/railyard/mods/transit-overlay,1
2026-05-25,pages,/railyard/updates/v0.2.0,1
2026-05-25,pages,/registry,1
2026-05-25,pages,/registry/author/Valdotorium,1
2026-05-25,pages,/registry/map/singapore-val,1
2026-05-25,pages,/registry/map/warsaw-val,1
2026-05-25,pages,/registry/maps/barcelona,1
2026-05-25,pages,/registry/maps/greater-los-angeles,2
2026-05-25,pages,/registry/maps/yukina-cz-ceske-budejovice,4
2026-05-25,pages,/registry/maps/yukina-cz-olomouc,2
2026-05-25,pages,/registry/maps/yukina-cz-ustecko-chomutov,1
2026-05-25,pages,/registry/maps/yukina-okinawa,1
2026-05-25,pages,/registry/maps/yukina-osaka,1
2026-05-25,pages,/registry/maps/yukina-pl-bialystok,2
2026-05-25,pages,/registry/maps/yukina-pl-gdansk,1
2026-05-25,pages,/registry/maps/yukina-pl-szczecin,1
2026-05-25,pages,/registry/maps/yukina-pl-warszawa,1
2026-05-25,pages,/registry/maps/yukina-sapporo-chitose,1
2026-05-25,pages,/registry/maps/yukina-sendai,1
2026-05-25,pages,/registry/maps/yukina-shizuoka-hamamatsu,1
2026-05-25,pages,/registry/mod/valdotoriums-trains,1
2026-05-25,pages,/registry/mods/cinematic-camera,1
2026-05-25,pages,/registry/mods/tod,2
2026-05-25,pages,/registry/mods/transit-overlay,1
2026-05-25,pages,/template-mod/docs,1
2026-05-25,pages,/template-mod/docs/v1.0/debugging,1
2026-05-25,pages,/updates/railyard/v0.2.2,1
2026-05-25,pages,/website,1
2026-05-25,countries,AU,1
2026-05-25,countries,BA,3
2026-05-25,countries,CA,19
2026-05-25,countries,CN,2
2026-05-25,countries,DE,27
2026-05-25,countries,DK,3
2026-05-25,countries,ES,3
2026-05-25,countries,FR,1
2026-05-25,countries,GB,2
2026-05-25,countries,IN,2
2026-05-25,countries,IT,1
2026-05-25,countries,MX,1
2026-05-25,countries,NL,5
2026-05-25,countries,NO,4
2026-05-25,countries,PL,6
2026-05-25,countries,PT,1
2026-05-25,countries,SA,1
2026-05-25,countries,SE,6
2026-05-25,countries,SG,1
2026-05-25,countries,TH,1
2026-05-25,countries,TR,2
2026-05-25,countries,US,78
2026-05-25,countries,VN,1
2026-05-25,browsers,BingBot,15
2026-05-25,browsers,Chrome,57
2026-05-25,browsers,ChromeMobile,11
2026-05-25,browsers,Edge,3
2026-05-25,browsers,Firefox,14
2026-05-25,browsers,GoogleBot,10
2026-05-25,browsers,MobileSafari,10
2026-05-25,browsers,Opera,6
2026-05-25,browsers,Safari,4
2026-05-25,browsers,SamsungInternet,1
2026-05-25,browsers,Unknown,40
2026-05-25,operating_systems,Android,18
2026-05-25,operating_systems,ChromeOS,1
2026-05-25,operating_systems,Linux,6
2026-05-25,operating_systems,MacOSX,23
2026-05-25,operating_systems,Unknown,55
2026-05-25,operating_systems,Windows,54
2026-05-25,operating_systems,iOS,14
2026-05-25,devices,desktop,138
2026-05-25,devices,mobile,31
2026-05-25,devices,tablet,2
