{"type":"FeatureCollection","features":[{"type":"Feature","properties":{"jobs":425,"pop":48,"pointCount":1,"homeWorkCommuteMedian":12519,"workHomeCommuteMedian":12375},"geometry":{"type":"Polygon","coordinates":[[[127.07765971452473,36.3991611672648],[127.07765971452473,36.40815437090205],[127.08665291816197,36.40815437090205],[127.08665291816197,36.3991611672648],[127.07765971452473,36.3991611672648]]]}},{"type":"Feature","properties":{"jobs":2139,"pop":428,"pointCount":1,"homeWorkCommuteMedian":7564,"workHomeCommuteMedian":9319},"geometry":{"type":"Polygon","coordinates":[[[127.07765971452473,36.40815437090205],[127.07765971452473,36.41714757453929],[127.08665291816197,36.41714757453929],[127.08665291816197,36.40815437090205],[127.07765971452473,36.40815437090205]]]}},{"type":"Feature","properties":{"jobs":1326,"pop":129,"pointCount":1,"homeWorkCommuteMedian":6951,"workHomeCommuteMedian":8231},"geometry":{"type":"Polygon","coordinates":[[[127.07765971452473,36.45312038908828],[127.07765971452473,36.46211359272552],[127.08665291816197,36.46211359272552],[127.08665291816197,36.45312038908828],[127.07765971452473,36.45312038908828]]]}},{"type":"Feature","properties":{"jobs":1989,"pop":260,"pointCount":1,"homeWorkCommuteMedian":7208,"workHomeCommuteMedian":7058},"geometry":{"type":"Polygon","coordinates":[[[127.07765971452473,36.480100000000014],[127.07765971452473,36.48909320363726],[127.08665291816197,36.48909320363726],[127.08665291816197,36.480100000000014],[127.07765971452473,36.480100000000014]]]}},{"type":"Feature","properties":{"jobs":2215,"pop":304,"pointCount":1,"homeWorkCommuteMedian":10546,"workHomeCommuteMedian":9601},"geometry":{"type":"Polygon","coordinates":[[[127.07765971452473,36.516072814549],[127.07765971452473,36.525066018186244],[127.08665291816197,36.525066018186244],[127.08665291816197,36.516072814549],[127.07765971452473,36.516072814549]]]}},{"type":"Feature","properties":{"jobs":146,"pop":91,"pointCount":1,"homeWorkCommuteMedian":38552,"workHomeCommuteMedian":-1},"geometry":{"type":"Polygon","coordinates":[[[127.07765971452473,36.57902524000972],[127.07765971452473,36.588018443646966],[127.08665291816197,36.588018443646966],[127.08665291816197,36.57902524000972],[127.07765971452473,36.57902524000972]]]}},{"type":"Feature","properties":{"jobs":404,"pop":46,"pointCount":1,"homeWorkCommuteMedian":12513,"workHomeCommuteMedian":10659},"geometry":{"type":"Polygon","coordinates":[[[127.08665291816197,36.38117475999031],[127.08665291816197,36.390167963627555],[127.09564612179922,36.390167963627555],[127.09564612179922,36.38117475999031],[127.08665291816197,36.38117475999031]]]}},{"type":"Feature","properties":{"jobs":2170,"pop":672,"pointCount":1,"homeWorkCommuteMedian":8536,"workHomeCommuteMedian":9041},"geometry":{"type":"Polygon","coordinates":[[[127.08665291816197,36.40815437090205],[127.08665291816197,36.41714757453929],[127.09564612179922,36.41714757453929],[127.09564612179922,36.40815437090205],[127.08665291816197,36.40815437090205]]]}},{"type":"Feature","properties":{"jobs":786,"pop":0,"pointCount":1,"homeWorkCommuteMedian":-1,"workHomeCommuteMedian":10205},"geometry":{"type":"Polygon","coordinates":[[[127.08665291816197,36.41714757453929],[127.08665291816197,36.42614077817654],[127.09564612179922,36.42614077817654],[127.09564612179922,36.41714757453929],[127.08665291816197,36.41714757453929]]]}},{"type":"Feature","properties":{"jobs":849,"pop":0,"pointCount":1,"homeWorkCommuteMedian":-1,"workHomeCommuteMedian":7433},"geometry":{"type":"Polygon","coordinates":[[[127.08665291816197,36.435133981813784],[127.08665291816197,36.44412718545103],[127.09564612179922,36.44412718545103],[127.09564612179922,36.435133981813784],[127.08665291816197,36.435133981813784]]]}},{"type":"Feature","properties":{"jobs":912,"pop":0,"pointCount":1,"homeWorkCommuteMedian":-1,"workHomeCommuteMedian":7121},"geometry":{"type":"Polygon","coordinates":[[[127.08665291816197,36.480100000000014],[127.08665291816197,36.48909320363726],[127.09564612179922,36.48909320363726],[127.09564612179922,36.480100000000014],[127.08665291816197,36.480100000000014]]]}},{"type":"Feature","properties":{"jobs":69,"pop":200,"pointCount":1,"homeWorkCommuteMedian":5507,"workHomeCommuteMedian":-1},"geometry":{"type":"Polygon","coordinates":[[[127.08665291816197,36.60600485092146],[127.08665291816197,36.614998054558704],[127.09564612179922,36.614998054558704],[127.09564612179922,36.60600485092146],[127.08665291816197,36.60600485092146]]]}},{"type":"Feature","properties":{"jobs":652,"pop":17,"pointCount":1,"homeWorkCommuteMedian":36803,"workHomeCommuteMedian":69024},"geometry":{"type":"Polygon","coordinates":[[[127.09564612179922,36.32721553816683],[127.09564612179922,36.33620874180408],[127.10463932543647,36.33620874180408],[127.10463932543647,36.32721553816683],[127.09564612179922,36.32721553816683]]]}},{"type":"Feature","properties":{"jobs":321,"pop":21,"pointCount":1,"homeWorkCommuteMedian":7845,"workHomeCommuteMedian":-1},"geometry":{"type":"Polygon","coordinates":[[[127.09564612179922,36.36318835271582],[127.09564612179922,36.37218155635306],[127.10463932543647,36.37218155635306],[127.10463932543647,36.36318835271582],[127.09564612179922,36.36318835271582]]]}},{"type":"Feature","properties":{"jobs":1446,"pop":0,"pointCount":2,"homeWorkCommuteMedian":-1,"workHomeCommuteMedian":13194},"geometry":{"type":"Polygon","coordinates":[[[127.09564612179922,36.3991611672648],[127.09564612179922,36.40815437090205],[127.10463932543647,36.40815437090205],[127.10463932543647,36.3991611672648],[127.09564612179922,36.3991611672648]]]}},{"type":"Feature","properties":{"jobs":1981,"pop":22,"pointCount":2,"homeWorkCommuteMedian":6502,"workHomeCommuteMedian":10012},"geometry":{"type":"Polygon","coordinates":[[[127.09564612179922,36.40815437090205],[127.09564612179922,36.41714757453929],[127.10463932543647,36.41714757453929],[127.10463932543647,36.40815437090205],[127.09564612179922,36.40815437090205]]]}},{"type":"Feature","properties":{"jobs":3051,"pop":679,"pointCount":2,"homeWorkCommuteMedian":5325,"workHomeCommuteMedian":7995},"geometry":{"type":"Polygon","coordinates":[[[127.09564612179922,36.41714757453929],[127.09564612179922,36.42614077817654],[127.10463932543647,36.42614077817654],[127.10463932543647,36.41714757453929],[127.09564612179922,36.41714757453929]]]}},{"type":"Feature","properties":{"jobs":1122,"pop":66,"pointCount":1,"homeWorkCommuteMedian":6021,"workHomeCommuteMedian":6795},"geometry":{"type":"Polygon","coordinates":[[[127.09564612179922,36.44412718545103],[127.09564612179922,36.45312038908828],[127.10463932543647,36.45312038908828],[127.10463932543647,36.44412718545103],[127.09564612179922,36.44412718545103]]]}},{"type":"Feature","properties":{"jobs":847,"pop":0,"pointCount":1,"homeWorkCommuteMedian":-1,"workHomeCommuteMedian":7531},"geometry":{"type":"Polygon","coordinates":[[[127.09564612179922,36.45312038908828],[127.09564612179922,36.46211359272552],[127.10463932543647,36.46211359272552],[127.10463932543647,36.45312038908828],[127.09564612179922,36.45312038908828]]]}},{"type":"Feature","properties":{"jobs":34,"pop":0,"pointCount":1,"homeWorkCommuteMedian":-1,"workHomeCommuteMedian":55998},"geometry":{"type":"Polygon","coordinates":[[[127.09564612179922,36.47110679636277],[127.09564612179922,36.480100000000014],[127.10463932543647,36.480100000000014],[127.10463932543647,36.47110679636277],[127.09564612179922,36.47110679636277]]]}},{"type":"Feature","properties":{"jobs":569,"pop":221,"pointCount":2,"homeWorkCommuteMedian":47039,"workHomeCommuteMedian":-1},"geometry":{"type":"Polygon","coordinates":[[[127.10463932543647,36.345201945441325],[127.10463932543647,36.35419514907857],[127.11363252907371,36.35419514907857],[127.11363252907371,36.345201945441325],[127.10463932543647,36.345201945441325]]]}},{"type":"Feature","properties":{"jobs":786,"pop":0,"pointCount":1,"homeWorkCommuteMedian":-1,"workHomeCommuteMedian":12165},"geometry":{"type":"Polygon","coordinates":[[[127.10463932543647,36.390167963627555],[127.10463932543647,36.3991611672648],[127.11363252907371,36.3991611672648],[127.11363252907371,36.390167963627555],[127.10463932543647,36.390167963627555]]]}},{"type":"Feature","properties":{"jobs":849,"pop":200,"pointCount":1,"homeWorkCommuteMedian":44385,"workHomeCommuteMedian":10300},"geometry":{"type":"Polygon","coordinates":[[[127.10463932543647,36.40815437090205],[127.10463932543647,36.41714757453929],[127.11363252907371,36.41714757453929],[127.11363252907371,36.40815437090205],[127.10463932543647,36.40815437090205]]]}},{"type":"Feature","properties":{"jobs":1573,"pop":202,"pointCount":1,"homeWorkCommuteMedian":4623,"workHomeCommuteMedian":6782},"geometry":{"type":"Polygon","coordinates":[[[127.10463932543647,36.42614077817654],[127.10463932543647,36.435133981813784],[127.11363252907371,36.435133981813784],[127.11363252907371,36.42614077817654],[127.10463932543647,36.42614077817654]]]}},{"type":"Feature","properties":{"jobs":811,"pop":24,"pointCount":1,"homeWorkCommuteMedian":36369,"workHomeCommuteMedian":-1},"geometry":{"type":"Polygon","coordinates":[[[127.10463932543647,36.44412718545103],[127.10463932543647,36.45312038908828],[127.11363252907371,36.45312038908828],[127.11363252907371,36.44412718545103],[127.10463932543647,36.44412718545103]]]}},{"type":"Feature","properties":{"jobs":15188,"pop":9132,"pointCount":6,"homeWorkCommuteMedian":5391,"workHomeCommuteMedian":5783},"geometry":{"type":"Polygon","coordinates":[[[127.10463932543647,36.45312038908828],[127.10463932543647,36.46211359272552],[127.11363252907371,36.46211359272552],[127.11363252907371,36.45312038908828],[127.10463932543647,36.45312038908828]]]}},{"type":"Feature","properties":{"jobs":2760,"pop":0,"pointCount":4,"homeWorkCommuteMedian":-1,"workHomeCommuteMedian":39356},"geometry":{"type":"Polygon","coordinates":[[[127.10463932543647,36.46211359272552],[127.10463932543647,36.47110679636277],[127.11363252907371,36.47110679636277],[127.11363252907371,36.46211359272552],[127.10463932543647,36.46211359272552]]]}},{"type":"Feature","properties":{"jobs":1038,"pop":219,"pointCount":1,"homeWorkCommuteMedian":44939,"workHomeCommuteMedian":10922},"geometry":{"type":"Polygon","coordinates":[[[127.11363252907371,36.3991611672648],[127.11363252907371,36.40815437090205],[127.12262573271096,36.40815437090205],[127.12262573271096,36.3991611672648],[127.11363252907371,36.3991611672648]]]}},{"type":"Feature","properties":{"jobs":122,"pop":0,"pointCount":1,"homeWorkCommuteMedian":-1,"workHomeCommuteMedian":42064},"geometry":{"type":"Polygon","coordinates":[[[127.11363252907371,36.41714757453929],[127.11363252907371,36.42614077817654],[127.12262573271096,36.42614077817654],[127.12262573271096,36.41714757453929],[127.11363252907371,36.41714757453929]]]}},{"type":"Feature","properties":{"jobs":7995,"pop":1429,"pointCount":7,"homeWorkCommuteMedian":4647,"workHomeCommuteMedian":5257},"geometry":{"type":"Polygon","coordinates":[[[127.11363252907371,36.435133981813784],[127.11363252907371,36.44412718545103],[127.12262573271096,36.44412718545103],[127.12262573271096,36.435133981813784],[127.11363252907371,36.435133981813784]]]}},{"type":"Feature","properties":{"jobs":6602,"pop":3320,"pointCount":5,"homeWorkCommuteMedian":4691,"workHomeCommuteMedian":4512},"geometry":{"type":"Polygon","coordinates":[[[127.11363252907371,36.44412718545103],[127.11363252907371,36.45312038908828],[127.12262573271096,36.45312038908828],[127.12262573271096,36.44412718545103],[127.11363252907371,36.44412718545103]]]}},{"type":"Feature","properties":{"jobs":22724,"pop":5752,"pointCount":8,"homeWorkCommuteMedian":4245,"workHomeCommuteMedian":4477},"geometry":{"type":"Polygon","coordinates":[[[127.11363252907371,36.45312038908828],[127.11363252907371,36.46211359272552],[127.12262573271096,36.46211359272552],[127.12262573271096,36.45312038908828],[127.11363252907371,36.45312038908828]]]}},{"type":"Feature","properties":{"jobs":7704,"pop":1061,"pointCount":7,"homeWorkCommuteMedian":3867,"workHomeCommuteMedian":4195},"geometry":{"type":"Polygon","coordinates":[[[127.11363252907371,36.46211359272552],[127.11363252907371,36.47110679636277],[127.12262573271096,36.47110679636277],[127.12262573271096,36.46211359272552],[127.11363252907371,36.46211359272552]]]}},{"type":"Feature","properties":{"jobs":1151,"pop":161,"pointCount":1,"homeWorkCommuteMedian":9926,"workHomeCommuteMedian":10674},"geometry":{"type":"Polygon","coordinates":[[[127.11363252907371,36.53405922182349],[127.11363252907371,36.543052425460736],[127.12262573271096,36.543052425460736],[127.12262573271096,36.53405922182349],[127.11363252907371,36.53405922182349]]]}},{"type":"Feature","properties":{"jobs":139,"pop":76,"pointCount":1,"homeWorkCommuteMedian":53566,"workHomeCommuteMedian":-1},"geometry":{"type":"Polygon","coordinates":[[[127.11363252907371,36.570032036372474],[127.11363252907371,36.57902524000972],[127.12262573271096,36.57902524000972],[127.12262573271096,36.570032036372474],[127.11363252907371,36.570032036372474]]]}},{"type":"Feature","properties":{"jobs":17,"pop":0,"pointCount":2,"homeWorkCommuteMedian":-1,"workHomeCommuteMedian":5096},"geometry":{"type":"Polygon","coordinates":[[[127.11363252907371,36.59701164728421],[127.11363252907371,36.60600485092146],[127.12262573271096,36.60600485092146],[127.12262573271096,36.59701164728421],[127.11363252907371,36.59701164728421]]]}},{"type":"Feature","properties":{"jobs":1290,"pop":23,"pointCount":1,"homeWorkCommuteMedian":19268,"workHomeCommuteMedian":21268},"geometry":{"type":"Polygon","coordinates":[[[127.11363252907371,36.60600485092146],[127.11363252907371,36.614998054558704],[127.12262573271096,36.614998054558704],[127.12262573271096,36.60600485092146],[127.11363252907371,36.60600485092146]]]}},{"type":"Feature","properties":{"jobs":274,"pop":0,"pointCount":1,"homeWorkCommuteMedian":-1,"workHomeCommuteMedian":53169},"geometry":{"type":"Polygon","coordinates":[[[127.11363252907371,36.64197766547044],[127.11363252907371,36.65097086910769],[127.12262573271096,36.65097086910769],[127.12262573271096,36.64197766547044],[127.11363252907371,36.64197766547044]]]}},{"type":"Feature","properties":{"jobs":2427,"pop":417,"pointCount":1,"homeWorkCommuteMedian":5424,"workHomeCommuteMedian":5390},"geometry":{"type":"Polygon","coordinates":[[[127.12262573271096,36.435133981813784],[127.12262573271096,36.44412718545103],[127.1316189363482,36.44412718545103],[127.1316189363482,36.435133981813784],[127.12262573271096,36.435133981813784]]]}},{"type":"Feature","properties":{"jobs":7649,"pop":590,"pointCount":8,"homeWorkCommuteMedian":4195,"workHomeCommuteMedian":3995},"geometry":{"type":"Polygon","coordinates":[[[127.12262573271096,36.44412718545103],[127.12262573271096,36.45312038908828],[127.1316189363482,36.45312038908828],[127.1316189363482,36.44412718545103],[127.12262573271096,36.44412718545103]]]}},{"type":"Feature","properties":{"jobs":6439,"pop":865,"pointCount":5,"homeWorkCommuteMedian":3127,"workHomeCommuteMedian":3410},"geometry":{"type":"Polygon","coordinates":[[[127.12262573271096,36.45312038908828],[127.12262573271096,36.46211359272552],[127.1316189363482,36.46211359272552],[127.1316189363482,36.45312038908828],[127.12262573271096,36.45312038908828]]]}},{"type":"Feature","properties":{"jobs":3229,"pop":402,"pointCount":2,"homeWorkCommuteMedian":3496,"workHomeCommuteMedian":4077},"geometry":{"type":"Polygon","coordinates":[[[127.12262573271096,36.46211359272552],[127.12262573271096,36.47110679636277],[127.1316189363482,36.47110679636277],[127.1316189363482,36.46211359272552],[127.12262573271096,36.46211359272552]]]}},{"type":"Feature","properties":{"jobs":22892,"pop":23899,"pointCount":7,"homeWorkCommuteMedian":3603,"workHomeCommuteMedian":4477},"geometry":{"type":"Polygon","coordinates":[[[127.12262573271096,36.47110679636277],[127.12262573271096,36.480100000000014],[127.1316189363482,36.480100000000014],[127.1316189363482,36.47110679636277],[127.12262573271096,36.47110679636277]]]}},{"type":"Feature","properties":{"jobs":1561,"pop":45,"pointCount":2,"homeWorkCommuteMedian":26878,"workHomeCommuteMedian":20291},"geometry":{"type":"Polygon","coordinates":[[[127.12262573271096,36.59701164728421],[127.12262573271096,36.60600485092146],[127.1316189363482,36.60600485092146],[127.1316189363482,36.59701164728421],[127.12262573271096,36.59701164728421]]]}},{"type":"Feature","properties":{"jobs":2165,"pop":183,"pointCount":1,"homeWorkCommuteMedian":15095,"workHomeCommuteMedian":14658},"geometry":{"type":"Polygon","coordinates":[[[127.1316189363482,36.35419514907857],[127.1316189363482,36.36318835271582],[127.14061213998545,36.36318835271582],[127.14061213998545,36.35419514907857],[127.1316189363482,36.35419514907857]]]}},{"type":"Feature","properties":{"jobs":8,"pop":0,"pointCount":1,"homeWorkCommuteMedian":-1,"workHomeCommuteMedian":41354},"geometry":{"type":"Polygon","coordinates":[[[127.1316189363482,36.390167963627555],[127.1316189363482,36.3991611672648],[127.14061213998545,36.3991611672648],[127.14061213998545,36.390167963627555],[127.1316189363482,36.390167963627555]]]}},{"type":"Feature","properties":{"jobs":5583,"pop":1182,"pointCount":2,"homeWorkCommuteMedian":5042,"workHomeCommuteMedian":4106},"geometry":{"type":"Polygon","coordinates":[[[127.1316189363482,36.44412718545103],[127.1316189363482,36.45312038908828],[127.14061213998545,36.45312038908828],[127.14061213998545,36.44412718545103],[127.1316189363482,36.44412718545103]]]}},{"type":"Feature","properties":{"jobs":4016,"pop":741,"pointCount":2,"homeWorkCommuteMedian":3127,"workHomeCommuteMedian":3127},"geometry":{"type":"Polygon","coordinates":[[[127.1316189363482,36.45312038908828],[127.1316189363482,36.46211359272552],[127.14061213998545,36.46211359272552],[127.14061213998545,36.45312038908828],[127.1316189363482,36.45312038908828]]]}},{"type":"Feature","properties":{"jobs":15495,"pop":2939,"pointCount":6,"homeWorkCommuteMedian":3739,"workHomeCommuteMedian":11950},"geometry":{"type":"Polygon","coordinates":[[[127.1316189363482,36.46211359272552],[127.1316189363482,36.47110679636277],[127.14061213998545,36.47110679636277],[127.14061213998545,36.46211359272552],[127.1316189363482,36.46211359272552]]]}},{"type":"Feature","properties":{"jobs":18394,"pop":4413,"pointCount":8,"homeWorkCommuteMedian":4246,"workHomeCommuteMedian":4258},"geometry":{"type":"Polygon","coordinates":[[[127.1316189363482,36.47110679636277],[127.1316189363482,36.480100000000014],[127.14061213998545,36.480100000000014],[127.14061213998545,36.47110679636277],[127.1316189363482,36.47110679636277]]]}},{"type":"Feature","properties":{"jobs":5,"pop":0,"pointCount":1,"homeWorkCommuteMedian":-1,"workHomeCommuteMedian":3694},"geometry":{"type":"Polygon","coordinates":[[[127.14061213998545,36.35419514907857],[127.14061213998545,36.36318835271582],[127.1496053436227,36.36318835271582],[127.1496053436227,36.35419514907857],[127.14061213998545,36.35419514907857]]]}},{"type":"Feature","properties":{"jobs":1748,"pop":143,"pointCount":2,"homeWorkCommuteMedian":7433,"workHomeCommuteMedian":8845},"geometry":{"type":"Polygon","coordinates":[[[127.14061213998545,36.41714757453929],[127.14061213998545,36.42614077817654],[127.1496053436227,36.42614077817654],[127.1496053436227,36.41714757453929],[127.14061213998545,36.41714757453929]]]}},{"type":"Feature","properties":{"jobs":2559,"pop":410,"pointCount":3,"homeWorkCommuteMedian":7035,"workHomeCommuteMedian":7131},"geometry":{"type":"Polygon","coordinates":[[[127.14061213998545,36.42614077817654],[127.14061213998545,36.435133981813784],[127.1496053436227,36.435133981813784],[127.1496053436227,36.42614077817654],[127.14061213998545,36.42614077817654]]]}},{"type":"Feature","properties":{"jobs":713,"pop":21,"pointCount":1,"homeWorkCommuteMedian":6887,"workHomeCommuteMedian":-1},"geometry":{"type":"Polygon","coordinates":[[[127.14061213998545,36.435133981813784],[127.14061213998545,36.44412718545103],[127.1496053436227,36.44412718545103],[127.1496053436227,36.435133981813784],[127.14061213998545,36.435133981813784]]]}},{"type":"Feature","properties":{"jobs":805,"pop":24,"pointCount":1,"homeWorkCommuteMedian":6447,"workHomeCommuteMedian":-1},"geometry":{"type":"Polygon","coordinates":[[[127.14061213998545,36.44412718545103],[127.14061213998545,36.45312038908828],[127.1496053436227,36.45312038908828],[127.1496053436227,36.44412718545103],[127.14061213998545,36.44412718545103]]]}},{"type":"Feature","properties":{"jobs":6617,"pop":1276,"pointCount":2,"homeWorkCommuteMedian":4370,"workHomeCommuteMedian":3496},"geometry":{"type":"Polygon","coordinates":[[[127.14061213998545,36.46211359272552],[127.14061213998545,36.47110679636277],[127.1496053436227,36.47110679636277],[127.1496053436227,36.46211359272552],[127.14061213998545,36.46211359272552]]]}},{"type":"Feature","properties":{"jobs":35449,"pop":11015,"pointCount":6,"homeWorkCommuteMedian":7297,"workHomeCommuteMedian":6618},"geometry":{"type":"Polygon","coordinates":[[[127.14061213998545,36.47110679636277],[127.14061213998545,36.480100000000014],[127.1496053436227,36.480100000000014],[127.1496053436227,36.47110679636277],[127.14061213998545,36.47110679636277]]]}},{"type":"Feature","properties":{"jobs":3248,"pop":500,"pointCount":2,"homeWorkCommuteMedian":3296,"workHomeCommuteMedian":3296},"geometry":{"type":"Polygon","coordinates":[[[127.14061213998545,36.48909320363726],[127.14061213998545,36.498086407274506],[127.1496053436227,36.498086407274506],[127.1496053436227,36.48909320363726],[127.14061213998545,36.48909320363726]]]}},{"type":"Feature","properties":{"jobs":106,"pop":271,"pointCount":1,"homeWorkCommuteMedian":9772,"workHomeCommuteMedian":-1},"geometry":{"type":"Polygon","coordinates":[[[127.14061213998545,36.543052425460736],[127.14061213998545,36.55204562909798],[127.1496053436227,36.55204562909798],[127.1496053436227,36.543052425460736],[127.14061213998545,36.543052425460736]]]}},{"type":"Feature","properties":{"jobs":92,"pop":29474,"pointCount":1,"homeWorkCommuteMedian":4159,"workHomeCommuteMedian":-1},"geometry":{"type":"Polygon","coordinates":[[[127.1496053436227,36.36318835271582],[127.1496053436227,36.37218155635306],[127.15859854725994,36.37218155635306],[127.15859854725994,36.36318835271582],[127.1496053436227,36.36318835271582]]]}},{"type":"Feature","properties":{"jobs":1081,"pop":127,"pointCount":1,"homeWorkCommuteMedian":9218,"workHomeCommuteMedian":10252},"geometry":{"type":"Polygon","coordinates":[[[127.1496053436227,36.40815437090205],[127.1496053436227,36.41714757453929],[127.15859854725994,36.41714757453929],[127.15859854725994,36.40815437090205],[127.1496053436227,36.40815437090205]]]}},{"type":"Feature","properties":{"jobs":1081,"pop":327,"pointCount":1,"homeWorkCommuteMedian":5718,"workHomeCommuteMedian":4829},"geometry":{"type":"Polygon","coordinates":[[[127.1496053436227,36.44412718545103],[127.1496053436227,36.45312038908828],[127.15859854725994,36.45312038908828],[127.15859854725994,36.44412718545103],[127.1496053436227,36.44412718545103]]]}},{"type":"Feature","properties":{"jobs":5972,"pop":1696,"pointCount":1,"homeWorkCommuteMedian":4994,"workHomeCommuteMedian":4593},"geometry":{"type":"Polygon","coordinates":[[[127.1496053436227,36.46211359272552],[127.1496053436227,36.47110679636277],[127.15859854725994,36.47110679636277],[127.15859854725994,36.46211359272552],[127.1496053436227,36.46211359272552]]]}},{"type":"Feature","properties":{"jobs":40296,"pop":6713,"pointCount":7,"homeWorkCommuteMedian":5238,"workHomeCommuteMedian":3538},"geometry":{"type":"Polygon","coordinates":[[[127.1496053436227,36.47110679636277],[127.1496053436227,36.480100000000014],[127.15859854725994,36.480100000000014],[127.15859854725994,36.47110679636277],[127.1496053436227,36.47110679636277]]]}},{"type":"Feature","properties":{"jobs":98,"pop":0,"pointCount":1,"homeWorkCommuteMedian":-1,"workHomeCommuteMedian":11092},"geometry":{"type":"Polygon","coordinates":[[[127.1496053436227,36.480100000000014],[127.1496053436227,36.48909320363726],[127.15859854725994,36.48909320363726],[127.15859854725994,36.480100000000014],[127.1496053436227,36.480100000000014]]]}},{"type":"Feature","properties":{"jobs":5,"pop":0,"pointCount":1,"homeWorkCommuteMedian":-1,"workHomeCommuteMedian":2521},"geometry":{"type":"Polygon","coordinates":[[[127.1496053436227,36.525066018186244],[127.1496053436227,36.53405922182349],[127.15859854725994,36.53405922182349],[127.15859854725994,36.525066018186244],[127.1496053436227,36.525066018186244]]]}},{"type":"Feature","properties":{"jobs":920,"pop":89,"pointCount":1,"homeWorkCommuteMedian":7793,"workHomeCommuteMedian":8420},"geometry":{"type":"Polygon","coordinates":[[[127.15859854725994,36.42614077817654],[127.15859854725994,36.435133981813784],[127.16759175089719,36.435133981813784],[127.16759175089719,36.42614077817654],[127.15859854725994,36.42614077817654]]]}},{"type":"Feature","properties":{"jobs":253,"pop":6552,"pointCount":1,"homeWorkCommuteMedian":5705,"workHomeCommuteMedian":-1},"geometry":{"type":"Polygon","coordinates":[[[127.15859854725994,36.435133981813784],[127.15859854725994,36.44412718545103],[127.16759175089719,36.44412718545103],[127.16759175089719,36.435133981813784],[127.15859854725994,36.435133981813784]]]}},{"type":"Feature","properties":{"jobs":184,"pop":200,"pointCount":1,"homeWorkCommuteMedian":33012,"workHomeCommuteMedian":-1},"geometry":{"type":"Polygon","coordinates":[[[127.15859854725994,36.44412718545103],[127.15859854725994,36.45312038908828],[127.16759175089719,36.45312038908828],[127.16759175089719,36.44412718545103],[127.15859854725994,36.44412718545103]]]}},{"type":"Feature","properties":{"jobs":138,"pop":0,"pointCount":1,"homeWorkCommuteMedian":-1,"workHomeCommuteMedian":49790},"geometry":{"type":"Polygon","coordinates":[[[127.15859854725994,36.498086407274506],[127.15859854725994,36.50707961091175],[127.16759175089719,36.50707961091175],[127.16759175089719,36.498086407274506],[127.15859854725994,36.498086407274506]]]}},{"type":"Feature","properties":{"jobs":1762,"pop":27,"pointCount":1,"homeWorkCommuteMedian":7056,"workHomeCommuteMedian":8536},"geometry":{"type":"Polygon","coordinates":[[[127.16759175089719,36.30922913089234],[127.16759175089719,36.31822233452959],[127.17658495453443,36.31822233452959],[127.17658495453443,36.30922913089234],[127.16759175089719,36.30922913089234]]]}},{"type":"Feature","properties":{"jobs":1335,"pop":198,"pointCount":1,"homeWorkCommuteMedian":9057,"workHomeCommuteMedian":9090},"geometry":{"type":"Polygon","coordinates":[[[127.16759175089719,36.41714757453929],[127.16759175089719,36.42614077817654],[127.17658495453443,36.42614077817654],[127.17658495453443,36.41714757453929],[127.16759175089719,36.41714757453929]]]}},{"type":"Feature","properties":{"jobs":1220,"pop":164,"pointCount":1,"homeWorkCommuteMedian":8714,"workHomeCommuteMedian":7825},"geometry":{"type":"Polygon","coordinates":[[[127.16759175089719,36.42614077817654],[127.16759175089719,36.435133981813784],[127.17658495453443,36.435133981813784],[127.17658495453443,36.42614077817654],[127.16759175089719,36.42614077817654]]]}},{"type":"Feature","properties":{"jobs":79,"pop":13458,"pointCount":1,"homeWorkCommuteMedian":3586,"workHomeCommuteMedian":-1},"geometry":{"type":"Polygon","coordinates":[[[127.16759175089719,36.47110679636277],[127.16759175089719,36.480100000000014],[127.17658495453443,36.480100000000014],[127.17658495453443,36.47110679636277],[127.16759175089719,36.47110679636277]]]}},{"type":"Feature","properties":{"jobs":27,"pop":0,"pointCount":1,"homeWorkCommuteMedian":-1,"workHomeCommuteMedian":46403},"geometry":{"type":"Polygon","coordinates":[[[127.16759175089719,36.60600485092146],[127.16759175089719,36.614998054558704],[127.17658495453443,36.614998054558704],[127.17658495453443,36.60600485092146],[127.16759175089719,36.60600485092146]]]}},{"type":"Feature","properties":{"jobs":1325,"pop":0,"pointCount":1,"homeWorkCommuteMedian":-1,"workHomeCommuteMedian":23723},"geometry":{"type":"Polygon","coordinates":[[[127.16759175089719,36.614998054558704],[127.16759175089719,36.62399125819595],[127.17658495453443,36.62399125819595],[127.17658495453443,36.614998054558704],[127.16759175089719,36.614998054558704]]]}},{"type":"Feature","properties":{"jobs":2160,"pop":26,"pointCount":1,"homeWorkCommuteMedian":21276,"workHomeCommuteMedian":19099},"geometry":{"type":"Polygon","coordinates":[[[127.16759175089719,36.632984461833196],[127.16759175089719,36.64197766547044],[127.17658495453443,36.64197766547044],[127.17658495453443,36.632984461833196],[127.16759175089719,36.632984461833196]]]}},{"type":"Feature","properties":{"jobs":2528,"pop":0,"pointCount":1,"homeWorkCommuteMedian":-1,"workHomeCommuteMedian":3525},"geometry":{"type":"Polygon","coordinates":[[[127.17658495453443,36.36318835271582],[127.17658495453443,36.37218155635306],[127.18557815817168,36.37218155635306],[127.18557815817168,36.36318835271582],[127.17658495453443,36.36318835271582]]]}},{"type":"Feature","properties":{"jobs":11769,"pop":0,"pointCount":2,"homeWorkCommuteMedian":-1,"workHomeCommuteMedian":4159},"geometry":{"type":"Polygon","coordinates":[[[127.17658495453443,36.37218155635306],[127.17658495453443,36.38117475999031],[127.18557815817168,36.38117475999031],[127.18557815817168,36.37218155635306],[127.17658495453443,36.37218155635306]]]}},{"type":"Feature","properties":{"jobs":1276,"pop":0,"pointCount":1,"homeWorkCommuteMedian":-1,"workHomeCommuteMedian":22224},"geometry":{"type":"Polygon","coordinates":[[[127.17658495453443,36.632984461833196],[127.17658495453443,36.64197766547044],[127.18557815817168,36.64197766547044],[127.18557815817168,36.632984461833196],[127.17658495453443,36.632984461833196]]]}},{"type":"Feature","properties":{"jobs":1276,"pop":0,"pointCount":1,"homeWorkCommuteMedian":-1,"workHomeCommuteMedian":18475},"geometry":{"type":"Polygon","coordinates":[[[127.17658495453443,36.64197766547044],[127.17658495453443,36.65097086910769],[127.18557815817168,36.65097086910769],[127.18557815817168,36.64197766547044],[127.17658495453443,36.64197766547044]]]}},{"type":"Feature","properties":{"jobs":2576,"pop":0,"pointCount":1,"homeWorkCommuteMedian":-1,"workHomeCommuteMedian":3648},"geometry":{"type":"Polygon","coordinates":[[[127.18557815817168,36.36318835271582],[127.18557815817168,36.37218155635306],[127.19457136180893,36.37218155635306],[127.19457136180893,36.36318835271582],[127.18557815817168,36.36318835271582]]]}},{"type":"Feature","properties":{"jobs":12500,"pop":0,"pointCount":1,"homeWorkCommuteMedian":-1,"workHomeCommuteMedian":3968},"geometry":{"type":"Polygon","coordinates":[[[127.18557815817168,36.38117475999031],[127.18557815817168,36.390167963627555],[127.19457136180893,36.390167963627555],[127.19457136180893,36.38117475999031],[127.18557815817168,36.38117475999031]]]}},{"type":"Feature","properties":{"jobs":966,"pop":113,"pointCount":1,"homeWorkCommuteMedian":14187,"workHomeCommuteMedian":15005},"geometry":{"type":"Polygon","coordinates":[[[127.18557815817168,36.40815437090205],[127.18557815817168,36.41714757453929],[127.19457136180893,36.41714757453929],[127.19457136180893,36.40815437090205],[127.18557815817168,36.40815437090205]]]}},{"type":"Feature","properties":{"jobs":213,"pop":0,"pointCount":1,"homeWorkCommuteMedian":-1,"workHomeCommuteMedian":30447},"geometry":{"type":"Polygon","coordinates":[[[127.18557815817168,36.44412718545103],[127.18557815817168,36.45312038908828],[127.19457136180893,36.45312038908828],[127.19457136180893,36.44412718545103],[127.18557815817168,36.44412718545103]]]}},{"type":"Feature","properties":{"jobs":852,"pop":22,"pointCount":1,"homeWorkCommuteMedian":11056,"workHomeCommuteMedian":11056},"geometry":{"type":"Polygon","coordinates":[[[127.18557815817168,36.53405922182349],[127.18557815817168,36.543052425460736],[127.19457136180893,36.543052425460736],[127.19457136180893,36.53405922182349],[127.18557815817168,36.53405922182349]]]}},{"type":"Feature","properties":{"jobs":766,"pop":0,"pointCount":1,"homeWorkCommuteMedian":-1,"workHomeCommuteMedian":12251},"geometry":{"type":"Polygon","coordinates":[[[127.18557815817168,36.57902524000972],[127.18557815817168,36.588018443646966],[127.19457136180893,36.588018443646966],[127.19457136180893,36.57902524000972],[127.18557815817168,36.57902524000972]]]}},{"type":"Feature","properties":{"jobs":1276,"pop":0,"pointCount":1,"homeWorkCommuteMedian":-1,"workHomeCommuteMedian":15526},"geometry":{"type":"Polygon","coordinates":[[[127.18557815817168,36.59701164728421],[127.18557815817168,36.60600485092146],[127.19457136180893,36.60600485092146],[127.19457136180893,36.59701164728421],[127.18557815817168,36.59701164728421]]]}},{"type":"Feature","properties":{"jobs":358,"pop":0,"pointCount":1,"homeWorkCommuteMedian":-1,"workHomeCommuteMedian":6082},"geometry":{"type":"Polygon","coordinates":[[[127.19457136180893,36.35419514907857],[127.19457136180893,36.36318835271582],[127.20356456544617,36.36318835271582],[127.20356456544617,36.35419514907857],[127.19457136180893,36.35419514907857]]]}},{"type":"Feature","properties":{"jobs":8400,"pop":0,"pointCount":1,"homeWorkCommuteMedian":-1,"workHomeCommuteMedian":7492},"geometry":{"type":"Polygon","coordinates":[[[127.19457136180893,36.37218155635306],[127.19457136180893,36.38117475999031],[127.20356456544617,36.38117475999031],[127.20356456544617,36.37218155635306],[127.19457136180893,36.37218155635306]]]}},{"type":"Feature","properties":{"jobs":2903,"pop":0,"pointCount":1,"homeWorkCommuteMedian":-1,"workHomeCommuteMedian":4084},"geometry":{"type":"Polygon","coordinates":[[[127.19457136180893,36.38117475999031],[127.19457136180893,36.390167963627555],[127.20356456544617,36.390167963627555],[127.20356456544617,36.38117475999031],[127.19457136180893,36.38117475999031]]]}},{"type":"Feature","properties":{"jobs":4823,"pop":879,"pointCount":3,"homeWorkCommuteMedian":7486,"workHomeCommuteMedian":8309},"geometry":{"type":"Polygon","coordinates":[[[127.19457136180893,36.48909320363726],[127.19457136180893,36.498086407274506],[127.20356456544617,36.498086407274506],[127.20356456544617,36.48909320363726],[127.19457136180893,36.48909320363726]]]}},{"type":"Feature","properties":{"jobs":1097,"pop":102,"pointCount":1,"homeWorkCommuteMedian":7603,"workHomeCommuteMedian":8783},"geometry":{"type":"Polygon","coordinates":[[[127.19457136180893,36.50707961091175],[127.19457136180893,36.516072814549],[127.20356456544617,36.516072814549],[127.20356456544617,36.50707961091175],[127.19457136180893,36.50707961091175]]]}},{"type":"Feature","properties":{"jobs":2528,"pop":0,"pointCount":1,"homeWorkCommuteMedian":-1,"workHomeCommuteMedian":5330},"geometry":{"type":"Polygon","coordinates":[[[127.20356456544617,36.42614077817654],[127.20356456544617,36.435133981813784],[127.21255776908342,36.435133981813784],[127.21255776908342,36.42614077817654],[127.20356456544617,36.42614077817654]]]}},{"type":"Feature","properties":{"jobs":471,"pop":40,"pointCount":1,"homeWorkCommuteMedian":10692,"workHomeCommuteMedian":-1},"geometry":{"type":"Polygon","coordinates":[[[127.20356456544617,36.435133981813784],[127.20356456544617,36.44412718545103],[127.21255776908342,36.44412718545103],[127.21255776908342,36.435133981813784],[127.20356456544617,36.435133981813784]]]}},{"type":"Feature","properties":{"jobs":5258,"pop":703,"pointCount":4,"homeWorkCommuteMedian":8081,"workHomeCommuteMedian":7973},"geometry":{"type":"Polygon","coordinates":[[[127.20356456544617,36.48909320363726],[127.20356456544617,36.498086407274506],[127.21255776908342,36.498086407274506],[127.21255776908342,36.48909320363726],[127.20356456544617,36.48909320363726]]]}},{"type":"Feature","properties":{"jobs":1781,"pop":6234,"pointCount":2,"homeWorkCommuteMedian":6423,"workHomeCommuteMedian":7387},"geometry":{"type":"Polygon","coordinates":[[[127.20356456544617,36.498086407274506],[127.20356456544617,36.50707961091175],[127.21255776908342,36.50707961091175],[127.21255776908342,36.498086407274506],[127.20356456544617,36.498086407274506]]]}},{"type":"Feature","properties":{"jobs":1021,"pop":44,"pointCount":1,"homeWorkCommuteMedian":12450,"workHomeCommuteMedian":10957},"geometry":{"type":"Polygon","coordinates":[[[127.20356456544617,36.588018443646966],[127.20356456544617,36.59701164728421],[127.21255776908342,36.59701164728421],[127.21255776908342,36.588018443646966],[127.20356456544617,36.588018443646966]]]}},{"type":"Feature","properties":{"jobs":1473,"pop":0,"pointCount":1,"homeWorkCommuteMedian":-1,"workHomeCommuteMedian":15823},"geometry":{"type":"Polygon","coordinates":[[[127.20356456544617,36.64197766547044],[127.20356456544617,36.65097086910769],[127.21255776908342,36.65097086910769],[127.21255776908342,36.64197766547044],[127.20356456544617,36.64197766547044]]]}},{"type":"Feature","properties":{"jobs":344,"pop":0,"pointCount":1,"homeWorkCommuteMedian":-1,"workHomeCommuteMedian":7907},"geometry":{"type":"Polygon","coordinates":[[[127.21255776908342,36.40815437090205],[127.21255776908342,36.41714757453929],[127.22155097272066,36.41714757453929],[127.22155097272066,36.40815437090205],[127.21255776908342,36.40815437090205]]]}},{"type":"Feature","properties":{"jobs":101,"pop":0,"pointCount":1,"homeWorkCommuteMedian":-1,"workHomeCommuteMedian":10400},"geometry":{"type":"Polygon","coordinates":[[[127.21255776908342,36.42614077817654],[127.21255776908342,36.435133981813784],[127.22155097272066,36.435133981813784],[127.22155097272066,36.42614077817654],[127.21255776908342,36.42614077817654]]]}},{"type":"Feature","properties":{"jobs":965,"pop":72,"pointCount":1,"homeWorkCommuteMedian":6887,"workHomeCommuteMedian":6671},"geometry":{"type":"Polygon","coordinates":[[[127.21255776908342,36.48909320363726],[127.21255776908342,36.498086407274506],[127.22155097272066,36.498086407274506],[127.22155097272066,36.48909320363726],[127.21255776908342,36.48909320363726]]]}},{"type":"Feature","properties":{"jobs":7275,"pop":1707,"pointCount":2,"homeWorkCommuteMedian":6573,"workHomeCommuteMedian":6761},"geometry":{"type":"Polygon","coordinates":[[[127.21255776908342,36.498086407274506],[127.21255776908342,36.50707961091175],[127.22155097272066,36.50707961091175],[127.22155097272066,36.498086407274506],[127.21255776908342,36.498086407274506]]]}},{"type":"Feature","properties":{"jobs":356,"pop":200,"pointCount":1,"homeWorkCommuteMedian":44125,"workHomeCommuteMedian":-1},"geometry":{"type":"Polygon","coordinates":[[[127.21255776908342,36.50707961091175],[127.21255776908342,36.516072814549],[127.22155097272066,36.516072814549],[127.22155097272066,36.50707961091175],[127.21255776908342,36.50707961091175]]]}},{"type":"Feature","properties":{"jobs":791,"pop":0,"pointCount":1,"homeWorkCommuteMedian":-1,"workHomeCommuteMedian":10009},"geometry":{"type":"Polygon","coordinates":[[[127.21255776908342,36.588018443646966],[127.21255776908342,36.59701164728421],[127.22155097272066,36.59701164728421],[127.22155097272066,36.588018443646966],[127.21255776908342,36.588018443646966]]]}},{"type":"Feature","properties":{"jobs":5378,"pop":590,"pointCount":2,"homeWorkCommuteMedian":12091,"workHomeCommuteMedian":12176},"geometry":{"type":"Polygon","coordinates":[[[127.21255776908342,36.614998054558704],[127.21255776908342,36.62399125819595],[127.22155097272066,36.62399125819595],[127.22155097272066,36.614998054558704],[127.21255776908342,36.614998054558704]]]}},{"type":"Feature","properties":{"jobs":1178,"pop":0,"pointCount":1,"homeWorkCommuteMedian":-1,"workHomeCommuteMedian":12509},"geometry":{"type":"Polygon","coordinates":[[[127.21255776908342,36.62399125819595],[127.21255776908342,36.632984461833196],[127.22155097272066,36.632984461833196],[127.22155097272066,36.62399125819595],[127.21255776908342,36.62399125819595]]]}},{"type":"Feature","properties":{"jobs":2160,"pop":26,"pointCount":1,"homeWorkCommuteMedian":12464,"workHomeCommuteMedian":13194},"geometry":{"type":"Polygon","coordinates":[[[127.21255776908342,36.632984461833196],[127.21255776908342,36.64197766547044],[127.22155097272066,36.64197766547044],[127.22155097272066,36.632984461833196],[127.21255776908342,36.632984461833196]]]}},{"type":"Feature","properties":{"jobs":236,"pop":6828,"pointCount":1,"homeWorkCommuteMedian":4230,"workHomeCommuteMedian":-1},"geometry":{"type":"Polygon","coordinates":[[[127.22155097272066,36.31822233452959],[127.22155097272066,36.32721553816683],[127.23054417635791,36.32721553816683],[127.23054417635791,36.31822233452959],[127.22155097272066,36.31822233452959]]]}},{"type":"Feature","properties":{"jobs":6030,"pop":0,"pointCount":1,"homeWorkCommuteMedian":-1,"workHomeCommuteMedian":3227},"geometry":{"type":"Polygon","coordinates":[[[127.22155097272066,36.390167963627555],[127.22155097272066,36.3991611672648],[127.23054417635791,36.3991611672648],[127.23054417635791,36.390167963627555],[127.22155097272066,36.390167963627555]]]}},{"type":"Feature","properties":{"jobs":3098,"pop":0,"pointCount":1,"homeWorkCommuteMedian":-1,"workHomeCommuteMedian":3472},"geometry":{"type":"Polygon","coordinates":[[[127.22155097272066,36.3991611672648],[127.22155097272066,36.40815437090205],[127.23054417635791,36.40815437090205],[127.23054417635791,36.3991611672648],[127.22155097272066,36.3991611672648]]]}},{"type":"Feature","properties":{"jobs":333,"pop":0,"pointCount":1,"homeWorkCommuteMedian":-1,"workHomeCommuteMedian":5432},"geometry":{"type":"Polygon","coordinates":[[[127.22155097272066,36.40815437090205],[127.22155097272066,36.41714757453929],[127.23054417635791,36.41714757453929],[127.23054417635791,36.40815437090205],[127.22155097272066,36.40815437090205]]]}},{"type":"Feature","properties":{"jobs":8,"pop":0,"pointCount":1,"homeWorkCommuteMedian":-1,"workHomeCommuteMedian":29890},"geometry":{"type":"Polygon","coordinates":[[[127.22155097272066,36.47110679636277],[127.22155097272066,36.480100000000014],[127.23054417635791,36.480100000000014],[127.23054417635791,36.47110679636277],[127.22155097272066,36.47110679636277]]]}},{"type":"Feature","properties":{"jobs":1996,"pop":379,"pointCount":2,"homeWorkCommuteMedian":5447,"workHomeCommuteMedian":5766},"geometry":{"type":"Polygon","coordinates":[[[127.22155097272066,36.498086407274506],[127.22155097272066,36.50707961091175],[127.23054417635791,36.50707961091175],[127.23054417635791,36.498086407274506],[127.22155097272066,36.498086407274506]]]}},{"type":"Feature","properties":{"jobs":23439,"pop":5686,"pointCount":6,"homeWorkCommuteMedian":4895,"workHomeCommuteMedian":5042},"geometry":{"type":"Polygon","coordinates":[[[127.22155097272066,36.50707961091175],[127.22155097272066,36.516072814549],[127.23054417635791,36.516072814549],[127.23054417635791,36.50707961091175],[127.22155097272066,36.50707961091175]]]}},{"type":"Feature","properties":{"jobs":5203,"pop":736,"pointCount":5,"homeWorkCommuteMedian":4562,"workHomeCommuteMedian":5033},"geometry":{"type":"Polygon","coordinates":[[[127.22155097272066,36.516072814549],[127.22155097272066,36.525066018186244],[127.23054417635791,36.525066018186244],[127.23054417635791,36.516072814549],[127.22155097272066,36.516072814549]]]}},{"type":"Feature","properties":{"jobs":971,"pop":106,"pointCount":1,"homeWorkCommuteMedian":6447,"workHomeCommuteMedian":5974},"geometry":{"type":"Polygon","coordinates":[[[127.22155097272066,36.53405922182349],[127.22155097272066,36.543052425460736],[127.23054417635791,36.543052425460736],[127.23054417635791,36.53405922182349],[127.22155097272066,36.53405922182349]]]}},{"type":"Feature","properties":{"jobs":689,"pop":0,"pointCount":1,"homeWorkCommuteMedian":-1,"workHomeCommuteMedian":8054},"geometry":{"type":"Polygon","coordinates":[[[127.22155097272066,36.56103883273523],[127.22155097272066,36.570032036372474],[127.23054417635791,36.570032036372474],[127.23054417635791,36.56103883273523],[127.22155097272066,36.56103883273523]]]}},{"type":"Feature","properties":{"jobs":638,"pop":0,"pointCount":1,"homeWorkCommuteMedian":-1,"workHomeCommuteMedian":7155},"geometry":{"type":"Polygon","coordinates":[[[127.22155097272066,36.570032036372474],[127.22155097272066,36.57902524000972],[127.23054417635791,36.57902524000972],[127.23054417635791,36.570032036372474],[127.22155097272066,36.570032036372474]]]}},{"type":"Feature","properties":{"jobs":716,"pop":200,"pointCount":3,"homeWorkCommuteMedian":43495,"workHomeCommuteMedian":8246},"geometry":{"type":"Polygon","coordinates":[[[127.23054417635791,36.35419514907857],[127.23054417635791,36.36318835271582],[127.23953737999516,36.36318835271582],[127.23953737999516,36.35419514907857],[127.23054417635791,36.35419514907857]]]}},{"type":"Feature","properties":{"jobs":565,"pop":108126,"pointCount":1,"homeWorkCommuteMedian":6037,"workHomeCommuteMedian":-1},"geometry":{"type":"Polygon","coordinates":[[[127.23054417635791,36.38117475999031],[127.23054417635791,36.390167963627555],[127.23953737999516,36.390167963627555],[127.23953737999516,36.38117475999031],[127.23054417635791,36.38117475999031]]]}},{"type":"Feature","properties":{"jobs":3593,"pop":456,"pointCount":2,"homeWorkCommuteMedian":4952,"workHomeCommuteMedian":5042},"geometry":{"type":"Polygon","coordinates":[[[127.23054417635791,36.48909320363726],[127.23054417635791,36.498086407274506],[127.23953737999516,36.498086407274506],[127.23953737999516,36.48909320363726],[127.23054417635791,36.48909320363726]]]}},{"type":"Feature","properties":{"jobs":28838,"pop":2282,"pointCount":12,"homeWorkCommuteMedian":3765,"workHomeCommuteMedian":3613},"geometry":{"type":"Polygon","coordinates":[[[127.23054417635791,36.498086407274506],[127.23054417635791,36.50707961091175],[127.23953737999516,36.50707961091175],[127.23953737999516,36.498086407274506],[127.23054417635791,36.498086407274506]]]}},{"type":"Feature","properties":{"jobs":40840,"pop":3705,"pointCount":14,"homeWorkCommuteMedian":3836,"workHomeCommuteMedian":3617},"geometry":{"type":"Polygon","coordinates":[[[127.23054417635791,36.50707961091175],[127.23054417635791,36.516072814549],[127.23953737999516,36.516072814549],[127.23953737999516,36.50707961091175],[127.23054417635791,36.50707961091175]]]}},{"type":"Feature","properties":{"jobs":24712,"pop":70539,"pointCount":9,"homeWorkCommuteMedian":3778,"workHomeCommuteMedian":4205},"geometry":{"type":"Polygon","coordinates":[[[127.23054417635791,36.516072814549],[127.23054417635791,36.525066018186244],[127.23953737999516,36.525066018186244],[127.23953737999516,36.516072814549],[127.23054417635791,36.516072814549]]]}},{"type":"Feature","properties":{"jobs":591,"pop":0,"pointCount":1,"homeWorkCommuteMedian":-1,"workHomeCommuteMedian":6015},"geometry":{"type":"Polygon","coordinates":[[[127.23054417635791,36.53405922182349],[127.23054417635791,36.543052425460736],[127.23953737999516,36.543052425460736],[127.23953737999516,36.53405922182349],[127.23054417635791,36.53405922182349]]]}},{"type":"Feature","properties":{"jobs":1583,"pop":91,"pointCount":1,"homeWorkCommuteMedian":8449,"workHomeCommuteMedian":10674},"geometry":{"type":"Polygon","coordinates":[[[127.23054417635791,36.56103883273523],[127.23054417635791,36.570032036372474],[127.23953737999516,36.570032036372474],[127.23953737999516,36.56103883273523],[127.23054417635791,36.56103883273523]]]}},{"type":"Feature","properties":{"jobs":5377,"pop":0,"pointCount":2,"homeWorkCommuteMedian":-1,"workHomeCommuteMedian":5745},"geometry":{"type":"Polygon","coordinates":[[[127.23953737999516,36.36318835271582],[127.23953737999516,36.37218155635306],[127.2485305836324,36.37218155635306],[127.2485305836324,36.36318835271582],[127.23953737999516,36.36318835271582]]]}},{"type":"Feature","properties":{"jobs":12500,"pop":0,"pointCount":1,"homeWorkCommuteMedian":-1,"workHomeCommuteMedian":1786},"geometry":{"type":"Polygon","coordinates":[[[127.23953737999516,36.37218155635306],[127.23953737999516,36.38117475999031],[127.2485305836324,36.38117475999031],[127.2485305836324,36.37218155635306],[127.23953737999516,36.37218155635306]]]}},{"type":"Feature","properties":{"jobs":1713,"pop":0,"pointCount":1,"homeWorkCommuteMedian":-1,"workHomeCommuteMedian":19137},"geometry":{"type":"Polygon","coordinates":[[[127.23953737999516,36.390167963627555],[127.23953737999516,36.3991611672648],[127.2485305836324,36.3991611672648],[127.2485305836324,36.390167963627555],[127.23953737999516,36.390167963627555]]]}},{"type":"Feature","properties":{"jobs":20239,"pop":0,"pointCount":4,"homeWorkCommuteMedian":-1,"workHomeCommuteMedian":13241},"geometry":{"type":"Polygon","coordinates":[[[127.23953737999516,36.3991611672648],[127.23953737999516,36.40815437090205],[127.2485305836324,36.40815437090205],[127.2485305836324,36.3991611672648],[127.23953737999516,36.3991611672648]]]}},{"type":"Feature","properties":{"jobs":9077,"pop":3178,"pointCount":3,"homeWorkCommuteMedian":7973,"workHomeCommuteMedian":7354},"geometry":{"type":"Polygon","coordinates":[[[127.23953737999516,36.47110679636277],[127.23953737999516,36.480100000000014],[127.2485305836324,36.480100000000014],[127.2485305836324,36.47110679636277],[127.23953737999516,36.47110679636277]]]}},{"type":"Feature","properties":{"jobs":19224,"pop":5174,"pointCount":5,"homeWorkCommuteMedian":4927,"workHomeCommuteMedian":5325},"geometry":{"type":"Polygon","coordinates":[[[127.23953737999516,36.480100000000014],[127.23953737999516,36.48909320363726],[127.2485305836324,36.48909320363726],[127.2485305836324,36.480100000000014],[127.23953737999516,36.480100000000014]]]}},{"type":"Feature","properties":{"jobs":27792,"pop":64440,"pointCount":13,"homeWorkCommuteMedian":3543,"workHomeCommuteMedian":3761},"geometry":{"type":"Polygon","coordinates":[[[127.23953737999516,36.48909320363726],[127.23953737999516,36.498086407274506],[127.2485305836324,36.498086407274506],[127.2485305836324,36.48909320363726],[127.23953737999516,36.48909320363726]]]}},{"type":"Feature","properties":{"jobs":40069,"pop":59863,"pointCount":12,"homeWorkCommuteMedian":2700,"workHomeCommuteMedian":3759},"geometry":{"type":"Polygon","coordinates":[[[127.23953737999516,36.498086407274506],[127.23953737999516,36.50707961091175],[127.2485305836324,36.50707961091175],[127.2485305836324,36.498086407274506],[127.23953737999516,36.498086407274506]]]}},{"type":"Feature","properties":{"jobs":44273,"pop":3957,"pointCount":13,"homeWorkCommuteMedian":2883,"workHomeCommuteMedian":2797},"geometry":{"type":"Polygon","coordinates":[[[127.23953737999516,36.50707961091175],[127.23953737999516,36.516072814549],[127.2485305836324,36.516072814549],[127.2485305836324,36.50707961091175],[127.23953737999516,36.50707961091175]]]}},{"type":"Feature","properties":{"jobs":46643,"pop":571,"pointCount":6,"homeWorkCommuteMedian":3127,"workHomeCommuteMedian":2656},"geometry":{"type":"Polygon","coordinates":[[[127.23953737999516,36.516072814549],[127.23953737999516,36.525066018186244],[127.2485305836324,36.525066018186244],[127.2485305836324,36.516072814549],[127.23953737999516,36.516072814549]]]}},{"type":"Feature","properties":{"jobs":1436,"pop":75,"pointCount":2,"homeWorkCommuteMedian":10716,"workHomeCommuteMedian":8599},"geometry":{"type":"Polygon","coordinates":[[[127.23953737999516,36.55204562909798],[127.23953737999516,36.56103883273523],[127.2485305836324,36.56103883273523],[127.2485305836324,36.55204562909798],[127.23953737999516,36.55204562909798]]]}},{"type":"Feature","properties":{"jobs":791,"pop":0,"pointCount":1,"homeWorkCommuteMedian":-1,"workHomeCommuteMedian":5448},"geometry":{"type":"Polygon","coordinates":[[[127.23953737999516,36.570032036372474],[127.23953737999516,36.57902524000972],[127.2485305836324,36.57902524000972],[127.2485305836324,36.570032036372474],[127.23953737999516,36.570032036372474]]]}},{"type":"Feature","properties":{"jobs":630,"pop":596,"pointCount":1,"homeWorkCommuteMedian":54733,"workHomeCommuteMedian":-1},"geometry":{"type":"Polygon","coordinates":[[[127.23953737999516,36.62399125819595],[127.23953737999516,36.632984461833196],[127.2485305836324,36.632984461833196],[127.2485305836324,36.62399125819595],[127.23953737999516,36.62399125819595]]]}},{"type":"Feature","properties":{"jobs":1542,"pop":200,"pointCount":1,"homeWorkCommuteMedian":17251,"workHomeCommuteMedian":-1},"geometry":{"type":"Polygon","coordinates":[[[127.2485305836324,36.35419514907857],[127.2485305836324,36.36318835271582],[127.25752378726965,36.36318835271582],[127.25752378726965,36.35419514907857],[127.2485305836324,36.35419514907857]]]}},{"type":"Feature","properties":{"jobs":4689,"pop":0,"pointCount":1,"homeWorkCommuteMedian":-1,"workHomeCommuteMedian":7895},"geometry":{"type":"Polygon","coordinates":[[[127.2485305836324,36.36318835271582],[127.2485305836324,36.37218155635306],[127.25752378726965,36.37218155635306],[127.25752378726965,36.36318835271582],[127.2485305836324,36.36318835271582]]]}},{"type":"Feature","properties":{"jobs":12936,"pop":0,"pointCount":6,"homeWorkCommuteMedian":-1,"workHomeCommuteMedian":7735},"geometry":{"type":"Polygon","coordinates":[[[127.2485305836324,36.37218155635306],[127.2485305836324,36.38117475999031],[127.25752378726965,36.38117475999031],[127.25752378726965,36.37218155635306],[127.2485305836324,36.37218155635306]]]}},{"type":"Feature","properties":{"jobs":375,"pop":0,"pointCount":1,"homeWorkCommuteMedian":-1,"workHomeCommuteMedian":11707},"geometry":{"type":"Polygon","coordinates":[[[127.2485305836324,36.38117475999031],[127.2485305836324,36.390167963627555],[127.25752378726965,36.390167963627555],[127.25752378726965,36.38117475999031],[127.2485305836324,36.38117475999031]]]}},{"type":"Feature","properties":{"jobs":23658,"pop":0,"pointCount":2,"homeWorkCommuteMedian":-1,"workHomeCommuteMedian":10296},"geometry":{"type":"Polygon","coordinates":[[[127.2485305836324,36.390167963627555],[127.2485305836324,36.3991611672648],[127.25752378726965,36.3991611672648],[127.25752378726965,36.390167963627555],[127.2485305836324,36.390167963627555]]]}},{"type":"Feature","properties":{"jobs":42643,"pop":0,"pointCount":4,"homeWorkCommuteMedian":-1,"workHomeCommuteMedian":6905},"geometry":{"type":"Polygon","coordinates":[[[127.2485305836324,36.41714757453929],[127.2485305836324,36.42614077817654],[127.25752378726965,36.42614077817654],[127.25752378726965,36.41714757453929],[127.2485305836324,36.41714757453929]]]}},{"type":"Feature","properties":{"jobs":1372,"pop":531,"pointCount":1,"homeWorkCommuteMedian":7125,"workHomeCommuteMedian":7728},"geometry":{"type":"Polygon","coordinates":[[[127.2485305836324,36.46211359272552],[127.2485305836324,36.47110679636277],[127.25752378726965,36.47110679636277],[127.25752378726965,36.46211359272552],[127.2485305836324,36.46211359272552]]]}},{"type":"Feature","properties":{"jobs":57148,"pop":45448,"pointCount":17,"homeWorkCommuteMedian":5507,"workHomeCommuteMedian":5320},"geometry":{"type":"Polygon","coordinates":[[[127.2485305836324,36.47110679636277],[127.2485305836324,36.480100000000014],[127.25752378726965,36.480100000000014],[127.25752378726965,36.47110679636277],[127.2485305836324,36.47110679636277]]]}},{"type":"Feature","properties":{"jobs":32258,"pop":65147,"pointCount":11,"homeWorkCommuteMedian":3720,"workHomeCommuteMedian":4077},"geometry":{"type":"Polygon","coordinates":[[[127.2485305836324,36.480100000000014],[127.2485305836324,36.48909320363726],[127.25752378726965,36.48909320363726],[127.25752378726965,36.480100000000014],[127.2485305836324,36.480100000000014]]]}},{"type":"Feature","properties":{"jobs":42615,"pop":7359,"pointCount":19,"homeWorkCommuteMedian":4237,"workHomeCommuteMedian":3826},"geometry":{"type":"Polygon","coordinates":[[[127.2485305836324,36.48909320363726],[127.2485305836324,36.498086407274506],[127.25752378726965,36.498086407274506],[127.25752378726965,36.48909320363726],[127.2485305836324,36.48909320363726]]]}},{"type":"Feature","properties":{"jobs":46930,"pop":4707,"pointCount":9,"homeWorkCommuteMedian":3955,"workHomeCommuteMedian":3638},"geometry":{"type":"Polygon","coordinates":[[[127.2485305836324,36.498086407274506],[127.2485305836324,36.50707961091175],[127.25752378726965,36.50707961091175],[127.25752378726965,36.498086407274506],[127.2485305836324,36.498086407274506]]]}},{"type":"Feature","properties":{"jobs":60229,"pop":22556,"pointCount":8,"homeWorkCommuteMedian":6948,"workHomeCommuteMedian":5846},"geometry":{"type":"Polygon","coordinates":[[[127.2485305836324,36.50707961091175],[127.2485305836324,36.516072814549],[127.25752378726965,36.516072814549],[127.25752378726965,36.50707961091175],[127.2485305836324,36.50707961091175]]]}},{"type":"Feature","properties":{"jobs":19211,"pop":43182,"pointCount":8,"homeWorkCommuteMedian":2999,"workHomeCommuteMedian":2521},"geometry":{"type":"Polygon","coordinates":[[[127.2485305836324,36.516072814549],[127.2485305836324,36.525066018186244],[127.25752378726965,36.525066018186244],[127.25752378726965,36.516072814549],[127.2485305836324,36.516072814549]]]}},{"type":"Feature","properties":{"jobs":34901,"pop":10977,"pointCount":3,"homeWorkCommuteMedian":6700,"workHomeCommuteMedian":6352},"geometry":{"type":"Polygon","coordinates":[[[127.2485305836324,36.525066018186244],[127.2485305836324,36.53405922182349],[127.25752378726965,36.53405922182349],[127.25752378726965,36.525066018186244],[127.2485305836324,36.525066018186244]]]}},{"type":"Feature","properties":{"jobs":718,"pop":44,"pointCount":1,"homeWorkCommuteMedian":5325,"workHomeCommuteMedian":7283},"geometry":{"type":"Polygon","coordinates":[[[127.2485305836324,36.53405922182349],[127.2485305836324,36.543052425460736],[127.25752378726965,36.543052425460736],[127.25752378726965,36.53405922182349],[127.2485305836324,36.53405922182349]]]}},{"type":"Feature","properties":{"jobs":11,"pop":1660,"pointCount":1,"homeWorkCommuteMedian":6082,"workHomeCommuteMedian":5394},"geometry":{"type":"Polygon","coordinates":[[[127.2485305836324,36.543052425460736],[127.2485305836324,36.55204562909798],[127.25752378726965,36.55204562909798],[127.25752378726965,36.543052425460736],[127.2485305836324,36.543052425460736]]]}},{"type":"Feature","properties":{"jobs":1605,"pop":110,"pointCount":2,"homeWorkCommuteMedian":10382,"workHomeCommuteMedian":8912},"geometry":{"type":"Polygon","coordinates":[[[127.2485305836324,36.55204562909798],[127.2485305836324,36.56103883273523],[127.25752378726965,36.56103883273523],[127.25752378726965,36.55204562909798],[127.2485305836324,36.55204562909798]]]}},{"type":"Feature","properties":{"jobs":664,"pop":0,"pointCount":1,"homeWorkCommuteMedian":-1,"workHomeCommuteMedian":5157},"geometry":{"type":"Polygon","coordinates":[[[127.2485305836324,36.570032036372474],[127.2485305836324,36.57902524000972],[127.25752378726965,36.57902524000972],[127.25752378726965,36.570032036372474],[127.2485305836324,36.570032036372474]]]}},{"type":"Feature","properties":{"jobs":738,"pop":2295,"pointCount":2,"homeWorkCommuteMedian":6361,"workHomeCommuteMedian":5766},"geometry":{"type":"Polygon","coordinates":[[[127.2485305836324,36.57902524000972],[127.2485305836324,36.588018443646966],[127.25752378726965,36.588018443646966],[127.25752378726965,36.57902524000972],[127.2485305836324,36.57902524000972]]]}},{"type":"Feature","properties":{"jobs":2195,"pop":82,"pointCount":2,"homeWorkCommuteMedian":6376,"workHomeCommuteMedian":6428},"geometry":{"type":"Polygon","coordinates":[[[127.2485305836324,36.59701164728421],[127.2485305836324,36.60600485092146],[127.25752378726965,36.60600485092146],[127.25752378726965,36.59701164728421],[127.2485305836324,36.59701164728421]]]}},{"type":"Feature","properties":{"jobs":10431,"pop":4541,"pointCount":1,"homeWorkCommuteMedian":14217,"workHomeCommuteMedian":13931},"geometry":{"type":"Polygon","coordinates":[[[127.25752378726965,36.30922913089234],[127.25752378726965,36.31822233452959],[127.2665169909069,36.31822233452959],[127.2665169909069,36.30922913089234],[127.25752378726965,36.30922913089234]]]}},{"type":"Feature","properties":{"jobs":7902,"pop":0,"pointCount":1,"homeWorkCommuteMedian":-1,"workHomeCommuteMedian":17811},"geometry":{"type":"Polygon","coordinates":[[[127.25752378726965,36.345201945441325],[127.25752378726965,36.35419514907857],[127.2665169909069,36.35419514907857],[127.2665169909069,36.345201945441325],[127.25752378726965,36.345201945441325]]]}},{"type":"Feature","properties":{"jobs":2980,"pop":0,"pointCount":1,"homeWorkCommuteMedian":-1,"workHomeCommuteMedian":10945},"geometry":{"type":"Polygon","coordinates":[[[127.25752378726965,36.35419514907857],[127.25752378726965,36.36318835271582],[127.2665169909069,36.36318835271582],[127.2665169909069,36.35419514907857],[127.25752378726965,36.35419514907857]]]}},{"type":"Feature","properties":{"jobs":24908,"pop":0,"pointCount":5,"homeWorkCommuteMedian":-1,"workHomeCommuteMedian":6826},"geometry":{"type":"Polygon","coordinates":[[[127.25752378726965,36.36318835271582],[127.25752378726965,36.37218155635306],[127.2665169909069,36.37218155635306],[127.2665169909069,36.36318835271582],[127.25752378726965,36.36318835271582]]]}},{"type":"Feature","properties":{"jobs":6726,"pop":0,"pointCount":7,"homeWorkCommuteMedian":-1,"workHomeCommuteMedian":6923},"geometry":{"type":"Polygon","coordinates":[[[127.25752378726965,36.37218155635306],[127.25752378726965,36.38117475999031],[127.2665169909069,36.38117475999031],[127.2665169909069,36.37218155635306],[127.25752378726965,36.37218155635306]]]}},{"type":"Feature","properties":{"jobs":2500,"pop":0,"pointCount":1,"homeWorkCommuteMedian":-1,"workHomeCommuteMedian":9776},"geometry":{"type":"Polygon","coordinates":[[[127.25752378726965,36.38117475999031],[127.25752378726965,36.390167963627555],[127.2665169909069,36.390167963627555],[127.2665169909069,36.38117475999031],[127.25752378726965,36.38117475999031]]]}},{"type":"Feature","properties":{"jobs":25000,"pop":0,"pointCount":2,"homeWorkCommuteMedian":-1,"workHomeCommuteMedian":7264},"geometry":{"type":"Polygon","coordinates":[[[127.25752378726965,36.390167963627555],[127.25752378726965,36.3991611672648],[127.2665169909069,36.3991611672648],[127.2665169909069,36.390167963627555],[127.25752378726965,36.390167963627555]]]}},{"type":"Feature","properties":{"jobs":3623,"pop":0,"pointCount":1,"homeWorkCommuteMedian":-1,"workHomeCommuteMedian":11695},"geometry":{"type":"Polygon","coordinates":[[[127.25752378726965,36.41714757453929],[127.25752378726965,36.42614077817654],[127.2665169909069,36.42614077817654],[127.2665169909069,36.41714757453929],[127.25752378726965,36.41714757453929]]]}},{"type":"Feature","properties":{"jobs":25804,"pop":234,"pointCount":2,"homeWorkCommuteMedian":12110,"workHomeCommuteMedian":7885},"geometry":{"type":"Polygon","coordinates":[[[127.25752378726965,36.42614077817654],[127.25752378726965,36.435133981813784],[127.2665169909069,36.435133981813784],[127.2665169909069,36.42614077817654],[127.25752378726965,36.42614077817654]]]}},{"type":"Feature","properties":{"jobs":15601,"pop":655,"pointCount":5,"homeWorkCommuteMedian":5016,"workHomeCommuteMedian":5563},"geometry":{"type":"Polygon","coordinates":[[[127.25752378726965,36.47110679636277],[127.25752378726965,36.480100000000014],[127.2665169909069,36.480100000000014],[127.2665169909069,36.47110679636277],[127.25752378726965,36.47110679636277]]]}},{"type":"Feature","properties":{"jobs":20047,"pop":8678,"pointCount":4,"homeWorkCommuteMedian":4996,"workHomeCommuteMedian":5186},"geometry":{"type":"Polygon","coordinates":[[[127.25752378726965,36.480100000000014],[127.25752378726965,36.48909320363726],[127.2665169909069,36.48909320363726],[127.2665169909069,36.480100000000014],[127.25752378726965,36.480100000000014]]]}},{"type":"Feature","properties":{"jobs":56408,"pop":9125,"pointCount":10,"homeWorkCommuteMedian":4895,"workHomeCommuteMedian":4027},"geometry":{"type":"Polygon","coordinates":[[[127.25752378726965,36.48909320363726],[127.25752378726965,36.498086407274506],[127.2665169909069,36.498086407274506],[127.2665169909069,36.48909320363726],[127.25752378726965,36.48909320363726]]]}},{"type":"Feature","properties":{"jobs":36026,"pop":30850,"pointCount":6,"homeWorkCommuteMedian":3759,"workHomeCommuteMedian":4441},"geometry":{"type":"Polygon","coordinates":[[[127.25752378726965,36.498086407274506],[127.25752378726965,36.50707961091175],[127.2665169909069,36.50707961091175],[127.2665169909069,36.498086407274506],[127.25752378726965,36.498086407274506]]]}},{"type":"Feature","properties":{"jobs":158583,"pop":116715,"pointCount":12,"homeWorkCommuteMedian":6001,"workHomeCommuteMedian":6045},"geometry":{"type":"Polygon","coordinates":[[[127.25752378726965,36.50707961091175],[127.25752378726965,36.516072814549],[127.2665169909069,36.516072814549],[127.2665169909069,36.50707961091175],[127.25752378726965,36.50707961091175]]]}},{"type":"Feature","properties":{"jobs":29295,"pop":9772,"pointCount":8,"homeWorkCommuteMedian":6461,"workHomeCommuteMedian":4895},"geometry":{"type":"Polygon","coordinates":[[[127.25752378726965,36.516072814549],[127.25752378726965,36.525066018186244],[127.2665169909069,36.525066018186244],[127.2665169909069,36.516072814549],[127.25752378726965,36.516072814549]]]}},{"type":"Feature","properties":{"jobs":32879,"pop":37775,"pointCount":5,"homeWorkCommuteMedian":8762,"workHomeCommuteMedian":7723},"geometry":{"type":"Polygon","coordinates":[[[127.25752378726965,36.525066018186244],[127.25752378726965,36.53405922182349],[127.2665169909069,36.53405922182349],[127.2665169909069,36.525066018186244],[127.25752378726965,36.525066018186244]]]}},{"type":"Feature","properties":{"jobs":414,"pop":0,"pointCount":1,"homeWorkCommuteMedian":-1,"workHomeCommuteMedian":5634},"geometry":{"type":"Polygon","coordinates":[[[127.25752378726965,36.53405922182349],[127.25752378726965,36.543052425460736],[127.2665169909069,36.543052425460736],[127.2665169909069,36.53405922182349],[127.25752378726965,36.53405922182349]]]}},{"type":"Feature","properties":{"jobs":1901,"pop":172,"pointCount":2,"homeWorkCommuteMedian":9358,"workHomeCommuteMedian":7724},"geometry":{"type":"Polygon","coordinates":[[[127.25752378726965,36.55204562909798],[127.25752378726965,36.56103883273523],[127.2665169909069,36.56103883273523],[127.2665169909069,36.55204562909798],[127.25752378726965,36.55204562909798]]]}},{"type":"Feature","properties":{"jobs":817,"pop":0,"pointCount":1,"homeWorkCommuteMedian":-1,"workHomeCommuteMedian":5044},"geometry":{"type":"Polygon","coordinates":[[[127.25752378726965,36.570032036372474],[127.25752378726965,36.57902524000972],[127.2665169909069,36.57902524000972],[127.2665169909069,36.570032036372474],[127.25752378726965,36.570032036372474]]]}},{"type":"Feature","properties":{"jobs":24,"pop":0,"pointCount":1,"homeWorkCommuteMedian":-1,"workHomeCommuteMedian":4934},"geometry":{"type":"Polygon","coordinates":[[[127.25752378726965,36.57902524000972],[127.25752378726965,36.588018443646966],[127.2665169909069,36.588018443646966],[127.2665169909069,36.57902524000972],[127.25752378726965,36.57902524000972]]]}},{"type":"Feature","properties":{"jobs":1404,"pop":82,"pointCount":1,"homeWorkCommuteMedian":4227,"workHomeCommuteMedian":4280},"geometry":{"type":"Polygon","coordinates":[[[127.25752378726965,36.588018443646966],[127.25752378726965,36.59701164728421],[127.2665169909069,36.59701164728421],[127.2665169909069,36.588018443646966],[127.25752378726965,36.588018443646966]]]}},{"type":"Feature","properties":{"jobs":4496,"pop":1408,"pointCount":1,"homeWorkCommuteMedian":14538,"workHomeCommuteMedian":12589},"geometry":{"type":"Polygon","coordinates":[[[127.2665169909069,36.30922913089234],[127.2665169909069,36.31822233452959],[127.27551019454414,36.31822233452959],[127.27551019454414,36.30922913089234],[127.2665169909069,36.30922913089234]]]}},{"type":"Feature","properties":{"jobs":12500,"pop":0,"pointCount":1,"homeWorkCommuteMedian":-1,"workHomeCommuteMedian":5533},"geometry":{"type":"Polygon","coordinates":[[[127.2665169909069,36.35419514907857],[127.2665169909069,36.36318835271582],[127.27551019454414,36.36318835271582],[127.27551019454414,36.35419514907857],[127.2665169909069,36.35419514907857]]]}},{"type":"Feature","properties":{"jobs":33232,"pop":0,"pointCount":3,"homeWorkCommuteMedian":-1,"workHomeCommuteMedian":7397},"geometry":{"type":"Polygon","coordinates":[[[127.2665169909069,36.36318835271582],[127.2665169909069,36.37218155635306],[127.27551019454414,36.37218155635306],[127.27551019454414,36.36318835271582],[127.2665169909069,36.36318835271582]]]}},{"type":"Feature","properties":{"jobs":6751,"pop":0,"pointCount":2,"homeWorkCommuteMedian":-1,"workHomeCommuteMedian":6328},"geometry":{"type":"Polygon","coordinates":[[[127.2665169909069,36.37218155635306],[127.2665169909069,36.38117475999031],[127.27551019454414,36.38117475999031],[127.27551019454414,36.37218155635306],[127.2665169909069,36.37218155635306]]]}},{"type":"Feature","properties":{"jobs":18118,"pop":0,"pointCount":2,"homeWorkCommuteMedian":-1,"workHomeCommuteMedian":9908},"geometry":{"type":"Polygon","coordinates":[[[127.2665169909069,36.38117475999031],[127.2665169909069,36.390167963627555],[127.27551019454414,36.390167963627555],[127.27551019454414,36.38117475999031],[127.2665169909069,36.38117475999031]]]}},{"type":"Feature","properties":{"jobs":52032,"pop":0,"pointCount":6,"homeWorkCommuteMedian":-1,"workHomeCommuteMedian":10493},"geometry":{"type":"Polygon","coordinates":[[[127.2665169909069,36.390167963627555],[127.2665169909069,36.3991611672648],[127.27551019454414,36.3991611672648],[127.27551019454414,36.390167963627555],[127.2665169909069,36.390167963627555]]]}},{"type":"Feature","properties":{"jobs":4083,"pop":0,"pointCount":3,"homeWorkCommuteMedian":-1,"workHomeCommuteMedian":7029},"geometry":{"type":"Polygon","coordinates":[[[127.2665169909069,36.435133981813784],[127.2665169909069,36.44412718545103],[127.27551019454414,36.44412718545103],[127.27551019454414,36.435133981813784],[127.2665169909069,36.435133981813784]]]}},{"type":"Feature","properties":{"jobs":1139,"pop":0,"pointCount":1,"homeWorkCommuteMedian":-1,"workHomeCommuteMedian":21262},"geometry":{"type":"Polygon","coordinates":[[[127.2665169909069,36.44412718545103],[127.2665169909069,36.45312038908828],[127.27551019454414,36.45312038908828],[127.27551019454414,36.44412718545103],[127.2665169909069,36.44412718545103]]]}},{"type":"Feature","properties":{"jobs":15058,"pop":1168,"pointCount":5,"homeWorkCommuteMedian":5637,"workHomeCommuteMedian":6032},"geometry":{"type":"Polygon","coordinates":[[[127.2665169909069,36.46211359272552],[127.2665169909069,36.47110679636277],[127.27551019454414,36.47110679636277],[127.27551019454414,36.46211359272552],[127.2665169909069,36.46211359272552]]]}},{"type":"Feature","properties":{"jobs":4606,"pop":28392,"pointCount":2,"homeWorkCommuteMedian":5830,"workHomeCommuteMedian":4525},"geometry":{"type":"Polygon","coordinates":[[[127.2665169909069,36.47110679636277],[127.2665169909069,36.480100000000014],[127.27551019454414,36.480100000000014],[127.27551019454414,36.47110679636277],[127.2665169909069,36.47110679636277]]]}},{"type":"Feature","properties":{"jobs":520,"pop":0,"pointCount":1,"homeWorkCommuteMedian":-1,"workHomeCommuteMedian":27764},"geometry":{"type":"Polygon","coordinates":[[[127.2665169909069,36.480100000000014],[127.2665169909069,36.48909320363726],[127.27551019454414,36.48909320363726],[127.27551019454414,36.480100000000014],[127.2665169909069,36.480100000000014]]]}},{"type":"Feature","properties":{"jobs":9247,"pop":0,"pointCount":4,"homeWorkCommuteMedian":-1,"workHomeCommuteMedian":4002},"geometry":{"type":"Polygon","coordinates":[[[127.2665169909069,36.48909320363726],[127.2665169909069,36.498086407274506],[127.27551019454414,36.498086407274506],[127.27551019454414,36.48909320363726],[127.2665169909069,36.48909320363726]]]}},{"type":"Feature","properties":{"jobs":27266,"pop":4925,"pointCount":7,"homeWorkCommuteMedian":4895,"workHomeCommuteMedian":4451},"geometry":{"type":"Polygon","coordinates":[[[127.2665169909069,36.498086407274506],[127.2665169909069,36.50707961091175],[127.27551019454414,36.50707961091175],[127.27551019454414,36.498086407274506],[127.2665169909069,36.498086407274506]]]}},{"type":"Feature","properties":{"jobs":694,"pop":0,"pointCount":2,"homeWorkCommuteMedian":-1,"workHomeCommuteMedian":4056},"geometry":{"type":"Polygon","coordinates":[[[127.2665169909069,36.50707961091175],[127.2665169909069,36.516072814549],[127.27551019454414,36.516072814549],[127.27551019454414,36.50707961091175],[127.2665169909069,36.50707961091175]]]}},{"type":"Feature","properties":{"jobs":15644,"pop":73,"pointCount":3,"homeWorkCommuteMedian":3010,"workHomeCommuteMedian":3778},"geometry":{"type":"Polygon","coordinates":[[[127.2665169909069,36.516072814549],[127.2665169909069,36.525066018186244],[127.27551019454414,36.525066018186244],[127.27551019454414,36.516072814549],[127.2665169909069,36.516072814549]]]}},{"type":"Feature","properties":{"jobs":12164,"pop":46400,"pointCount":5,"homeWorkCommuteMedian":5110,"workHomeCommuteMedian":6447},"geometry":{"type":"Polygon","coordinates":[[[127.2665169909069,36.525066018186244],[127.2665169909069,36.53405922182349],[127.27551019454414,36.53405922182349],[127.27551019454414,36.525066018186244],[127.2665169909069,36.525066018186244]]]}},{"type":"Feature","properties":{"jobs":449,"pop":45,"pointCount":1,"homeWorkCommuteMedian":4703,"workHomeCommuteMedian":-1},"geometry":{"type":"Polygon","coordinates":[[[127.2665169909069,36.53405922182349],[127.2665169909069,36.543052425460736],[127.27551019454414,36.543052425460736],[127.27551019454414,36.53405922182349],[127.2665169909069,36.53405922182349]]]}},{"type":"Feature","properties":{"jobs":514,"pop":73,"pointCount":1,"homeWorkCommuteMedian":5766,"workHomeCommuteMedian":-1},"geometry":{"type":"Polygon","coordinates":[[[127.2665169909069,36.543052425460736],[127.2665169909069,36.55204562909798],[127.27551019454414,36.55204562909798],[127.27551019454414,36.543052425460736],[127.2665169909069,36.543052425460736]]]}},{"type":"Feature","properties":{"jobs":963,"pop":308,"pointCount":1,"homeWorkCommuteMedian":8770,"workHomeCommuteMedian":7131},"geometry":{"type":"Polygon","coordinates":[[[127.2665169909069,36.55204562909798],[127.2665169909069,36.56103883273523],[127.27551019454414,36.56103883273523],[127.27551019454414,36.55204562909798],[127.2665169909069,36.55204562909798]]]}},{"type":"Feature","properties":{"jobs":1276,"pop":55,"pointCount":1,"homeWorkCommuteMedian":8755,"workHomeCommuteMedian":4477},"geometry":{"type":"Polygon","coordinates":[[[127.2665169909069,36.570032036372474],[127.2665169909069,36.57902524000972],[127.27551019454414,36.57902524000972],[127.27551019454414,36.570032036372474],[127.2665169909069,36.570032036372474]]]}},{"type":"Feature","properties":{"jobs":1664,"pop":0,"pointCount":2,"homeWorkCommuteMedian":-1,"workHomeCommuteMedian":2135},"geometry":{"type":"Polygon","coordinates":[[[127.2665169909069,36.59701164728421],[127.2665169909069,36.60600485092146],[127.27551019454414,36.60600485092146],[127.27551019454414,36.59701164728421],[127.2665169909069,36.59701164728421]]]}},{"type":"Feature","properties":{"jobs":3236,"pop":601,"pointCount":2,"homeWorkCommuteMedian":7869,"workHomeCommuteMedian":8860},"geometry":{"type":"Polygon","coordinates":[[[127.27551019454414,36.30922913089234],[127.27551019454414,36.31822233452959],[127.28450339818139,36.31822233452959],[127.28450339818139,36.30922913089234],[127.27551019454414,36.30922913089234]]]}},{"type":"Feature","properties":{"jobs":9315,"pop":0,"pointCount":4,"homeWorkCommuteMedian":-1,"workHomeCommuteMedian":5086},"geometry":{"type":"Polygon","coordinates":[[[127.27551019454414,36.36318835271582],[127.27551019454414,36.37218155635306],[127.28450339818139,36.37218155635306],[127.28450339818139,36.36318835271582],[127.27551019454414,36.36318835271582]]]}},{"type":"Feature","properties":{"jobs":3885,"pop":0,"pointCount":1,"homeWorkCommuteMedian":-1,"workHomeCommuteMedian":4830},"geometry":{"type":"Polygon","coordinates":[[[127.27551019454414,36.37218155635306],[127.27551019454414,36.38117475999031],[127.28450339818139,36.38117475999031],[127.28450339818139,36.37218155635306],[127.27551019454414,36.37218155635306]]]}},{"type":"Feature","properties":{"jobs":15575,"pop":0,"pointCount":5,"homeWorkCommuteMedian":-1,"workHomeCommuteMedian":2888},"geometry":{"type":"Polygon","coordinates":[[[127.27551019454414,36.38117475999031],[127.27551019454414,36.390167963627555],[127.28450339818139,36.390167963627555],[127.28450339818139,36.38117475999031],[127.27551019454414,36.38117475999031]]]}},{"type":"Feature","properties":{"jobs":13819,"pop":0,"pointCount":4,"homeWorkCommuteMedian":-1,"workHomeCommuteMedian":4664},"geometry":{"type":"Polygon","coordinates":[[[127.27551019454414,36.390167963627555],[127.27551019454414,36.3991611672648],[127.28450339818139,36.3991611672648],[127.28450339818139,36.390167963627555],[127.27551019454414,36.390167963627555]]]}},{"type":"Feature","properties":{"jobs":3643,"pop":521,"pointCount":1,"homeWorkCommuteMedian":12989,"workHomeCommuteMedian":12280},"geometry":{"type":"Polygon","coordinates":[[[127.27551019454414,36.41714757453929],[127.27551019454414,36.42614077817654],[127.28450339818139,36.42614077817654],[127.28450339818139,36.41714757453929],[127.27551019454414,36.41714757453929]]]}},{"type":"Feature","properties":{"jobs":3369,"pop":461,"pointCount":1,"homeWorkCommuteMedian":12606,"workHomeCommuteMedian":11082},"geometry":{"type":"Polygon","coordinates":[[[127.27551019454414,36.42614077817654],[127.27551019454414,36.435133981813784],[127.28450339818139,36.435133981813784],[127.28450339818139,36.42614077817654],[127.27551019454414,36.42614077817654]]]}},{"type":"Feature","properties":{"jobs":1998,"pop":180,"pointCount":1,"homeWorkCommuteMedian":10086,"workHomeCommuteMedian":9775},"geometry":{"type":"Polygon","coordinates":[[[127.27551019454414,36.435133981813784],[127.27551019454414,36.44412718545103],[127.28450339818139,36.44412718545103],[127.28450339818139,36.435133981813784],[127.27551019454414,36.435133981813784]]]}},{"type":"Feature","properties":{"jobs":5373,"pop":889,"pointCount":2,"homeWorkCommuteMedian":9090,"workHomeCommuteMedian":8185},"geometry":{"type":"Polygon","coordinates":[[[127.27551019454414,36.45312038908828],[127.27551019454414,36.46211359272552],[127.28450339818139,36.46211359272552],[127.28450339818139,36.45312038908828],[127.27551019454414,36.45312038908828]]]}},{"type":"Feature","properties":{"jobs":14307,"pop":1836,"pointCount":10,"homeWorkCommuteMedian":7066,"workHomeCommuteMedian":6125},"geometry":{"type":"Polygon","coordinates":[[[127.27551019454414,36.46211359272552],[127.27551019454414,36.47110679636277],[127.28450339818139,36.47110679636277],[127.28450339818139,36.46211359272552],[127.27551019454414,36.46211359272552]]]}},{"type":"Feature","properties":{"jobs":22245,"pop":3551,"pointCount":7,"homeWorkCommuteMedian":5325,"workHomeCommuteMedian":5337},"geometry":{"type":"Polygon","coordinates":[[[127.27551019454414,36.47110679636277],[127.27551019454414,36.480100000000014],[127.28450339818139,36.480100000000014],[127.28450339818139,36.47110679636277],[127.27551019454414,36.47110679636277]]]}},{"type":"Feature","properties":{"jobs":12500,"pop":0,"pointCount":1,"homeWorkCommuteMedian":-1,"workHomeCommuteMedian":5289},"geometry":{"type":"Polygon","coordinates":[[[127.27551019454414,36.48909320363726],[127.27551019454414,36.498086407274506],[127.28450339818139,36.498086407274506],[127.28450339818139,36.48909320363726],[127.27551019454414,36.48909320363726]]]}},{"type":"Feature","properties":{"jobs":9498,"pop":0,"pointCount":6,"homeWorkCommuteMedian":-1,"workHomeCommuteMedian":4885},"geometry":{"type":"Polygon","coordinates":[[[127.27551019454414,36.516072814549],[127.27551019454414,36.525066018186244],[127.28450339818139,36.525066018186244],[127.28450339818139,36.516072814549],[127.27551019454414,36.516072814549]]]}},{"type":"Feature","properties":{"jobs":614,"pop":110,"pointCount":1,"homeWorkCommuteMedian":5447,"workHomeCommuteMedian":-1},"geometry":{"type":"Polygon","coordinates":[[[127.27551019454414,36.53405922182349],[127.27551019454414,36.543052425460736],[127.28450339818139,36.543052425460736],[127.28450339818139,36.53405922182349],[127.27551019454414,36.53405922182349]]]}},{"type":"Feature","properties":{"jobs":1997,"pop":717,"pointCount":3,"homeWorkCommuteMedian":6634,"workHomeCommuteMedian":6601},"geometry":{"type":"Polygon","coordinates":[[[127.27551019454414,36.543052425460736],[127.27551019454414,36.55204562909798],[127.28450339818139,36.55204562909798],[127.28450339818139,36.543052425460736],[127.27551019454414,36.543052425460736]]]}},{"type":"Feature","properties":{"jobs":5847,"pop":5034,"pointCount":2,"homeWorkCommuteMedian":10878,"workHomeCommuteMedian":10395},"geometry":{"type":"Polygon","coordinates":[[[127.27551019454414,36.55204562909798],[127.27551019454414,36.56103883273523],[127.28450339818139,36.56103883273523],[127.28450339818139,36.55204562909798],[127.27551019454414,36.55204562909798]]]}},{"type":"Feature","properties":{"jobs":1450,"pop":649,"pointCount":1,"homeWorkCommuteMedian":11309,"workHomeCommuteMedian":9090},"geometry":{"type":"Polygon","coordinates":[[[127.27551019454414,36.56103883273523],[127.27551019454414,36.570032036372474],[127.28450339818139,36.570032036372474],[127.28450339818139,36.56103883273523],[127.27551019454414,36.56103883273523]]]}},{"type":"Feature","properties":{"jobs":2926,"pop":113,"pointCount":2,"homeWorkCommuteMedian":13015,"workHomeCommuteMedian":13064},"geometry":{"type":"Polygon","coordinates":[[[127.27551019454414,36.588018443646966],[127.27551019454414,36.59701164728421],[127.28450339818139,36.59701164728421],[127.28450339818139,36.588018443646966],[127.27551019454414,36.588018443646966]]]}},{"type":"Feature","properties":{"jobs":7039,"pop":1037,"pointCount":2,"homeWorkCommuteMedian":12862,"workHomeCommuteMedian":6922},"geometry":{"type":"Polygon","coordinates":[[[127.27551019454414,36.60600485092146],[127.27551019454414,36.614998054558704],[127.28450339818139,36.614998054558704],[127.28450339818139,36.60600485092146],[127.27551019454414,36.60600485092146]]]}},{"type":"Feature","properties":{"jobs":4855,"pop":1390,"pointCount":2,"homeWorkCommuteMedian":8071,"workHomeCommuteMedian":8055},"geometry":{"type":"Polygon","coordinates":[[[127.28450339818139,36.30922913089234],[127.28450339818139,36.31822233452959],[127.29349660181863,36.31822233452959],[127.29349660181863,36.30922913089234],[127.28450339818139,36.30922913089234]]]}},{"type":"Feature","properties":{"jobs":682,"pop":58,"pointCount":1,"homeWorkCommuteMedian":5843,"workHomeCommuteMedian":5843},"geometry":{"type":"Polygon","coordinates":[[[127.28450339818139,36.345201945441325],[127.28450339818139,36.35419514907857],[127.29349660181863,36.35419514907857],[127.29349660181863,36.345201945441325],[127.28450339818139,36.345201945441325]]]}},{"type":"Feature","properties":{"jobs":4361,"pop":20,"pointCount":4,"homeWorkCommuteMedian":5148,"workHomeCommuteMedian":14606},"geometry":{"type":"Polygon","coordinates":[[[127.28450339818139,36.35419514907857],[127.28450339818139,36.36318835271582],[127.29349660181863,36.36318835271582],[127.29349660181863,36.35419514907857],[127.28450339818139,36.35419514907857]]]}},{"type":"Feature","properties":{"jobs":1604,"pop":0,"pointCount":4,"homeWorkCommuteMedian":-1,"workHomeCommuteMedian":8130},"geometry":{"type":"Polygon","coordinates":[[[127.28450339818139,36.36318835271582],[127.28450339818139,36.37218155635306],[127.29349660181863,36.37218155635306],[127.29349660181863,36.36318835271582],[127.28450339818139,36.36318835271582]]]}},{"type":"Feature","properties":{"jobs":1074,"pop":0,"pointCount":2,"homeWorkCommuteMedian":-1,"workHomeCommuteMedian":4325},"geometry":{"type":"Polygon","coordinates":[[[127.28450339818139,36.37218155635306],[127.28450339818139,36.38117475999031],[127.29349660181863,36.38117475999031],[127.29349660181863,36.37218155635306],[127.28450339818139,36.37218155635306]]]}},{"type":"Feature","properties":{"jobs":1693,"pop":0,"pointCount":3,"homeWorkCommuteMedian":-1,"workHomeCommuteMedian":5510},"geometry":{"type":"Polygon","coordinates":[[[127.28450339818139,36.38117475999031],[127.28450339818139,36.390167963627555],[127.29349660181863,36.390167963627555],[127.29349660181863,36.38117475999031],[127.28450339818139,36.38117475999031]]]}},{"type":"Feature","properties":{"jobs":2036,"pop":0,"pointCount":5,"homeWorkCommuteMedian":-1,"workHomeCommuteMedian":1727},"geometry":{"type":"Polygon","coordinates":[[[127.28450339818139,36.390167963627555],[127.28450339818139,36.3991611672648],[127.29349660181863,36.3991611672648],[127.29349660181863,36.390167963627555],[127.28450339818139,36.390167963627555]]]}},{"type":"Feature","properties":{"jobs":5700,"pop":0,"pointCount":3,"homeWorkCommuteMedian":-1,"workHomeCommuteMedian":17045},"geometry":{"type":"Polygon","coordinates":[[[127.28450339818139,36.3991611672648],[127.28450339818139,36.40815437090205],[127.29349660181863,36.40815437090205],[127.29349660181863,36.3991611672648],[127.28450339818139,36.3991611672648]]]}},{"type":"Feature","properties":{"jobs":789,"pop":0,"pointCount":2,"homeWorkCommuteMedian":-1,"workHomeCommuteMedian":3532},"geometry":{"type":"Polygon","coordinates":[[[127.28450339818139,36.40815437090205],[127.28450339818139,36.41714757453929],[127.29349660181863,36.41714757453929],[127.29349660181863,36.40815437090205],[127.28450339818139,36.40815437090205]]]}},{"type":"Feature","properties":{"jobs":1488,"pop":104,"pointCount":1,"homeWorkCommuteMedian":10497,"workHomeCommuteMedian":12326},"geometry":{"type":"Polygon","coordinates":[[[127.28450339818139,36.42614077817654],[127.28450339818139,36.435133981813784],[127.29349660181863,36.435133981813784],[127.29349660181863,36.42614077817654],[127.28450339818139,36.42614077817654]]]}},{"type":"Feature","properties":{"jobs":5219,"pop":410,"pointCount":4,"homeWorkCommuteMedian":11056,"workHomeCommuteMedian":11157},"geometry":{"type":"Polygon","coordinates":[[[127.28450339818139,36.435133981813784],[127.28450339818139,36.44412718545103],[127.29349660181863,36.44412718545103],[127.29349660181863,36.435133981813784],[127.28450339818139,36.435133981813784]]]}},{"type":"Feature","properties":{"jobs":1175,"pop":66,"pointCount":1,"homeWorkCommuteMedian":9382,"workHomeCommuteMedian":10012},"geometry":{"type":"Polygon","coordinates":[[[127.28450339818139,36.45312038908828],[127.28450339818139,36.46211359272552],[127.29349660181863,36.46211359272552],[127.29349660181863,36.45312038908828],[127.28450339818139,36.45312038908828]]]}},{"type":"Feature","properties":{"jobs":21239,"pop":41328,"pointCount":9,"homeWorkCommuteMedian":5417,"workHomeCommuteMedian":6015},"geometry":{"type":"Polygon","coordinates":[[[127.28450339818139,36.47110679636277],[127.28450339818139,36.480100000000014],[127.29349660181863,36.480100000000014],[127.29349660181863,36.47110679636277],[127.28450339818139,36.47110679636277]]]}},{"type":"Feature","properties":{"jobs":7431,"pop":316,"pointCount":3,"homeWorkCommuteMedian":6993,"workHomeCommuteMedian":6415},"geometry":{"type":"Polygon","coordinates":[[[127.28450339818139,36.480100000000014],[127.28450339818139,36.48909320363726],[127.29349660181863,36.48909320363726],[127.29349660181863,36.480100000000014],[127.28450339818139,36.480100000000014]]]}},{"type":"Feature","properties":{"jobs":2771,"pop":0,"pointCount":1,"homeWorkCommuteMedian":-1,"workHomeCommuteMedian":29606},"geometry":{"type":"Polygon","coordinates":[[[127.28450339818139,36.48909320363726],[127.28450339818139,36.498086407274506],[127.29349660181863,36.498086407274506],[127.29349660181863,36.48909320363726],[127.28450339818139,36.48909320363726]]]}},{"type":"Feature","properties":{"jobs":860,"pop":198,"pointCount":1,"homeWorkCommuteMedian":8826,"workHomeCommuteMedian":9221},"geometry":{"type":"Polygon","coordinates":[[[127.28450339818139,36.55204562909798],[127.28450339818139,36.56103883273523],[127.29349660181863,36.56103883273523],[127.29349660181863,36.55204562909798],[127.28450339818139,36.55204562909798]]]}},{"type":"Feature","properties":{"jobs":4594,"pop":388,"pointCount":3,"homeWorkCommuteMedian":11949,"workHomeCommuteMedian":11507},"geometry":{"type":"Polygon","coordinates":[[[127.28450339818139,36.57902524000972],[127.28450339818139,36.588018443646966],[127.29349660181863,36.588018443646966],[127.29349660181863,36.57902524000972],[127.28450339818139,36.57902524000972]]]}},{"type":"Feature","properties":{"jobs":28414,"pop":6790,"pointCount":7,"homeWorkCommuteMedian":11275,"workHomeCommuteMedian":10651},"geometry":{"type":"Polygon","coordinates":[[[127.28450339818139,36.588018443646966],[127.28450339818139,36.59701164728421],[127.29349660181863,36.59701164728421],[127.29349660181863,36.588018443646966],[127.28450339818139,36.588018443646966]]]}},{"type":"Feature","properties":{"jobs":29280,"pop":2474,"pointCount":9,"homeWorkCommuteMedian":13230,"workHomeCommuteMedian":6684},"geometry":{"type":"Polygon","coordinates":[[[127.28450339818139,36.59701164728421],[127.28450339818139,36.60600485092146],[127.29349660181863,36.60600485092146],[127.29349660181863,36.59701164728421],[127.28450339818139,36.59701164728421]]]}},{"type":"Feature","properties":{"jobs":3680,"pop":37396,"pointCount":4,"homeWorkCommuteMedian":2656,"workHomeCommuteMedian":7832},"geometry":{"type":"Polygon","coordinates":[[[127.28450339818139,36.60600485092146],[127.28450339818139,36.614998054558704],[127.29349660181863,36.614998054558704],[127.29349660181863,36.60600485092146],[127.28450339818139,36.60600485092146]]]}},{"type":"Feature","properties":{"jobs":4740,"pop":200,"pointCount":3,"homeWorkCommuteMedian":15779,"workHomeCommuteMedian":21875},"geometry":{"type":"Polygon","coordinates":[[[127.28450339818139,36.614998054558704],[127.28450339818139,36.62399125819595],[127.29349660181863,36.62399125819595],[127.29349660181863,36.614998054558704],[127.28450339818139,36.614998054558704]]]}},{"type":"Feature","properties":{"jobs":1477,"pop":64,"pointCount":1,"homeWorkCommuteMedian":19928,"workHomeCommuteMedian":17716},"geometry":{"type":"Polygon","coordinates":[[[127.28450339818139,36.632984461833196],[127.28450339818139,36.64197766547044],[127.29349660181863,36.64197766547044],[127.29349660181863,36.632984461833196],[127.28450339818139,36.632984461833196]]]}},{"type":"Feature","properties":{"jobs":3265,"pop":1512,"pointCount":1,"homeWorkCommuteMedian":5709,"workHomeCommuteMedian":6114},"geometry":{"type":"Polygon","coordinates":[[[127.29349660181863,36.32721553816683],[127.29349660181863,36.33620874180408],[127.30248980545588,36.33620874180408],[127.30248980545588,36.32721553816683],[127.29349660181863,36.32721553816683]]]}},{"type":"Feature","properties":{"jobs":38889,"pop":74306,"pointCount":8,"homeWorkCommuteMedian":6015,"workHomeCommuteMedian":6724},"geometry":{"type":"Polygon","coordinates":[[[127.29349660181863,36.33620874180408],[127.29349660181863,36.345201945441325],[127.30248980545588,36.345201945441325],[127.30248980545588,36.33620874180408],[127.29349660181863,36.33620874180408]]]}},{"type":"Feature","properties":{"jobs":7177,"pop":3383,"pointCount":3,"homeWorkCommuteMedian":6447,"workHomeCommuteMedian":6887},"geometry":{"type":"Polygon","coordinates":[[[127.29349660181863,36.345201945441325],[127.29349660181863,36.35419514907857],[127.30248980545588,36.35419514907857],[127.30248980545588,36.345201945441325],[127.29349660181863,36.345201945441325]]]}},{"type":"Feature","properties":{"jobs":12819,"pop":3205,"pointCount":5,"homeWorkCommuteMedian":6068,"workHomeCommuteMedian":5637},"geometry":{"type":"Polygon","coordinates":[[[127.29349660181863,36.35419514907857],[127.29349660181863,36.36318835271582],[127.30248980545588,36.36318835271582],[127.30248980545588,36.35419514907857],[127.29349660181863,36.35419514907857]]]}},{"type":"Feature","properties":{"jobs":4348,"pop":0,"pointCount":4,"homeWorkCommuteMedian":-1,"workHomeCommuteMedian":6491},"geometry":{"type":"Polygon","coordinates":[[[127.29349660181863,36.36318835271582],[127.29349660181863,36.37218155635306],[127.30248980545588,36.37218155635306],[127.30248980545588,36.36318835271582],[127.29349660181863,36.36318835271582]]]}},{"type":"Feature","properties":{"jobs":27056,"pop":112155,"pointCount":11,"homeWorkCommuteMedian":6207,"workHomeCommuteMedian":5939},"geometry":{"type":"Polygon","coordinates":[[[127.29349660181863,36.37218155635306],[127.29349660181863,36.38117475999031],[127.30248980545588,36.38117475999031],[127.30248980545588,36.37218155635306],[127.29349660181863,36.37218155635306]]]}},{"type":"Feature","properties":{"jobs":17775,"pop":226584,"pointCount":5,"homeWorkCommuteMedian":6826,"workHomeCommuteMedian":8762},"geometry":{"type":"Polygon","coordinates":[[[127.29349660181863,36.38117475999031],[127.29349660181863,36.390167963627555],[127.30248980545588,36.390167963627555],[127.30248980545588,36.38117475999031],[127.29349660181863,36.38117475999031]]]}},{"type":"Feature","properties":{"jobs":3297,"pop":83,"pointCount":6,"homeWorkCommuteMedian":3139,"workHomeCommuteMedian":3565},"geometry":{"type":"Polygon","coordinates":[[[127.29349660181863,36.390167963627555],[127.29349660181863,36.3991611672648],[127.30248980545588,36.3991611672648],[127.30248980545588,36.390167963627555],[127.29349660181863,36.390167963627555]]]}},{"type":"Feature","properties":{"jobs":3765,"pop":0,"pointCount":2,"homeWorkCommuteMedian":-1,"workHomeCommuteMedian":4309},"geometry":{"type":"Polygon","coordinates":[[[127.29349660181863,36.3991611672648],[127.29349660181863,36.40815437090205],[127.30248980545588,36.40815437090205],[127.30248980545588,36.3991611672648],[127.29349660181863,36.3991611672648]]]}},{"type":"Feature","properties":{"jobs":21546,"pop":45,"pointCount":3,"homeWorkCommuteMedian":7487,"workHomeCommuteMedian":4099},"geometry":{"type":"Polygon","coordinates":[[[127.29349660181863,36.40815437090205],[127.29349660181863,36.41714757453929],[127.30248980545588,36.41714757453929],[127.30248980545588,36.40815437090205],[127.29349660181863,36.40815437090205]]]}},{"type":"Feature","properties":{"jobs":2546,"pop":185,"pointCount":2,"homeWorkCommuteMedian":10067,"workHomeCommuteMedian":11888},"geometry":{"type":"Polygon","coordinates":[[[127.29349660181863,36.435133981813784],[127.29349660181863,36.44412718545103],[127.30248980545588,36.44412718545103],[127.30248980545588,36.435133981813784],[127.29349660181863,36.435133981813784]]]}},{"type":"Feature","properties":{"jobs":1175,"pop":24065,"pointCount":1,"homeWorkCommuteMedian":6491,"workHomeCommuteMedian":10674},"geometry":{"type":"Polygon","coordinates":[[[127.29349660181863,36.44412718545103],[127.29349660181863,36.45312038908828],[127.30248980545588,36.45312038908828],[127.30248980545588,36.44412718545103],[127.29349660181863,36.44412718545103]]]}},{"type":"Feature","properties":{"jobs":16757,"pop":2920,"pointCount":7,"homeWorkCommuteMedian":7208,"workHomeCommuteMedian":6631},"geometry":{"type":"Polygon","coordinates":[[[127.29349660181863,36.47110679636277],[127.29349660181863,36.480100000000014],[127.30248980545588,36.480100000000014],[127.30248980545588,36.47110679636277],[127.29349660181863,36.47110679636277]]]}},{"type":"Feature","properties":{"jobs":21658,"pop":81305,"pointCount":12,"homeWorkCommuteMedian":5295,"workHomeCommuteMedian":6015},"geometry":{"type":"Polygon","coordinates":[[[127.29349660181863,36.480100000000014],[127.29349660181863,36.48909320363726],[127.30248980545588,36.48909320363726],[127.30248980545588,36.480100000000014],[127.29349660181863,36.480100000000014]]]}},{"type":"Feature","properties":{"jobs":28,"pop":0,"pointCount":1,"homeWorkCommuteMedian":-1,"workHomeCommuteMedian":31985},"geometry":{"type":"Polygon","coordinates":[[[127.29349660181863,36.50707961091175],[127.29349660181863,36.516072814549],[127.30248980545588,36.516072814549],[127.30248980545588,36.50707961091175],[127.29349660181863,36.50707961091175]]]}},{"type":"Feature","properties":{"jobs":3671,"pop":0,"pointCount":2,"homeWorkCommuteMedian":-1,"workHomeCommuteMedian":19140},"geometry":{"type":"Polygon","coordinates":[[[127.29349660181863,36.57902524000972],[127.29349660181863,36.588018443646966],[127.30248980545588,36.588018443646966],[127.30248980545588,36.57902524000972],[127.29349660181863,36.57902524000972]]]}},{"type":"Feature","properties":{"jobs":9849,"pop":1115,"pointCount":8,"homeWorkCommuteMedian":12176,"workHomeCommuteMedian":10419},"geometry":{"type":"Polygon","coordinates":[[[127.29349660181863,36.588018443646966],[127.29349660181863,36.59701164728421],[127.30248980545588,36.59701164728421],[127.30248980545588,36.588018443646966],[127.29349660181863,36.588018443646966]]]}},{"type":"Feature","properties":{"jobs":18020,"pop":1694,"pointCount":8,"homeWorkCommuteMedian":13194,"workHomeCommuteMedian":6123},"geometry":{"type":"Polygon","coordinates":[[[127.29349660181863,36.59701164728421],[127.29349660181863,36.60600485092146],[127.30248980545588,36.60600485092146],[127.30248980545588,36.59701164728421],[127.29349660181863,36.59701164728421]]]}},{"type":"Feature","properties":{"jobs":3956,"pop":0,"pointCount":3,"homeWorkCommuteMedian":-1,"workHomeCommuteMedian":6719},"geometry":{"type":"Polygon","coordinates":[[[127.29349660181863,36.60600485092146],[127.29349660181863,36.614998054558704],[127.30248980545588,36.614998054558704],[127.30248980545588,36.60600485092146],[127.29349660181863,36.60600485092146]]]}},{"type":"Feature","properties":{"jobs":15825,"pop":6527,"pointCount":2,"homeWorkCommuteMedian":6077,"workHomeCommuteMedian":5647},"geometry":{"type":"Polygon","coordinates":[[[127.30248980545588,36.30922913089234],[127.30248980545588,36.31822233452959],[127.31148300909312,36.31822233452959],[127.31148300909312,36.30922913089234],[127.30248980545588,36.30922913089234]]]}},{"type":"Feature","properties":{"jobs":8916,"pop":4556,"pointCount":4,"homeWorkCommuteMedian":6254,"workHomeCommuteMedian":6089},"geometry":{"type":"Polygon","coordinates":[[[127.30248980545588,36.32721553816683],[127.30248980545588,36.33620874180408],[127.31148300909312,36.33620874180408],[127.31148300909312,36.32721553816683],[127.30248980545588,36.32721553816683]]]}},{"type":"Feature","properties":{"jobs":13935,"pop":4326,"pointCount":8,"homeWorkCommuteMedian":5102,"workHomeCommuteMedian":5325},"geometry":{"type":"Polygon","coordinates":[[[127.30248980545588,36.33620874180408],[127.30248980545588,36.345201945441325],[127.31148300909312,36.345201945441325],[127.31148300909312,36.33620874180408],[127.30248980545588,36.33620874180408]]]}},{"type":"Feature","properties":{"jobs":6924,"pop":0,"pointCount":3,"homeWorkCommuteMedian":-1,"workHomeCommuteMedian":9305},"geometry":{"type":"Polygon","coordinates":[[[127.30248980545588,36.345201945441325],[127.30248980545588,36.35419514907857],[127.31148300909312,36.35419514907857],[127.31148300909312,36.345201945441325],[127.30248980545588,36.345201945441325]]]}},{"type":"Feature","properties":{"jobs":15974,"pop":2915,"pointCount":9,"homeWorkCommuteMedian":5090,"workHomeCommuteMedian":4961},"geometry":{"type":"Polygon","coordinates":[[[127.30248980545588,36.35419514907857],[127.30248980545588,36.36318835271582],[127.31148300909312,36.36318835271582],[127.31148300909312,36.35419514907857],[127.30248980545588,36.35419514907857]]]}},{"type":"Feature","properties":{"jobs":21098,"pop":43,"pointCount":8,"homeWorkCommuteMedian":4866,"workHomeCommuteMedian":4895},"geometry":{"type":"Polygon","coordinates":[[[127.30248980545588,36.36318835271582],[127.30248980545588,36.37218155635306],[127.31148300909312,36.37218155635306],[127.31148300909312,36.36318835271582],[127.30248980545588,36.36318835271582]]]}},{"type":"Feature","properties":{"jobs":41677,"pop":3211,"pointCount":15,"homeWorkCommuteMedian":5866,"workHomeCommuteMedian":5461},"geometry":{"type":"Polygon","coordinates":[[[127.30248980545588,36.37218155635306],[127.30248980545588,36.38117475999031],[127.31148300909312,36.38117475999031],[127.31148300909312,36.37218155635306],[127.30248980545588,36.37218155635306]]]}},{"type":"Feature","properties":{"jobs":41310,"pop":7983,"pointCount":8,"homeWorkCommuteMedian":5843,"workHomeCommuteMedian":5137},"geometry":{"type":"Polygon","coordinates":[[[127.30248980545588,36.38117475999031],[127.30248980545588,36.390167963627555],[127.31148300909312,36.390167963627555],[127.31148300909312,36.38117475999031],[127.30248980545588,36.38117475999031]]]}},{"type":"Feature","properties":{"jobs":47864,"pop":7893,"pointCount":12,"homeWorkCommuteMedian":5637,"workHomeCommuteMedian":5020},"geometry":{"type":"Polygon","coordinates":[[[127.30248980545588,36.390167963627555],[127.30248980545588,36.3991611672648],[127.31148300909312,36.3991611672648],[127.31148300909312,36.390167963627555],[127.30248980545588,36.390167963627555]]]}},{"type":"Feature","properties":{"jobs":1473,"pop":89401,"pointCount":3,"homeWorkCommuteMedian":6472,"workHomeCommuteMedian":3941},"geometry":{"type":"Polygon","coordinates":[[[127.30248980545588,36.3991611672648],[127.30248980545588,36.40815437090205],[127.31148300909312,36.40815437090205],[127.31148300909312,36.3991611672648],[127.30248980545588,36.3991611672648]]]}},{"type":"Feature","properties":{"jobs":5581,"pop":585,"pointCount":2,"homeWorkCommuteMedian":8589,"workHomeCommuteMedian":4849},"geometry":{"type":"Polygon","coordinates":[[[127.30248980545588,36.47110679636277],[127.30248980545588,36.480100000000014],[127.31148300909312,36.480100000000014],[127.31148300909312,36.47110679636277],[127.30248980545588,36.47110679636277]]]}},{"type":"Feature","properties":{"jobs":5614,"pop":111,"pointCount":3,"homeWorkCommuteMedian":7564,"workHomeCommuteMedian":3512},"geometry":{"type":"Polygon","coordinates":[[[127.30248980545588,36.480100000000014],[127.30248980545588,36.48909320363726],[127.31148300909312,36.48909320363726],[127.31148300909312,36.480100000000014],[127.30248980545588,36.480100000000014]]]}},{"type":"Feature","properties":{"jobs":16007,"pop":3128,"pointCount":5,"homeWorkCommuteMedian":7023,"workHomeCommuteMedian":5211},"geometry":{"type":"Polygon","coordinates":[[[127.30248980545588,36.48909320363726],[127.30248980545588,36.498086407274506],[127.31148300909312,36.498086407274506],[127.31148300909312,36.48909320363726],[127.30248980545588,36.48909320363726]]]}},{"type":"Feature","properties":{"jobs":3351,"pop":1821,"pointCount":2,"homeWorkCommuteMedian":5696,"workHomeCommuteMedian":5482},"geometry":{"type":"Polygon","coordinates":[[[127.30248980545588,36.498086407274506],[127.30248980545588,36.50707961091175],[127.31148300909312,36.50707961091175],[127.31148300909312,36.498086407274506],[127.30248980545588,36.498086407274506]]]}},{"type":"Feature","properties":{"jobs":1720,"pop":0,"pointCount":2,"homeWorkCommuteMedian":-1,"workHomeCommuteMedian":44779},"geometry":{"type":"Polygon","coordinates":[[[127.30248980545588,36.59701164728421],[127.30248980545588,36.60600485092146],[127.31148300909312,36.60600485092146],[127.31148300909312,36.59701164728421],[127.30248980545588,36.59701164728421]]]}},{"type":"Feature","properties":{"jobs":3407,"pop":319,"pointCount":2,"homeWorkCommuteMedian":7737,"workHomeCommuteMedian":9712},"geometry":{"type":"Polygon","coordinates":[[[127.30248980545588,36.60600485092146],[127.30248980545588,36.614998054558704],[127.31148300909312,36.614998054558704],[127.31148300909312,36.60600485092146],[127.30248980545588,36.60600485092146]]]}},{"type":"Feature","properties":{"jobs":20150,"pop":4219,"pointCount":5,"homeWorkCommuteMedian":10577,"workHomeCommuteMedian":13686},"geometry":{"type":"Polygon","coordinates":[[[127.30248980545588,36.614998054558704],[127.30248980545588,36.62399125819595],[127.31148300909312,36.62399125819595],[127.31148300909312,36.614998054558704],[127.30248980545588,36.614998054558704]]]}},{"type":"Feature","properties":{"jobs":16158,"pop":2749,"pointCount":4,"homeWorkCommuteMedian":6997,"workHomeCommuteMedian":8308},"geometry":{"type":"Polygon","coordinates":[[[127.31148300909312,36.30922913089234],[127.31148300909312,36.31822233452959],[127.32047621273037,36.31822233452959],[127.32047621273037,36.30922913089234],[127.31148300909312,36.30922913089234]]]}},{"type":"Feature","properties":{"jobs":23,"pop":0,"pointCount":1,"homeWorkCommuteMedian":-1,"workHomeCommuteMedian":3341},"geometry":{"type":"Polygon","coordinates":[[[127.31148300909312,36.32721553816683],[127.31148300909312,36.33620874180408],[127.32047621273037,36.33620874180408],[127.32047621273037,36.32721553816683],[127.31148300909312,36.32721553816683]]]}},{"type":"Feature","properties":{"jobs":3087,"pop":20,"pointCount":6,"homeWorkCommuteMedian":4403,"workHomeCommuteMedian":4523},"geometry":{"type":"Polygon","coordinates":[[[127.31148300909312,36.33620874180408],[127.31148300909312,36.345201945441325],[127.32047621273037,36.345201945441325],[127.32047621273037,36.33620874180408],[127.31148300909312,36.33620874180408]]]}},{"type":"Feature","properties":{"jobs":19586,"pop":0,"pointCount":2,"homeWorkCommuteMedian":-1,"workHomeCommuteMedian":4902},"geometry":{"type":"Polygon","coordinates":[[[127.31148300909312,36.345201945441325],[127.31148300909312,36.35419514907857],[127.32047621273037,36.35419514907857],[127.32047621273037,36.345201945441325],[127.31148300909312,36.345201945441325]]]}},{"type":"Feature","properties":{"jobs":18136,"pop":1676,"pointCount":2,"homeWorkCommuteMedian":4895,"workHomeCommuteMedian":4470},"geometry":{"type":"Polygon","coordinates":[[[127.31148300909312,36.35419514907857],[127.31148300909312,36.36318835271582],[127.32047621273037,36.36318835271582],[127.32047621273037,36.35419514907857],[127.31148300909312,36.35419514907857]]]}},{"type":"Feature","properties":{"jobs":73305,"pop":22808,"pointCount":12,"homeWorkCommuteMedian":5631,"workHomeCommuteMedian":5468},"geometry":{"type":"Polygon","coordinates":[[[127.31148300909312,36.36318835271582],[127.31148300909312,36.37218155635306],[127.32047621273037,36.37218155635306],[127.32047621273037,36.36318835271582],[127.31148300909312,36.36318835271582]]]}},{"type":"Feature","properties":{"jobs":46884,"pop":14481,"pointCount":11,"homeWorkCommuteMedian":4889,"workHomeCommuteMedian":4951},"geometry":{"type":"Polygon","coordinates":[[[127.31148300909312,36.37218155635306],[127.31148300909312,36.38117475999031],[127.32047621273037,36.38117475999031],[127.32047621273037,36.37218155635306],[127.31148300909312,36.37218155635306]]]}},{"type":"Feature","properties":{"jobs":30697,"pop":5801,"pointCount":10,"homeWorkCommuteMedian":4466,"workHomeCommuteMedian":4418},"geometry":{"type":"Polygon","coordinates":[[[127.31148300909312,36.38117475999031],[127.31148300909312,36.390167963627555],[127.32047621273037,36.390167963627555],[127.32047621273037,36.38117475999031],[127.31148300909312,36.38117475999031]]]}},{"type":"Feature","properties":{"jobs":2346,"pop":199,"pointCount":3,"homeWorkCommuteMedian":5090,"workHomeCommuteMedian":3496},"geometry":{"type":"Polygon","coordinates":[[[127.31148300909312,36.390167963627555],[127.31148300909312,36.3991611672648],[127.32047621273037,36.3991611672648],[127.32047621273037,36.390167963627555],[127.31148300909312,36.390167963627555]]]}},{"type":"Feature","properties":{"jobs":4427,"pop":460,"pointCount":2,"homeWorkCommuteMedian":13433,"workHomeCommuteMedian":13327},"geometry":{"type":"Polygon","coordinates":[[[127.31148300909312,36.435133981813784],[127.31148300909312,36.44412718545103],[127.32047621273037,36.44412718545103],[127.32047621273037,36.435133981813784],[127.31148300909312,36.435133981813784]]]}},{"type":"Feature","properties":{"jobs":377,"pop":0,"pointCount":1,"homeWorkCommuteMedian":-1,"workHomeCommuteMedian":4464},"geometry":{"type":"Polygon","coordinates":[[[127.31148300909312,36.47110679636277],[127.31148300909312,36.480100000000014],[127.32047621273037,36.480100000000014],[127.32047621273037,36.47110679636277],[127.31148300909312,36.47110679636277]]]}},{"type":"Feature","properties":{"jobs":9822,"pop":2196,"pointCount":8,"homeWorkCommuteMedian":10012,"workHomeCommuteMedian":8021},"geometry":{"type":"Polygon","coordinates":[[[127.31148300909312,36.480100000000014],[127.31148300909312,36.48909320363726],[127.32047621273037,36.48909320363726],[127.32047621273037,36.480100000000014],[127.31148300909312,36.480100000000014]]]}},{"type":"Feature","properties":{"jobs":16607,"pop":8297,"pointCount":10,"homeWorkCommuteMedian":7499,"workHomeCommuteMedian":7259},"geometry":{"type":"Polygon","coordinates":[[[127.31148300909312,36.48909320363726],[127.31148300909312,36.498086407274506],[127.32047621273037,36.498086407274506],[127.32047621273037,36.48909320363726],[127.31148300909312,36.48909320363726]]]}},{"type":"Feature","properties":{"jobs":17096,"pop":2353,"pointCount":6,"homeWorkCommuteMedian":5890,"workHomeCommuteMedian":3699},"geometry":{"type":"Polygon","coordinates":[[[127.31148300909312,36.498086407274506],[127.31148300909312,36.50707961091175],[127.32047621273037,36.50707961091175],[127.32047621273037,36.498086407274506],[127.31148300909312,36.498086407274506]]]}},{"type":"Feature","properties":{"jobs":1503,"pop":22,"pointCount":1,"homeWorkCommuteMedian":9296,"workHomeCommuteMedian":9438},"geometry":{"type":"Polygon","coordinates":[[[127.31148300909312,36.57902524000972],[127.31148300909312,36.588018443646966],[127.32047621273037,36.588018443646966],[127.32047621273037,36.57902524000972],[127.31148300909312,36.57902524000972]]]}},{"type":"Feature","properties":{"jobs":705,"pop":222,"pointCount":1,"homeWorkCommuteMedian":43553,"workHomeCommuteMedian":-1},"geometry":{"type":"Polygon","coordinates":[[[127.31148300909312,36.59701164728421],[127.31148300909312,36.60600485092146],[127.32047621273037,36.60600485092146],[127.32047621273037,36.59701164728421],[127.31148300909312,36.59701164728421]]]}},{"type":"Feature","properties":{"jobs":7321,"pop":1325,"pointCount":2,"homeWorkCommuteMedian":10378,"workHomeCommuteMedian":12402},"geometry":{"type":"Polygon","coordinates":[[[127.31148300909312,36.60600485092146],[127.31148300909312,36.614998054558704],[127.32047621273037,36.614998054558704],[127.32047621273037,36.60600485092146],[127.31148300909312,36.60600485092146]]]}},{"type":"Feature","properties":{"jobs":26438,"pop":3438,"pointCount":11,"homeWorkCommuteMedian":8948,"workHomeCommuteMedian":7181},"geometry":{"type":"Polygon","coordinates":[[[127.31148300909312,36.614998054558704],[127.31148300909312,36.62399125819595],[127.32047621273037,36.62399125819595],[127.32047621273037,36.614998054558704],[127.31148300909312,36.614998054558704]]]}},{"type":"Feature","properties":{"jobs":2546,"pop":56360,"pointCount":1,"homeWorkCommuteMedian":5636,"workHomeCommuteMedian":8374},"geometry":{"type":"Polygon","coordinates":[[[127.31148300909312,36.62399125819595],[127.31148300909312,36.632984461833196],[127.32047621273037,36.632984461833196],[127.32047621273037,36.62399125819595],[127.31148300909312,36.62399125819595]]]}},{"type":"Feature","properties":{"jobs":4660,"pop":2168,"pointCount":2,"homeWorkCommuteMedian":7314,"workHomeCommuteMedian":4829},"geometry":{"type":"Polygon","coordinates":[[[127.32047621273037,36.30922913089234],[127.32047621273037,36.31822233452959],[127.32946941636762,36.31822233452959],[127.32946941636762,36.30922913089234],[127.32047621273037,36.30922913089234]]]}},{"type":"Feature","properties":{"jobs":441,"pop":21,"pointCount":1,"homeWorkCommuteMedian":3496,"workHomeCommuteMedian":3496},"geometry":{"type":"Polygon","coordinates":[[[127.32047621273037,36.31822233452959],[127.32047621273037,36.32721553816683],[127.32946941636762,36.32721553816683],[127.32946941636762,36.31822233452959],[127.32047621273037,36.31822233452959]]]}},{"type":"Feature","properties":{"jobs":527,"pop":4214,"pointCount":2,"homeWorkCommuteMedian":4812,"workHomeCommuteMedian":4271},"geometry":{"type":"Polygon","coordinates":[[[127.32047621273037,36.32721553816683],[127.32047621273037,36.33620874180408],[127.32946941636762,36.33620874180408],[127.32946941636762,36.32721553816683],[127.32047621273037,36.32721553816683]]]}},{"type":"Feature","properties":{"jobs":2596,"pop":729,"pointCount":2,"homeWorkCommuteMedian":3798,"workHomeCommuteMedian":2883},"geometry":{"type":"Polygon","coordinates":[[[127.32047621273037,36.33620874180408],[127.32047621273037,36.345201945441325],[127.32946941636762,36.345201945441325],[127.32946941636762,36.33620874180408],[127.32047621273037,36.33620874180408]]]}},{"type":"Feature","properties":{"jobs":15797,"pop":4757,"pointCount":6,"homeWorkCommuteMedian":4629,"workHomeCommuteMedian":4299},"geometry":{"type":"Polygon","coordinates":[[[127.32047621273037,36.345201945441325],[127.32047621273037,36.35419514907857],[127.32946941636762,36.35419514907857],[127.32946941636762,36.345201945441325],[127.32047621273037,36.345201945441325]]]}},{"type":"Feature","properties":{"jobs":9096,"pop":52379,"pointCount":5,"homeWorkCommuteMedian":5412,"workHomeCommuteMedian":7954},"geometry":{"type":"Polygon","coordinates":[[[127.32047621273037,36.35419514907857],[127.32047621273037,36.36318835271582],[127.32946941636762,36.36318835271582],[127.32946941636762,36.35419514907857],[127.32047621273037,36.35419514907857]]]}},{"type":"Feature","properties":{"jobs":7714,"pop":1068,"pointCount":7,"homeWorkCommuteMedian":4732,"workHomeCommuteMedian":4959},"geometry":{"type":"Polygon","coordinates":[[[127.32047621273037,36.36318835271582],[127.32047621273037,36.37218155635306],[127.32946941636762,36.37218155635306],[127.32946941636762,36.36318835271582],[127.32047621273037,36.36318835271582]]]}},{"type":"Feature","properties":{"jobs":6717,"pop":393,"pointCount":7,"homeWorkCommuteMedian":4773,"workHomeCommuteMedian":5042},"geometry":{"type":"Polygon","coordinates":[[[127.32047621273037,36.37218155635306],[127.32047621273037,36.38117475999031],[127.32946941636762,36.38117475999031],[127.32946941636762,36.37218155635306],[127.32047621273037,36.37218155635306]]]}},{"type":"Feature","properties":{"jobs":67902,"pop":20488,"pointCount":11,"homeWorkCommuteMedian":5933,"workHomeCommuteMedian":5326},"geometry":{"type":"Polygon","coordinates":[[[127.32047621273037,36.38117475999031],[127.32047621273037,36.390167963627555],[127.32946941636762,36.390167963627555],[127.32946941636762,36.38117475999031],[127.32047621273037,36.38117475999031]]]}},{"type":"Feature","properties":{"jobs":9649,"pop":0,"pointCount":1,"homeWorkCommuteMedian":-1,"workHomeCommuteMedian":5027},"geometry":{"type":"Polygon","coordinates":[[[127.32047621273037,36.390167963627555],[127.32047621273037,36.3991611672648],[127.32946941636762,36.3991611672648],[127.32946941636762,36.390167963627555],[127.32047621273037,36.390167963627555]]]}},{"type":"Feature","properties":{"jobs":5748,"pop":0,"pointCount":1,"homeWorkCommuteMedian":-1,"workHomeCommuteMedian":5737},"geometry":{"type":"Polygon","coordinates":[[[127.32047621273037,36.41714757453929],[127.32047621273037,36.42614077817654],[127.32946941636762,36.42614077817654],[127.32946941636762,36.41714757453929],[127.32047621273037,36.41714757453929]]]}},{"type":"Feature","properties":{"jobs":192,"pop":0,"pointCount":1,"homeWorkCommuteMedian":-1,"workHomeCommuteMedian":4790},"geometry":{"type":"Polygon","coordinates":[[[127.32047621273037,36.42614077817654],[127.32047621273037,36.435133981813784],[127.32946941636762,36.435133981813784],[127.32946941636762,36.42614077817654],[127.32047621273037,36.42614077817654]]]}},{"type":"Feature","properties":{"jobs":383,"pop":0,"pointCount":1,"homeWorkCommuteMedian":-1,"workHomeCommuteMedian":8567},"geometry":{"type":"Polygon","coordinates":[[[127.32047621273037,36.435133981813784],[127.32047621273037,36.44412718545103],[127.32946941636762,36.44412718545103],[127.32946941636762,36.435133981813784],[127.32047621273037,36.435133981813784]]]}},{"type":"Feature","properties":{"jobs":19089,"pop":21,"pointCount":5,"homeWorkCommuteMedian":10305,"workHomeCommuteMedian":3636},"geometry":{"type":"Polygon","coordinates":[[[127.32047621273037,36.480100000000014],[127.32047621273037,36.48909320363726],[127.32946941636762,36.48909320363726],[127.32946941636762,36.480100000000014],[127.32047621273037,36.480100000000014]]]}},{"type":"Feature","properties":{"jobs":29114,"pop":8721,"pointCount":12,"homeWorkCommuteMedian":8345,"workHomeCommuteMedian":4808},"geometry":{"type":"Polygon","coordinates":[[[127.32047621273037,36.48909320363726],[127.32047621273037,36.498086407274506],[127.32946941636762,36.498086407274506],[127.32946941636762,36.48909320363726],[127.32047621273037,36.48909320363726]]]}},{"type":"Feature","properties":{"jobs":3757,"pop":39219,"pointCount":1,"homeWorkCommuteMedian":4008,"workHomeCommuteMedian":6553},"geometry":{"type":"Polygon","coordinates":[[[127.32047621273037,36.498086407274506],[127.32047621273037,36.50707961091175],[127.32946941636762,36.50707961091175],[127.32946941636762,36.498086407274506],[127.32047621273037,36.498086407274506]]]}},{"type":"Feature","properties":{"jobs":1667,"pop":225,"pointCount":1,"homeWorkCommuteMedian":17732,"workHomeCommuteMedian":11428},"geometry":{"type":"Polygon","coordinates":[[[127.32047621273037,36.543052425460736],[127.32047621273037,36.55204562909798],[127.32946941636762,36.55204562909798],[127.32946941636762,36.543052425460736],[127.32047621273037,36.543052425460736]]]}},{"type":"Feature","properties":{"jobs":1589,"pop":327,"pointCount":3,"homeWorkCommuteMedian":6800,"workHomeCommuteMedian":6113},"geometry":{"type":"Polygon","coordinates":[[[127.32047621273037,36.55204562909798],[127.32047621273037,36.56103883273523],[127.32946941636762,36.56103883273523],[127.32946941636762,36.55204562909798],[127.32047621273037,36.55204562909798]]]}},{"type":"Feature","properties":{"jobs":3135,"pop":46,"pointCount":2,"homeWorkCommuteMedian":6802,"workHomeCommuteMedian":6846},"geometry":{"type":"Polygon","coordinates":[[[127.32047621273037,36.56103883273523],[127.32047621273037,36.570032036372474],[127.32946941636762,36.570032036372474],[127.32946941636762,36.56103883273523],[127.32047621273037,36.56103883273523]]]}},{"type":"Feature","properties":{"jobs":2090,"pop":140,"pointCount":3,"homeWorkCommuteMedian":9284,"workHomeCommuteMedian":7728},"geometry":{"type":"Polygon","coordinates":[[[127.32047621273037,36.60600485092146],[127.32047621273037,36.614998054558704],[127.32946941636762,36.614998054558704],[127.32946941636762,36.60600485092146],[127.32047621273037,36.60600485092146]]]}},{"type":"Feature","properties":{"jobs":32841,"pop":4955,"pointCount":5,"homeWorkCommuteMedian":22155,"workHomeCommuteMedian":19144},"geometry":{"type":"Polygon","coordinates":[[[127.32047621273037,36.614998054558704],[127.32047621273037,36.62399125819595],[127.32946941636762,36.62399125819595],[127.32946941636762,36.614998054558704],[127.32047621273037,36.614998054558704]]]}},{"type":"Feature","properties":{"jobs":37926,"pop":5772,"pointCount":8,"homeWorkCommuteMedian":7736,"workHomeCommuteMedian":7462},"geometry":{"type":"Polygon","coordinates":[[[127.32047621273037,36.62399125819595],[127.32047621273037,36.632984461833196],[127.32946941636762,36.632984461833196],[127.32946941636762,36.62399125819595],[127.32047621273037,36.62399125819595]]]}},{"type":"Feature","properties":{"jobs":14236,"pop":338,"pointCount":3,"homeWorkCommuteMedian":6813,"workHomeCommuteMedian":1309},"geometry":{"type":"Polygon","coordinates":[[[127.32047621273037,36.632984461833196],[127.32047621273037,36.64197766547044],[127.32946941636762,36.64197766547044],[127.32946941636762,36.632984461833196],[127.32047621273037,36.632984461833196]]]}},{"type":"Feature","properties":{"jobs":6628,"pop":23,"pointCount":5,"homeWorkCommuteMedian":2268,"workHomeCommuteMedian":5183},"geometry":{"type":"Polygon","coordinates":[[[127.32946941636762,36.30922913089234],[127.32946941636762,36.31822233452959],[127.33846262000486,36.31822233452959],[127.33846262000486,36.30922913089234],[127.32946941636762,36.30922913089234]]]}},{"type":"Feature","properties":{"jobs":1654,"pop":490,"pointCount":1,"homeWorkCommuteMedian":5262,"workHomeCommuteMedian":3088},"geometry":{"type":"Polygon","coordinates":[[[127.32946941636762,36.31822233452959],[127.32946941636762,36.32721553816683],[127.33846262000486,36.32721553816683],[127.33846262000486,36.31822233452959],[127.32946941636762,36.31822233452959]]]}},{"type":"Feature","properties":{"jobs":25427,"pop":3896,"pointCount":7,"homeWorkCommuteMedian":4857,"workHomeCommuteMedian":5637},"geometry":{"type":"Polygon","coordinates":[[[127.32946941636762,36.32721553816683],[127.32946941636762,36.33620874180408],[127.33846262000486,36.33620874180408],[127.33846262000486,36.32721553816683],[127.32946941636762,36.32721553816683]]]}},{"type":"Feature","properties":{"jobs":56057,"pop":121384,"pointCount":9,"homeWorkCommuteMedian":5317,"workHomeCommuteMedian":4837},"geometry":{"type":"Polygon","coordinates":[[[127.32946941636762,36.33620874180408],[127.32946941636762,36.345201945441325],[127.33846262000486,36.345201945441325],[127.33846262000486,36.33620874180408],[127.32946941636762,36.33620874180408]]]}},{"type":"Feature","properties":{"jobs":51689,"pop":17512,"pointCount":15,"homeWorkCommuteMedian":5097,"workHomeCommuteMedian":5250},"geometry":{"type":"Polygon","coordinates":[[[127.32946941636762,36.345201945441325],[127.32946941636762,36.35419514907857],[127.33846262000486,36.35419514907857],[127.33846262000486,36.345201945441325],[127.32946941636762,36.345201945441325]]]}},{"type":"Feature","properties":{"jobs":44869,"pop":16392,"pointCount":8,"homeWorkCommuteMedian":4790,"workHomeCommuteMedian":4691},"geometry":{"type":"Polygon","coordinates":[[[127.32946941636762,36.35419514907857],[127.32946941636762,36.36318835271582],[127.33846262000486,36.36318835271582],[127.33846262000486,36.35419514907857],[127.32946941636762,36.35419514907857]]]}},{"type":"Feature","properties":{"jobs":58829,"pop":21313,"pointCount":9,"homeWorkCommuteMedian":5815,"workHomeCommuteMedian":5933},"geometry":{"type":"Polygon","coordinates":[[[127.32946941636762,36.36318835271582],[127.32946941636762,36.37218155635306],[127.33846262000486,36.37218155635306],[127.33846262000486,36.36318835271582],[127.32946941636762,36.36318835271582]]]}},{"type":"Feature","properties":{"jobs":36784,"pop":2003,"pointCount":5,"homeWorkCommuteMedian":4586,"workHomeCommuteMedian":5637},"geometry":{"type":"Polygon","coordinates":[[[127.32946941636762,36.37218155635306],[127.32946941636762,36.38117475999031],[127.33846262000486,36.38117475999031],[127.33846262000486,36.37218155635306],[127.32946941636762,36.37218155635306]]]}},{"type":"Feature","properties":{"jobs":4137,"pop":407,"pointCount":3,"homeWorkCommuteMedian":5090,"workHomeCommuteMedian":4940},"geometry":{"type":"Polygon","coordinates":[[[127.32946941636762,36.38117475999031],[127.32946941636762,36.390167963627555],[127.33846262000486,36.390167963627555],[127.33846262000486,36.38117475999031],[127.32946941636762,36.38117475999031]]]}},{"type":"Feature","properties":{"jobs":17226,"pop":5274,"pointCount":2,"homeWorkCommuteMedian":8067,"workHomeCommuteMedian":8133},"geometry":{"type":"Polygon","coordinates":[[[127.32946941636762,36.3991611672648],[127.32946941636762,36.40815437090205],[127.33846262000486,36.40815437090205],[127.33846262000486,36.3991611672648],[127.32946941636762,36.3991611672648]]]}},{"type":"Feature","properties":{"jobs":25001,"pop":5812,"pointCount":6,"homeWorkCommuteMedian":8784,"workHomeCommuteMedian":8845},"geometry":{"type":"Polygon","coordinates":[[[127.32946941636762,36.40815437090205],[127.32946941636762,36.41714757453929],[127.33846262000486,36.41714757453929],[127.33846262000486,36.40815437090205],[127.32946941636762,36.40815437090205]]]}},{"type":"Feature","properties":{"jobs":15139,"pop":100,"pointCount":3,"homeWorkCommuteMedian":11310,"workHomeCommuteMedian":5678},"geometry":{"type":"Polygon","coordinates":[[[127.32946941636762,36.41714757453929],[127.32946941636762,36.42614077817654],[127.33846262000486,36.42614077817654],[127.33846262000486,36.41714757453929],[127.32946941636762,36.41714757453929]]]}},{"type":"Feature","properties":{"jobs":743,"pop":0,"pointCount":1,"homeWorkCommuteMedian":-1,"workHomeCommuteMedian":5572},"geometry":{"type":"Polygon","coordinates":[[[127.32946941636762,36.498086407274506],[127.32946941636762,36.50707961091175],[127.33846262000486,36.50707961091175],[127.33846262000486,36.498086407274506],[127.32946941636762,36.498086407274506]]]}},{"type":"Feature","properties":{"jobs":302,"pop":0,"pointCount":1,"homeWorkCommuteMedian":-1,"workHomeCommuteMedian":32141},"geometry":{"type":"Polygon","coordinates":[[[127.32946941636762,36.50707961091175],[127.32946941636762,36.516072814549],[127.33846262000486,36.516072814549],[127.33846262000486,36.50707961091175],[127.32946941636762,36.50707961091175]]]}},{"type":"Feature","properties":{"jobs":45,"pop":0,"pointCount":1,"homeWorkCommuteMedian":-1,"workHomeCommuteMedian":36770},"geometry":{"type":"Polygon","coordinates":[[[127.32946941636762,36.543052425460736],[127.32946941636762,36.55204562909798],[127.33846262000486,36.55204562909798],[127.33846262000486,36.543052425460736],[127.32946941636762,36.543052425460736]]]}},{"type":"Feature","properties":{"jobs":9,"pop":0,"pointCount":1,"homeWorkCommuteMedian":-1,"workHomeCommuteMedian":437},"geometry":{"type":"Polygon","coordinates":[[[127.32946941636762,36.55204562909798],[127.32946941636762,36.56103883273523],[127.33846262000486,36.56103883273523],[127.33846262000486,36.55204562909798],[127.32946941636762,36.55204562909798]]]}},{"type":"Feature","properties":{"jobs":1352,"pop":100,"pointCount":1,"homeWorkCommuteMedian":7312,"workHomeCommuteMedian":7356},"geometry":{"type":"Polygon","coordinates":[[[127.32946941636762,36.614998054558704],[127.32946941636762,36.62399125819595],[127.33846262000486,36.62399125819595],[127.33846262000486,36.614998054558704],[127.32946941636762,36.614998054558704]]]}},{"type":"Feature","properties":{"jobs":1260,"pop":60,"pointCount":2,"homeWorkCommuteMedian":6882,"workHomeCommuteMedian":5054},"geometry":{"type":"Polygon","coordinates":[[[127.32946941636762,36.62399125819595],[127.32946941636762,36.632984461833196],[127.33846262000486,36.632984461833196],[127.33846262000486,36.62399125819595],[127.32946941636762,36.62399125819595]]]}},{"type":"Feature","properties":{"jobs":39683,"pop":8441,"pointCount":6,"homeWorkCommuteMedian":5098,"workHomeCommuteMedian":5026},"geometry":{"type":"Polygon","coordinates":[[[127.33846262000486,36.30922913089234],[127.33846262000486,36.31822233452959],[127.34745582364211,36.31822233452959],[127.34745582364211,36.30922913089234],[127.33846262000486,36.30922913089234]]]}},{"type":"Feature","properties":{"jobs":43406,"pop":19993,"pointCount":8,"homeWorkCommuteMedian":4846,"workHomeCommuteMedian":4734},"geometry":{"type":"Polygon","coordinates":[[[127.33846262000486,36.31822233452959],[127.33846262000486,36.32721553816683],[127.34745582364211,36.32721553816683],[127.34745582364211,36.31822233452959],[127.33846262000486,36.31822233452959]]]}},{"type":"Feature","properties":{"jobs":32973,"pop":9482,"pointCount":7,"homeWorkCommuteMedian":4637,"workHomeCommuteMedian":4823},"geometry":{"type":"Polygon","coordinates":[[[127.33846262000486,36.32721553816683],[127.33846262000486,36.33620874180408],[127.34745582364211,36.33620874180408],[127.34745582364211,36.32721553816683],[127.33846262000486,36.32721553816683]]]}},{"type":"Feature","properties":{"jobs":26097,"pop":58338,"pointCount":7,"homeWorkCommuteMedian":4828,"workHomeCommuteMedian":3815},"geometry":{"type":"Polygon","coordinates":[[[127.33846262000486,36.33620874180408],[127.33846262000486,36.345201945441325],[127.34745582364211,36.345201945441325],[127.34745582364211,36.33620874180408],[127.33846262000486,36.33620874180408]]]}},{"type":"Feature","properties":{"jobs":53271,"pop":13749,"pointCount":13,"homeWorkCommuteMedian":4862,"workHomeCommuteMedian":5683},"geometry":{"type":"Polygon","coordinates":[[[127.33846262000486,36.345201945441325],[127.33846262000486,36.35419514907857],[127.34745582364211,36.35419514907857],[127.34745582364211,36.345201945441325],[127.33846262000486,36.345201945441325]]]}},{"type":"Feature","properties":{"jobs":66410,"pop":22503,"pointCount":12,"homeWorkCommuteMedian":5188,"workHomeCommuteMedian":5416},"geometry":{"type":"Polygon","coordinates":[[[127.33846262000486,36.35419514907857],[127.33846262000486,36.36318835271582],[127.34745582364211,36.36318835271582],[127.34745582364211,36.35419514907857],[127.33846262000486,36.35419514907857]]]}},{"type":"Feature","properties":{"jobs":10674,"pop":0,"pointCount":2,"homeWorkCommuteMedian":-1,"workHomeCommuteMedian":9764},"geometry":{"type":"Polygon","coordinates":[[[127.33846262000486,36.36318835271582],[127.33846262000486,36.37218155635306],[127.34745582364211,36.37218155635306],[127.34745582364211,36.36318835271582],[127.33846262000486,36.36318835271582]]]}},{"type":"Feature","properties":{"jobs":684,"pop":0,"pointCount":1,"homeWorkCommuteMedian":-1,"workHomeCommuteMedian":4479},"geometry":{"type":"Polygon","coordinates":[[[127.33846262000486,36.37218155635306],[127.33846262000486,36.38117475999031],[127.34745582364211,36.38117475999031],[127.34745582364211,36.37218155635306],[127.33846262000486,36.37218155635306]]]}},{"type":"Feature","properties":{"jobs":49925,"pop":19428,"pointCount":3,"homeWorkCommuteMedian":6537,"workHomeCommuteMedian":6964},"geometry":{"type":"Polygon","coordinates":[[[127.33846262000486,36.38117475999031],[127.33846262000486,36.390167963627555],[127.34745582364211,36.390167963627555],[127.34745582364211,36.38117475999031],[127.33846262000486,36.38117475999031]]]}},{"type":"Feature","properties":{"jobs":828,"pop":24,"pointCount":1,"homeWorkCommuteMedian":7373,"workHomeCommuteMedian":8123},"geometry":{"type":"Polygon","coordinates":[[[127.33846262000486,36.390167963627555],[127.33846262000486,36.3991611672648],[127.34745582364211,36.3991611672648],[127.34745582364211,36.390167963627555],[127.33846262000486,36.390167963627555]]]}},{"type":"Feature","properties":{"jobs":18343,"pop":4766,"pointCount":2,"homeWorkCommuteMedian":8553,"workHomeCommuteMedian":8769},"geometry":{"type":"Polygon","coordinates":[[[127.33846262000486,36.40815437090205],[127.33846262000486,36.41714757453929],[127.34745582364211,36.41714757453929],[127.34745582364211,36.40815437090205],[127.33846262000486,36.40815437090205]]]}},{"type":"Feature","properties":{"jobs":913,"pop":329,"pointCount":1,"homeWorkCommuteMedian":11343,"workHomeCommuteMedian":12123},"geometry":{"type":"Polygon","coordinates":[[[127.33846262000486,36.47110679636277],[127.33846262000486,36.480100000000014],[127.34745582364211,36.480100000000014],[127.34745582364211,36.47110679636277],[127.33846262000486,36.47110679636277]]]}},{"type":"Feature","properties":{"jobs":5971,"pop":903,"pointCount":5,"homeWorkCommuteMedian":4901,"workHomeCommuteMedian":5255},"geometry":{"type":"Polygon","coordinates":[[[127.34745582364211,36.30922913089234],[127.34745582364211,36.31822233452959],[127.35644902727935,36.31822233452959],[127.35644902727935,36.30922913089234],[127.34745582364211,36.30922913089234]]]}},{"type":"Feature","properties":{"jobs":5602,"pop":36555,"pointCount":3,"homeWorkCommuteMedian":5068,"workHomeCommuteMedian":2667},"geometry":{"type":"Polygon","coordinates":[[[127.34745582364211,36.31822233452959],[127.34745582364211,36.32721553816683],[127.35644902727935,36.32721553816683],[127.35644902727935,36.31822233452959],[127.34745582364211,36.31822233452959]]]}},{"type":"Feature","properties":{"jobs":386,"pop":25,"pointCount":1,"homeWorkCommuteMedian":5918,"workHomeCommuteMedian":-1},"geometry":{"type":"Polygon","coordinates":[[[127.34745582364211,36.33620874180408],[127.34745582364211,36.345201945441325],[127.35644902727935,36.345201945441325],[127.35644902727935,36.33620874180408],[127.34745582364211,36.33620874180408]]]}},{"type":"Feature","properties":{"jobs":17630,"pop":9275,"pointCount":2,"homeWorkCommuteMedian":4865,"workHomeCommuteMedian":4493},"geometry":{"type":"Polygon","coordinates":[[[127.34745582364211,36.345201945441325],[127.34745582364211,36.35419514907857],[127.35644902727935,36.35419514907857],[127.35644902727935,36.345201945441325],[127.34745582364211,36.345201945441325]]]}},{"type":"Feature","properties":{"jobs":81711,"pop":31903,"pointCount":11,"homeWorkCommuteMedian":5933,"workHomeCommuteMedian":6122},"geometry":{"type":"Polygon","coordinates":[[[127.34745582364211,36.35419514907857],[127.34745582364211,36.36318835271582],[127.35644902727935,36.36318835271582],[127.35644902727935,36.35419514907857],[127.34745582364211,36.35419514907857]]]}},{"type":"Feature","properties":{"jobs":44994,"pop":98956,"pointCount":7,"homeWorkCommuteMedian":5943,"workHomeCommuteMedian":6064},"geometry":{"type":"Polygon","coordinates":[[[127.34745582364211,36.36318835271582],[127.34745582364211,36.37218155635306],[127.35644902727935,36.37218155635306],[127.35644902727935,36.36318835271582],[127.34745582364211,36.36318835271582]]]}},{"type":"Feature","properties":{"jobs":12501,"pop":0,"pointCount":1,"homeWorkCommuteMedian":-1,"workHomeCommuteMedian":5887},"geometry":{"type":"Polygon","coordinates":[[[127.34745582364211,36.37218155635306],[127.34745582364211,36.38117475999031],[127.35644902727935,36.38117475999031],[127.35644902727935,36.37218155635306],[127.34745582364211,36.37218155635306]]]}},{"type":"Feature","properties":{"jobs":64301,"pop":24651,"pointCount":7,"homeWorkCommuteMedian":6601,"workHomeCommuteMedian":6929},"geometry":{"type":"Polygon","coordinates":[[[127.34745582364211,36.38117475999031],[127.34745582364211,36.390167963627555],[127.35644902727935,36.390167963627555],[127.35644902727935,36.38117475999031],[127.34745582364211,36.38117475999031]]]}},{"type":"Feature","properties":{"jobs":13538,"pop":38338,"pointCount":6,"homeWorkCommuteMedian":6098,"workHomeCommuteMedian":6511},"geometry":{"type":"Polygon","coordinates":[[[127.34745582364211,36.390167963627555],[127.34745582364211,36.3991611672648],[127.35644902727935,36.3991611672648],[127.35644902727935,36.390167963627555],[127.34745582364211,36.390167963627555]]]}},{"type":"Feature","properties":{"jobs":1204,"pop":306,"pointCount":1,"homeWorkCommuteMedian":7056,"workHomeCommuteMedian":5461},"geometry":{"type":"Polygon","coordinates":[[[127.34745582364211,36.44412718545103],[127.34745582364211,36.45312038908828],[127.35644902727935,36.45312038908828],[127.35644902727935,36.44412718545103],[127.34745582364211,36.44412718545103]]]}},{"type":"Feature","properties":{"jobs":2790,"pop":0,"pointCount":1,"homeWorkCommuteMedian":-1,"workHomeCommuteMedian":11801},"geometry":{"type":"Polygon","coordinates":[[[127.34745582364211,36.525066018186244],[127.34745582364211,36.53405922182349],[127.35644902727935,36.53405922182349],[127.35644902727935,36.525066018186244],[127.34745582364211,36.525066018186244]]]}},{"type":"Feature","properties":{"jobs":481,"pop":200,"pointCount":1,"homeWorkCommuteMedian":37540,"workHomeCommuteMedian":-1},"geometry":{"type":"Polygon","coordinates":[[[127.34745582364211,36.56103883273523],[127.34745582364211,36.570032036372474],[127.35644902727935,36.570032036372474],[127.35644902727935,36.56103883273523],[127.34745582364211,36.56103883273523]]]}},{"type":"Feature","properties":{"jobs":1292,"pop":0,"pointCount":1,"homeWorkCommuteMedian":-1,"workHomeCommuteMedian":6981},"geometry":{"type":"Polygon","coordinates":[[[127.34745582364211,36.59701164728421],[127.34745582364211,36.60600485092146],[127.35644902727935,36.60600485092146],[127.35644902727935,36.59701164728421],[127.34745582364211,36.59701164728421]]]}},{"type":"Feature","properties":{"jobs":5410,"pop":636,"pointCount":2,"homeWorkCommuteMedian":7358,"workHomeCommuteMedian":7358},"geometry":{"type":"Polygon","coordinates":[[[127.34745582364211,36.60600485092146],[127.34745582364211,36.614998054558704],[127.35644902727935,36.614998054558704],[127.35644902727935,36.60600485092146],[127.34745582364211,36.60600485092146]]]}},{"type":"Feature","properties":{"jobs":2132,"pop":43,"pointCount":1,"homeWorkCommuteMedian":10324,"workHomeCommuteMedian":6225},"geometry":{"type":"Polygon","coordinates":[[[127.34745582364211,36.64197766547044],[127.34745582364211,36.65097086910769],[127.35644902727935,36.65097086910769],[127.35644902727935,36.64197766547044],[127.34745582364211,36.64197766547044]]]}},{"type":"Feature","properties":{"jobs":542,"pop":48,"pointCount":1,"homeWorkCommuteMedian":6941,"workHomeCommuteMedian":1922},"geometry":{"type":"Polygon","coordinates":[[[127.35644902727935,36.30922913089234],[127.35644902727935,36.31822233452959],[127.3654422309166,36.31822233452959],[127.3654422309166,36.30922913089234],[127.35644902727935,36.30922913089234]]]}},{"type":"Feature","properties":{"jobs":3439,"pop":852,"pointCount":1,"homeWorkCommuteMedian":3090,"workHomeCommuteMedian":2867},"geometry":{"type":"Polygon","coordinates":[[[127.35644902727935,36.31822233452959],[127.35644902727935,36.32721553816683],[127.3654422309166,36.32721553816683],[127.3654422309166,36.31822233452959],[127.35644902727935,36.31822233452959]]]}},{"type":"Feature","properties":{"jobs":5842,"pop":2234,"pointCount":2,"homeWorkCommuteMedian":2981,"workHomeCommuteMedian":4807},"geometry":{"type":"Polygon","coordinates":[[[127.35644902727935,36.32721553816683],[127.35644902727935,36.33620874180408],[127.3654422309166,36.33620874180408],[127.3654422309166,36.32721553816683],[127.35644902727935,36.32721553816683]]]}},{"type":"Feature","properties":{"jobs":18805,"pop":9544,"pointCount":2,"homeWorkCommuteMedian":4173,"workHomeCommuteMedian":3601},"geometry":{"type":"Polygon","coordinates":[[[127.35644902727935,36.33620874180408],[127.35644902727935,36.345201945441325],[127.3654422309166,36.345201945441325],[127.3654422309166,36.33620874180408],[127.35644902727935,36.33620874180408]]]}},{"type":"Feature","properties":{"jobs":81451,"pop":38656,"pointCount":8,"homeWorkCommuteMedian":4691,"workHomeCommuteMedian":4291},"geometry":{"type":"Polygon","coordinates":[[[127.35644902727935,36.345201945441325],[127.35644902727935,36.35419514907857],[127.3654422309166,36.35419514907857],[127.3654422309166,36.345201945441325],[127.35644902727935,36.345201945441325]]]}},{"type":"Feature","properties":{"jobs":49975,"pop":4846,"pointCount":9,"homeWorkCommuteMedian":2994,"workHomeCommuteMedian":4698},"geometry":{"type":"Polygon","coordinates":[[[127.35644902727935,36.35419514907857],[127.35644902727935,36.36318835271582],[127.3654422309166,36.36318835271582],[127.3654422309166,36.35419514907857],[127.35644902727935,36.35419514907857]]]}},{"type":"Feature","properties":{"jobs":330,"pop":0,"pointCount":1,"homeWorkCommuteMedian":-1,"workHomeCommuteMedian":6201},"geometry":{"type":"Polygon","coordinates":[[[127.35644902727935,36.36318835271582],[127.35644902727935,36.37218155635306],[127.3654422309166,36.37218155635306],[127.3654422309166,36.36318835271582],[127.35644902727935,36.36318835271582]]]}},{"type":"Feature","properties":{"jobs":68,"pop":0,"pointCount":1,"homeWorkCommuteMedian":-1,"workHomeCommuteMedian":10009},"geometry":{"type":"Polygon","coordinates":[[[127.35644902727935,36.37218155635306],[127.35644902727935,36.38117475999031],[127.3654422309166,36.38117475999031],[127.3654422309166,36.37218155635306],[127.35644902727935,36.37218155635306]]]}},{"type":"Feature","properties":{"jobs":100,"pop":0,"pointCount":1,"homeWorkCommuteMedian":-1,"workHomeCommuteMedian":6975},"geometry":{"type":"Polygon","coordinates":[[[127.35644902727935,36.390167963627555],[127.35644902727935,36.3991611672648],[127.3654422309166,36.3991611672648],[127.3654422309166,36.390167963627555],[127.35644902727935,36.390167963627555]]]}},{"type":"Feature","properties":{"jobs":3030,"pop":0,"pointCount":1,"homeWorkCommuteMedian":-1,"workHomeCommuteMedian":6393},"geometry":{"type":"Polygon","coordinates":[[[127.35644902727935,36.3991611672648],[127.35644902727935,36.40815437090205],[127.3654422309166,36.40815437090205],[127.3654422309166,36.3991611672648],[127.35644902727935,36.3991611672648]]]}},{"type":"Feature","properties":{"jobs":2407,"pop":0,"pointCount":1,"homeWorkCommuteMedian":-1,"workHomeCommuteMedian":6121},"geometry":{"type":"Polygon","coordinates":[[[127.35644902727935,36.41714757453929],[127.35644902727935,36.42614077817654],[127.3654422309166,36.42614077817654],[127.3654422309166,36.41714757453929],[127.35644902727935,36.41714757453929]]]}},{"type":"Feature","properties":{"jobs":1005,"pop":0,"pointCount":1,"homeWorkCommuteMedian":-1,"workHomeCommuteMedian":4277},"geometry":{"type":"Polygon","coordinates":[[[127.35644902727935,36.42614077817654],[127.35644902727935,36.435133981813784],[127.3654422309166,36.435133981813784],[127.3654422309166,36.42614077817654],[127.35644902727935,36.42614077817654]]]}},{"type":"Feature","properties":{"jobs":33363,"pop":16732,"pointCount":2,"homeWorkCommuteMedian":9329,"workHomeCommuteMedian":8845},"geometry":{"type":"Polygon","coordinates":[[[127.35644902727935,36.44412718545103],[127.35644902727935,36.45312038908828],[127.3654422309166,36.45312038908828],[127.3654422309166,36.44412718545103],[127.35644902727935,36.44412718545103]]]}},{"type":"Feature","properties":{"jobs":12021,"pop":21552,"pointCount":3,"homeWorkCommuteMedian":7195,"workHomeCommuteMedian":7000},"geometry":{"type":"Polygon","coordinates":[[[127.35644902727935,36.45312038908828],[127.35644902727935,36.46211359272552],[127.3654422309166,36.46211359272552],[127.3654422309166,36.45312038908828],[127.35644902727935,36.45312038908828]]]}},{"type":"Feature","properties":{"jobs":19099,"pop":388,"pointCount":7,"homeWorkCommuteMedian":11478,"workHomeCommuteMedian":9296},"geometry":{"type":"Polygon","coordinates":[[[127.35644902727935,36.525066018186244],[127.35644902727935,36.53405922182349],[127.3654422309166,36.53405922182349],[127.3654422309166,36.525066018186244],[127.35644902727935,36.525066018186244]]]}},{"type":"Feature","properties":{"jobs":391,"pop":7008,"pointCount":3,"homeWorkCommuteMedian":4216,"workHomeCommuteMedian":10674},"geometry":{"type":"Polygon","coordinates":[[[127.35644902727935,36.59701164728421],[127.35644902727935,36.60600485092146],[127.3654422309166,36.60600485092146],[127.3654422309166,36.59701164728421],[127.35644902727935,36.59701164728421]]]}},{"type":"Feature","properties":{"jobs":31441,"pop":4561,"pointCount":5,"homeWorkCommuteMedian":7700,"workHomeCommuteMedian":5877},"geometry":{"type":"Polygon","coordinates":[[[127.35644902727935,36.614998054558704],[127.35644902727935,36.62399125819595],[127.3654422309166,36.62399125819595],[127.3654422309166,36.614998054558704],[127.35644902727935,36.614998054558704]]]}},{"type":"Feature","properties":{"jobs":24874,"pop":5958,"pointCount":7,"homeWorkCommuteMedian":3878,"workHomeCommuteMedian":3829},"geometry":{"type":"Polygon","coordinates":[[[127.3654422309166,36.30922913089234],[127.3654422309166,36.31822233452959],[127.37443543455385,36.31822233452959],[127.37443543455385,36.30922913089234],[127.3654422309166,36.30922913089234]]]}},{"type":"Feature","properties":{"jobs":52321,"pop":28586,"pointCount":9,"homeWorkCommuteMedian":4477,"workHomeCommuteMedian":3892},"geometry":{"type":"Polygon","coordinates":[[[127.3654422309166,36.31822233452959],[127.3654422309166,36.32721553816683],[127.37443543455385,36.32721553816683],[127.37443543455385,36.31822233452959],[127.3654422309166,36.31822233452959]]]}},{"type":"Feature","properties":{"jobs":29252,"pop":27934,"pointCount":10,"homeWorkCommuteMedian":3565,"workHomeCommuteMedian":2734},"geometry":{"type":"Polygon","coordinates":[[[127.3654422309166,36.32721553816683],[127.3654422309166,36.33620874180408],[127.37443543455385,36.33620874180408],[127.37443543455385,36.32721553816683],[127.3654422309166,36.32721553816683]]]}},{"type":"Feature","properties":{"jobs":31030,"pop":9325,"pointCount":8,"homeWorkCommuteMedian":3511,"workHomeCommuteMedian":3009},"geometry":{"type":"Polygon","coordinates":[[[127.3654422309166,36.33620874180408],[127.3654422309166,36.345201945441325],[127.37443543455385,36.345201945441325],[127.37443543455385,36.33620874180408],[127.3654422309166,36.33620874180408]]]}},{"type":"Feature","properties":{"jobs":44535,"pop":57745,"pointCount":9,"homeWorkCommuteMedian":4060,"workHomeCommuteMedian":3337},"geometry":{"type":"Polygon","coordinates":[[[127.3654422309166,36.345201945441325],[127.3654422309166,36.35419514907857],[127.37443543455385,36.35419514907857],[127.37443543455385,36.345201945441325],[127.3654422309166,36.345201945441325]]]}},{"type":"Feature","properties":{"jobs":50442,"pop":32701,"pointCount":14,"homeWorkCommuteMedian":3666,"workHomeCommuteMedian":3446},"geometry":{"type":"Polygon","coordinates":[[[127.3654422309166,36.35419514907857],[127.3654422309166,36.36318835271582],[127.37443543455385,36.36318835271582],[127.37443543455385,36.35419514907857],[127.3654422309166,36.35419514907857]]]}},{"type":"Feature","properties":{"jobs":9171,"pop":4031,"pointCount":7,"homeWorkCommuteMedian":3637,"workHomeCommuteMedian":3767},"geometry":{"type":"Polygon","coordinates":[[[127.3654422309166,36.36318835271582],[127.3654422309166,36.37218155635306],[127.37443543455385,36.37218155635306],[127.37443543455385,36.36318835271582],[127.3654422309166,36.36318835271582]]]}},{"type":"Feature","properties":{"jobs":12833,"pop":0,"pointCount":3,"homeWorkCommuteMedian":-1,"workHomeCommuteMedian":5273},"geometry":{"type":"Polygon","coordinates":[[[127.3654422309166,36.37218155635306],[127.3654422309166,36.38117475999031],[127.37443543455385,36.38117475999031],[127.37443543455385,36.37218155635306],[127.3654422309166,36.37218155635306]]]}},{"type":"Feature","properties":{"jobs":22575,"pop":9691,"pointCount":2,"homeWorkCommuteMedian":5637,"workHomeCommuteMedian":5854},"geometry":{"type":"Polygon","coordinates":[[[127.3654422309166,36.38117475999031],[127.3654422309166,36.390167963627555],[127.37443543455385,36.390167963627555],[127.37443543455385,36.38117475999031],[127.3654422309166,36.38117475999031]]]}},{"type":"Feature","properties":{"jobs":1028,"pop":30,"pointCount":1,"homeWorkCommuteMedian":13129,"workHomeCommuteMedian":8185},"geometry":{"type":"Polygon","coordinates":[[[127.3654422309166,36.40815437090205],[127.3654422309166,36.41714757453929],[127.37443543455385,36.41714757453929],[127.37443543455385,36.40815437090205],[127.3654422309166,36.40815437090205]]]}},{"type":"Feature","properties":{"jobs":811,"pop":0,"pointCount":1,"homeWorkCommuteMedian":-1,"workHomeCommuteMedian":6741},"geometry":{"type":"Polygon","coordinates":[[[127.3654422309166,36.42614077817654],[127.3654422309166,36.435133981813784],[127.37443543455385,36.435133981813784],[127.37443543455385,36.42614077817654],[127.3654422309166,36.42614077817654]]]}},{"type":"Feature","properties":{"jobs":4183,"pop":87,"pointCount":3,"homeWorkCommuteMedian":13157,"workHomeCommuteMedian":12479},"geometry":{"type":"Polygon","coordinates":[[[127.3654422309166,36.525066018186244],[127.3654422309166,36.53405922182349],[127.37443543455385,36.53405922182349],[127.37443543455385,36.525066018186244],[127.3654422309166,36.525066018186244]]]}},{"type":"Feature","properties":{"jobs":13771,"pop":1666,"pointCount":5,"homeWorkCommuteMedian":7381,"workHomeCommuteMedian":6279},"geometry":{"type":"Polygon","coordinates":[[[127.3654422309166,36.614998054558704],[127.3654422309166,36.62399125819595],[127.37443543455385,36.62399125819595],[127.37443543455385,36.614998054558704],[127.3654422309166,36.614998054558704]]]}},{"type":"Feature","properties":{"jobs":9754,"pop":3314,"pointCount":2,"homeWorkCommuteMedian":8420,"workHomeCommuteMedian":8033},"geometry":{"type":"Polygon","coordinates":[[[127.3654422309166,36.62399125819595],[127.3654422309166,36.632984461833196],[127.37443543455385,36.632984461833196],[127.37443543455385,36.62399125819595],[127.3654422309166,36.62399125819595]]]}},{"type":"Feature","properties":{"jobs":36239,"pop":15112,"pointCount":8,"homeWorkCommuteMedian":4190,"workHomeCommuteMedian":4019},"geometry":{"type":"Polygon","coordinates":[[[127.37443543455385,36.30922913089234],[127.37443543455385,36.31822233452959],[127.38342863819109,36.31822233452959],[127.38342863819109,36.30922913089234],[127.37443543455385,36.30922913089234]]]}},{"type":"Feature","properties":{"jobs":27042,"pop":19956,"pointCount":7,"homeWorkCommuteMedian":4351,"workHomeCommuteMedian":2981},"geometry":{"type":"Polygon","coordinates":[[[127.37443543455385,36.31822233452959],[127.37443543455385,36.32721553816683],[127.38342863819109,36.32721553816683],[127.38342863819109,36.31822233452959],[127.37443543455385,36.31822233452959]]]}},{"type":"Feature","properties":{"jobs":38699,"pop":23023,"pointCount":8,"homeWorkCommuteMedian":3362,"workHomeCommuteMedian":2726},"geometry":{"type":"Polygon","coordinates":[[[127.37443543455385,36.32721553816683],[127.37443543455385,36.33620874180408],[127.38342863819109,36.33620874180408],[127.38342863819109,36.32721553816683],[127.37443543455385,36.32721553816683]]]}},{"type":"Feature","properties":{"jobs":71219,"pop":39017,"pointCount":13,"homeWorkCommuteMedian":3853,"workHomeCommuteMedian":3025},"geometry":{"type":"Polygon","coordinates":[[[127.37443543455385,36.33620874180408],[127.37443543455385,36.345201945441325],[127.38342863819109,36.345201945441325],[127.38342863819109,36.33620874180408],[127.37443543455385,36.33620874180408]]]}},{"type":"Feature","properties":{"jobs":45611,"pop":3808,"pointCount":8,"homeWorkCommuteMedian":2549,"workHomeCommuteMedian":5192},"geometry":{"type":"Polygon","coordinates":[[[127.37443543455385,36.345201945441325],[127.37443543455385,36.35419514907857],[127.38342863819109,36.35419514907857],[127.38342863819109,36.345201945441325],[127.37443543455385,36.345201945441325]]]}},{"type":"Feature","properties":{"jobs":41988,"pop":13340,"pointCount":8,"homeWorkCommuteMedian":5106,"workHomeCommuteMedian":6064},"geometry":{"type":"Polygon","coordinates":[[[127.37443543455385,36.35419514907857],[127.37443543455385,36.36318835271582],[127.38342863819109,36.36318835271582],[127.38342863819109,36.35419514907857],[127.37443543455385,36.35419514907857]]]}},{"type":"Feature","properties":{"jobs":25851,"pop":16125,"pointCount":7,"homeWorkCommuteMedian":4046,"workHomeCommuteMedian":3765},"geometry":{"type":"Polygon","coordinates":[[[127.37443543455385,36.36318835271582],[127.37443543455385,36.37218155635306],[127.38342863819109,36.37218155635306],[127.38342863819109,36.36318835271582],[127.37443543455385,36.36318835271582]]]}},{"type":"Feature","properties":{"jobs":6576,"pop":699,"pointCount":5,"homeWorkCommuteMedian":3668,"workHomeCommuteMedian":6931},"geometry":{"type":"Polygon","coordinates":[[[127.37443543455385,36.37218155635306],[127.37443543455385,36.38117475999031],[127.38342863819109,36.38117475999031],[127.38342863819109,36.37218155635306],[127.37443543455385,36.37218155635306]]]}},{"type":"Feature","properties":{"jobs":19696,"pop":5191,"pointCount":6,"homeWorkCommuteMedian":5014,"workHomeCommuteMedian":5637},"geometry":{"type":"Polygon","coordinates":[[[127.37443543455385,36.38117475999031],[127.37443543455385,36.390167963627555],[127.38342863819109,36.390167963627555],[127.38342863819109,36.38117475999031],[127.37443543455385,36.38117475999031]]]}},{"type":"Feature","properties":{"jobs":2820,"pop":0,"pointCount":1,"homeWorkCommuteMedian":-1,"workHomeCommuteMedian":3591},"geometry":{"type":"Polygon","coordinates":[[[127.37443543455385,36.3991611672648],[127.37443543455385,36.40815437090205],[127.38342863819109,36.40815437090205],[127.38342863819109,36.3991611672648],[127.37443543455385,36.3991611672648]]]}},{"type":"Feature","properties":{"jobs":206,"pop":0,"pointCount":1,"homeWorkCommuteMedian":-1,"workHomeCommuteMedian":9582},"geometry":{"type":"Polygon","coordinates":[[[127.37443543455385,36.40815437090205],[127.37443543455385,36.41714757453929],[127.38342863819109,36.41714757453929],[127.38342863819109,36.40815437090205],[127.37443543455385,36.40815437090205]]]}},{"type":"Feature","properties":{"jobs":24148,"pop":7067,"pointCount":3,"homeWorkCommuteMedian":6602,"workHomeCommuteMedian":6264},"geometry":{"type":"Polygon","coordinates":[[[127.37443543455385,36.41714757453929],[127.37443543455385,36.42614077817654],[127.38342863819109,36.42614077817654],[127.38342863819109,36.41714757453929],[127.37443543455385,36.41714757453929]]]}},{"type":"Feature","properties":{"jobs":37579,"pop":10845,"pointCount":5,"homeWorkCommuteMedian":7027,"workHomeCommuteMedian":7531},"geometry":{"type":"Polygon","coordinates":[[[127.37443543455385,36.42614077817654],[127.37443543455385,36.435133981813784],[127.38342863819109,36.435133981813784],[127.38342863819109,36.42614077817654],[127.37443543455385,36.42614077817654]]]}},{"type":"Feature","properties":{"jobs":51105,"pop":15508,"pointCount":4,"homeWorkCommuteMedian":7724,"workHomeCommuteMedian":9813},"geometry":{"type":"Polygon","coordinates":[[[127.37443543455385,36.435133981813784],[127.37443543455385,36.44412718545103],[127.38342863819109,36.44412718545103],[127.38342863819109,36.435133981813784],[127.37443543455385,36.435133981813784]]]}},{"type":"Feature","properties":{"jobs":1595,"pop":191,"pointCount":2,"homeWorkCommuteMedian":8534,"workHomeCommuteMedian":-1},"geometry":{"type":"Polygon","coordinates":[[[127.37443543455385,36.44412718545103],[127.37443543455385,36.45312038908828],[127.38342863819109,36.45312038908828],[127.38342863819109,36.44412718545103],[127.37443543455385,36.44412718545103]]]}},{"type":"Feature","properties":{"jobs":146,"pop":1595,"pointCount":2,"homeWorkCommuteMedian":2161,"workHomeCommuteMedian":10086},"geometry":{"type":"Polygon","coordinates":[[[127.37443543455385,36.525066018186244],[127.37443543455385,36.53405922182349],[127.38342863819109,36.53405922182349],[127.38342863819109,36.525066018186244],[127.37443543455385,36.525066018186244]]]}},{"type":"Feature","properties":{"jobs":259,"pop":200,"pointCount":1,"homeWorkCommuteMedian":43511,"workHomeCommuteMedian":-1},"geometry":{"type":"Polygon","coordinates":[[[127.37443543455385,36.60600485092146],[127.37443543455385,36.614998054558704],[127.38342863819109,36.614998054558704],[127.38342863819109,36.60600485092146],[127.37443543455385,36.60600485092146]]]}},{"type":"Feature","properties":{"jobs":3121,"pop":529,"pointCount":1,"homeWorkCommuteMedian":7289,"workHomeCommuteMedian":13289},"geometry":{"type":"Polygon","coordinates":[[[127.37443543455385,36.614998054558704],[127.37443543455385,36.62399125819595],[127.38342863819109,36.62399125819595],[127.38342863819109,36.614998054558704],[127.37443543455385,36.614998054558704]]]}},{"type":"Feature","properties":{"jobs":1820,"pop":135,"pointCount":1,"homeWorkCommuteMedian":8134,"workHomeCommuteMedian":13791},"geometry":{"type":"Polygon","coordinates":[[[127.37443543455385,36.62399125819595],[127.37443543455385,36.632984461833196],[127.38342863819109,36.632984461833196],[127.38342863819109,36.62399125819595],[127.37443543455385,36.62399125819595]]]}},{"type":"Feature","properties":{"jobs":1777,"pop":113,"pointCount":1,"homeWorkCommuteMedian":10504,"workHomeCommuteMedian":9329},"geometry":{"type":"Polygon","coordinates":[[[127.37443543455385,36.632984461833196],[127.37443543455385,36.64197766547044],[127.38342863819109,36.64197766547044],[127.38342863819109,36.632984461833196],[127.37443543455385,36.632984461833196]]]}},{"type":"Feature","properties":{"jobs":7136,"pop":3103,"pointCount":6,"homeWorkCommuteMedian":2332,"workHomeCommuteMedian":2883},"geometry":{"type":"Polygon","coordinates":[[[127.38342863819109,36.30922913089234],[127.38342863819109,36.31822233452959],[127.39242184182834,36.31822233452959],[127.39242184182834,36.30922913089234],[127.38342863819109,36.30922913089234]]]}},{"type":"Feature","properties":{"jobs":50892,"pop":45351,"pointCount":8,"homeWorkCommuteMedian":3480,"workHomeCommuteMedian":3004},"geometry":{"type":"Polygon","coordinates":[[[127.38342863819109,36.31822233452959],[127.38342863819109,36.32721553816683],[127.39242184182834,36.32721553816683],[127.39242184182834,36.31822233452959],[127.38342863819109,36.31822233452959]]]}},{"type":"Feature","properties":{"jobs":18112,"pop":11381,"pointCount":6,"homeWorkCommuteMedian":2785,"workHomeCommuteMedian":2521},"geometry":{"type":"Polygon","coordinates":[[[127.38342863819109,36.32721553816683],[127.38342863819109,36.33620874180408],[127.39242184182834,36.33620874180408],[127.39242184182834,36.32721553816683],[127.38342863819109,36.32721553816683]]]}},{"type":"Feature","properties":{"jobs":122063,"pop":51311,"pointCount":8,"homeWorkCommuteMedian":4636,"workHomeCommuteMedian":4943},"geometry":{"type":"Polygon","coordinates":[[[127.38342863819109,36.33620874180408],[127.38342863819109,36.345201945441325],[127.39242184182834,36.345201945441325],[127.39242184182834,36.33620874180408],[127.38342863819109,36.33620874180408]]]}},{"type":"Feature","properties":{"jobs":182179,"pop":107930,"pointCount":9,"homeWorkCommuteMedian":5029,"workHomeCommuteMedian":5325},"geometry":{"type":"Polygon","coordinates":[[[127.38342863819109,36.345201945441325],[127.38342863819109,36.35419514907857],[127.39242184182834,36.35419514907857],[127.39242184182834,36.345201945441325],[127.38342863819109,36.345201945441325]]]}},{"type":"Feature","properties":{"jobs":287803,"pop":156552,"pointCount":4,"homeWorkCommuteMedian":5390,"workHomeCommuteMedian":5536},"geometry":{"type":"Polygon","coordinates":[[[127.38342863819109,36.35419514907857],[127.38342863819109,36.36318835271582],[127.39242184182834,36.36318835271582],[127.39242184182834,36.35419514907857],[127.38342863819109,36.35419514907857]]]}},{"type":"Feature","properties":{"jobs":1331,"pop":0,"pointCount":2,"homeWorkCommuteMedian":-1,"workHomeCommuteMedian":7248},"geometry":{"type":"Polygon","coordinates":[[[127.38342863819109,36.36318835271582],[127.38342863819109,36.37218155635306],[127.39242184182834,36.37218155635306],[127.39242184182834,36.36318835271582],[127.38342863819109,36.36318835271582]]]}},{"type":"Feature","properties":{"jobs":35547,"pop":5819,"pointCount":4,"homeWorkCommuteMedian":4266,"workHomeCommuteMedian":7410},"geometry":{"type":"Polygon","coordinates":[[[127.38342863819109,36.37218155635306],[127.38342863819109,36.38117475999031],[127.39242184182834,36.38117475999031],[127.39242184182834,36.37218155635306],[127.38342863819109,36.37218155635306]]]}},{"type":"Feature","properties":{"jobs":1034,"pop":285,"pointCount":1,"homeWorkCommuteMedian":4800,"workHomeCommuteMedian":5637},"geometry":{"type":"Polygon","coordinates":[[[127.38342863819109,36.38117475999031],[127.38342863819109,36.390167963627555],[127.39242184182834,36.390167963627555],[127.39242184182834,36.38117475999031],[127.38342863819109,36.38117475999031]]]}},{"type":"Feature","properties":{"jobs":27223,"pop":7469,"pointCount":3,"homeWorkCommuteMedian":7467,"workHomeCommuteMedian":6985},"geometry":{"type":"Polygon","coordinates":[[[127.38342863819109,36.40815437090205],[127.38342863819109,36.41714757453929],[127.39242184182834,36.41714757453929],[127.39242184182834,36.40815437090205],[127.38342863819109,36.40815437090205]]]}},{"type":"Feature","properties":{"jobs":34793,"pop":8758,"pointCount":12,"homeWorkCommuteMedian":6015,"workHomeCommuteMedian":5949},"geometry":{"type":"Polygon","coordinates":[[[127.38342863819109,36.41714757453929],[127.38342863819109,36.42614077817654],[127.39242184182834,36.42614077817654],[127.39242184182834,36.41714757453929],[127.38342863819109,36.41714757453929]]]}},{"type":"Feature","properties":{"jobs":23530,"pop":1407,"pointCount":7,"homeWorkCommuteMedian":5042,"workHomeCommuteMedian":5865},"geometry":{"type":"Polygon","coordinates":[[[127.38342863819109,36.42614077817654],[127.38342863819109,36.435133981813784],[127.39242184182834,36.435133981813784],[127.39242184182834,36.42614077817654],[127.38342863819109,36.42614077817654]]]}},{"type":"Feature","properties":{"jobs":8381,"pop":666,"pointCount":5,"homeWorkCommuteMedian":4895,"workHomeCommuteMedian":5608},"geometry":{"type":"Polygon","coordinates":[[[127.38342863819109,36.435133981813784],[127.38342863819109,36.44412718545103],[127.39242184182834,36.44412718545103],[127.39242184182834,36.435133981813784],[127.38342863819109,36.435133981813784]]]}},{"type":"Feature","properties":{"jobs":323,"pop":200,"pointCount":1,"homeWorkCommuteMedian":14723,"workHomeCommuteMedian":-1},"geometry":{"type":"Polygon","coordinates":[[[127.38342863819109,36.570032036372474],[127.38342863819109,36.57902524000972],[127.39242184182834,36.57902524000972],[127.39242184182834,36.570032036372474],[127.38342863819109,36.570032036372474]]]}},{"type":"Feature","properties":{"jobs":3230,"pop":328,"pointCount":2,"homeWorkCommuteMedian":6814,"workHomeCommuteMedian":6875},"geometry":{"type":"Polygon","coordinates":[[[127.38342863819109,36.59701164728421],[127.38342863819109,36.60600485092146],[127.39242184182834,36.60600485092146],[127.39242184182834,36.59701164728421],[127.38342863819109,36.59701164728421]]]}},{"type":"Feature","properties":{"jobs":3951,"pop":394,"pointCount":3,"homeWorkCommuteMedian":40097,"workHomeCommuteMedian":5313},"geometry":{"type":"Polygon","coordinates":[[[127.38342863819109,36.614998054558704],[127.38342863819109,36.62399125819595],[127.39242184182834,36.62399125819595],[127.39242184182834,36.614998054558704],[127.38342863819109,36.614998054558704]]]}},{"type":"Feature","properties":{"jobs":2644,"pop":501,"pointCount":1,"homeWorkCommuteMedian":8179,"workHomeCommuteMedian":8148},"geometry":{"type":"Polygon","coordinates":[[[127.38342863819109,36.62399125819595],[127.38342863819109,36.632984461833196],[127.39242184182834,36.632984461833196],[127.39242184182834,36.62399125819595],[127.38342863819109,36.62399125819595]]]}},{"type":"Feature","properties":{"jobs":1474,"pop":129,"pointCount":1,"homeWorkCommuteMedian":6554,"workHomeCommuteMedian":-1},"geometry":{"type":"Polygon","coordinates":[[[127.38342863819109,36.632984461833196],[127.38342863819109,36.64197766547044],[127.39242184182834,36.64197766547044],[127.39242184182834,36.632984461833196],[127.38342863819109,36.632984461833196]]]}},{"type":"Feature","properties":{"jobs":5766,"pop":2107,"pointCount":1,"homeWorkCommuteMedian":6221,"workHomeCommuteMedian":5833},"geometry":{"type":"Polygon","coordinates":[[[127.38342863819109,36.64197766547044],[127.38342863819109,36.65097086910769],[127.39242184182834,36.65097086910769],[127.39242184182834,36.64197766547044],[127.38342863819109,36.64197766547044]]]}},{"type":"Feature","properties":{"jobs":16647,"pop":5903,"pointCount":7,"homeWorkCommuteMedian":2650,"workHomeCommuteMedian":2429},"geometry":{"type":"Polygon","coordinates":[[[127.39242184182834,36.30922913089234],[127.39242184182834,36.31822233452959],[127.40141504546558,36.31822233452959],[127.40141504546558,36.30922913089234],[127.39242184182834,36.30922913089234]]]}},{"type":"Feature","properties":{"jobs":53937,"pop":20868,"pointCount":11,"homeWorkCommuteMedian":2824,"workHomeCommuteMedian":2761},"geometry":{"type":"Polygon","coordinates":[[[127.39242184182834,36.31822233452959],[127.39242184182834,36.32721553816683],[127.40141504546558,36.32721553816683],[127.40141504546558,36.31822233452959],[127.39242184182834,36.31822233452959]]]}},{"type":"Feature","properties":{"jobs":28201,"pop":21699,"pointCount":6,"homeWorkCommuteMedian":3198,"workHomeCommuteMedian":2787},"geometry":{"type":"Polygon","coordinates":[[[127.39242184182834,36.32721553816683],[127.39242184182834,36.33620874180408],[127.40141504546558,36.33620874180408],[127.40141504546558,36.32721553816683],[127.39242184182834,36.32721553816683]]]}},{"type":"Feature","properties":{"jobs":32795,"pop":26385,"pointCount":9,"homeWorkCommuteMedian":3496,"workHomeCommuteMedian":3188},"geometry":{"type":"Polygon","coordinates":[[[127.39242184182834,36.33620874180408],[127.39242184182834,36.345201945441325],[127.40141504546558,36.345201945441325],[127.40141504546558,36.33620874180408],[127.39242184182834,36.33620874180408]]]}},{"type":"Feature","properties":{"jobs":73282,"pop":33755,"pointCount":12,"homeWorkCommuteMedian":4359,"workHomeCommuteMedian":4633},"geometry":{"type":"Polygon","coordinates":[[[127.39242184182834,36.345201945441325],[127.39242184182834,36.35419514907857],[127.40141504546558,36.35419514907857],[127.40141504546558,36.345201945441325],[127.39242184182834,36.345201945441325]]]}},{"type":"Feature","properties":{"jobs":22176,"pop":5173,"pointCount":8,"homeWorkCommuteMedian":3127,"workHomeCommuteMedian":2966},"geometry":{"type":"Polygon","coordinates":[[[127.39242184182834,36.35419514907857],[127.39242184182834,36.36318835271582],[127.40141504546558,36.36318835271582],[127.40141504546558,36.35419514907857],[127.39242184182834,36.35419514907857]]]}},{"type":"Feature","properties":{"jobs":105,"pop":0,"pointCount":1,"homeWorkCommuteMedian":-1,"workHomeCommuteMedian":1529},"geometry":{"type":"Polygon","coordinates":[[[127.39242184182834,36.36318835271582],[127.39242184182834,36.37218155635306],[127.40141504546558,36.37218155635306],[127.40141504546558,36.36318835271582],[127.39242184182834,36.36318835271582]]]}},{"type":"Feature","properties":{"jobs":174,"pop":1822,"pointCount":1,"homeWorkCommuteMedian":4887,"workHomeCommuteMedian":5892},"geometry":{"type":"Polygon","coordinates":[[[127.39242184182834,36.37218155635306],[127.39242184182834,36.38117475999031],[127.40141504546558,36.38117475999031],[127.40141504546558,36.37218155635306],[127.39242184182834,36.37218155635306]]]}},{"type":"Feature","properties":{"jobs":21520,"pop":29012,"pointCount":6,"homeWorkCommuteMedian":6659,"workHomeCommuteMedian":7238},"geometry":{"type":"Polygon","coordinates":[[[127.39242184182834,36.390167963627555],[127.39242184182834,36.3991611672648],[127.40141504546558,36.3991611672648],[127.40141504546558,36.390167963627555],[127.39242184182834,36.390167963627555]]]}},{"type":"Feature","properties":{"jobs":12166,"pop":1364,"pointCount":4,"homeWorkCommuteMedian":7749,"workHomeCommuteMedian":7029},"geometry":{"type":"Polygon","coordinates":[[[127.39242184182834,36.3991611672648],[127.39242184182834,36.40815437090205],[127.40141504546558,36.40815437090205],[127.40141504546558,36.3991611672648],[127.39242184182834,36.3991611672648]]]}},{"type":"Feature","properties":{"jobs":6093,"pop":1355,"pointCount":3,"homeWorkCommuteMedian":5933,"workHomeCommuteMedian":6549},"geometry":{"type":"Polygon","coordinates":[[[127.39242184182834,36.40815437090205],[127.39242184182834,36.41714757453929],[127.40141504546558,36.41714757453929],[127.40141504546558,36.40815437090205],[127.39242184182834,36.40815437090205]]]}},{"type":"Feature","properties":{"jobs":48256,"pop":48184,"pointCount":12,"homeWorkCommuteMedian":4545,"workHomeCommuteMedian":12034},"geometry":{"type":"Polygon","coordinates":[[[127.39242184182834,36.41714757453929],[127.39242184182834,36.42614077817654],[127.40141504546558,36.42614077817654],[127.40141504546558,36.41714757453929],[127.39242184182834,36.41714757453929]]]}},{"type":"Feature","properties":{"jobs":2500,"pop":0,"pointCount":1,"homeWorkCommuteMedian":-1,"workHomeCommuteMedian":4020},"geometry":{"type":"Polygon","coordinates":[[[127.39242184182834,36.435133981813784],[127.39242184182834,36.44412718545103],[127.40141504546558,36.44412718545103],[127.40141504546558,36.435133981813784],[127.39242184182834,36.435133981813784]]]}},{"type":"Feature","properties":{"jobs":1005,"pop":22,"pointCount":1,"homeWorkCommuteMedian":13760,"workHomeCommuteMedian":16144},"geometry":{"type":"Polygon","coordinates":[[[127.39242184182834,36.56103883273523],[127.39242184182834,36.570032036372474],[127.40141504546558,36.570032036372474],[127.40141504546558,36.56103883273523],[127.39242184182834,36.56103883273523]]]}},{"type":"Feature","properties":{"jobs":10187,"pop":2134,"pointCount":3,"homeWorkCommuteMedian":6650,"workHomeCommuteMedian":6289},"geometry":{"type":"Polygon","coordinates":[[[127.39242184182834,36.59701164728421],[127.39242184182834,36.60600485092146],[127.40141504546558,36.60600485092146],[127.40141504546558,36.59701164728421],[127.39242184182834,36.59701164728421]]]}},{"type":"Feature","properties":{"jobs":1864,"pop":333,"pointCount":1,"homeWorkCommuteMedian":8565,"workHomeCommuteMedian":9440},"geometry":{"type":"Polygon","coordinates":[[[127.39242184182834,36.60600485092146],[127.39242184182834,36.614998054558704],[127.40141504546558,36.614998054558704],[127.40141504546558,36.60600485092146],[127.39242184182834,36.60600485092146]]]}},{"type":"Feature","properties":{"jobs":1083,"pop":4146,"pointCount":1,"homeWorkCommuteMedian":5877,"workHomeCommuteMedian":-1},"geometry":{"type":"Polygon","coordinates":[[[127.39242184182834,36.614998054558704],[127.39242184182834,36.62399125819595],[127.40141504546558,36.62399125819595],[127.40141504546558,36.614998054558704],[127.39242184182834,36.614998054558704]]]}},{"type":"Feature","properties":{"jobs":3165,"pop":725,"pointCount":1,"homeWorkCommuteMedian":6409,"workHomeCommuteMedian":5933},"geometry":{"type":"Polygon","coordinates":[[[127.39242184182834,36.632984461833196],[127.39242184182834,36.64197766547044],[127.40141504546558,36.64197766547044],[127.40141504546558,36.632984461833196],[127.39242184182834,36.632984461833196]]]}},{"type":"Feature","properties":{"jobs":10361,"pop":2583,"pointCount":3,"homeWorkCommuteMedian":5543,"workHomeCommuteMedian":5635},"geometry":{"type":"Polygon","coordinates":[[[127.39242184182834,36.64197766547044],[127.39242184182834,36.65097086910769],[127.40141504546558,36.65097086910769],[127.40141504546558,36.64197766547044],[127.39242184182834,36.64197766547044]]]}},{"type":"Feature","properties":{"jobs":63580,"pop":28081,"pointCount":12,"homeWorkCommuteMedian":3565,"workHomeCommuteMedian":3565},"geometry":{"type":"Polygon","coordinates":[[[127.40141504546558,36.30922913089234],[127.40141504546558,36.31822233452959],[127.41040824910283,36.31822233452959],[127.41040824910283,36.30922913089234],[127.40141504546558,36.30922913089234]]]}},{"type":"Feature","properties":{"jobs":93569,"pop":31126,"pointCount":13,"homeWorkCommuteMedian":3380,"workHomeCommuteMedian":3652},"geometry":{"type":"Polygon","coordinates":[[[127.40141504546558,36.31822233452959],[127.40141504546558,36.32721553816683],[127.41040824910283,36.32721553816683],[127.41040824910283,36.31822233452959],[127.40141504546558,36.31822233452959]]]}},{"type":"Feature","properties":{"jobs":48221,"pop":51637,"pointCount":8,"homeWorkCommuteMedian":3787,"workHomeCommuteMedian":2521},"geometry":{"type":"Polygon","coordinates":[[[127.40141504546558,36.32721553816683],[127.40141504546558,36.33620874180408],[127.41040824910283,36.33620874180408],[127.41040824910283,36.32721553816683],[127.40141504546558,36.32721553816683]]]}},{"type":"Feature","properties":{"jobs":43422,"pop":18934,"pointCount":6,"homeWorkCommuteMedian":3288,"workHomeCommuteMedian":3077},"geometry":{"type":"Polygon","coordinates":[[[127.40141504546558,36.33620874180408],[127.40141504546558,36.345201945441325],[127.41040824910283,36.345201945441325],[127.41040824910283,36.33620874180408],[127.40141504546558,36.33620874180408]]]}},{"type":"Feature","properties":{"jobs":12916,"pop":4280,"pointCount":6,"homeWorkCommuteMedian":3506,"workHomeCommuteMedian":3496},"geometry":{"type":"Polygon","coordinates":[[[127.40141504546558,36.345201945441325],[127.40141504546558,36.35419514907857],[127.41040824910283,36.35419514907857],[127.41040824910283,36.345201945441325],[127.40141504546558,36.345201945441325]]]}},{"type":"Feature","properties":{"jobs":23857,"pop":7358,"pointCount":3,"homeWorkCommuteMedian":3544,"workHomeCommuteMedian":3948},"geometry":{"type":"Polygon","coordinates":[[[127.40141504546558,36.35419514907857],[127.40141504546558,36.36318835271582],[127.41040824910283,36.36318835271582],[127.41040824910283,36.35419514907857],[127.40141504546558,36.35419514907857]]]}},{"type":"Feature","properties":{"jobs":23869,"pop":25725,"pointCount":3,"homeWorkCommuteMedian":5180,"workHomeCommuteMedian":5637},"geometry":{"type":"Polygon","coordinates":[[[127.40141504546558,36.36318835271582],[127.40141504546558,36.37218155635306],[127.41040824910283,36.37218155635306],[127.41040824910283,36.36318835271582],[127.40141504546558,36.36318835271582]]]}},{"type":"Feature","properties":{"jobs":41004,"pop":11628,"pointCount":8,"homeWorkCommuteMedian":6935,"workHomeCommuteMedian":7038},"geometry":{"type":"Polygon","coordinates":[[[127.40141504546558,36.390167963627555],[127.40141504546558,36.3991611672648],[127.41040824910283,36.3991611672648],[127.41040824910283,36.390167963627555],[127.40141504546558,36.390167963627555]]]}},{"type":"Feature","properties":{"jobs":20963,"pop":4800,"pointCount":5,"homeWorkCommuteMedian":6930,"workHomeCommuteMedian":6576},"geometry":{"type":"Polygon","coordinates":[[[127.40141504546558,36.3991611672648],[127.40141504546558,36.40815437090205],[127.41040824910283,36.40815437090205],[127.41040824910283,36.3991611672648],[127.40141504546558,36.3991611672648]]]}},{"type":"Feature","properties":{"jobs":12500,"pop":0,"pointCount":1,"homeWorkCommuteMedian":-1,"workHomeCommuteMedian":3349},"geometry":{"type":"Polygon","coordinates":[[[127.40141504546558,36.40815437090205],[127.40141504546558,36.41714757453929],[127.41040824910283,36.41714757453929],[127.41040824910283,36.40815437090205],[127.40141504546558,36.40815437090205]]]}},{"type":"Feature","properties":{"jobs":1498,"pop":0,"pointCount":1,"homeWorkCommuteMedian":-1,"workHomeCommuteMedian":5771},"geometry":{"type":"Polygon","coordinates":[[[127.40141504546558,36.42614077817654],[127.40141504546558,36.435133981813784],[127.41040824910283,36.435133981813784],[127.41040824910283,36.42614077817654],[127.40141504546558,36.42614077817654]]]}},{"type":"Feature","properties":{"jobs":3818,"pop":4467,"pointCount":1,"homeWorkCommuteMedian":4383,"workHomeCommuteMedian":4944},"geometry":{"type":"Polygon","coordinates":[[[127.40141504546558,36.435133981813784],[127.40141504546558,36.44412718545103],[127.41040824910283,36.44412718545103],[127.41040824910283,36.435133981813784],[127.40141504546558,36.435133981813784]]]}},{"type":"Feature","properties":{"jobs":8615,"pop":674,"pointCount":2,"homeWorkCommuteMedian":4257,"workHomeCommuteMedian":5042},"geometry":{"type":"Polygon","coordinates":[[[127.40141504546558,36.44412718545103],[127.40141504546558,36.45312038908828],[127.41040824910283,36.45312038908828],[127.41040824910283,36.44412718545103],[127.40141504546558,36.44412718545103]]]}},{"type":"Feature","properties":{"jobs":44,"pop":0,"pointCount":1,"homeWorkCommuteMedian":-1,"workHomeCommuteMedian":20544},"geometry":{"type":"Polygon","coordinates":[[[127.40141504546558,36.47110679636277],[127.40141504546558,36.480100000000014],[127.41040824910283,36.480100000000014],[127.41040824910283,36.47110679636277],[127.40141504546558,36.47110679636277]]]}},{"type":"Feature","properties":{"jobs":276,"pop":200,"pointCount":1,"homeWorkCommuteMedian":20402,"workHomeCommuteMedian":-1},"geometry":{"type":"Polygon","coordinates":[[[127.40141504546558,36.498086407274506],[127.40141504546558,36.50707961091175],[127.41040824910283,36.50707961091175],[127.41040824910283,36.498086407274506],[127.40141504546558,36.498086407274506]]]}},{"type":"Feature","properties":{"jobs":168,"pop":0,"pointCount":1,"homeWorkCommuteMedian":-1,"workHomeCommuteMedian":19358},"geometry":{"type":"Polygon","coordinates":[[[127.40141504546558,36.516072814549],[127.40141504546558,36.525066018186244],[127.41040824910283,36.525066018186244],[127.41040824910283,36.516072814549],[127.40141504546558,36.516072814549]]]}},{"type":"Feature","properties":{"jobs":993,"pop":21,"pointCount":1,"homeWorkCommuteMedian":14466,"workHomeCommuteMedian":12777},"geometry":{"type":"Polygon","coordinates":[[[127.40141504546558,36.57902524000972],[127.40141504546558,36.588018443646966],[127.41040824910283,36.588018443646966],[127.41040824910283,36.57902524000972],[127.40141504546558,36.57902524000972]]]}},{"type":"Feature","properties":{"jobs":6893,"pop":1684,"pointCount":2,"homeWorkCommuteMedian":4763,"workHomeCommuteMedian":4944},"geometry":{"type":"Polygon","coordinates":[[[127.40141504546558,36.614998054558704],[127.40141504546558,36.62399125819595],[127.41040824910283,36.62399125819595],[127.41040824910283,36.614998054558704],[127.40141504546558,36.614998054558704]]]}},{"type":"Feature","properties":{"jobs":2297,"pop":192,"pointCount":1,"homeWorkCommuteMedian":5637,"workHomeCommuteMedian":6980},"geometry":{"type":"Polygon","coordinates":[[[127.40141504546558,36.62399125819595],[127.40141504546558,36.632984461833196],[127.41040824910283,36.632984461833196],[127.41040824910283,36.62399125819595],[127.40141504546558,36.62399125819595]]]}},{"type":"Feature","properties":{"jobs":4297,"pop":390,"pointCount":2,"homeWorkCommuteMedian":6015,"workHomeCommuteMedian":7202},"geometry":{"type":"Polygon","coordinates":[[[127.40141504546558,36.632984461833196],[127.40141504546558,36.64197766547044],[127.41040824910283,36.64197766547044],[127.41040824910283,36.632984461833196],[127.40141504546558,36.632984461833196]]]}},{"type":"Feature","properties":{"jobs":5852,"pop":1177,"pointCount":2,"homeWorkCommuteMedian":5090,"workHomeCommuteMedian":4691},"geometry":{"type":"Polygon","coordinates":[[[127.40141504546558,36.64197766547044],[127.40141504546558,36.65097086910769],[127.41040824910283,36.65097086910769],[127.41040824910283,36.64197766547044],[127.40141504546558,36.64197766547044]]]}},{"type":"Feature","properties":{"jobs":31038,"pop":15434,"pointCount":7,"homeWorkCommuteMedian":3537,"workHomeCommuteMedian":2966},"geometry":{"type":"Polygon","coordinates":[[[127.41040824910283,36.30922913089234],[127.41040824910283,36.31822233452959],[127.41940145274008,36.31822233452959],[127.41940145274008,36.30922913089234],[127.41040824910283,36.30922913089234]]]}},{"type":"Feature","properties":{"jobs":76248,"pop":29373,"pointCount":10,"homeWorkCommuteMedian":3303,"workHomeCommuteMedian":3496},"geometry":{"type":"Polygon","coordinates":[[[127.41040824910283,36.31822233452959],[127.41040824910283,36.32721553816683],[127.41940145274008,36.32721553816683],[127.41940145274008,36.31822233452959],[127.41040824910283,36.31822233452959]]]}},{"type":"Feature","properties":{"jobs":77733,"pop":32558,"pointCount":11,"homeWorkCommuteMedian":3565,"workHomeCommuteMedian":3667},"geometry":{"type":"Polygon","coordinates":[[[127.41040824910283,36.32721553816683],[127.41040824910283,36.33620874180408],[127.41940145274008,36.33620874180408],[127.41940145274008,36.32721553816683],[127.41040824910283,36.32721553816683]]]}},{"type":"Feature","properties":{"jobs":14152,"pop":5464,"pointCount":6,"homeWorkCommuteMedian":2870,"workHomeCommuteMedian":2883},"geometry":{"type":"Polygon","coordinates":[[[127.41040824910283,36.33620874180408],[127.41040824910283,36.345201945441325],[127.41940145274008,36.345201945441325],[127.41940145274008,36.33620874180408],[127.41040824910283,36.33620874180408]]]}},{"type":"Feature","properties":{"jobs":20174,"pop":5449,"pointCount":9,"homeWorkCommuteMedian":3104,"workHomeCommuteMedian":3156},"geometry":{"type":"Polygon","coordinates":[[[127.41040824910283,36.345201945441325],[127.41040824910283,36.35419514907857],[127.41940145274008,36.35419514907857],[127.41940145274008,36.345201945441325],[127.41040824910283,36.345201945441325]]]}},{"type":"Feature","properties":{"jobs":54282,"pop":33844,"pointCount":8,"homeWorkCommuteMedian":3888,"workHomeCommuteMedian":3955},"geometry":{"type":"Polygon","coordinates":[[[127.41040824910283,36.35419514907857],[127.41040824910283,36.36318835271582],[127.41940145274008,36.36318835271582],[127.41940145274008,36.35419514907857],[127.41040824910283,36.35419514907857]]]}},{"type":"Feature","properties":{"jobs":13531,"pop":1922,"pointCount":5,"homeWorkCommuteMedian":3565,"workHomeCommuteMedian":4539},"geometry":{"type":"Polygon","coordinates":[[[127.41040824910283,36.36318835271582],[127.41040824910283,36.37218155635306],[127.41940145274008,36.37218155635306],[127.41940145274008,36.36318835271582],[127.41040824910283,36.36318835271582]]]}},{"type":"Feature","properties":{"jobs":5276,"pop":269,"pointCount":4,"homeWorkCommuteMedian":3127,"workHomeCommuteMedian":3983},"geometry":{"type":"Polygon","coordinates":[[[127.41040824910283,36.37218155635306],[127.41040824910283,36.38117475999031],[127.41940145274008,36.38117475999031],[127.41940145274008,36.37218155635306],[127.41040824910283,36.37218155635306]]]}},{"type":"Feature","properties":{"jobs":5199,"pop":1929,"pointCount":1,"homeWorkCommuteMedian":6201,"workHomeCommuteMedian":5766},"geometry":{"type":"Polygon","coordinates":[[[127.41040824910283,36.390167963627555],[127.41040824910283,36.3991611672648],[127.41940145274008,36.3991611672648],[127.41940145274008,36.390167963627555],[127.41040824910283,36.390167963627555]]]}},{"type":"Feature","properties":{"jobs":1999,"pop":0,"pointCount":1,"homeWorkCommuteMedian":-1,"workHomeCommuteMedian":6760},"geometry":{"type":"Polygon","coordinates":[[[127.41040824910283,36.41714757453929],[127.41040824910283,36.42614077817654],[127.41940145274008,36.42614077817654],[127.41940145274008,36.41714757453929],[127.41040824910283,36.41714757453929]]]}},{"type":"Feature","properties":{"jobs":17365,"pop":8826,"pointCount":2,"homeWorkCommuteMedian":6246,"workHomeCommuteMedian":7131},"geometry":{"type":"Polygon","coordinates":[[[127.41040824910283,36.42614077817654],[127.41040824910283,36.435133981813784],[127.41940145274008,36.435133981813784],[127.41940145274008,36.42614077817654],[127.41040824910283,36.42614077817654]]]}},{"type":"Feature","properties":{"jobs":8796,"pop":2691,"pointCount":3,"homeWorkCommuteMedian":5138,"workHomeCommuteMedian":5265},"geometry":{"type":"Polygon","coordinates":[[[127.41040824910283,36.435133981813784],[127.41040824910283,36.44412718545103],[127.41940145274008,36.44412718545103],[127.41940145274008,36.435133981813784],[127.41040824910283,36.435133981813784]]]}},{"type":"Feature","properties":{"jobs":30719,"pop":7645,"pointCount":6,"homeWorkCommuteMedian":5974,"workHomeCommuteMedian":7049},"geometry":{"type":"Polygon","coordinates":[[[127.41040824910283,36.44412718545103],[127.41040824910283,36.45312038908828],[127.41940145274008,36.45312038908828],[127.41940145274008,36.44412718545103],[127.41040824910283,36.44412718545103]]]}},{"type":"Feature","properties":{"jobs":2,"pop":0,"pointCount":1,"homeWorkCommuteMedian":-1,"workHomeCommuteMedian":3217},"geometry":{"type":"Polygon","coordinates":[[[127.41040824910283,36.48909320363726],[127.41040824910283,36.498086407274506],[127.41940145274008,36.498086407274506],[127.41940145274008,36.48909320363726],[127.41040824910283,36.48909320363726]]]}},{"type":"Feature","properties":{"jobs":2124,"pop":158,"pointCount":1,"homeWorkCommuteMedian":9025,"workHomeCommuteMedian":5049},"geometry":{"type":"Polygon","coordinates":[[[127.41040824910283,36.60600485092146],[127.41040824910283,36.614998054558704],[127.41940145274008,36.614998054558704],[127.41940145274008,36.60600485092146],[127.41040824910283,36.60600485092146]]]}},{"type":"Feature","properties":{"jobs":15636,"pop":3760,"pointCount":4,"homeWorkCommuteMedian":3765,"workHomeCommuteMedian":3565},"geometry":{"type":"Polygon","coordinates":[[[127.41040824910283,36.62399125819595],[127.41040824910283,36.632984461833196],[127.41940145274008,36.632984461833196],[127.41940145274008,36.62399125819595],[127.41040824910283,36.62399125819595]]]}},{"type":"Feature","properties":{"jobs":14911,"pop":3501,"pointCount":2,"homeWorkCommuteMedian":3959,"workHomeCommuteMedian":4062},"geometry":{"type":"Polygon","coordinates":[[[127.41040824910283,36.632984461833196],[127.41040824910283,36.64197766547044],[127.41940145274008,36.64197766547044],[127.41940145274008,36.632984461833196],[127.41040824910283,36.632984461833196]]]}},{"type":"Feature","properties":{"jobs":22317,"pop":5621,"pointCount":9,"homeWorkCommuteMedian":2797,"workHomeCommuteMedian":2521},"geometry":{"type":"Polygon","coordinates":[[[127.41940145274008,36.30922913089234],[127.41940145274008,36.31822233452959],[127.42839465637732,36.31822233452959],[127.42839465637732,36.30922913089234],[127.41940145274008,36.30922913089234]]]}},{"type":"Feature","properties":{"jobs":60068,"pop":28918,"pointCount":11,"homeWorkCommuteMedian":3264,"workHomeCommuteMedian":3147},"geometry":{"type":"Polygon","coordinates":[[[127.41940145274008,36.31822233452959],[127.41940145274008,36.32721553816683],[127.42839465637732,36.32721553816683],[127.42839465637732,36.31822233452959],[127.41940145274008,36.31822233452959]]]}},{"type":"Feature","properties":{"jobs":47044,"pop":26800,"pointCount":11,"homeWorkCommuteMedian":3880,"workHomeCommuteMedian":3679},"geometry":{"type":"Polygon","coordinates":[[[127.41940145274008,36.32721553816683],[127.41940145274008,36.33620874180408],[127.42839465637732,36.33620874180408],[127.42839465637732,36.32721553816683],[127.41940145274008,36.32721553816683]]]}},{"type":"Feature","properties":{"jobs":31524,"pop":59613,"pointCount":8,"homeWorkCommuteMedian":4077,"workHomeCommuteMedian":2966},"geometry":{"type":"Polygon","coordinates":[[[127.41940145274008,36.33620874180408],[127.41940145274008,36.345201945441325],[127.42839465637732,36.345201945441325],[127.42839465637732,36.33620874180408],[127.41940145274008,36.33620874180408]]]}},{"type":"Feature","properties":{"jobs":32413,"pop":14246,"pointCount":10,"homeWorkCommuteMedian":2966,"workHomeCommuteMedian":3120},"geometry":{"type":"Polygon","coordinates":[[[127.41940145274008,36.345201945441325],[127.41940145274008,36.35419514907857],[127.42839465637732,36.35419514907857],[127.42839465637732,36.345201945441325],[127.41940145274008,36.345201945441325]]]}},{"type":"Feature","properties":{"jobs":35326,"pop":29197,"pointCount":11,"homeWorkCommuteMedian":3978,"workHomeCommuteMedian":3050},"geometry":{"type":"Polygon","coordinates":[[[127.41940145274008,36.35419514907857],[127.41940145274008,36.36318835271582],[127.42839465637732,36.36318835271582],[127.42839465637732,36.35419514907857],[127.41940145274008,36.35419514907857]]]}},{"type":"Feature","properties":{"jobs":29633,"pop":16474,"pointCount":10,"homeWorkCommuteMedian":3565,"workHomeCommuteMedian":3398},"geometry":{"type":"Polygon","coordinates":[[[127.41940145274008,36.36318835271582],[127.41940145274008,36.37218155635306],[127.42839465637732,36.37218155635306],[127.42839465637732,36.36318835271582],[127.41940145274008,36.36318835271582]]]}},{"type":"Feature","properties":{"jobs":7351,"pop":1192,"pointCount":7,"homeWorkCommuteMedian":3397,"workHomeCommuteMedian":3496},"geometry":{"type":"Polygon","coordinates":[[[127.41940145274008,36.37218155635306],[127.41940145274008,36.38117475999031],[127.42839465637732,36.38117475999031],[127.42839465637732,36.37218155635306],[127.41940145274008,36.37218155635306]]]}},{"type":"Feature","properties":{"jobs":1098,"pop":0,"pointCount":1,"homeWorkCommuteMedian":-1,"workHomeCommuteMedian":4457},"geometry":{"type":"Polygon","coordinates":[[[127.41940145274008,36.38117475999031],[127.41940145274008,36.390167963627555],[127.42839465637732,36.390167963627555],[127.42839465637732,36.38117475999031],[127.41940145274008,36.38117475999031]]]}},{"type":"Feature","properties":{"jobs":31145,"pop":12379,"pointCount":7,"homeWorkCommuteMedian":6982,"workHomeCommuteMedian":6597},"geometry":{"type":"Polygon","coordinates":[[[127.41940145274008,36.390167963627555],[127.41940145274008,36.3991611672648],[127.42839465637732,36.3991611672648],[127.42839465637732,36.390167963627555],[127.41940145274008,36.390167963627555]]]}},{"type":"Feature","properties":{"jobs":12329,"pop":6059,"pointCount":2,"homeWorkCommuteMedian":6447,"workHomeCommuteMedian":6724},"geometry":{"type":"Polygon","coordinates":[[[127.41940145274008,36.3991611672648],[127.41940145274008,36.40815437090205],[127.42839465637732,36.40815437090205],[127.42839465637732,36.3991611672648],[127.41940145274008,36.3991611672648]]]}},{"type":"Feature","properties":{"jobs":2463,"pop":642,"pointCount":1,"homeWorkCommuteMedian":5637,"workHomeCommuteMedian":5836},"geometry":{"type":"Polygon","coordinates":[[[127.41940145274008,36.41714757453929],[127.41940145274008,36.42614077817654],[127.42839465637732,36.42614077817654],[127.42839465637732,36.41714757453929],[127.41940145274008,36.41714757453929]]]}},{"type":"Feature","properties":{"jobs":9886,"pop":4794,"pointCount":2,"homeWorkCommuteMedian":5594,"workHomeCommuteMedian":5787},"geometry":{"type":"Polygon","coordinates":[[[127.41940145274008,36.42614077817654],[127.41940145274008,36.435133981813784],[127.42839465637732,36.435133981813784],[127.42839465637732,36.42614077817654],[127.41940145274008,36.42614077817654]]]}},{"type":"Feature","properties":{"jobs":34929,"pop":16687,"pointCount":6,"homeWorkCommuteMedian":6553,"workHomeCommuteMedian":6899},"geometry":{"type":"Polygon","coordinates":[[[127.41940145274008,36.435133981813784],[127.41940145274008,36.44412718545103],[127.42839465637732,36.44412718545103],[127.42839465637732,36.435133981813784],[127.41940145274008,36.435133981813784]]]}},{"type":"Feature","properties":{"jobs":10985,"pop":25947,"pointCount":11,"homeWorkCommuteMedian":5504,"workHomeCommuteMedian":4910},"geometry":{"type":"Polygon","coordinates":[[[127.41940145274008,36.44412718545103],[127.41940145274008,36.45312038908828],[127.42839465637732,36.45312038908828],[127.42839465637732,36.44412718545103],[127.41940145274008,36.44412718545103]]]}},{"type":"Feature","properties":{"jobs":5260,"pop":709,"pointCount":4,"homeWorkCommuteMedian":3765,"workHomeCommuteMedian":5190},"geometry":{"type":"Polygon","coordinates":[[[127.41940145274008,36.45312038908828],[127.41940145274008,36.46211359272552],[127.42839465637732,36.46211359272552],[127.42839465637732,36.45312038908828],[127.41940145274008,36.45312038908828]]]}},{"type":"Feature","properties":{"jobs":2031,"pop":0,"pointCount":4,"homeWorkCommuteMedian":-1,"workHomeCommuteMedian":6582},"geometry":{"type":"Polygon","coordinates":[[[127.41940145274008,36.47110679636277],[127.41940145274008,36.480100000000014],[127.42839465637732,36.480100000000014],[127.42839465637732,36.47110679636277],[127.41940145274008,36.47110679636277]]]}},{"type":"Feature","properties":{"jobs":4,"pop":0,"pointCount":1,"homeWorkCommuteMedian":-1,"workHomeCommuteMedian":5369},"geometry":{"type":"Polygon","coordinates":[[[127.41940145274008,36.480100000000014],[127.41940145274008,36.48909320363726],[127.42839465637732,36.48909320363726],[127.42839465637732,36.480100000000014],[127.41940145274008,36.480100000000014]]]}},{"type":"Feature","properties":{"jobs":2957,"pop":1598,"pointCount":2,"homeWorkCommuteMedian":12861,"workHomeCommuteMedian":12738},"geometry":{"type":"Polygon","coordinates":[[[127.41940145274008,36.56103883273523],[127.41940145274008,36.570032036372474],[127.42839465637732,36.570032036372474],[127.42839465637732,36.56103883273523],[127.41940145274008,36.56103883273523]]]}},{"type":"Feature","properties":{"jobs":10262,"pop":1418,"pointCount":1,"homeWorkCommuteMedian":11105,"workHomeCommuteMedian":10489},"geometry":{"type":"Polygon","coordinates":[[[127.41940145274008,36.570032036372474],[127.41940145274008,36.57902524000972],[127.42839465637732,36.57902524000972],[127.42839465637732,36.570032036372474],[127.41940145274008,36.570032036372474]]]}},{"type":"Feature","properties":{"jobs":19022,"pop":5131,"pointCount":4,"homeWorkCommuteMedian":5029,"workHomeCommuteMedian":4253},"geometry":{"type":"Polygon","coordinates":[[[127.41940145274008,36.60600485092146],[127.41940145274008,36.614998054558704],[127.42839465637732,36.614998054558704],[127.42839465637732,36.60600485092146],[127.41940145274008,36.60600485092146]]]}},{"type":"Feature","properties":{"jobs":29083,"pop":8111,"pointCount":5,"homeWorkCommuteMedian":4747,"workHomeCommuteMedian":3765},"geometry":{"type":"Polygon","coordinates":[[[127.41940145274008,36.614998054558704],[127.41940145274008,36.62399125819595],[127.42839465637732,36.62399125819595],[127.42839465637732,36.614998054558704],[127.41940145274008,36.614998054558704]]]}},{"type":"Feature","properties":{"jobs":23329,"pop":6037,"pointCount":5,"homeWorkCommuteMedian":3765,"workHomeCommuteMedian":3195},"geometry":{"type":"Polygon","coordinates":[[[127.41940145274008,36.62399125819595],[127.41940145274008,36.632984461833196],[127.42839465637732,36.632984461833196],[127.42839465637732,36.62399125819595],[127.41940145274008,36.62399125819595]]]}},{"type":"Feature","properties":{"jobs":50071,"pop":12333,"pointCount":11,"homeWorkCommuteMedian":3765,"workHomeCommuteMedian":3496},"geometry":{"type":"Polygon","coordinates":[[[127.41940145274008,36.632984461833196],[127.41940145274008,36.64197766547044],[127.42839465637732,36.64197766547044],[127.42839465637732,36.632984461833196],[127.41940145274008,36.632984461833196]]]}},{"type":"Feature","properties":{"jobs":47849,"pop":4282,"pointCount":5,"homeWorkCommuteMedian":4253,"workHomeCommuteMedian":6762},"geometry":{"type":"Polygon","coordinates":[[[127.41940145274008,36.64197766547044],[127.41940145274008,36.65097086910769],[127.42839465637732,36.65097086910769],[127.42839465637732,36.64197766547044],[127.41940145274008,36.64197766547044]]]}},{"type":"Feature","properties":{"jobs":16385,"pop":5705,"pointCount":10,"homeWorkCommuteMedian":3031,"workHomeCommuteMedian":2966},"geometry":{"type":"Polygon","coordinates":[[[127.42839465637732,36.30922913089234],[127.42839465637732,36.31822233452959],[127.43738786001457,36.31822233452959],[127.43738786001457,36.30922913089234],[127.42839465637732,36.30922913089234]]]}},{"type":"Feature","properties":{"jobs":26002,"pop":7734,"pointCount":7,"homeWorkCommuteMedian":2869,"workHomeCommuteMedian":2803},"geometry":{"type":"Polygon","coordinates":[[[127.42839465637732,36.31822233452959],[127.42839465637732,36.32721553816683],[127.43738786001457,36.32721553816683],[127.43738786001457,36.31822233452959],[127.42839465637732,36.31822233452959]]]}},{"type":"Feature","properties":{"jobs":109605,"pop":214791,"pointCount":10,"homeWorkCommuteMedian":4717,"workHomeCommuteMedian":4944},"geometry":{"type":"Polygon","coordinates":[[[127.42839465637732,36.32721553816683],[127.42839465637732,36.33620874180408],[127.43738786001457,36.33620874180408],[127.43738786001457,36.32721553816683],[127.42839465637732,36.32721553816683]]]}},{"type":"Feature","properties":{"jobs":31425,"pop":34103,"pointCount":9,"homeWorkCommuteMedian":3275,"workHomeCommuteMedian":2716},"geometry":{"type":"Polygon","coordinates":[[[127.42839465637732,36.33620874180408],[127.42839465637732,36.345201945441325],[127.43738786001457,36.345201945441325],[127.43738786001457,36.33620874180408],[127.42839465637732,36.33620874180408]]]}},{"type":"Feature","properties":{"jobs":100235,"pop":22488,"pointCount":11,"homeWorkCommuteMedian":3062,"workHomeCommuteMedian":3526},"geometry":{"type":"Polygon","coordinates":[[[127.42839465637732,36.345201945441325],[127.42839465637732,36.35419514907857],[127.43738786001457,36.35419514907857],[127.43738786001457,36.345201945441325],[127.42839465637732,36.345201945441325]]]}},{"type":"Feature","properties":{"jobs":40196,"pop":28837,"pointCount":7,"homeWorkCommuteMedian":3534,"workHomeCommuteMedian":3127},"geometry":{"type":"Polygon","coordinates":[[[127.42839465637732,36.35419514907857],[127.42839465637732,36.36318835271582],[127.43738786001457,36.36318835271582],[127.43738786001457,36.35419514907857],[127.42839465637732,36.35419514907857]]]}},{"type":"Feature","properties":{"jobs":73710,"pop":34213,"pointCount":21,"homeWorkCommuteMedian":4077,"workHomeCommuteMedian":3765},"geometry":{"type":"Polygon","coordinates":[[[127.42839465637732,36.36318835271582],[127.42839465637732,36.37218155635306],[127.43738786001457,36.37218155635306],[127.43738786001457,36.36318835271582],[127.42839465637732,36.36318835271582]]]}},{"type":"Feature","properties":{"jobs":1017,"pop":0,"pointCount":2,"homeWorkCommuteMedian":-1,"workHomeCommuteMedian":5491},"geometry":{"type":"Polygon","coordinates":[[[127.42839465637732,36.37218155635306],[127.42839465637732,36.38117475999031],[127.43738786001457,36.38117475999031],[127.43738786001457,36.37218155635306],[127.42839465637732,36.37218155635306]]]}},{"type":"Feature","properties":{"jobs":56,"pop":8292,"pointCount":1,"homeWorkCommuteMedian":7301,"workHomeCommuteMedian":-1},"geometry":{"type":"Polygon","coordinates":[[[127.42839465637732,36.390167963627555],[127.42839465637732,36.3991611672648],[127.43738786001457,36.3991611672648],[127.43738786001457,36.390167963627555],[127.42839465637732,36.390167963627555]]]}},{"type":"Feature","properties":{"jobs":6,"pop":0,"pointCount":1,"homeWorkCommuteMedian":-1,"workHomeCommuteMedian":3072},"geometry":{"type":"Polygon","coordinates":[[[127.42839465637732,36.40815437090205],[127.42839465637732,36.41714757453929],[127.43738786001457,36.41714757453929],[127.43738786001457,36.40815437090205],[127.42839465637732,36.40815437090205]]]}},{"type":"Feature","properties":{"jobs":1274,"pop":14774,"pointCount":2,"homeWorkCommuteMedian":6659,"workHomeCommuteMedian":7701},"geometry":{"type":"Polygon","coordinates":[[[127.42839465637732,36.42614077817654],[127.42839465637732,36.435133981813784],[127.43738786001457,36.435133981813784],[127.43738786001457,36.42614077817654],[127.42839465637732,36.42614077817654]]]}},{"type":"Feature","properties":{"jobs":12854,"pop":538,"pointCount":4,"homeWorkCommuteMedian":6993,"workHomeCommuteMedian":5595},"geometry":{"type":"Polygon","coordinates":[[[127.42839465637732,36.435133981813784],[127.42839465637732,36.44412718545103],[127.43738786001457,36.44412718545103],[127.43738786001457,36.435133981813784],[127.42839465637732,36.435133981813784]]]}},{"type":"Feature","properties":{"jobs":11583,"pop":4504,"pointCount":9,"homeWorkCommuteMedian":4438,"workHomeCommuteMedian":4818},"geometry":{"type":"Polygon","coordinates":[[[127.42839465637732,36.44412718545103],[127.42839465637732,36.45312038908828],[127.43738786001457,36.45312038908828],[127.43738786001457,36.44412718545103],[127.42839465637732,36.44412718545103]]]}},{"type":"Feature","properties":{"jobs":1931,"pop":703,"pointCount":2,"homeWorkCommuteMedian":3901,"workHomeCommuteMedian":3765},"geometry":{"type":"Polygon","coordinates":[[[127.42839465637732,36.45312038908828],[127.42839465637732,36.46211359272552],[127.43738786001457,36.46211359272552],[127.43738786001457,36.45312038908828],[127.42839465637732,36.45312038908828]]]}},{"type":"Feature","properties":{"jobs":75,"pop":1213,"pointCount":1,"homeWorkCommuteMedian":6641,"workHomeCommuteMedian":-1},"geometry":{"type":"Polygon","coordinates":[[[127.42839465637732,36.48909320363726],[127.42839465637732,36.498086407274506],[127.43738786001457,36.498086407274506],[127.43738786001457,36.48909320363726],[127.42839465637732,36.48909320363726]]]}},{"type":"Feature","properties":{"jobs":201,"pop":0,"pointCount":1,"homeWorkCommuteMedian":-1,"workHomeCommuteMedian":6503},"geometry":{"type":"Polygon","coordinates":[[[127.42839465637732,36.516072814549],[127.42839465637732,36.525066018186244],[127.43738786001457,36.525066018186244],[127.43738786001457,36.516072814549],[127.42839465637732,36.516072814549]]]}},{"type":"Feature","properties":{"jobs":455,"pop":200,"pointCount":1,"homeWorkCommuteMedian":21674,"workHomeCommuteMedian":-1},"geometry":{"type":"Polygon","coordinates":[[[127.42839465637732,36.543052425460736],[127.42839465637732,36.55204562909798],[127.43738786001457,36.55204562909798],[127.43738786001457,36.543052425460736],[127.42839465637732,36.543052425460736]]]}},{"type":"Feature","properties":{"jobs":4309,"pop":512,"pointCount":3,"homeWorkCommuteMedian":11638,"workHomeCommuteMedian":12232},"geometry":{"type":"Polygon","coordinates":[[[127.42839465637732,36.55204562909798],[127.42839465637732,36.56103883273523],[127.43738786001457,36.56103883273523],[127.43738786001457,36.55204562909798],[127.42839465637732,36.55204562909798]]]}},{"type":"Feature","properties":{"jobs":958,"pop":21,"pointCount":1,"homeWorkCommuteMedian":8879,"workHomeCommuteMedian":8527},"geometry":{"type":"Polygon","coordinates":[[[127.42839465637732,36.56103883273523],[127.42839465637732,36.570032036372474],[127.43738786001457,36.570032036372474],[127.43738786001457,36.56103883273523],[127.42839465637732,36.56103883273523]]]}},{"type":"Feature","properties":{"jobs":20239,"pop":2119,"pointCount":6,"homeWorkCommuteMedian":4764,"workHomeCommuteMedian":4105},"geometry":{"type":"Polygon","coordinates":[[[127.42839465637732,36.60600485092146],[127.42839465637732,36.614998054558704],[127.43738786001457,36.614998054558704],[127.43738786001457,36.60600485092146],[127.42839465637732,36.60600485092146]]]}},{"type":"Feature","properties":{"jobs":20675,"pop":48657,"pointCount":10,"homeWorkCommuteMedian":3265,"workHomeCommuteMedian":3165},"geometry":{"type":"Polygon","coordinates":[[[127.42839465637732,36.614998054558704],[127.42839465637732,36.62399125819595],[127.43738786001457,36.62399125819595],[127.43738786001457,36.614998054558704],[127.42839465637732,36.614998054558704]]]}},{"type":"Feature","properties":{"jobs":95306,"pop":11767,"pointCount":12,"homeWorkCommuteMedian":4792,"workHomeCommuteMedian":6574},"geometry":{"type":"Polygon","coordinates":[[[127.42839465637732,36.62399125819595],[127.42839465637732,36.632984461833196],[127.43738786001457,36.632984461833196],[127.43738786001457,36.62399125819595],[127.42839465637732,36.62399125819595]]]}},{"type":"Feature","properties":{"jobs":41009,"pop":49183,"pointCount":9,"homeWorkCommuteMedian":3390,"workHomeCommuteMedian":3479},"geometry":{"type":"Polygon","coordinates":[[[127.42839465637732,36.632984461833196],[127.42839465637732,36.64197766547044],[127.43738786001457,36.64197766547044],[127.43738786001457,36.632984461833196],[127.42839465637732,36.632984461833196]]]}},{"type":"Feature","properties":{"jobs":23439,"pop":220,"pointCount":5,"homeWorkCommuteMedian":41232,"workHomeCommuteMedian":3265},"geometry":{"type":"Polygon","coordinates":[[[127.42839465637732,36.64197766547044],[127.42839465637732,36.65097086910769],[127.43738786001457,36.65097086910769],[127.43738786001457,36.64197766547044],[127.42839465637732,36.64197766547044]]]}},{"type":"Feature","properties":{"jobs":17718,"pop":4971,"pointCount":6,"homeWorkCommuteMedian":2521,"workHomeCommuteMedian":2584},"geometry":{"type":"Polygon","coordinates":[[[127.43738786001457,36.30922913089234],[127.43738786001457,36.31822233452959],[127.44638106365181,36.31822233452959],[127.44638106365181,36.30922913089234],[127.43738786001457,36.30922913089234]]]}},{"type":"Feature","properties":{"jobs":45589,"pop":27605,"pointCount":10,"homeWorkCommuteMedian":3147,"workHomeCommuteMedian":2925},"geometry":{"type":"Polygon","coordinates":[[[127.43738786001457,36.31822233452959],[127.43738786001457,36.32721553816683],[127.44638106365181,36.32721553816683],[127.44638106365181,36.31822233452959],[127.43738786001457,36.31822233452959]]]}},{"type":"Feature","properties":{"jobs":64979,"pop":24035,"pointCount":10,"homeWorkCommuteMedian":3577,"workHomeCommuteMedian":3514},"geometry":{"type":"Polygon","coordinates":[[[127.43738786001457,36.32721553816683],[127.43738786001457,36.33620874180408],[127.44638106365181,36.33620874180408],[127.44638106365181,36.32721553816683],[127.43738786001457,36.32721553816683]]]}},{"type":"Feature","properties":{"jobs":24588,"pop":13269,"pointCount":8,"homeWorkCommuteMedian":2692,"workHomeCommuteMedian":2517},"geometry":{"type":"Polygon","coordinates":[[[127.43738786001457,36.33620874180408],[127.43738786001457,36.345201945441325],[127.44638106365181,36.345201945441325],[127.44638106365181,36.33620874180408],[127.43738786001457,36.33620874180408]]]}},{"type":"Feature","properties":{"jobs":51063,"pop":13783,"pointCount":7,"homeWorkCommuteMedian":3127,"workHomeCommuteMedian":3765},"geometry":{"type":"Polygon","coordinates":[[[127.43738786001457,36.345201945441325],[127.43738786001457,36.35419514907857],[127.44638106365181,36.35419514907857],[127.44638106365181,36.345201945441325],[127.43738786001457,36.345201945441325]]]}},{"type":"Feature","properties":{"jobs":32814,"pop":13898,"pointCount":9,"homeWorkCommuteMedian":3724,"workHomeCommuteMedian":3496},"geometry":{"type":"Polygon","coordinates":[[[127.43738786001457,36.35419514907857],[127.43738786001457,36.36318835271582],[127.44638106365181,36.36318835271582],[127.44638106365181,36.35419514907857],[127.43738786001457,36.35419514907857]]]}},{"type":"Feature","properties":{"jobs":35491,"pop":27748,"pointCount":10,"homeWorkCommuteMedian":5027,"workHomeCommuteMedian":4358},"geometry":{"type":"Polygon","coordinates":[[[127.43738786001457,36.36318835271582],[127.43738786001457,36.37218155635306],[127.44638106365181,36.37218155635306],[127.44638106365181,36.36318835271582],[127.43738786001457,36.36318835271582]]]}},{"type":"Feature","properties":{"jobs":12501,"pop":0,"pointCount":1,"homeWorkCommuteMedian":-1,"workHomeCommuteMedian":6981},"geometry":{"type":"Polygon","coordinates":[[[127.43738786001457,36.3991611672648],[127.43738786001457,36.40815437090205],[127.44638106365181,36.40815437090205],[127.44638106365181,36.3991611672648],[127.43738786001457,36.3991611672648]]]}},{"type":"Feature","properties":{"jobs":1493,"pop":164,"pointCount":1,"homeWorkCommuteMedian":7840,"workHomeCommuteMedian":7711},"geometry":{"type":"Polygon","coordinates":[[[127.43738786001457,36.40815437090205],[127.43738786001457,36.41714757453929],[127.44638106365181,36.41714757453929],[127.44638106365181,36.40815437090205],[127.43738786001457,36.40815437090205]]]}},{"type":"Feature","properties":{"jobs":410,"pop":25,"pointCount":1,"homeWorkCommuteMedian":10481,"workHomeCommuteMedian":-1},"geometry":{"type":"Polygon","coordinates":[[[127.43738786001457,36.41714757453929],[127.43738786001457,36.42614077817654],[127.44638106365181,36.42614077817654],[127.44638106365181,36.41714757453929],[127.43738786001457,36.41714757453929]]]}},{"type":"Feature","properties":{"jobs":562,"pop":93,"pointCount":1,"homeWorkCommuteMedian":8190,"workHomeCommuteMedian":7715},"geometry":{"type":"Polygon","coordinates":[[[127.43738786001457,36.42614077817654],[127.43738786001457,36.435133981813784],[127.44638106365181,36.435133981813784],[127.44638106365181,36.42614077817654],[127.43738786001457,36.42614077817654]]]}},{"type":"Feature","properties":{"jobs":257,"pop":0,"pointCount":2,"homeWorkCommuteMedian":-1,"workHomeCommuteMedian":17780},"geometry":{"type":"Polygon","coordinates":[[[127.43738786001457,36.44412718545103],[127.43738786001457,36.45312038908828],[127.44638106365181,36.45312038908828],[127.44638106365181,36.44412718545103],[127.43738786001457,36.44412718545103]]]}},{"type":"Feature","properties":{"jobs":1154,"pop":0,"pointCount":1,"homeWorkCommuteMedian":-1,"workHomeCommuteMedian":5461},"geometry":{"type":"Polygon","coordinates":[[[127.43738786001457,36.48909320363726],[127.43738786001457,36.498086407274506],[127.44638106365181,36.498086407274506],[127.44638106365181,36.48909320363726],[127.43738786001457,36.48909320363726]]]}},{"type":"Feature","properties":{"jobs":838,"pop":0,"pointCount":1,"homeWorkCommuteMedian":-1,"workHomeCommuteMedian":6851},"geometry":{"type":"Polygon","coordinates":[[[127.43738786001457,36.57902524000972],[127.43738786001457,36.588018443646966],[127.44638106365181,36.588018443646966],[127.44638106365181,36.57902524000972],[127.43738786001457,36.57902524000972]]]}},{"type":"Feature","properties":{"jobs":16489,"pop":4689,"pointCount":4,"homeWorkCommuteMedian":4800,"workHomeCommuteMedian":4615},"geometry":{"type":"Polygon","coordinates":[[[127.43738786001457,36.60600485092146],[127.43738786001457,36.614998054558704],[127.44638106365181,36.614998054558704],[127.44638106365181,36.60600485092146],[127.43738786001457,36.60600485092146]]]}},{"type":"Feature","properties":{"jobs":56163,"pop":14088,"pointCount":15,"homeWorkCommuteMedian":4944,"workHomeCommuteMedian":4691},"geometry":{"type":"Polygon","coordinates":[[[127.43738786001457,36.614998054558704],[127.43738786001457,36.62399125819595],[127.44638106365181,36.62399125819595],[127.44638106365181,36.614998054558704],[127.43738786001457,36.614998054558704]]]}},{"type":"Feature","properties":{"jobs":26517,"pop":17642,"pointCount":11,"homeWorkCommuteMedian":2980,"workHomeCommuteMedian":2883},"geometry":{"type":"Polygon","coordinates":[[[127.43738786001457,36.62399125819595],[127.43738786001457,36.632984461833196],[127.44638106365181,36.632984461833196],[127.44638106365181,36.62399125819595],[127.43738786001457,36.62399125819595]]]}},{"type":"Feature","properties":{"jobs":12703,"pop":2629,"pointCount":7,"homeWorkCommuteMedian":3550,"workHomeCommuteMedian":3955},"geometry":{"type":"Polygon","coordinates":[[[127.43738786001457,36.632984461833196],[127.43738786001457,36.64197766547044],[127.44638106365181,36.64197766547044],[127.44638106365181,36.632984461833196],[127.43738786001457,36.632984461833196]]]}},{"type":"Feature","properties":{"jobs":14912,"pop":17727,"pointCount":6,"homeWorkCommuteMedian":4253,"workHomeCommuteMedian":2966},"geometry":{"type":"Polygon","coordinates":[[[127.44638106365181,36.30922913089234],[127.44638106365181,36.31822233452959],[127.45537426728906,36.31822233452959],[127.45537426728906,36.30922913089234],[127.44638106365181,36.30922913089234]]]}},{"type":"Feature","properties":{"jobs":4617,"pop":4340,"pointCount":6,"homeWorkCommuteMedian":4365,"workHomeCommuteMedian":2211},"geometry":{"type":"Polygon","coordinates":[[[127.44638106365181,36.31822233452959],[127.44638106365181,36.32721553816683],[127.45537426728906,36.32721553816683],[127.45537426728906,36.31822233452959],[127.44638106365181,36.31822233452959]]]}},{"type":"Feature","properties":{"jobs":31486,"pop":6587,"pointCount":9,"homeWorkCommuteMedian":2883,"workHomeCommuteMedian":2883},"geometry":{"type":"Polygon","coordinates":[[[127.44638106365181,36.32721553816683],[127.44638106365181,36.33620874180408],[127.45537426728906,36.33620874180408],[127.45537426728906,36.32721553816683],[127.44638106365181,36.32721553816683]]]}},{"type":"Feature","properties":{"jobs":28281,"pop":19154,"pointCount":8,"homeWorkCommuteMedian":3411,"workHomeCommuteMedian":2883},"geometry":{"type":"Polygon","coordinates":[[[127.44638106365181,36.33620874180408],[127.44638106365181,36.345201945441325],[127.45537426728906,36.345201945441325],[127.45537426728906,36.33620874180408],[127.44638106365181,36.33620874180408]]]}},{"type":"Feature","properties":{"jobs":40824,"pop":24703,"pointCount":10,"homeWorkCommuteMedian":3951,"workHomeCommuteMedian":3091},"geometry":{"type":"Polygon","coordinates":[[[127.44638106365181,36.345201945441325],[127.44638106365181,36.35419514907857],[127.45537426728906,36.35419514907857],[127.45537426728906,36.345201945441325],[127.44638106365181,36.345201945441325]]]}},{"type":"Feature","properties":{"jobs":38379,"pop":13487,"pointCount":8,"homeWorkCommuteMedian":3955,"workHomeCommuteMedian":3496},"geometry":{"type":"Polygon","coordinates":[[[127.44638106365181,36.35419514907857],[127.44638106365181,36.36318835271582],[127.45537426728906,36.36318835271582],[127.45537426728906,36.35419514907857],[127.44638106365181,36.35419514907857]]]}},{"type":"Feature","properties":{"jobs":174,"pop":5245,"pointCount":1,"homeWorkCommuteMedian":7411,"workHomeCommuteMedian":-1},"geometry":{"type":"Polygon","coordinates":[[[127.44638106365181,36.36318835271582],[127.44638106365181,36.37218155635306],[127.45537426728906,36.37218155635306],[127.45537426728906,36.36318835271582],[127.44638106365181,36.36318835271582]]]}},{"type":"Feature","properties":{"jobs":2178,"pop":694,"pointCount":1,"homeWorkCommuteMedian":5484,"workHomeCommuteMedian":5600},"geometry":{"type":"Polygon","coordinates":[[[127.44638106365181,36.42614077817654],[127.44638106365181,36.435133981813784],[127.45537426728906,36.435133981813784],[127.45537426728906,36.42614077817654],[127.44638106365181,36.42614077817654]]]}},{"type":"Feature","properties":{"jobs":1966,"pop":534,"pointCount":2,"homeWorkCommuteMedian":5325,"workHomeCommuteMedian":5325},"geometry":{"type":"Polygon","coordinates":[[[127.44638106365181,36.44412718545103],[127.44638106365181,36.45312038908828],[127.45537426728906,36.45312038908828],[127.45537426728906,36.44412718545103],[127.44638106365181,36.44412718545103]]]}},{"type":"Feature","properties":{"jobs":4944,"pop":1357,"pointCount":4,"homeWorkCommuteMedian":5964,"workHomeCommuteMedian":5816},"geometry":{"type":"Polygon","coordinates":[[[127.44638106365181,36.45312038908828],[127.44638106365181,36.46211359272552],[127.45537426728906,36.46211359272552],[127.45537426728906,36.45312038908828],[127.44638106365181,36.45312038908828]]]}},{"type":"Feature","properties":{"jobs":1365,"pop":29,"pointCount":1,"homeWorkCommuteMedian":6050,"workHomeCommuteMedian":8155},"geometry":{"type":"Polygon","coordinates":[[[127.44638106365181,36.570032036372474],[127.44638106365181,36.57902524000972],[127.45537426728906,36.57902524000972],[127.45537426728906,36.570032036372474],[127.44638106365181,36.570032036372474]]]}},{"type":"Feature","properties":{"jobs":590,"pop":0,"pointCount":2,"homeWorkCommuteMedian":-1,"workHomeCommuteMedian":6661},"geometry":{"type":"Polygon","coordinates":[[[127.44638106365181,36.59701164728421],[127.44638106365181,36.60600485092146],[127.45537426728906,36.60600485092146],[127.45537426728906,36.59701164728421],[127.44638106365181,36.59701164728421]]]}},{"type":"Feature","properties":{"jobs":14536,"pop":2983,"pointCount":6,"homeWorkCommuteMedian":5042,"workHomeCommuteMedian":4691},"geometry":{"type":"Polygon","coordinates":[[[127.44638106365181,36.60600485092146],[127.44638106365181,36.614998054558704],[127.45537426728906,36.614998054558704],[127.45537426728906,36.60600485092146],[127.44638106365181,36.60600485092146]]]}},{"type":"Feature","properties":{"jobs":22190,"pop":15192,"pointCount":9,"homeWorkCommuteMedian":4029,"workHomeCommuteMedian":3496},"geometry":{"type":"Polygon","coordinates":[[[127.44638106365181,36.614998054558704],[127.44638106365181,36.62399125819595],[127.45537426728906,36.62399125819595],[127.45537426728906,36.614998054558704],[127.44638106365181,36.614998054558704]]]}},{"type":"Feature","properties":{"jobs":19138,"pop":1308,"pointCount":6,"homeWorkCommuteMedian":2797,"workHomeCommuteMedian":4132},"geometry":{"type":"Polygon","coordinates":[[[127.44638106365181,36.62399125819595],[127.44638106365181,36.632984461833196],[127.45537426728906,36.632984461833196],[127.45537426728906,36.62399125819595],[127.44638106365181,36.62399125819595]]]}},{"type":"Feature","properties":{"jobs":11807,"pop":1524,"pointCount":8,"homeWorkCommuteMedian":3765,"workHomeCommuteMedian":3562},"geometry":{"type":"Polygon","coordinates":[[[127.44638106365181,36.632984461833196],[127.44638106365181,36.64197766547044],[127.45537426728906,36.64197766547044],[127.45537426728906,36.632984461833196],[127.44638106365181,36.632984461833196]]]}},{"type":"Feature","properties":{"jobs":19755,"pop":10217,"pointCount":5,"homeWorkCommuteMedian":3743,"workHomeCommuteMedian":6465},"geometry":{"type":"Polygon","coordinates":[[[127.44638106365181,36.64197766547044],[127.44638106365181,36.65097086910769],[127.45537426728906,36.65097086910769],[127.45537426728906,36.64197766547044],[127.44638106365181,36.64197766547044]]]}},{"type":"Feature","properties":{"jobs":53838,"pop":19569,"pointCount":8,"homeWorkCommuteMedian":4059,"workHomeCommuteMedian":3960},"geometry":{"type":"Polygon","coordinates":[[[127.45537426728906,36.30922913089234],[127.45537426728906,36.31822233452959],[127.4643674709263,36.31822233452959],[127.4643674709263,36.30922913089234],[127.45537426728906,36.30922913089234]]]}},{"type":"Feature","properties":{"jobs":33640,"pop":11923,"pointCount":11,"homeWorkCommuteMedian":4202,"workHomeCommuteMedian":4078},"geometry":{"type":"Polygon","coordinates":[[[127.45537426728906,36.31822233452959],[127.45537426728906,36.32721553816683],[127.4643674709263,36.32721553816683],[127.4643674709263,36.31822233452959],[127.45537426728906,36.31822233452959]]]}},{"type":"Feature","properties":{"jobs":22134,"pop":22055,"pointCount":8,"homeWorkCommuteMedian":4486,"workHomeCommuteMedian":3940},"geometry":{"type":"Polygon","coordinates":[[[127.45537426728906,36.32721553816683],[127.45537426728906,36.33620874180408],[127.4643674709263,36.33620874180408],[127.4643674709263,36.32721553816683],[127.45537426728906,36.32721553816683]]]}},{"type":"Feature","properties":{"jobs":7223,"pop":647,"pointCount":3,"homeWorkCommuteMedian":3206,"workHomeCommuteMedian":4165},"geometry":{"type":"Polygon","coordinates":[[[127.45537426728906,36.33620874180408],[127.45537426728906,36.345201945441325],[127.4643674709263,36.345201945441325],[127.4643674709263,36.33620874180408],[127.45537426728906,36.33620874180408]]]}},{"type":"Feature","properties":{"jobs":12501,"pop":0,"pointCount":1,"homeWorkCommuteMedian":-1,"workHomeCommuteMedian":3751},"geometry":{"type":"Polygon","coordinates":[[[127.45537426728906,36.345201945441325],[127.45537426728906,36.35419514907857],[127.4643674709263,36.35419514907857],[127.4643674709263,36.345201945441325],[127.45537426728906,36.345201945441325]]]}},{"type":"Feature","properties":{"jobs":702,"pop":138,"pointCount":1,"homeWorkCommuteMedian":13505,"workHomeCommuteMedian":13909},"geometry":{"type":"Polygon","coordinates":[[[127.45537426728906,36.3991611672648],[127.45537426728906,36.40815437090205],[127.4643674709263,36.40815437090205],[127.4643674709263,36.3991611672648],[127.45537426728906,36.3991611672648]]]}},{"type":"Feature","properties":{"jobs":2529,"pop":826,"pointCount":1,"homeWorkCommuteMedian":13622,"workHomeCommuteMedian":12484},"geometry":{"type":"Polygon","coordinates":[[[127.45537426728906,36.40815437090205],[127.45537426728906,36.41714757453929],[127.4643674709263,36.41714757453929],[127.4643674709263,36.40815437090205],[127.45537426728906,36.40815437090205]]]}},{"type":"Feature","properties":{"jobs":562,"pop":93,"pointCount":1,"homeWorkCommuteMedian":11658,"workHomeCommuteMedian":11622},"geometry":{"type":"Polygon","coordinates":[[[127.45537426728906,36.41714757453929],[127.45537426728906,36.42614077817654],[127.4643674709263,36.42614077817654],[127.4643674709263,36.41714757453929],[127.45537426728906,36.41714757453929]]]}},{"type":"Feature","properties":{"jobs":1545,"pop":312,"pointCount":2,"homeWorkCommuteMedian":9200,"workHomeCommuteMedian":9935},"geometry":{"type":"Polygon","coordinates":[[[127.45537426728906,36.42614077817654],[127.45537426728906,36.435133981813784],[127.4643674709263,36.435133981813784],[127.4643674709263,36.42614077817654],[127.45537426728906,36.42614077817654]]]}},{"type":"Feature","properties":{"jobs":1756,"pop":19922,"pointCount":1,"homeWorkCommuteMedian":4845,"workHomeCommuteMedian":7215},"geometry":{"type":"Polygon","coordinates":[[[127.45537426728906,36.435133981813784],[127.45537426728906,36.44412718545103],[127.4643674709263,36.44412718545103],[127.4643674709263,36.435133981813784],[127.45537426728906,36.435133981813784]]]}},{"type":"Feature","properties":{"jobs":1826,"pop":406,"pointCount":2,"homeWorkCommuteMedian":5824,"workHomeCommuteMedian":6917},"geometry":{"type":"Polygon","coordinates":[[[127.45537426728906,36.44412718545103],[127.45537426728906,36.45312038908828],[127.4643674709263,36.45312038908828],[127.4643674709263,36.44412718545103],[127.45537426728906,36.44412718545103]]]}},{"type":"Feature","properties":{"jobs":2178,"pop":536,"pointCount":2,"homeWorkCommuteMedian":6887,"workHomeCommuteMedian":5805},"geometry":{"type":"Polygon","coordinates":[[[127.45537426728906,36.45312038908828],[127.45537426728906,36.46211359272552],[127.4643674709263,36.46211359272552],[127.4643674709263,36.45312038908828],[127.45537426728906,36.45312038908828]]]}},{"type":"Feature","properties":{"jobs":23453,"pop":5196,"pointCount":7,"homeWorkCommuteMedian":4359,"workHomeCommuteMedian":4063},"geometry":{"type":"Polygon","coordinates":[[[127.45537426728906,36.60600485092146],[127.45537426728906,36.614998054558704],[127.4643674709263,36.614998054558704],[127.4643674709263,36.60600485092146],[127.45537426728906,36.60600485092146]]]}},{"type":"Feature","properties":{"jobs":9019,"pop":1524,"pointCount":5,"homeWorkCommuteMedian":4422,"workHomeCommuteMedian":3658},"geometry":{"type":"Polygon","coordinates":[[[127.45537426728906,36.614998054558704],[127.45537426728906,36.62399125819595],[127.4643674709263,36.62399125819595],[127.4643674709263,36.614998054558704],[127.45537426728906,36.614998054558704]]]}},{"type":"Feature","properties":{"jobs":31819,"pop":7885,"pointCount":4,"homeWorkCommuteMedian":3524,"workHomeCommuteMedian":3496},"geometry":{"type":"Polygon","coordinates":[[[127.45537426728906,36.62399125819595],[127.45537426728906,36.632984461833196],[127.4643674709263,36.632984461833196],[127.4643674709263,36.62399125819595],[127.45537426728906,36.62399125819595]]]}},{"type":"Feature","properties":{"jobs":31850,"pop":22721,"pointCount":12,"homeWorkCommuteMedian":3742,"workHomeCommuteMedian":3733},"geometry":{"type":"Polygon","coordinates":[[[127.45537426728906,36.632984461833196],[127.45537426728906,36.64197766547044],[127.4643674709263,36.64197766547044],[127.4643674709263,36.632984461833196],[127.45537426728906,36.632984461833196]]]}},{"type":"Feature","properties":{"jobs":15342,"pop":1480,"pointCount":9,"homeWorkCommuteMedian":4517,"workHomeCommuteMedian":3985},"geometry":{"type":"Polygon","coordinates":[[[127.45537426728906,36.64197766547044],[127.45537426728906,36.65097086910769],[127.4643674709263,36.65097086910769],[127.4643674709263,36.64197766547044],[127.45537426728906,36.64197766547044]]]}},{"type":"Feature","properties":{"jobs":2715,"pop":6739,"pointCount":4,"homeWorkCommuteMedian":2940,"workHomeCommuteMedian":3689},"geometry":{"type":"Polygon","coordinates":[[[127.4643674709263,36.31822233452959],[127.4643674709263,36.32721553816683],[127.47336067456355,36.32721553816683],[127.47336067456355,36.31822233452959],[127.4643674709263,36.31822233452959]]]}},{"type":"Feature","properties":{"jobs":658,"pop":23,"pointCount":1,"homeWorkCommuteMedian":7984,"workHomeCommuteMedian":-1},"geometry":{"type":"Polygon","coordinates":[[[127.4643674709263,36.36318835271582],[127.4643674709263,36.37218155635306],[127.47336067456355,36.37218155635306],[127.47336067456355,36.36318835271582],[127.4643674709263,36.36318835271582]]]}},{"type":"Feature","properties":{"jobs":632,"pop":124,"pointCount":1,"homeWorkCommuteMedian":14817,"workHomeCommuteMedian":14611},"geometry":{"type":"Polygon","coordinates":[[[127.4643674709263,36.3991611672648],[127.4643674709263,36.40815437090205],[127.47336067456355,36.40815437090205],[127.47336067456355,36.3991611672648],[127.4643674709263,36.3991611672648]]]}},{"type":"Feature","properties":{"jobs":3160,"pop":742,"pointCount":3,"homeWorkCommuteMedian":12450,"workHomeCommuteMedian":12800},"geometry":{"type":"Polygon","coordinates":[[[127.4643674709263,36.40815437090205],[127.4643674709263,36.41714757453929],[127.47336067456355,36.41714757453929],[127.47336067456355,36.40815437090205],[127.4643674709263,36.40815437090205]]]}},{"type":"Feature","properties":{"jobs":2740,"pop":917,"pointCount":1,"homeWorkCommuteMedian":8420,"workHomeCommuteMedian":8420},"geometry":{"type":"Polygon","coordinates":[[[127.4643674709263,36.44412718545103],[127.4643674709263,36.45312038908828],[127.47336067456355,36.45312038908828],[127.47336067456355,36.44412718545103],[127.4643674709263,36.44412718545103]]]}},{"type":"Feature","properties":{"jobs":13690,"pop":0,"pointCount":1,"homeWorkCommuteMedian":-1,"workHomeCommuteMedian":5504},"geometry":{"type":"Polygon","coordinates":[[[127.4643674709263,36.45312038908828],[127.4643674709263,36.46211359272552],[127.47336067456355,36.46211359272552],[127.47336067456355,36.45312038908828],[127.4643674709263,36.45312038908828]]]}},{"type":"Feature","properties":{"jobs":10259,"pop":4732,"pointCount":3,"homeWorkCommuteMedian":9535,"workHomeCommuteMedian":8991},"geometry":{"type":"Polygon","coordinates":[[[127.4643674709263,36.46211359272552],[127.4643674709263,36.47110679636277],[127.47336067456355,36.47110679636277],[127.47336067456355,36.46211359272552],[127.4643674709263,36.46211359272552]]]}},{"type":"Feature","properties":{"jobs":421,"pop":52,"pointCount":1,"homeWorkCommuteMedian":9874,"workHomeCommuteMedian":8955},"geometry":{"type":"Polygon","coordinates":[[[127.4643674709263,36.47110679636277],[127.4643674709263,36.480100000000014],[127.47336067456355,36.480100000000014],[127.47336067456355,36.47110679636277],[127.4643674709263,36.47110679636277]]]}},{"type":"Feature","properties":{"jobs":119,"pop":200,"pointCount":1,"homeWorkCommuteMedian":39662,"workHomeCommuteMedian":-1},"geometry":{"type":"Polygon","coordinates":[[[127.4643674709263,36.57902524000972],[127.4643674709263,36.588018443646966],[127.47336067456355,36.588018443646966],[127.47336067456355,36.57902524000972],[127.4643674709263,36.57902524000972]]]}},{"type":"Feature","properties":{"jobs":3304,"pop":529,"pointCount":1,"homeWorkCommuteMedian":4239,"workHomeCommuteMedian":4128},"geometry":{"type":"Polygon","coordinates":[[[127.4643674709263,36.588018443646966],[127.4643674709263,36.59701164728421],[127.47336067456355,36.59701164728421],[127.47336067456355,36.588018443646966],[127.4643674709263,36.588018443646966]]]}},{"type":"Feature","properties":{"jobs":3986,"pop":565,"pointCount":2,"homeWorkCommuteMedian":3765,"workHomeCommuteMedian":3565},"geometry":{"type":"Polygon","coordinates":[[[127.4643674709263,36.59701164728421],[127.4643674709263,36.60600485092146],[127.47336067456355,36.60600485092146],[127.47336067456355,36.59701164728421],[127.4643674709263,36.59701164728421]]]}},{"type":"Feature","properties":{"jobs":39717,"pop":23883,"pointCount":13,"homeWorkCommuteMedian":4332,"workHomeCommuteMedian":4048},"geometry":{"type":"Polygon","coordinates":[[[127.4643674709263,36.60600485092146],[127.4643674709263,36.614998054558704],[127.47336067456355,36.614998054558704],[127.47336067456355,36.60600485092146],[127.4643674709263,36.60600485092146]]]}},{"type":"Feature","properties":{"jobs":17321,"pop":4750,"pointCount":8,"homeWorkCommuteMedian":2429,"workHomeCommuteMedian":2555},"geometry":{"type":"Polygon","coordinates":[[[127.4643674709263,36.614998054558704],[127.4643674709263,36.62399125819595],[127.47336067456355,36.62399125819595],[127.47336067456355,36.614998054558704],[127.4643674709263,36.614998054558704]]]}},{"type":"Feature","properties":{"jobs":52298,"pop":14794,"pointCount":7,"homeWorkCommuteMedian":4231,"workHomeCommuteMedian":4044},"geometry":{"type":"Polygon","coordinates":[[[127.4643674709263,36.62399125819595],[127.4643674709263,36.632984461833196],[127.47336067456355,36.632984461833196],[127.47336067456355,36.62399125819595],[127.4643674709263,36.62399125819595]]]}},{"type":"Feature","properties":{"jobs":24911,"pop":2249,"pointCount":9,"homeWorkCommuteMedian":2966,"workHomeCommuteMedian":2780},"geometry":{"type":"Polygon","coordinates":[[[127.4643674709263,36.632984461833196],[127.4643674709263,36.64197766547044],[127.47336067456355,36.64197766547044],[127.47336067456355,36.632984461833196],[127.4643674709263,36.632984461833196]]]}},{"type":"Feature","properties":{"jobs":16969,"pop":2447,"pointCount":7,"homeWorkCommuteMedian":3721,"workHomeCommuteMedian":3516},"geometry":{"type":"Polygon","coordinates":[[[127.4643674709263,36.64197766547044],[127.4643674709263,36.65097086910769],[127.47336067456355,36.65097086910769],[127.47336067456355,36.64197766547044],[127.4643674709263,36.64197766547044]]]}},{"type":"Feature","properties":{"jobs":651,"pop":20,"pointCount":2,"homeWorkCommuteMedian":3834,"workHomeCommuteMedian":6029},"geometry":{"type":"Polygon","coordinates":[[[127.47336067456355,36.32721553816683],[127.47336067456355,36.33620874180408],[127.4823538782008,36.33620874180408],[127.4823538782008,36.32721553816683],[127.47336067456355,36.32721553816683]]]}},{"type":"Feature","properties":{"jobs":305,"pop":26,"pointCount":1,"homeWorkCommuteMedian":3976,"workHomeCommuteMedian":-1},"geometry":{"type":"Polygon","coordinates":[[[127.47336067456355,36.33620874180408],[127.47336067456355,36.345201945441325],[127.4823538782008,36.345201945441325],[127.4823538782008,36.33620874180408],[127.47336067456355,36.33620874180408]]]}},{"type":"Feature","properties":{"jobs":556,"pop":42,"pointCount":1,"homeWorkCommuteMedian":6254,"workHomeCommuteMedian":6729},"geometry":{"type":"Polygon","coordinates":[[[127.47336067456355,36.345201945441325],[127.47336067456355,36.35419514907857],[127.4823538782008,36.35419514907857],[127.4823538782008,36.345201945441325],[127.47336067456355,36.345201945441325]]]}},{"type":"Feature","properties":{"jobs":6166,"pop":61,"pointCount":3,"homeWorkCommuteMedian":9427,"workHomeCommuteMedian":8390},"geometry":{"type":"Polygon","coordinates":[[[127.47336067456355,36.37218155635306],[127.47336067456355,36.38117475999031],[127.4823538782008,36.38117475999031],[127.4823538782008,36.37218155635306],[127.47336067456355,36.37218155635306]]]}},{"type":"Feature","properties":{"jobs":1190,"pop":91,"pointCount":2,"homeWorkCommuteMedian":10150,"workHomeCommuteMedian":9922},"geometry":{"type":"Polygon","coordinates":[[[127.47336067456355,36.38117475999031],[127.47336067456355,36.390167963627555],[127.4823538782008,36.390167963627555],[127.4823538782008,36.38117475999031],[127.47336067456355,36.38117475999031]]]}},{"type":"Feature","properties":{"jobs":264,"pop":20,"pointCount":1,"homeWorkCommuteMedian":14978,"workHomeCommuteMedian":14978},"geometry":{"type":"Polygon","coordinates":[[[127.47336067456355,36.3991611672648],[127.47336067456355,36.40815437090205],[127.4823538782008,36.40815437090205],[127.4823538782008,36.3991611672648],[127.47336067456355,36.3991611672648]]]}},{"type":"Feature","properties":{"jobs":2389,"pop":760,"pointCount":1,"homeWorkCommuteMedian":14492,"workHomeCommuteMedian":14600},"geometry":{"type":"Polygon","coordinates":[[[127.47336067456355,36.40815437090205],[127.47336067456355,36.41714757453929],[127.4823538782008,36.41714757453929],[127.4823538782008,36.40815437090205],[127.47336067456355,36.40815437090205]]]}},{"type":"Feature","properties":{"jobs":17,"pop":0,"pointCount":1,"homeWorkCommuteMedian":-1,"workHomeCommuteMedian":17121},"geometry":{"type":"Polygon","coordinates":[[[127.47336067456355,36.41714757453929],[127.47336067456355,36.42614077817654],[127.4823538782008,36.42614077817654],[127.4823538782008,36.41714757453929],[127.47336067456355,36.41714757453929]]]}},{"type":"Feature","properties":{"jobs":8551,"pop":0,"pointCount":1,"homeWorkCommuteMedian":-1,"workHomeCommuteMedian":3060},"geometry":{"type":"Polygon","coordinates":[[[127.47336067456355,36.45312038908828],[127.47336067456355,36.46211359272552],[127.4823538782008,36.46211359272552],[127.4823538782008,36.45312038908828],[127.47336067456355,36.45312038908828]]]}},{"type":"Feature","properties":{"jobs":843,"pop":187,"pointCount":1,"homeWorkCommuteMedian":9573,"workHomeCommuteMedian":10674},"geometry":{"type":"Polygon","coordinates":[[[127.47336067456355,36.46211359272552],[127.47336067456355,36.47110679636277],[127.4823538782008,36.47110679636277],[127.4823538782008,36.46211359272552],[127.47336067456355,36.46211359272552]]]}},{"type":"Feature","properties":{"jobs":201,"pop":200,"pointCount":1,"homeWorkCommuteMedian":35461,"workHomeCommuteMedian":-1},"geometry":{"type":"Polygon","coordinates":[[[127.47336067456355,36.588018443646966],[127.47336067456355,36.59701164728421],[127.4823538782008,36.59701164728421],[127.4823538782008,36.588018443646966],[127.47336067456355,36.588018443646966]]]}},{"type":"Feature","properties":{"jobs":15172,"pop":3451,"pointCount":8,"homeWorkCommuteMedian":2797,"workHomeCommuteMedian":2773},"geometry":{"type":"Polygon","coordinates":[[[127.47336067456355,36.60600485092146],[127.47336067456355,36.614998054558704],[127.4823538782008,36.614998054558704],[127.4823538782008,36.60600485092146],[127.47336067456355,36.60600485092146]]]}},{"type":"Feature","properties":{"jobs":25083,"pop":18315,"pointCount":6,"homeWorkCommuteMedian":3490,"workHomeCommuteMedian":2935},"geometry":{"type":"Polygon","coordinates":[[[127.47336067456355,36.614998054558704],[127.47336067456355,36.62399125819595],[127.4823538782008,36.62399125819595],[127.4823538782008,36.614998054558704],[127.47336067456355,36.614998054558704]]]}},{"type":"Feature","properties":{"jobs":49379,"pop":26069,"pointCount":10,"homeWorkCommuteMedian":3496,"workHomeCommuteMedian":3295},"geometry":{"type":"Polygon","coordinates":[[[127.47336067456355,36.62399125819595],[127.47336067456355,36.632984461833196],[127.4823538782008,36.632984461833196],[127.4823538782008,36.62399125819595],[127.47336067456355,36.62399125819595]]]}},{"type":"Feature","properties":{"jobs":30827,"pop":12537,"pointCount":10,"homeWorkCommuteMedian":4147,"workHomeCommuteMedian":2717},"geometry":{"type":"Polygon","coordinates":[[[127.47336067456355,36.632984461833196],[127.47336067456355,36.64197766547044],[127.4823538782008,36.64197766547044],[127.4823538782008,36.632984461833196],[127.47336067456355,36.632984461833196]]]}},{"type":"Feature","properties":{"jobs":14728,"pop":1706,"pointCount":8,"homeWorkCommuteMedian":3477,"workHomeCommuteMedian":2984},"geometry":{"type":"Polygon","coordinates":[[[127.47336067456355,36.64197766547044],[127.47336067456355,36.65097086910769],[127.4823538782008,36.65097086910769],[127.4823538782008,36.64197766547044],[127.47336067456355,36.64197766547044]]]}},{"type":"Feature","properties":{"jobs":12928,"pop":0,"pointCount":2,"homeWorkCommuteMedian":-1,"workHomeCommuteMedian":7028},"geometry":{"type":"Polygon","coordinates":[[[127.4823538782008,36.32721553816683],[127.4823538782008,36.33620874180408],[127.49134708183804,36.33620874180408],[127.49134708183804,36.32721553816683],[127.4823538782008,36.32721553816683]]]}},{"type":"Feature","properties":{"jobs":1293,"pop":112,"pointCount":2,"homeWorkCommuteMedian":5354,"workHomeCommuteMedian":5933},"geometry":{"type":"Polygon","coordinates":[[[127.4823538782008,36.33620874180408],[127.4823538782008,36.345201945441325],[127.49134708183804,36.345201945441325],[127.49134708183804,36.33620874180408],[127.4823538782008,36.33620874180408]]]}},{"type":"Feature","properties":{"jobs":628,"pop":71,"pointCount":2,"homeWorkCommuteMedian":6993,"workHomeCommuteMedian":7490},"geometry":{"type":"Polygon","coordinates":[[[127.4823538782008,36.345201945441325],[127.4823538782008,36.35419514907857],[127.49134708183804,36.35419514907857],[127.49134708183804,36.345201945441325],[127.4823538782008,36.345201945441325]]]}},{"type":"Feature","properties":{"jobs":491,"pop":80,"pointCount":1,"homeWorkCommuteMedian":17901,"workHomeCommuteMedian":17889},"geometry":{"type":"Polygon","coordinates":[[[127.4823538782008,36.40815437090205],[127.4823538782008,36.41714757453929],[127.49134708183804,36.41714757453929],[127.49134708183804,36.40815437090205],[127.4823538782008,36.40815437090205]]]}},{"type":"Feature","properties":{"jobs":608,"pop":11302,"pointCount":2,"homeWorkCommuteMedian":5684,"workHomeCommuteMedian":-1},"geometry":{"type":"Polygon","coordinates":[[[127.4823538782008,36.588018443646966],[127.4823538782008,36.59701164728421],[127.49134708183804,36.59701164728421],[127.49134708183804,36.588018443646966],[127.4823538782008,36.588018443646966]]]}},{"type":"Feature","properties":{"jobs":15779,"pop":4288,"pointCount":2,"homeWorkCommuteMedian":4077,"workHomeCommuteMedian":3740},"geometry":{"type":"Polygon","coordinates":[[[127.4823538782008,36.59701164728421],[127.4823538782008,36.60600485092146],[127.49134708183804,36.60600485092146],[127.49134708183804,36.59701164728421],[127.4823538782008,36.59701164728421]]]}},{"type":"Feature","properties":{"jobs":42461,"pop":9764,"pointCount":11,"homeWorkCommuteMedian":3016,"workHomeCommuteMedian":3233},"geometry":{"type":"Polygon","coordinates":[[[127.4823538782008,36.60600485092146],[127.4823538782008,36.614998054558704],[127.49134708183804,36.614998054558704],[127.49134708183804,36.60600485092146],[127.4823538782008,36.60600485092146]]]}},{"type":"Feature","properties":{"jobs":9193,"pop":7655,"pointCount":7,"homeWorkCommuteMedian":3168,"workHomeCommuteMedian":3089},"geometry":{"type":"Polygon","coordinates":[[[127.4823538782008,36.614998054558704],[127.4823538782008,36.62399125819595],[127.49134708183804,36.62399125819595],[127.49134708183804,36.614998054558704],[127.4823538782008,36.614998054558704]]]}},{"type":"Feature","properties":{"jobs":41639,"pop":16907,"pointCount":10,"homeWorkCommuteMedian":2883,"workHomeCommuteMedian":2489},"geometry":{"type":"Polygon","coordinates":[[[127.4823538782008,36.62399125819595],[127.4823538782008,36.632984461833196],[127.49134708183804,36.632984461833196],[127.49134708183804,36.62399125819595],[127.4823538782008,36.62399125819595]]]}},{"type":"Feature","properties":{"jobs":26114,"pop":2018,"pointCount":9,"homeWorkCommuteMedian":2211,"workHomeCommuteMedian":2097},"geometry":{"type":"Polygon","coordinates":[[[127.4823538782008,36.632984461833196],[127.4823538782008,36.64197766547044],[127.49134708183804,36.64197766547044],[127.49134708183804,36.632984461833196],[127.4823538782008,36.632984461833196]]]}},{"type":"Feature","properties":{"jobs":55942,"pop":9039,"pointCount":8,"homeWorkCommuteMedian":3099,"workHomeCommuteMedian":3032},"geometry":{"type":"Polygon","coordinates":[[[127.4823538782008,36.64197766547044],[127.4823538782008,36.65097086910769],[127.49134708183804,36.65097086910769],[127.49134708183804,36.64197766547044],[127.4823538782008,36.64197766547044]]]}},{"type":"Feature","properties":{"jobs":582,"pop":244,"pointCount":1,"homeWorkCommuteMedian":62775,"workHomeCommuteMedian":6754},"geometry":{"type":"Polygon","coordinates":[[[127.49134708183804,36.345201945441325],[127.49134708183804,36.35419514907857],[127.50034028547529,36.35419514907857],[127.50034028547529,36.345201945441325],[127.49134708183804,36.345201945441325]]]}},{"type":"Feature","properties":{"jobs":2170,"pop":186,"pointCount":2,"homeWorkCommuteMedian":8420,"workHomeCommuteMedian":7403},"geometry":{"type":"Polygon","coordinates":[[[127.49134708183804,36.35419514907857],[127.49134708183804,36.36318835271582],[127.50034028547529,36.36318835271582],[127.50034028547529,36.35419514907857],[127.49134708183804,36.35419514907857]]]}},{"type":"Feature","properties":{"jobs":1138,"pop":1056,"pointCount":1,"homeWorkCommuteMedian":9979,"workHomeCommuteMedian":9511},"geometry":{"type":"Polygon","coordinates":[[[127.49134708183804,36.36318835271582],[127.49134708183804,36.37218155635306],[127.50034028547529,36.37218155635306],[127.50034028547529,36.36318835271582],[127.49134708183804,36.36318835271582]]]}},{"type":"Feature","properties":{"jobs":2343,"pop":0,"pointCount":1,"homeWorkCommuteMedian":-1,"workHomeCommuteMedian":41115},"geometry":{"type":"Polygon","coordinates":[[[127.49134708183804,36.46211359272552],[127.49134708183804,36.47110679636277],[127.50034028547529,36.47110679636277],[127.50034028547529,36.46211359272552],[127.49134708183804,36.46211359272552]]]}},{"type":"Feature","properties":{"jobs":5194,"pop":441,"pointCount":3,"homeWorkCommuteMedian":13611,"workHomeCommuteMedian":10991},"geometry":{"type":"Polygon","coordinates":[[[127.49134708183804,36.50707961091175],[127.49134708183804,36.516072814549],[127.50034028547529,36.516072814549],[127.50034028547529,36.50707961091175],[127.49134708183804,36.50707961091175]]]}},{"type":"Feature","properties":{"jobs":6454,"pop":536,"pointCount":2,"homeWorkCommuteMedian":14079,"workHomeCommuteMedian":10972},"geometry":{"type":"Polygon","coordinates":[[[127.49134708183804,36.516072814549],[127.49134708183804,36.525066018186244],[127.50034028547529,36.525066018186244],[127.50034028547529,36.516072814549],[127.49134708183804,36.516072814549]]]}},{"type":"Feature","properties":{"jobs":4,"pop":0,"pointCount":1,"homeWorkCommuteMedian":-1,"workHomeCommuteMedian":2564},"geometry":{"type":"Polygon","coordinates":[[[127.49134708183804,36.570032036372474],[127.49134708183804,36.57902524000972],[127.50034028547529,36.57902524000972],[127.50034028547529,36.570032036372474],[127.49134708183804,36.570032036372474]]]}},{"type":"Feature","properties":{"jobs":10802,"pop":19589,"pointCount":6,"homeWorkCommuteMedian":5325,"workHomeCommuteMedian":5244},"geometry":{"type":"Polygon","coordinates":[[[127.49134708183804,36.59701164728421],[127.49134708183804,36.60600485092146],[127.50034028547529,36.60600485092146],[127.50034028547529,36.59701164728421],[127.49134708183804,36.59701164728421]]]}},{"type":"Feature","properties":{"jobs":7535,"pop":0,"pointCount":7,"homeWorkCommuteMedian":-1,"workHomeCommuteMedian":4536},"geometry":{"type":"Polygon","coordinates":[[[127.49134708183804,36.60600485092146],[127.49134708183804,36.614998054558704],[127.50034028547529,36.614998054558704],[127.50034028547529,36.60600485092146],[127.49134708183804,36.60600485092146]]]}},{"type":"Feature","properties":{"jobs":5210,"pop":3117,"pointCount":5,"homeWorkCommuteMedian":4444,"workHomeCommuteMedian":3858},"geometry":{"type":"Polygon","coordinates":[[[127.49134708183804,36.614998054558704],[127.49134708183804,36.62399125819595],[127.50034028547529,36.62399125819595],[127.50034028547529,36.614998054558704],[127.49134708183804,36.614998054558704]]]}},{"type":"Feature","properties":{"jobs":52622,"pop":16311,"pointCount":10,"homeWorkCommuteMedian":3496,"workHomeCommuteMedian":3496},"geometry":{"type":"Polygon","coordinates":[[[127.49134708183804,36.62399125819595],[127.49134708183804,36.632984461833196],[127.50034028547529,36.632984461833196],[127.50034028547529,36.62399125819595],[127.49134708183804,36.62399125819595]]]}},{"type":"Feature","properties":{"jobs":20316,"pop":2026,"pointCount":5,"homeWorkCommuteMedian":2641,"workHomeCommuteMedian":2250},"geometry":{"type":"Polygon","coordinates":[[[127.49134708183804,36.632984461833196],[127.49134708183804,36.64197766547044],[127.50034028547529,36.64197766547044],[127.50034028547529,36.632984461833196],[127.49134708183804,36.632984461833196]]]}},{"type":"Feature","properties":{"jobs":17873,"pop":162404,"pointCount":7,"homeWorkCommuteMedian":4910,"workHomeCommuteMedian":3023},"geometry":{"type":"Polygon","coordinates":[[[127.49134708183804,36.64197766547044],[127.49134708183804,36.65097086910769],[127.50034028547529,36.65097086910769],[127.50034028547529,36.64197766547044],[127.49134708183804,36.64197766547044]]]}}],"properties":{"residentWeightedNearestNeighborKm":{"p10":0.07830537660242548,"p25":0.11272152687949907,"p50":0.173184537893387,"p75":0.31275740360624327,"p90":0.4024684098692757,"mean":0.2393165446777706},"workerWeightedNearestNeighborKm":{"p10":0.05770569205205978,"p25":0.10253357452416635,"p50":0.17193574906974488,"p75":0.2856097300069844,"p90":0.4022347738196478,"mean":0.2131224041567352},"commuteDistanceKm":{"p10":2039,"p25":2976,"p50":4830,"p75":7280,"p90":11533,"mean":6327.244428006304},"residentCellDensity":{"p10":71,"p25":269,"p50":2168,"p75":11302,"p90":29197,"mean":11210.646706586826},"workerCellDensity":{"p10":386,"p25":1274,"p50":5378,"p75":22134,"p90":41988,"mean":15198.612307692307},"detail":{"radiusKm":0.17255901381845318,"expectedPointSpacingKm":0.48027080130213257,"normalizedRadius":0.359295242081349,"activityPerPoint":2829.1964579804717,"playableAreaKm2":1364,"playableAreaPerPointKm2":0.48403122782114977,"playableCatchmentRadiusKm":0.3925199676922827,"localityScore":0.9722473659981733,"deaggregationScore":1,"score":0.9860260473223683},"polycentrism":{"activity":{"score":0.7933690557805172,"continuousScore":0.758765920936236,"detectedCenterCount":3,"effectiveCenterCount":2.1227488157298886,"largestCenterShare":0.6351772067043384,"bandwidthKm":1.3,"reliabilityScore":1,"supportLevel":"high","usedFallback":false,"topCenters":[{"longitude":127.37674503719523,"latitude":36.35483925343859,"massShare":0.6351772067043384,"assignedMass":10616019,"assignedPointCount":1497,"prominenceRatio":1},{"longitude":127.25221808648298,"latitude":36.50199291326679,"massShare":0.20574995889544462,"assignedMass":3438797,"assignedPointCount":779,"prominenceRatio":1},{"longitude":127.45315467442748,"latitude":36.628830334632895,"massShare":0.15907283440021694,"assignedMass":2658660,"assignedPointCount":542,"prominenceRatio":1}],"debug":{"rawPeakCount":35,"mergedPeakCount":27,"filteredPeakCount":3,"prominenceThreshold":0.22,"minPointsPerCenter":10,"rejectedCenters":[{"longitude":127.4325560439773,"latitude":36.33339244707869,"massShare":0.174009164820053,"assignedMass":2908298,"assignedPointCount":430,"prominenceRatio":0.9829568114818386,"strongestCompetitorDistanceKm":3.7924710704606035,"strongestCompetitorPotential":1306403.9686806137,"localConsolidatedShare":0.174009164820053,"localConsolidatedMass":2908298,"localContributorCount":1,"localContributorDistancesKm":[],"rejectionReasons":["too_close_for_protected_share_center"]},{"longitude":127.30614292036918,"latitude":36.37513273019991,"massShare":0.16120249312590632,"assignedMass":2694254,"assignedPointCount":413,"prominenceRatio":0.999999982234729,"strongestCompetitorDistanceKm":7.92214565324883,"strongestCompetitorPotential":1306403.9686806137,"localConsolidatedShare":0.16120249312590632,"localConsolidatedMass":2694254,"localContributorCount":1,"localContributorDistancesKm":[],"rejectionReasons":["too_close_for_protected_share_center"]},{"longitude":127.43346865812822,"latitude":36.62869976235851,"massShare":0.059539021086936074,"assignedMass":995104,"assignedPointCount":194,"prominenceRatio":0.9976916263757208,"strongestCompetitorDistanceKm":4.568821770687381,"strongestCompetitorPotential":585370.4273017762,"localConsolidatedShare":0.059539021086936074,"localConsolidatedMass":995104,"localContributorCount":1,"localContributorDistancesKm":[],"rejectionReasons":["below_secondary_share_floor"]},{"longitude":127.40453029128021,"latitude":36.4258833586278,"massShare":0.06235638834195831,"assignedMass":1042192,"assignedPointCount":204,"prominenceRatio":0.9999999964158559,"strongestCompetitorDistanceKm":8.420422867104907,"strongestCompetitorPotential":1306403.9686806137,"localConsolidatedShare":0.06235638834195831,"localConsolidatedMass":1042192,"localContributorCount":1,"localContributorDistancesKm":[],"rejectionReasons":["not_dominant_local_peak","too_close_for_low_share_center"]},{"longitude":127.31986757230436,"latitude":36.62450010173344,"massShare":0.014210269605197626,"assignedMass":237503,"assignedPointCount":47,"prominenceRatio":1,"strongestCompetitorDistanceKm":13.969889992957327,"strongestCompetitorPotential":844825.8281121752,"localConsolidatedShare":0.014210269605197626,"localConsolidatedMass":237503,"localContributorCount":1,"localContributorDistancesKm":[],"rejectionReasons":["below_secondary_share_floor"]},{"longitude":127.13415691353025,"latitude":36.463465433296086,"massShare":0.022602958235617775,"assignedMass":377774,"assignedPointCount":134,"prominenceRatio":0.9999999999999997,"strongestCompetitorDistanceKm":11.204354259514412,"strongestCompetitorPotential":844825.8281121752,"localConsolidatedShare":0.022602958235617775,"localConsolidatedMass":377774,"localContributorCount":1,"localContributorDistancesKm":[],"rejectionReasons":["below_secondary_share_floor"]},{"longitude":127.28870656872998,"latitude":36.59725205049348,"massShare":0.011488035163959909,"assignedMass":192005,"assignedPointCount":72,"prominenceRatio":0.9999999999999981,"strongestCompetitorDistanceKm":10.99021513200761,"strongestCompetitorPotential":844825.8281121752,"localConsolidatedShare":0.011488035163959909,"localConsolidatedMass":192005,"localContributorCount":1,"localContributorDistancesKm":[],"rejectionReasons":["below_secondary_share_floor"]},{"longitude":127.37141886594905,"latitude":36.65031956021713,"massShare":0.005852821998248599,"assignedMass":97821,"assignedPointCount":9,"prominenceRatio":0.9999999999999718,"strongestCompetitorDistanceKm":10.575874067135446,"strongestCompetitorPotential":585370.4273017762,"localConsolidatedShare":0.005852821998248599,"localConsolidatedMass":97821,"localContributorCount":1,"localContributorDistancesKm":[],"rejectionReasons":["below_min_points_per_center"]},{"longitude":127.36873320533722,"latitude":36.61983820818544,"massShare":0.005629828289459356,"assignedMass":94094,"assignedPointCount":27,"prominenceRatio":0.9999999999999659,"strongestCompetitorDistanceKm":10.57551435273043,"strongestCompetitorPotential":585370.4273017762,"localConsolidatedShare":0.005629828289459356,"localConsolidatedMass":94094,"localContributorCount":1,"localContributorDistancesKm":[],"rejectionReasons":["below_secondary_share_floor"]},{"longitude":127.17085233394769,"latitude":36.379309187346635,"massShare":0.005486052093532189,"assignedMass":91691,"assignedPointCount":27,"prominenceRatio":1,"strongestCompetitorDistanceKm":17.861193603217824,"strongestCompetitorPotential":844825.8281121752,"localConsolidatedShare":0.005486052093532189,"localConsolidatedMass":91691,"localContributorCount":1,"localContributorDistancesKm":[],"rejectionReasons":["below_secondary_share_floor"]},{"longitude":127.35656212479346,"latitude":36.52715516198499,"massShare":0.0022088164065930988,"assignedMass":36917,"assignedPointCount":30,"prominenceRatio":0.9999999999905211,"strongestCompetitorDistanceKm":9.87792434323603,"strongestCompetitorPotential":844825.8281121752,"localConsolidatedShare":0.0022088164065930988,"localConsolidatedMass":36917,"localContributorCount":1,"localContributorDistancesKm":[],"rejectionReasons":["below_secondary_share_floor"]},{"longitude":127.42564019276193,"latitude":36.56695206013653,"massShare":0.0016565674309760579,"assignedMass":27687,"assignedPointCount":14,"prominenceRatio":0.999999999955344,"strongestCompetitorDistanceKm":9.597579656935086,"strongestCompetitorPotential":585370.4273017762,"localConsolidatedShare":0.0016565674309760579,"localConsolidatedMass":27687,"localContributorCount":1,"localContributorDistancesKm":[],"rejectionReasons":["below_secondary_share_floor"]},{"longitude":127.4773086797786,"latitude":36.47933556221883,"massShare":0.0025401657919633235,"assignedMass":42455,"assignedPointCount":14,"prominenceRatio":1,"strongestCompetitorDistanceKm":13.228670229864221,"strongestCompetitorPotential":585370.4273017762,"localConsolidatedShare":0.0025401657919633235,"localConsolidatedMass":42455,"localContributorCount":1,"localContributorDistancesKm":[],"rejectionReasons":["below_secondary_share_floor"]},{"longitude":127.2197408126539,"latitude":36.625342299677975,"massShare":0.0006317058163125373,"assignedMass":10558,"assignedPointCount":5,"prominenceRatio":1,"strongestCompetitorDistanceKm":13.504728571967947,"strongestCompetitorPotential":844825.8281121752,"localConsolidatedShare":0.0006317058163125373,"localConsolidatedMass":10558,"localContributorCount":1,"localContributorDistancesKm":[],"rejectionReasons":["below_min_points_per_center"]},{"longitude":127.18368532964269,"latitude":36.643118168092606,"massShare":0.000713316607508815,"assignedMass":11922,"assignedPointCount":6,"prominenceRatio":1,"strongestCompetitorDistanceKm":16.79540941792814,"strongestCompetitorPotential":844825.8281121752,"localConsolidatedShare":0.000713316607508815,"localConsolidatedMass":11922,"localContributorCount":1,"localContributorDistancesKm":[],"rejectionReasons":["below_min_points_per_center"]},{"longitude":127.07797313452618,"latitude":36.53012504970179,"massShare":0.0004514321257887946,"assignedMass":7545,"assignedPointCount":4,"prominenceRatio":1,"strongestCompetitorDistanceKm":16.293025319638197,"strongestCompetitorPotential":844825.8281121752,"localConsolidatedShare":0.0004514321257887946,"localConsolidatedMass":7545,"localContributorCount":1,"localContributorDistancesKm":[],"rejectionReasons":["below_min_points_per_center"]},{"longitude":127.07868968583968,"latitude":36.33940013167014,"massShare":0.0005180250954379568,"assignedMass":8658,"assignedPointCount":6,"prominenceRatio":1,"strongestCompetitorDistanceKm":25.77666711714712,"strongestCompetitorPotential":844825.8281121752,"localConsolidatedShare":0.0005180250954379568,"localConsolidatedMass":8658,"localContributorCount":1,"localContributorDistancesKm":[],"rejectionReasons":["below_min_points_per_center"]},{"longitude":127.2140043278949,"latitude":36.58343535272885,"massShare":0.0004143961435670234,"assignedMass":6926,"assignedPointCount":8,"prominenceRatio":0.9999999999978493,"strongestCompetitorDistanceKm":10.487549913843575,"strongestCompetitorPotential":844825.8281121752,"localConsolidatedShare":0.0004143961435670234,"localConsolidatedMass":6926,"localContributorCount":1,"localContributorDistancesKm":[],"rejectionReasons":["below_min_points_per_center"]},{"longitude":127.11835804648618,"latitude":36.602018741864924,"massShare":0.0002188054717043899,"assignedMass":3657,"assignedPointCount":8,"prominenceRatio":1,"strongestCompetitorDistanceKm":15.705425632199704,"strongestCompetitorPotential":844825.8281121752,"localConsolidatedShare":0.0002188054717043899,"localConsolidatedMass":3657,"localContributorCount":1,"localContributorDistancesKm":[],"rejectionReasons":["below_min_points_per_center"]},{"longitude":127.23963487263492,"latitude":36.3121812217447,"massShare":0.002144018395694588,"assignedMass":35834,"assignedPointCount":7,"prominenceRatio":1,"strongestCompetitorDistanceKm":19.827184768326514,"strongestCompetitorPotential":1306403.9686806137,"localConsolidatedShare":0.002144018395694588,"localConsolidatedMass":35834,"localContributorCount":1,"localContributorDistancesKm":[],"rejectionReasons":["below_min_points_per_center"]},{"longitude":127.125,"latitude":36.3089,"massShare":0.00010416743949612875,"assignedMass":1741,"assignedPointCount":1,"prominenceRatio":1,"strongestCompetitorDistanceKm":23.908494329948272,"strongestCompetitorPotential":1306403.9686806137,"localConsolidatedShare":0.00010416743949612875,"localConsolidatedMass":1741,"localContributorCount":1,"localContributorDistancesKm":[],"rejectionReasons":["below_min_points_per_center"]},{"longitude":127.11600000000001,"latitude":36.5355,"massShare":0.00007849952936181558,"assignedMass":1312,"assignedPointCount":1,"prominenceRatio":1,"strongestCompetitorDistanceKm":12.833454115522281,"strongestCompetitorPotential":844825.8281121752,"localConsolidatedShare":0.00007849952936181558,"localConsolidatedMass":1312,"localContributorCount":1,"localContributorDistancesKm":[],"rejectionReasons":["below_min_points_per_center"]},{"longitude":127.14758417539265,"latitude":36.54432227748691,"massShare":0.000022855808091626184,"assignedMass":382,"assignedPointCount":2,"prominenceRatio":0.9999999999845413,"strongestCompetitorDistanceKm":10.456450299913431,"strongestCompetitorPotential":844825.8281121752,"localConsolidatedShare":0.000022855808091626184,"localConsolidatedMass":382,"localContributorCount":1,"localContributorDistancesKm":[],"rejectionReasons":["below_min_points_per_center"]},{"longitude":127.116178,"latitude":36.649365,"massShare":0.000016393956589281606,"assignedMass":274,"assignedPointCount":1,"prominenceRatio":1,"strongestCompetitorDistanceKm":20.015792860349805,"strongestCompetitorPotential":844825.8281121752,"localConsolidatedShare":0.000016393956589281606,"localConsolidatedMass":274,"localContributorCount":1,"localContributorDistancesKm":[],"rejectionReasons":["below_min_points_per_center"]}]}}}}}
