{"type":"FeatureCollection","features":[{"type":"Feature","properties":{"jobs":1626,"pop":25,"pointCount":1,"homeWorkCommuteMedian":49100,"workHomeCommuteMedian":49100},"geometry":{"type":"Polygon","coordinates":[[[126.81276311270611,37.119708741804075],[126.81276311270611,37.12870194544132],[126.82175631634335,37.12870194544132],[126.82175631634335,37.119708741804075],[126.81276311270611,37.119708741804075]]]}},{"type":"Feature","properties":{"jobs":22813,"pop":6884,"pointCount":4,"homeWorkCommuteMedian":29972,"workHomeCommuteMedian":30902},"geometry":{"type":"Polygon","coordinates":[[[126.81276311270611,37.19165437090204],[126.81276311270611,37.20064757453929],[126.82175631634335,37.20064757453929],[126.82175631634335,37.19165437090204],[126.81276311270611,37.19165437090204]]]}},{"type":"Feature","properties":{"jobs":7623,"pop":1679,"pointCount":3,"homeWorkCommuteMedian":33403,"workHomeCommuteMedian":32630},"geometry":{"type":"Polygon","coordinates":[[[126.81276311270611,37.20064757453929],[126.81276311270611,37.209640778176535],[126.82175631634335,37.209640778176535],[126.82175631634335,37.20064757453929],[126.81276311270611,37.20064757453929]]]}},{"type":"Feature","properties":{"jobs":2457,"pop":137,"pointCount":1,"homeWorkCommuteMedian":31949,"workHomeCommuteMedian":33573},"geometry":{"type":"Polygon","coordinates":[[[126.81276311270611,37.209640778176535],[126.81276311270611,37.21863398181378],[126.82175631634335,37.21863398181378],[126.82175631634335,37.209640778176535],[126.81276311270611,37.209640778176535]]]}},{"type":"Feature","properties":{"jobs":2563,"pop":144,"pointCount":1,"homeWorkCommuteMedian":34022,"workHomeCommuteMedian":34861},"geometry":{"type":"Polygon","coordinates":[[[126.81276311270611,37.27259320363726],[126.81276311270611,37.2815864072745],[126.82175631634335,37.2815864072745],[126.82175631634335,37.27259320363726],[126.81276311270611,37.27259320363726]]]}},{"type":"Feature","properties":{"jobs":8188,"pop":1293,"pointCount":2,"homeWorkCommuteMedian":28832,"workHomeCommuteMedian":29301},"geometry":{"type":"Polygon","coordinates":[[[126.81276311270611,37.2815864072745],[126.81276311270611,37.29057961091175],[126.82175631634335,37.29057961091175],[126.82175631634335,37.2815864072745],[126.81276311270611,37.2815864072745]]]}},{"type":"Feature","properties":{"jobs":2506,"pop":91,"pointCount":2,"homeWorkCommuteMedian":5741,"workHomeCommuteMedian":7131},"geometry":{"type":"Polygon","coordinates":[[[126.81276311270611,37.29057961091175],[126.81276311270611,37.299572814548995],[126.82175631634335,37.299572814548995],[126.82175631634335,37.29057961091175],[126.81276311270611,37.29057961091175]]]}},{"type":"Feature","properties":{"jobs":6044,"pop":1211,"pointCount":4,"homeWorkCommuteMedian":7300,"workHomeCommuteMedian":6775},"geometry":{"type":"Polygon","coordinates":[[[126.81276311270611,37.299572814548995],[126.81276311270611,37.30856601818624],[126.82175631634335,37.30856601818624],[126.82175631634335,37.299572814548995],[126.81276311270611,37.299572814548995]]]}},{"type":"Feature","properties":{"jobs":3006,"pop":272,"pointCount":2,"homeWorkCommuteMedian":7199,"workHomeCommuteMedian":7199},"geometry":{"type":"Polygon","coordinates":[[[126.81276311270611,37.30856601818624],[126.81276311270611,37.31755922182349],[126.82175631634335,37.31755922182349],[126.82175631634335,37.30856601818624],[126.81276311270611,37.30856601818624]]]}},{"type":"Feature","properties":{"jobs":3471,"pop":180,"pointCount":3,"homeWorkCommuteMedian":10489,"workHomeCommuteMedian":9489},"geometry":{"type":"Polygon","coordinates":[[[126.81276311270611,37.33554562909798],[126.81276311270611,37.344538832735225],[126.82175631634335,37.344538832735225],[126.82175631634335,37.33554562909798],[126.81276311270611,37.33554562909798]]]}},{"type":"Feature","properties":{"jobs":925,"pop":21,"pointCount":1,"homeWorkCommuteMedian":9609,"workHomeCommuteMedian":11469},"geometry":{"type":"Polygon","coordinates":[[[126.81276311270611,37.344538832735225],[126.81276311270611,37.35353203637247],[126.82175631634335,37.35353203637247],[126.82175631634335,37.344538832735225],[126.81276311270611,37.344538832735225]]]}},{"type":"Feature","properties":{"jobs":4453,"pop":675,"pointCount":1,"homeWorkCommuteMedian":29590,"workHomeCommuteMedian":28272},"geometry":{"type":"Polygon","coordinates":[[[126.82175631634335,37.1826611672648],[126.82175631634335,37.19165437090204],[126.8307495199806,37.19165437090204],[126.8307495199806,37.1826611672648],[126.82175631634335,37.1826611672648]]]}},{"type":"Feature","properties":{"jobs":4001,"pop":364,"pointCount":2,"homeWorkCommuteMedian":33718,"workHomeCommuteMedian":34896},"geometry":{"type":"Polygon","coordinates":[[[126.82175631634335,37.19165437090204],[126.82175631634335,37.20064757453929],[126.8307495199806,37.20064757453929],[126.8307495199806,37.19165437090204],[126.82175631634335,37.19165437090204]]]}},{"type":"Feature","properties":{"jobs":15724,"pop":3147,"pointCount":4,"homeWorkCommuteMedian":28671,"workHomeCommuteMedian":30777},"geometry":{"type":"Polygon","coordinates":[[[126.82175631634335,37.20064757453929],[126.82175631634335,37.209640778176535],[126.8307495199806,37.209640778176535],[126.8307495199806,37.20064757453929],[126.82175631634335,37.20064757453929]]]}},{"type":"Feature","properties":{"jobs":2636,"pop":146,"pointCount":1,"homeWorkCommuteMedian":32874,"workHomeCommuteMedian":32874},"geometry":{"type":"Polygon","coordinates":[[[126.82175631634335,37.209640778176535],[126.82175631634335,37.21863398181378],[126.8307495199806,37.21863398181378],[126.8307495199806,37.209640778176535],[126.82175631634335,37.209640778176535]]]}},{"type":"Feature","properties":{"jobs":3463,"pop":94,"pointCount":2,"homeWorkCommuteMedian":36016,"workHomeCommuteMedian":36586},"geometry":{"type":"Polygon","coordinates":[[[126.82175631634335,37.27259320363726],[126.82175631634335,37.2815864072745],[126.8307495199806,37.2815864072745],[126.8307495199806,37.27259320363726],[126.82175631634335,37.27259320363726]]]}},{"type":"Feature","properties":{"jobs":4329,"pop":748,"pointCount":1,"homeWorkCommuteMedian":26282,"workHomeCommuteMedian":26962},"geometry":{"type":"Polygon","coordinates":[[[126.82175631634335,37.2815864072745],[126.82175631634335,37.29057961091175],[126.8307495199806,37.29057961091175],[126.8307495199806,37.2815864072745],[126.82175631634335,37.2815864072745]]]}},{"type":"Feature","properties":{"jobs":1147,"pop":205,"pointCount":1,"homeWorkCommuteMedian":31827,"workHomeCommuteMedian":26981},"geometry":{"type":"Polygon","coordinates":[[[126.82175631634335,37.29057961091175],[126.82175631634335,37.299572814548995],[126.8307495199806,37.299572814548995],[126.8307495199806,37.29057961091175],[126.82175631634335,37.29057961091175]]]}},{"type":"Feature","properties":{"jobs":3212,"pop":445,"pointCount":2,"homeWorkCommuteMedian":6254,"workHomeCommuteMedian":5324},"geometry":{"type":"Polygon","coordinates":[[[126.82175631634335,37.299572814548995],[126.82175631634335,37.30856601818624],[126.8307495199806,37.30856601818624],[126.8307495199806,37.299572814548995],[126.82175631634335,37.299572814548995]]]}},{"type":"Feature","properties":{"jobs":1145,"pop":72,"pointCount":1,"homeWorkCommuteMedian":6018,"workHomeCommuteMedian":6026},"geometry":{"type":"Polygon","coordinates":[[[126.82175631634335,37.30856601818624],[126.82175631634335,37.31755922182349],[126.8307495199806,37.31755922182349],[126.8307495199806,37.30856601818624],[126.82175631634335,37.30856601818624]]]}},{"type":"Feature","properties":{"jobs":956,"pop":200,"pointCount":2,"homeWorkCommuteMedian":19011,"workHomeCommuteMedian":17866},"geometry":{"type":"Polygon","coordinates":[[[126.82175631634335,37.31755922182349],[126.82175631634335,37.32655242546073],[126.8307495199806,37.32655242546073],[126.8307495199806,37.31755922182349],[126.82175631634335,37.31755922182349]]]}},{"type":"Feature","properties":{"jobs":910,"pop":21,"pointCount":1,"homeWorkCommuteMedian":7561,"workHomeCommuteMedian":7271},"geometry":{"type":"Polygon","coordinates":[[[126.82175631634335,37.32655242546073],[126.82175631634335,37.33554562909798],[126.8307495199806,37.33554562909798],[126.8307495199806,37.32655242546073],[126.82175631634335,37.32655242546073]]]}},{"type":"Feature","properties":{"jobs":336,"pop":199,"pointCount":1,"homeWorkCommuteMedian":27842,"workHomeCommuteMedian":-1},"geometry":{"type":"Polygon","coordinates":[[[126.82175631634335,37.33554562909798],[126.82175631634335,37.344538832735225],[126.8307495199806,37.344538832735225],[126.8307495199806,37.33554562909798],[126.82175631634335,37.33554562909798]]]}},{"type":"Feature","properties":{"jobs":2891,"pop":181,"pointCount":1,"homeWorkCommuteMedian":37022,"workHomeCommuteMedian":29954},"geometry":{"type":"Polygon","coordinates":[[[126.8307495199806,37.1826611672648],[126.8307495199806,37.19165437090204],[126.83974272361785,37.19165437090204],[126.83974272361785,37.1826611672648],[126.8307495199806,37.1826611672648]]]}},{"type":"Feature","properties":{"jobs":4668,"pop":810,"pointCount":1,"homeWorkCommuteMedian":29236,"workHomeCommuteMedian":27190},"geometry":{"type":"Polygon","coordinates":[[[126.8307495199806,37.19165437090204],[126.8307495199806,37.20064757453929],[126.83974272361785,37.20064757453929],[126.83974272361785,37.19165437090204],[126.8307495199806,37.19165437090204]]]}},{"type":"Feature","properties":{"jobs":7124,"pop":847,"pointCount":3,"homeWorkCommuteMedian":32101,"workHomeCommuteMedian":31113},"geometry":{"type":"Polygon","coordinates":[[[126.8307495199806,37.20064757453929],[126.8307495199806,37.209640778176535],[126.83974272361785,37.209640778176535],[126.83974272361785,37.20064757453929],[126.8307495199806,37.20064757453929]]]}},{"type":"Feature","properties":{"jobs":3807,"pop":415,"pointCount":2,"homeWorkCommuteMedian":30728,"workHomeCommuteMedian":30501},"geometry":{"type":"Polygon","coordinates":[[[126.8307495199806,37.209640778176535],[126.8307495199806,37.21863398181378],[126.83974272361785,37.21863398181378],[126.83974272361785,37.209640778176535],[126.8307495199806,37.209640778176535]]]}},{"type":"Feature","properties":{"jobs":3211,"pop":4395,"pointCount":1,"homeWorkCommuteMedian":25426,"workHomeCommuteMedian":25790},"geometry":{"type":"Polygon","coordinates":[[[126.8307495199806,37.27259320363726],[126.8307495199806,37.2815864072745],[126.83974272361785,37.2815864072745],[126.83974272361785,37.27259320363726],[126.8307495199806,37.27259320363726]]]}},{"type":"Feature","properties":{"jobs":287,"pop":535,"pointCount":1,"homeWorkCommuteMedian":32533,"workHomeCommuteMedian":-1},"geometry":{"type":"Polygon","coordinates":[[[126.8307495199806,37.29057961091175],[126.8307495199806,37.299572814548995],[126.83974272361785,37.299572814548995],[126.83974272361785,37.29057961091175],[126.8307495199806,37.29057961091175]]]}},{"type":"Feature","properties":{"jobs":4895,"pop":831,"pointCount":3,"homeWorkCommuteMedian":4691,"workHomeCommuteMedian":4614},"geometry":{"type":"Polygon","coordinates":[[[126.8307495199806,37.299572814548995],[126.8307495199806,37.30856601818624],[126.83974272361785,37.30856601818624],[126.83974272361785,37.299572814548995],[126.8307495199806,37.299572814548995]]]}},{"type":"Feature","properties":{"jobs":3441,"pop":692,"pointCount":2,"homeWorkCommuteMedian":5062,"workHomeCommuteMedian":5088},"geometry":{"type":"Polygon","coordinates":[[[126.8307495199806,37.30856601818624],[126.8307495199806,37.31755922182349],[126.83974272361785,37.31755922182349],[126.83974272361785,37.30856601818624],[126.8307495199806,37.30856601818624]]]}},{"type":"Feature","properties":{"jobs":3338,"pop":173,"pointCount":3,"homeWorkCommuteMedian":5954,"workHomeCommuteMedian":5610},"geometry":{"type":"Polygon","coordinates":[[[126.8307495199806,37.31755922182349],[126.8307495199806,37.32655242546073],[126.83974272361785,37.32655242546073],[126.83974272361785,37.31755922182349],[126.8307495199806,37.31755922182349]]]}},{"type":"Feature","properties":{"jobs":407,"pop":2738,"pointCount":1,"homeWorkCommuteMedian":22056,"workHomeCommuteMedian":-1},"geometry":{"type":"Polygon","coordinates":[[[126.8307495199806,37.32655242546073],[126.8307495199806,37.33554562909798],[126.83974272361785,37.33554562909798],[126.83974272361785,37.32655242546073],[126.8307495199806,37.32655242546073]]]}},{"type":"Feature","properties":{"jobs":887,"pop":20,"pointCount":1,"homeWorkCommuteMedian":2752,"workHomeCommuteMedian":2745},"geometry":{"type":"Polygon","coordinates":[[[126.83974272361785,37.27259320363726],[126.83974272361785,37.2815864072745],[126.84873592725509,37.2815864072745],[126.84873592725509,37.27259320363726],[126.83974272361785,37.27259320363726]]]}},{"type":"Feature","properties":{"jobs":7630,"pop":2385,"pointCount":3,"homeWorkCommuteMedian":4083,"workHomeCommuteMedian":4053},"geometry":{"type":"Polygon","coordinates":[[[126.83974272361785,37.2815864072745],[126.83974272361785,37.29057961091175],[126.84873592725509,37.29057961091175],[126.84873592725509,37.2815864072745],[126.83974272361785,37.2815864072745]]]}},{"type":"Feature","properties":{"jobs":4801,"pop":729,"pointCount":3,"homeWorkCommuteMedian":3297,"workHomeCommuteMedian":3230},"geometry":{"type":"Polygon","coordinates":[[[126.83974272361785,37.29057961091175],[126.83974272361785,37.299572814548995],[126.84873592725509,37.299572814548995],[126.84873592725509,37.29057961091175],[126.83974272361785,37.29057961091175]]]}},{"type":"Feature","properties":{"jobs":7417,"pop":1344,"pointCount":4,"homeWorkCommuteMedian":3672,"workHomeCommuteMedian":3496},"geometry":{"type":"Polygon","coordinates":[[[126.83974272361785,37.299572814548995],[126.83974272361785,37.30856601818624],[126.84873592725509,37.30856601818624],[126.84873592725509,37.299572814548995],[126.83974272361785,37.299572814548995]]]}},{"type":"Feature","properties":{"jobs":5148,"pop":598,"pointCount":2,"homeWorkCommuteMedian":3694,"workHomeCommuteMedian":5183},"geometry":{"type":"Polygon","coordinates":[[[126.83974272361785,37.30856601818624],[126.83974272361785,37.31755922182349],[126.84873592725509,37.31755922182349],[126.84873592725509,37.30856601818624],[126.83974272361785,37.30856601818624]]]}},{"type":"Feature","properties":{"jobs":4958,"pop":506,"pointCount":4,"homeWorkCommuteMedian":6015,"workHomeCommuteMedian":5637},"geometry":{"type":"Polygon","coordinates":[[[126.83974272361785,37.31755922182349],[126.83974272361785,37.32655242546073],[126.84873592725509,37.32655242546073],[126.84873592725509,37.31755922182349],[126.83974272361785,37.31755922182349]]]}},{"type":"Feature","properties":{"jobs":2389,"pop":148,"pointCount":3,"homeWorkCommuteMedian":6594,"workHomeCommuteMedian":6250},"geometry":{"type":"Polygon","coordinates":[[[126.83974272361785,37.32655242546073],[126.83974272361785,37.33554562909798],[126.84873592725509,37.33554562909798],[126.84873592725509,37.32655242546073],[126.83974272361785,37.32655242546073]]]}},{"type":"Feature","properties":{"jobs":2,"pop":195,"pointCount":1,"homeWorkCommuteMedian":24646,"workHomeCommuteMedian":-1},"geometry":{"type":"Polygon","coordinates":[[[126.83974272361785,37.344538832735225],[126.83974272361785,37.35353203637247],[126.84873592725509,37.35353203637247],[126.84873592725509,37.344538832735225],[126.83974272361785,37.344538832735225]]]}},{"type":"Feature","properties":{"jobs":945,"pop":21,"pointCount":1,"homeWorkCommuteMedian":14727,"workHomeCommuteMedian":14481},"geometry":{"type":"Polygon","coordinates":[[[126.83974272361785,37.37151844364696],[126.83974272361785,37.38051164728421],[126.84873592725509,37.38051164728421],[126.84873592725509,37.37151844364696],[126.83974272361785,37.37151844364696]]]}},{"type":"Feature","properties":{"jobs":3396,"pop":940,"pointCount":1,"homeWorkCommuteMedian":4422,"workHomeCommuteMedian":4422},"geometry":{"type":"Polygon","coordinates":[[[126.84873592725509,37.27259320363726],[126.84873592725509,37.2815864072745],[126.85772913089234,37.2815864072745],[126.85772913089234,37.27259320363726],[126.84873592725509,37.27259320363726]]]}},{"type":"Feature","properties":{"jobs":13312,"pop":3478,"pointCount":4,"homeWorkCommuteMedian":4077,"workHomeCommuteMedian":4140},"geometry":{"type":"Polygon","coordinates":[[[126.84873592725509,37.2815864072745],[126.84873592725509,37.29057961091175],[126.85772913089234,37.29057961091175],[126.85772913089234,37.2815864072745],[126.84873592725509,37.2815864072745]]]}},{"type":"Feature","properties":{"jobs":8813,"pop":1612,"pointCount":4,"homeWorkCommuteMedian":3127,"workHomeCommuteMedian":3202},"geometry":{"type":"Polygon","coordinates":[[[126.84873592725509,37.29057961091175],[126.84873592725509,37.299572814548995],[126.85772913089234,37.299572814548995],[126.85772913089234,37.29057961091175],[126.84873592725509,37.29057961091175]]]}},{"type":"Feature","properties":{"jobs":9395,"pop":2304,"pointCount":4,"homeWorkCommuteMedian":3280,"workHomeCommuteMedian":3127},"geometry":{"type":"Polygon","coordinates":[[[126.84873592725509,37.299572814548995],[126.84873592725509,37.30856601818624],[126.85772913089234,37.30856601818624],[126.85772913089234,37.299572814548995],[126.84873592725509,37.299572814548995]]]}},{"type":"Feature","properties":{"jobs":2059,"pop":721,"pointCount":1,"homeWorkCommuteMedian":3565,"workHomeCommuteMedian":3055},"geometry":{"type":"Polygon","coordinates":[[[126.84873592725509,37.30856601818624],[126.84873592725509,37.31755922182349],[126.85772913089234,37.31755922182349],[126.85772913089234,37.30856601818624],[126.84873592725509,37.30856601818624]]]}},{"type":"Feature","properties":{"jobs":5545,"pop":2037,"pointCount":2,"homeWorkCommuteMedian":6447,"workHomeCommuteMedian":6368},"geometry":{"type":"Polygon","coordinates":[[[126.84873592725509,37.32655242546073],[126.84873592725509,37.33554562909798],[126.85772913089234,37.33554562909798],[126.85772913089234,37.32655242546073],[126.84873592725509,37.32655242546073]]]}},{"type":"Feature","properties":{"jobs":1022,"pop":65,"pointCount":1,"homeWorkCommuteMedian":14037,"workHomeCommuteMedian":13960},"geometry":{"type":"Polygon","coordinates":[[[126.84873592725509,37.37151844364696],[126.84873592725509,37.38051164728421],[126.85772913089234,37.38051164728421],[126.85772913089234,37.37151844364696],[126.84873592725509,37.37151844364696]]]}},{"type":"Feature","properties":{"jobs":3288,"pop":246,"pointCount":1,"homeWorkCommuteMedian":28730,"workHomeCommuteMedian":28050},"geometry":{"type":"Polygon","coordinates":[[[126.85772913089234,37.22762718545103],[126.85772913089234,37.23662038908827],[126.86672233452958,37.23662038908827],[126.86672233452958,37.22762718545103],[126.85772913089234,37.22762718545103]]]}},{"type":"Feature","properties":{"jobs":1699,"pop":46,"pointCount":1,"homeWorkCommuteMedian":41724,"workHomeCommuteMedian":31487},"geometry":{"type":"Polygon","coordinates":[[[126.85772913089234,37.24561359272552],[126.85772913089234,37.254606796362765],[126.86672233452958,37.254606796362765],[126.86672233452958,37.24561359272552],[126.85772913089234,37.24561359272552]]]}},{"type":"Feature","properties":{"jobs":31457,"pop":13859,"pointCount":4,"homeWorkCommuteMedian":4750,"workHomeCommuteMedian":4944},"geometry":{"type":"Polygon","coordinates":[[[126.85772913089234,37.2815864072745],[126.85772913089234,37.29057961091175],[126.86672233452958,37.29057961091175],[126.86672233452958,37.2815864072745],[126.85772913089234,37.2815864072745]]]}},{"type":"Feature","properties":{"jobs":21543,"pop":7662,"pointCount":4,"homeWorkCommuteMedian":3418,"workHomeCommuteMedian":3494},"geometry":{"type":"Polygon","coordinates":[[[126.85772913089234,37.29057961091175],[126.85772913089234,37.299572814548995],[126.86672233452958,37.299572814548995],[126.86672233452958,37.29057961091175],[126.85772913089234,37.29057961091175]]]}},{"type":"Feature","properties":{"jobs":9410,"pop":1862,"pointCount":4,"homeWorkCommuteMedian":3120,"workHomeCommuteMedian":2869},"geometry":{"type":"Polygon","coordinates":[[[126.85772913089234,37.299572814548995],[126.85772913089234,37.30856601818624],[126.86672233452958,37.30856601818624],[126.86672233452958,37.299572814548995],[126.85772913089234,37.299572814548995]]]}},{"type":"Feature","properties":{"jobs":17899,"pop":6540,"pointCount":4,"homeWorkCommuteMedian":4000,"workHomeCommuteMedian":4095},"geometry":{"type":"Polygon","coordinates":[[[126.85772913089234,37.30856601818624],[126.85772913089234,37.31755922182349],[126.86672233452958,37.31755922182349],[126.86672233452958,37.30856601818624],[126.85772913089234,37.30856601818624]]]}},{"type":"Feature","properties":{"jobs":1790,"pop":265,"pointCount":1,"homeWorkCommuteMedian":4362,"workHomeCommuteMedian":4376},"geometry":{"type":"Polygon","coordinates":[[[126.85772913089234,37.31755922182349],[126.85772913089234,37.32655242546073],[126.86672233452958,37.32655242546073],[126.86672233452958,37.31755922182349],[126.85772913089234,37.31755922182349]]]}},{"type":"Feature","properties":{"jobs":14749,"pop":5395,"pointCount":4,"homeWorkCommuteMedian":6015,"workHomeCommuteMedian":6332},"geometry":{"type":"Polygon","coordinates":[[[126.85772913089234,37.32655242546073],[126.85772913089234,37.33554562909798],[126.86672233452958,37.33554562909798],[126.86672233452958,37.32655242546073],[126.85772913089234,37.32655242546073]]]}},{"type":"Feature","properties":{"jobs":932,"pop":21,"pointCount":1,"homeWorkCommuteMedian":13915,"workHomeCommuteMedian":13699},"geometry":{"type":"Polygon","coordinates":[[[126.85772913089234,37.38051164728421],[126.85772913089234,37.389504850921455],[126.86672233452958,37.389504850921455],[126.86672233452958,37.38051164728421],[126.85772913089234,37.38051164728421]]]}},{"type":"Feature","properties":{"jobs":4223,"pop":449,"pointCount":2,"homeWorkCommuteMedian":27713,"workHomeCommuteMedian":26546},"geometry":{"type":"Polygon","coordinates":[[[126.86672233452958,37.22762718545103],[126.86672233452958,37.23662038908827],[126.87571553816683,37.23662038908827],[126.87571553816683,37.22762718545103],[126.86672233452958,37.22762718545103]]]}},{"type":"Feature","properties":{"jobs":6355,"pop":2156,"pointCount":1,"homeWorkCommuteMedian":21657,"workHomeCommuteMedian":22114},"geometry":{"type":"Polygon","coordinates":[[[126.86672233452958,37.23662038908827],[126.86672233452958,37.24561359272552],[126.87571553816683,37.24561359272552],[126.87571553816683,37.23662038908827],[126.86672233452958,37.23662038908827]]]}},{"type":"Feature","properties":{"jobs":1865,"pop":515,"pointCount":1,"homeWorkCommuteMedian":4668,"workHomeCommuteMedian":6597},"geometry":{"type":"Polygon","coordinates":[[[126.86672233452958,37.2815864072745],[126.86672233452958,37.29057961091175],[126.87571553816683,37.29057961091175],[126.87571553816683,37.2815864072745],[126.86672233452958,37.2815864072745]]]}},{"type":"Feature","properties":{"jobs":9855,"pop":2167,"pointCount":4,"homeWorkCommuteMedian":3127,"workHomeCommuteMedian":3140},"geometry":{"type":"Polygon","coordinates":[[[126.86672233452958,37.29057961091175],[126.86672233452958,37.299572814548995],[126.87571553816683,37.299572814548995],[126.87571553816683,37.29057961091175],[126.86672233452958,37.29057961091175]]]}},{"type":"Feature","properties":{"jobs":7451,"pop":2363,"pointCount":3,"homeWorkCommuteMedian":4250,"workHomeCommuteMedian":3640},"geometry":{"type":"Polygon","coordinates":[[[126.86672233452958,37.299572814548995],[126.86672233452958,37.30856601818624],[126.87571553816683,37.30856601818624],[126.87571553816683,37.299572814548995],[126.86672233452958,37.299572814548995]]]}},{"type":"Feature","properties":{"jobs":7212,"pop":1797,"pointCount":4,"homeWorkCommuteMedian":3765,"workHomeCommuteMedian":3955},"geometry":{"type":"Polygon","coordinates":[[[126.86672233452958,37.30856601818624],[126.86672233452958,37.31755922182349],[126.87571553816683,37.31755922182349],[126.87571553816683,37.30856601818624],[126.86672233452958,37.30856601818624]]]}},{"type":"Feature","properties":{"jobs":14,"pop":563,"pointCount":1,"homeWorkCommuteMedian":26136,"workHomeCommuteMedian":-1},"geometry":{"type":"Polygon","coordinates":[[[126.86672233452958,37.33554562909798],[126.86672233452958,37.344538832735225],[126.87571553816683,37.344538832735225],[126.87571553816683,37.33554562909798],[126.86672233452958,37.33554562909798]]]}},{"type":"Feature","properties":{"jobs":1685,"pop":446,"pointCount":1,"homeWorkCommuteMedian":13727,"workHomeCommuteMedian":8522},"geometry":{"type":"Polygon","coordinates":[[[126.86672233452958,37.42547766547044],[126.86672233452958,37.434470869107685],[126.87571553816683,37.434470869107685],[126.87571553816683,37.42547766547044],[126.86672233452958,37.42547766547044]]]}},{"type":"Feature","properties":{"jobs":2075,"pop":292,"pointCount":1,"homeWorkCommuteMedian":6175,"workHomeCommuteMedian":5871},"geometry":{"type":"Polygon","coordinates":[[[126.87571553816683,37.26360000000001],[126.87571553816683,37.27259320363726],[126.88470874180408,37.27259320363726],[126.88470874180408,37.26360000000001],[126.87571553816683,37.26360000000001]]]}},{"type":"Feature","properties":{"jobs":2844,"pop":663,"pointCount":2,"homeWorkCommuteMedian":6063,"workHomeCommuteMedian":6015},"geometry":{"type":"Polygon","coordinates":[[[126.87571553816683,37.40749125819595],[126.87571553816683,37.41648446183319],[126.88470874180408,37.41648446183319],[126.88470874180408,37.40749125819595],[126.87571553816683,37.40749125819595]]]}},{"type":"Feature","properties":{"jobs":2713,"pop":631,"pointCount":2,"homeWorkCommuteMedian":7199,"workHomeCommuteMedian":7049},"geometry":{"type":"Polygon","coordinates":[[[126.87571553816683,37.41648446183319],[126.87571553816683,37.42547766547044],[126.88470874180408,37.42547766547044],[126.88470874180408,37.41648446183319],[126.87571553816683,37.41648446183319]]]}},{"type":"Feature","properties":{"jobs":5771,"pop":1954,"pointCount":3,"homeWorkCommuteMedian":8185,"workHomeCommuteMedian":7796},"geometry":{"type":"Polygon","coordinates":[[[126.87571553816683,37.42547766547044],[126.87571553816683,37.434470869107685],[126.88470874180408,37.434470869107685],[126.88470874180408,37.42547766547044],[126.87571553816683,37.42547766547044]]]}},{"type":"Feature","properties":{"jobs":4047,"pop":159,"pointCount":2,"homeWorkCommuteMedian":29378,"workHomeCommuteMedian":38714},"geometry":{"type":"Polygon","coordinates":[[[126.88470874180408,37.09272913089234],[126.88470874180408,37.10172233452958],[126.89370194544132,37.10172233452958],[126.89370194544132,37.09272913089234],[126.88470874180408,37.09272913089234]]]}},{"type":"Feature","properties":{"jobs":487,"pop":24,"pointCount":1,"homeWorkCommuteMedian":4469,"workHomeCommuteMedian":4469},"geometry":{"type":"Polygon","coordinates":[[[126.88470874180408,37.3984980545587],[126.88470874180408,37.40749125819595],[126.89370194544132,37.40749125819595],[126.89370194544132,37.3984980545587],[126.88470874180408,37.3984980545587]]]}},{"type":"Feature","properties":{"jobs":29965,"pop":32,"pointCount":2,"homeWorkCommuteMedian":7564,"workHomeCommuteMedian":35552},"geometry":{"type":"Polygon","coordinates":[[[126.88470874180408,37.40749125819595],[126.88470874180408,37.41648446183319],[126.89370194544132,37.41648446183319],[126.89370194544132,37.40749125819595],[126.88470874180408,37.40749125819595]]]}},{"type":"Feature","properties":{"jobs":1383,"pop":179,"pointCount":2,"homeWorkCommuteMedian":6888,"workHomeCommuteMedian":6273},"geometry":{"type":"Polygon","coordinates":[[[126.88470874180408,37.41648446183319],[126.88470874180408,37.42547766547044],[126.89370194544132,37.42547766547044],[126.89370194544132,37.41648446183319],[126.88470874180408,37.41648446183319]]]}},{"type":"Feature","properties":{"jobs":605,"pop":30,"pointCount":1,"homeWorkCommuteMedian":7414,"workHomeCommuteMedian":9408},"geometry":{"type":"Polygon","coordinates":[[[126.88470874180408,37.42547766547044],[126.88470874180408,37.434470869107685],[126.89370194544132,37.434470869107685],[126.89370194544132,37.42547766547044],[126.88470874180408,37.42547766547044]]]}},{"type":"Feature","properties":{"jobs":7092,"pop":1264,"pointCount":2,"homeWorkCommuteMedian":25653,"workHomeCommuteMedian":23782},"geometry":{"type":"Polygon","coordinates":[[[126.89370194544132,37.09272913089234],[126.89370194544132,37.10172233452958],[126.90269514907857,37.10172233452958],[126.90269514907857,37.09272913089234],[126.89370194544132,37.09272913089234]]]}},{"type":"Feature","properties":{"jobs":6763,"pop":528,"pointCount":3,"homeWorkCommuteMedian":26368,"workHomeCommuteMedian":27849},"geometry":{"type":"Polygon","coordinates":[[[126.89370194544132,37.10172233452958],[126.89370194544132,37.11071553816683],[126.90269514907857,37.11071553816683],[126.90269514907857,37.10172233452958],[126.89370194544132,37.10172233452958]]]}},{"type":"Feature","properties":{"jobs":5047,"pop":261,"pointCount":2,"homeWorkCommuteMedian":26312,"workHomeCommuteMedian":28309},"geometry":{"type":"Polygon","coordinates":[[[126.89370194544132,37.11071553816683],[126.89370194544132,37.119708741804075],[126.90269514907857,37.119708741804075],[126.90269514907857,37.11071553816683],[126.89370194544132,37.11071553816683]]]}},{"type":"Feature","properties":{"jobs":4174,"pop":501,"pointCount":1,"homeWorkCommuteMedian":19061,"workHomeCommuteMedian":19162},"geometry":{"type":"Polygon","coordinates":[[[126.89370194544132,37.12870194544132],[126.89370194544132,37.13769514907857],[126.90269514907857,37.13769514907857],[126.90269514907857,37.12870194544132],[126.89370194544132,37.12870194544132]]]}},{"type":"Feature","properties":{"jobs":4101,"pop":799,"pointCount":2,"homeWorkCommuteMedian":6576,"workHomeCommuteMedian":6634},"geometry":{"type":"Polygon","coordinates":[[[126.89370194544132,37.299572814548995],[126.89370194544132,37.30856601818624],[126.90269514907857,37.30856601818624],[126.90269514907857,37.299572814548995],[126.89370194544132,37.299572814548995]]]}},{"type":"Feature","properties":{"jobs":172,"pop":747,"pointCount":1,"homeWorkCommuteMedian":25615,"workHomeCommuteMedian":-1},"geometry":{"type":"Polygon","coordinates":[[[126.89370194544132,37.33554562909798],[126.89370194544132,37.344538832735225],[126.90269514907857,37.344538832735225],[126.90269514907857,37.33554562909798],[126.89370194544132,37.33554562909798]]]}},{"type":"Feature","properties":{"jobs":10921,"pop":4733,"pointCount":2,"homeWorkCommuteMedian":4087,"workHomeCommuteMedian":4253},"geometry":{"type":"Polygon","coordinates":[[[126.89370194544132,37.38051164728421],[126.89370194544132,37.389504850921455],[126.90269514907857,37.389504850921455],[126.90269514907857,37.38051164728421],[126.89370194544132,37.38051164728421]]]}},{"type":"Feature","properties":{"jobs":3184,"pop":863,"pointCount":2,"homeWorkCommuteMedian":3808,"workHomeCommuteMedian":3698},"geometry":{"type":"Polygon","coordinates":[[[126.89370194544132,37.3984980545587],[126.89370194544132,37.40749125819595],[126.90269514907857,37.40749125819595],[126.90269514907857,37.3984980545587],[126.89370194544132,37.3984980545587]]]}},{"type":"Feature","properties":{"jobs":548,"pop":445,"pointCount":1,"homeWorkCommuteMedian":4130,"workHomeCommuteMedian":4135},"geometry":{"type":"Polygon","coordinates":[[[126.89370194544132,37.40749125819595],[126.89370194544132,37.41648446183319],[126.90269514907857,37.41648446183319],[126.90269514907857,37.40749125819595],[126.89370194544132,37.40749125819595]]]}},{"type":"Feature","properties":{"jobs":4240,"pop":1412,"pointCount":2,"homeWorkCommuteMedian":6405,"workHomeCommuteMedian":5919},"geometry":{"type":"Polygon","coordinates":[[[126.89370194544132,37.42547766547044],[126.89370194544132,37.434470869107685],[126.90269514907857,37.434470869107685],[126.90269514907857,37.42547766547044],[126.89370194544132,37.42547766547044]]]}},{"type":"Feature","properties":{"jobs":2045,"pop":97,"pointCount":1,"homeWorkCommuteMedian":24448,"workHomeCommuteMedian":25263},"geometry":{"type":"Polygon","coordinates":[[[126.90269514907857,37.10172233452958],[126.90269514907857,37.11071553816683],[126.91168835271581,37.11071553816683],[126.91168835271581,37.10172233452958],[126.90269514907857,37.10172233452958]]]}},{"type":"Feature","properties":{"jobs":19283,"pop":4547,"pointCount":4,"homeWorkCommuteMedian":22007,"workHomeCommuteMedian":22704},"geometry":{"type":"Polygon","coordinates":[[[126.90269514907857,37.11071553816683],[126.90269514907857,37.119708741804075],[126.91168835271581,37.119708741804075],[126.91168835271581,37.11071553816683],[126.90269514907857,37.11071553816683]]]}},{"type":"Feature","properties":{"jobs":3695,"pop":125,"pointCount":3,"homeWorkCommuteMedian":23490,"workHomeCommuteMedian":25486},"geometry":{"type":"Polygon","coordinates":[[[126.90269514907857,37.12870194544132],[126.90269514907857,37.13769514907857],[126.91168835271581,37.13769514907857],[126.91168835271581,37.12870194544132],[126.90269514907857,37.12870194544132]]]}},{"type":"Feature","properties":{"jobs":1568,"pop":222,"pointCount":1,"homeWorkCommuteMedian":24280,"workHomeCommuteMedian":23413},"geometry":{"type":"Polygon","coordinates":[[[126.90269514907857,37.13769514907857],[126.90269514907857,37.14668835271581],[126.91168835271581,37.14668835271581],[126.91168835271581,37.13769514907857],[126.90269514907857,37.13769514907857]]]}},{"type":"Feature","properties":{"jobs":4978,"pop":1973,"pointCount":2,"homeWorkCommuteMedian":6634,"workHomeCommuteMedian":6634},"geometry":{"type":"Polygon","coordinates":[[[126.90269514907857,37.299572814548995],[126.90269514907857,37.30856601818624],[126.91168835271581,37.30856601818624],[126.91168835271581,37.299572814548995],[126.90269514907857,37.299572814548995]]]}},{"type":"Feature","properties":{"jobs":5371,"pop":2408,"pointCount":1,"homeWorkCommuteMedian":6865,"workHomeCommuteMedian":6634},"geometry":{"type":"Polygon","coordinates":[[[126.90269514907857,37.30856601818624],[126.90269514907857,37.31755922182349],[126.91168835271581,37.31755922182349],[126.91168835271581,37.30856601818624],[126.90269514907857,37.30856601818624]]]}},{"type":"Feature","properties":{"jobs":8368,"pop":3243,"pointCount":2,"homeWorkCommuteMedian":4077,"workHomeCommuteMedian":4087},"geometry":{"type":"Polygon","coordinates":[[[126.90269514907857,37.38051164728421],[126.90269514907857,37.389504850921455],[126.91168835271581,37.389504850921455],[126.91168835271581,37.38051164728421],[126.90269514907857,37.38051164728421]]]}},{"type":"Feature","properties":{"jobs":4347,"pop":1001,"pointCount":3,"homeWorkCommuteMedian":2876,"workHomeCommuteMedian":2876},"geometry":{"type":"Polygon","coordinates":[[[126.90269514907857,37.389504850921455],[126.90269514907857,37.3984980545587],[126.91168835271581,37.3984980545587],[126.91168835271581,37.389504850921455],[126.90269514907857,37.389504850921455]]]}},{"type":"Feature","properties":{"jobs":7588,"pop":2357,"pointCount":4,"homeWorkCommuteMedian":3292,"workHomeCommuteMedian":3418},"geometry":{"type":"Polygon","coordinates":[[[126.90269514907857,37.3984980545587],[126.90269514907857,37.40749125819595],[126.91168835271581,37.40749125819595],[126.91168835271581,37.3984980545587],[126.90269514907857,37.3984980545587]]]}},{"type":"Feature","properties":{"jobs":11015,"pop":4082,"pointCount":4,"homeWorkCommuteMedian":3729,"workHomeCommuteMedian":3880},"geometry":{"type":"Polygon","coordinates":[[[126.90269514907857,37.40749125819595],[126.90269514907857,37.41648446183319],[126.91168835271581,37.41648446183319],[126.91168835271581,37.40749125819595],[126.90269514907857,37.40749125819595]]]}},{"type":"Feature","properties":{"jobs":3220,"pop":803,"pointCount":3,"homeWorkCommuteMedian":4601,"workHomeCommuteMedian":4329},"geometry":{"type":"Polygon","coordinates":[[[126.90269514907857,37.41648446183319],[126.90269514907857,37.42547766547044],[126.91168835271581,37.42547766547044],[126.91168835271581,37.41648446183319],[126.90269514907857,37.41648446183319]]]}},{"type":"Feature","properties":{"jobs":1162,"pop":225,"pointCount":1,"homeWorkCommuteMedian":6598,"workHomeCommuteMedian":6307},"geometry":{"type":"Polygon","coordinates":[[[126.90269514907857,37.42547766547044],[126.90269514907857,37.434470869107685],[126.91168835271581,37.434470869107685],[126.91168835271581,37.42547766547044],[126.90269514907857,37.42547766547044]]]}},{"type":"Feature","properties":{"jobs":6373,"pop":552,"pointCount":2,"homeWorkCommuteMedian":23046,"workHomeCommuteMedian":24693},"geometry":{"type":"Polygon","coordinates":[[[126.91168835271581,37.10172233452958],[126.91168835271581,37.11071553816683],[126.92068155635306,37.11071553816683],[126.92068155635306,37.10172233452958],[126.91168835271581,37.10172233452958]]]}},{"type":"Feature","properties":{"jobs":11825,"pop":2004,"pointCount":3,"homeWorkCommuteMedian":21452,"workHomeCommuteMedian":22327},"geometry":{"type":"Polygon","coordinates":[[[126.91168835271581,37.11071553816683],[126.91168835271581,37.119708741804075],[126.92068155635306,37.119708741804075],[126.92068155635306,37.11071553816683],[126.91168835271581,37.11071553816683]]]}},{"type":"Feature","properties":{"jobs":23597,"pop":7018,"pointCount":4,"homeWorkCommuteMedian":21576,"workHomeCommuteMedian":21793},"geometry":{"type":"Polygon","coordinates":[[[126.91168835271581,37.119708741804075],[126.91168835271581,37.12870194544132],[126.92068155635306,37.12870194544132],[126.92068155635306,37.119708741804075],[126.91168835271581,37.119708741804075]]]}},{"type":"Feature","properties":{"jobs":1520,"pop":23,"pointCount":1,"homeWorkCommuteMedian":33921,"workHomeCommuteMedian":33921},"geometry":{"type":"Polygon","coordinates":[[[126.91168835271581,37.12870194544132],[126.91168835271581,37.13769514907857],[126.92068155635306,37.13769514907857],[126.92068155635306,37.12870194544132],[126.91168835271581,37.12870194544132]]]}},{"type":"Feature","properties":{"jobs":2173,"pop":104,"pointCount":1,"homeWorkCommuteMedian":24510,"workHomeCommuteMedian":22265},"geometry":{"type":"Polygon","coordinates":[[[126.91168835271581,37.21863398181378],[126.91168835271581,37.22762718545103],[126.92068155635306,37.22762718545103],[126.92068155635306,37.21863398181378],[126.91168835271581,37.21863398181378]]]}},{"type":"Feature","properties":{"jobs":1388,"pop":87,"pointCount":1,"homeWorkCommuteMedian":7139,"workHomeCommuteMedian":7833},"geometry":{"type":"Polygon","coordinates":[[[126.91168835271581,37.29057961091175],[126.91168835271581,37.299572814548995],[126.92068155635306,37.299572814548995],[126.92068155635306,37.29057961091175],[126.91168835271581,37.29057961091175]]]}},{"type":"Feature","properties":{"jobs":3948,"pop":1504,"pointCount":2,"homeWorkCommuteMedian":6976,"workHomeCommuteMedian":6993},"geometry":{"type":"Polygon","coordinates":[[[126.91168835271581,37.30856601818624],[126.91168835271581,37.31755922182349],[126.92068155635306,37.31755922182349],[126.92068155635306,37.30856601818624],[126.91168835271581,37.30856601818624]]]}},{"type":"Feature","properties":{"jobs":5025,"pop":2160,"pointCount":2,"homeWorkCommuteMedian":5991,"workHomeCommuteMedian":6332},"geometry":{"type":"Polygon","coordinates":[[[126.91168835271581,37.31755922182349],[126.91168835271581,37.32655242546073],[126.92068155635306,37.32655242546073],[126.92068155635306,37.31755922182349],[126.91168835271581,37.31755922182349]]]}},{"type":"Feature","properties":{"jobs":14342,"pop":6657,"pointCount":3,"homeWorkCommuteMedian":5003,"workHomeCommuteMedian":4908},"geometry":{"type":"Polygon","coordinates":[[[126.91168835271581,37.32655242546073],[126.91168835271581,37.33554562909798],[126.92068155635306,37.33554562909798],[126.92068155635306,37.32655242546073],[126.91168835271581,37.32655242546073]]]}},{"type":"Feature","properties":{"jobs":36339,"pop":16578,"pointCount":3,"homeWorkCommuteMedian":3663,"workHomeCommuteMedian":3612},"geometry":{"type":"Polygon","coordinates":[[[126.91168835271581,37.35353203637247],[126.91168835271581,37.36252524000972],[126.92068155635306,37.36252524000972],[126.92068155635306,37.35353203637247],[126.91168835271581,37.35353203637247]]]}},{"type":"Feature","properties":{"jobs":8514,"pop":3884,"pointCount":1,"homeWorkCommuteMedian":3955,"workHomeCommuteMedian":3840},"geometry":{"type":"Polygon","coordinates":[[[126.91168835271581,37.36252524000972],[126.91168835271581,37.37151844364696],[126.92068155635306,37.37151844364696],[126.92068155635306,37.36252524000972],[126.91168835271581,37.36252524000972]]]}},{"type":"Feature","properties":{"jobs":3630,"pop":556,"pointCount":2,"homeWorkCommuteMedian":4313,"workHomeCommuteMedian":4293},"geometry":{"type":"Polygon","coordinates":[[[126.91168835271581,37.38051164728421],[126.91168835271581,37.389504850921455],[126.92068155635306,37.389504850921455],[126.92068155635306,37.38051164728421],[126.91168835271581,37.38051164728421]]]}},{"type":"Feature","properties":{"jobs":13813,"pop":1790,"pointCount":5,"homeWorkCommuteMedian":2797,"workHomeCommuteMedian":3565},"geometry":{"type":"Polygon","coordinates":[[[126.91168835271581,37.389504850921455],[126.91168835271581,37.3984980545587],[126.92068155635306,37.3984980545587],[126.92068155635306,37.389504850921455],[126.91168835271581,37.389504850921455]]]}},{"type":"Feature","properties":{"jobs":11046,"pop":2881,"pointCount":4,"homeWorkCommuteMedian":2817,"workHomeCommuteMedian":2531},"geometry":{"type":"Polygon","coordinates":[[[126.91168835271581,37.3984980545587],[126.91168835271581,37.40749125819595],[126.92068155635306,37.40749125819595],[126.92068155635306,37.3984980545587],[126.91168835271581,37.3984980545587]]]}},{"type":"Feature","properties":{"jobs":16098,"pop":7543,"pointCount":4,"homeWorkCommuteMedian":4077,"workHomeCommuteMedian":3711},"geometry":{"type":"Polygon","coordinates":[[[126.91168835271581,37.40749125819595],[126.91168835271581,37.41648446183319],[126.92068155635306,37.41648446183319],[126.92068155635306,37.40749125819595],[126.91168835271581,37.40749125819595]]]}},{"type":"Feature","properties":{"jobs":1573,"pop":209,"pointCount":2,"homeWorkCommuteMedian":5325,"workHomeCommuteMedian":4553},"geometry":{"type":"Polygon","coordinates":[[[126.91168835271581,37.41648446183319],[126.91168835271581,37.42547766547044],[126.92068155635306,37.42547766547044],[126.92068155635306,37.41648446183319],[126.91168835271581,37.41648446183319]]]}},{"type":"Feature","properties":{"jobs":12564,"pop":5972,"pointCount":1,"homeWorkCommuteMedian":5816,"workHomeCommuteMedian":9457},"geometry":{"type":"Polygon","coordinates":[[[126.91168835271581,37.42547766547044],[126.91168835271581,37.434470869107685],[126.92068155635306,37.434470869107685],[126.92068155635306,37.42547766547044],[126.91168835271581,37.42547766547044]]]}},{"type":"Feature","properties":{"jobs":223,"pop":391,"pointCount":1,"homeWorkCommuteMedian":36725,"workHomeCommuteMedian":-1},"geometry":{"type":"Polygon","coordinates":[[[126.92068155635306,37.11071553816683],[126.92068155635306,37.119708741804075],[126.9296747599903,37.119708741804075],[126.9296747599903,37.11071553816683],[126.92068155635306,37.11071553816683]]]}},{"type":"Feature","properties":{"jobs":11192,"pop":2840,"pointCount":2,"homeWorkCommuteMedian":20446,"workHomeCommuteMedian":20633},"geometry":{"type":"Polygon","coordinates":[[[126.92068155635306,37.119708741804075],[126.92068155635306,37.12870194544132],[126.9296747599903,37.12870194544132],[126.9296747599903,37.119708741804075],[126.92068155635306,37.119708741804075]]]}},{"type":"Feature","properties":{"jobs":12340,"pop":3323,"pointCount":2,"homeWorkCommuteMedian":19639,"workHomeCommuteMedian":19202},"geometry":{"type":"Polygon","coordinates":[[[126.92068155635306,37.12870194544132],[126.92068155635306,37.13769514907857],[126.9296747599903,37.13769514907857],[126.9296747599903,37.12870194544132],[126.92068155635306,37.12870194544132]]]}},{"type":"Feature","properties":{"jobs":15878,"pop":3360,"pointCount":3,"homeWorkCommuteMedian":20279,"workHomeCommuteMedian":18181},"geometry":{"type":"Polygon","coordinates":[[[126.92068155635306,37.21863398181378],[126.92068155635306,37.22762718545103],[126.9296747599903,37.22762718545103],[126.9296747599903,37.21863398181378],[126.92068155635306,37.21863398181378]]]}},{"type":"Feature","properties":{"jobs":3233,"pop":195,"pointCount":1,"homeWorkCommuteMedian":7992,"workHomeCommuteMedian":-1},"geometry":{"type":"Polygon","coordinates":[[[126.92068155635306,37.24561359272552],[126.92068155635306,37.254606796362765],[126.9296747599903,37.254606796362765],[126.9296747599903,37.24561359272552],[126.92068155635306,37.24561359272552]]]}},{"type":"Feature","properties":{"jobs":7613,"pop":3344,"pointCount":3,"homeWorkCommuteMedian":6854,"workHomeCommuteMedian":6816},"geometry":{"type":"Polygon","coordinates":[[[126.92068155635306,37.30856601818624],[126.92068155635306,37.31755922182349],[126.9296747599903,37.31755922182349],[126.9296747599903,37.30856601818624],[126.92068155635306,37.30856601818624]]]}},{"type":"Feature","properties":{"jobs":1856,"pop":668,"pointCount":1,"homeWorkCommuteMedian":3972,"workHomeCommuteMedian":4152},"geometry":{"type":"Polygon","coordinates":[[[126.92068155635306,37.32655242546073],[126.92068155635306,37.33554562909798],[126.9296747599903,37.33554562909798],[126.9296747599903,37.32655242546073],[126.92068155635306,37.32655242546073]]]}},{"type":"Feature","properties":{"jobs":5855,"pop":1916,"pointCount":3,"homeWorkCommuteMedian":3902,"workHomeCommuteMedian":4074},"geometry":{"type":"Polygon","coordinates":[[[126.92068155635306,37.33554562909798],[126.92068155635306,37.344538832735225],[126.9296747599903,37.344538832735225],[126.9296747599903,37.33554562909798],[126.92068155635306,37.33554562909798]]]}},{"type":"Feature","properties":{"jobs":12510,"pop":5687,"pointCount":4,"homeWorkCommuteMedian":3058,"workHomeCommuteMedian":3232},"geometry":{"type":"Polygon","coordinates":[[[126.92068155635306,37.344538832735225],[126.92068155635306,37.35353203637247],[126.9296747599903,37.35353203637247],[126.9296747599903,37.344538832735225],[126.92068155635306,37.344538832735225]]]}},{"type":"Feature","properties":{"jobs":24328,"pop":10365,"pointCount":4,"homeWorkCommuteMedian":3127,"workHomeCommuteMedian":2942},"geometry":{"type":"Polygon","coordinates":[[[126.92068155635306,37.35353203637247],[126.92068155635306,37.36252524000972],[126.9296747599903,37.36252524000972],[126.9296747599903,37.35353203637247],[126.92068155635306,37.35353203637247]]]}},{"type":"Feature","properties":{"jobs":17587,"pop":7433,"pointCount":3,"homeWorkCommuteMedian":3955,"workHomeCommuteMedian":3480},"geometry":{"type":"Polygon","coordinates":[[[126.92068155635306,37.36252524000972],[126.92068155635306,37.37151844364696],[126.9296747599903,37.37151844364696],[126.9296747599903,37.36252524000972],[126.92068155635306,37.36252524000972]]]}},{"type":"Feature","properties":{"jobs":13998,"pop":5316,"pointCount":2,"homeWorkCommuteMedian":4443,"workHomeCommuteMedian":9207},"geometry":{"type":"Polygon","coordinates":[[[126.92068155635306,37.37151844364696],[126.92068155635306,37.38051164728421],[126.9296747599903,37.38051164728421],[126.9296747599903,37.37151844364696],[126.92068155635306,37.37151844364696]]]}},{"type":"Feature","properties":{"jobs":37074,"pop":16354,"pointCount":4,"homeWorkCommuteMedian":4553,"workHomeCommuteMedian":4405},"geometry":{"type":"Polygon","coordinates":[[[126.92068155635306,37.38051164728421],[126.92068155635306,37.389504850921455],[126.9296747599903,37.389504850921455],[126.9296747599903,37.38051164728421],[126.92068155635306,37.38051164728421]]]}},{"type":"Feature","properties":{"jobs":17474,"pop":4745,"pointCount":5,"homeWorkCommuteMedian":3496,"workHomeCommuteMedian":3496},"geometry":{"type":"Polygon","coordinates":[[[126.92068155635306,37.389504850921455],[126.92068155635306,37.3984980545587],[126.9296747599903,37.3984980545587],[126.9296747599903,37.389504850921455],[126.92068155635306,37.389504850921455]]]}},{"type":"Feature","properties":{"jobs":12418,"pop":4835,"pointCount":4,"homeWorkCommuteMedian":2883,"workHomeCommuteMedian":2809},"geometry":{"type":"Polygon","coordinates":[[[126.92068155635306,37.3984980545587],[126.92068155635306,37.40749125819595],[126.9296747599903,37.40749125819595],[126.9296747599903,37.3984980545587],[126.92068155635306,37.3984980545587]]]}},{"type":"Feature","properties":{"jobs":7138,"pop":3136,"pointCount":1,"homeWorkCommuteMedian":4678,"workHomeCommuteMedian":4451},"geometry":{"type":"Polygon","coordinates":[[[126.92068155635306,37.41648446183319],[126.92068155635306,37.42547766547044],[126.9296747599903,37.42547766547044],[126.9296747599903,37.41648446183319],[126.92068155635306,37.41648446183319]]]}},{"type":"Feature","properties":{"jobs":2989,"pop":188,"pointCount":1,"homeWorkCommuteMedian":20293,"workHomeCommuteMedian":20297},"geometry":{"type":"Polygon","coordinates":[[[126.9296747599903,37.17366796362755],[126.9296747599903,37.1826611672648],[126.93866796362755,37.1826611672648],[126.93866796362755,37.17366796362755],[126.9296747599903,37.17366796362755]]]}},{"type":"Feature","properties":{"jobs":2493,"pop":339,"pointCount":1,"homeWorkCommuteMedian":20428,"workHomeCommuteMedian":18613},"geometry":{"type":"Polygon","coordinates":[[[126.9296747599903,37.19165437090204],[126.9296747599903,37.20064757453929],[126.93866796362755,37.20064757453929],[126.93866796362755,37.19165437090204],[126.9296747599903,37.19165437090204]]]}},{"type":"Feature","properties":{"jobs":1398,"pop":21,"pointCount":1,"homeWorkCommuteMedian":22650,"workHomeCommuteMedian":30037},"geometry":{"type":"Polygon","coordinates":[[[126.9296747599903,37.21863398181378],[126.9296747599903,37.22762718545103],[126.93866796362755,37.22762718545103],[126.93866796362755,37.21863398181378],[126.9296747599903,37.21863398181378]]]}},{"type":"Feature","properties":{"jobs":7181,"pop":1966,"pointCount":1,"homeWorkCommuteMedian":19341,"workHomeCommuteMedian":17078},"geometry":{"type":"Polygon","coordinates":[[[126.9296747599903,37.22762718545103],[126.9296747599903,37.23662038908827],[126.93866796362755,37.23662038908827],[126.93866796362755,37.22762718545103],[126.9296747599903,37.22762718545103]]]}},{"type":"Feature","properties":{"jobs":11754,"pop":5145,"pointCount":1,"homeWorkCommuteMedian":9511,"workHomeCommuteMedian":9866},"geometry":{"type":"Polygon","coordinates":[[[126.9296747599903,37.26360000000001],[126.9296747599903,37.27259320363726],[126.93866796362755,37.27259320363726],[126.93866796362755,37.26360000000001],[126.9296747599903,37.26360000000001]]]}},{"type":"Feature","properties":{"jobs":14534,"pop":4970,"pointCount":2,"homeWorkCommuteMedian":9006,"workHomeCommuteMedian":8762},"geometry":{"type":"Polygon","coordinates":[[[126.9296747599903,37.27259320363726],[126.9296747599903,37.2815864072745],[126.93866796362755,37.2815864072745],[126.93866796362755,37.27259320363726],[126.9296747599903,37.27259320363726]]]}},{"type":"Feature","properties":{"jobs":2220,"pop":114,"pointCount":1,"homeWorkCommuteMedian":12793,"workHomeCommuteMedian":10511},"geometry":{"type":"Polygon","coordinates":[[[126.9296747599903,37.2815864072745],[126.9296747599903,37.29057961091175],[126.93866796362755,37.29057961091175],[126.93866796362755,37.2815864072745],[126.9296747599903,37.2815864072745]]]}},{"type":"Feature","properties":{"jobs":5545,"pop":1929,"pointCount":1,"homeWorkCommuteMedian":9635,"workHomeCommuteMedian":10348},"geometry":{"type":"Polygon","coordinates":[[[126.9296747599903,37.29057961091175],[126.9296747599903,37.299572814548995],[126.93866796362755,37.299572814548995],[126.93866796362755,37.29057961091175],[126.9296747599903,37.29057961091175]]]}},{"type":"Feature","properties":{"jobs":3194,"pop":955,"pointCount":2,"homeWorkCommuteMedian":6447,"workHomeCommuteMedian":7465},"geometry":{"type":"Polygon","coordinates":[[[126.9296747599903,37.31755922182349],[126.9296747599903,37.32655242546073],[126.93866796362755,37.32655242546073],[126.93866796362755,37.31755922182349],[126.9296747599903,37.31755922182349]]]}},{"type":"Feature","properties":{"jobs":14041,"pop":6876,"pointCount":3,"homeWorkCommuteMedian":4077,"workHomeCommuteMedian":4073},"geometry":{"type":"Polygon","coordinates":[[[126.9296747599903,37.33554562909798],[126.9296747599903,37.344538832735225],[126.93866796362755,37.344538832735225],[126.93866796362755,37.33554562909798],[126.9296747599903,37.33554562909798]]]}},{"type":"Feature","properties":{"jobs":7826,"pop":3628,"pointCount":3,"homeWorkCommuteMedian":3017,"workHomeCommuteMedian":3199},"geometry":{"type":"Polygon","coordinates":[[[126.9296747599903,37.344538832735225],[126.9296747599903,37.35353203637247],[126.93866796362755,37.35353203637247],[126.93866796362755,37.344538832735225],[126.9296747599903,37.344538832735225]]]}},{"type":"Feature","properties":{"jobs":12565,"pop":5086,"pointCount":5,"homeWorkCommuteMedian":2569,"workHomeCommuteMedian":2644},"geometry":{"type":"Polygon","coordinates":[[[126.9296747599903,37.35353203637247],[126.9296747599903,37.36252524000972],[126.93866796362755,37.36252524000972],[126.93866796362755,37.35353203637247],[126.9296747599903,37.35353203637247]]]}},{"type":"Feature","properties":{"jobs":32115,"pop":13703,"pointCount":4,"homeWorkCommuteMedian":3578,"workHomeCommuteMedian":3293},"geometry":{"type":"Polygon","coordinates":[[[126.9296747599903,37.36252524000972],[126.9296747599903,37.37151844364696],[126.93866796362755,37.37151844364696],[126.93866796362755,37.36252524000972],[126.9296747599903,37.36252524000972]]]}},{"type":"Feature","properties":{"jobs":23086,"pop":11120,"pointCount":4,"homeWorkCommuteMedian":4239,"workHomeCommuteMedian":4691},"geometry":{"type":"Polygon","coordinates":[[[126.9296747599903,37.37151844364696],[126.9296747599903,37.38051164728421],[126.93866796362755,37.38051164728421],[126.93866796362755,37.37151844364696],[126.9296747599903,37.37151844364696]]]}},{"type":"Feature","properties":{"jobs":8085,"pop":1576,"pointCount":2,"homeWorkCommuteMedian":4329,"workHomeCommuteMedian":4201},"geometry":{"type":"Polygon","coordinates":[[[126.9296747599903,37.38051164728421],[126.9296747599903,37.389504850921455],[126.93866796362755,37.389504850921455],[126.93866796362755,37.38051164728421],[126.9296747599903,37.38051164728421]]]}},{"type":"Feature","properties":{"jobs":16558,"pop":4733,"pointCount":3,"homeWorkCommuteMedian":4253,"workHomeCommuteMedian":4422},"geometry":{"type":"Polygon","coordinates":[[[126.9296747599903,37.389504850921455],[126.9296747599903,37.3984980545587],[126.93866796362755,37.3984980545587],[126.93866796362755,37.389504850921455],[126.9296747599903,37.389504850921455]]]}},{"type":"Feature","properties":{"jobs":34940,"pop":17119,"pointCount":3,"homeWorkCommuteMedian":4944,"workHomeCommuteMedian":4754},"geometry":{"type":"Polygon","coordinates":[[[126.9296747599903,37.3984980545587],[126.9296747599903,37.40749125819595],[126.93866796362755,37.40749125819595],[126.93866796362755,37.3984980545587],[126.9296747599903,37.3984980545587]]]}},{"type":"Feature","properties":{"jobs":67,"pop":316,"pointCount":1,"homeWorkCommuteMedian":9511,"workHomeCommuteMedian":-1},"geometry":{"type":"Polygon","coordinates":[[[126.93866796362755,37.20064757453929],[126.93866796362755,37.209640778176535],[126.9476611672648,37.209640778176535],[126.9476611672648,37.20064757453929],[126.93866796362755,37.20064757453929]]]}},{"type":"Feature","properties":{"jobs":13794,"pop":4461,"pointCount":2,"homeWorkCommuteMedian":17983,"workHomeCommuteMedian":17607},"geometry":{"type":"Polygon","coordinates":[[[126.93866796362755,37.209640778176535],[126.93866796362755,37.21863398181378],[126.9476611672648,37.21863398181378],[126.9476611672648,37.209640778176535],[126.93866796362755,37.209640778176535]]]}},{"type":"Feature","properties":{"jobs":22501,"pop":7208,"pointCount":4,"homeWorkCommuteMedian":18034,"workHomeCommuteMedian":17915},"geometry":{"type":"Polygon","coordinates":[[[126.93866796362755,37.21863398181378],[126.93866796362755,37.22762718545103],[126.9476611672648,37.22762718545103],[126.9476611672648,37.21863398181378],[126.93866796362755,37.21863398181378]]]}},{"type":"Feature","properties":{"jobs":22495,"pop":7693,"pointCount":3,"homeWorkCommuteMedian":18181,"workHomeCommuteMedian":17978},"geometry":{"type":"Polygon","coordinates":[[[126.93866796362755,37.22762718545103],[126.93866796362755,37.23662038908827],[126.9476611672648,37.23662038908827],[126.9476611672648,37.22762718545103],[126.93866796362755,37.22762718545103]]]}},{"type":"Feature","properties":{"jobs":13119,"pop":3193,"pointCount":3,"homeWorkCommuteMedian":8805,"workHomeCommuteMedian":9256},"geometry":{"type":"Polygon","coordinates":[[[126.93866796362755,37.26360000000001],[126.93866796362755,37.27259320363726],[126.9476611672648,37.27259320363726],[126.9476611672648,37.26360000000001],[126.93866796362755,37.26360000000001]]]}},{"type":"Feature","properties":{"jobs":9815,"pop":2597,"pointCount":3,"homeWorkCommuteMedian":9050,"workHomeCommuteMedian":8676},"geometry":{"type":"Polygon","coordinates":[[[126.93866796362755,37.27259320363726],[126.93866796362755,37.2815864072745],[126.9476611672648,37.2815864072745],[126.9476611672648,37.27259320363726],[126.93866796362755,37.27259320363726]]]}},{"type":"Feature","properties":{"jobs":9204,"pop":2631,"pointCount":2,"homeWorkCommuteMedian":9276,"workHomeCommuteMedian":9714},"geometry":{"type":"Polygon","coordinates":[[[126.93866796362755,37.2815864072745],[126.93866796362755,37.29057961091175],[126.9476611672648,37.29057961091175],[126.9476611672648,37.2815864072745],[126.93866796362755,37.2815864072745]]]}},{"type":"Feature","properties":{"jobs":10071,"pop":4216,"pointCount":3,"homeWorkCommuteMedian":6447,"workHomeCommuteMedian":6235},"geometry":{"type":"Polygon","coordinates":[[[126.93866796362755,37.31755922182349],[126.93866796362755,37.32655242546073],[126.9476611672648,37.32655242546073],[126.9476611672648,37.31755922182349],[126.93866796362755,37.31755922182349]]]}},{"type":"Feature","properties":{"jobs":11032,"pop":6357,"pointCount":2,"homeWorkCommuteMedian":4428,"workHomeCommuteMedian":4477},"geometry":{"type":"Polygon","coordinates":[[[126.93866796362755,37.33554562909798],[126.93866796362755,37.344538832735225],[126.9476611672648,37.344538832735225],[126.9476611672648,37.33554562909798],[126.93866796362755,37.33554562909798]]]}},{"type":"Feature","properties":{"jobs":35941,"pop":18523,"pointCount":4,"homeWorkCommuteMedian":3708,"workHomeCommuteMedian":3661},"geometry":{"type":"Polygon","coordinates":[[[126.93866796362755,37.344538832735225],[126.93866796362755,37.35353203637247],[126.9476611672648,37.35353203637247],[126.9476611672648,37.344538832735225],[126.93866796362755,37.344538832735225]]]}},{"type":"Feature","properties":{"jobs":23855,"pop":11526,"pointCount":5,"homeWorkCommuteMedian":2966,"workHomeCommuteMedian":2953},"geometry":{"type":"Polygon","coordinates":[[[126.93866796362755,37.35353203637247],[126.93866796362755,37.36252524000972],[126.9476611672648,37.36252524000972],[126.9476611672648,37.35353203637247],[126.93866796362755,37.35353203637247]]]}},{"type":"Feature","properties":{"jobs":20295,"pop":9354,"pointCount":3,"homeWorkCommuteMedian":3565,"workHomeCommuteMedian":3179},"geometry":{"type":"Polygon","coordinates":[[[126.93866796362755,37.36252524000972],[126.93866796362755,37.37151844364696],[126.9476611672648,37.37151844364696],[126.9476611672648,37.36252524000972],[126.93866796362755,37.36252524000972]]]}},{"type":"Feature","properties":{"jobs":2517,"pop":916,"pointCount":1,"homeWorkCommuteMedian":3422,"workHomeCommuteMedian":3496},"geometry":{"type":"Polygon","coordinates":[[[126.93866796362755,37.37151844364696],[126.93866796362755,37.38051164728421],[126.9476611672648,37.38051164728421],[126.9476611672648,37.37151844364696],[126.93866796362755,37.37151844364696]]]}},{"type":"Feature","properties":{"jobs":15226,"pop":7087,"pointCount":3,"homeWorkCommuteMedian":3692,"workHomeCommuteMedian":4006},"geometry":{"type":"Polygon","coordinates":[[[126.93866796362755,37.38051164728421],[126.93866796362755,37.389504850921455],[126.9476611672648,37.389504850921455],[126.9476611672648,37.38051164728421],[126.93866796362755,37.38051164728421]]]}},{"type":"Feature","properties":{"jobs":22445,"pop":9433,"pointCount":4,"homeWorkCommuteMedian":3626,"workHomeCommuteMedian":3638},"geometry":{"type":"Polygon","coordinates":[[[126.93866796362755,37.389504850921455],[126.93866796362755,37.3984980545587],[126.9476611672648,37.3984980545587],[126.9476611672648,37.389504850921455],[126.93866796362755,37.389504850921455]]]}},{"type":"Feature","properties":{"jobs":22231,"pop":10426,"pointCount":3,"homeWorkCommuteMedian":5042,"workHomeCommuteMedian":4979},"geometry":{"type":"Polygon","coordinates":[[[126.93866796362755,37.3984980545587],[126.93866796362755,37.40749125819595],[126.9476611672648,37.40749125819595],[126.9476611672648,37.3984980545587],[126.93866796362755,37.3984980545587]]]}},{"type":"Feature","properties":{"jobs":21358,"pop":9194,"pointCount":1,"homeWorkCommuteMedian":4422,"workHomeCommuteMedian":4691},"geometry":{"type":"Polygon","coordinates":[[[126.93866796362755,37.40749125819595],[126.93866796362755,37.41648446183319],[126.9476611672648,37.41648446183319],[126.9476611672648,37.40749125819595],[126.93866796362755,37.40749125819595]]]}},{"type":"Feature","properties":{"jobs":22657,"pop":8093,"pointCount":3,"homeWorkCommuteMedian":17302,"workHomeCommuteMedian":16913},"geometry":{"type":"Polygon","coordinates":[[[126.9476611672648,37.209640778176535],[126.9476611672648,37.21863398181378],[126.95665437090204,37.21863398181378],[126.95665437090204,37.209640778176535],[126.9476611672648,37.209640778176535]]]}},{"type":"Feature","properties":{"jobs":18028,"pop":4197,"pointCount":3,"homeWorkCommuteMedian":16917,"workHomeCommuteMedian":17043},"geometry":{"type":"Polygon","coordinates":[[[126.9476611672648,37.21863398181378],[126.9476611672648,37.22762718545103],[126.95665437090204,37.22762718545103],[126.95665437090204,37.21863398181378],[126.9476611672648,37.21863398181378]]]}},{"type":"Feature","properties":{"jobs":8505,"pop":1816,"pointCount":2,"homeWorkCommuteMedian":18652,"workHomeCommuteMedian":20218},"geometry":{"type":"Polygon","coordinates":[[[126.9476611672648,37.22762718545103],[126.9476611672648,37.23662038908827],[126.95665437090204,37.23662038908827],[126.95665437090204,37.22762718545103],[126.9476611672648,37.22762718545103]]]}},{"type":"Feature","properties":{"jobs":9734,"pop":1761,"pointCount":3,"homeWorkCommuteMedian":13451,"workHomeCommuteMedian":12212},"geometry":{"type":"Polygon","coordinates":[[[126.9476611672648,37.254606796362765],[126.9476611672648,37.26360000000001],[126.95665437090204,37.26360000000001],[126.95665437090204,37.254606796362765],[126.9476611672648,37.254606796362765]]]}},{"type":"Feature","properties":{"jobs":20338,"pop":5948,"pointCount":4,"homeWorkCommuteMedian":11888,"workHomeCommuteMedian":12606},"geometry":{"type":"Polygon","coordinates":[[[126.9476611672648,37.26360000000001],[126.9476611672648,37.27259320363726],[126.95665437090204,37.27259320363726],[126.95665437090204,37.26360000000001],[126.9476611672648,37.26360000000001]]]}},{"type":"Feature","properties":{"jobs":10574,"pop":1645,"pointCount":3,"homeWorkCommuteMedian":7991,"workHomeCommuteMedian":7724},"geometry":{"type":"Polygon","coordinates":[[[126.9476611672648,37.27259320363726],[126.9476611672648,37.2815864072745],[126.95665437090204,37.2815864072745],[126.95665437090204,37.27259320363726],[126.9476611672648,37.27259320363726]]]}},{"type":"Feature","properties":{"jobs":4224,"pop":1275,"pointCount":1,"homeWorkCommuteMedian":8594,"workHomeCommuteMedian":8762},"geometry":{"type":"Polygon","coordinates":[[[126.9476611672648,37.29057961091175],[126.9476611672648,37.299572814548995],[126.95665437090204,37.299572814548995],[126.95665437090204,37.29057961091175],[126.9476611672648,37.29057961091175]]]}},{"type":"Feature","properties":{"jobs":8363,"pop":3056,"pointCount":2,"homeWorkCommuteMedian":10830,"workHomeCommuteMedian":10881},"geometry":{"type":"Polygon","coordinates":[[[126.9476611672648,37.30856601818624],[126.9476611672648,37.31755922182349],[126.95665437090204,37.31755922182349],[126.95665437090204,37.30856601818624],[126.9476611672648,37.30856601818624]]]}},{"type":"Feature","properties":{"jobs":15602,"pop":7505,"pointCount":3,"homeWorkCommuteMedian":10146,"workHomeCommuteMedian":9938},"geometry":{"type":"Polygon","coordinates":[[[126.9476611672648,37.31755922182349],[126.9476611672648,37.32655242546073],[126.95665437090204,37.32655242546073],[126.95665437090204,37.31755922182349],[126.9476611672648,37.31755922182349]]]}},{"type":"Feature","properties":{"jobs":13968,"pop":6238,"pointCount":3,"homeWorkCommuteMedian":4628,"workHomeCommuteMedian":4760},"geometry":{"type":"Polygon","coordinates":[[[126.9476611672648,37.33554562909798],[126.9476611672648,37.344538832735225],[126.95665437090204,37.344538832735225],[126.95665437090204,37.33554562909798],[126.9476611672648,37.33554562909798]]]}},{"type":"Feature","properties":{"jobs":11681,"pop":5643,"pointCount":2,"homeWorkCommuteMedian":4206,"workHomeCommuteMedian":4108},"geometry":{"type":"Polygon","coordinates":[[[126.9476611672648,37.344538832735225],[126.9476611672648,37.35353203637247],[126.95665437090204,37.35353203637247],[126.95665437090204,37.344538832735225],[126.9476611672648,37.344538832735225]]]}},{"type":"Feature","properties":{"jobs":947,"pop":453,"pointCount":2,"homeWorkCommuteMedian":15107,"workHomeCommuteMedian":4569},"geometry":{"type":"Polygon","coordinates":[[[126.9476611672648,37.35353203637247],[126.9476611672648,37.36252524000972],[126.95665437090204,37.36252524000972],[126.95665437090204,37.35353203637247],[126.9476611672648,37.35353203637247]]]}},{"type":"Feature","properties":{"jobs":15584,"pop":7545,"pointCount":3,"homeWorkCommuteMedian":4379,"workHomeCommuteMedian":4357},"geometry":{"type":"Polygon","coordinates":[[[126.9476611672648,37.36252524000972],[126.9476611672648,37.37151844364696],[126.95665437090204,37.37151844364696],[126.95665437090204,37.36252524000972],[126.9476611672648,37.36252524000972]]]}},{"type":"Feature","properties":{"jobs":28053,"pop":12738,"pointCount":4,"homeWorkCommuteMedian":3951,"workHomeCommuteMedian":4077},"geometry":{"type":"Polygon","coordinates":[[[126.9476611672648,37.37151844364696],[126.9476611672648,37.38051164728421],[126.95665437090204,37.38051164728421],[126.95665437090204,37.37151844364696],[126.9476611672648,37.37151844364696]]]}},{"type":"Feature","properties":{"jobs":39041,"pop":15955,"pointCount":4,"homeWorkCommuteMedian":3631,"workHomeCommuteMedian":3565},"geometry":{"type":"Polygon","coordinates":[[[126.9476611672648,37.38051164728421],[126.9476611672648,37.389504850921455],[126.95665437090204,37.389504850921455],[126.95665437090204,37.38051164728421],[126.9476611672648,37.38051164728421]]]}},{"type":"Feature","properties":{"jobs":18428,"pop":5144,"pointCount":4,"homeWorkCommuteMedian":3209,"workHomeCommuteMedian":3114},"geometry":{"type":"Polygon","coordinates":[[[126.9476611672648,37.389504850921455],[126.9476611672648,37.3984980545587],[126.95665437090204,37.3984980545587],[126.95665437090204,37.389504850921455],[126.9476611672648,37.389504850921455]]]}},{"type":"Feature","properties":{"jobs":17138,"pop":5384,"pointCount":4,"homeWorkCommuteMedian":3565,"workHomeCommuteMedian":3565},"geometry":{"type":"Polygon","coordinates":[[[126.9476611672648,37.3984980545587],[126.9476611672648,37.40749125819595],[126.95665437090204,37.40749125819595],[126.95665437090204,37.3984980545587],[126.9476611672648,37.3984980545587]]]}},{"type":"Feature","properties":{"jobs":4000,"pop":1297,"pointCount":2,"homeWorkCommuteMedian":4253,"workHomeCommuteMedian":4238},"geometry":{"type":"Polygon","coordinates":[[[126.9476611672648,37.40749125819595],[126.9476611672648,37.41648446183319],[126.95665437090204,37.41648446183319],[126.95665437090204,37.40749125819595],[126.9476611672648,37.40749125819595]]]}},{"type":"Feature","properties":{"jobs":28724,"pop":10956,"pointCount":3,"homeWorkCommuteMedian":16397,"workHomeCommuteMedian":16462},"geometry":{"type":"Polygon","coordinates":[[[126.95665437090204,37.209640778176535],[126.95665437090204,37.21863398181378],[126.96564757453929,37.21863398181378],[126.96564757453929,37.209640778176535],[126.95665437090204,37.209640778176535]]]}},{"type":"Feature","properties":{"jobs":2143,"pop":102,"pointCount":1,"homeWorkCommuteMedian":17057,"workHomeCommuteMedian":17045},"geometry":{"type":"Polygon","coordinates":[[[126.95665437090204,37.21863398181378],[126.95665437090204,37.22762718545103],[126.96564757453929,37.22762718545103],[126.96564757453929,37.21863398181378],[126.95665437090204,37.21863398181378]]]}},{"type":"Feature","properties":{"jobs":14293,"pop":3924,"pointCount":3,"homeWorkCommuteMedian":7078,"workHomeCommuteMedian":7337},"geometry":{"type":"Polygon","coordinates":[[[126.95665437090204,37.23662038908827],[126.95665437090204,37.24561359272552],[126.96564757453929,37.24561359272552],[126.96564757453929,37.23662038908827],[126.95665437090204,37.23662038908827]]]}},{"type":"Feature","properties":{"jobs":3401,"pop":43,"pointCount":2,"homeWorkCommuteMedian":9309,"workHomeCommuteMedian":11275},"geometry":{"type":"Polygon","coordinates":[[[126.95665437090204,37.24561359272552],[126.95665437090204,37.254606796362765],[126.96564757453929,37.254606796362765],[126.96564757453929,37.24561359272552],[126.95665437090204,37.24561359272552]]]}},{"type":"Feature","properties":{"jobs":10834,"pop":3239,"pointCount":3,"homeWorkCommuteMedian":6792,"workHomeCommuteMedian":6993},"geometry":{"type":"Polygon","coordinates":[[[126.95665437090204,37.254606796362765],[126.95665437090204,37.26360000000001],[126.96564757453929,37.26360000000001],[126.96564757453929,37.254606796362765],[126.95665437090204,37.254606796362765]]]}},{"type":"Feature","properties":{"jobs":5431,"pop":1624,"pointCount":1,"homeWorkCommuteMedian":6499,"workHomeCommuteMedian":7527},"geometry":{"type":"Polygon","coordinates":[[[126.95665437090204,37.26360000000001],[126.95665437090204,37.27259320363726],[126.96564757453929,37.27259320363726],[126.96564757453929,37.26360000000001],[126.95665437090204,37.26360000000001]]]}},{"type":"Feature","properties":{"jobs":9527,"pop":3330,"pointCount":2,"homeWorkCommuteMedian":5853,"workHomeCommuteMedian":5965},"geometry":{"type":"Polygon","coordinates":[[[126.95665437090204,37.29057961091175],[126.95665437090204,37.299572814548995],[126.96564757453929,37.299572814548995],[126.96564757453929,37.29057961091175],[126.95665437090204,37.29057961091175]]]}},{"type":"Feature","properties":{"jobs":6323,"pop":2027,"pointCount":2,"homeWorkCommuteMedian":4603,"workHomeCommuteMedian":4440},"geometry":{"type":"Polygon","coordinates":[[[126.95665437090204,37.299572814548995],[126.95665437090204,37.30856601818624],[126.96564757453929,37.30856601818624],[126.96564757453929,37.299572814548995],[126.95665437090204,37.299572814548995]]]}},{"type":"Feature","properties":{"jobs":6512,"pop":2196,"pointCount":2,"homeWorkCommuteMedian":9939,"workHomeCommuteMedian":10307},"geometry":{"type":"Polygon","coordinates":[[[126.95665437090204,37.31755922182349],[126.95665437090204,37.32655242546073],[126.96564757453929,37.32655242546073],[126.96564757453929,37.31755922182349],[126.95665437090204,37.31755922182349]]]}},{"type":"Feature","properties":{"jobs":718,"pop":24,"pointCount":1,"homeWorkCommuteMedian":7300,"workHomeCommuteMedian":6669},"geometry":{"type":"Polygon","coordinates":[[[126.95665437090204,37.344538832735225],[126.95665437090204,37.35353203637247],[126.96564757453929,37.35353203637247],[126.96564757453929,37.344538832735225],[126.95665437090204,37.344538832735225]]]}},{"type":"Feature","properties":{"jobs":4982,"pop":1634,"pointCount":2,"homeWorkCommuteMedian":4804,"workHomeCommuteMedian":4945},"geometry":{"type":"Polygon","coordinates":[[[126.95665437090204,37.35353203637247],[126.95665437090204,37.36252524000972],[126.96564757453929,37.36252524000972],[126.96564757453929,37.35353203637247],[126.95665437090204,37.35353203637247]]]}},{"type":"Feature","properties":{"jobs":13614,"pop":6406,"pointCount":3,"homeWorkCommuteMedian":4649,"workHomeCommuteMedian":4525},"geometry":{"type":"Polygon","coordinates":[[[126.95665437090204,37.36252524000972],[126.95665437090204,37.37151844364696],[126.96564757453929,37.37151844364696],[126.96564757453929,37.36252524000972],[126.95665437090204,37.36252524000972]]]}},{"type":"Feature","properties":{"jobs":19224,"pop":7213,"pointCount":4,"homeWorkCommuteMedian":4083,"workHomeCommuteMedian":4253},"geometry":{"type":"Polygon","coordinates":[[[126.95665437090204,37.37151844364696],[126.95665437090204,37.38051164728421],[126.96564757453929,37.38051164728421],[126.96564757453929,37.37151844364696],[126.95665437090204,37.37151844364696]]]}},{"type":"Feature","properties":{"jobs":15430,"pop":4794,"pointCount":4,"homeWorkCommuteMedian":3451,"workHomeCommuteMedian":3399},"geometry":{"type":"Polygon","coordinates":[[[126.95665437090204,37.38051164728421],[126.95665437090204,37.389504850921455],[126.96564757453929,37.389504850921455],[126.96564757453929,37.38051164728421],[126.95665437090204,37.38051164728421]]]}},{"type":"Feature","properties":{"jobs":34687,"pop":15448,"pointCount":4,"homeWorkCommuteMedian":3369,"workHomeCommuteMedian":3565},"geometry":{"type":"Polygon","coordinates":[[[126.95665437090204,37.389504850921455],[126.95665437090204,37.3984980545587],[126.96564757453929,37.3984980545587],[126.96564757453929,37.389504850921455],[126.95665437090204,37.389504850921455]]]}},{"type":"Feature","properties":{"jobs":24179,"pop":10976,"pointCount":4,"homeWorkCommuteMedian":4062,"workHomeCommuteMedian":3991},"geometry":{"type":"Polygon","coordinates":[[[126.95665437090204,37.3984980545587],[126.95665437090204,37.40749125819595],[126.96564757453929,37.40749125819595],[126.96564757453929,37.3984980545587],[126.95665437090204,37.3984980545587]]]}},{"type":"Feature","properties":{"jobs":5609,"pop":2830,"pointCount":1,"homeWorkCommuteMedian":4380,"workHomeCommuteMedian":4422},"geometry":{"type":"Polygon","coordinates":[[[126.95665437090204,37.40749125819595],[126.95665437090204,37.41648446183319],[126.96564757453929,37.41648446183319],[126.96564757453929,37.40749125819595],[126.95665437090204,37.40749125819595]]]}},{"type":"Feature","properties":{"jobs":9994,"pop":983,"pointCount":4,"homeWorkCommuteMedian":12579,"workHomeCommuteMedian":12605},"geometry":{"type":"Polygon","coordinates":[[[126.96564757453929,37.209640778176535],[126.96564757453929,37.21863398181378],[126.97464077817654,37.21863398181378],[126.97464077817654,37.209640778176535],[126.96564757453929,37.209640778176535]]]}},{"type":"Feature","properties":{"jobs":4198,"pop":394,"pointCount":2,"homeWorkCommuteMedian":17725,"workHomeCommuteMedian":15553},"geometry":{"type":"Polygon","coordinates":[[[126.96564757453929,37.21863398181378],[126.96564757453929,37.22762718545103],[126.97464077817654,37.22762718545103],[126.97464077817654,37.21863398181378],[126.96564757453929,37.21863398181378]]]}},{"type":"Feature","properties":{"jobs":8589,"pop":3503,"pointCount":1,"homeWorkCommuteMedian":8155,"workHomeCommuteMedian":7973},"geometry":{"type":"Polygon","coordinates":[[[126.96564757453929,37.22762718545103],[126.96564757453929,37.23662038908827],[126.97464077817654,37.23662038908827],[126.97464077817654,37.22762718545103],[126.96564757453929,37.22762718545103]]]}},{"type":"Feature","properties":{"jobs":4243,"pop":220,"pointCount":2,"homeWorkCommuteMedian":7479,"workHomeCommuteMedian":8527},"geometry":{"type":"Polygon","coordinates":[[[126.96564757453929,37.23662038908827],[126.96564757453929,37.24561359272552],[126.97464077817654,37.24561359272552],[126.97464077817654,37.23662038908827],[126.96564757453929,37.23662038908827]]]}},{"type":"Feature","properties":{"jobs":64,"pop":0,"pointCount":1,"homeWorkCommuteMedian":-1,"workHomeCommuteMedian":23885},"geometry":{"type":"Polygon","coordinates":[[[126.96564757453929,37.254606796362765],[126.96564757453929,37.26360000000001],[126.97464077817654,37.26360000000001],[126.97464077817654,37.254606796362765],[126.96564757453929,37.254606796362765]]]}},{"type":"Feature","properties":{"jobs":17259,"pop":5463,"pointCount":3,"homeWorkCommuteMedian":5388,"workHomeCommuteMedian":5738},"geometry":{"type":"Polygon","coordinates":[[[126.96564757453929,37.26360000000001],[126.96564757453929,37.27259320363726],[126.97464077817654,37.27259320363726],[126.97464077817654,37.26360000000001],[126.96564757453929,37.26360000000001]]]}},{"type":"Feature","properties":{"jobs":13221,"pop":2175,"pointCount":4,"homeWorkCommuteMedian":6256,"workHomeCommuteMedian":6185},"geometry":{"type":"Polygon","coordinates":[[[126.96564757453929,37.27259320363726],[126.96564757453929,37.2815864072745],[126.97464077817654,37.2815864072745],[126.97464077817654,37.27259320363726],[126.96564757453929,37.27259320363726]]]}},{"type":"Feature","properties":{"jobs":3381,"pop":554,"pointCount":1,"homeWorkCommuteMedian":7139,"workHomeCommuteMedian":6814},"geometry":{"type":"Polygon","coordinates":[[[126.96564757453929,37.2815864072745],[126.96564757453929,37.29057961091175],[126.97464077817654,37.29057961091175],[126.97464077817654,37.2815864072745],[126.96564757453929,37.2815864072745]]]}},{"type":"Feature","properties":{"jobs":12004,"pop":4279,"pointCount":3,"homeWorkCommuteMedian":4352,"workHomeCommuteMedian":4422},"geometry":{"type":"Polygon","coordinates":[[[126.96564757453929,37.29057961091175],[126.96564757453929,37.299572814548995],[126.97464077817654,37.299572814548995],[126.97464077817654,37.29057961091175],[126.96564757453929,37.29057961091175]]]}},{"type":"Feature","properties":{"jobs":12350,"pop":6159,"pointCount":3,"homeWorkCommuteMedian":4405,"workHomeCommuteMedian":4474},"geometry":{"type":"Polygon","coordinates":[[[126.96564757453929,37.299572814548995],[126.96564757453929,37.30856601818624],[126.97464077817654,37.30856601818624],[126.97464077817654,37.299572814548995],[126.96564757453929,37.299572814548995]]]}},{"type":"Feature","properties":{"jobs":815,"pop":24,"pointCount":1,"homeWorkCommuteMedian":4679,"workHomeCommuteMedian":6634},"geometry":{"type":"Polygon","coordinates":[[[126.96564757453929,37.31755922182349],[126.96564757453929,37.32655242546073],[126.97464077817654,37.32655242546073],[126.97464077817654,37.31755922182349],[126.96564757453929,37.31755922182349]]]}},{"type":"Feature","properties":{"jobs":4421,"pop":1352,"pointCount":1,"homeWorkCommuteMedian":5042,"workHomeCommuteMedian":5156},"geometry":{"type":"Polygon","coordinates":[[[126.96564757453929,37.33554562909798],[126.96564757453929,37.344538832735225],[126.97464077817654,37.344538832735225],[126.97464077817654,37.33554562909798],[126.96564757453929,37.33554562909798]]]}},{"type":"Feature","properties":{"jobs":18586,"pop":8803,"pointCount":3,"homeWorkCommuteMedian":5825,"workHomeCommuteMedian":5766},"geometry":{"type":"Polygon","coordinates":[[[126.96564757453929,37.344538832735225],[126.96564757453929,37.35353203637247],[126.97464077817654,37.35353203637247],[126.97464077817654,37.344538832735225],[126.96564757453929,37.344538832735225]]]}},{"type":"Feature","properties":{"jobs":23253,"pop":10724,"pointCount":4,"homeWorkCommuteMedian":5491,"workHomeCommuteMedian":5508},"geometry":{"type":"Polygon","coordinates":[[[126.96564757453929,37.35353203637247],[126.96564757453929,37.36252524000972],[126.97464077817654,37.36252524000972],[126.97464077817654,37.35353203637247],[126.96564757453929,37.35353203637247]]]}},{"type":"Feature","properties":{"jobs":32879,"pop":12254,"pointCount":4,"homeWorkCommuteMedian":4659,"workHomeCommuteMedian":4849},"geometry":{"type":"Polygon","coordinates":[[[126.96564757453929,37.37151844364696],[126.96564757453929,37.38051164728421],[126.97464077817654,37.38051164728421],[126.97464077817654,37.37151844364696],[126.96564757453929,37.37151844364696]]]}},{"type":"Feature","properties":{"jobs":14245,"pop":4264,"pointCount":4,"homeWorkCommuteMedian":3756,"workHomeCommuteMedian":3565},"geometry":{"type":"Polygon","coordinates":[[[126.96564757453929,37.38051164728421],[126.96564757453929,37.389504850921455],[126.97464077817654,37.389504850921455],[126.97464077817654,37.38051164728421],[126.96564757453929,37.38051164728421]]]}},{"type":"Feature","properties":{"jobs":11363,"pop":3366,"pointCount":3,"homeWorkCommuteMedian":3890,"workHomeCommuteMedian":3874},"geometry":{"type":"Polygon","coordinates":[[[126.96564757453929,37.389504850921455],[126.96564757453929,37.3984980545587],[126.97464077817654,37.3984980545587],[126.97464077817654,37.389504850921455],[126.96564757453929,37.389504850921455]]]}},{"type":"Feature","properties":{"jobs":21217,"pop":8040,"pointCount":4,"homeWorkCommuteMedian":3955,"workHomeCommuteMedian":4077},"geometry":{"type":"Polygon","coordinates":[[[126.96564757453929,37.3984980545587],[126.96564757453929,37.40749125819595],[126.97464077817654,37.40749125819595],[126.97464077817654,37.3984980545587],[126.96564757453929,37.3984980545587]]]}},{"type":"Feature","properties":{"jobs":26977,"pop":14523,"pointCount":4,"homeWorkCommuteMedian":4707,"workHomeCommuteMedian":4853},"geometry":{"type":"Polygon","coordinates":[[[126.96564757453929,37.40749125819595],[126.96564757453929,37.41648446183319],[126.97464077817654,37.41648446183319],[126.97464077817654,37.40749125819595],[126.96564757453929,37.40749125819595]]]}},{"type":"Feature","properties":{"jobs":4136,"pop":309,"pointCount":1,"homeWorkCommuteMedian":11604,"workHomeCommuteMedian":10968},"geometry":{"type":"Polygon","coordinates":[[[126.97464077817654,37.15568155635306],[126.97464077817654,37.164674759990305],[126.98363398181378,37.164674759990305],[126.98363398181378,37.15568155635306],[126.97464077817654,37.15568155635306]]]}},{"type":"Feature","properties":{"jobs":5536,"pop":0,"pointCount":1,"homeWorkCommuteMedian":-1,"workHomeCommuteMedian":23563},"geometry":{"type":"Polygon","coordinates":[[[126.97464077817654,37.209640778176535],[126.97464077817654,37.21863398181378],[126.98363398181378,37.21863398181378],[126.98363398181378,37.209640778176535],[126.97464077817654,37.209640778176535]]]}},{"type":"Feature","properties":{"jobs":1934,"pop":272,"pointCount":1,"homeWorkCommuteMedian":23745,"workHomeCommuteMedian":17589},"geometry":{"type":"Polygon","coordinates":[[[126.97464077817654,37.21863398181378],[126.97464077817654,37.22762718545103],[126.98363398181378,37.22762718545103],[126.98363398181378,37.21863398181378],[126.97464077817654,37.21863398181378]]]}},{"type":"Feature","properties":{"jobs":17650,"pop":5360,"pointCount":4,"homeWorkCommuteMedian":5902,"workHomeCommuteMedian":6137},"geometry":{"type":"Polygon","coordinates":[[[126.97464077817654,37.24561359272552],[126.97464077817654,37.254606796362765],[126.98363398181378,37.254606796362765],[126.98363398181378,37.24561359272552],[126.97464077817654,37.24561359272552]]]}},{"type":"Feature","properties":{"jobs":16010,"pop":5244,"pointCount":3,"homeWorkCommuteMedian":5247,"workHomeCommuteMedian":5401},"geometry":{"type":"Polygon","coordinates":[[[126.97464077817654,37.26360000000001],[126.97464077817654,37.27259320363726],[126.98363398181378,37.27259320363726],[126.98363398181378,37.26360000000001],[126.97464077817654,37.26360000000001]]]}},{"type":"Feature","properties":{"jobs":8693,"pop":2160,"pointCount":2,"homeWorkCommuteMedian":6131,"workHomeCommuteMedian":5850},"geometry":{"type":"Polygon","coordinates":[[[126.97464077817654,37.27259320363726],[126.97464077817654,37.2815864072745],[126.98363398181378,37.2815864072745],[126.98363398181378,37.27259320363726],[126.97464077817654,37.27259320363726]]]}},{"type":"Feature","properties":{"jobs":20786,"pop":6042,"pointCount":4,"homeWorkCommuteMedian":6280,"workHomeCommuteMedian":6293},"geometry":{"type":"Polygon","coordinates":[[[126.97464077817654,37.2815864072745],[126.97464077817654,37.29057961091175],[126.98363398181378,37.29057961091175],[126.98363398181378,37.2815864072745],[126.97464077817654,37.2815864072745]]]}},{"type":"Feature","properties":{"jobs":23509,"pop":9338,"pointCount":4,"homeWorkCommuteMedian":4026,"workHomeCommuteMedian":4077},"geometry":{"type":"Polygon","coordinates":[[[126.97464077817654,37.29057961091175],[126.97464077817654,37.299572814548995],[126.98363398181378,37.299572814548995],[126.98363398181378,37.29057961091175],[126.97464077817654,37.29057961091175]]]}},{"type":"Feature","properties":{"jobs":13756,"pop":5103,"pointCount":3,"homeWorkCommuteMedian":3496,"workHomeCommuteMedian":3496},"geometry":{"type":"Polygon","coordinates":[[[126.97464077817654,37.299572814548995],[126.97464077817654,37.30856601818624],[126.98363398181378,37.30856601818624],[126.98363398181378,37.299572814548995],[126.97464077817654,37.299572814548995]]]}},{"type":"Feature","properties":{"jobs":22219,"pop":10136,"pointCount":2,"homeWorkCommuteMedian":4024,"workHomeCommuteMedian":3858},"geometry":{"type":"Polygon","coordinates":[[[126.97464077817654,37.30856601818624],[126.97464077817654,37.31755922182349],[126.98363398181378,37.31755922182349],[126.98363398181378,37.30856601818624],[126.97464077817654,37.30856601818624]]]}},{"type":"Feature","properties":{"jobs":696,"pop":20,"pointCount":1,"homeWorkCommuteMedian":3899,"workHomeCommuteMedian":5325},"geometry":{"type":"Polygon","coordinates":[[[126.97464077817654,37.31755922182349],[126.97464077817654,37.32655242546073],[126.98363398181378,37.32655242546073],[126.98363398181378,37.31755922182349],[126.97464077817654,37.31755922182349]]]}},{"type":"Feature","properties":{"jobs":6925,"pop":2522,"pointCount":1,"homeWorkCommuteMedian":5933,"workHomeCommuteMedian":5555},"geometry":{"type":"Polygon","coordinates":[[[126.97464077817654,37.33554562909798],[126.97464077817654,37.344538832735225],[126.98363398181378,37.344538832735225],[126.98363398181378,37.33554562909798],[126.97464077817654,37.33554562909798]]]}},{"type":"Feature","properties":{"jobs":18227,"pop":7481,"pointCount":3,"homeWorkCommuteMedian":5594,"workHomeCommuteMedian":5811},"geometry":{"type":"Polygon","coordinates":[[[126.97464077817654,37.344538832735225],[126.97464077817654,37.35353203637247],[126.98363398181378,37.35353203637247],[126.98363398181378,37.344538832735225],[126.97464077817654,37.344538832735225]]]}},{"type":"Feature","properties":{"jobs":1292,"pop":186,"pointCount":1,"homeWorkCommuteMedian":4004,"workHomeCommuteMedian":4044},"geometry":{"type":"Polygon","coordinates":[[[126.97464077817654,37.37151844364696],[126.97464077817654,37.38051164728421],[126.98363398181378,37.38051164728421],[126.98363398181378,37.37151844364696],[126.97464077817654,37.37151844364696]]]}},{"type":"Feature","properties":{"jobs":17162,"pop":6473,"pointCount":4,"homeWorkCommuteMedian":5068,"workHomeCommuteMedian":5069},"geometry":{"type":"Polygon","coordinates":[[[126.97464077817654,37.38051164728421],[126.97464077817654,37.389504850921455],[126.98363398181378,37.389504850921455],[126.98363398181378,37.38051164728421],[126.97464077817654,37.38051164728421]]]}},{"type":"Feature","properties":{"jobs":28634,"pop":10940,"pointCount":4,"homeWorkCommuteMedian":4485,"workHomeCommuteMedian":4481},"geometry":{"type":"Polygon","coordinates":[[[126.97464077817654,37.389504850921455],[126.97464077817654,37.3984980545587],[126.98363398181378,37.3984980545587],[126.98363398181378,37.389504850921455],[126.97464077817654,37.389504850921455]]]}},{"type":"Feature","properties":{"jobs":6121,"pop":2293,"pointCount":4,"homeWorkCommuteMedian":4422,"workHomeCommuteMedian":4575},"geometry":{"type":"Polygon","coordinates":[[[126.97464077817654,37.3984980545587],[126.97464077817654,37.40749125819595],[126.98363398181378,37.40749125819595],[126.98363398181378,37.3984980545587],[126.97464077817654,37.3984980545587]]]}},{"type":"Feature","properties":{"jobs":18451,"pop":6751,"pointCount":4,"homeWorkCommuteMedian":6540,"workHomeCommuteMedian":4862},"geometry":{"type":"Polygon","coordinates":[[[126.97464077817654,37.40749125819595],[126.97464077817654,37.41648446183319],[126.98363398181378,37.41648446183319],[126.98363398181378,37.40749125819595],[126.97464077817654,37.40749125819595]]]}},{"type":"Feature","properties":{"jobs":3734,"pop":1672,"pointCount":1,"homeWorkCommuteMedian":2966,"workHomeCommuteMedian":2570},"geometry":{"type":"Polygon","coordinates":[[[126.97464077817654,37.41648446183319],[126.97464077817654,37.42547766547044],[126.98363398181378,37.42547766547044],[126.98363398181378,37.41648446183319],[126.97464077817654,37.41648446183319]]]}},{"type":"Feature","properties":{"jobs":1735,"pop":47,"pointCount":1,"homeWorkCommuteMedian":17222,"workHomeCommuteMedian":17723},"geometry":{"type":"Polygon","coordinates":[[[126.98363398181378,37.21863398181378],[126.98363398181378,37.22762718545103],[126.99262718545103,37.22762718545103],[126.99262718545103,37.21863398181378],[126.98363398181378,37.21863398181378]]]}},{"type":"Feature","properties":{"jobs":2266,"pop":136,"pointCount":1,"homeWorkCommuteMedian":7131,"workHomeCommuteMedian":7131},"geometry":{"type":"Polygon","coordinates":[[[126.98363398181378,37.24561359272552],[126.98363398181378,37.254606796362765],[126.99262718545103,37.254606796362765],[126.99262718545103,37.24561359272552],[126.98363398181378,37.24561359272552]]]}},{"type":"Feature","properties":{"jobs":2554,"pop":188,"pointCount":1,"homeWorkCommuteMedian":5443,"workHomeCommuteMedian":5707},"geometry":{"type":"Polygon","coordinates":[[[126.98363398181378,37.254606796362765],[126.98363398181378,37.26360000000001],[126.99262718545103,37.26360000000001],[126.99262718545103,37.254606796362765],[126.98363398181378,37.254606796362765]]]}},{"type":"Feature","properties":{"jobs":6109,"pop":1974,"pointCount":1,"homeWorkCommuteMedian":5090,"workHomeCommuteMedian":5198},"geometry":{"type":"Polygon","coordinates":[[[126.98363398181378,37.26360000000001],[126.98363398181378,37.27259320363726],[126.99262718545103,37.27259320363726],[126.99262718545103,37.26360000000001],[126.98363398181378,37.26360000000001]]]}},{"type":"Feature","properties":{"jobs":16777,"pop":4934,"pointCount":3,"homeWorkCommuteMedian":5477,"workHomeCommuteMedian":5467},"geometry":{"type":"Polygon","coordinates":[[[126.98363398181378,37.2815864072745],[126.98363398181378,37.29057961091175],[126.99262718545103,37.29057961091175],[126.99262718545103,37.2815864072745],[126.98363398181378,37.2815864072745]]]}},{"type":"Feature","properties":{"jobs":28349,"pop":11136,"pointCount":4,"homeWorkCommuteMedian":3565,"workHomeCommuteMedian":3565},"geometry":{"type":"Polygon","coordinates":[[[126.98363398181378,37.29057961091175],[126.98363398181378,37.299572814548995],[126.99262718545103,37.299572814548995],[126.99262718545103,37.29057961091175],[126.98363398181378,37.29057961091175]]]}},{"type":"Feature","properties":{"jobs":21562,"pop":9444,"pointCount":4,"homeWorkCommuteMedian":3127,"workHomeCommuteMedian":3076},"geometry":{"type":"Polygon","coordinates":[[[126.98363398181378,37.299572814548995],[126.98363398181378,37.30856601818624],[126.99262718545103,37.30856601818624],[126.99262718545103,37.299572814548995],[126.98363398181378,37.299572814548995]]]}},{"type":"Feature","properties":{"jobs":8839,"pop":3401,"pointCount":2,"homeWorkCommuteMedian":3489,"workHomeCommuteMedian":3496},"geometry":{"type":"Polygon","coordinates":[[[126.98363398181378,37.30856601818624],[126.98363398181378,37.31755922182349],[126.99262718545103,37.31755922182349],[126.99262718545103,37.30856601818624],[126.98363398181378,37.30856601818624]]]}},{"type":"Feature","properties":{"jobs":1146,"pop":448,"pointCount":2,"homeWorkCommuteMedian":9387,"workHomeCommuteMedian":4733},"geometry":{"type":"Polygon","coordinates":[[[126.98363398181378,37.35353203637247],[126.98363398181378,37.36252524000972],[126.99262718545103,37.36252524000972],[126.99262718545103,37.35353203637247],[126.98363398181378,37.35353203637247]]]}},{"type":"Feature","properties":{"jobs":1791,"pop":367,"pointCount":1,"homeWorkCommuteMedian":4807,"workHomeCommuteMedian":4659},"geometry":{"type":"Polygon","coordinates":[[[126.98363398181378,37.36252524000972],[126.98363398181378,37.37151844364696],[126.99262718545103,37.37151844364696],[126.99262718545103,37.36252524000972],[126.98363398181378,37.36252524000972]]]}},{"type":"Feature","properties":{"jobs":2835,"pop":712,"pointCount":2,"homeWorkCommuteMedian":6887,"workHomeCommuteMedian":5884},"geometry":{"type":"Polygon","coordinates":[[[126.98363398181378,37.389504850921455],[126.98363398181378,37.3984980545587],[126.99262718545103,37.3984980545587],[126.99262718545103,37.389504850921455],[126.98363398181378,37.389504850921455]]]}},{"type":"Feature","properties":{"jobs":2378,"pop":937,"pointCount":2,"homeWorkCommuteMedian":5230,"workHomeCommuteMedian":5278},"geometry":{"type":"Polygon","coordinates":[[[126.98363398181378,37.3984980545587],[126.98363398181378,37.40749125819595],[126.99262718545103,37.40749125819595],[126.99262718545103,37.3984980545587],[126.98363398181378,37.3984980545587]]]}},{"type":"Feature","properties":{"jobs":5894,"pop":1881,"pointCount":2,"homeWorkCommuteMedian":3565,"workHomeCommuteMedian":2853},"geometry":{"type":"Polygon","coordinates":[[[126.98363398181378,37.40749125819595],[126.98363398181378,37.41648446183319],[126.99262718545103,37.41648446183319],[126.99262718545103,37.40749125819595],[126.98363398181378,37.40749125819595]]]}},{"type":"Feature","properties":{"jobs":7606,"pop":2767,"pointCount":4,"homeWorkCommuteMedian":3308,"workHomeCommuteMedian":2541},"geometry":{"type":"Polygon","coordinates":[[[126.98363398181378,37.41648446183319],[126.98363398181378,37.42547766547044],[126.99262718545103,37.42547766547044],[126.99262718545103,37.41648446183319],[126.98363398181378,37.41648446183319]]]}},{"type":"Feature","properties":{"jobs":16401,"pop":9806,"pointCount":4,"homeWorkCommuteMedian":4237,"workHomeCommuteMedian":3882},"geometry":{"type":"Polygon","coordinates":[[[126.98363398181378,37.42547766547044],[126.98363398181378,37.434470869107685],[126.99262718545103,37.434470869107685],[126.99262718545103,37.42547766547044],[126.98363398181378,37.42547766547044]]]}},{"type":"Feature","properties":{"jobs":7141,"pop":718,"pointCount":2,"homeWorkCommuteMedian":11210,"workHomeCommuteMedian":10512},"geometry":{"type":"Polygon","coordinates":[[[126.99262718545103,37.20064757453929],[126.99262718545103,37.209640778176535],[127.00162038908827,37.209640778176535],[127.00162038908827,37.20064757453929],[126.99262718545103,37.20064757453929]]]}},{"type":"Feature","properties":{"jobs":36375,"pop":765,"pointCount":4,"homeWorkCommuteMedian":3552,"workHomeCommuteMedian":22136},"geometry":{"type":"Polygon","coordinates":[[[126.99262718545103,37.26360000000001],[126.99262718545103,37.27259320363726],[127.00162038908827,37.27259320363726],[127.00162038908827,37.26360000000001],[126.99262718545103,37.26360000000001]]]}},{"type":"Feature","properties":{"jobs":35981,"pop":11470,"pointCount":4,"homeWorkCommuteMedian":4889,"workHomeCommuteMedian":5075},"geometry":{"type":"Polygon","coordinates":[[[126.99262718545103,37.27259320363726],[126.99262718545103,37.2815864072745],[127.00162038908827,37.2815864072745],[127.00162038908827,37.27259320363726],[126.99262718545103,37.27259320363726]]]}},{"type":"Feature","properties":{"jobs":21603,"pop":7713,"pointCount":4,"homeWorkCommuteMedian":3496,"workHomeCommuteMedian":3522},"geometry":{"type":"Polygon","coordinates":[[[126.99262718545103,37.2815864072745],[126.99262718545103,37.29057961091175],[127.00162038908827,37.29057961091175],[127.00162038908827,37.2815864072745],[126.99262718545103,37.2815864072745]]]}},{"type":"Feature","properties":{"jobs":16595,"pop":6656,"pointCount":5,"homeWorkCommuteMedian":3094,"workHomeCommuteMedian":2998},"geometry":{"type":"Polygon","coordinates":[[[126.99262718545103,37.29057961091175],[126.99262718545103,37.299572814548995],[127.00162038908827,37.299572814548995],[127.00162038908827,37.29057961091175],[126.99262718545103,37.29057961091175]]]}},{"type":"Feature","properties":{"jobs":12780,"pop":4609,"pointCount":3,"homeWorkCommuteMedian":3043,"workHomeCommuteMedian":2797},"geometry":{"type":"Polygon","coordinates":[[[126.99262718545103,37.299572814548995],[126.99262718545103,37.30856601818624],[127.00162038908827,37.30856601818624],[127.00162038908827,37.299572814548995],[126.99262718545103,37.299572814548995]]]}},{"type":"Feature","properties":{"jobs":5462,"pop":1085,"pointCount":3,"homeWorkCommuteMedian":3191,"workHomeCommuteMedian":2883},"geometry":{"type":"Polygon","coordinates":[[[126.99262718545103,37.30856601818624],[126.99262718545103,37.31755922182349],[127.00162038908827,37.31755922182349],[127.00162038908827,37.30856601818624],[126.99262718545103,37.30856601818624]]]}},{"type":"Feature","properties":{"jobs":1431,"pop":783,"pointCount":1,"homeWorkCommuteMedian":6631,"workHomeCommuteMedian":6447},"geometry":{"type":"Polygon","coordinates":[[[126.99262718545103,37.38051164728421],[126.99262718545103,37.389504850921455],[127.00162038908827,37.389504850921455],[127.00162038908827,37.38051164728421],[126.99262718545103,37.38051164728421]]]}},{"type":"Feature","properties":{"jobs":3800,"pop":5721,"pointCount":1,"homeWorkCommuteMedian":6529,"workHomeCommuteMedian":6934},"geometry":{"type":"Polygon","coordinates":[[[126.99262718545103,37.389504850921455],[126.99262718545103,37.3984980545587],[127.00162038908827,37.3984980545587],[127.00162038908827,37.389504850921455],[126.99262718545103,37.389504850921455]]]}},{"type":"Feature","properties":{"jobs":1226,"pop":478,"pointCount":1,"homeWorkCommuteMedian":2343,"workHomeCommuteMedian":2570},"geometry":{"type":"Polygon","coordinates":[[[126.99262718545103,37.41648446183319],[126.99262718545103,37.42547766547044],[127.00162038908827,37.42547766547044],[127.00162038908827,37.41648446183319],[126.99262718545103,37.41648446183319]]]}},{"type":"Feature","properties":{"jobs":6487,"pop":2034,"pointCount":3,"homeWorkCommuteMedian":3273,"workHomeCommuteMedian":3629},"geometry":{"type":"Polygon","coordinates":[[[126.99262718545103,37.42547766547044],[126.99262718545103,37.434470869107685],[127.00162038908827,37.434470869107685],[127.00162038908827,37.42547766547044],[126.99262718545103,37.42547766547044]]]}},{"type":"Feature","properties":{"jobs":3630,"pop":129,"pointCount":2,"homeWorkCommuteMedian":11794,"workHomeCommuteMedian":11783},"geometry":{"type":"Polygon","coordinates":[[[127.00162038908827,37.19165437090204],[127.00162038908827,37.20064757453929],[127.01061359272552,37.20064757453929],[127.01061359272552,37.19165437090204],[127.00162038908827,37.19165437090204]]]}},{"type":"Feature","properties":{"jobs":14704,"pop":3831,"pointCount":4,"homeWorkCommuteMedian":10181,"workHomeCommuteMedian":9815},"geometry":{"type":"Polygon","coordinates":[[[127.00162038908827,37.20064757453929],[127.00162038908827,37.209640778176535],[127.01061359272552,37.209640778176535],[127.01061359272552,37.20064757453929],[127.00162038908827,37.20064757453929]]]}},{"type":"Feature","properties":{"jobs":9,"pop":0,"pointCount":1,"homeWorkCommuteMedian":-1,"workHomeCommuteMedian":14918},"geometry":{"type":"Polygon","coordinates":[[[127.00162038908827,37.209640778176535],[127.00162038908827,37.21863398181378],[127.01061359272552,37.21863398181378],[127.01061359272552,37.209640778176535],[127.00162038908827,37.209640778176535]]]}},{"type":"Feature","properties":{"jobs":14399,"pop":3991,"pointCount":3,"homeWorkCommuteMedian":5629,"workHomeCommuteMedian":5382},"geometry":{"type":"Polygon","coordinates":[[[127.00162038908827,37.24561359272552],[127.00162038908827,37.254606796362765],[127.01061359272552,37.254606796362765],[127.01061359272552,37.24561359272552],[127.00162038908827,37.24561359272552]]]}},{"type":"Feature","properties":{"jobs":9411,"pop":1339,"pointCount":3,"homeWorkCommuteMedian":4477,"workHomeCommuteMedian":4422},"geometry":{"type":"Polygon","coordinates":[[[127.00162038908827,37.254606796362765],[127.00162038908827,37.26360000000001],[127.01061359272552,37.26360000000001],[127.01061359272552,37.254606796362765],[127.00162038908827,37.254606796362765]]]}},{"type":"Feature","properties":{"jobs":15372,"pop":1352,"pointCount":4,"homeWorkCommuteMedian":3219,"workHomeCommuteMedian":3565},"geometry":{"type":"Polygon","coordinates":[[[127.00162038908827,37.26360000000001],[127.00162038908827,37.27259320363726],[127.01061359272552,37.27259320363726],[127.01061359272552,37.26360000000001],[127.00162038908827,37.26360000000001]]]}},{"type":"Feature","properties":{"jobs":11303,"pop":2929,"pointCount":2,"homeWorkCommuteMedian":4198,"workHomeCommuteMedian":3929},"geometry":{"type":"Polygon","coordinates":[[[127.00162038908827,37.27259320363726],[127.00162038908827,37.2815864072745],[127.01061359272552,37.2815864072745],[127.01061359272552,37.27259320363726],[127.00162038908827,37.27259320363726]]]}},{"type":"Feature","properties":{"jobs":14838,"pop":3513,"pointCount":4,"homeWorkCommuteMedian":4077,"workHomeCommuteMedian":4077},"geometry":{"type":"Polygon","coordinates":[[[127.00162038908827,37.2815864072745],[127.00162038908827,37.29057961091175],[127.01061359272552,37.29057961091175],[127.01061359272552,37.2815864072745],[127.00162038908827,37.2815864072745]]]}},{"type":"Feature","properties":{"jobs":17931,"pop":7181,"pointCount":3,"homeWorkCommuteMedian":3496,"workHomeCommuteMedian":3185},"geometry":{"type":"Polygon","coordinates":[[[127.00162038908827,37.29057961091175],[127.00162038908827,37.299572814548995],[127.01061359272552,37.299572814548995],[127.01061359272552,37.29057961091175],[127.00162038908827,37.29057961091175]]]}},{"type":"Feature","properties":{"jobs":16661,"pop":6495,"pointCount":4,"homeWorkCommuteMedian":3302,"workHomeCommuteMedian":3127},"geometry":{"type":"Polygon","coordinates":[[[127.00162038908827,37.299572814548995],[127.00162038908827,37.30856601818624],[127.01061359272552,37.30856601818624],[127.01061359272552,37.299572814548995],[127.00162038908827,37.299572814548995]]]}},{"type":"Feature","properties":{"jobs":1374,"pop":59,"pointCount":1,"homeWorkCommuteMedian":4140,"workHomeCommuteMedian":4194},"geometry":{"type":"Polygon","coordinates":[[[127.00162038908827,37.30856601818624],[127.00162038908827,37.31755922182349],[127.01061359272552,37.31755922182349],[127.01061359272552,37.30856601818624],[127.00162038908827,37.30856601818624]]]}},{"type":"Feature","properties":{"jobs":26985,"pop":13347,"pointCount":3,"homeWorkCommuteMedian":6932,"workHomeCommuteMedian":7411},"geometry":{"type":"Polygon","coordinates":[[[127.00162038908827,37.36252524000972],[127.00162038908827,37.37151844364696],[127.01061359272552,37.37151844364696],[127.01061359272552,37.36252524000972],[127.00162038908827,37.36252524000972]]]}},{"type":"Feature","properties":{"jobs":2823,"pop":864,"pointCount":1,"homeWorkCommuteMedian":6922,"workHomeCommuteMedian":6651},"geometry":{"type":"Polygon","coordinates":[[[127.00162038908827,37.37151844364696],[127.00162038908827,37.38051164728421],[127.01061359272552,37.38051164728421],[127.01061359272552,37.37151844364696],[127.00162038908827,37.37151844364696]]]}},{"type":"Feature","properties":{"jobs":3186,"pop":384,"pointCount":3,"homeWorkCommuteMedian":9268,"workHomeCommuteMedian":6597},"geometry":{"type":"Polygon","coordinates":[[[127.00162038908827,37.3984980545587],[127.00162038908827,37.40749125819595],[127.01061359272552,37.40749125819595],[127.01061359272552,37.3984980545587],[127.00162038908827,37.3984980545587]]]}},{"type":"Feature","properties":{"jobs":7525,"pop":3363,"pointCount":2,"homeWorkCommuteMedian":4811,"workHomeCommuteMedian":4535},"geometry":{"type":"Polygon","coordinates":[[[127.00162038908827,37.41648446183319],[127.00162038908827,37.42547766547044],[127.01061359272552,37.42547766547044],[127.01061359272552,37.41648446183319],[127.00162038908827,37.41648446183319]]]}},{"type":"Feature","properties":{"jobs":427,"pop":77,"pointCount":1,"homeWorkCommuteMedian":5692,"workHomeCommuteMedian":4691},"geometry":{"type":"Polygon","coordinates":[[[127.00162038908827,37.42547766547044],[127.00162038908827,37.434470869107685],[127.01061359272552,37.434470869107685],[127.01061359272552,37.42547766547044],[127.00162038908827,37.42547766547044]]]}},{"type":"Feature","properties":{"jobs":11373,"pop":3072,"pointCount":2,"homeWorkCommuteMedian":9779,"workHomeCommuteMedian":9889},"geometry":{"type":"Polygon","coordinates":[[[127.01061359272552,37.20064757453929],[127.01061359272552,37.209640778176535],[127.01960679636277,37.209640778176535],[127.01960679636277,37.20064757453929],[127.01061359272552,37.20064757453929]]]}},{"type":"Feature","properties":{"jobs":7631,"pop":1574,"pointCount":2,"homeWorkCommuteMedian":6469,"workHomeCommuteMedian":6264},"geometry":{"type":"Polygon","coordinates":[[[127.01061359272552,37.23662038908827],[127.01061359272552,37.24561359272552],[127.01960679636277,37.24561359272552],[127.01960679636277,37.23662038908827],[127.01061359272552,37.23662038908827]]]}},{"type":"Feature","properties":{"jobs":23666,"pop":6599,"pointCount":4,"homeWorkCommuteMedian":5692,"workHomeCommuteMedian":6109},"geometry":{"type":"Polygon","coordinates":[[[127.01061359272552,37.24561359272552],[127.01061359272552,37.254606796362765],[127.01960679636277,37.254606796362765],[127.01960679636277,37.24561359272552],[127.01061359272552,37.24561359272552]]]}},{"type":"Feature","properties":{"jobs":17792,"pop":4241,"pointCount":4,"homeWorkCommuteMedian":4979,"workHomeCommuteMedian":5128},"geometry":{"type":"Polygon","coordinates":[[[127.01061359272552,37.254606796362765],[127.01061359272552,37.26360000000001],[127.01960679636277,37.26360000000001],[127.01960679636277,37.254606796362765],[127.01061359272552,37.254606796362765]]]}},{"type":"Feature","properties":{"jobs":23865,"pop":5946,"pointCount":4,"homeWorkCommuteMedian":4391,"workHomeCommuteMedian":4509},"geometry":{"type":"Polygon","coordinates":[[[127.01061359272552,37.26360000000001],[127.01061359272552,37.27259320363726],[127.01960679636277,37.27259320363726],[127.01960679636277,37.26360000000001],[127.01061359272552,37.26360000000001]]]}},{"type":"Feature","properties":{"jobs":10808,"pop":704,"pointCount":4,"homeWorkCommuteMedian":2837,"workHomeCommuteMedian":2977},"geometry":{"type":"Polygon","coordinates":[[[127.01061359272552,37.27259320363726],[127.01061359272552,37.2815864072745],[127.01960679636277,37.2815864072745],[127.01960679636277,37.27259320363726],[127.01061359272552,37.27259320363726]]]}},{"type":"Feature","properties":{"jobs":11386,"pop":1386,"pointCount":4,"homeWorkCommuteMedian":3386,"workHomeCommuteMedian":3385},"geometry":{"type":"Polygon","coordinates":[[[127.01061359272552,37.2815864072745],[127.01061359272552,37.29057961091175],[127.01960679636277,37.29057961091175],[127.01960679636277,37.2815864072745],[127.01061359272552,37.2815864072745]]]}},{"type":"Feature","properties":{"jobs":17296,"pop":6331,"pointCount":4,"homeWorkCommuteMedian":4077,"workHomeCommuteMedian":3950},"geometry":{"type":"Polygon","coordinates":[[[127.01061359272552,37.29057961091175],[127.01061359272552,37.299572814548995],[127.01960679636277,37.299572814548995],[127.01960679636277,37.29057961091175],[127.01061359272552,37.29057961091175]]]}},{"type":"Feature","properties":{"jobs":41819,"pop":17565,"pointCount":3,"homeWorkCommuteMedian":4049,"workHomeCommuteMedian":4103},"geometry":{"type":"Polygon","coordinates":[[[127.01061359272552,37.299572814548995],[127.01061359272552,37.30856601818624],[127.01960679636277,37.30856601818624],[127.01960679636277,37.299572814548995],[127.01061359272552,37.299572814548995]]]}},{"type":"Feature","properties":{"jobs":3443,"pop":1352,"pointCount":1,"homeWorkCommuteMedian":4291,"workHomeCommuteMedian":9944},"geometry":{"type":"Polygon","coordinates":[[[127.01061359272552,37.30856601818624],[127.01061359272552,37.31755922182349],[127.01960679636277,37.31755922182349],[127.01960679636277,37.30856601818624],[127.01061359272552,37.30856601818624]]]}},{"type":"Feature","properties":{"jobs":3842,"pop":1139,"pointCount":2,"homeWorkCommuteMedian":7226,"workHomeCommuteMedian":6887},"geometry":{"type":"Polygon","coordinates":[[[127.01061359272552,37.31755922182349],[127.01061359272552,37.32655242546073],[127.01960679636277,37.32655242546073],[127.01960679636277,37.31755922182349],[127.01061359272552,37.31755922182349]]]}},{"type":"Feature","properties":{"jobs":9687,"pop":3024,"pointCount":4,"homeWorkCommuteMedian":8280,"workHomeCommuteMedian":8329},"geometry":{"type":"Polygon","coordinates":[[[127.01061359272552,37.32655242546073],[127.01061359272552,37.33554562909798],[127.01960679636277,37.33554562909798],[127.01960679636277,37.32655242546073],[127.01061359272552,37.32655242546073]]]}},{"type":"Feature","properties":{"jobs":3226,"pop":1025,"pointCount":1,"homeWorkCommuteMedian":9511,"workHomeCommuteMedian":7453},"geometry":{"type":"Polygon","coordinates":[[[127.01061359272552,37.36252524000972],[127.01061359272552,37.37151844364696],[127.01960679636277,37.37151844364696],[127.01960679636277,37.36252524000972],[127.01061359272552,37.36252524000972]]]}},{"type":"Feature","properties":{"jobs":4549,"pop":1693,"pointCount":1,"homeWorkCommuteMedian":7973,"workHomeCommuteMedian":7489},"geometry":{"type":"Polygon","coordinates":[[[127.01061359272552,37.37151844364696],[127.01061359272552,37.38051164728421],[127.01960679636277,37.38051164728421],[127.01960679636277,37.37151844364696],[127.01061359272552,37.37151844364696]]]}},{"type":"Feature","properties":{"jobs":2599,"pop":785,"pointCount":2,"homeWorkCommuteMedian":7131,"workHomeCommuteMedian":6738},"geometry":{"type":"Polygon","coordinates":[[[127.01061359272552,37.38051164728421],[127.01061359272552,37.389504850921455],[127.01960679636277,37.389504850921455],[127.01960679636277,37.38051164728421],[127.01061359272552,37.38051164728421]]]}},{"type":"Feature","properties":{"jobs":12796,"pop":4443,"pointCount":3,"homeWorkCommuteMedian":5793,"workHomeCommuteMedian":5637},"geometry":{"type":"Polygon","coordinates":[[[127.01960679636277,37.164674759990305],[127.01960679636277,37.17366796362755],[127.02860000000001,37.17366796362755],[127.02860000000001,37.164674759990305],[127.01960679636277,37.164674759990305]]]}},{"type":"Feature","properties":{"jobs":6955,"pop":340,"pointCount":3,"homeWorkCommuteMedian":8709,"workHomeCommuteMedian":10095},"geometry":{"type":"Polygon","coordinates":[[[127.01960679636277,37.19165437090204],[127.01960679636277,37.20064757453929],[127.02860000000001,37.20064757453929],[127.02860000000001,37.19165437090204],[127.01960679636277,37.19165437090204]]]}},{"type":"Feature","properties":{"jobs":9882,"pop":3083,"pointCount":2,"homeWorkCommuteMedian":10142,"workHomeCommuteMedian":10582},"geometry":{"type":"Polygon","coordinates":[[[127.01960679636277,37.20064757453929],[127.01960679636277,37.209640778176535],[127.02860000000001,37.209640778176535],[127.02860000000001,37.20064757453929],[127.01960679636277,37.20064757453929]]]}},{"type":"Feature","properties":{"jobs":16248,"pop":6174,"pointCount":2,"homeWorkCommuteMedian":7587,"workHomeCommuteMedian":7531},"geometry":{"type":"Polygon","coordinates":[[[127.01960679636277,37.22762718545103],[127.01960679636277,37.23662038908827],[127.02860000000001,37.23662038908827],[127.02860000000001,37.22762718545103],[127.01960679636277,37.22762718545103]]]}},{"type":"Feature","properties":{"jobs":27941,"pop":9889,"pointCount":4,"homeWorkCommuteMedian":7539,"workHomeCommuteMedian":7073},"geometry":{"type":"Polygon","coordinates":[[[127.01960679636277,37.23662038908827],[127.01960679636277,37.24561359272552],[127.02860000000001,37.24561359272552],[127.02860000000001,37.23662038908827],[127.01960679636277,37.23662038908827]]]}},{"type":"Feature","properties":{"jobs":28464,"pop":7397,"pointCount":5,"homeWorkCommuteMedian":6719,"workHomeCommuteMedian":7184},"geometry":{"type":"Polygon","coordinates":[[[127.01960679636277,37.24561359272552],[127.01960679636277,37.254606796362765],[127.02860000000001,37.254606796362765],[127.02860000000001,37.24561359272552],[127.01960679636277,37.24561359272552]]]}},{"type":"Feature","properties":{"jobs":13780,"pop":2465,"pointCount":4,"homeWorkCommuteMedian":4832,"workHomeCommuteMedian":4944},"geometry":{"type":"Polygon","coordinates":[[[127.01960679636277,37.254606796362765],[127.01960679636277,37.26360000000001],[127.02860000000001,37.26360000000001],[127.02860000000001,37.254606796362765],[127.01960679636277,37.254606796362765]]]}},{"type":"Feature","properties":{"jobs":34157,"pop":13362,"pointCount":5,"homeWorkCommuteMedian":4972,"workHomeCommuteMedian":4978},"geometry":{"type":"Polygon","coordinates":[[[127.01960679636277,37.26360000000001],[127.01960679636277,37.27259320363726],[127.02860000000001,37.27259320363726],[127.02860000000001,37.26360000000001],[127.01960679636277,37.26360000000001]]]}},{"type":"Feature","properties":{"jobs":25083,"pop":11082,"pointCount":5,"homeWorkCommuteMedian":5637,"workHomeCommuteMedian":5637},"geometry":{"type":"Polygon","coordinates":[[[127.01960679636277,37.27259320363726],[127.01960679636277,37.2815864072745],[127.02860000000001,37.2815864072745],[127.02860000000001,37.27259320363726],[127.01960679636277,37.27259320363726]]]}},{"type":"Feature","properties":{"jobs":9611,"pop":1313,"pointCount":3,"homeWorkCommuteMedian":3496,"workHomeCommuteMedian":3652},"geometry":{"type":"Polygon","coordinates":[[[127.01960679636277,37.2815864072745],[127.01960679636277,37.29057961091175],[127.02860000000001,37.29057961091175],[127.02860000000001,37.2815864072745],[127.01960679636277,37.2815864072745]]]}},{"type":"Feature","properties":{"jobs":13900,"pop":2765,"pointCount":4,"homeWorkCommuteMedian":3883,"workHomeCommuteMedian":4195},"geometry":{"type":"Polygon","coordinates":[[[127.01960679636277,37.29057961091175],[127.01960679636277,37.299572814548995],[127.02860000000001,37.299572814548995],[127.02860000000001,37.29057961091175],[127.01960679636277,37.29057961091175]]]}},{"type":"Feature","properties":{"jobs":2402,"pop":829,"pointCount":1,"homeWorkCommuteMedian":6733,"workHomeCommuteMedian":6015},"geometry":{"type":"Polygon","coordinates":[[[127.01960679636277,37.31755922182349],[127.01960679636277,37.32655242546073],[127.02860000000001,37.32655242546073],[127.02860000000001,37.31755922182349],[127.01960679636277,37.31755922182349]]]}},{"type":"Feature","properties":{"jobs":4969,"pop":1444,"pointCount":2,"homeWorkCommuteMedian":6567,"workHomeCommuteMedian":6661},"geometry":{"type":"Polygon","coordinates":[[[127.02860000000001,37.1826611672648],[127.02860000000001,37.19165437090204],[127.03759320363726,37.19165437090204],[127.03759320363726,37.1826611672648],[127.02860000000001,37.1826611672648]]]}},{"type":"Feature","properties":{"jobs":10586,"pop":2425,"pointCount":3,"homeWorkCommuteMedian":6557,"workHomeCommuteMedian":6814},"geometry":{"type":"Polygon","coordinates":[[[127.02860000000001,37.19165437090204],[127.02860000000001,37.20064757453929],[127.03759320363726,37.20064757453929],[127.03759320363726,37.19165437090204],[127.02860000000001,37.19165437090204]]]}},{"type":"Feature","properties":{"jobs":10770,"pop":2377,"pointCount":3,"homeWorkCommuteMedian":8571,"workHomeCommuteMedian":9464},"geometry":{"type":"Polygon","coordinates":[[[127.02860000000001,37.20064757453929],[127.02860000000001,37.209640778176535],[127.03759320363726,37.209640778176535],[127.03759320363726,37.20064757453929],[127.02860000000001,37.20064757453929]]]}},{"type":"Feature","properties":{"jobs":29306,"pop":15483,"pointCount":2,"homeWorkCommuteMedian":10688,"workHomeCommuteMedian":11120},"geometry":{"type":"Polygon","coordinates":[[[127.02860000000001,37.209640778176535],[127.02860000000001,37.21863398181378],[127.03759320363726,37.21863398181378],[127.03759320363726,37.209640778176535],[127.02860000000001,37.209640778176535]]]}},{"type":"Feature","properties":{"jobs":2489,"pop":382,"pointCount":2,"homeWorkCommuteMedian":11556,"workHomeCommuteMedian":12051},"geometry":{"type":"Polygon","coordinates":[[[127.02860000000001,37.21863398181378],[127.02860000000001,37.22762718545103],[127.03759320363726,37.22762718545103],[127.03759320363726,37.21863398181378],[127.02860000000001,37.21863398181378]]]}},{"type":"Feature","properties":{"jobs":27963,"pop":10223,"pointCount":4,"homeWorkCommuteMedian":6663,"workHomeCommuteMedian":6705},"geometry":{"type":"Polygon","coordinates":[[[127.02860000000001,37.23662038908827],[127.02860000000001,37.24561359272552],[127.03759320363726,37.24561359272552],[127.03759320363726,37.23662038908827],[127.02860000000001,37.23662038908827]]]}},{"type":"Feature","properties":{"jobs":21366,"pop":5975,"pointCount":4,"homeWorkCommuteMedian":7160,"workHomeCommuteMedian":7261},"geometry":{"type":"Polygon","coordinates":[[[127.02860000000001,37.24561359272552],[127.02860000000001,37.254606796362765],[127.03759320363726,37.254606796362765],[127.03759320363726,37.24561359272552],[127.02860000000001,37.24561359272552]]]}},{"type":"Feature","properties":{"jobs":19153,"pop":5288,"pointCount":4,"homeWorkCommuteMedian":5090,"workHomeCommuteMedian":4944},"geometry":{"type":"Polygon","coordinates":[[[127.02860000000001,37.254606796362765],[127.02860000000001,37.26360000000001],[127.03759320363726,37.26360000000001],[127.03759320363726,37.254606796362765],[127.02860000000001,37.254606796362765]]]}},{"type":"Feature","properties":{"jobs":25289,"pop":9680,"pointCount":4,"homeWorkCommuteMedian":4911,"workHomeCommuteMedian":4895},"geometry":{"type":"Polygon","coordinates":[[[127.02860000000001,37.26360000000001],[127.02860000000001,37.27259320363726],[127.03759320363726,37.27259320363726],[127.03759320363726,37.26360000000001],[127.02860000000001,37.26360000000001]]]}},{"type":"Feature","properties":{"jobs":20079,"pop":3646,"pointCount":5,"homeWorkCommuteMedian":4477,"workHomeCommuteMedian":4190},"geometry":{"type":"Polygon","coordinates":[[[127.02860000000001,37.27259320363726],[127.02860000000001,37.2815864072745],[127.03759320363726,37.2815864072745],[127.03759320363726,37.27259320363726],[127.02860000000001,37.27259320363726]]]}},{"type":"Feature","properties":{"jobs":7705,"pop":1603,"pointCount":2,"homeWorkCommuteMedian":4195,"workHomeCommuteMedian":3496},"geometry":{"type":"Polygon","coordinates":[[[127.02860000000001,37.2815864072745],[127.02860000000001,37.29057961091175],[127.03759320363726,37.29057961091175],[127.03759320363726,37.2815864072745],[127.02860000000001,37.2815864072745]]]}},{"type":"Feature","properties":{"jobs":15776,"pop":1401,"pointCount":3,"homeWorkCommuteMedian":4258,"workHomeCommuteMedian":7724},"geometry":{"type":"Polygon","coordinates":[[[127.02860000000001,37.29057961091175],[127.02860000000001,37.299572814548995],[127.03759320363726,37.299572814548995],[127.03759320363726,37.29057961091175],[127.02860000000001,37.29057961091175]]]}},{"type":"Feature","properties":{"jobs":1611,"pop":246,"pointCount":1,"homeWorkCommuteMedian":6956,"workHomeCommuteMedian":7287},"geometry":{"type":"Polygon","coordinates":[[[127.02860000000001,37.299572814548995],[127.02860000000001,37.30856601818624],[127.03759320363726,37.30856601818624],[127.03759320363726,37.299572814548995],[127.02860000000001,37.299572814548995]]]}},{"type":"Feature","properties":{"jobs":2446,"pop":545,"pointCount":1,"homeWorkCommuteMedian":16749,"workHomeCommuteMedian":9619},"geometry":{"type":"Polygon","coordinates":[[[127.02860000000001,37.30856601818624],[127.02860000000001,37.31755922182349],[127.03759320363726,37.31755922182349],[127.03759320363726,37.30856601818624],[127.02860000000001,37.30856601818624]]]}},{"type":"Feature","properties":{"jobs":1813,"pop":359,"pointCount":1,"homeWorkCommuteMedian":5637,"workHomeCommuteMedian":4887},"geometry":{"type":"Polygon","coordinates":[[[127.03759320363726,37.12870194544132],[127.03759320363726,37.13769514907857],[127.0465864072745,37.13769514907857],[127.0465864072745,37.12870194544132],[127.03759320363726,37.12870194544132]]]}},{"type":"Feature","properties":{"jobs":11078,"pop":3566,"pointCount":3,"homeWorkCommuteMedian":4735,"workHomeCommuteMedian":4752},"geometry":{"type":"Polygon","coordinates":[[[127.03759320363726,37.13769514907857],[127.03759320363726,37.14668835271581],[127.0465864072745,37.14668835271581],[127.0465864072745,37.13769514907857],[127.03759320363726,37.13769514907857]]]}},{"type":"Feature","properties":{"jobs":5199,"pop":1295,"pointCount":2,"homeWorkCommuteMedian":4667,"workHomeCommuteMedian":4292},"geometry":{"type":"Polygon","coordinates":[[[127.03759320363726,37.14668835271581],[127.03759320363726,37.15568155635306],[127.0465864072745,37.15568155635306],[127.0465864072745,37.14668835271581],[127.03759320363726,37.14668835271581]]]}},{"type":"Feature","properties":{"jobs":1380,"pop":21,"pointCount":1,"homeWorkCommuteMedian":3697,"workHomeCommuteMedian":4432},"geometry":{"type":"Polygon","coordinates":[[[127.03759320363726,37.15568155635306],[127.03759320363726,37.164674759990305],[127.0465864072745,37.164674759990305],[127.0465864072745,37.15568155635306],[127.03759320363726,37.15568155635306]]]}},{"type":"Feature","properties":{"jobs":8255,"pop":1995,"pointCount":3,"homeWorkCommuteMedian":5042,"workHomeCommuteMedian":5434},"geometry":{"type":"Polygon","coordinates":[[[127.03759320363726,37.164674759990305],[127.03759320363726,37.17366796362755],[127.0465864072745,37.17366796362755],[127.0465864072745,37.164674759990305],[127.03759320363726,37.164674759990305]]]}},{"type":"Feature","properties":{"jobs":19637,"pop":7199,"pointCount":4,"homeWorkCommuteMedian":5722,"workHomeCommuteMedian":6332},"geometry":{"type":"Polygon","coordinates":[[[127.03759320363726,37.17366796362755],[127.03759320363726,37.1826611672648],[127.0465864072745,37.1826611672648],[127.0465864072745,37.17366796362755],[127.03759320363726,37.17366796362755]]]}},{"type":"Feature","properties":{"jobs":9133,"pop":4138,"pointCount":1,"homeWorkCommuteMedian":6358,"workHomeCommuteMedian":5634},"geometry":{"type":"Polygon","coordinates":[[[127.03759320363726,37.1826611672648],[127.03759320363726,37.19165437090204],[127.0465864072745,37.19165437090204],[127.0465864072745,37.1826611672648],[127.03759320363726,37.1826611672648]]]}},{"type":"Feature","properties":{"jobs":4636,"pop":763,"pointCount":1,"homeWorkCommuteMedian":10164,"workHomeCommuteMedian":9289},"geometry":{"type":"Polygon","coordinates":[[[127.03759320363726,37.19165437090204],[127.03759320363726,37.20064757453929],[127.0465864072745,37.20064757453929],[127.0465864072745,37.19165437090204],[127.03759320363726,37.19165437090204]]]}},{"type":"Feature","properties":{"jobs":23349,"pop":7118,"pointCount":4,"homeWorkCommuteMedian":9752,"workHomeCommuteMedian":9991},"geometry":{"type":"Polygon","coordinates":[[[127.03759320363726,37.20064757453929],[127.03759320363726,37.209640778176535],[127.0465864072745,37.209640778176535],[127.0465864072745,37.20064757453929],[127.03759320363726,37.20064757453929]]]}},{"type":"Feature","properties":{"jobs":30775,"pop":16696,"pointCount":4,"homeWorkCommuteMedian":10663,"workHomeCommuteMedian":10512},"geometry":{"type":"Polygon","coordinates":[[[127.03759320363726,37.209640778176535],[127.03759320363726,37.21863398181378],[127.0465864072745,37.21863398181378],[127.0465864072745,37.209640778176535],[127.03759320363726,37.209640778176535]]]}},{"type":"Feature","properties":{"jobs":17575,"pop":7783,"pointCount":2,"homeWorkCommuteMedian":11851,"workHomeCommuteMedian":12071},"geometry":{"type":"Polygon","coordinates":[[[127.03759320363726,37.21863398181378],[127.03759320363726,37.22762718545103],[127.0465864072745,37.22762718545103],[127.0465864072745,37.21863398181378],[127.03759320363726,37.21863398181378]]]}},{"type":"Feature","properties":{"jobs":9573,"pop":2531,"pointCount":3,"homeWorkCommuteMedian":6171,"workHomeCommuteMedian":6218},"geometry":{"type":"Polygon","coordinates":[[[127.03759320363726,37.22762718545103],[127.03759320363726,37.23662038908827],[127.0465864072745,37.23662038908827],[127.0465864072745,37.22762718545103],[127.03759320363726,37.22762718545103]]]}},{"type":"Feature","properties":{"jobs":30676,"pop":12755,"pointCount":4,"homeWorkCommuteMedian":4936,"workHomeCommuteMedian":4901},"geometry":{"type":"Polygon","coordinates":[[[127.03759320363726,37.23662038908827],[127.03759320363726,37.24561359272552],[127.0465864072745,37.24561359272552],[127.0465864072745,37.23662038908827],[127.03759320363726,37.23662038908827]]]}},{"type":"Feature","properties":{"jobs":8297,"pop":2828,"pointCount":2,"homeWorkCommuteMedian":3565,"workHomeCommuteMedian":4007},"geometry":{"type":"Polygon","coordinates":[[[127.03759320363726,37.24561359272552],[127.03759320363726,37.254606796362765],[127.0465864072745,37.254606796362765],[127.0465864072745,37.24561359272552],[127.03759320363726,37.24561359272552]]]}},{"type":"Feature","properties":{"jobs":48483,"pop":23322,"pointCount":4,"homeWorkCommuteMedian":4355,"workHomeCommuteMedian":4385},"geometry":{"type":"Polygon","coordinates":[[[127.03759320363726,37.254606796362765],[127.03759320363726,37.26360000000001],[127.0465864072745,37.26360000000001],[127.0465864072745,37.254606796362765],[127.03759320363726,37.254606796362765]]]}},{"type":"Feature","properties":{"jobs":24782,"pop":8365,"pointCount":4,"homeWorkCommuteMedian":4093,"workHomeCommuteMedian":4026},"geometry":{"type":"Polygon","coordinates":[[[127.03759320363726,37.26360000000001],[127.03759320363726,37.27259320363726],[127.0465864072745,37.27259320363726],[127.0465864072745,37.26360000000001],[127.03759320363726,37.26360000000001]]]}},{"type":"Feature","properties":{"jobs":6599,"pop":710,"pointCount":3,"homeWorkCommuteMedian":2955,"workHomeCommuteMedian":3180},"geometry":{"type":"Polygon","coordinates":[[[127.03759320363726,37.27259320363726],[127.03759320363726,37.2815864072745],[127.0465864072745,37.2815864072745],[127.0465864072745,37.27259320363726],[127.03759320363726,37.27259320363726]]]}},{"type":"Feature","properties":{"jobs":12320,"pop":1088,"pointCount":2,"homeWorkCommuteMedian":4505,"workHomeCommuteMedian":7399},"geometry":{"type":"Polygon","coordinates":[[[127.03759320363726,37.2815864072745],[127.03759320363726,37.29057961091175],[127.0465864072745,37.29057961091175],[127.0465864072745,37.2815864072745],[127.03759320363726,37.2815864072745]]]}},{"type":"Feature","properties":{"jobs":11886,"pop":3345,"pointCount":3,"homeWorkCommuteMedian":6922,"workHomeCommuteMedian":8770},"geometry":{"type":"Polygon","coordinates":[[[127.03759320363726,37.29057961091175],[127.03759320363726,37.299572814548995],[127.0465864072745,37.299572814548995],[127.0465864072745,37.29057961091175],[127.03759320363726,37.29057961091175]]]}},{"type":"Feature","properties":{"jobs":18106,"pop":6682,"pointCount":3,"homeWorkCommuteMedian":8148,"workHomeCommuteMedian":9509},"geometry":{"type":"Polygon","coordinates":[[[127.03759320363726,37.299572814548995],[127.03759320363726,37.30856601818624],[127.0465864072745,37.30856601818624],[127.0465864072745,37.299572814548995],[127.03759320363726,37.299572814548995]]]}},{"type":"Feature","properties":{"jobs":1381,"pop":52,"pointCount":1,"homeWorkCommuteMedian":9555,"workHomeCommuteMedian":9648},"geometry":{"type":"Polygon","coordinates":[[[127.03759320363726,37.35353203637247],[127.03759320363726,37.36252524000972],[127.0465864072745,37.36252524000972],[127.0465864072745,37.35353203637247],[127.03759320363726,37.35353203637247]]]}},{"type":"Feature","properties":{"jobs":12436,"pop":5381,"pointCount":2,"homeWorkCommuteMedian":4408,"workHomeCommuteMedian":4282},"geometry":{"type":"Polygon","coordinates":[[[127.0465864072745,37.13769514907857],[127.0465864072745,37.14668835271581],[127.05557961091175,37.14668835271581],[127.05557961091175,37.13769514907857],[127.0465864072745,37.13769514907857]]]}},{"type":"Feature","properties":{"jobs":2512,"pop":561,"pointCount":1,"homeWorkCommuteMedian":4277,"workHomeCommuteMedian":3806},"geometry":{"type":"Polygon","coordinates":[[[127.0465864072745,37.14668835271581],[127.0465864072745,37.15568155635306],[127.05557961091175,37.15568155635306],[127.05557961091175,37.14668835271581],[127.0465864072745,37.14668835271581]]]}},{"type":"Feature","properties":{"jobs":14774,"pop":5813,"pointCount":3,"homeWorkCommuteMedian":3735,"workHomeCommuteMedian":3574},"geometry":{"type":"Polygon","coordinates":[[[127.0465864072745,37.15568155635306],[127.0465864072745,37.164674759990305],[127.05557961091175,37.164674759990305],[127.05557961091175,37.15568155635306],[127.0465864072745,37.15568155635306]]]}},{"type":"Feature","properties":{"jobs":10401,"pop":4100,"pointCount":3,"homeWorkCommuteMedian":4691,"workHomeCommuteMedian":4530},"geometry":{"type":"Polygon","coordinates":[[[127.0465864072745,37.164674759990305],[127.0465864072745,37.17366796362755],[127.05557961091175,37.17366796362755],[127.05557961091175,37.164674759990305],[127.0465864072745,37.164674759990305]]]}},{"type":"Feature","properties":{"jobs":10745,"pop":3058,"pointCount":3,"homeWorkCommuteMedian":5090,"workHomeCommuteMedian":5257},"geometry":{"type":"Polygon","coordinates":[[[127.0465864072745,37.17366796362755],[127.0465864072745,37.1826611672648],[127.05557961091175,37.1826611672648],[127.05557961091175,37.17366796362755],[127.0465864072745,37.17366796362755]]]}},{"type":"Feature","properties":{"jobs":7208,"pop":822,"pointCount":2,"homeWorkCommuteMedian":7353,"workHomeCommuteMedian":7700},"geometry":{"type":"Polygon","coordinates":[[[127.0465864072745,37.19165437090204],[127.0465864072745,37.20064757453929],[127.05557961091175,37.20064757453929],[127.05557961091175,37.19165437090204],[127.0465864072745,37.19165437090204]]]}},{"type":"Feature","properties":{"jobs":17923,"pop":3857,"pointCount":4,"homeWorkCommuteMedian":8430,"workHomeCommuteMedian":8714},"geometry":{"type":"Polygon","coordinates":[[[127.0465864072745,37.20064757453929],[127.0465864072745,37.209640778176535],[127.05557961091175,37.209640778176535],[127.05557961091175,37.20064757453929],[127.0465864072745,37.20064757453929]]]}},{"type":"Feature","properties":{"jobs":11406,"pop":1266,"pointCount":4,"homeWorkCommuteMedian":6676,"workHomeCommuteMedian":6664},"geometry":{"type":"Polygon","coordinates":[[[127.0465864072745,37.209640778176535],[127.0465864072745,37.21863398181378],[127.05557961091175,37.21863398181378],[127.05557961091175,37.209640778176535],[127.0465864072745,37.209640778176535]]]}},{"type":"Feature","properties":{"jobs":15364,"pop":5329,"pointCount":2,"homeWorkCommuteMedian":9927,"workHomeCommuteMedian":10445},"geometry":{"type":"Polygon","coordinates":[[[127.0465864072745,37.21863398181378],[127.0465864072745,37.22762718545103],[127.05557961091175,37.22762718545103],[127.05557961091175,37.21863398181378],[127.0465864072745,37.21863398181378]]]}},{"type":"Feature","properties":{"jobs":16051,"pop":4911,"pointCount":3,"homeWorkCommuteMedian":5933,"workHomeCommuteMedian":6015},"geometry":{"type":"Polygon","coordinates":[[[127.0465864072745,37.22762718545103],[127.0465864072745,37.23662038908827],[127.05557961091175,37.23662038908827],[127.05557961091175,37.22762718545103],[127.0465864072745,37.22762718545103]]]}},{"type":"Feature","properties":{"jobs":25600,"pop":9710,"pointCount":4,"homeWorkCommuteMedian":4691,"workHomeCommuteMedian":4639},"geometry":{"type":"Polygon","coordinates":[[[127.0465864072745,37.23662038908827],[127.0465864072745,37.24561359272552],[127.05557961091175,37.24561359272552],[127.05557961091175,37.23662038908827],[127.0465864072745,37.23662038908827]]]}},{"type":"Feature","properties":{"jobs":7359,"pop":2493,"pointCount":2,"homeWorkCommuteMedian":3923,"workHomeCommuteMedian":3833},"geometry":{"type":"Polygon","coordinates":[[[127.0465864072745,37.24561359272552],[127.0465864072745,37.254606796362765],[127.05557961091175,37.254606796362765],[127.05557961091175,37.24561359272552],[127.0465864072745,37.24561359272552]]]}},{"type":"Feature","properties":{"jobs":1381,"pop":354,"pointCount":1,"homeWorkCommuteMedian":13233,"workHomeCommuteMedian":-1},"geometry":{"type":"Polygon","coordinates":[[[127.0465864072745,37.254606796362765],[127.0465864072745,37.26360000000001],[127.05557961091175,37.26360000000001],[127.05557961091175,37.254606796362765],[127.0465864072745,37.254606796362765]]]}},{"type":"Feature","properties":{"jobs":37705,"pop":14511,"pointCount":4,"homeWorkCommuteMedian":3769,"workHomeCommuteMedian":3844},"geometry":{"type":"Polygon","coordinates":[[[127.0465864072745,37.26360000000001],[127.0465864072745,37.27259320363726],[127.05557961091175,37.27259320363726],[127.05557961091175,37.26360000000001],[127.0465864072745,37.26360000000001]]]}},{"type":"Feature","properties":{"jobs":7769,"pop":768,"pointCount":4,"homeWorkCommuteMedian":4422,"workHomeCommuteMedian":4410},"geometry":{"type":"Polygon","coordinates":[[[127.0465864072745,37.27259320363726],[127.0465864072745,37.2815864072745],[127.05557961091175,37.2815864072745],[127.05557961091175,37.27259320363726],[127.0465864072745,37.27259320363726]]]}},{"type":"Feature","properties":{"jobs":34006,"pop":13226,"pointCount":4,"homeWorkCommuteMedian":5897,"workHomeCommuteMedian":6254},"geometry":{"type":"Polygon","coordinates":[[[127.0465864072745,37.2815864072745],[127.0465864072745,37.29057961091175],[127.05557961091175,37.29057961091175],[127.05557961091175,37.2815864072745],[127.0465864072745,37.2815864072745]]]}},{"type":"Feature","properties":{"jobs":20131,"pop":9315,"pointCount":2,"homeWorkCommuteMedian":6634,"workHomeCommuteMedian":6720},"geometry":{"type":"Polygon","coordinates":[[[127.0465864072745,37.29057961091175],[127.0465864072745,37.299572814548995],[127.05557961091175,37.299572814548995],[127.05557961091175,37.29057961091175],[127.0465864072745,37.29057961091175]]]}},{"type":"Feature","properties":{"jobs":15327,"pop":6997,"pointCount":2,"homeWorkCommuteMedian":7724,"workHomeCommuteMedian":9500},"geometry":{"type":"Polygon","coordinates":[[[127.0465864072745,37.299572814548995],[127.0465864072745,37.30856601818624],[127.05557961091175,37.30856601818624],[127.05557961091175,37.299572814548995],[127.0465864072745,37.299572814548995]]]}},{"type":"Feature","properties":{"jobs":7024,"pop":2286,"pointCount":2,"homeWorkCommuteMedian":5358,"workHomeCommuteMedian":5523},"geometry":{"type":"Polygon","coordinates":[[[127.0465864072745,37.32655242546073],[127.0465864072745,37.33554562909798],[127.05557961091175,37.33554562909798],[127.05557961091175,37.32655242546073],[127.0465864072745,37.32655242546073]]]}},{"type":"Feature","properties":{"jobs":1972,"pop":42,"pointCount":2,"homeWorkCommuteMedian":8672,"workHomeCommuteMedian":4691},"geometry":{"type":"Polygon","coordinates":[[[127.0465864072745,37.33554562909798],[127.0465864072745,37.344538832735225],[127.05557961091175,37.344538832735225],[127.05557961091175,37.33554562909798],[127.0465864072745,37.33554562909798]]]}},{"type":"Feature","properties":{"jobs":1713,"pop":294,"pointCount":1,"homeWorkCommuteMedian":4611,"workHomeCommuteMedian":4392},"geometry":{"type":"Polygon","coordinates":[[[127.05557961091175,37.13769514907857],[127.05557961091175,37.14668835271581],[127.064572814549,37.14668835271581],[127.064572814549,37.13769514907857],[127.05557961091175,37.13769514907857]]]}},{"type":"Feature","properties":{"jobs":3826,"pop":945,"pointCount":2,"homeWorkCommuteMedian":4110,"workHomeCommuteMedian":4195},"geometry":{"type":"Polygon","coordinates":[[[127.05557961091175,37.14668835271581],[127.05557961091175,37.15568155635306],[127.064572814549,37.15568155635306],[127.064572814549,37.14668835271581],[127.05557961091175,37.14668835271581]]]}},{"type":"Feature","properties":{"jobs":10524,"pop":2453,"pointCount":4,"homeWorkCommuteMedian":4077,"workHomeCommuteMedian":3847},"geometry":{"type":"Polygon","coordinates":[[[127.05557961091175,37.15568155635306],[127.05557961091175,37.164674759990305],[127.064572814549,37.164674759990305],[127.064572814549,37.15568155635306],[127.05557961091175,37.15568155635306]]]}},{"type":"Feature","properties":{"jobs":9621,"pop":2702,"pointCount":3,"homeWorkCommuteMedian":4591,"workHomeCommuteMedian":4422},"geometry":{"type":"Polygon","coordinates":[[[127.05557961091175,37.164674759990305],[127.05557961091175,37.17366796362755],[127.064572814549,37.17366796362755],[127.064572814549,37.164674759990305],[127.05557961091175,37.164674759990305]]]}},{"type":"Feature","properties":{"jobs":3335,"pop":949,"pointCount":1,"homeWorkCommuteMedian":5042,"workHomeCommuteMedian":5090},"geometry":{"type":"Polygon","coordinates":[[[127.05557961091175,37.17366796362755],[127.05557961091175,37.1826611672648],[127.064572814549,37.1826611672648],[127.064572814549,37.17366796362755],[127.05557961091175,37.17366796362755]]]}},{"type":"Feature","properties":{"jobs":4605,"pop":779,"pointCount":1,"homeWorkCommuteMedian":6254,"workHomeCommuteMedian":6623},"geometry":{"type":"Polygon","coordinates":[[[127.05557961091175,37.1826611672648],[127.05557961091175,37.19165437090204],[127.064572814549,37.19165437090204],[127.064572814549,37.1826611672648],[127.05557961091175,37.1826611672648]]]}},{"type":"Feature","properties":{"jobs":9007,"pop":590,"pointCount":3,"homeWorkCommuteMedian":6779,"workHomeCommuteMedian":6260},"geometry":{"type":"Polygon","coordinates":[[[127.05557961091175,37.19165437090204],[127.05557961091175,37.20064757453929],[127.064572814549,37.20064757453929],[127.064572814549,37.19165437090204],[127.05557961091175,37.19165437090204]]]}},{"type":"Feature","properties":{"jobs":18250,"pop":3908,"pointCount":4,"homeWorkCommuteMedian":8507,"workHomeCommuteMedian":8706},"geometry":{"type":"Polygon","coordinates":[[[127.05557961091175,37.20064757453929],[127.05557961091175,37.209640778176535],[127.064572814549,37.209640778176535],[127.064572814549,37.20064757453929],[127.05557961091175,37.20064757453929]]]}},{"type":"Feature","properties":{"jobs":15406,"pop":4344,"pointCount":3,"homeWorkCommuteMedian":8845,"workHomeCommuteMedian":8595},"geometry":{"type":"Polygon","coordinates":[[[127.05557961091175,37.209640778176535],[127.05557961091175,37.21863398181378],[127.064572814549,37.21863398181378],[127.064572814549,37.209640778176535],[127.05557961091175,37.209640778176535]]]}},{"type":"Feature","properties":{"jobs":18259,"pop":6390,"pointCount":3,"homeWorkCommuteMedian":9511,"workHomeCommuteMedian":9242},"geometry":{"type":"Polygon","coordinates":[[[127.05557961091175,37.21863398181378],[127.05557961091175,37.22762718545103],[127.064572814549,37.22762718545103],[127.064572814549,37.21863398181378],[127.05557961091175,37.21863398181378]]]}},{"type":"Feature","properties":{"jobs":16006,"pop":4814,"pointCount":4,"homeWorkCommuteMedian":8453,"workHomeCommuteMedian":7754},"geometry":{"type":"Polygon","coordinates":[[[127.05557961091175,37.22762718545103],[127.05557961091175,37.23662038908827],[127.064572814549,37.23662038908827],[127.064572814549,37.22762718545103],[127.05557961091175,37.22762718545103]]]}},{"type":"Feature","properties":{"jobs":22551,"pop":10294,"pointCount":3,"homeWorkCommuteMedian":5059,"workHomeCommuteMedian":4944},"geometry":{"type":"Polygon","coordinates":[[[127.05557961091175,37.23662038908827],[127.05557961091175,37.24561359272552],[127.064572814549,37.24561359272552],[127.064572814549,37.23662038908827],[127.05557961091175,37.23662038908827]]]}},{"type":"Feature","properties":{"jobs":41152,"pop":17319,"pointCount":4,"homeWorkCommuteMedian":3945,"workHomeCommuteMedian":4077},"geometry":{"type":"Polygon","coordinates":[[[127.05557961091175,37.24561359272552],[127.05557961091175,37.254606796362765],[127.064572814549,37.254606796362765],[127.064572814549,37.24561359272552],[127.05557961091175,37.24561359272552]]]}},{"type":"Feature","properties":{"jobs":11942,"pop":2314,"pointCount":4,"homeWorkCommuteMedian":3127,"workHomeCommuteMedian":3127},"geometry":{"type":"Polygon","coordinates":[[[127.05557961091175,37.254606796362765],[127.05557961091175,37.26360000000001],[127.064572814549,37.26360000000001],[127.064572814549,37.254606796362765],[127.05557961091175,37.254606796362765]]]}},{"type":"Feature","properties":{"jobs":29319,"pop":11896,"pointCount":4,"homeWorkCommuteMedian":4088,"workHomeCommuteMedian":4077},"geometry":{"type":"Polygon","coordinates":[[[127.05557961091175,37.26360000000001],[127.05557961091175,37.27259320363726],[127.064572814549,37.27259320363726],[127.064572814549,37.26360000000001],[127.05557961091175,37.26360000000001]]]}},{"type":"Feature","properties":{"jobs":8861,"pop":2837,"pointCount":2,"homeWorkCommuteMedian":4422,"workHomeCommuteMedian":4264},"geometry":{"type":"Polygon","coordinates":[[[127.05557961091175,37.27259320363726],[127.05557961091175,37.2815864072745],[127.064572814549,37.2815864072745],[127.064572814549,37.27259320363726],[127.05557961091175,37.27259320363726]]]}},{"type":"Feature","properties":{"jobs":21259,"pop":9672,"pointCount":3,"homeWorkCommuteMedian":4962,"workHomeCommuteMedian":4944},"geometry":{"type":"Polygon","coordinates":[[[127.05557961091175,37.2815864072745],[127.05557961091175,37.29057961091175],[127.064572814549,37.29057961091175],[127.064572814549,37.2815864072745],[127.05557961091175,37.2815864072745]]]}},{"type":"Feature","properties":{"jobs":6670,"pop":5895,"pointCount":2,"homeWorkCommuteMedian":7027,"workHomeCommuteMedian":6089},"geometry":{"type":"Polygon","coordinates":[[[127.05557961091175,37.29057961091175],[127.05557961091175,37.299572814548995],[127.064572814549,37.299572814548995],[127.064572814549,37.29057961091175],[127.05557961091175,37.29057961091175]]]}},{"type":"Feature","properties":{"jobs":12432,"pop":4136,"pointCount":3,"homeWorkCommuteMedian":4361,"workHomeCommuteMedian":4254},"geometry":{"type":"Polygon","coordinates":[[[127.05557961091175,37.30856601818624],[127.05557961091175,37.31755922182349],[127.064572814549,37.31755922182349],[127.064572814549,37.30856601818624],[127.05557961091175,37.30856601818624]]]}},{"type":"Feature","properties":{"jobs":10737,"pop":3411,"pointCount":3,"homeWorkCommuteMedian":4077,"workHomeCommuteMedian":4253},"geometry":{"type":"Polygon","coordinates":[[[127.05557961091175,37.31755922182349],[127.05557961091175,37.32655242546073],[127.064572814549,37.32655242546073],[127.064572814549,37.31755922182349],[127.05557961091175,37.31755922182349]]]}},{"type":"Feature","properties":{"jobs":14131,"pop":6323,"pointCount":3,"homeWorkCommuteMedian":4691,"workHomeCommuteMedian":4584},"geometry":{"type":"Polygon","coordinates":[[[127.05557961091175,37.32655242546073],[127.05557961091175,37.33554562909798],[127.064572814549,37.33554562909798],[127.064572814549,37.32655242546073],[127.05557961091175,37.32655242546073]]]}},{"type":"Feature","properties":{"jobs":2251,"pop":310,"pointCount":1,"homeWorkCommuteMedian":5456,"workHomeCommuteMedian":4318},"geometry":{"type":"Polygon","coordinates":[[[127.05557961091175,37.33554562909798],[127.05557961091175,37.344538832735225],[127.064572814549,37.344538832735225],[127.064572814549,37.33554562909798],[127.05557961091175,37.33554562909798]]]}},{"type":"Feature","properties":{"jobs":478,"pop":798,"pointCount":1,"homeWorkCommuteMedian":12491,"workHomeCommuteMedian":-1},"geometry":{"type":"Polygon","coordinates":[[[127.05557961091175,37.344538832735225],[127.05557961091175,37.35353203637247],[127.064572814549,37.35353203637247],[127.064572814549,37.344538832735225],[127.05557961091175,37.344538832735225]]]}},{"type":"Feature","properties":{"jobs":1874,"pop":116,"pointCount":1,"homeWorkCommuteMedian":7929,"workHomeCommuteMedian":8050},"geometry":{"type":"Polygon","coordinates":[[[127.05557961091175,37.35353203637247],[127.05557961091175,37.36252524000972],[127.064572814549,37.36252524000972],[127.064572814549,37.35353203637247],[127.05557961091175,37.35353203637247]]]}},{"type":"Feature","properties":{"jobs":1663,"pop":423,"pointCount":2,"homeWorkCommuteMedian":15408,"workHomeCommuteMedian":7814},"geometry":{"type":"Polygon","coordinates":[[[127.05557961091175,37.38051164728421],[127.05557961091175,37.389504850921455],[127.064572814549,37.389504850921455],[127.064572814549,37.38051164728421],[127.05557961091175,37.38051164728421]]]}},{"type":"Feature","properties":{"jobs":5336,"pop":1250,"pointCount":2,"homeWorkCommuteMedian":8185,"workHomeCommuteMedian":8149},"geometry":{"type":"Polygon","coordinates":[[[127.05557961091175,37.389504850921455],[127.05557961091175,37.3984980545587],[127.064572814549,37.3984980545587],[127.064572814549,37.389504850921455],[127.05557961091175,37.389504850921455]]]}},{"type":"Feature","properties":{"jobs":4478,"pop":733,"pointCount":2,"homeWorkCommuteMedian":5191,"workHomeCommuteMedian":5771},"geometry":{"type":"Polygon","coordinates":[[[127.064572814549,37.119708741804075],[127.064572814549,37.12870194544132],[127.07356601818624,37.12870194544132],[127.07356601818624,37.119708741804075],[127.064572814549,37.119708741804075]]]}},{"type":"Feature","properties":{"jobs":20198,"pop":7167,"pointCount":4,"homeWorkCommuteMedian":5131,"workHomeCommuteMedian":5107},"geometry":{"type":"Polygon","coordinates":[[[127.064572814549,37.12870194544132],[127.064572814549,37.13769514907857],[127.07356601818624,37.13769514907857],[127.07356601818624,37.12870194544132],[127.064572814549,37.12870194544132]]]}},{"type":"Feature","properties":{"jobs":12116,"pop":3446,"pointCount":4,"homeWorkCommuteMedian":4315,"workHomeCommuteMedian":4134},"geometry":{"type":"Polygon","coordinates":[[[127.064572814549,37.13769514907857],[127.064572814549,37.14668835271581],[127.07356601818624,37.14668835271581],[127.07356601818624,37.13769514907857],[127.064572814549,37.13769514907857]]]}},{"type":"Feature","properties":{"jobs":8722,"pop":2573,"pointCount":5,"homeWorkCommuteMedian":3624,"workHomeCommuteMedian":3542},"geometry":{"type":"Polygon","coordinates":[[[127.064572814549,37.14668835271581],[127.064572814549,37.15568155635306],[127.07356601818624,37.15568155635306],[127.07356601818624,37.14668835271581],[127.064572814549,37.14668835271581]]]}},{"type":"Feature","properties":{"jobs":6288,"pop":938,"pointCount":3,"homeWorkCommuteMedian":4180,"workHomeCommuteMedian":4159},"geometry":{"type":"Polygon","coordinates":[[[127.064572814549,37.15568155635306],[127.064572814549,37.164674759990305],[127.07356601818624,37.164674759990305],[127.07356601818624,37.15568155635306],[127.064572814549,37.15568155635306]]]}},{"type":"Feature","properties":{"jobs":5894,"pop":2794,"pointCount":1,"homeWorkCommuteMedian":4353,"workHomeCommuteMedian":4265},"geometry":{"type":"Polygon","coordinates":[[[127.064572814549,37.164674759990305],[127.064572814549,37.17366796362755],[127.07356601818624,37.17366796362755],[127.07356601818624,37.164674759990305],[127.064572814549,37.164674759990305]]]}},{"type":"Feature","properties":{"jobs":2313,"pop":1429,"pointCount":1,"homeWorkCommuteMedian":5511,"workHomeCommuteMedian":4503},"geometry":{"type":"Polygon","coordinates":[[[127.064572814549,37.17366796362755],[127.064572814549,37.1826611672648],[127.07356601818624,37.1826611672648],[127.07356601818624,37.17366796362755],[127.064572814549,37.17366796362755]]]}},{"type":"Feature","properties":{"jobs":6388,"pop":1229,"pointCount":2,"homeWorkCommuteMedian":6447,"workHomeCommuteMedian":5977},"geometry":{"type":"Polygon","coordinates":[[[127.064572814549,37.1826611672648],[127.064572814549,37.19165437090204],[127.07356601818624,37.19165437090204],[127.07356601818624,37.1826611672648],[127.064572814549,37.1826611672648]]]}},{"type":"Feature","properties":{"jobs":22655,"pop":5560,"pointCount":4,"homeWorkCommuteMedian":6597,"workHomeCommuteMedian":6367},"geometry":{"type":"Polygon","coordinates":[[[127.064572814549,37.19165437090204],[127.064572814549,37.20064757453929],[127.07356601818624,37.20064757453929],[127.07356601818624,37.19165437090204],[127.064572814549,37.19165437090204]]]}},{"type":"Feature","properties":{"jobs":41785,"pop":17840,"pointCount":4,"homeWorkCommuteMedian":7904,"workHomeCommuteMedian":7973},"geometry":{"type":"Polygon","coordinates":[[[127.064572814549,37.20064757453929],[127.064572814549,37.209640778176535],[127.07356601818624,37.209640778176535],[127.07356601818624,37.20064757453929],[127.064572814549,37.20064757453929]]]}},{"type":"Feature","properties":{"jobs":2289,"pop":109,"pointCount":1,"homeWorkCommuteMedian":7027,"workHomeCommuteMedian":5733},"geometry":{"type":"Polygon","coordinates":[[[127.064572814549,37.209640778176535],[127.064572814549,37.21863398181378],[127.07356601818624,37.21863398181378],[127.07356601818624,37.209640778176535],[127.064572814549,37.209640778176535]]]}},{"type":"Feature","properties":{"jobs":5454,"pop":1205,"pointCount":1,"homeWorkCommuteMedian":8379,"workHomeCommuteMedian":9375},"geometry":{"type":"Polygon","coordinates":[[[127.064572814549,37.21863398181378],[127.064572814549,37.22762718545103],[127.07356601818624,37.22762718545103],[127.07356601818624,37.21863398181378],[127.064572814549,37.21863398181378]]]}},{"type":"Feature","properties":{"jobs":16775,"pop":5444,"pointCount":3,"homeWorkCommuteMedian":10885,"workHomeCommuteMedian":10945},"geometry":{"type":"Polygon","coordinates":[[[127.064572814549,37.22762718545103],[127.064572814549,37.23662038908827],[127.07356601818624,37.23662038908827],[127.07356601818624,37.22762718545103],[127.064572814549,37.22762718545103]]]}},{"type":"Feature","properties":{"jobs":28411,"pop":10937,"pointCount":4,"homeWorkCommuteMedian":7433,"workHomeCommuteMedian":7286},"geometry":{"type":"Polygon","coordinates":[[[127.064572814549,37.23662038908827],[127.064572814549,37.24561359272552],[127.07356601818624,37.24561359272552],[127.07356601818624,37.23662038908827],[127.064572814549,37.23662038908827]]]}},{"type":"Feature","properties":{"jobs":18858,"pop":6472,"pointCount":4,"homeWorkCommuteMedian":4746,"workHomeCommuteMedian":4445},"geometry":{"type":"Polygon","coordinates":[[[127.064572814549,37.24561359272552],[127.064572814549,37.254606796362765],[127.07356601818624,37.254606796362765],[127.07356601818624,37.24561359272552],[127.064572814549,37.24561359272552]]]}},{"type":"Feature","properties":{"jobs":12101,"pop":4529,"pointCount":2,"homeWorkCommuteMedian":4057,"workHomeCommuteMedian":4029},"geometry":{"type":"Polygon","coordinates":[[[127.064572814549,37.254606796362765],[127.064572814549,37.26360000000001],[127.07356601818624,37.26360000000001],[127.07356601818624,37.254606796362765],[127.064572814549,37.254606796362765]]]}},{"type":"Feature","properties":{"jobs":21018,"pop":6886,"pointCount":4,"homeWorkCommuteMedian":5217,"workHomeCommuteMedian":5092},"geometry":{"type":"Polygon","coordinates":[[[127.064572814549,37.26360000000001],[127.064572814549,37.27259320363726],[127.07356601818624,37.27259320363726],[127.07356601818624,37.26360000000001],[127.064572814549,37.26360000000001]]]}},{"type":"Feature","properties":{"jobs":14772,"pop":8478,"pointCount":3,"homeWorkCommuteMedian":5523,"workHomeCommuteMedian":5390},"geometry":{"type":"Polygon","coordinates":[[[127.064572814549,37.27259320363726],[127.064572814549,37.2815864072745],[127.07356601818624,37.2815864072745],[127.07356601818624,37.27259320363726],[127.064572814549,37.27259320363726]]]}},{"type":"Feature","properties":{"jobs":4378,"pop":1706,"pointCount":1,"homeWorkCommuteMedian":12440,"workHomeCommuteMedian":6447},"geometry":{"type":"Polygon","coordinates":[[[127.064572814549,37.2815864072745],[127.064572814549,37.29057961091175],[127.07356601818624,37.29057961091175],[127.07356601818624,37.2815864072745],[127.064572814549,37.2815864072745]]]}},{"type":"Feature","properties":{"jobs":20840,"pop":7602,"pointCount":4,"homeWorkCommuteMedian":5944,"workHomeCommuteMedian":6041},"geometry":{"type":"Polygon","coordinates":[[[127.064572814549,37.29057961091175],[127.064572814549,37.299572814548995],[127.07356601818624,37.299572814548995],[127.07356601818624,37.29057961091175],[127.064572814549,37.29057961091175]]]}},{"type":"Feature","properties":{"jobs":8412,"pop":3025,"pointCount":2,"homeWorkCommuteMedian":4077,"workHomeCommuteMedian":3765},"geometry":{"type":"Polygon","coordinates":[[[127.064572814549,37.299572814548995],[127.064572814549,37.30856601818624],[127.07356601818624,37.30856601818624],[127.07356601818624,37.299572814548995],[127.064572814549,37.299572814548995]]]}},{"type":"Feature","properties":{"jobs":19915,"pop":7133,"pointCount":4,"homeWorkCommuteMedian":3883,"workHomeCommuteMedian":3955},"geometry":{"type":"Polygon","coordinates":[[[127.064572814549,37.30856601818624],[127.064572814549,37.31755922182349],[127.07356601818624,37.31755922182349],[127.07356601818624,37.30856601818624],[127.064572814549,37.30856601818624]]]}},{"type":"Feature","properties":{"jobs":18435,"pop":6160,"pointCount":4,"homeWorkCommuteMedian":3758,"workHomeCommuteMedian":3723},"geometry":{"type":"Polygon","coordinates":[[[127.064572814549,37.31755922182349],[127.064572814549,37.32655242546073],[127.07356601818624,37.32655242546073],[127.07356601818624,37.31755922182349],[127.064572814549,37.31755922182349]]]}},{"type":"Feature","properties":{"jobs":29059,"pop":12518,"pointCount":3,"homeWorkCommuteMedian":4486,"workHomeCommuteMedian":4477},"geometry":{"type":"Polygon","coordinates":[[[127.064572814549,37.32655242546073],[127.064572814549,37.33554562909798],[127.07356601818624,37.33554562909798],[127.07356601818624,37.32655242546073],[127.064572814549,37.32655242546073]]]}},{"type":"Feature","properties":{"jobs":1286,"pop":48,"pointCount":1,"homeWorkCommuteMedian":7687,"workHomeCommuteMedian":7637},"geometry":{"type":"Polygon","coordinates":[[[127.064572814549,37.33554562909798],[127.064572814549,37.344538832735225],[127.07356601818624,37.344538832735225],[127.07356601818624,37.33554562909798],[127.064572814549,37.33554562909798]]]}},{"type":"Feature","properties":{"jobs":1486,"pop":56,"pointCount":1,"homeWorkCommuteMedian":9160,"workHomeCommuteMedian":9253},"geometry":{"type":"Polygon","coordinates":[[[127.064572814549,37.344538832735225],[127.064572814549,37.35353203637247],[127.07356601818624,37.35353203637247],[127.07356601818624,37.344538832735225],[127.064572814549,37.344538832735225]]]}},{"type":"Feature","properties":{"jobs":7821,"pop":1519,"pointCount":3,"homeWorkCommuteMedian":7959,"workHomeCommuteMedian":7842},"geometry":{"type":"Polygon","coordinates":[[[127.064572814549,37.35353203637247],[127.064572814549,37.36252524000972],[127.07356601818624,37.36252524000972],[127.07356601818624,37.35353203637247],[127.064572814549,37.35353203637247]]]}},{"type":"Feature","properties":{"jobs":39977,"pop":18472,"pointCount":4,"homeWorkCommuteMedian":8391,"workHomeCommuteMedian":8263},"geometry":{"type":"Polygon","coordinates":[[[127.064572814549,37.36252524000972],[127.064572814549,37.37151844364696],[127.07356601818624,37.37151844364696],[127.07356601818624,37.36252524000972],[127.064572814549,37.36252524000972]]]}},{"type":"Feature","properties":{"jobs":11567,"pop":4908,"pointCount":2,"homeWorkCommuteMedian":7805,"workHomeCommuteMedian":7849},"geometry":{"type":"Polygon","coordinates":[[[127.064572814549,37.37151844364696],[127.064572814549,37.38051164728421],[127.07356601818624,37.38051164728421],[127.07356601818624,37.37151844364696],[127.064572814549,37.37151844364696]]]}},{"type":"Feature","properties":{"jobs":25211,"pop":13148,"pointCount":3,"homeWorkCommuteMedian":7506,"workHomeCommuteMedian":9987},"geometry":{"type":"Polygon","coordinates":[[[127.064572814549,37.38051164728421],[127.064572814549,37.389504850921455],[127.07356601818624,37.389504850921455],[127.07356601818624,37.38051164728421],[127.064572814549,37.38051164728421]]]}},{"type":"Feature","properties":{"jobs":11728,"pop":5013,"pointCount":2,"homeWorkCommuteMedian":9628,"workHomeCommuteMedian":7937},"geometry":{"type":"Polygon","coordinates":[[[127.064572814549,37.389504850921455],[127.064572814549,37.3984980545587],[127.07356601818624,37.3984980545587],[127.07356601818624,37.389504850921455],[127.064572814549,37.389504850921455]]]}},{"type":"Feature","properties":{"jobs":153,"pop":832,"pointCount":1,"homeWorkCommuteMedian":18071,"workHomeCommuteMedian":-1},"geometry":{"type":"Polygon","coordinates":[[[127.064572814549,37.42547766547044],[127.064572814549,37.434470869107685],[127.07356601818624,37.434470869107685],[127.07356601818624,37.42547766547044],[127.064572814549,37.42547766547044]]]}},{"type":"Feature","properties":{"jobs":12405,"pop":4963,"pointCount":2,"homeWorkCommuteMedian":5313,"workHomeCommuteMedian":5323},"geometry":{"type":"Polygon","coordinates":[[[127.07356601818624,37.12870194544132],[127.07356601818624,37.13769514907857],[127.08255922182349,37.13769514907857],[127.08255922182349,37.12870194544132],[127.07356601818624,37.12870194544132]]]}},{"type":"Feature","properties":{"jobs":6192,"pop":1506,"pointCount":3,"homeWorkCommuteMedian":4560,"workHomeCommuteMedian":4667},"geometry":{"type":"Polygon","coordinates":[[[127.07356601818624,37.13769514907857],[127.07356601818624,37.14668835271581],[127.08255922182349,37.14668835271581],[127.08255922182349,37.13769514907857],[127.07356601818624,37.13769514907857]]]}},{"type":"Feature","properties":{"jobs":12282,"pop":4874,"pointCount":2,"homeWorkCommuteMedian":4070,"workHomeCommuteMedian":3785},"geometry":{"type":"Polygon","coordinates":[[[127.07356601818624,37.14668835271581],[127.07356601818624,37.15568155635306],[127.08255922182349,37.15568155635306],[127.08255922182349,37.14668835271581],[127.07356601818624,37.14668835271581]]]}},{"type":"Feature","properties":{"jobs":8405,"pop":2864,"pointCount":2,"homeWorkCommuteMedian":4077,"workHomeCommuteMedian":4253},"geometry":{"type":"Polygon","coordinates":[[[127.07356601818624,37.15568155635306],[127.07356601818624,37.164674759990305],[127.08255922182349,37.164674759990305],[127.08255922182349,37.15568155635306],[127.07356601818624,37.15568155635306]]]}},{"type":"Feature","properties":{"jobs":4063,"pop":563,"pointCount":1,"homeWorkCommuteMedian":6268,"workHomeCommuteMedian":6254},"geometry":{"type":"Polygon","coordinates":[[[127.07356601818624,37.1826611672648],[127.07356601818624,37.19165437090204],[127.08255922182349,37.19165437090204],[127.08255922182349,37.1826611672648],[127.07356601818624,37.1826611672648]]]}},{"type":"Feature","properties":{"jobs":6224,"pop":1899,"pointCount":1,"homeWorkCommuteMedian":6208,"workHomeCommuteMedian":6447},"geometry":{"type":"Polygon","coordinates":[[[127.07356601818624,37.19165437090204],[127.07356601818624,37.20064757453929],[127.08255922182349,37.20064757453929],[127.08255922182349,37.19165437090204],[127.07356601818624,37.19165437090204]]]}},{"type":"Feature","properties":{"jobs":5970,"pop":1421,"pointCount":1,"homeWorkCommuteMedian":7517,"workHomeCommuteMedian":6966},"geometry":{"type":"Polygon","coordinates":[[[127.07356601818624,37.20064757453929],[127.07356601818624,37.209640778176535],[127.08255922182349,37.209640778176535],[127.08255922182349,37.20064757453929],[127.07356601818624,37.20064757453929]]]}},{"type":"Feature","properties":{"jobs":9676,"pop":3327,"pointCount":3,"homeWorkCommuteMedian":9117,"workHomeCommuteMedian":8109},"geometry":{"type":"Polygon","coordinates":[[[127.07356601818624,37.209640778176535],[127.07356601818624,37.21863398181378],[127.08255922182349,37.21863398181378],[127.08255922182349,37.209640778176535],[127.07356601818624,37.209640778176535]]]}},{"type":"Feature","properties":{"jobs":4505,"pop":1354,"pointCount":2,"homeWorkCommuteMedian":9806,"workHomeCommuteMedian":9824},"geometry":{"type":"Polygon","coordinates":[[[127.07356601818624,37.22762718545103],[127.07356601818624,37.23662038908827],[127.08255922182349,37.23662038908827],[127.08255922182349,37.22762718545103],[127.07356601818624,37.22762718545103]]]}},{"type":"Feature","properties":{"jobs":7591,"pop":2957,"pointCount":1,"homeWorkCommuteMedian":10022,"workHomeCommuteMedian":9510},"geometry":{"type":"Polygon","coordinates":[[[127.07356601818624,37.23662038908827],[127.07356601818624,37.24561359272552],[127.08255922182349,37.24561359272552],[127.08255922182349,37.23662038908827],[127.07356601818624,37.23662038908827]]]}},{"type":"Feature","properties":{"jobs":8411,"pop":2745,"pointCount":2,"homeWorkCommuteMedian":4402,"workHomeCommuteMedian":4477},"geometry":{"type":"Polygon","coordinates":[[[127.07356601818624,37.24561359272552],[127.07356601818624,37.254606796362765],[127.08255922182349,37.254606796362765],[127.08255922182349,37.24561359272552],[127.07356601818624,37.24561359272552]]]}},{"type":"Feature","properties":{"jobs":27492,"pop":12565,"pointCount":3,"homeWorkCommuteMedian":5090,"workHomeCommuteMedian":5042},"geometry":{"type":"Polygon","coordinates":[[[127.07356601818624,37.254606796362765],[127.07356601818624,37.26360000000001],[127.08255922182349,37.26360000000001],[127.08255922182349,37.254606796362765],[127.07356601818624,37.254606796362765]]]}},{"type":"Feature","properties":{"jobs":21694,"pop":8441,"pointCount":3,"homeWorkCommuteMedian":5392,"workHomeCommuteMedian":5265},"geometry":{"type":"Polygon","coordinates":[[[127.07356601818624,37.26360000000001],[127.07356601818624,37.27259320363726],[127.08255922182349,37.27259320363726],[127.08255922182349,37.26360000000001],[127.07356601818624,37.26360000000001]]]}},{"type":"Feature","properties":{"jobs":18277,"pop":6247,"pointCount":4,"homeWorkCommuteMedian":7564,"workHomeCommuteMedian":7433},"geometry":{"type":"Polygon","coordinates":[[[127.07356601818624,37.27259320363726],[127.07356601818624,37.2815864072745],[127.08255922182349,37.2815864072745],[127.08255922182349,37.27259320363726],[127.07356601818624,37.27259320363726]]]}},{"type":"Feature","properties":{"jobs":9398,"pop":2959,"pointCount":3,"homeWorkCommuteMedian":6500,"workHomeCommuteMedian":5846},"geometry":{"type":"Polygon","coordinates":[[[127.07356601818624,37.29057961091175],[127.07356601818624,37.299572814548995],[127.08255922182349,37.299572814548995],[127.08255922182349,37.29057961091175],[127.07356601818624,37.29057961091175]]]}},{"type":"Feature","properties":{"jobs":11915,"pop":3576,"pointCount":4,"homeWorkCommuteMedian":4253,"workHomeCommuteMedian":3765},"geometry":{"type":"Polygon","coordinates":[[[127.07356601818624,37.299572814548995],[127.07356601818624,37.30856601818624],[127.08255922182349,37.30856601818624],[127.08255922182349,37.299572814548995],[127.07356601818624,37.299572814548995]]]}},{"type":"Feature","properties":{"jobs":10458,"pop":2138,"pointCount":4,"homeWorkCommuteMedian":3703,"workHomeCommuteMedian":3478},"geometry":{"type":"Polygon","coordinates":[[[127.07356601818624,37.30856601818624],[127.07356601818624,37.31755922182349],[127.08255922182349,37.31755922182349],[127.08255922182349,37.30856601818624],[127.07356601818624,37.30856601818624]]]}},{"type":"Feature","properties":{"jobs":12031,"pop":3113,"pointCount":4,"homeWorkCommuteMedian":3127,"workHomeCommuteMedian":3018},"geometry":{"type":"Polygon","coordinates":[[[127.07356601818624,37.31755922182349],[127.07356601818624,37.32655242546073],[127.08255922182349,37.32655242546073],[127.08255922182349,37.31755922182349],[127.07356601818624,37.31755922182349]]]}},{"type":"Feature","properties":{"jobs":1631,"pop":138,"pointCount":1,"homeWorkCommuteMedian":7027,"workHomeCommuteMedian":5560},"geometry":{"type":"Polygon","coordinates":[[[127.07356601818624,37.32655242546073],[127.07356601818624,37.33554562909798],[127.08255922182349,37.33554562909798],[127.08255922182349,37.32655242546073],[127.07356601818624,37.32655242546073]]]}},{"type":"Feature","properties":{"jobs":1184,"pop":26,"pointCount":1,"homeWorkCommuteMedian":5265,"workHomeCommuteMedian":6231},"geometry":{"type":"Polygon","coordinates":[[[127.07356601818624,37.38051164728421],[127.07356601818624,37.389504850921455],[127.08255922182349,37.389504850921455],[127.08255922182349,37.38051164728421],[127.07356601818624,37.38051164728421]]]}},{"type":"Feature","properties":{"jobs":4004,"pop":691,"pointCount":2,"homeWorkCommuteMedian":6015,"workHomeCommuteMedian":6293},"geometry":{"type":"Polygon","coordinates":[[[127.07356601818624,37.389504850921455],[127.07356601818624,37.3984980545587],[127.08255922182349,37.3984980545587],[127.08255922182349,37.389504850921455],[127.07356601818624,37.389504850921455]]]}},{"type":"Feature","properties":{"jobs":79,"pop":200,"pointCount":1,"homeWorkCommuteMedian":20029,"workHomeCommuteMedian":-1},"geometry":{"type":"Polygon","coordinates":[[[127.07356601818624,37.42547766547044],[127.07356601818624,37.434470869107685],[127.08255922182349,37.434470869107685],[127.08255922182349,37.42547766547044],[127.07356601818624,37.42547766547044]]]}},{"type":"Feature","properties":{"jobs":61,"pop":15,"pointCount":1,"homeWorkCommuteMedian":37412,"workHomeCommuteMedian":-1},"geometry":{"type":"Polygon","coordinates":[[[127.08255922182349,37.11071553816683],[127.08255922182349,37.119708741804075],[127.09155242546073,37.119708741804075],[127.09155242546073,37.11071553816683],[127.08255922182349,37.11071553816683]]]}},{"type":"Feature","properties":{"jobs":1587,"pop":109,"pointCount":1,"homeWorkCommuteMedian":5523,"workHomeCommuteMedian":5513},"geometry":{"type":"Polygon","coordinates":[[[127.08255922182349,37.119708741804075],[127.08255922182349,37.12870194544132],[127.09155242546073,37.12870194544132],[127.09155242546073,37.119708741804075],[127.08255922182349,37.119708741804075]]]}},{"type":"Feature","properties":{"jobs":2184,"pop":395,"pointCount":1,"homeWorkCommuteMedian":6887,"workHomeCommuteMedian":6447},"geometry":{"type":"Polygon","coordinates":[[[127.08255922182349,37.12870194544132],[127.08255922182349,37.13769514907857],[127.09155242546073,37.13769514907857],[127.09155242546073,37.12870194544132],[127.08255922182349,37.12870194544132]]]}},{"type":"Feature","properties":{"jobs":5655,"pop":1036,"pointCount":3,"homeWorkCommuteMedian":6015,"workHomeCommuteMedian":6015},"geometry":{"type":"Polygon","coordinates":[[[127.08255922182349,37.13769514907857],[127.08255922182349,37.14668835271581],[127.09155242546073,37.14668835271581],[127.09155242546073,37.13769514907857],[127.08255922182349,37.13769514907857]]]}},{"type":"Feature","properties":{"jobs":9788,"pop":7370,"pointCount":3,"homeWorkCommuteMedian":5929,"workHomeCommuteMedian":4805},"geometry":{"type":"Polygon","coordinates":[[[127.08255922182349,37.14668835271581],[127.08255922182349,37.15568155635306],[127.09155242546073,37.15568155635306],[127.09155242546073,37.14668835271581],[127.08255922182349,37.14668835271581]]]}},{"type":"Feature","properties":{"jobs":4594,"pop":704,"pointCount":1,"homeWorkCommuteMedian":8449,"workHomeCommuteMedian":8392},"geometry":{"type":"Polygon","coordinates":[[[127.08255922182349,37.17366796362755],[127.08255922182349,37.1826611672648],[127.09155242546073,37.1826611672648],[127.09155242546073,37.17366796362755],[127.08255922182349,37.17366796362755]]]}},{"type":"Feature","properties":{"jobs":18274,"pop":13229,"pointCount":2,"homeWorkCommuteMedian":7300,"workHomeCommuteMedian":7298},"geometry":{"type":"Polygon","coordinates":[[[127.08255922182349,37.1826611672648],[127.08255922182349,37.19165437090204],[127.09155242546073,37.19165437090204],[127.09155242546073,37.1826611672648],[127.08255922182349,37.1826611672648]]]}},{"type":"Feature","properties":{"jobs":16978,"pop":6314,"pointCount":3,"homeWorkCommuteMedian":6967,"workHomeCommuteMedian":7118},"geometry":{"type":"Polygon","coordinates":[[[127.08255922182349,37.19165437090204],[127.08255922182349,37.20064757453929],[127.09155242546073,37.20064757453929],[127.09155242546073,37.19165437090204],[127.08255922182349,37.19165437090204]]]}},{"type":"Feature","properties":{"jobs":10803,"pop":4640,"pointCount":1,"homeWorkCommuteMedian":6523,"workHomeCommuteMedian":7171},"geometry":{"type":"Polygon","coordinates":[[[127.08255922182349,37.20064757453929],[127.08255922182349,37.209640778176535],[127.09155242546073,37.209640778176535],[127.09155242546073,37.20064757453929],[127.08255922182349,37.20064757453929]]]}},{"type":"Feature","properties":{"jobs":1808,"pop":619,"pointCount":1,"homeWorkCommuteMedian":15474,"workHomeCommuteMedian":5919},"geometry":{"type":"Polygon","coordinates":[[[127.08255922182349,37.209640778176535],[127.08255922182349,37.21863398181378],[127.09155242546073,37.21863398181378],[127.09155242546073,37.209640778176535],[127.08255922182349,37.209640778176535]]]}},{"type":"Feature","properties":{"jobs":3102,"pop":337,"pointCount":1,"homeWorkCommuteMedian":12569,"workHomeCommuteMedian":12989},"geometry":{"type":"Polygon","coordinates":[[[127.08255922182349,37.21863398181378],[127.08255922182349,37.22762718545103],[127.09155242546073,37.22762718545103],[127.09155242546073,37.21863398181378],[127.08255922182349,37.21863398181378]]]}},{"type":"Feature","properties":{"jobs":2106,"pop":45,"pointCount":1,"homeWorkCommuteMedian":10797,"workHomeCommuteMedian":11638},"geometry":{"type":"Polygon","coordinates":[[[127.08255922182349,37.24561359272552],[127.08255922182349,37.254606796362765],[127.09155242546073,37.254606796362765],[127.09155242546073,37.24561359272552],[127.08255922182349,37.24561359272552]]]}},{"type":"Feature","properties":{"jobs":15613,"pop":3461,"pointCount":4,"homeWorkCommuteMedian":7502,"workHomeCommuteMedian":10582},"geometry":{"type":"Polygon","coordinates":[[[127.08255922182349,37.26360000000001],[127.08255922182349,37.27259320363726],[127.09155242546073,37.27259320363726],[127.09155242546073,37.26360000000001],[127.08255922182349,37.26360000000001]]]}},{"type":"Feature","properties":{"jobs":3561,"pop":544,"pointCount":1,"homeWorkCommuteMedian":7455,"workHomeCommuteMedian":6958},"geometry":{"type":"Polygon","coordinates":[[[127.08255922182349,37.27259320363726],[127.08255922182349,37.2815864072745],[127.09155242546073,37.2815864072745],[127.09155242546073,37.27259320363726],[127.08255922182349,37.27259320363726]]]}},{"type":"Feature","properties":{"jobs":937,"pop":21,"pointCount":1,"homeWorkCommuteMedian":13213,"workHomeCommuteMedian":12662},"geometry":{"type":"Polygon","coordinates":[[[127.08255922182349,37.29057961091175],[127.08255922182349,37.299572814548995],[127.09155242546073,37.299572814548995],[127.09155242546073,37.29057961091175],[127.08255922182349,37.29057961091175]]]}},{"type":"Feature","properties":{"jobs":16115,"pop":5649,"pointCount":4,"homeWorkCommuteMedian":4276,"workHomeCommuteMedian":4080},"geometry":{"type":"Polygon","coordinates":[[[127.08255922182349,37.299572814548995],[127.08255922182349,37.30856601818624],[127.09155242546073,37.30856601818624],[127.09155242546073,37.299572814548995],[127.08255922182349,37.299572814548995]]]}},{"type":"Feature","properties":{"jobs":21613,"pop":9930,"pointCount":3,"homeWorkCommuteMedian":3613,"workHomeCommuteMedian":3718},"geometry":{"type":"Polygon","coordinates":[[[127.08255922182349,37.30856601818624],[127.08255922182349,37.31755922182349],[127.09155242546073,37.31755922182349],[127.09155242546073,37.30856601818624],[127.08255922182349,37.30856601818624]]]}},{"type":"Feature","properties":{"jobs":20527,"pop":8681,"pointCount":4,"homeWorkCommuteMedian":3302,"workHomeCommuteMedian":3192},"geometry":{"type":"Polygon","coordinates":[[[127.08255922182349,37.31755922182349],[127.08255922182349,37.32655242546073],[127.09155242546073,37.32655242546073],[127.09155242546073,37.31755922182349],[127.08255922182349,37.31755922182349]]]}},{"type":"Feature","properties":{"jobs":9982,"pop":2973,"pointCount":3,"homeWorkCommuteMedian":3955,"workHomeCommuteMedian":4038},"geometry":{"type":"Polygon","coordinates":[[[127.08255922182349,37.32655242546073],[127.08255922182349,37.33554562909798],[127.09155242546073,37.33554562909798],[127.09155242546073,37.32655242546073],[127.08255922182349,37.32655242546073]]]}},{"type":"Feature","properties":{"jobs":7300,"pop":1939,"pointCount":3,"homeWorkCommuteMedian":6320,"workHomeCommuteMedian":6150},"geometry":{"type":"Polygon","coordinates":[[[127.08255922182349,37.33554562909798],[127.08255922182349,37.344538832735225],[127.09155242546073,37.344538832735225],[127.09155242546073,37.33554562909798],[127.08255922182349,37.33554562909798]]]}},{"type":"Feature","properties":{"jobs":1503,"pop":33,"pointCount":1,"homeWorkCommuteMedian":2521,"workHomeCommuteMedian":2521},"geometry":{"type":"Polygon","coordinates":[[[127.08255922182349,37.344538832735225],[127.08255922182349,37.35353203637247],[127.09155242546073,37.35353203637247],[127.09155242546073,37.344538832735225],[127.08255922182349,37.344538832735225]]]}},{"type":"Feature","properties":{"jobs":1570,"pop":20,"pointCount":1,"homeWorkCommuteMedian":9952,"workHomeCommuteMedian":5775},"geometry":{"type":"Polygon","coordinates":[[[127.08255922182349,37.36252524000972],[127.08255922182349,37.37151844364696],[127.09155242546073,37.37151844364696],[127.09155242546073,37.36252524000972],[127.08255922182349,37.36252524000972]]]}},{"type":"Feature","properties":{"jobs":12750,"pop":5775,"pointCount":2,"homeWorkCommuteMedian":6191,"workHomeCommuteMedian":5874},"geometry":{"type":"Polygon","coordinates":[[[127.08255922182349,37.38051164728421],[127.08255922182349,37.389504850921455],[127.09155242546073,37.389504850921455],[127.09155242546073,37.38051164728421],[127.08255922182349,37.38051164728421]]]}},{"type":"Feature","properties":{"jobs":2629,"pop":79,"pointCount":2,"homeWorkCommuteMedian":7079,"workHomeCommuteMedian":5362},"geometry":{"type":"Polygon","coordinates":[[[127.08255922182349,37.389504850921455],[127.08255922182349,37.3984980545587],[127.09155242546073,37.3984980545587],[127.09155242546073,37.389504850921455],[127.08255922182349,37.389504850921455]]]}},{"type":"Feature","properties":{"jobs":1755,"pop":122,"pointCount":1,"homeWorkCommuteMedian":7027,"workHomeCommuteMedian":7027},"geometry":{"type":"Polygon","coordinates":[[[127.09155242546073,37.12870194544132],[127.09155242546073,37.13769514907857],[127.10054562909798,37.13769514907857],[127.10054562909798,37.12870194544132],[127.09155242546073,37.12870194544132]]]}},{"type":"Feature","properties":{"jobs":5335,"pop":2288,"pointCount":1,"homeWorkCommuteMedian":6024,"workHomeCommuteMedian":6015},"geometry":{"type":"Polygon","coordinates":[[[127.09155242546073,37.13769514907857],[127.09155242546073,37.14668835271581],[127.10054562909798,37.14668835271581],[127.10054562909798,37.13769514907857],[127.09155242546073,37.13769514907857]]]}},{"type":"Feature","properties":{"jobs":13211,"pop":4947,"pointCount":2,"homeWorkCommuteMedian":7809,"workHomeCommuteMedian":7531},"geometry":{"type":"Polygon","coordinates":[[[127.09155242546073,37.15568155635306],[127.09155242546073,37.164674759990305],[127.10054562909798,37.164674759990305],[127.10054562909798,37.15568155635306],[127.09155242546073,37.15568155635306]]]}},{"type":"Feature","properties":{"jobs":1754,"pop":47,"pointCount":1,"homeWorkCommuteMedian":10224,"workHomeCommuteMedian":14075},"geometry":{"type":"Polygon","coordinates":[[[127.09155242546073,37.164674759990305],[127.09155242546073,37.17366796362755],[127.10054562909798,37.17366796362755],[127.10054562909798,37.164674759990305],[127.09155242546073,37.164674759990305]]]}},{"type":"Feature","properties":{"jobs":6229,"pop":499,"pointCount":2,"homeWorkCommuteMedian":5042,"workHomeCommuteMedian":5042},"geometry":{"type":"Polygon","coordinates":[[[127.09155242546073,37.1826611672648],[127.09155242546073,37.19165437090204],[127.10054562909798,37.19165437090204],[127.10054562909798,37.1826611672648],[127.09155242546073,37.1826611672648]]]}},{"type":"Feature","properties":{"jobs":18791,"pop":1098,"pointCount":4,"homeWorkCommuteMedian":6648,"workHomeCommuteMedian":15945},"geometry":{"type":"Polygon","coordinates":[[[127.09155242546073,37.19165437090204],[127.09155242546073,37.20064757453929],[127.10054562909798,37.20064757453929],[127.10054562909798,37.19165437090204],[127.09155242546073,37.19165437090204]]]}},{"type":"Feature","properties":{"jobs":9175,"pop":958,"pointCount":3,"homeWorkCommuteMedian":5042,"workHomeCommuteMedian":4953},"geometry":{"type":"Polygon","coordinates":[[[127.09155242546073,37.20064757453929],[127.09155242546073,37.209640778176535],[127.10054562909798,37.209640778176535],[127.10054562909798,37.20064757453929],[127.09155242546073,37.20064757453929]]]}},{"type":"Feature","properties":{"jobs":3705,"pop":573,"pointCount":1,"homeWorkCommuteMedian":7884,"workHomeCommuteMedian":14175},"geometry":{"type":"Polygon","coordinates":[[[127.09155242546073,37.254606796362765],[127.09155242546073,37.26360000000001],[127.10054562909798,37.26360000000001],[127.10054562909798,37.254606796362765],[127.09155242546073,37.254606796362765]]]}},{"type":"Feature","properties":{"jobs":19436,"pop":7968,"pointCount":2,"homeWorkCommuteMedian":6301,"workHomeCommuteMedian":6249},"geometry":{"type":"Polygon","coordinates":[[[127.09155242546073,37.26360000000001],[127.09155242546073,37.27259320363726],[127.10054562909798,37.27259320363726],[127.10054562909798,37.26360000000001],[127.09155242546073,37.26360000000001]]]}},{"type":"Feature","properties":{"jobs":3562,"pop":524,"pointCount":1,"homeWorkCommuteMedian":8289,"workHomeCommuteMedian":6651},"geometry":{"type":"Polygon","coordinates":[[[127.09155242546073,37.27259320363726],[127.09155242546073,37.2815864072745],[127.10054562909798,37.2815864072745],[127.10054562909798,37.27259320363726],[127.09155242546073,37.27259320363726]]]}},{"type":"Feature","properties":{"jobs":3445,"pop":383,"pointCount":2,"homeWorkCommuteMedian":5933,"workHomeCommuteMedian":6338},"geometry":{"type":"Polygon","coordinates":[[[127.09155242546073,37.299572814548995],[127.09155242546073,37.30856601818624],[127.10054562909798,37.30856601818624],[127.10054562909798,37.299572814548995],[127.09155242546073,37.299572814548995]]]}},{"type":"Feature","properties":{"jobs":7925,"pop":2721,"pointCount":3,"homeWorkCommuteMedian":3760,"workHomeCommuteMedian":3646},"geometry":{"type":"Polygon","coordinates":[[[127.09155242546073,37.30856601818624],[127.09155242546073,37.31755922182349],[127.10054562909798,37.31755922182349],[127.10054562909798,37.30856601818624],[127.09155242546073,37.30856601818624]]]}},{"type":"Feature","properties":{"jobs":9850,"pop":2387,"pointCount":4,"homeWorkCommuteMedian":3724,"workHomeCommuteMedian":3704},"geometry":{"type":"Polygon","coordinates":[[[127.09155242546073,37.31755922182349],[127.09155242546073,37.32655242546073],[127.10054562909798,37.32655242546073],[127.10054562909798,37.31755922182349],[127.09155242546073,37.31755922182349]]]}},{"type":"Feature","properties":{"jobs":8844,"pop":3008,"pointCount":3,"homeWorkCommuteMedian":4073,"workHomeCommuteMedian":3819},"geometry":{"type":"Polygon","coordinates":[[[127.09155242546073,37.32655242546073],[127.09155242546073,37.33554562909798],[127.10054562909798,37.33554562909798],[127.10054562909798,37.32655242546073],[127.09155242546073,37.32655242546073]]]}},{"type":"Feature","properties":{"jobs":14711,"pop":4641,"pointCount":4,"homeWorkCommuteMedian":5042,"workHomeCommuteMedian":5090},"geometry":{"type":"Polygon","coordinates":[[[127.09155242546073,37.33554562909798],[127.09155242546073,37.344538832735225],[127.10054562909798,37.344538832735225],[127.10054562909798,37.33554562909798],[127.09155242546073,37.33554562909798]]]}},{"type":"Feature","properties":{"jobs":6017,"pop":677,"pointCount":3,"homeWorkCommuteMedian":6706,"workHomeCommuteMedian":6741},"geometry":{"type":"Polygon","coordinates":[[[127.09155242546073,37.35353203637247],[127.09155242546073,37.36252524000972],[127.10054562909798,37.36252524000972],[127.10054562909798,37.35353203637247],[127.09155242546073,37.35353203637247]]]}},{"type":"Feature","properties":{"jobs":11279,"pop":5219,"pointCount":3,"homeWorkCommuteMedian":5325,"workHomeCommuteMedian":5061},"geometry":{"type":"Polygon","coordinates":[[[127.09155242546073,37.36252524000972],[127.09155242546073,37.37151844364696],[127.10054562909798,37.37151844364696],[127.10054562909798,37.36252524000972],[127.09155242546073,37.36252524000972]]]}},{"type":"Feature","properties":{"jobs":13495,"pop":5669,"pointCount":3,"homeWorkCommuteMedian":5325,"workHomeCommuteMedian":5614},"geometry":{"type":"Polygon","coordinates":[[[127.09155242546073,37.38051164728421],[127.09155242546073,37.389504850921455],[127.10054562909798,37.389504850921455],[127.10054562909798,37.38051164728421],[127.09155242546073,37.38051164728421]]]}},{"type":"Feature","properties":{"jobs":7676,"pop":1499,"pointCount":4,"homeWorkCommuteMedian":4886,"workHomeCommuteMedian":4906},"geometry":{"type":"Polygon","coordinates":[[[127.09155242546073,37.389504850921455],[127.09155242546073,37.3984980545587],[127.10054562909798,37.3984980545587],[127.10054562909798,37.389504850921455],[127.09155242546073,37.389504850921455]]]}},{"type":"Feature","properties":{"jobs":1497,"pop":33,"pointCount":1,"homeWorkCommuteMedian":6600,"workHomeCommuteMedian":5731},"geometry":{"type":"Polygon","coordinates":[[[127.09155242546073,37.3984980545587],[127.09155242546073,37.40749125819595],[127.10054562909798,37.40749125819595],[127.10054562909798,37.3984980545587],[127.09155242546073,37.3984980545587]]]}},{"type":"Feature","properties":{"jobs":1432,"pop":227,"pointCount":2,"homeWorkCommuteMedian":23872,"workHomeCommuteMedian":8420},"geometry":{"type":"Polygon","coordinates":[[[127.09155242546073,37.40749125819595],[127.09155242546073,37.41648446183319],[127.10054562909798,37.41648446183319],[127.10054562909798,37.40749125819595],[127.09155242546073,37.40749125819595]]]}},{"type":"Feature","properties":{"jobs":6366,"pop":1710,"pointCount":2,"homeWorkCommuteMedian":7027,"workHomeCommuteMedian":-1},"geometry":{"type":"Polygon","coordinates":[[[127.09155242546073,37.42547766547044],[127.09155242546073,37.434470869107685],[127.10054562909798,37.434470869107685],[127.10054562909798,37.42547766547044],[127.09155242546073,37.42547766547044]]]}},{"type":"Feature","properties":{"jobs":28000,"pop":9346,"pointCount":4,"homeWorkCommuteMedian":10923,"workHomeCommuteMedian":10885},"geometry":{"type":"Polygon","coordinates":[[[127.10054562909798,37.15568155635306],[127.10054562909798,37.164674759990305],[127.10953883273523,37.164674759990305],[127.10953883273523,37.15568155635306],[127.10054562909798,37.15568155635306]]]}},{"type":"Feature","properties":{"jobs":24144,"pop":7784,"pointCount":4,"homeWorkCommuteMedian":9714,"workHomeCommuteMedian":9579},"geometry":{"type":"Polygon","coordinates":[[[127.10054562909798,37.164674759990305],[127.10054562909798,37.17366796362755],[127.10953883273523,37.17366796362755],[127.10953883273523,37.164674759990305],[127.10054562909798,37.164674759990305]]]}},{"type":"Feature","properties":{"jobs":19899,"pop":4967,"pointCount":4,"homeWorkCommuteMedian":9814,"workHomeCommuteMedian":9030},"geometry":{"type":"Polygon","coordinates":[[[127.10054562909798,37.17366796362755],[127.10054562909798,37.1826611672648],[127.10953883273523,37.1826611672648],[127.10953883273523,37.17366796362755],[127.10054562909798,37.17366796362755]]]}},{"type":"Feature","properties":{"jobs":1264,"pop":200,"pointCount":1,"homeWorkCommuteMedian":40511,"workHomeCommuteMedian":-1},"geometry":{"type":"Polygon","coordinates":[[[127.10054562909798,37.1826611672648],[127.10054562909798,37.19165437090204],[127.10953883273523,37.19165437090204],[127.10953883273523,37.1826611672648],[127.10054562909798,37.1826611672648]]]}},{"type":"Feature","properties":{"jobs":5372,"pop":303,"pointCount":2,"homeWorkCommuteMedian":7933,"workHomeCommuteMedian":8413},"geometry":{"type":"Polygon","coordinates":[[[127.10054562909798,37.19165437090204],[127.10054562909798,37.20064757453929],[127.10953883273523,37.20064757453929],[127.10953883273523,37.19165437090204],[127.10054562909798,37.19165437090204]]]}},{"type":"Feature","properties":{"jobs":10993,"pop":1004,"pointCount":4,"homeWorkCommuteMedian":6837,"workHomeCommuteMedian":6293},"geometry":{"type":"Polygon","coordinates":[[[127.10054562909798,37.20064757453929],[127.10054562909798,37.209640778176535],[127.10953883273523,37.209640778176535],[127.10953883273523,37.20064757453929],[127.10054562909798,37.20064757453929]]]}},{"type":"Feature","properties":{"jobs":4978,"pop":366,"pointCount":2,"homeWorkCommuteMedian":8113,"workHomeCommuteMedian":7802},"geometry":{"type":"Polygon","coordinates":[[[127.10054562909798,37.209640778176535],[127.10054562909798,37.21863398181378],[127.10953883273523,37.21863398181378],[127.10953883273523,37.209640778176535],[127.10054562909798,37.209640778176535]]]}},{"type":"Feature","properties":{"jobs":2405,"pop":199,"pointCount":1,"homeWorkCommuteMedian":10012,"workHomeCommuteMedian":10012},"geometry":{"type":"Polygon","coordinates":[[[127.10054562909798,37.22762718545103],[127.10054562909798,37.23662038908827],[127.10953883273523,37.23662038908827],[127.10953883273523,37.22762718545103],[127.10054562909798,37.22762718545103]]]}},{"type":"Feature","properties":{"jobs":10094,"pop":2920,"pointCount":2,"homeWorkCommuteMedian":8185,"workHomeCommuteMedian":8420},"geometry":{"type":"Polygon","coordinates":[[[127.10054562909798,37.23662038908827],[127.10054562909798,37.24561359272552],[127.10953883273523,37.24561359272552],[127.10953883273523,37.23662038908827],[127.10054562909798,37.23662038908827]]]}},{"type":"Feature","properties":{"jobs":4586,"pop":1055,"pointCount":1,"homeWorkCommuteMedian":7027,"workHomeCommuteMedian":7531},"geometry":{"type":"Polygon","coordinates":[[[127.10054562909798,37.24561359272552],[127.10054562909798,37.254606796362765],[127.10953883273523,37.254606796362765],[127.10953883273523,37.24561359272552],[127.10054562909798,37.24561359272552]]]}},{"type":"Feature","properties":{"jobs":1952,"pop":41,"pointCount":1,"homeWorkCommuteMedian":7900,"workHomeCommuteMedian":8672},"geometry":{"type":"Polygon","coordinates":[[[127.10054562909798,37.254606796362765],[127.10054562909798,37.26360000000001],[127.10953883273523,37.26360000000001],[127.10953883273523,37.254606796362765],[127.10054562909798,37.254606796362765]]]}},{"type":"Feature","properties":{"jobs":19796,"pop":5289,"pointCount":4,"homeWorkCommuteMedian":5637,"workHomeCommuteMedian":5576},"geometry":{"type":"Polygon","coordinates":[[[127.10054562909798,37.27259320363726],[127.10054562909798,37.2815864072745],[127.10953883273523,37.2815864072745],[127.10953883273523,37.27259320363726],[127.10054562909798,37.27259320363726]]]}},{"type":"Feature","properties":{"jobs":13875,"pop":3791,"pointCount":3,"homeWorkCommuteMedian":5868,"workHomeCommuteMedian":5637},"geometry":{"type":"Polygon","coordinates":[[[127.10054562909798,37.2815864072745],[127.10054562909798,37.29057961091175],[127.10953883273523,37.29057961091175],[127.10953883273523,37.2815864072745],[127.10054562909798,37.2815864072745]]]}},{"type":"Feature","properties":{"jobs":8378,"pop":1913,"pointCount":2,"homeWorkCommuteMedian":6293,"workHomeCommuteMedian":6453},"geometry":{"type":"Polygon","coordinates":[[[127.10054562909798,37.29057961091175],[127.10054562909798,37.299572814548995],[127.10953883273523,37.299572814548995],[127.10953883273523,37.29057961091175],[127.10054562909798,37.29057961091175]]]}},{"type":"Feature","properties":{"jobs":12877,"pop":3287,"pointCount":3,"homeWorkCommuteMedian":6597,"workHomeCommuteMedian":6597},"geometry":{"type":"Polygon","coordinates":[[[127.10054562909798,37.299572814548995],[127.10054562909798,37.30856601818624],[127.10953883273523,37.30856601818624],[127.10953883273523,37.299572814548995],[127.10054562909798,37.299572814548995]]]}},{"type":"Feature","properties":{"jobs":6404,"pop":1767,"pointCount":2,"homeWorkCommuteMedian":7641,"workHomeCommuteMedian":7300},"geometry":{"type":"Polygon","coordinates":[[[127.10054562909798,37.30856601818624],[127.10054562909798,37.31755922182349],[127.10953883273523,37.31755922182349],[127.10953883273523,37.30856601818624],[127.10054562909798,37.30856601818624]]]}},{"type":"Feature","properties":{"jobs":2942,"pop":330,"pointCount":1,"homeWorkCommuteMedian":8177,"workHomeCommuteMedian":8377},"geometry":{"type":"Polygon","coordinates":[[[127.10054562909798,37.31755922182349],[127.10054562909798,37.32655242546073],[127.10953883273523,37.32655242546073],[127.10953883273523,37.31755922182349],[127.10054562909798,37.31755922182349]]]}},{"type":"Feature","properties":{"jobs":6307,"pop":1407,"pointCount":3,"homeWorkCommuteMedian":4887,"workHomeCommuteMedian":4553},"geometry":{"type":"Polygon","coordinates":[[[127.10054562909798,37.32655242546073],[127.10054562909798,37.33554562909798],[127.10953883273523,37.33554562909798],[127.10953883273523,37.32655242546073],[127.10054562909798,37.32655242546073]]]}},{"type":"Feature","properties":{"jobs":2223,"pop":89,"pointCount":2,"homeWorkCommuteMedian":6993,"workHomeCommuteMedian":7032},"geometry":{"type":"Polygon","coordinates":[[[127.10054562909798,37.33554562909798],[127.10054562909798,37.344538832735225],[127.10953883273523,37.344538832735225],[127.10953883273523,37.33554562909798],[127.10054562909798,37.33554562909798]]]}},{"type":"Feature","properties":{"jobs":18759,"pop":7170,"pointCount":3,"homeWorkCommuteMedian":6281,"workHomeCommuteMedian":6422},"geometry":{"type":"Polygon","coordinates":[[[127.10054562909798,37.344538832735225],[127.10054562909798,37.35353203637247],[127.10953883273523,37.35353203637247],[127.10953883273523,37.344538832735225],[127.10054562909798,37.344538832735225]]]}},{"type":"Feature","properties":{"jobs":36619,"pop":18399,"pointCount":4,"homeWorkCommuteMedian":6597,"workHomeCommuteMedian":6383},"geometry":{"type":"Polygon","coordinates":[[[127.10054562909798,37.35353203637247],[127.10054562909798,37.36252524000972],[127.10953883273523,37.36252524000972],[127.10953883273523,37.35353203637247],[127.10054562909798,37.35353203637247]]]}},{"type":"Feature","properties":{"jobs":23849,"pop":10786,"pointCount":4,"homeWorkCommuteMedian":7377,"workHomeCommuteMedian":5766},"geometry":{"type":"Polygon","coordinates":[[[127.10054562909798,37.36252524000972],[127.10054562909798,37.37151844364696],[127.10953883273523,37.37151844364696],[127.10953883273523,37.36252524000972],[127.10054562909798,37.36252524000972]]]}},{"type":"Feature","properties":{"jobs":18317,"pop":9363,"pointCount":2,"homeWorkCommuteMedian":5451,"workHomeCommuteMedian":4955},"geometry":{"type":"Polygon","coordinates":[[[127.10054562909798,37.37151844364696],[127.10054562909798,37.38051164728421],[127.10953883273523,37.38051164728421],[127.10953883273523,37.37151844364696],[127.10054562909798,37.37151844364696]]]}},{"type":"Feature","properties":{"jobs":9456,"pop":4163,"pointCount":2,"homeWorkCommuteMedian":4896,"workHomeCommuteMedian":4967},"geometry":{"type":"Polygon","coordinates":[[[127.10054562909798,37.38051164728421],[127.10054562909798,37.389504850921455],[127.10953883273523,37.389504850921455],[127.10953883273523,37.38051164728421],[127.10054562909798,37.38051164728421]]]}},{"type":"Feature","properties":{"jobs":7296,"pop":2321,"pointCount":2,"homeWorkCommuteMedian":4730,"workHomeCommuteMedian":4618},"geometry":{"type":"Polygon","coordinates":[[[127.10054562909798,37.389504850921455],[127.10054562909798,37.3984980545587],[127.10953883273523,37.3984980545587],[127.10953883273523,37.389504850921455],[127.10054562909798,37.389504850921455]]]}},{"type":"Feature","properties":{"jobs":884,"pop":379,"pointCount":1,"homeWorkCommuteMedian":3352,"workHomeCommuteMedian":-1},"geometry":{"type":"Polygon","coordinates":[[[127.10054562909798,37.3984980545587],[127.10054562909798,37.40749125819595],[127.10953883273523,37.40749125819595],[127.10953883273523,37.3984980545587],[127.10054562909798,37.3984980545587]]]}},{"type":"Feature","properties":{"jobs":14969,"pop":3409,"pointCount":3,"homeWorkCommuteMedian":11543,"workHomeCommuteMedian":11867},"geometry":{"type":"Polygon","coordinates":[[[127.10953883273523,37.15568155635306],[127.10953883273523,37.164674759990305],[127.11853203637247,37.164674759990305],[127.11853203637247,37.15568155635306],[127.10953883273523,37.15568155635306]]]}},{"type":"Feature","properties":{"jobs":14554,"pop":4601,"pointCount":3,"homeWorkCommuteMedian":11114,"workHomeCommuteMedian":10630},"geometry":{"type":"Polygon","coordinates":[[[127.10953883273523,37.164674759990305],[127.10953883273523,37.17366796362755],[127.11853203637247,37.17366796362755],[127.11853203637247,37.164674759990305],[127.10953883273523,37.164674759990305]]]}},{"type":"Feature","properties":{"jobs":12757,"pop":1816,"pointCount":4,"homeWorkCommuteMedian":9713,"workHomeCommuteMedian":9193},"geometry":{"type":"Polygon","coordinates":[[[127.10953883273523,37.17366796362755],[127.10953883273523,37.1826611672648],[127.11853203637247,37.1826611672648],[127.11853203637247,37.17366796362755],[127.10953883273523,37.17366796362755]]]}},{"type":"Feature","properties":{"jobs":18436,"pop":3588,"pointCount":4,"homeWorkCommuteMedian":7642,"workHomeCommuteMedian":7626},"geometry":{"type":"Polygon","coordinates":[[[127.10953883273523,37.19165437090204],[127.10953883273523,37.20064757453929],[127.11853203637247,37.20064757453929],[127.11853203637247,37.19165437090204],[127.10953883273523,37.19165437090204]]]}},{"type":"Feature","properties":{"jobs":30764,"pop":13881,"pointCount":4,"homeWorkCommuteMedian":9625,"workHomeCommuteMedian":8939},"geometry":{"type":"Polygon","coordinates":[[[127.10953883273523,37.20064757453929],[127.10953883273523,37.209640778176535],[127.11853203637247,37.209640778176535],[127.11853203637247,37.20064757453929],[127.10953883273523,37.20064757453929]]]}},{"type":"Feature","properties":{"jobs":33621,"pop":16000,"pointCount":3,"homeWorkCommuteMedian":8521,"workHomeCommuteMedian":8853},"geometry":{"type":"Polygon","coordinates":[[[127.10953883273523,37.209640778176535],[127.10953883273523,37.21863398181378],[127.11853203637247,37.21863398181378],[127.11853203637247,37.209640778176535],[127.10953883273523,37.209640778176535]]]}},{"type":"Feature","properties":{"jobs":2970,"pop":479,"pointCount":2,"homeWorkCommuteMedian":11383,"workHomeCommuteMedian":11275},"geometry":{"type":"Polygon","coordinates":[[[127.10953883273523,37.22762718545103],[127.10953883273523,37.23662038908827],[127.11853203637247,37.23662038908827],[127.11853203637247,37.22762718545103],[127.10953883273523,37.22762718545103]]]}},{"type":"Feature","properties":{"jobs":16487,"pop":3845,"pointCount":4,"homeWorkCommuteMedian":8155,"workHomeCommuteMedian":8822},"geometry":{"type":"Polygon","coordinates":[[[127.10953883273523,37.24561359272552],[127.10953883273523,37.254606796362765],[127.11853203637247,37.254606796362765],[127.11853203637247,37.24561359272552],[127.10953883273523,37.24561359272552]]]}},{"type":"Feature","properties":{"jobs":11908,"pop":5486,"pointCount":2,"homeWorkCommuteMedian":6256,"workHomeCommuteMedian":6234},"geometry":{"type":"Polygon","coordinates":[[[127.10953883273523,37.26360000000001],[127.10953883273523,37.27259320363726],[127.11853203637247,37.27259320363726],[127.11853203637247,37.26360000000001],[127.10953883273523,37.26360000000001]]]}},{"type":"Feature","properties":{"jobs":13221,"pop":4535,"pointCount":3,"homeWorkCommuteMedian":5093,"workHomeCommuteMedian":5090},"geometry":{"type":"Polygon","coordinates":[[[127.10953883273523,37.27259320363726],[127.10953883273523,37.2815864072745],[127.11853203637247,37.2815864072745],[127.11853203637247,37.27259320363726],[127.10953883273523,37.27259320363726]]]}},{"type":"Feature","properties":{"jobs":13401,"pop":3045,"pointCount":3,"homeWorkCommuteMedian":5299,"workHomeCommuteMedian":5333},"geometry":{"type":"Polygon","coordinates":[[[127.10953883273523,37.2815864072745],[127.10953883273523,37.29057961091175],[127.11853203637247,37.29057961091175],[127.11853203637247,37.2815864072745],[127.10953883273523,37.2815864072745]]]}},{"type":"Feature","properties":{"jobs":23370,"pop":6500,"pointCount":4,"homeWorkCommuteMedian":6668,"workHomeCommuteMedian":6560},"geometry":{"type":"Polygon","coordinates":[[[127.10953883273523,37.29057961091175],[127.10953883273523,37.299572814548995],[127.11853203637247,37.299572814548995],[127.11853203637247,37.29057961091175],[127.10953883273523,37.29057961091175]]]}},{"type":"Feature","properties":{"jobs":7060,"pop":1211,"pointCount":2,"homeWorkCommuteMedian":7248,"workHomeCommuteMedian":7396},"geometry":{"type":"Polygon","coordinates":[[[127.10953883273523,37.299572814548995],[127.10953883273523,37.30856601818624],[127.11853203637247,37.30856601818624],[127.11853203637247,37.299572814548995],[127.10953883273523,37.299572814548995]]]}},{"type":"Feature","properties":{"jobs":11505,"pop":2957,"pointCount":3,"homeWorkCommuteMedian":7911,"workHomeCommuteMedian":7706},"geometry":{"type":"Polygon","coordinates":[[[127.10953883273523,37.30856601818624],[127.10953883273523,37.31755922182349],[127.11853203637247,37.31755922182349],[127.11853203637247,37.30856601818624],[127.10953883273523,37.30856601818624]]]}},{"type":"Feature","properties":{"jobs":19013,"pop":6528,"pointCount":4,"homeWorkCommuteMedian":6332,"workHomeCommuteMedian":5910},"geometry":{"type":"Polygon","coordinates":[[[127.10953883273523,37.31755922182349],[127.10953883273523,37.32655242546073],[127.11853203637247,37.32655242546073],[127.11853203637247,37.31755922182349],[127.10953883273523,37.31755922182349]]]}},{"type":"Feature","properties":{"jobs":11182,"pop":2470,"pointCount":4,"homeWorkCommuteMedian":5709,"workHomeCommuteMedian":5568},"geometry":{"type":"Polygon","coordinates":[[[127.10953883273523,37.32655242546073],[127.10953883273523,37.33554562909798],[127.11853203637247,37.33554562909798],[127.11853203637247,37.32655242546073],[127.10953883273523,37.32655242546073]]]}},{"type":"Feature","properties":{"jobs":13640,"pop":3984,"pointCount":4,"homeWorkCommuteMedian":7152,"workHomeCommuteMedian":7345},"geometry":{"type":"Polygon","coordinates":[[[127.10953883273523,37.33554562909798],[127.10953883273523,37.344538832735225],[127.11853203637247,37.344538832735225],[127.11853203637247,37.33554562909798],[127.10953883273523,37.33554562909798]]]}},{"type":"Feature","properties":{"jobs":25707,"pop":11306,"pointCount":4,"homeWorkCommuteMedian":6354,"workHomeCommuteMedian":6484},"geometry":{"type":"Polygon","coordinates":[[[127.10953883273523,37.344538832735225],[127.10953883273523,37.35353203637247],[127.11853203637247,37.35353203637247],[127.11853203637247,37.344538832735225],[127.10953883273523,37.344538832735225]]]}},{"type":"Feature","properties":{"jobs":13872,"pop":6962,"pointCount":2,"homeWorkCommuteMedian":5639,"workHomeCommuteMedian":5465},"geometry":{"type":"Polygon","coordinates":[[[127.10953883273523,37.35353203637247],[127.10953883273523,37.36252524000972],[127.11853203637247,37.36252524000972],[127.11853203637247,37.35353203637247],[127.10953883273523,37.35353203637247]]]}},{"type":"Feature","properties":{"jobs":18655,"pop":6157,"pointCount":4,"homeWorkCommuteMedian":4906,"workHomeCommuteMedian":4895},"geometry":{"type":"Polygon","coordinates":[[[127.10953883273523,37.36252524000972],[127.10953883273523,37.37151844364696],[127.11853203637247,37.37151844364696],[127.11853203637247,37.36252524000972],[127.10953883273523,37.36252524000972]]]}},{"type":"Feature","properties":{"jobs":33874,"pop":15794,"pointCount":4,"homeWorkCommuteMedian":4566,"workHomeCommuteMedian":4422},"geometry":{"type":"Polygon","coordinates":[[[127.10953883273523,37.37151844364696],[127.10953883273523,37.38051164728421],[127.11853203637247,37.38051164728421],[127.11853203637247,37.37151844364696],[127.10953883273523,37.37151844364696]]]}},{"type":"Feature","properties":{"jobs":9828,"pop":2887,"pointCount":3,"homeWorkCommuteMedian":4674,"workHomeCommuteMedian":4830},"geometry":{"type":"Polygon","coordinates":[[[127.10953883273523,37.38051164728421],[127.10953883273523,37.389504850921455],[127.11853203637247,37.389504850921455],[127.11853203637247,37.38051164728421],[127.10953883273523,37.38051164728421]]]}},{"type":"Feature","properties":{"jobs":33935,"pop":16536,"pointCount":5,"homeWorkCommuteMedian":4691,"workHomeCommuteMedian":4785},"geometry":{"type":"Polygon","coordinates":[[[127.10953883273523,37.389504850921455],[127.10953883273523,37.3984980545587],[127.11853203637247,37.3984980545587],[127.11853203637247,37.389504850921455],[127.10953883273523,37.389504850921455]]]}},{"type":"Feature","properties":{"jobs":28221,"pop":13549,"pointCount":4,"homeWorkCommuteMedian":5481,"workHomeCommuteMedian":5325},"geometry":{"type":"Polygon","coordinates":[[[127.10953883273523,37.3984980545587],[127.10953883273523,37.40749125819595],[127.11853203637247,37.40749125819595],[127.11853203637247,37.3984980545587],[127.10953883273523,37.3984980545587]]]}},{"type":"Feature","properties":{"jobs":1395,"pop":223,"pointCount":2,"homeWorkCommuteMedian":31245,"workHomeCommuteMedian":10370},"geometry":{"type":"Polygon","coordinates":[[[127.10953883273523,37.40749125819595],[127.10953883273523,37.41648446183319],[127.11853203637247,37.41648446183319],[127.11853203637247,37.40749125819595],[127.10953883273523,37.40749125819595]]]}},{"type":"Feature","properties":{"jobs":9411,"pop":1232,"pointCount":3,"homeWorkCommuteMedian":12369,"workHomeCommuteMedian":12571},"geometry":{"type":"Polygon","coordinates":[[[127.11853203637247,37.15568155635306],[127.11853203637247,37.164674759990305],[127.12752524000972,37.164674759990305],[127.12752524000972,37.15568155635306],[127.11853203637247,37.15568155635306]]]}},{"type":"Feature","properties":{"jobs":7696,"pop":659,"pointCount":3,"homeWorkCommuteMedian":11237,"workHomeCommuteMedian":12493},"geometry":{"type":"Polygon","coordinates":[[[127.11853203637247,37.164674759990305],[127.11853203637247,37.17366796362755],[127.12752524000972,37.17366796362755],[127.12752524000972,37.164674759990305],[127.11853203637247,37.164674759990305]]]}},{"type":"Feature","properties":{"jobs":11786,"pop":3148,"pointCount":2,"homeWorkCommuteMedian":12687,"workHomeCommuteMedian":12632},"geometry":{"type":"Polygon","coordinates":[[[127.11853203637247,37.17366796362755],[127.11853203637247,37.1826611672648],[127.12752524000972,37.1826611672648],[127.12752524000972,37.17366796362755],[127.11853203637247,37.17366796362755]]]}},{"type":"Feature","properties":{"jobs":43519,"pop":21835,"pointCount":4,"homeWorkCommuteMedian":11153,"workHomeCommuteMedian":10684},"geometry":{"type":"Polygon","coordinates":[[[127.11853203637247,37.1826611672648],[127.11853203637247,37.19165437090204],[127.12752524000972,37.19165437090204],[127.12752524000972,37.1826611672648],[127.11853203637247,37.1826611672648]]]}},{"type":"Feature","properties":{"jobs":3538,"pop":124,"pointCount":2,"homeWorkCommuteMedian":2461,"workHomeCommuteMedian":1974},"geometry":{"type":"Polygon","coordinates":[[[127.11853203637247,37.19165437090204],[127.11853203637247,37.20064757453929],[127.12752524000972,37.20064757453929],[127.12752524000972,37.19165437090204],[127.11853203637247,37.19165437090204]]]}},{"type":"Feature","properties":{"jobs":11659,"pop":1805,"pointCount":3,"homeWorkCommuteMedian":8420,"workHomeCommuteMedian":8705},"geometry":{"type":"Polygon","coordinates":[[[127.11853203637247,37.20064757453929],[127.11853203637247,37.209640778176535],[127.12752524000972,37.209640778176535],[127.12752524000972,37.20064757453929],[127.11853203637247,37.20064757453929]]]}},{"type":"Feature","properties":{"jobs":4418,"pop":956,"pointCount":1,"homeWorkCommuteMedian":12031,"workHomeCommuteMedian":10012},"geometry":{"type":"Polygon","coordinates":[[[127.11853203637247,37.209640778176535],[127.11853203637247,37.21863398181378],[127.12752524000972,37.21863398181378],[127.12752524000972,37.209640778176535],[127.11853203637247,37.209640778176535]]]}},{"type":"Feature","properties":{"jobs":12720,"pop":4625,"pointCount":2,"homeWorkCommuteMedian":8825,"workHomeCommuteMedian":8811},"geometry":{"type":"Polygon","coordinates":[[[127.11853203637247,37.23662038908827],[127.11853203637247,37.24561359272552],[127.12752524000972,37.24561359272552],[127.12752524000972,37.23662038908827],[127.11853203637247,37.23662038908827]]]}},{"type":"Feature","properties":{"jobs":14705,"pop":6052,"pointCount":2,"homeWorkCommuteMedian":7027,"workHomeCommuteMedian":7724},"geometry":{"type":"Polygon","coordinates":[[[127.11853203637247,37.24561359272552],[127.11853203637247,37.254606796362765],[127.12752524000972,37.254606796362765],[127.12752524000972,37.24561359272552],[127.11853203637247,37.24561359272552]]]}},{"type":"Feature","properties":{"jobs":7680,"pop":1350,"pointCount":2,"homeWorkCommuteMedian":6399,"workHomeCommuteMedian":5686},"geometry":{"type":"Polygon","coordinates":[[[127.11853203637247,37.26360000000001],[127.11853203637247,37.27259320363726],[127.12752524000972,37.27259320363726],[127.12752524000972,37.26360000000001],[127.11853203637247,37.26360000000001]]]}},{"type":"Feature","properties":{"jobs":3373,"pop":525,"pointCount":2,"homeWorkCommuteMedian":4640,"workHomeCommuteMedian":5378},"geometry":{"type":"Polygon","coordinates":[[[127.11853203637247,37.27259320363726],[127.11853203637247,37.2815864072745],[127.12752524000972,37.2815864072745],[127.12752524000972,37.27259320363726],[127.11853203637247,37.27259320363726]]]}},{"type":"Feature","properties":{"jobs":3161,"pop":299,"pointCount":1,"homeWorkCommuteMedian":6111,"workHomeCommuteMedian":5487},"geometry":{"type":"Polygon","coordinates":[[[127.11853203637247,37.2815864072745],[127.11853203637247,37.29057961091175],[127.12752524000972,37.29057961091175],[127.12752524000972,37.2815864072745],[127.11853203637247,37.2815864072745]]]}},{"type":"Feature","properties":{"jobs":24118,"pop":8180,"pointCount":4,"homeWorkCommuteMedian":5842,"workHomeCommuteMedian":6447},"geometry":{"type":"Polygon","coordinates":[[[127.11853203637247,37.29057961091175],[127.11853203637247,37.299572814548995],[127.12752524000972,37.299572814548995],[127.12752524000972,37.29057961091175],[127.11853203637247,37.29057961091175]]]}},{"type":"Feature","properties":{"jobs":16386,"pop":4665,"pointCount":3,"homeWorkCommuteMedian":6367,"workHomeCommuteMedian":6922},"geometry":{"type":"Polygon","coordinates":[[[127.11853203637247,37.299572814548995],[127.11853203637247,37.30856601818624],[127.12752524000972,37.30856601818624],[127.12752524000972,37.299572814548995],[127.11853203637247,37.299572814548995]]]}},{"type":"Feature","properties":{"jobs":6758,"pop":2503,"pointCount":3,"homeWorkCommuteMedian":6571,"workHomeCommuteMedian":6364},"geometry":{"type":"Polygon","coordinates":[[[127.11853203637247,37.31755922182349],[127.11853203637247,37.32655242546073],[127.12752524000972,37.32655242546073],[127.12752524000972,37.31755922182349],[127.11853203637247,37.31755922182349]]]}},{"type":"Feature","properties":{"jobs":28481,"pop":11771,"pointCount":4,"homeWorkCommuteMedian":6291,"workHomeCommuteMedian":6335},"geometry":{"type":"Polygon","coordinates":[[[127.11853203637247,37.32655242546073],[127.11853203637247,37.33554562909798],[127.12752524000972,37.33554562909798],[127.12752524000972,37.32655242546073],[127.11853203637247,37.32655242546073]]]}},{"type":"Feature","properties":{"jobs":5751,"pop":1525,"pointCount":3,"homeWorkCommuteMedian":7831,"workHomeCommuteMedian":7472},"geometry":{"type":"Polygon","coordinates":[[[127.11853203637247,37.33554562909798],[127.11853203637247,37.344538832735225],[127.12752524000972,37.344538832735225],[127.12752524000972,37.33554562909798],[127.11853203637247,37.33554562909798]]]}},{"type":"Feature","properties":{"jobs":1079,"pop":0,"pointCount":1,"homeWorkCommuteMedian":-1,"workHomeCommuteMedian":21838},"geometry":{"type":"Polygon","coordinates":[[[127.11853203637247,37.344538832735225],[127.11853203637247,37.35353203637247],[127.12752524000972,37.35353203637247],[127.12752524000972,37.344538832735225],[127.11853203637247,37.344538832735225]]]}},{"type":"Feature","properties":{"jobs":11702,"pop":3938,"pointCount":3,"homeWorkCommuteMedian":5766,"workHomeCommuteMedian":5560},"geometry":{"type":"Polygon","coordinates":[[[127.11853203637247,37.35353203637247],[127.11853203637247,37.36252524000972],[127.12752524000972,37.36252524000972],[127.12752524000972,37.35353203637247],[127.11853203637247,37.35353203637247]]]}},{"type":"Feature","properties":{"jobs":24234,"pop":9168,"pointCount":4,"homeWorkCommuteMedian":5209,"workHomeCommuteMedian":4909},"geometry":{"type":"Polygon","coordinates":[[[127.11853203637247,37.36252524000972],[127.11853203637247,37.37151844364696],[127.12752524000972,37.37151844364696],[127.12752524000972,37.36252524000972],[127.11853203637247,37.36252524000972]]]}},{"type":"Feature","properties":{"jobs":4177,"pop":868,"pointCount":2,"homeWorkCommuteMedian":4591,"workHomeCommuteMedian":4600},"geometry":{"type":"Polygon","coordinates":[[[127.11853203637247,37.37151844364696],[127.11853203637247,37.38051164728421],[127.12752524000972,37.38051164728421],[127.12752524000972,37.37151844364696],[127.11853203637247,37.37151844364696]]]}},{"type":"Feature","properties":{"jobs":11741,"pop":2578,"pointCount":5,"homeWorkCommuteMedian":4477,"workHomeCommuteMedian":4692},"geometry":{"type":"Polygon","coordinates":[[[127.11853203637247,37.38051164728421],[127.11853203637247,37.389504850921455],[127.12752524000972,37.389504850921455],[127.12752524000972,37.38051164728421],[127.11853203637247,37.38051164728421]]]}},{"type":"Feature","properties":{"jobs":5318,"pop":565,"pointCount":3,"homeWorkCommuteMedian":5167,"workHomeCommuteMedian":5180},"geometry":{"type":"Polygon","coordinates":[[[127.11853203637247,37.389504850921455],[127.11853203637247,37.3984980545587],[127.12752524000972,37.3984980545587],[127.12752524000972,37.389504850921455],[127.11853203637247,37.389504850921455]]]}},{"type":"Feature","properties":{"jobs":5045,"pop":2285,"pointCount":2,"homeWorkCommuteMedian":5231,"workHomeCommuteMedian":5101},"geometry":{"type":"Polygon","coordinates":[[[127.11853203637247,37.3984980545587],[127.11853203637247,37.40749125819595],[127.12752524000972,37.40749125819595],[127.12752524000972,37.3984980545587],[127.11853203637247,37.3984980545587]]]}},{"type":"Feature","properties":{"jobs":12295,"pop":2561,"pointCount":5,"homeWorkCommuteMedian":6081,"workHomeCommuteMedian":6822},"geometry":{"type":"Polygon","coordinates":[[[127.11853203637247,37.40749125819595],[127.11853203637247,37.41648446183319],[127.12752524000972,37.41648446183319],[127.12752524000972,37.40749125819595],[127.11853203637247,37.40749125819595]]]}},{"type":"Feature","properties":{"jobs":1193,"pop":26,"pointCount":1,"homeWorkCommuteMedian":10395,"workHomeCommuteMedian":9496},"geometry":{"type":"Polygon","coordinates":[[[127.11853203637247,37.41648446183319],[127.11853203637247,37.42547766547044],[127.12752524000972,37.42547766547044],[127.12752524000972,37.41648446183319],[127.11853203637247,37.41648446183319]]]}},{"type":"Feature","properties":{"jobs":4547,"pop":852,"pointCount":2,"homeWorkCommuteMedian":4125,"workHomeCommuteMedian":12167},"geometry":{"type":"Polygon","coordinates":[[[127.11853203637247,37.42547766547044],[127.11853203637247,37.434470869107685],[127.12752524000972,37.434470869107685],[127.12752524000972,37.42547766547044],[127.11853203637247,37.42547766547044]]]}},{"type":"Feature","properties":{"jobs":2215,"pop":104,"pointCount":1,"homeWorkCommuteMedian":12993,"workHomeCommuteMedian":16310},"geometry":{"type":"Polygon","coordinates":[[[127.12752524000972,37.15568155635306],[127.12752524000972,37.164674759990305],[127.13651844364696,37.164674759990305],[127.13651844364696,37.15568155635306],[127.12752524000972,37.15568155635306]]]}},{"type":"Feature","properties":{"jobs":13436,"pop":2299,"pointCount":3,"homeWorkCommuteMedian":13138,"workHomeCommuteMedian":12955},"geometry":{"type":"Polygon","coordinates":[[[127.12752524000972,37.164674759990305],[127.12752524000972,37.17366796362755],[127.13651844364696,37.17366796362755],[127.13651844364696,37.164674759990305],[127.12752524000972,37.164674759990305]]]}},{"type":"Feature","properties":{"jobs":11502,"pop":2863,"pointCount":2,"homeWorkCommuteMedian":11475,"workHomeCommuteMedian":11467},"geometry":{"type":"Polygon","coordinates":[[[127.12752524000972,37.17366796362755],[127.12752524000972,37.1826611672648],[127.13651844364696,37.1826611672648],[127.13651844364696,37.17366796362755],[127.12752524000972,37.17366796362755]]]}},{"type":"Feature","properties":{"jobs":6105,"pop":1512,"pointCount":1,"homeWorkCommuteMedian":12783,"workHomeCommuteMedian":11555},"geometry":{"type":"Polygon","coordinates":[[[127.12752524000972,37.1826611672648],[127.12752524000972,37.19165437090204],[127.13651844364696,37.19165437090204],[127.13651844364696,37.1826611672648],[127.12752524000972,37.1826611672648]]]}},{"type":"Feature","properties":{"jobs":11905,"pop":3657,"pointCount":2,"homeWorkCommuteMedian":7821,"workHomeCommuteMedian":7833},"geometry":{"type":"Polygon","coordinates":[[[127.12752524000972,37.24561359272552],[127.12752524000972,37.254606796362765],[127.13651844364696,37.254606796362765],[127.13651844364696,37.24561359272552],[127.12752524000972,37.24561359272552]]]}},{"type":"Feature","properties":{"jobs":12269,"pop":2457,"pointCount":3,"homeWorkCommuteMedian":5040,"workHomeCommuteMedian":4978},"geometry":{"type":"Polygon","coordinates":[[[127.12752524000972,37.26360000000001],[127.12752524000972,37.27259320363726],[127.13651844364696,37.27259320363726],[127.13651844364696,37.26360000000001],[127.12752524000972,37.26360000000001]]]}},{"type":"Feature","properties":{"jobs":6729,"pop":128,"pointCount":2,"homeWorkCommuteMedian":6447,"workHomeCommuteMedian":14058},"geometry":{"type":"Polygon","coordinates":[[[127.12752524000972,37.27259320363726],[127.12752524000972,37.2815864072745],[127.13651844364696,37.2815864072745],[127.13651844364696,37.27259320363726],[127.12752524000972,37.27259320363726]]]}},{"type":"Feature","properties":{"jobs":4350,"pop":851,"pointCount":1,"homeWorkCommuteMedian":4712,"workHomeCommuteMedian":4658},"geometry":{"type":"Polygon","coordinates":[[[127.12752524000972,37.2815864072745],[127.12752524000972,37.29057961091175],[127.13651844364696,37.29057961091175],[127.13651844364696,37.2815864072745],[127.12752524000972,37.2815864072745]]]}},{"type":"Feature","properties":{"jobs":3786,"pop":172,"pointCount":2,"homeWorkCommuteMedian":8385,"workHomeCommuteMedian":18092},"geometry":{"type":"Polygon","coordinates":[[[127.12752524000972,37.299572814548995],[127.12752524000972,37.30856601818624],[127.13651844364696,37.30856601818624],[127.13651844364696,37.299572814548995],[127.12752524000972,37.299572814548995]]]}},{"type":"Feature","properties":{"jobs":7415,"pop":0,"pointCount":1,"homeWorkCommuteMedian":-1,"workHomeCommuteMedian":16907},"geometry":{"type":"Polygon","coordinates":[[[127.12752524000972,37.31755922182349],[127.12752524000972,37.32655242546073],[127.13651844364696,37.32655242546073],[127.13651844364696,37.31755922182349],[127.12752524000972,37.31755922182349]]]}},{"type":"Feature","properties":{"jobs":8243,"pop":3171,"pointCount":2,"homeWorkCommuteMedian":7300,"workHomeCommuteMedian":7253},"geometry":{"type":"Polygon","coordinates":[[[127.12752524000972,37.32655242546073],[127.12752524000972,37.33554562909798],[127.13651844364696,37.33554562909798],[127.13651844364696,37.32655242546073],[127.12752524000972,37.32655242546073]]]}},{"type":"Feature","properties":{"jobs":7809,"pop":1714,"pointCount":3,"homeWorkCommuteMedian":5392,"workHomeCommuteMedian":5668},"geometry":{"type":"Polygon","coordinates":[[[127.12752524000972,37.36252524000972],[127.12752524000972,37.37151844364696],[127.13651844364696,37.37151844364696],[127.13651844364696,37.36252524000972],[127.12752524000972,37.36252524000972]]]}},{"type":"Feature","properties":{"jobs":24678,"pop":11473,"pointCount":4,"homeWorkCommuteMedian":5042,"workHomeCommuteMedian":4931},"geometry":{"type":"Polygon","coordinates":[[[127.12752524000972,37.37151844364696],[127.12752524000972,37.38051164728421],[127.13651844364696,37.38051164728421],[127.13651844364696,37.37151844364696],[127.12752524000972,37.37151844364696]]]}},{"type":"Feature","properties":{"jobs":9655,"pop":2209,"pointCount":4,"homeWorkCommuteMedian":5042,"workHomeCommuteMedian":4691},"geometry":{"type":"Polygon","coordinates":[[[127.12752524000972,37.38051164728421],[127.12752524000972,37.389504850921455],[127.13651844364696,37.389504850921455],[127.13651844364696,37.38051164728421],[127.12752524000972,37.38051164728421]]]}},{"type":"Feature","properties":{"jobs":33176,"pop":17501,"pointCount":4,"homeWorkCommuteMedian":4732,"workHomeCommuteMedian":4613},"geometry":{"type":"Polygon","coordinates":[[[127.12752524000972,37.389504850921455],[127.12752524000972,37.3984980545587],[127.13651844364696,37.3984980545587],[127.13651844364696,37.389504850921455],[127.12752524000972,37.389504850921455]]]}},{"type":"Feature","properties":{"jobs":5761,"pop":508,"pointCount":4,"homeWorkCommuteMedian":5235,"workHomeCommuteMedian":5325},"geometry":{"type":"Polygon","coordinates":[[[127.12752524000972,37.3984980545587],[127.12752524000972,37.40749125819595],[127.13651844364696,37.40749125819595],[127.13651844364696,37.3984980545587],[127.12752524000972,37.3984980545587]]]}},{"type":"Feature","properties":{"jobs":19828,"pop":7851,"pointCount":4,"homeWorkCommuteMedian":6552,"workHomeCommuteMedian":6839},"geometry":{"type":"Polygon","coordinates":[[[127.12752524000972,37.40749125819595],[127.12752524000972,37.41648446183319],[127.13651844364696,37.41648446183319],[127.13651844364696,37.40749125819595],[127.12752524000972,37.40749125819595]]]}},{"type":"Feature","properties":{"jobs":8018,"pop":3329,"pointCount":2,"homeWorkCommuteMedian":7973,"workHomeCommuteMedian":7818},"geometry":{"type":"Polygon","coordinates":[[[127.12752524000972,37.41648446183319],[127.12752524000972,37.42547766547044],[127.13651844364696,37.42547766547044],[127.13651844364696,37.41648446183319],[127.12752524000972,37.41648446183319]]]}},{"type":"Feature","properties":{"jobs":27895,"pop":9168,"pointCount":4,"homeWorkCommuteMedian":4389,"workHomeCommuteMedian":4720},"geometry":{"type":"Polygon","coordinates":[[[127.12752524000972,37.42547766547044],[127.12752524000972,37.434470869107685],[127.13651844364696,37.434470869107685],[127.13651844364696,37.42547766547044],[127.12752524000972,37.42547766547044]]]}},{"type":"Feature","properties":{"jobs":11566,"pop":3187,"pointCount":2,"homeWorkCommuteMedian":12674,"workHomeCommuteMedian":12013},"geometry":{"type":"Polygon","coordinates":[[[127.13651844364696,37.17366796362755],[127.13651844364696,37.1826611672648],[127.14551164728421,37.1826611672648],[127.14551164728421,37.17366796362755],[127.13651844364696,37.17366796362755]]]}},{"type":"Feature","properties":{"jobs":7251,"pop":1235,"pointCount":2,"homeWorkCommuteMedian":12862,"workHomeCommuteMedian":12484},"geometry":{"type":"Polygon","coordinates":[[[127.13651844364696,37.1826611672648],[127.13651844364696,37.19165437090204],[127.14551164728421,37.19165437090204],[127.14551164728421,37.1826611672648],[127.13651844364696,37.1826611672648]]]}},{"type":"Feature","properties":{"jobs":2748,"pop":269,"pointCount":1,"homeWorkCommuteMedian":6769,"workHomeCommuteMedian":7131},"geometry":{"type":"Polygon","coordinates":[[[127.13651844364696,37.24561359272552],[127.13651844364696,37.254606796362765],[127.14551164728421,37.254606796362765],[127.14551164728421,37.24561359272552],[127.13651844364696,37.24561359272552]]]}},{"type":"Feature","properties":{"jobs":14288,"pop":4682,"pointCount":3,"homeWorkCommuteMedian":6254,"workHomeCommuteMedian":6398},"geometry":{"type":"Polygon","coordinates":[[[127.13651844364696,37.254606796362765],[127.13651844364696,37.26360000000001],[127.14551164728421,37.26360000000001],[127.14551164728421,37.254606796362765],[127.13651844364696,37.254606796362765]]]}},{"type":"Feature","properties":{"jobs":4490,"pop":1053,"pointCount":1,"homeWorkCommuteMedian":5461,"workHomeCommuteMedian":4944},"geometry":{"type":"Polygon","coordinates":[[[127.13651844364696,37.26360000000001],[127.13651844364696,37.27259320363726],[127.14551164728421,37.27259320363726],[127.14551164728421,37.26360000000001],[127.13651844364696,37.26360000000001]]]}},{"type":"Feature","properties":{"jobs":6461,"pop":1050,"pointCount":2,"homeWorkCommuteMedian":4541,"workHomeCommuteMedian":4422},"geometry":{"type":"Polygon","coordinates":[[[127.13651844364696,37.27259320363726],[127.13651844364696,37.2815864072745],[127.14551164728421,37.2815864072745],[127.14551164728421,37.27259320363726],[127.13651844364696,37.27259320363726]]]}},{"type":"Feature","properties":{"jobs":11401,"pop":2272,"pointCount":3,"homeWorkCommuteMedian":5594,"workHomeCommuteMedian":5090},"geometry":{"type":"Polygon","coordinates":[[[127.13651844364696,37.2815864072745],[127.13651844364696,37.29057961091175],[127.14551164728421,37.29057961091175],[127.14551164728421,37.2815864072745],[127.13651844364696,37.2815864072745]]]}},{"type":"Feature","properties":{"jobs":5596,"pop":1919,"pointCount":2,"homeWorkCommuteMedian":6193,"workHomeCommuteMedian":5974},"geometry":{"type":"Polygon","coordinates":[[[127.13651844364696,37.29057961091175],[127.13651844364696,37.299572814548995],[127.14551164728421,37.299572814548995],[127.14551164728421,37.29057961091175],[127.13651844364696,37.29057961091175]]]}},{"type":"Feature","properties":{"jobs":2032,"pop":245,"pointCount":2,"homeWorkCommuteMedian":9312,"workHomeCommuteMedian":9800},"geometry":{"type":"Polygon","coordinates":[[[127.13651844364696,37.344538832735225],[127.13651844364696,37.35353203637247],[127.14551164728421,37.35353203637247],[127.14551164728421,37.344538832735225],[127.13651844364696,37.344538832735225]]]}},{"type":"Feature","properties":{"jobs":4225,"pop":436,"pointCount":2,"homeWorkCommuteMedian":7462,"workHomeCommuteMedian":6992},"geometry":{"type":"Polygon","coordinates":[[[127.13651844364696,37.35353203637247],[127.13651844364696,37.36252524000972],[127.14551164728421,37.36252524000972],[127.14551164728421,37.35353203637247],[127.13651844364696,37.35353203637247]]]}},{"type":"Feature","properties":{"jobs":6411,"pop":1282,"pointCount":3,"homeWorkCommuteMedian":5411,"workHomeCommuteMedian":5373},"geometry":{"type":"Polygon","coordinates":[[[127.13651844364696,37.36252524000972],[127.13651844364696,37.37151844364696],[127.14551164728421,37.37151844364696],[127.14551164728421,37.36252524000972],[127.13651844364696,37.36252524000972]]]}},{"type":"Feature","properties":{"jobs":9346,"pop":3139,"pointCount":3,"homeWorkCommuteMedian":5235,"workHomeCommuteMedian":4895},"geometry":{"type":"Polygon","coordinates":[[[127.13651844364696,37.37151844364696],[127.13651844364696,37.38051164728421],[127.14551164728421,37.38051164728421],[127.14551164728421,37.37151844364696],[127.13651844364696,37.37151844364696]]]}},{"type":"Feature","properties":{"jobs":829,"pop":198,"pointCount":1,"homeWorkCommuteMedian":28112,"workHomeCommuteMedian":-1},"geometry":{"type":"Polygon","coordinates":[[[127.13651844364696,37.38051164728421],[127.13651844364696,37.389504850921455],[127.14551164728421,37.389504850921455],[127.14551164728421,37.38051164728421],[127.13651844364696,37.38051164728421]]]}},{"type":"Feature","properties":{"jobs":11390,"pop":5721,"pointCount":2,"homeWorkCommuteMedian":6548,"workHomeCommuteMedian":6509},"geometry":{"type":"Polygon","coordinates":[[[127.13651844364696,37.3984980545587],[127.13651844364696,37.40749125819595],[127.14551164728421,37.40749125819595],[127.14551164728421,37.3984980545587],[127.13651844364696,37.3984980545587]]]}},{"type":"Feature","properties":{"jobs":19638,"pop":7625,"pointCount":4,"homeWorkCommuteMedian":6856,"workHomeCommuteMedian":6795},"geometry":{"type":"Polygon","coordinates":[[[127.13651844364696,37.40749125819595],[127.13651844364696,37.41648446183319],[127.14551164728421,37.41648446183319],[127.14551164728421,37.40749125819595],[127.13651844364696,37.40749125819595]]]}},{"type":"Feature","properties":{"jobs":23576,"pop":6091,"pointCount":4,"homeWorkCommuteMedian":4582,"workHomeCommuteMedian":3955},"geometry":{"type":"Polygon","coordinates":[[[127.13651844364696,37.42547766547044],[127.13651844364696,37.434470869107685],[127.14551164728421,37.434470869107685],[127.14551164728421,37.42547766547044],[127.13651844364696,37.42547766547044]]]}},{"type":"Feature","properties":{"jobs":1308,"pop":286,"pointCount":1,"homeWorkCommuteMedian":25355,"workHomeCommuteMedian":26277},"geometry":{"type":"Polygon","coordinates":[[[127.14551164728421,37.11071553816683],[127.14551164728421,37.119708741804075],[127.15450485092146,37.119708741804075],[127.15450485092146,37.11071553816683],[127.14551164728421,37.11071553816683]]]}},{"type":"Feature","properties":{"jobs":145,"pop":200,"pointCount":1,"homeWorkCommuteMedian":14876,"workHomeCommuteMedian":-1},"geometry":{"type":"Polygon","coordinates":[[[127.14551164728421,37.12870194544132],[127.14551164728421,37.13769514907857],[127.15450485092146,37.13769514907857],[127.15450485092146,37.12870194544132],[127.14551164728421,37.12870194544132]]]}},{"type":"Feature","properties":{"jobs":3623,"pop":555,"pointCount":1,"homeWorkCommuteMedian":6732,"workHomeCommuteMedian":7868},"geometry":{"type":"Polygon","coordinates":[[[127.14551164728421,37.254606796362765],[127.14551164728421,37.26360000000001],[127.15450485092146,37.26360000000001],[127.15450485092146,37.254606796362765],[127.14551164728421,37.254606796362765]]]}},{"type":"Feature","properties":{"jobs":10124,"pop":3153,"pointCount":3,"homeWorkCommuteMedian":6993,"workHomeCommuteMedian":7140},"geometry":{"type":"Polygon","coordinates":[[[127.14551164728421,37.26360000000001],[127.14551164728421,37.27259320363726],[127.15450485092146,37.27259320363726],[127.15450485092146,37.26360000000001],[127.14551164728421,37.26360000000001]]]}},{"type":"Feature","properties":{"jobs":9757,"pop":1727,"pointCount":3,"homeWorkCommuteMedian":6406,"workHomeCommuteMedian":5637},"geometry":{"type":"Polygon","coordinates":[[[127.14551164728421,37.27259320363726],[127.14551164728421,37.2815864072745],[127.15450485092146,37.2815864072745],[127.15450485092146,37.27259320363726],[127.14551164728421,37.27259320363726]]]}},{"type":"Feature","properties":{"jobs":10147,"pop":1696,"pointCount":3,"homeWorkCommuteMedian":6309,"workHomeCommuteMedian":5852},"geometry":{"type":"Polygon","coordinates":[[[127.14551164728421,37.2815864072745],[127.14551164728421,37.29057961091175],[127.15450485092146,37.29057961091175],[127.15450485092146,37.2815864072745],[127.14551164728421,37.2815864072745]]]}},{"type":"Feature","properties":{"jobs":39177,"pop":17343,"pointCount":4,"homeWorkCommuteMedian":7474,"workHomeCommuteMedian":7564},"geometry":{"type":"Polygon","coordinates":[[[127.14551164728421,37.29057961091175],[127.14551164728421,37.299572814548995],[127.15450485092146,37.299572814548995],[127.15450485092146,37.29057961091175],[127.14551164728421,37.29057961091175]]]}},{"type":"Feature","properties":{"jobs":2359,"pop":130,"pointCount":1,"homeWorkCommuteMedian":9430,"workHomeCommuteMedian":9229},"geometry":{"type":"Polygon","coordinates":[[[127.14551164728421,37.299572814548995],[127.14551164728421,37.30856601818624],[127.15450485092146,37.30856601818624],[127.15450485092146,37.299572814548995],[127.14551164728421,37.299572814548995]]]}},{"type":"Feature","properties":{"jobs":1431,"pop":31,"pointCount":1,"homeWorkCommuteMedian":8195,"workHomeCommuteMedian":8533},"geometry":{"type":"Polygon","coordinates":[[[127.14551164728421,37.35353203637247],[127.14551164728421,37.36252524000972],[127.15450485092146,37.36252524000972],[127.15450485092146,37.35353203637247],[127.14551164728421,37.35353203637247]]]}},{"type":"Feature","properties":{"jobs":9284,"pop":2953,"pointCount":3,"homeWorkCommuteMedian":5407,"workHomeCommuteMedian":5435},"geometry":{"type":"Polygon","coordinates":[[[127.14551164728421,37.38051164728421],[127.14551164728421,37.389504850921455],[127.15450485092146,37.389504850921455],[127.15450485092146,37.38051164728421],[127.14551164728421,37.38051164728421]]]}},{"type":"Feature","properties":{"jobs":243,"pop":0,"pointCount":1,"homeWorkCommuteMedian":-1,"workHomeCommuteMedian":23170},"geometry":{"type":"Polygon","coordinates":[[[127.14551164728421,37.389504850921455],[127.14551164728421,37.3984980545587],[127.15450485092146,37.3984980545587],[127.15450485092146,37.389504850921455],[127.14551164728421,37.389504850921455]]]}},{"type":"Feature","properties":{"jobs":6569,"pop":2789,"pointCount":2,"homeWorkCommuteMedian":7531,"workHomeCommuteMedian":7343},"geometry":{"type":"Polygon","coordinates":[[[127.14551164728421,37.3984980545587],[127.14551164728421,37.40749125819595],[127.15450485092146,37.40749125819595],[127.15450485092146,37.3984980545587],[127.14551164728421,37.3984980545587]]]}},{"type":"Feature","properties":{"jobs":26051,"pop":11840,"pointCount":3,"homeWorkCommuteMedian":7562,"workHomeCommuteMedian":7740},"geometry":{"type":"Polygon","coordinates":[[[127.14551164728421,37.40749125819595],[127.14551164728421,37.41648446183319],[127.15450485092146,37.41648446183319],[127.15450485092146,37.40749125819595],[127.14551164728421,37.40749125819595]]]}},{"type":"Feature","properties":{"jobs":452,"pop":22,"pointCount":1,"homeWorkCommuteMedian":3243,"workHomeCommuteMedian":4410},"geometry":{"type":"Polygon","coordinates":[[[127.14551164728421,37.41648446183319],[127.14551164728421,37.42547766547044],[127.15450485092146,37.42547766547044],[127.15450485092146,37.41648446183319],[127.14551164728421,37.41648446183319]]]}},{"type":"Feature","properties":{"jobs":21135,"pop":8293,"pointCount":4,"homeWorkCommuteMedian":3800,"workHomeCommuteMedian":2709},"geometry":{"type":"Polygon","coordinates":[[[127.14551164728421,37.42547766547044],[127.14551164728421,37.434470869107685],[127.15450485092146,37.434470869107685],[127.15450485092146,37.42547766547044],[127.14551164728421,37.42547766547044]]]}},{"type":"Feature","properties":{"jobs":988,"pop":24,"pointCount":1,"homeWorkCommuteMedian":13363,"workHomeCommuteMedian":14725},"geometry":{"type":"Polygon","coordinates":[[[127.15450485092146,37.23662038908827],[127.15450485092146,37.24561359272552],[127.1634980545587,37.24561359272552],[127.1634980545587,37.23662038908827],[127.15450485092146,37.23662038908827]]]}},{"type":"Feature","properties":{"jobs":11652,"pop":2762,"pointCount":3,"homeWorkCommuteMedian":7355,"workHomeCommuteMedian":7041},"geometry":{"type":"Polygon","coordinates":[[[127.15450485092146,37.254606796362765],[127.15450485092146,37.26360000000001],[127.1634980545587,37.26360000000001],[127.1634980545587,37.254606796362765],[127.15450485092146,37.254606796362765]]]}},{"type":"Feature","properties":{"jobs":9236,"pop":2433,"pointCount":2,"homeWorkCommuteMedian":7134,"workHomeCommuteMedian":7040},"geometry":{"type":"Polygon","coordinates":[[[127.15450485092146,37.26360000000001],[127.15450485092146,37.27259320363726],[127.1634980545587,37.27259320363726],[127.1634980545587,37.26360000000001],[127.15450485092146,37.26360000000001]]]}},{"type":"Feature","properties":{"jobs":20005,"pop":6869,"pointCount":3,"homeWorkCommuteMedian":7594,"workHomeCommuteMedian":7724},"geometry":{"type":"Polygon","coordinates":[[[127.15450485092146,37.27259320363726],[127.15450485092146,37.2815864072745],[127.1634980545587,37.2815864072745],[127.1634980545587,37.27259320363726],[127.15450485092146,37.27259320363726]]]}},{"type":"Feature","properties":{"jobs":19501,"pop":8248,"pointCount":2,"homeWorkCommuteMedian":7692,"workHomeCommuteMedian":8024},"geometry":{"type":"Polygon","coordinates":[[[127.15450485092146,37.2815864072745],[127.15450485092146,37.29057961091175],[127.1634980545587,37.29057961091175],[127.1634980545587,37.2815864072745],[127.15450485092146,37.2815864072745]]]}},{"type":"Feature","properties":{"jobs":1285,"pop":81,"pointCount":1,"homeWorkCommuteMedian":14003,"workHomeCommuteMedian":11694},"geometry":{"type":"Polygon","coordinates":[[[127.15450485092146,37.32655242546073],[127.15450485092146,37.33554562909798],[127.1634980545587,37.33554562909798],[127.1634980545587,37.32655242546073],[127.15450485092146,37.32655242546073]]]}},{"type":"Feature","properties":{"jobs":2069,"pop":279,"pointCount":1,"homeWorkCommuteMedian":9090,"workHomeCommuteMedian":8715},"geometry":{"type":"Polygon","coordinates":[[[127.15450485092146,37.344538832735225],[127.15450485092146,37.35353203637247],[127.1634980545587,37.35353203637247],[127.1634980545587,37.344538832735225],[127.15450485092146,37.344538832735225]]]}},{"type":"Feature","properties":{"jobs":1388,"pop":30,"pointCount":1,"homeWorkCommuteMedian":9090,"workHomeCommuteMedian":10405},"geometry":{"type":"Polygon","coordinates":[[[127.15450485092146,37.35353203637247],[127.15450485092146,37.36252524000972],[127.1634980545587,37.36252524000972],[127.1634980545587,37.35353203637247],[127.15450485092146,37.35353203637247]]]}},{"type":"Feature","properties":{"jobs":5290,"pop":704,"pointCount":4,"homeWorkCommuteMedian":10620,"workHomeCommuteMedian":10098},"geometry":{"type":"Polygon","coordinates":[[[127.15450485092146,37.36252524000972],[127.15450485092146,37.37151844364696],[127.1634980545587,37.37151844364696],[127.1634980545587,37.36252524000972],[127.15450485092146,37.36252524000972]]]}},{"type":"Feature","properties":{"jobs":1116,"pop":24,"pointCount":1,"homeWorkCommuteMedian":10345,"workHomeCommuteMedian":10670},"geometry":{"type":"Polygon","coordinates":[[[127.15450485092146,37.37151844364696],[127.15450485092146,37.38051164728421],[127.1634980545587,37.38051164728421],[127.1634980545587,37.37151844364696],[127.15450485092146,37.37151844364696]]]}},{"type":"Feature","properties":{"jobs":20287,"pop":6702,"pointCount":4,"homeWorkCommuteMedian":5114,"workHomeCommuteMedian":4328},"geometry":{"type":"Polygon","coordinates":[[[127.15450485092146,37.40749125819595],[127.15450485092146,37.41648446183319],[127.1634980545587,37.41648446183319],[127.1634980545587,37.40749125819595],[127.15450485092146,37.40749125819595]]]}},{"type":"Feature","properties":{"jobs":44,"pop":113,"pointCount":1,"homeWorkCommuteMedian":33491,"workHomeCommuteMedian":-1},"geometry":{"type":"Polygon","coordinates":[[[127.15450485092146,37.41648446183319],[127.15450485092146,37.42547766547044],[127.1634980545587,37.42547766547044],[127.1634980545587,37.41648446183319],[127.15450485092146,37.41648446183319]]]}},{"type":"Feature","properties":{"jobs":18044,"pop":9159,"pointCount":2,"homeWorkCommuteMedian":16325,"workHomeCommuteMedian":15982},"geometry":{"type":"Polygon","coordinates":[[[127.1634980545587,37.14668835271581],[127.1634980545587,37.15568155635306],[127.17249125819595,37.15568155635306],[127.17249125819595,37.14668835271581],[127.1634980545587,37.14668835271581]]]}},{"type":"Feature","properties":{"jobs":12524,"pop":5778,"pointCount":2,"homeWorkCommuteMedian":15625,"workHomeCommuteMedian":15238},"geometry":{"type":"Polygon","coordinates":[[[127.1634980545587,37.15568155635306],[127.1634980545587,37.164674759990305],[127.17249125819595,37.164674759990305],[127.17249125819595,37.15568155635306],[127.1634980545587,37.15568155635306]]]}},{"type":"Feature","properties":{"jobs":5627,"pop":355,"pointCount":2,"homeWorkCommuteMedian":10123,"workHomeCommuteMedian":14876},"geometry":{"type":"Polygon","coordinates":[[[127.1634980545587,37.22762718545103],[127.1634980545587,37.23662038908827],[127.17249125819595,37.23662038908827],[127.17249125819595,37.22762718545103],[127.1634980545587,37.22762718545103]]]}},{"type":"Feature","properties":{"jobs":19033,"pop":8862,"pointCount":3,"homeWorkCommuteMedian":9197,"workHomeCommuteMedian":9023},"geometry":{"type":"Polygon","coordinates":[[[127.1634980545587,37.23662038908827],[127.1634980545587,37.24561359272552],[127.17249125819595,37.24561359272552],[127.17249125819595,37.23662038908827],[127.1634980545587,37.23662038908827]]]}},{"type":"Feature","properties":{"jobs":4139,"pop":788,"pointCount":1,"homeWorkCommuteMedian":7818,"workHomeCommuteMedian":7300},"geometry":{"type":"Polygon","coordinates":[[[127.1634980545587,37.27259320363726],[127.1634980545587,37.2815864072745],[127.17249125819595,37.2815864072745],[127.17249125819595,37.27259320363726],[127.1634980545587,37.27259320363726]]]}},{"type":"Feature","properties":{"jobs":7414,"pop":2776,"pointCount":1,"homeWorkCommuteMedian":7818,"workHomeCommuteMedian":7267},"geometry":{"type":"Polygon","coordinates":[[[127.1634980545587,37.2815864072745],[127.1634980545587,37.29057961091175],[127.17249125819595,37.29057961091175],[127.17249125819595,37.2815864072745],[127.1634980545587,37.2815864072745]]]}},{"type":"Feature","properties":{"jobs":1351,"pop":229,"pointCount":1,"homeWorkCommuteMedian":21624,"workHomeCommuteMedian":10890},"geometry":{"type":"Polygon","coordinates":[[[127.1634980545587,37.344538832735225],[127.1634980545587,37.35353203637247],[127.17249125819595,37.35353203637247],[127.17249125819595,37.344538832735225],[127.1634980545587,37.344538832735225]]]}},{"type":"Feature","properties":{"jobs":1011,"pop":22,"pointCount":1,"homeWorkCommuteMedian":9435,"workHomeCommuteMedian":9914},"geometry":{"type":"Polygon","coordinates":[[[127.1634980545587,37.35353203637247],[127.1634980545587,37.36252524000972],[127.17249125819595,37.36252524000972],[127.17249125819595,37.35353203637247],[127.1634980545587,37.35353203637247]]]}},{"type":"Feature","properties":{"jobs":2580,"pop":56,"pointCount":2,"homeWorkCommuteMedian":10012,"workHomeCommuteMedian":10408},"geometry":{"type":"Polygon","coordinates":[[[127.1634980545587,37.36252524000972],[127.1634980545587,37.37151844364696],[127.17249125819595,37.37151844364696],[127.17249125819595,37.36252524000972],[127.1634980545587,37.36252524000972]]]}},{"type":"Feature","properties":{"jobs":22573,"pop":12224,"pointCount":3,"homeWorkCommuteMedian":9790,"workHomeCommuteMedian":9616},"geometry":{"type":"Polygon","coordinates":[[[127.1634980545587,37.37151844364696],[127.1634980545587,37.38051164728421],[127.17249125819595,37.38051164728421],[127.17249125819595,37.37151844364696],[127.1634980545587,37.37151844364696]]]}},{"type":"Feature","properties":{"jobs":1789,"pop":82,"pointCount":1,"homeWorkCommuteMedian":11297,"workHomeCommuteMedian":12061},"geometry":{"type":"Polygon","coordinates":[[[127.1634980545587,37.38051164728421],[127.1634980545587,37.389504850921455],[127.17249125819595,37.389504850921455],[127.17249125819595,37.38051164728421],[127.1634980545587,37.38051164728421]]]}},{"type":"Feature","properties":{"jobs":2833,"pop":1031,"pointCount":1,"homeWorkCommuteMedian":5042,"workHomeCommuteMedian":5263},"geometry":{"type":"Polygon","coordinates":[[[127.1634980545587,37.40749125819595],[127.1634980545587,37.41648446183319],[127.17249125819595,37.41648446183319],[127.17249125819595,37.40749125819595],[127.1634980545587,37.40749125819595]]]}},{"type":"Feature","properties":{"jobs":749,"pop":36,"pointCount":1,"homeWorkCommuteMedian":1989,"workHomeCommuteMedian":3495},"geometry":{"type":"Polygon","coordinates":[[[127.1634980545587,37.41648446183319],[127.1634980545587,37.42547766547044],[127.17249125819595,37.42547766547044],[127.17249125819595,37.41648446183319],[127.1634980545587,37.41648446183319]]]}},{"type":"Feature","properties":{"jobs":2215,"pop":566,"pointCount":1,"homeWorkCommuteMedian":15726,"workHomeCommuteMedian":15835},"geometry":{"type":"Polygon","coordinates":[[[127.17249125819595,37.14668835271581],[127.17249125819595,37.15568155635306],[127.1814844618332,37.15568155635306],[127.1814844618332,37.14668835271581],[127.17249125819595,37.14668835271581]]]}},{"type":"Feature","properties":{"jobs":4586,"pop":1703,"pointCount":1,"homeWorkCommuteMedian":14079,"workHomeCommuteMedian":13700},"geometry":{"type":"Polygon","coordinates":[[[127.17249125819595,37.15568155635306],[127.17249125819595,37.164674759990305],[127.1814844618332,37.164674759990305],[127.1814844618332,37.15568155635306],[127.17249125819595,37.15568155635306]]]}},{"type":"Feature","properties":{"jobs":960,"pop":219,"pointCount":1,"homeWorkCommuteMedian":40362,"workHomeCommuteMedian":11275},"geometry":{"type":"Polygon","coordinates":[[[127.17249125819595,37.21863398181378],[127.17249125819595,37.22762718545103],[127.1814844618332,37.22762718545103],[127.1814844618332,37.21863398181378],[127.17249125819595,37.21863398181378]]]}},{"type":"Feature","properties":{"jobs":3442,"pop":1125,"pointCount":1,"homeWorkCommuteMedian":8898,"workHomeCommuteMedian":10078},"geometry":{"type":"Polygon","coordinates":[[[127.17249125819595,37.22762718545103],[127.17249125819595,37.23662038908827],[127.1814844618332,37.23662038908827],[127.1814844618332,37.22762718545103],[127.17249125819595,37.22762718545103]]]}},{"type":"Feature","properties":{"jobs":2514,"pop":595,"pointCount":2,"homeWorkCommuteMedian":20352,"workHomeCommuteMedian":21000},"geometry":{"type":"Polygon","coordinates":[[[127.17249125819595,37.33554562909798],[127.17249125819595,37.344538832735225],[127.1814844618332,37.344538832735225],[127.1814844618332,37.33554562909798],[127.17249125819595,37.33554562909798]]]}},{"type":"Feature","properties":{"jobs":2737,"pop":80,"pointCount":2,"homeWorkCommuteMedian":11177,"workHomeCommuteMedian":11970},"geometry":{"type":"Polygon","coordinates":[[[127.17249125819595,37.344538832735225],[127.17249125819595,37.35353203637247],[127.1814844618332,37.35353203637247],[127.1814844618332,37.344538832735225],[127.17249125819595,37.344538832735225]]]}},{"type":"Feature","properties":{"jobs":6663,"pop":3101,"pointCount":1,"homeWorkCommuteMedian":10395,"workHomeCommuteMedian":10012},"geometry":{"type":"Polygon","coordinates":[[[127.17249125819595,37.37151844364696],[127.17249125819595,37.38051164728421],[127.1814844618332,37.38051164728421],[127.1814844618332,37.37151844364696],[127.17249125819595,37.37151844364696]]]}},{"type":"Feature","properties":{"jobs":2089,"pop":278,"pointCount":1,"homeWorkCommuteMedian":10170,"workHomeCommuteMedian":10099},"geometry":{"type":"Polygon","coordinates":[[[127.17249125819595,37.38051164728421],[127.17249125819595,37.389504850921455],[127.1814844618332,37.389504850921455],[127.1814844618332,37.38051164728421],[127.17249125819595,37.38051164728421]]]}},{"type":"Feature","properties":{"jobs":879,"pop":257,"pointCount":1,"homeWorkCommuteMedian":3481,"workHomeCommuteMedian":3345},"geometry":{"type":"Polygon","coordinates":[[[127.17249125819595,37.41648446183319],[127.17249125819595,37.42547766547044],[127.1814844618332,37.42547766547044],[127.1814844618332,37.41648446183319],[127.17249125819595,37.41648446183319]]]}},{"type":"Feature","properties":{"jobs":3004,"pop":0,"pointCount":1,"homeWorkCommuteMedian":-1,"workHomeCommuteMedian":21016},"geometry":{"type":"Polygon","coordinates":[[[127.1814844618332,37.21863398181378],[127.1814844618332,37.22762718545103],[127.19047766547044,37.22762718545103],[127.19047766547044,37.21863398181378],[127.1814844618332,37.21863398181378]]]}},{"type":"Feature","properties":{"jobs":21271,"pop":8483,"pointCount":4,"homeWorkCommuteMedian":8268,"workHomeCommuteMedian":7564},"geometry":{"type":"Polygon","coordinates":[[[127.1814844618332,37.22762718545103],[127.1814844618332,37.23662038908827],[127.19047766547044,37.23662038908827],[127.19047766547044,37.22762718545103],[127.1814844618332,37.22762718545103]]]}},{"type":"Feature","properties":{"jobs":4927,"pop":1387,"pointCount":2,"homeWorkCommuteMedian":9941,"workHomeCommuteMedian":9040},"geometry":{"type":"Polygon","coordinates":[[[127.1814844618332,37.23662038908827],[127.1814844618332,37.24561359272552],[127.19047766547044,37.24561359272552],[127.19047766547044,37.23662038908827],[127.1814844618332,37.23662038908827]]]}},{"type":"Feature","properties":{"jobs":640,"pop":31,"pointCount":1,"homeWorkCommuteMedian":9474,"workHomeCommuteMedian":7824},"geometry":{"type":"Polygon","coordinates":[[[127.1814844618332,37.3984980545587],[127.1814844618332,37.40749125819595],[127.19047766547044,37.40749125819595],[127.19047766547044,37.3984980545587],[127.1814844618332,37.3984980545587]]]}},{"type":"Feature","properties":{"jobs":5238,"pop":2321,"pointCount":1,"homeWorkCommuteMedian":15772,"workHomeCommuteMedian":15216},"geometry":{"type":"Polygon","coordinates":[[[127.19047766547044,37.12870194544132],[127.19047766547044,37.13769514907857],[127.19947086910769,37.13769514907857],[127.19947086910769,37.12870194544132],[127.19047766547044,37.12870194544132]]]}},{"type":"Feature","properties":{"jobs":2557,"pop":222,"pointCount":2,"homeWorkCommuteMedian":16251,"workHomeCommuteMedian":16005},"geometry":{"type":"Polygon","coordinates":[[[127.19047766547044,37.13769514907857],[127.19047766547044,37.14668835271581],[127.19947086910769,37.14668835271581],[127.19947086910769,37.13769514907857],[127.19047766547044,37.13769514907857]]]}},{"type":"Feature","properties":{"jobs":12567,"pop":4106,"pointCount":3,"homeWorkCommuteMedian":7581,"workHomeCommuteMedian":8131},"geometry":{"type":"Polygon","coordinates":[[[127.19047766547044,37.22762718545103],[127.19047766547044,37.23662038908827],[127.19947086910769,37.23662038908827],[127.19947086910769,37.22762718545103],[127.19047766547044,37.22762718545103]]]}},{"type":"Feature","properties":{"jobs":13215,"pop":3688,"pointCount":4,"homeWorkCommuteMedian":8313,"workHomeCommuteMedian":8128},"geometry":{"type":"Polygon","coordinates":[[[127.19047766547044,37.23662038908827],[127.19047766547044,37.24561359272552],[127.19947086910769,37.24561359272552],[127.19947086910769,37.23662038908827],[127.19047766547044,37.23662038908827]]]}},{"type":"Feature","properties":{"jobs":5050,"pop":1736,"pointCount":1,"homeWorkCommuteMedian":8313,"workHomeCommuteMedian":8649},"geometry":{"type":"Polygon","coordinates":[[[127.19047766547044,37.24561359272552],[127.19047766547044,37.254606796362765],[127.19947086910769,37.254606796362765],[127.19947086910769,37.24561359272552],[127.19047766547044,37.24561359272552]]]}},{"type":"Feature","properties":{"jobs":3268,"pop":306,"pointCount":2,"homeWorkCommuteMedian":13451,"workHomeCommuteMedian":13217},"geometry":{"type":"Polygon","coordinates":[[[127.19047766547044,37.38051164728421],[127.19047766547044,37.389504850921455],[127.19947086910769,37.389504850921455],[127.19947086910769,37.38051164728421],[127.19047766547044,37.38051164728421]]]}},{"type":"Feature","properties":{"jobs":1009,"pop":269,"pointCount":1,"homeWorkCommuteMedian":8185,"workHomeCommuteMedian":6480},"geometry":{"type":"Polygon","coordinates":[[[127.19047766547044,37.40749125819595],[127.19047766547044,37.41648446183319],[127.19947086910769,37.41648446183319],[127.19947086910769,37.40749125819595],[127.19047766547044,37.40749125819595]]]}},{"type":"Feature","properties":{"jobs":2058,"pop":372,"pointCount":1,"homeWorkCommuteMedian":16812,"workHomeCommuteMedian":16206},"geometry":{"type":"Polygon","coordinates":[[[127.19947086910769,37.12870194544132],[127.19947086910769,37.13769514907857],[127.20846407274493,37.13769514907857],[127.20846407274493,37.12870194544132],[127.19947086910769,37.12870194544132]]]}},{"type":"Feature","properties":{"jobs":9703,"pop":4061,"pointCount":2,"homeWorkCommuteMedian":9603,"workHomeCommuteMedian":9913},"geometry":{"type":"Polygon","coordinates":[[[127.19947086910769,37.1826611672648],[127.19947086910769,37.19165437090204],[127.20846407274493,37.19165437090204],[127.20846407274493,37.1826611672648],[127.19947086910769,37.1826611672648]]]}},{"type":"Feature","properties":{"jobs":1737,"pop":869,"pointCount":1,"homeWorkCommuteMedian":8631,"workHomeCommuteMedian":8628},"geometry":{"type":"Polygon","coordinates":[[[127.19947086910769,37.19165437090204],[127.19947086910769,37.20064757453929],[127.20846407274493,37.20064757453929],[127.20846407274493,37.19165437090204],[127.19947086910769,37.19165437090204]]]}},{"type":"Feature","properties":{"jobs":1075,"pop":26,"pointCount":1,"homeWorkCommuteMedian":9139,"workHomeCommuteMedian":9340},"geometry":{"type":"Polygon","coordinates":[[[127.19947086910769,37.20064757453929],[127.19947086910769,37.209640778176535],[127.20846407274493,37.209640778176535],[127.20846407274493,37.20064757453929],[127.19947086910769,37.20064757453929]]]}},{"type":"Feature","properties":{"jobs":787,"pop":3627,"pointCount":2,"homeWorkCommuteMedian":16098,"workHomeCommuteMedian":-1},"geometry":{"type":"Polygon","coordinates":[[[127.19947086910769,37.21863398181378],[127.19947086910769,37.22762718545103],[127.20846407274493,37.22762718545103],[127.20846407274493,37.21863398181378],[127.19947086910769,37.21863398181378]]]}},{"type":"Feature","properties":{"jobs":5459,"pop":973,"pointCount":4,"homeWorkCommuteMedian":6371,"workHomeCommuteMedian":6126},"geometry":{"type":"Polygon","coordinates":[[[127.19947086910769,37.22762718545103],[127.19947086910769,37.23662038908827],[127.20846407274493,37.23662038908827],[127.20846407274493,37.22762718545103],[127.19947086910769,37.22762718545103]]]}},{"type":"Feature","properties":{"jobs":1695,"pop":287,"pointCount":1,"homeWorkCommuteMedian":6270,"workHomeCommuteMedian":6260},"geometry":{"type":"Polygon","coordinates":[[[127.19947086910769,37.23662038908827],[127.19947086910769,37.24561359272552],[127.20846407274493,37.24561359272552],[127.20846407274493,37.23662038908827],[127.19947086910769,37.23662038908827]]]}},{"type":"Feature","properties":{"jobs":3366,"pop":414,"pointCount":3,"homeWorkCommuteMedian":15982,"workHomeCommuteMedian":16174},"geometry":{"type":"Polygon","coordinates":[[[127.19947086910769,37.26360000000001],[127.19947086910769,37.27259320363726],[127.20846407274493,37.27259320363726],[127.20846407274493,37.26360000000001],[127.19947086910769,37.26360000000001]]]}},{"type":"Feature","properties":{"jobs":1576,"pop":254,"pointCount":1,"homeWorkCommuteMedian":20291,"workHomeCommuteMedian":16536},"geometry":{"type":"Polygon","coordinates":[[[127.19947086910769,37.38051164728421],[127.19947086910769,37.389504850921455],[127.20846407274493,37.389504850921455],[127.20846407274493,37.38051164728421],[127.19947086910769,37.38051164728421]]]}},{"type":"Feature","properties":{"jobs":45,"pop":135,"pointCount":1,"homeWorkCommuteMedian":30875,"workHomeCommuteMedian":-1},"geometry":{"type":"Polygon","coordinates":[[[127.19947086910769,37.3984980545587],[127.19947086910769,37.40749125819595],[127.20846407274493,37.40749125819595],[127.20846407274493,37.3984980545587],[127.19947086910769,37.3984980545587]]]}},{"type":"Feature","properties":{"jobs":584,"pop":221,"pointCount":2,"homeWorkCommuteMedian":36582,"workHomeCommuteMedian":4880},"geometry":{"type":"Polygon","coordinates":[[[127.19947086910769,37.40749125819595],[127.19947086910769,37.41648446183319],[127.20846407274493,37.41648446183319],[127.20846407274493,37.40749125819595],[127.19947086910769,37.40749125819595]]]}},{"type":"Feature","properties":{"jobs":540,"pop":26,"pointCount":1,"homeWorkCommuteMedian":5584,"workHomeCommuteMedian":5599},"geometry":{"type":"Polygon","coordinates":[[[127.19947086910769,37.41648446183319],[127.19947086910769,37.42547766547044],[127.20846407274493,37.42547766547044],[127.20846407274493,37.41648446183319],[127.19947086910769,37.41648446183319]]]}},{"type":"Feature","properties":{"jobs":464,"pop":22,"pointCount":1,"homeWorkCommuteMedian":3986,"workHomeCommuteMedian":5625},"geometry":{"type":"Polygon","coordinates":[[[127.19947086910769,37.42547766547044],[127.19947086910769,37.434470869107685],[127.20846407274493,37.434470869107685],[127.20846407274493,37.42547766547044],[127.19947086910769,37.42547766547044]]]}},{"type":"Feature","properties":{"jobs":2667,"pop":1193,"pointCount":1,"homeWorkCommuteMedian":10911,"workHomeCommuteMedian":9835},"geometry":{"type":"Polygon","coordinates":[[[127.20846407274493,37.1826611672648],[127.20846407274493,37.19165437090204],[127.21745727638218,37.19165437090204],[127.21745727638218,37.1826611672648],[127.20846407274493,37.1826611672648]]]}},{"type":"Feature","properties":{"jobs":9656,"pop":2798,"pointCount":5,"homeWorkCommuteMedian":5308,"workHomeCommuteMedian":5306},"geometry":{"type":"Polygon","coordinates":[[[127.20846407274493,37.22762718545103],[127.20846407274493,37.23662038908827],[127.21745727638218,37.23662038908827],[127.21745727638218,37.22762718545103],[127.20846407274493,37.22762718545103]]]}},{"type":"Feature","properties":{"jobs":6206,"pop":910,"pointCount":4,"homeWorkCommuteMedian":5648,"workHomeCommuteMedian":5090},"geometry":{"type":"Polygon","coordinates":[[[127.20846407274493,37.23662038908827],[127.20846407274493,37.24561359272552],[127.21745727638218,37.24561359272552],[127.21745727638218,37.23662038908827],[127.20846407274493,37.23662038908827]]]}},{"type":"Feature","properties":{"jobs":1431,"pop":174,"pointCount":1,"homeWorkCommuteMedian":5254,"workHomeCommuteMedian":5689},"geometry":{"type":"Polygon","coordinates":[[[127.20846407274493,37.24561359272552],[127.20846407274493,37.254606796362765],[127.21745727638218,37.254606796362765],[127.21745727638218,37.24561359272552],[127.20846407274493,37.24561359272552]]]}},{"type":"Feature","properties":{"jobs":10545,"pop":3946,"pointCount":3,"homeWorkCommuteMedian":8464,"workHomeCommuteMedian":6495},"geometry":{"type":"Polygon","coordinates":[[[127.20846407274493,37.254606796362765],[127.20846407274493,37.26360000000001],[127.21745727638218,37.26360000000001],[127.21745727638218,37.254606796362765],[127.20846407274493,37.254606796362765]]]}},{"type":"Feature","properties":{"jobs":6164,"pop":1910,"pointCount":3,"homeWorkCommuteMedian":7313,"workHomeCommuteMedian":7251},"geometry":{"type":"Polygon","coordinates":[[[127.20846407274493,37.26360000000001],[127.20846407274493,37.27259320363726],[127.21745727638218,37.27259320363726],[127.21745727638218,37.26360000000001],[127.20846407274493,37.26360000000001]]]}},{"type":"Feature","properties":{"jobs":985,"pop":47,"pointCount":1,"homeWorkCommuteMedian":21037,"workHomeCommuteMedian":20791},"geometry":{"type":"Polygon","coordinates":[[[127.20846407274493,37.27259320363726],[127.20846407274493,37.2815864072745],[127.21745727638218,37.2815864072745],[127.21745727638218,37.27259320363726],[127.20846407274493,37.27259320363726]]]}},{"type":"Feature","properties":{"jobs":3830,"pop":1100,"pointCount":3,"homeWorkCommuteMedian":9815,"workHomeCommuteMedian":9628},"geometry":{"type":"Polygon","coordinates":[[[127.20846407274493,37.2815864072745],[127.20846407274493,37.29057961091175],[127.21745727638218,37.29057961091175],[127.21745727638218,37.2815864072745],[127.20846407274493,37.2815864072745]]]}},{"type":"Feature","properties":{"jobs":1272,"pop":136,"pointCount":1,"homeWorkCommuteMedian":20461,"workHomeCommuteMedian":22367},"geometry":{"type":"Polygon","coordinates":[[[127.20846407274493,37.35353203637247],[127.20846407274493,37.36252524000972],[127.21745727638218,37.36252524000972],[127.21745727638218,37.35353203637247],[127.20846407274493,37.35353203637247]]]}},{"type":"Feature","properties":{"jobs":989,"pop":24,"pointCount":1,"homeWorkCommuteMedian":29531,"workHomeCommuteMedian":40575},"geometry":{"type":"Polygon","coordinates":[[[127.20846407274493,37.36252524000972],[127.20846407274493,37.37151844364696],[127.21745727638218,37.37151844364696],[127.21745727638218,37.36252524000972],[127.20846407274493,37.36252524000972]]]}},{"type":"Feature","properties":{"jobs":510,"pop":24,"pointCount":1,"homeWorkCommuteMedian":6321,"workHomeCommuteMedian":4516},"geometry":{"type":"Polygon","coordinates":[[[127.20846407274493,37.42547766547044],[127.20846407274493,37.434470869107685],[127.21745727638218,37.434470869107685],[127.21745727638218,37.42547766547044],[127.20846407274493,37.42547766547044]]]}},{"type":"Feature","properties":{"jobs":528,"pop":200,"pointCount":1,"homeWorkCommuteMedian":43651,"workHomeCommuteMedian":-1},"geometry":{"type":"Polygon","coordinates":[[[127.21745727638218,37.22762718545103],[127.21745727638218,37.23662038908827],[127.22645048001942,37.23662038908827],[127.22645048001942,37.22762718545103],[127.21745727638218,37.22762718545103]]]}},{"type":"Feature","properties":{"jobs":5189,"pop":1368,"pointCount":2,"homeWorkCommuteMedian":5301,"workHomeCommuteMedian":4931},"geometry":{"type":"Polygon","coordinates":[[[127.21745727638218,37.23662038908827],[127.21745727638218,37.24561359272552],[127.22645048001942,37.24561359272552],[127.22645048001942,37.23662038908827],[127.21745727638218,37.23662038908827]]]}},{"type":"Feature","properties":{"jobs":5759,"pop":2136,"pointCount":2,"homeWorkCommuteMedian":12796,"workHomeCommuteMedian":5220},"geometry":{"type":"Polygon","coordinates":[[[127.21745727638218,37.24561359272552],[127.21745727638218,37.254606796362765],[127.22645048001942,37.254606796362765],[127.22645048001942,37.24561359272552],[127.21745727638218,37.24561359272552]]]}},{"type":"Feature","properties":{"jobs":14007,"pop":8692,"pointCount":3,"homeWorkCommuteMedian":7506,"workHomeCommuteMedian":7571},"geometry":{"type":"Polygon","coordinates":[[[127.21745727638218,37.26360000000001],[127.21745727638218,37.27259320363726],[127.22645048001942,37.27259320363726],[127.22645048001942,37.26360000000001],[127.21745727638218,37.26360000000001]]]}},{"type":"Feature","properties":{"jobs":2051,"pop":338,"pointCount":1,"homeWorkCommuteMedian":8955,"workHomeCommuteMedian":7564},"geometry":{"type":"Polygon","coordinates":[[[127.21745727638218,37.27259320363726],[127.21745727638218,37.2815864072745],[127.22645048001942,37.2815864072745],[127.22645048001942,37.27259320363726],[127.21745727638218,37.27259320363726]]]}},{"type":"Feature","properties":{"jobs":11,"pop":189,"pointCount":1,"homeWorkCommuteMedian":11871,"workHomeCommuteMedian":-1},"geometry":{"type":"Polygon","coordinates":[[[127.21745727638218,37.29057961091175],[127.21745727638218,37.299572814548995],[127.22645048001942,37.299572814548995],[127.22645048001942,37.29057961091175],[127.21745727638218,37.29057961091175]]]}},{"type":"Feature","properties":{"jobs":4926,"pop":776,"pointCount":3,"homeWorkCommuteMedian":22503,"workHomeCommuteMedian":22393},"geometry":{"type":"Polygon","coordinates":[[[127.21745727638218,37.37151844364696],[127.21745727638218,37.38051164728421],[127.22645048001942,37.38051164728421],[127.22645048001942,37.37151844364696],[127.21745727638218,37.37151844364696]]]}},{"type":"Feature","properties":{"jobs":2833,"pop":688,"pointCount":1,"homeWorkCommuteMedian":22619,"workHomeCommuteMedian":22682},"geometry":{"type":"Polygon","coordinates":[[[127.21745727638218,37.38051164728421],[127.21745727638218,37.389504850921455],[127.22645048001942,37.389504850921455],[127.22645048001942,37.38051164728421],[127.21745727638218,37.38051164728421]]]}},{"type":"Feature","properties":{"jobs":2355,"pop":794,"pointCount":2,"homeWorkCommuteMedian":22969,"workHomeCommuteMedian":23399},"geometry":{"type":"Polygon","coordinates":[[[127.21745727638218,37.389504850921455],[127.21745727638218,37.3984980545587],[127.22645048001942,37.3984980545587],[127.22645048001942,37.389504850921455],[127.21745727638218,37.389504850921455]]]}},{"type":"Feature","properties":{"jobs":1946,"pop":380,"pointCount":2,"homeWorkCommuteMedian":14173,"workHomeCommuteMedian":10758},"geometry":{"type":"Polygon","coordinates":[[[127.22645048001942,37.20064757453929],[127.22645048001942,37.209640778176535],[127.23544368365667,37.209640778176535],[127.23544368365667,37.20064757453929],[127.22645048001942,37.20064757453929]]]}},{"type":"Feature","properties":{"jobs":2246,"pop":162,"pointCount":2,"homeWorkCommuteMedian":13005,"workHomeCommuteMedian":10344},"geometry":{"type":"Polygon","coordinates":[[[127.22645048001942,37.209640778176535],[127.22645048001942,37.21863398181378],[127.23544368365667,37.21863398181378],[127.23544368365667,37.209640778176535],[127.22645048001942,37.209640778176535]]]}},{"type":"Feature","properties":{"jobs":2019,"pop":387,"pointCount":1,"homeWorkCommuteMedian":6579,"workHomeCommuteMedian":6510},"geometry":{"type":"Polygon","coordinates":[[[127.22645048001942,37.23662038908827],[127.22645048001942,37.24561359272552],[127.23544368365667,37.24561359272552],[127.23544368365667,37.23662038908827],[127.22645048001942,37.23662038908827]]]}},{"type":"Feature","properties":{"jobs":2760,"pop":775,"pointCount":2,"homeWorkCommuteMedian":6009,"workHomeCommuteMedian":6419},"geometry":{"type":"Polygon","coordinates":[[[127.22645048001942,37.24561359272552],[127.22645048001942,37.254606796362765],[127.23544368365667,37.254606796362765],[127.23544368365667,37.24561359272552],[127.22645048001942,37.24561359272552]]]}},{"type":"Feature","properties":{"jobs":2304,"pop":339,"pointCount":2,"homeWorkCommuteMedian":17102,"workHomeCommuteMedian":17584},"geometry":{"type":"Polygon","coordinates":[[[127.22645048001942,37.27259320363726],[127.22645048001942,37.2815864072745],[127.23544368365667,37.2815864072745],[127.23544368365667,37.27259320363726],[127.22645048001942,37.27259320363726]]]}},{"type":"Feature","properties":{"jobs":1196,"pop":221,"pointCount":2,"homeWorkCommuteMedian":36477,"workHomeCommuteMedian":22519},"geometry":{"type":"Polygon","coordinates":[[[127.22645048001942,37.2815864072745],[127.22645048001942,37.29057961091175],[127.23544368365667,37.29057961091175],[127.23544368365667,37.2815864072745],[127.22645048001942,37.2815864072745]]]}},{"type":"Feature","properties":{"jobs":1025,"pop":25,"pointCount":1,"homeWorkCommuteMedian":24425,"workHomeCommuteMedian":19917},"geometry":{"type":"Polygon","coordinates":[[[127.22645048001942,37.29057961091175],[127.22645048001942,37.299572814548995],[127.23544368365667,37.299572814548995],[127.23544368365667,37.29057961091175],[127.22645048001942,37.29057961091175]]]}},{"type":"Feature","properties":{"jobs":1377,"pop":148,"pointCount":1,"homeWorkCommuteMedian":22224,"workHomeCommuteMedian":22211},"geometry":{"type":"Polygon","coordinates":[[[127.22645048001942,37.36252524000972],[127.22645048001942,37.37151844364696],[127.23544368365667,37.37151844364696],[127.23544368365667,37.36252524000972],[127.22645048001942,37.36252524000972]]]}},{"type":"Feature","properties":{"jobs":7398,"pop":2473,"pointCount":3,"homeWorkCommuteMedian":22573,"workHomeCommuteMedian":21602},"geometry":{"type":"Polygon","coordinates":[[[127.22645048001942,37.37151844364696],[127.22645048001942,37.38051164728421],[127.23544368365667,37.38051164728421],[127.23544368365667,37.37151844364696],[127.22645048001942,37.37151844364696]]]}},{"type":"Feature","properties":{"jobs":8144,"pop":2170,"pointCount":3,"homeWorkCommuteMedian":22133,"workHomeCommuteMedian":21723},"geometry":{"type":"Polygon","coordinates":[[[127.22645048001942,37.38051164728421],[127.22645048001942,37.389504850921455],[127.23544368365667,37.389504850921455],[127.23544368365667,37.38051164728421],[127.22645048001942,37.38051164728421]]]}},{"type":"Feature","properties":{"jobs":1782,"pop":324,"pointCount":1,"homeWorkCommuteMedian":22518,"workHomeCommuteMedian":22608},"geometry":{"type":"Polygon","coordinates":[[[127.22645048001942,37.389504850921455],[127.22645048001942,37.3984980545587],[127.23544368365667,37.3984980545587],[127.23544368365667,37.389504850921455],[127.22645048001942,37.389504850921455]]]}},{"type":"Feature","properties":{"jobs":818,"pop":39,"pointCount":1,"homeWorkCommuteMedian":9885,"workHomeCommuteMedian":10897},"geometry":{"type":"Polygon","coordinates":[[[127.22645048001942,37.3984980545587],[127.22645048001942,37.40749125819595],[127.23544368365667,37.40749125819595],[127.23544368365667,37.3984980545587],[127.22645048001942,37.3984980545587]]]}},{"type":"Feature","properties":{"jobs":872,"pop":42,"pointCount":1,"homeWorkCommuteMedian":7505,"workHomeCommuteMedian":10451},"geometry":{"type":"Polygon","coordinates":[[[127.22645048001942,37.40749125819595],[127.22645048001942,37.41648446183319],[127.23544368365667,37.41648446183319],[127.23544368365667,37.40749125819595],[127.22645048001942,37.40749125819595]]]}},{"type":"Feature","properties":{"jobs":986,"pop":231,"pointCount":2,"homeWorkCommuteMedian":31604,"workHomeCommuteMedian":9874},"geometry":{"type":"Polygon","coordinates":[[[127.22645048001942,37.42547766547044],[127.22645048001942,37.434470869107685],[127.23544368365667,37.434470869107685],[127.23544368365667,37.42547766547044],[127.22645048001942,37.42547766547044]]]}},{"type":"Feature","properties":{"jobs":1339,"pop":144,"pointCount":1,"homeWorkCommuteMedian":15792,"workHomeCommuteMedian":13823},"geometry":{"type":"Polygon","coordinates":[[[127.23544368365667,37.164674759990305],[127.23544368365667,37.17366796362755],[127.24443688729392,37.17366796362755],[127.24443688729392,37.164674759990305],[127.23544368365667,37.164674759990305]]]}},{"type":"Feature","properties":{"jobs":409,"pop":198,"pointCount":1,"homeWorkCommuteMedian":48220,"workHomeCommuteMedian":-1},"geometry":{"type":"Polygon","coordinates":[[[127.23544368365667,37.17366796362755],[127.23544368365667,37.1826611672648],[127.24443688729392,37.1826611672648],[127.24443688729392,37.17366796362755],[127.23544368365667,37.17366796362755]]]}},{"type":"Feature","properties":{"jobs":2675,"pop":1037,"pointCount":2,"homeWorkCommuteMedian":7266,"workHomeCommuteMedian":6942},"geometry":{"type":"Polygon","coordinates":[[[127.23544368365667,37.22762718545103],[127.23544368365667,37.23662038908827],[127.24443688729392,37.23662038908827],[127.24443688729392,37.22762718545103],[127.23544368365667,37.22762718545103]]]}},{"type":"Feature","properties":{"jobs":209,"pop":187,"pointCount":1,"homeWorkCommuteMedian":37849,"workHomeCommuteMedian":-1},"geometry":{"type":"Polygon","coordinates":[[[127.23544368365667,37.24561359272552],[127.23544368365667,37.254606796362765],[127.24443688729392,37.254606796362765],[127.24443688729392,37.24561359272552],[127.23544368365667,37.24561359272552]]]}},{"type":"Feature","properties":{"jobs":840,"pop":20,"pointCount":1,"homeWorkCommuteMedian":16040,"workHomeCommuteMedian":16506},"geometry":{"type":"Polygon","coordinates":[[[127.23544368365667,37.254606796362765],[127.23544368365667,37.26360000000001],[127.24443688729392,37.26360000000001],[127.24443688729392,37.254606796362765],[127.23544368365667,37.254606796362765]]]}},{"type":"Feature","properties":{"jobs":1367,"pop":127,"pointCount":1,"homeWorkCommuteMedian":18893,"workHomeCommuteMedian":10865},"geometry":{"type":"Polygon","coordinates":[[[127.23544368365667,37.29057961091175],[127.23544368365667,37.299572814548995],[127.24443688729392,37.299572814548995],[127.24443688729392,37.29057961091175],[127.23544368365667,37.29057961091175]]]}},{"type":"Feature","properties":{"jobs":1923,"pop":245,"pointCount":2,"homeWorkCommuteMedian":27099,"workHomeCommuteMedian":34058},"geometry":{"type":"Polygon","coordinates":[[[127.23544368365667,37.35353203637247],[127.23544368365667,37.36252524000972],[127.24443688729392,37.36252524000972],[127.24443688729392,37.35353203637247],[127.23544368365667,37.35353203637247]]]}},{"type":"Feature","properties":{"jobs":1335,"pop":142,"pointCount":1,"homeWorkCommuteMedian":19471,"workHomeCommuteMedian":19496},"geometry":{"type":"Polygon","coordinates":[[[127.23544368365667,37.36252524000972],[127.23544368365667,37.37151844364696],[127.24443688729392,37.37151844364696],[127.24443688729392,37.36252524000972],[127.23544368365667,37.36252524000972]]]}},{"type":"Feature","properties":{"jobs":1180,"pop":89,"pointCount":1,"homeWorkCommuteMedian":30342,"workHomeCommuteMedian":37174},"geometry":{"type":"Polygon","coordinates":[[[127.23544368365667,37.38051164728421],[127.23544368365667,37.389504850921455],[127.24443688729392,37.389504850921455],[127.24443688729392,37.38051164728421],[127.23544368365667,37.38051164728421]]]}},{"type":"Feature","properties":{"jobs":3430,"pop":1411,"pointCount":1,"homeWorkCommuteMedian":23012,"workHomeCommuteMedian":23340},"geometry":{"type":"Polygon","coordinates":[[[127.23544368365667,37.389504850921455],[127.23544368365667,37.3984980545587],[127.24443688729392,37.3984980545587],[127.24443688729392,37.389504850921455],[127.23544368365667,37.389504850921455]]]}},{"type":"Feature","properties":{"jobs":435,"pop":417,"pointCount":1,"homeWorkCommuteMedian":40211,"workHomeCommuteMedian":9117},"geometry":{"type":"Polygon","coordinates":[[[127.23544368365667,37.3984980545587],[127.23544368365667,37.40749125819595],[127.24443688729392,37.40749125819595],[127.24443688729392,37.3984980545587],[127.23544368365667,37.3984980545587]]]}},{"type":"Feature","properties":{"jobs":908,"pop":44,"pointCount":2,"homeWorkCommuteMedian":9325,"workHomeCommuteMedian":11257},"geometry":{"type":"Polygon","coordinates":[[[127.23544368365667,37.40749125819595],[127.23544368365667,37.41648446183319],[127.24443688729392,37.41648446183319],[127.24443688729392,37.40749125819595],[127.23544368365667,37.40749125819595]]]}},{"type":"Feature","properties":{"jobs":924,"pop":65,"pointCount":1,"homeWorkCommuteMedian":12452,"workHomeCommuteMedian":12584},"geometry":{"type":"Polygon","coordinates":[[[127.23544368365667,37.41648446183319],[127.23544368365667,37.42547766547044],[127.24443688729392,37.42547766547044],[127.24443688729392,37.41648446183319],[127.23544368365667,37.41648446183319]]]}},{"type":"Feature","properties":{"jobs":2468,"pop":526,"pointCount":4,"homeWorkCommuteMedian":10506,"workHomeCommuteMedian":7894},"geometry":{"type":"Polygon","coordinates":[[[127.23544368365667,37.42547766547044],[127.23544368365667,37.434470869107685],[127.24443688729392,37.434470869107685],[127.24443688729392,37.42547766547044],[127.23544368365667,37.42547766547044]]]}}],"properties":{"residentWeightedNearestNeighborKm":{"p10":0.39748627016530175,"p25":0.39767716607731673,"p50":0.39808229851866256,"p75":0.3984391790062078,"p90":0.3988429750179535,"mean":0.40868257191128554},"workerWeightedNearestNeighborKm":{"p10":0.3974385216666574,"p25":0.39767716607731673,"p50":0.3981061077469062,"p75":0.3984867213011357,"p90":0.3989853215374941,"mean":0.4121343345701174},"commuteDistanceKm":{"p10":2589,"p25":3765,"p50":5857,"p75":9357,"p90":16913,"mean":8051.307034186504},"residentCellDensity":{"p10":109,"p25":415,"p50":1916,"p75":5086,"p90":9194,"mean":3438.9775910364147},"workerCellDensity":{"p10":1193,"p25":2675,"p50":7415,"p75":14705,"p90":22813,"mean":10061.549237170597},"detail":{"radiusKm":0.3980942029547865,"expectedPointSpacingKm":0.6343057228182637,"normalizedRadius":0.627606197822127,"activityPerPoint":2416.8499505518707,"playableAreaKm2":1148,"playableAreaPerPointKm2":0.640625,"playableCatchmentRadiusKm":0.45157199961522293,"localityScore":0.3816797461180228,"deaggregationScore":1,"score":0.6178023519848583},"polycentrism":{"activity":{"score":0.8681004571279307,"continuousScore":0.7873255942504943,"detectedCenterCount":2,"effectiveCenterCount":1.7669412560457638,"largestCenterShare":0.6815898833030555,"bandwidthKm":1.3,"reliabilityScore":1,"supportLevel":"high","usedFallback":false,"topCenters":[{"longitude":127.06166170301567,"latitude":37.25446999436694,"massShare":0.6815898833030555,"assignedMass":6811872,"assignedPointCount":1209,"prominenceRatio":1},{"longitude":126.98049639882193,"latitude":37.3762555028832,"massShare":0.3184101166969446,"assignedMass":3182220,"assignedPointCount":583,"prominenceRatio":1}],"debug":{"rawPeakCount":27,"mergedPeakCount":21,"filteredPeakCount":2,"prominenceThreshold":0.22,"minPointsPerCenter":10,"rejectedCenters":[{"longitude":126.9841893111512,"latitude":37.29019409657749,"massShare":0.09907023069229301,"assignedMass":990117,"assignedPointCount":161,"prominenceRatio":0.9996767188483988,"strongestCompetitorDistanceKm":5.302322283132341,"strongestCompetitorPotential":392890.59858622786,"localConsolidatedShare":0.09907023069229301,"localConsolidatedMass":990117,"localContributorCount":1,"localContributorDistancesKm":[],"rejectionReasons":["not_dominant_local_peak","too_close_for_low_share_center"]},{"longitude":127.11899536112901,"latitude":37.38364327009153,"massShare":0.1358912845709245,"assignedMass":1358110,"assignedPointCount":234,"prominenceRatio":1,"strongestCompetitorDistanceKm":13.593518480758219,"strongestCompetitorPotential":392890.59858622786,"localConsolidatedShare":0.1358912845709245,"localConsolidatedMass":1358110,"localContributorCount":1,"localContributorDistancesKm":[],"rejectionReasons":["not_dominant_local_peak"]},{"longitude":127.07311839729246,"latitude":37.31411193583409,"massShare":0.05419161640697324,"assignedMass":541596,"assignedPointCount":103,"prominenceRatio":0.9999978645264916,"strongestCompetitorDistanceKm":6.796759240379536,"strongestCompetitorPotential":392890.59858622786,"localConsolidatedShare":0.05419161640697324,"localConsolidatedMass":541596,"localContributorCount":1,"localContributorDistancesKm":[],"rejectionReasons":["below_secondary_share_floor"]},{"longitude":127.10192605677715,"latitude":37.18898442965198,"massShare":0.07824672816700107,"assignedMass":782005,"assignedPointCount":120,"prominenceRatio":0.9999999999999999,"strongestCompetitorDistanceKm":11.265775629122057,"strongestCompetitorPotential":392890.59858622786,"localConsolidatedShare":0.07824672816700107,"localConsolidatedMass":782005,"localContributorCount":1,"localContributorDistancesKm":[],"rejectionReasons":["not_dominant_local_peak","too_close_for_low_share_center"]},{"longitude":127.11202259733751,"latitude":37.288377135521735,"massShare":0.03935495090499467,"assignedMass":393317,"assignedPointCount":68,"prominenceRatio":0.99999992150273,"strongestCompetitorDistanceKm":7.619957314350407,"strongestCompetitorPotential":392890.59858622786,"localConsolidatedShare":0.03935495090499467,"localConsolidatedMass":393317,"localContributorCount":1,"localContributorDistancesKm":[],"rejectionReasons":["below_secondary_share_floor"]},{"longitude":127.1456774250091,"latitude":37.27185460781328,"massShare":0.035158371565921144,"assignedMass":351376,"assignedPointCount":58,"prominenceRatio":0.9999999999993088,"strongestCompetitorDistanceKm":9.875878830630809,"strongestCompetitorPotential":392890.59858622786,"localConsolidatedShare":0.035158371565921144,"localConsolidatedMass":351376,"localContributorCount":1,"localContributorDistancesKm":[],"rejectionReasons":["below_secondary_share_floor"]},{"longitude":126.95895467802956,"latitude":37.222442619762006,"massShare":0.03741000182908062,"assignedMass":373879,"assignedPointCount":68,"prominenceRatio":0.9999999999572328,"strongestCompetitorDistanceKm":9.146858254959204,"strongestCompetitorPotential":392890.59858622786,"localConsolidatedShare":0.03741000182908062,"localConsolidatedMass":373879,"localContributorCount":1,"localContributorDistancesKm":[],"rejectionReasons":["below_secondary_share_floor"]},{"longitude":126.85823269006406,"latitude":37.30455470871333,"massShare":0.04258976203140816,"assignedMass":425646,"assignedPointCount":134,"prominenceRatio":1,"strongestCompetitorDistanceKm":12.788103814015917,"strongestCompetitorPotential":355503.68246826704,"localConsolidatedShare":0.04258976203140816,"localConsolidatedMass":425646,"localContributorCount":1,"localContributorDistancesKm":[],"rejectionReasons":["below_secondary_share_floor"]},{"longitude":127.05789772177751,"latitude":37.157846524076184,"massShare":0.040952594793003706,"assignedMass":409284,"assignedPointCount":92,"prominenceRatio":1,"strongestCompetitorDistanceKm":12.816038432481603,"strongestCompetitorPotential":392890.59858622786,"localConsolidatedShare":0.040952594793003706,"localConsolidatedMass":409284,"localContributorCount":1,"localContributorDistancesKm":[],"rejectionReasons":["below_secondary_share_floor"]},{"longitude":127.21007543133373,"latitude":37.243543358860634,"massShare":0.030659813818003676,"assignedMass":306417,"assignedPointCount":79,"prominenceRatio":1,"strongestCompetitorDistanceKm":13.47507442186914,"strongestCompetitorPotential":392890.59858622786,"localConsolidatedShare":0.030659813818003676,"localConsolidatedMass":306417,"localContributorCount":1,"localContributorDistancesKm":[],"rejectionReasons":["below_secondary_share_floor"]},{"longitude":126.91186404880656,"latitude":37.11745770641391,"massShare":0.014605028650926968,"assignedMass":145964,"assignedPointCount":35,"prominenceRatio":1,"strongestCompetitorDistanceKm":19.10096021218988,"strongestCompetitorPotential":392890.59858622786,"localConsolidatedShare":0.014605028650926968,"localConsolidatedMass":145964,"localContributorCount":1,"localContributorDistancesKm":[],"rejectionReasons":["below_secondary_share_floor"]},{"longitude":126.82334990565168,"latitude":37.199335466770535,"massShare":0.009762167488552237,"assignedMass":97564,"assignedPointCount":24,"prominenceRatio":1,"strongestCompetitorDistanceKm":20.184350694872293,"strongestCompetitorPotential":392890.59858622786,"localConsolidatedShare":0.009762167488552237,"localConsolidatedMass":97564,"localContributorCount":1,"localContributorDistancesKm":[],"rejectionReasons":["below_secondary_share_floor"]},{"longitude":127.17463516497791,"latitude":37.14943907508444,"massShare":0.006932295600240622,"assignedMass":69282,"assignedPointCount":12,"prominenceRatio":1,"strongestCompetitorDistanceKm":16.657833779181605,"strongestCompetitorPotential":392890.59858622786,"localConsolidatedShare":0.006932295600240622,"localConsolidatedMass":69282,"localContributorCount":1,"localContributorDistancesKm":[],"rejectionReasons":["below_secondary_share_floor"]},{"longitude":127.20793722498085,"latitude":37.403558069582324,"massShare":0.013738616774790546,"assignedMass":137305,"assignedPointCount":60,"prominenceRatio":1,"strongestCompetitorDistanceKm":21.495365973230186,"strongestCompetitorPotential":392890.59858622786,"localConsolidatedShare":0.013738616774790546,"localConsolidatedMass":137305,"localContributorCount":1,"localContributorDistancesKm":[],"rejectionReasons":["below_secondary_share_floor"]},{"longitude":126.81370408163266,"latitude":37.10204627227409,"massShare":0.003633046403815374,"assignedMass":36309,"assignedPointCount":11,"prominenceRatio":1,"strongestCompetitorDistanceKm":27.26653614150924,"strongestCompetitorPotential":392890.59858622786,"localConsolidatedShare":0.003633046403815374,"localConsolidatedMass":36309,"localContributorCount":1,"localContributorDistancesKm":[],"rejectionReasons":["below_secondary_share_floor"]},{"longitude":127.21470719547713,"latitude":37.19087053280795,"massShare":0.002920225269088978,"assignedMass":29185,"assignedPointCount":11,"prominenceRatio":1,"strongestCompetitorDistanceKm":16.763945533666625,"strongestCompetitorPotential":392890.59858622786,"localConsolidatedShare":0.002920225269088978,"localConsolidatedMass":29185,"localContributorCount":1,"localContributorDistancesKm":[],"rejectionReasons":["below_secondary_share_floor"]},{"longitude":126.86955541111472,"latitude":37.23842500812479,"massShare":0.0018472913797471545,"assignedMass":18462,"assignedPointCount":5,"prominenceRatio":1,"strongestCompetitorDistanceKm":14.864021963674206,"strongestCompetitorPotential":392890.59858622786,"localConsolidatedShare":0.0018472913797471545,"localConsolidatedMass":18462,"localContributorCount":1,"localContributorDistancesKm":[],"rejectionReasons":["below_min_points_per_center"]},{"longitude":127.05270540851551,"latitude":37.0924,"massShare":0.0007825623378291895,"assignedMass":7821,"assignedPointCount":3,"prominenceRatio":1,"strongestCompetitorDistanceKm":18.674518921237752,"strongestCompetitorPotential":392890.59858622786,"localConsolidatedShare":0.0007825623378291895,"localConsolidatedMass":7821,"localContributorCount":1,"localContributorDistancesKm":[],"rejectionReasons":["below_min_points_per_center"]},{"longitude":126.85382891094723,"latitude":37.429663573454334,"massShare":0.0017640421961294733,"assignedMass":17630,"assignedPointCount":8,"prominenceRatio":1,"strongestCompetitorDistanceKm":13.383472756467135,"strongestCompetitorPotential":355503.68246826704,"localConsolidatedShare":0.0017640421961294733,"localConsolidatedMass":17630,"localContributorCount":1,"localContributorDistancesKm":[],"rejectionReasons":["below_min_points_per_center"]}]}}}}}
