{"type":"FeatureCollection","features":[{"type":"Feature","properties":{"jobs":0,"pop":69,"pointCount":1,"homeWorkCommuteMedian":16150,"workHomeCommuteMedian":-1},"geometry":{"type":"Polygon","coordinates":[[[120.07146046153389,23.04741752490544],[120.07146046153389,23.056410728542687],[120.08045366517113,23.056410728542687],[120.08045366517113,23.04741752490544],[120.07146046153389,23.04741752490544]]]}},{"type":"Feature","properties":{"jobs":27,"pop":0,"pointCount":1,"homeWorkCommuteMedian":-1,"workHomeCommuteMedian":7987},"geometry":{"type":"Polygon","coordinates":[[[120.07146046153389,23.11936315400341],[120.07146046153389,23.128356357640655],[120.08045366517113,23.128356357640655],[120.08045366517113,23.11936315400341],[120.07146046153389,23.11936315400341]]]}},{"type":"Feature","properties":{"jobs":29,"pop":0,"pointCount":1,"homeWorkCommuteMedian":-1,"workHomeCommuteMedian":13184},"geometry":{"type":"Polygon","coordinates":[[[120.08045366517113,23.04741752490544],[120.08045366517113,23.056410728542687],[120.08944686880838,23.056410728542687],[120.08944686880838,23.04741752490544],[120.08045366517113,23.04741752490544]]]}},{"type":"Feature","properties":{"jobs":31,"pop":0,"pointCount":1,"homeWorkCommuteMedian":-1,"workHomeCommuteMedian":6298},"geometry":{"type":"Polygon","coordinates":[[[120.08045366517113,23.110369950366163],[120.08045366517113,23.11936315400341],[120.08944686880838,23.11936315400341],[120.08944686880838,23.110369950366163],[120.08045366517113,23.110369950366163]]]}},{"type":"Feature","properties":{"jobs":34,"pop":903,"pointCount":4,"homeWorkCommuteMedian":25162,"workHomeCommuteMedian":9796},"geometry":{"type":"Polygon","coordinates":[[[120.08045366517113,23.18231557946413],[120.08045366517113,23.191308783101377],[120.08944686880838,23.191308783101377],[120.08944686880838,23.18231557946413],[120.08045366517113,23.18231557946413]]]}},{"type":"Feature","properties":{"jobs":308,"pop":0,"pointCount":4,"homeWorkCommuteMedian":-1,"workHomeCommuteMedian":8660},"geometry":{"type":"Polygon","coordinates":[[[120.08045366517113,23.20929519037587],[120.08045366517113,23.218288394013115],[120.08944686880838,23.218288394013115],[120.08944686880838,23.20929519037587],[120.08045366517113,23.20929519037587]]]}},{"type":"Feature","properties":{"jobs":0,"pop":24,"pointCount":1,"homeWorkCommuteMedian":14731,"workHomeCommuteMedian":-1},"geometry":{"type":"Polygon","coordinates":[[[120.08944686880838,23.038424321268195],[120.08944686880838,23.04741752490544],[120.09844007244563,23.04741752490544],[120.09844007244563,23.038424321268195],[120.08944686880838,23.038424321268195]]]}},{"type":"Feature","properties":{"jobs":109,"pop":388,"pointCount":5,"homeWorkCommuteMedian":16174,"workHomeCommuteMedian":13276},"geometry":{"type":"Polygon","coordinates":[[[120.08944686880838,23.04741752490544],[120.08944686880838,23.056410728542687],[120.09844007244563,23.056410728542687],[120.09844007244563,23.04741752490544],[120.08944686880838,23.04741752490544]]]}},{"type":"Feature","properties":{"jobs":82,"pop":461,"pointCount":4,"homeWorkCommuteMedian":10041,"workHomeCommuteMedian":24209},"geometry":{"type":"Polygon","coordinates":[[[120.08944686880838,23.056410728542687],[120.08944686880838,23.065403932179933],[120.09844007244563,23.065403932179933],[120.09844007244563,23.056410728542687],[120.08944686880838,23.056410728542687]]]}},{"type":"Feature","properties":{"jobs":0,"pop":304,"pointCount":4,"homeWorkCommuteMedian":20281,"workHomeCommuteMedian":-1},"geometry":{"type":"Polygon","coordinates":[[[120.08944686880838,23.083390339454425],[120.08944686880838,23.09238354309167],[120.09844007244563,23.09238354309167],[120.09844007244563,23.083390339454425],[120.08944686880838,23.083390339454425]]]}},{"type":"Feature","properties":{"jobs":0,"pop":201,"pointCount":2,"homeWorkCommuteMedian":25051,"workHomeCommuteMedian":-1},"geometry":{"type":"Polygon","coordinates":[[[120.08944686880838,23.146342764915147],[120.08944686880838,23.155335968552393],[120.09844007244563,23.155335968552393],[120.09844007244563,23.146342764915147],[120.08944686880838,23.146342764915147]]]}},{"type":"Feature","properties":{"jobs":49,"pop":253,"pointCount":2,"homeWorkCommuteMedian":15755,"workHomeCommuteMedian":12226},"geometry":{"type":"Polygon","coordinates":[[[120.08944686880838,23.16432917218964],[120.08944686880838,23.173322375826885],[120.09844007244563,23.173322375826885],[120.09844007244563,23.16432917218964],[120.08944686880838,23.16432917218964]]]}},{"type":"Feature","properties":{"jobs":120,"pop":748,"pointCount":5,"homeWorkCommuteMedian":29243,"workHomeCommuteMedian":7628},"geometry":{"type":"Polygon","coordinates":[[[120.08944686880838,23.18231557946413],[120.08944686880838,23.191308783101377],[120.09844007244563,23.191308783101377],[120.09844007244563,23.18231557946413],[120.08944686880838,23.18231557946413]]]}},{"type":"Feature","properties":{"jobs":69,"pop":1010,"pointCount":7,"homeWorkCommuteMedian":31434,"workHomeCommuteMedian":7877},"geometry":{"type":"Polygon","coordinates":[[[120.08944686880838,23.20929519037587],[120.08944686880838,23.218288394013115],[120.09844007244563,23.218288394013115],[120.09844007244563,23.20929519037587],[120.08944686880838,23.20929519037587]]]}},{"type":"Feature","properties":{"jobs":0,"pop":229,"pointCount":1,"homeWorkCommuteMedian":7937,"workHomeCommuteMedian":-1},"geometry":{"type":"Polygon","coordinates":[[[120.08944686880838,23.218288394013115],[120.08944686880838,23.22728159765036],[120.09844007244563,23.22728159765036],[120.09844007244563,23.218288394013115],[120.08944686880838,23.218288394013115]]]}},{"type":"Feature","properties":{"jobs":0,"pop":318,"pointCount":1,"homeWorkCommuteMedian":36473,"workHomeCommuteMedian":-1},"geometry":{"type":"Polygon","coordinates":[[[120.08944686880838,23.22728159765036],[120.08944686880838,23.236274801287607],[120.09844007244563,23.236274801287607],[120.09844007244563,23.22728159765036],[120.08944686880838,23.22728159765036]]]}},{"type":"Feature","properties":{"jobs":0,"pop":51,"pointCount":1,"homeWorkCommuteMedian":15541,"workHomeCommuteMedian":-1},"geometry":{"type":"Polygon","coordinates":[[[120.09844007244563,23.065403932179933],[120.09844007244563,23.07439713581718],[120.10743327608287,23.07439713581718],[120.10743327608287,23.065403932179933],[120.09844007244563,23.065403932179933]]]}},{"type":"Feature","properties":{"jobs":0,"pop":180,"pointCount":2,"homeWorkCommuteMedian":20200,"workHomeCommuteMedian":-1},"geometry":{"type":"Polygon","coordinates":[[[120.09844007244563,23.083390339454425],[120.09844007244563,23.09238354309167],[120.10743327608287,23.09238354309167],[120.10743327608287,23.083390339454425],[120.09844007244563,23.083390339454425]]]}},{"type":"Feature","properties":{"jobs":70,"pop":136,"pointCount":4,"homeWorkCommuteMedian":17797,"workHomeCommuteMedian":15715},"geometry":{"type":"Polygon","coordinates":[[[120.09844007244563,23.09238354309167],[120.09844007244563,23.101376746728917],[120.10743327608287,23.101376746728917],[120.10743327608287,23.09238354309167],[120.09844007244563,23.09238354309167]]]}},{"type":"Feature","properties":{"jobs":0,"pop":22,"pointCount":1,"homeWorkCommuteMedian":24391,"workHomeCommuteMedian":-1},"geometry":{"type":"Polygon","coordinates":[[[120.09844007244563,23.101376746728917],[120.09844007244563,23.110369950366163],[120.10743327608287,23.110369950366163],[120.10743327608287,23.101376746728917],[120.09844007244563,23.101376746728917]]]}},{"type":"Feature","properties":{"jobs":0,"pop":75,"pointCount":1,"homeWorkCommuteMedian":29950,"workHomeCommuteMedian":-1},"geometry":{"type":"Polygon","coordinates":[[[120.09844007244563,23.11936315400341],[120.09844007244563,23.128356357640655],[120.10743327608287,23.128356357640655],[120.10743327608287,23.11936315400341],[120.09844007244563,23.11936315400341]]]}},{"type":"Feature","properties":{"jobs":43,"pop":0,"pointCount":1,"homeWorkCommuteMedian":-1,"workHomeCommuteMedian":901},"geometry":{"type":"Polygon","coordinates":[[[120.09844007244563,23.146342764915147],[120.09844007244563,23.155335968552393],[120.10743327608287,23.155335968552393],[120.10743327608287,23.146342764915147],[120.09844007244563,23.146342764915147]]]}},{"type":"Feature","properties":{"jobs":0,"pop":28,"pointCount":1,"homeWorkCommuteMedian":27547,"workHomeCommuteMedian":-1},"geometry":{"type":"Polygon","coordinates":[[[120.09844007244563,23.155335968552393],[120.09844007244563,23.16432917218964],[120.10743327608287,23.16432917218964],[120.10743327608287,23.155335968552393],[120.09844007244563,23.155335968552393]]]}},{"type":"Feature","properties":{"jobs":39,"pop":106,"pointCount":2,"homeWorkCommuteMedian":7145,"workHomeCommuteMedian":2838},"geometry":{"type":"Polygon","coordinates":[[[120.09844007244563,23.20929519037587],[120.09844007244563,23.218288394013115],[120.10743327608287,23.218288394013115],[120.10743327608287,23.20929519037587],[120.09844007244563,23.20929519037587]]]}},{"type":"Feature","properties":{"jobs":24,"pop":0,"pointCount":1,"homeWorkCommuteMedian":-1,"workHomeCommuteMedian":6235},"geometry":{"type":"Polygon","coordinates":[[[120.09844007244563,23.218288394013115],[120.09844007244563,23.22728159765036],[120.10743327608287,23.22728159765036],[120.10743327608287,23.218288394013115],[120.09844007244563,23.218288394013115]]]}},{"type":"Feature","properties":{"jobs":0,"pop":32,"pointCount":1,"homeWorkCommuteMedian":14413,"workHomeCommuteMedian":-1},"geometry":{"type":"Polygon","coordinates":[[[120.10743327608287,23.056410728542687],[120.10743327608287,23.065403932179933],[120.11642647972012,23.065403932179933],[120.11642647972012,23.056410728542687],[120.10743327608287,23.056410728542687]]]}},{"type":"Feature","properties":{"jobs":0,"pop":66,"pointCount":1,"homeWorkCommuteMedian":7557,"workHomeCommuteMedian":-1},"geometry":{"type":"Polygon","coordinates":[[[120.10743327608287,23.065403932179933],[120.10743327608287,23.07439713581718],[120.11642647972012,23.07439713581718],[120.11642647972012,23.065403932179933],[120.10743327608287,23.065403932179933]]]}},{"type":"Feature","properties":{"jobs":32,"pop":796,"pointCount":4,"homeWorkCommuteMedian":12518,"workHomeCommuteMedian":14986},"geometry":{"type":"Polygon","coordinates":[[[120.10743327608287,23.07439713581718],[120.10743327608287,23.083390339454425],[120.11642647972012,23.083390339454425],[120.11642647972012,23.07439713581718],[120.10743327608287,23.07439713581718]]]}},{"type":"Feature","properties":{"jobs":0,"pop":332,"pointCount":2,"homeWorkCommuteMedian":15551,"workHomeCommuteMedian":-1},"geometry":{"type":"Polygon","coordinates":[[[120.10743327608287,23.09238354309167],[120.10743327608287,23.101376746728917],[120.11642647972012,23.101376746728917],[120.11642647972012,23.09238354309167],[120.10743327608287,23.09238354309167]]]}},{"type":"Feature","properties":{"jobs":0,"pop":37,"pointCount":1,"homeWorkCommuteMedian":21574,"workHomeCommuteMedian":-1},"geometry":{"type":"Polygon","coordinates":[[[120.10743327608287,23.11936315400341],[120.10743327608287,23.128356357640655],[120.11642647972012,23.128356357640655],[120.11642647972012,23.11936315400341],[120.10743327608287,23.11936315400341]]]}},{"type":"Feature","properties":{"jobs":53,"pop":84,"pointCount":2,"homeWorkCommuteMedian":28421,"workHomeCommuteMedian":2866},"geometry":{"type":"Polygon","coordinates":[[[120.10743327608287,23.128356357640655],[120.10743327608287,23.1373495612779],[120.11642647972012,23.1373495612779],[120.11642647972012,23.128356357640655],[120.10743327608287,23.128356357640655]]]}},{"type":"Feature","properties":{"jobs":42,"pop":662,"pointCount":6,"homeWorkCommuteMedian":26621,"workHomeCommuteMedian":8264},"geometry":{"type":"Polygon","coordinates":[[[120.10743327608287,23.1373495612779],[120.10743327608287,23.146342764915147],[120.11642647972012,23.146342764915147],[120.11642647972012,23.1373495612779],[120.10743327608287,23.1373495612779]]]}},{"type":"Feature","properties":{"jobs":36,"pop":279,"pointCount":6,"homeWorkCommuteMedian":9775,"workHomeCommuteMedian":29997},"geometry":{"type":"Polygon","coordinates":[[[120.10743327608287,23.146342764915147],[120.10743327608287,23.155335968552393],[120.11642647972012,23.155335968552393],[120.11642647972012,23.146342764915147],[120.10743327608287,23.146342764915147]]]}},{"type":"Feature","properties":{"jobs":0,"pop":96,"pointCount":2,"homeWorkCommuteMedian":18625,"workHomeCommuteMedian":-1},"geometry":{"type":"Polygon","coordinates":[[[120.10743327608287,23.155335968552393],[120.10743327608287,23.16432917218964],[120.11642647972012,23.16432917218964],[120.11642647972012,23.155335968552393],[120.10743327608287,23.155335968552393]]]}},{"type":"Feature","properties":{"jobs":0,"pop":442,"pointCount":3,"homeWorkCommuteMedian":29093,"workHomeCommuteMedian":-1},"geometry":{"type":"Polygon","coordinates":[[[120.10743327608287,23.173322375826885],[120.10743327608287,23.18231557946413],[120.11642647972012,23.18231557946413],[120.11642647972012,23.173322375826885],[120.10743327608287,23.173322375826885]]]}},{"type":"Feature","properties":{"jobs":7,"pop":0,"pointCount":1,"homeWorkCommuteMedian":-1,"workHomeCommuteMedian":3505},"geometry":{"type":"Polygon","coordinates":[[[120.10743327608287,23.18231557946413],[120.10743327608287,23.191308783101377],[120.11642647972012,23.191308783101377],[120.11642647972012,23.18231557946413],[120.10743327608287,23.18231557946413]]]}},{"type":"Feature","properties":{"jobs":0,"pop":26,"pointCount":1,"homeWorkCommuteMedian":32265,"workHomeCommuteMedian":-1},"geometry":{"type":"Polygon","coordinates":[[[120.10743327608287,23.218288394013115],[120.10743327608287,23.22728159765036],[120.11642647972012,23.22728159765036],[120.11642647972012,23.218288394013115],[120.10743327608287,23.218288394013115]]]}},{"type":"Feature","properties":{"jobs":35,"pop":726,"pointCount":8,"homeWorkCommuteMedian":33400,"workHomeCommuteMedian":2236},"geometry":{"type":"Polygon","coordinates":[[[120.10743327608287,23.236274801287607],[120.10743327608287,23.245268004924853],[120.11642647972012,23.245268004924853],[120.11642647972012,23.236274801287607],[120.10743327608287,23.236274801287607]]]}},{"type":"Feature","properties":{"jobs":22,"pop":102,"pointCount":4,"homeWorkCommuteMedian":39042,"workHomeCommuteMedian":3122},"geometry":{"type":"Polygon","coordinates":[[[120.10743327608287,23.2542612085621],[120.10743327608287,23.263254412199345],[120.11642647972012,23.263254412199345],[120.11642647972012,23.2542612085621],[120.10743327608287,23.2542612085621]]]}},{"type":"Feature","properties":{"jobs":0,"pop":20,"pointCount":1,"homeWorkCommuteMedian":35808,"workHomeCommuteMedian":-1},"geometry":{"type":"Polygon","coordinates":[[[120.10743327608287,23.290234023111083],[120.10743327608287,23.29922722674833],[120.11642647972012,23.29922722674833],[120.11642647972012,23.290234023111083],[120.10743327608287,23.290234023111083]]]}},{"type":"Feature","properties":{"jobs":46,"pop":214,"pointCount":3,"homeWorkCommuteMedian":6904,"workHomeCommuteMedian":11608},"geometry":{"type":"Polygon","coordinates":[[[120.11642647972012,23.011444710356457],[120.11642647972012,23.020437913993703],[120.12541968335736,23.020437913993703],[120.12541968335736,23.011444710356457],[120.11642647972012,23.011444710356457]]]}},{"type":"Feature","properties":{"jobs":33,"pop":37,"pointCount":2,"homeWorkCommuteMedian":5505,"workHomeCommuteMedian":18551},"geometry":{"type":"Polygon","coordinates":[[[120.11642647972012,23.020437913993703],[120.11642647972012,23.02943111763095],[120.12541968335736,23.02943111763095],[120.12541968335736,23.020437913993703],[120.11642647972012,23.020437913993703]]]}},{"type":"Feature","properties":{"jobs":309,"pop":30,"pointCount":3,"homeWorkCommuteMedian":18713,"workHomeCommuteMedian":9904},"geometry":{"type":"Polygon","coordinates":[[[120.11642647972012,23.02943111763095],[120.11642647972012,23.038424321268195],[120.12541968335736,23.038424321268195],[120.12541968335736,23.02943111763095],[120.11642647972012,23.02943111763095]]]}},{"type":"Feature","properties":{"jobs":0,"pop":86,"pointCount":1,"homeWorkCommuteMedian":8443,"workHomeCommuteMedian":-1},"geometry":{"type":"Polygon","coordinates":[[[120.11642647972012,23.04741752490544],[120.11642647972012,23.056410728542687],[120.12541968335736,23.056410728542687],[120.12541968335736,23.04741752490544],[120.11642647972012,23.04741752490544]]]}},{"type":"Feature","properties":{"jobs":379,"pop":1047,"pointCount":5,"homeWorkCommuteMedian":9912,"workHomeCommuteMedian":9631},"geometry":{"type":"Polygon","coordinates":[[[120.11642647972012,23.056410728542687],[120.11642647972012,23.065403932179933],[120.12541968335736,23.065403932179933],[120.12541968335736,23.056410728542687],[120.11642647972012,23.056410728542687]]]}},{"type":"Feature","properties":{"jobs":207,"pop":340,"pointCount":4,"homeWorkCommuteMedian":14136,"workHomeCommuteMedian":10656},"geometry":{"type":"Polygon","coordinates":[[[120.11642647972012,23.065403932179933],[120.11642647972012,23.07439713581718],[120.12541968335736,23.07439713581718],[120.12541968335736,23.065403932179933],[120.11642647972012,23.065403932179933]]]}},{"type":"Feature","properties":{"jobs":83,"pop":321,"pointCount":4,"homeWorkCommuteMedian":7220,"workHomeCommuteMedian":10961},"geometry":{"type":"Polygon","coordinates":[[[120.11642647972012,23.07439713581718],[120.11642647972012,23.083390339454425],[120.12541968335736,23.083390339454425],[120.12541968335736,23.07439713581718],[120.11642647972012,23.07439713581718]]]}},{"type":"Feature","properties":{"jobs":0,"pop":34,"pointCount":1,"homeWorkCommuteMedian":19112,"workHomeCommuteMedian":-1},"geometry":{"type":"Polygon","coordinates":[[[120.11642647972012,23.083390339454425],[120.11642647972012,23.09238354309167],[120.12541968335736,23.09238354309167],[120.12541968335736,23.083390339454425],[120.11642647972012,23.083390339454425]]]}},{"type":"Feature","properties":{"jobs":24,"pop":701,"pointCount":6,"homeWorkCommuteMedian":18144,"workHomeCommuteMedian":9109},"geometry":{"type":"Polygon","coordinates":[[[120.11642647972012,23.09238354309167],[120.11642647972012,23.101376746728917],[120.12541968335736,23.101376746728917],[120.12541968335736,23.09238354309167],[120.11642647972012,23.09238354309167]]]}},{"type":"Feature","properties":{"jobs":1964,"pop":0,"pointCount":1,"homeWorkCommuteMedian":-1,"workHomeCommuteMedian":7246},"geometry":{"type":"Polygon","coordinates":[[[120.11642647972012,23.101376746728917],[120.11642647972012,23.110369950366163],[120.12541968335736,23.110369950366163],[120.12541968335736,23.101376746728917],[120.11642647972012,23.101376746728917]]]}},{"type":"Feature","properties":{"jobs":29,"pop":126,"pointCount":2,"homeWorkCommuteMedian":22547,"workHomeCommuteMedian":23520},"geometry":{"type":"Polygon","coordinates":[[[120.11642647972012,23.11936315400341],[120.11642647972012,23.128356357640655],[120.12541968335736,23.128356357640655],[120.12541968335736,23.11936315400341],[120.11642647972012,23.11936315400341]]]}},{"type":"Feature","properties":{"jobs":38,"pop":0,"pointCount":1,"homeWorkCommuteMedian":-1,"workHomeCommuteMedian":8468},"geometry":{"type":"Polygon","coordinates":[[[120.11642647972012,23.128356357640655],[120.11642647972012,23.1373495612779],[120.12541968335736,23.1373495612779],[120.12541968335736,23.128356357640655],[120.11642647972012,23.128356357640655]]]}},{"type":"Feature","properties":{"jobs":0,"pop":67,"pointCount":1,"homeWorkCommuteMedian":29726,"workHomeCommuteMedian":-1},"geometry":{"type":"Polygon","coordinates":[[[120.11642647972012,23.1373495612779],[120.11642647972012,23.146342764915147],[120.12541968335736,23.146342764915147],[120.12541968335736,23.1373495612779],[120.11642647972012,23.1373495612779]]]}},{"type":"Feature","properties":{"jobs":21,"pop":87,"pointCount":1,"homeWorkCommuteMedian":38077,"workHomeCommuteMedian":286},"geometry":{"type":"Polygon","coordinates":[[[120.11642647972012,23.200301986738623],[120.11642647972012,23.20929519037587],[120.12541968335736,23.20929519037587],[120.12541968335736,23.200301986738623],[120.11642647972012,23.200301986738623]]]}},{"type":"Feature","properties":{"jobs":78,"pop":311,"pointCount":6,"homeWorkCommuteMedian":28754,"workHomeCommuteMedian":54321},"geometry":{"type":"Polygon","coordinates":[[[120.11642647972012,23.20929519037587],[120.11642647972012,23.218288394013115],[120.12541968335736,23.218288394013115],[120.12541968335736,23.20929519037587],[120.11642647972012,23.20929519037587]]]}},{"type":"Feature","properties":{"jobs":42,"pop":236,"pointCount":4,"homeWorkCommuteMedian":32399,"workHomeCommuteMedian":8733},"geometry":{"type":"Polygon","coordinates":[[[120.11642647972012,23.218288394013115],[120.11642647972012,23.22728159765036],[120.12541968335736,23.22728159765036],[120.12541968335736,23.218288394013115],[120.11642647972012,23.218288394013115]]]}},{"type":"Feature","properties":{"jobs":0,"pop":91,"pointCount":1,"homeWorkCommuteMedian":37153,"workHomeCommuteMedian":-1},"geometry":{"type":"Polygon","coordinates":[[[120.11642647972012,23.236274801287607],[120.11642647972012,23.245268004924853],[120.12541968335736,23.245268004924853],[120.12541968335736,23.236274801287607],[120.11642647972012,23.236274801287607]]]}},{"type":"Feature","properties":{"jobs":25,"pop":112,"pointCount":4,"homeWorkCommuteMedian":40489,"workHomeCommuteMedian":15056},"geometry":{"type":"Polygon","coordinates":[[[120.11642647972012,23.2542612085621],[120.11642647972012,23.263254412199345],[120.12541968335736,23.263254412199345],[120.12541968335736,23.2542612085621],[120.11642647972012,23.2542612085621]]]}},{"type":"Feature","properties":{"jobs":268,"pop":697,"pointCount":9,"homeWorkCommuteMedian":37742,"workHomeCommuteMedian":5220},"geometry":{"type":"Polygon","coordinates":[[[120.11642647972012,23.263254412199345],[120.11642647972012,23.27224761583659],[120.12541968335736,23.27224761583659],[120.12541968335736,23.263254412199345],[120.11642647972012,23.263254412199345]]]}},{"type":"Feature","properties":{"jobs":0,"pop":52,"pointCount":1,"homeWorkCommuteMedian":44901,"workHomeCommuteMedian":-1},"geometry":{"type":"Polygon","coordinates":[[[120.11642647972012,23.29922722674833],[120.11642647972012,23.308220430385575],[120.12541968335736,23.308220430385575],[120.12541968335736,23.29922722674833],[120.11642647972012,23.29922722674833]]]}},{"type":"Feature","properties":{"jobs":32,"pop":181,"pointCount":3,"homeWorkCommuteMedian":8254,"workHomeCommuteMedian":11206},"geometry":{"type":"Polygon","coordinates":[[[120.12541968335736,23.00245150671921],[120.12541968335736,23.011444710356457],[120.13441288699461,23.011444710356457],[120.13441288699461,23.00245150671921],[120.12541968335736,23.00245150671921]]]}},{"type":"Feature","properties":{"jobs":82,"pop":714,"pointCount":6,"homeWorkCommuteMedian":8842,"workHomeCommuteMedian":5661},"geometry":{"type":"Polygon","coordinates":[[[120.12541968335736,23.011444710356457],[120.12541968335736,23.020437913993703],[120.13441288699461,23.020437913993703],[120.13441288699461,23.011444710356457],[120.12541968335736,23.011444710356457]]]}},{"type":"Feature","properties":{"jobs":0,"pop":553,"pointCount":2,"homeWorkCommuteMedian":11907,"workHomeCommuteMedian":-1},"geometry":{"type":"Polygon","coordinates":[[[120.12541968335736,23.02943111763095],[120.12541968335736,23.038424321268195],[120.13441288699461,23.038424321268195],[120.13441288699461,23.02943111763095],[120.12541968335736,23.02943111763095]]]}},{"type":"Feature","properties":{"jobs":1155,"pop":3081,"pointCount":14,"homeWorkCommuteMedian":9140,"workHomeCommuteMedian":8072},"geometry":{"type":"Polygon","coordinates":[[[120.12541968335736,23.056410728542687],[120.12541968335736,23.065403932179933],[120.13441288699461,23.065403932179933],[120.13441288699461,23.056410728542687],[120.12541968335736,23.056410728542687]]]}},{"type":"Feature","properties":{"jobs":945,"pop":518,"pointCount":8,"homeWorkCommuteMedian":6228,"workHomeCommuteMedian":8851},"geometry":{"type":"Polygon","coordinates":[[[120.12541968335736,23.065403932179933],[120.12541968335736,23.07439713581718],[120.13441288699461,23.07439713581718],[120.13441288699461,23.065403932179933],[120.12541968335736,23.065403932179933]]]}},{"type":"Feature","properties":{"jobs":172,"pop":654,"pointCount":6,"homeWorkCommuteMedian":6771,"workHomeCommuteMedian":12461},"geometry":{"type":"Polygon","coordinates":[[[120.12541968335736,23.07439713581718],[120.12541968335736,23.083390339454425],[120.13441288699461,23.083390339454425],[120.13441288699461,23.07439713581718],[120.12541968335736,23.07439713581718]]]}},{"type":"Feature","properties":{"jobs":37,"pop":512,"pointCount":5,"homeWorkCommuteMedian":19293,"workHomeCommuteMedian":2064},"geometry":{"type":"Polygon","coordinates":[[[120.12541968335736,23.09238354309167],[120.12541968335736,23.101376746728917],[120.13441288699461,23.101376746728917],[120.13441288699461,23.09238354309167],[120.12541968335736,23.09238354309167]]]}},{"type":"Feature","properties":{"jobs":0,"pop":27,"pointCount":1,"homeWorkCommuteMedian":26125,"workHomeCommuteMedian":-1},"geometry":{"type":"Polygon","coordinates":[[[120.12541968335736,23.110369950366163],[120.12541968335736,23.11936315400341],[120.13441288699461,23.11936315400341],[120.13441288699461,23.110369950366163],[120.12541968335736,23.110369950366163]]]}},{"type":"Feature","properties":{"jobs":22,"pop":808,"pointCount":7,"homeWorkCommuteMedian":20267,"workHomeCommuteMedian":3777},"geometry":{"type":"Polygon","coordinates":[[[120.12541968335736,23.128356357640655],[120.12541968335736,23.1373495612779],[120.13441288699461,23.1373495612779],[120.13441288699461,23.128356357640655],[120.12541968335736,23.128356357640655]]]}},{"type":"Feature","properties":{"jobs":70,"pop":372,"pointCount":6,"homeWorkCommuteMedian":23962,"workHomeCommuteMedian":3124},"geometry":{"type":"Polygon","coordinates":[[[120.12541968335736,23.155335968552393],[120.12541968335736,23.16432917218964],[120.13441288699461,23.16432917218964],[120.13441288699461,23.155335968552393],[120.12541968335736,23.155335968552393]]]}},{"type":"Feature","properties":{"jobs":0,"pop":52,"pointCount":1,"homeWorkCommuteMedian":18373,"workHomeCommuteMedian":-1},"geometry":{"type":"Polygon","coordinates":[[[120.12541968335736,23.173322375826885],[120.12541968335736,23.18231557946413],[120.13441288699461,23.18231557946413],[120.13441288699461,23.173322375826885],[120.12541968335736,23.173322375826885]]]}},{"type":"Feature","properties":{"jobs":48,"pop":205,"pointCount":6,"homeWorkCommuteMedian":27048,"workHomeCommuteMedian":5403},"geometry":{"type":"Polygon","coordinates":[[[120.12541968335736,23.18231557946413],[120.12541968335736,23.191308783101377],[120.13441288699461,23.191308783101377],[120.13441288699461,23.18231557946413],[120.12541968335736,23.18231557946413]]]}},{"type":"Feature","properties":{"jobs":132,"pop":152,"pointCount":3,"homeWorkCommuteMedian":40711,"workHomeCommuteMedian":23231},"geometry":{"type":"Polygon","coordinates":[[[120.12541968335736,23.191308783101377],[120.12541968335736,23.200301986738623],[120.13441288699461,23.200301986738623],[120.13441288699461,23.191308783101377],[120.12541968335736,23.191308783101377]]]}},{"type":"Feature","properties":{"jobs":0,"pop":192,"pointCount":3,"homeWorkCommuteMedian":20454,"workHomeCommuteMedian":-1},"geometry":{"type":"Polygon","coordinates":[[[120.12541968335736,23.200301986738623],[120.12541968335736,23.20929519037587],[120.13441288699461,23.20929519037587],[120.13441288699461,23.200301986738623],[120.12541968335736,23.200301986738623]]]}},{"type":"Feature","properties":{"jobs":0,"pop":143,"pointCount":3,"homeWorkCommuteMedian":26750,"workHomeCommuteMedian":-1},"geometry":{"type":"Polygon","coordinates":[[[120.12541968335736,23.20929519037587],[120.12541968335736,23.218288394013115],[120.13441288699461,23.218288394013115],[120.13441288699461,23.20929519037587],[120.12541968335736,23.20929519037587]]]}},{"type":"Feature","properties":{"jobs":0,"pop":35,"pointCount":1,"homeWorkCommuteMedian":28676,"workHomeCommuteMedian":-1},"geometry":{"type":"Polygon","coordinates":[[[120.12541968335736,23.22728159765036],[120.12541968335736,23.236274801287607],[120.13441288699461,23.236274801287607],[120.13441288699461,23.22728159765036],[120.12541968335736,23.22728159765036]]]}},{"type":"Feature","properties":{"jobs":66,"pop":322,"pointCount":4,"homeWorkCommuteMedian":42062,"workHomeCommuteMedian":4345},"geometry":{"type":"Polygon","coordinates":[[[120.12541968335736,23.236274801287607],[120.12541968335736,23.245268004924853],[120.13441288699461,23.245268004924853],[120.13441288699461,23.236274801287607],[120.12541968335736,23.236274801287607]]]}},{"type":"Feature","properties":{"jobs":369,"pop":68,"pointCount":3,"homeWorkCommuteMedian":67069,"workHomeCommuteMedian":30798},"geometry":{"type":"Polygon","coordinates":[[[120.12541968335736,23.245268004924853],[120.12541968335736,23.2542612085621],[120.13441288699461,23.2542612085621],[120.13441288699461,23.245268004924853],[120.12541968335736,23.245268004924853]]]}},{"type":"Feature","properties":{"jobs":51,"pop":84,"pointCount":1,"homeWorkCommuteMedian":19457,"workHomeCommuteMedian":4636},"geometry":{"type":"Polygon","coordinates":[[[120.12541968335736,23.263254412199345],[120.12541968335736,23.27224761583659],[120.13441288699461,23.27224761583659],[120.13441288699461,23.263254412199345],[120.12541968335736,23.263254412199345]]]}},{"type":"Feature","properties":{"jobs":29,"pop":0,"pointCount":1,"homeWorkCommuteMedian":-1,"workHomeCommuteMedian":37649},"geometry":{"type":"Polygon","coordinates":[[[120.12541968335736,23.281240819473837],[120.12541968335736,23.290234023111083],[120.13441288699461,23.290234023111083],[120.13441288699461,23.281240819473837],[120.12541968335736,23.281240819473837]]]}},{"type":"Feature","properties":{"jobs":0,"pop":66,"pointCount":1,"homeWorkCommuteMedian":36685,"workHomeCommuteMedian":-1},"geometry":{"type":"Polygon","coordinates":[[[120.12541968335736,23.290234023111083],[120.12541968335736,23.29922722674833],[120.13441288699461,23.29922722674833],[120.13441288699461,23.290234023111083],[120.12541968335736,23.290234023111083]]]}},{"type":"Feature","properties":{"jobs":36,"pop":151,"pointCount":2,"homeWorkCommuteMedian":38068,"workHomeCommuteMedian":3759},"geometry":{"type":"Polygon","coordinates":[[[120.12541968335736,23.29922722674833],[120.12541968335736,23.308220430385575],[120.13441288699461,23.308220430385575],[120.13441288699461,23.29922722674833],[120.12541968335736,23.29922722674833]]]}},{"type":"Feature","properties":{"jobs":0,"pop":32,"pointCount":1,"homeWorkCommuteMedian":8325,"workHomeCommuteMedian":-1},"geometry":{"type":"Polygon","coordinates":[[[120.13441288699461,22.993458303081965],[120.13441288699461,23.00245150671921],[120.14340609063186,23.00245150671921],[120.14340609063186,22.993458303081965],[120.13441288699461,22.993458303081965]]]}},{"type":"Feature","properties":{"jobs":125,"pop":53,"pointCount":2,"homeWorkCommuteMedian":21702,"workHomeCommuteMedian":8944},"geometry":{"type":"Polygon","coordinates":[[[120.13441288699461,23.011444710356457],[120.13441288699461,23.020437913993703],[120.14340609063186,23.020437913993703],[120.14340609063186,23.011444710356457],[120.13441288699461,23.011444710356457]]]}},{"type":"Feature","properties":{"jobs":1584,"pop":818,"pointCount":8,"homeWorkCommuteMedian":8918,"workHomeCommuteMedian":9844},"geometry":{"type":"Polygon","coordinates":[[[120.13441288699461,23.02943111763095],[120.13441288699461,23.038424321268195],[120.14340609063186,23.038424321268195],[120.14340609063186,23.02943111763095],[120.13441288699461,23.02943111763095]]]}},{"type":"Feature","properties":{"jobs":1789,"pop":0,"pointCount":6,"homeWorkCommuteMedian":-1,"workHomeCommuteMedian":7897},"geometry":{"type":"Polygon","coordinates":[[[120.13441288699461,23.038424321268195],[120.13441288699461,23.04741752490544],[120.14340609063186,23.04741752490544],[120.14340609063186,23.038424321268195],[120.13441288699461,23.038424321268195]]]}},{"type":"Feature","properties":{"jobs":414,"pop":0,"pointCount":2,"homeWorkCommuteMedian":-1,"workHomeCommuteMedian":9150},"geometry":{"type":"Polygon","coordinates":[[[120.13441288699461,23.04741752490544],[120.13441288699461,23.056410728542687],[120.14340609063186,23.056410728542687],[120.14340609063186,23.04741752490544],[120.13441288699461,23.04741752490544]]]}},{"type":"Feature","properties":{"jobs":65,"pop":50,"pointCount":1,"homeWorkCommuteMedian":20650,"workHomeCommuteMedian":25138},"geometry":{"type":"Polygon","coordinates":[[[120.13441288699461,23.056410728542687],[120.13441288699461,23.065403932179933],[120.14340609063186,23.065403932179933],[120.14340609063186,23.056410728542687],[120.13441288699461,23.056410728542687]]]}},{"type":"Feature","properties":{"jobs":169,"pop":732,"pointCount":7,"homeWorkCommuteMedian":11097,"workHomeCommuteMedian":21982},"geometry":{"type":"Polygon","coordinates":[[[120.13441288699461,23.07439713581718],[120.13441288699461,23.083390339454425],[120.14340609063186,23.083390339454425],[120.14340609063186,23.07439713581718],[120.13441288699461,23.07439713581718]]]}},{"type":"Feature","properties":{"jobs":0,"pop":242,"pointCount":2,"homeWorkCommuteMedian":17231,"workHomeCommuteMedian":-1},"geometry":{"type":"Polygon","coordinates":[[[120.13441288699461,23.09238354309167],[120.13441288699461,23.101376746728917],[120.14340609063186,23.101376746728917],[120.14340609063186,23.09238354309167],[120.13441288699461,23.09238354309167]]]}},{"type":"Feature","properties":{"jobs":31,"pop":122,"pointCount":2,"homeWorkCommuteMedian":16007,"workHomeCommuteMedian":7461},"geometry":{"type":"Polygon","coordinates":[[[120.13441288699461,23.101376746728917],[120.13441288699461,23.110369950366163],[120.14340609063186,23.110369950366163],[120.14340609063186,23.101376746728917],[120.13441288699461,23.101376746728917]]]}},{"type":"Feature","properties":{"jobs":0,"pop":46,"pointCount":1,"homeWorkCommuteMedian":18125,"workHomeCommuteMedian":-1},"geometry":{"type":"Polygon","coordinates":[[[120.13441288699461,23.11936315400341],[120.13441288699461,23.128356357640655],[120.14340609063186,23.128356357640655],[120.14340609063186,23.11936315400341],[120.13441288699461,23.11936315400341]]]}},{"type":"Feature","properties":{"jobs":0,"pop":107,"pointCount":2,"homeWorkCommuteMedian":23842,"workHomeCommuteMedian":-1},"geometry":{"type":"Polygon","coordinates":[[[120.13441288699461,23.128356357640655],[120.13441288699461,23.1373495612779],[120.14340609063186,23.1373495612779],[120.14340609063186,23.128356357640655],[120.13441288699461,23.128356357640655]]]}},{"type":"Feature","properties":{"jobs":143,"pop":839,"pointCount":9,"homeWorkCommuteMedian":21882,"workHomeCommuteMedian":6187},"geometry":{"type":"Polygon","coordinates":[[[120.13441288699461,23.1373495612779],[120.13441288699461,23.146342764915147],[120.14340609063186,23.146342764915147],[120.14340609063186,23.1373495612779],[120.13441288699461,23.1373495612779]]]}},{"type":"Feature","properties":{"jobs":0,"pop":35,"pointCount":1,"homeWorkCommuteMedian":25044,"workHomeCommuteMedian":-1},"geometry":{"type":"Polygon","coordinates":[[[120.13441288699461,23.146342764915147],[120.13441288699461,23.155335968552393],[120.14340609063186,23.155335968552393],[120.14340609063186,23.146342764915147],[120.13441288699461,23.146342764915147]]]}},{"type":"Feature","properties":{"jobs":285,"pop":0,"pointCount":3,"homeWorkCommuteMedian":-1,"workHomeCommuteMedian":3844},"geometry":{"type":"Polygon","coordinates":[[[120.13441288699461,23.155335968552393],[120.13441288699461,23.16432917218964],[120.14340609063186,23.16432917218964],[120.14340609063186,23.155335968552393],[120.13441288699461,23.155335968552393]]]}},{"type":"Feature","properties":{"jobs":97,"pop":0,"pointCount":1,"homeWorkCommuteMedian":-1,"workHomeCommuteMedian":8254},"geometry":{"type":"Polygon","coordinates":[[[120.13441288699461,23.16432917218964],[120.13441288699461,23.173322375826885],[120.14340609063186,23.173322375826885],[120.14340609063186,23.16432917218964],[120.13441288699461,23.16432917218964]]]}},{"type":"Feature","properties":{"jobs":0,"pop":210,"pointCount":4,"homeWorkCommuteMedian":24415,"workHomeCommuteMedian":-1},"geometry":{"type":"Polygon","coordinates":[[[120.13441288699461,23.173322375826885],[120.13441288699461,23.18231557946413],[120.14340609063186,23.18231557946413],[120.14340609063186,23.173322375826885],[120.13441288699461,23.173322375826885]]]}},{"type":"Feature","properties":{"jobs":0,"pop":87,"pointCount":2,"homeWorkCommuteMedian":21668,"workHomeCommuteMedian":-1},"geometry":{"type":"Polygon","coordinates":[[[120.13441288699461,23.18231557946413],[120.13441288699461,23.191308783101377],[120.14340609063186,23.191308783101377],[120.14340609063186,23.18231557946413],[120.13441288699461,23.18231557946413]]]}},{"type":"Feature","properties":{"jobs":0,"pop":58,"pointCount":1,"homeWorkCommuteMedian":23894,"workHomeCommuteMedian":-1},"geometry":{"type":"Polygon","coordinates":[[[120.13441288699461,23.191308783101377],[120.13441288699461,23.200301986738623],[120.14340609063186,23.200301986738623],[120.14340609063186,23.191308783101377],[120.13441288699461,23.191308783101377]]]}},{"type":"Feature","properties":{"jobs":28,"pop":54,"pointCount":2,"homeWorkCommuteMedian":21688,"workHomeCommuteMedian":5399},"geometry":{"type":"Polygon","coordinates":[[[120.13441288699461,23.200301986738623],[120.13441288699461,23.20929519037587],[120.14340609063186,23.20929519037587],[120.14340609063186,23.200301986738623],[120.13441288699461,23.200301986738623]]]}},{"type":"Feature","properties":{"jobs":148,"pop":519,"pointCount":10,"homeWorkCommuteMedian":22839,"workHomeCommuteMedian":3400},"geometry":{"type":"Polygon","coordinates":[[[120.13441288699461,23.20929519037587],[120.13441288699461,23.218288394013115],[120.14340609063186,23.218288394013115],[120.14340609063186,23.20929519037587],[120.13441288699461,23.20929519037587]]]}},{"type":"Feature","properties":{"jobs":39,"pop":24,"pointCount":1,"homeWorkCommuteMedian":35951,"workHomeCommuteMedian":7606},"geometry":{"type":"Polygon","coordinates":[[[120.13441288699461,23.218288394013115],[120.13441288699461,23.22728159765036],[120.14340609063186,23.22728159765036],[120.14340609063186,23.218288394013115],[120.13441288699461,23.218288394013115]]]}},{"type":"Feature","properties":{"jobs":0,"pop":306,"pointCount":6,"homeWorkCommuteMedian":38935,"workHomeCommuteMedian":-1},"geometry":{"type":"Polygon","coordinates":[[[120.13441288699461,23.236274801287607],[120.13441288699461,23.245268004924853],[120.14340609063186,23.245268004924853],[120.14340609063186,23.236274801287607],[120.13441288699461,23.236274801287607]]]}},{"type":"Feature","properties":{"jobs":238,"pop":20,"pointCount":2,"homeWorkCommuteMedian":6039,"workHomeCommuteMedian":7912},"geometry":{"type":"Polygon","coordinates":[[[120.13441288699461,23.245268004924853],[120.13441288699461,23.2542612085621],[120.14340609063186,23.2542612085621],[120.14340609063186,23.245268004924853],[120.13441288699461,23.245268004924853]]]}},{"type":"Feature","properties":{"jobs":0,"pop":162,"pointCount":3,"homeWorkCommuteMedian":34880,"workHomeCommuteMedian":-1},"geometry":{"type":"Polygon","coordinates":[[[120.13441288699461,23.2542612085621],[120.13441288699461,23.263254412199345],[120.14340609063186,23.263254412199345],[120.14340609063186,23.2542612085621],[120.13441288699461,23.2542612085621]]]}},{"type":"Feature","properties":{"jobs":29,"pop":257,"pointCount":4,"homeWorkCommuteMedian":33929,"workHomeCommuteMedian":7754},"geometry":{"type":"Polygon","coordinates":[[[120.13441288699461,23.263254412199345],[120.13441288699461,23.27224761583659],[120.14340609063186,23.27224761583659],[120.14340609063186,23.263254412199345],[120.13441288699461,23.263254412199345]]]}},{"type":"Feature","properties":{"jobs":112,"pop":1426,"pointCount":11,"homeWorkCommuteMedian":32937,"workHomeCommuteMedian":15004},"geometry":{"type":"Polygon","coordinates":[[[120.13441288699461,23.281240819473837],[120.13441288699461,23.290234023111083],[120.14340609063186,23.290234023111083],[120.14340609063186,23.281240819473837],[120.13441288699461,23.281240819473837]]]}},{"type":"Feature","properties":{"jobs":78,"pop":0,"pointCount":1,"homeWorkCommuteMedian":-1,"workHomeCommuteMedian":11732},"geometry":{"type":"Polygon","coordinates":[[[120.14340609063186,22.98446509944472],[120.14340609063186,22.993458303081965],[120.1523992942691,22.993458303081965],[120.1523992942691,22.98446509944472],[120.14340609063186,22.98446509944472]]]}},{"type":"Feature","properties":{"jobs":433,"pop":1008,"pointCount":6,"homeWorkCommuteMedian":7506,"workHomeCommuteMedian":10849},"geometry":{"type":"Polygon","coordinates":[[[120.14340609063186,22.993458303081965],[120.14340609063186,23.00245150671921],[120.1523992942691,23.00245150671921],[120.1523992942691,22.993458303081965],[120.14340609063186,22.993458303081965]]]}},{"type":"Feature","properties":{"jobs":2188,"pop":334,"pointCount":5,"homeWorkCommuteMedian":7457,"workHomeCommuteMedian":7220},"geometry":{"type":"Polygon","coordinates":[[[120.14340609063186,23.02943111763095],[120.14340609063186,23.038424321268195],[120.1523992942691,23.038424321268195],[120.1523992942691,23.02943111763095],[120.14340609063186,23.02943111763095]]]}},{"type":"Feature","properties":{"jobs":4656,"pop":0,"pointCount":8,"homeWorkCommuteMedian":-1,"workHomeCommuteMedian":7939},"geometry":{"type":"Polygon","coordinates":[[[120.14340609063186,23.038424321268195],[120.14340609063186,23.04741752490544],[120.1523992942691,23.04741752490544],[120.1523992942691,23.038424321268195],[120.14340609063186,23.038424321268195]]]}},{"type":"Feature","properties":{"jobs":1023,"pop":0,"pointCount":4,"homeWorkCommuteMedian":-1,"workHomeCommuteMedian":8986},"geometry":{"type":"Polygon","coordinates":[[[120.14340609063186,23.04741752490544],[120.14340609063186,23.056410728542687],[120.1523992942691,23.056410728542687],[120.1523992942691,23.04741752490544],[120.14340609063186,23.04741752490544]]]}},{"type":"Feature","properties":{"jobs":95,"pop":56,"pointCount":2,"homeWorkCommuteMedian":9973,"workHomeCommuteMedian":5726},"geometry":{"type":"Polygon","coordinates":[[[120.14340609063186,23.056410728542687],[120.14340609063186,23.065403932179933],[120.1523992942691,23.065403932179933],[120.1523992942691,23.056410728542687],[120.14340609063186,23.056410728542687]]]}},{"type":"Feature","properties":{"jobs":238,"pop":464,"pointCount":5,"homeWorkCommuteMedian":8596,"workHomeCommuteMedian":9751},"geometry":{"type":"Polygon","coordinates":[[[120.14340609063186,23.07439713581718],[120.14340609063186,23.083390339454425],[120.1523992942691,23.083390339454425],[120.1523992942691,23.07439713581718],[120.14340609063186,23.07439713581718]]]}},{"type":"Feature","properties":{"jobs":24,"pop":395,"pointCount":6,"homeWorkCommuteMedian":25122,"workHomeCommuteMedian":9775},"geometry":{"type":"Polygon","coordinates":[[[120.14340609063186,23.09238354309167],[120.14340609063186,23.101376746728917],[120.1523992942691,23.101376746728917],[120.1523992942691,23.09238354309167],[120.14340609063186,23.09238354309167]]]}},{"type":"Feature","properties":{"jobs":156,"pop":292,"pointCount":5,"homeWorkCommuteMedian":20475,"workHomeCommuteMedian":8584},"geometry":{"type":"Polygon","coordinates":[[[120.14340609063186,23.101376746728917],[120.14340609063186,23.110369950366163],[120.1523992942691,23.110369950366163],[120.1523992942691,23.101376746728917],[120.14340609063186,23.101376746728917]]]}},{"type":"Feature","properties":{"jobs":0,"pop":481,"pointCount":5,"homeWorkCommuteMedian":21309,"workHomeCommuteMedian":-1},"geometry":{"type":"Polygon","coordinates":[[[120.14340609063186,23.11936315400341],[120.14340609063186,23.128356357640655],[120.1523992942691,23.128356357640655],[120.1523992942691,23.11936315400341],[120.14340609063186,23.11936315400341]]]}},{"type":"Feature","properties":{"jobs":0,"pop":93,"pointCount":1,"homeWorkCommuteMedian":10487,"workHomeCommuteMedian":-1},"geometry":{"type":"Polygon","coordinates":[[[120.14340609063186,23.128356357640655],[120.14340609063186,23.1373495612779],[120.1523992942691,23.1373495612779],[120.1523992942691,23.128356357640655],[120.14340609063186,23.128356357640655]]]}},{"type":"Feature","properties":{"jobs":51,"pop":24,"pointCount":2,"homeWorkCommuteMedian":2926,"workHomeCommuteMedian":7146},"geometry":{"type":"Polygon","coordinates":[[[120.14340609063186,23.1373495612779],[120.14340609063186,23.146342764915147],[120.1523992942691,23.146342764915147],[120.1523992942691,23.1373495612779],[120.14340609063186,23.1373495612779]]]}},{"type":"Feature","properties":{"jobs":26,"pop":535,"pointCount":5,"homeWorkCommuteMedian":8374,"workHomeCommuteMedian":9566},"geometry":{"type":"Polygon","coordinates":[[[120.14340609063186,23.146342764915147],[120.14340609063186,23.155335968552393],[120.1523992942691,23.155335968552393],[120.1523992942691,23.146342764915147],[120.14340609063186,23.146342764915147]]]}},{"type":"Feature","properties":{"jobs":0,"pop":59,"pointCount":1,"homeWorkCommuteMedian":25806,"workHomeCommuteMedian":-1},"geometry":{"type":"Polygon","coordinates":[[[120.14340609063186,23.155335968552393],[120.14340609063186,23.16432917218964],[120.1523992942691,23.16432917218964],[120.1523992942691,23.155335968552393],[120.14340609063186,23.155335968552393]]]}},{"type":"Feature","properties":{"jobs":153,"pop":526,"pointCount":5,"homeWorkCommuteMedian":4792,"workHomeCommuteMedian":17022},"geometry":{"type":"Polygon","coordinates":[[[120.14340609063186,23.16432917218964],[120.14340609063186,23.173322375826885],[120.1523992942691,23.173322375826885],[120.1523992942691,23.16432917218964],[120.14340609063186,23.16432917218964]]]}},{"type":"Feature","properties":{"jobs":35,"pop":58,"pointCount":2,"homeWorkCommuteMedian":30788,"workHomeCommuteMedian":11134},"geometry":{"type":"Polygon","coordinates":[[[120.14340609063186,23.173322375826885],[120.14340609063186,23.18231557946413],[120.1523992942691,23.18231557946413],[120.1523992942691,23.173322375826885],[120.14340609063186,23.173322375826885]]]}},{"type":"Feature","properties":{"jobs":0,"pop":153,"pointCount":3,"homeWorkCommuteMedian":26889,"workHomeCommuteMedian":-1},"geometry":{"type":"Polygon","coordinates":[[[120.14340609063186,23.18231557946413],[120.14340609063186,23.191308783101377],[120.1523992942691,23.191308783101377],[120.1523992942691,23.18231557946413],[120.14340609063186,23.18231557946413]]]}},{"type":"Feature","properties":{"jobs":0,"pop":341,"pointCount":3,"homeWorkCommuteMedian":20242,"workHomeCommuteMedian":-1},"geometry":{"type":"Polygon","coordinates":[[[120.14340609063186,23.191308783101377],[120.14340609063186,23.200301986738623],[120.1523992942691,23.200301986738623],[120.1523992942691,23.191308783101377],[120.14340609063186,23.191308783101377]]]}},{"type":"Feature","properties":{"jobs":36,"pop":22,"pointCount":2,"homeWorkCommuteMedian":3521,"workHomeCommuteMedian":7174},"geometry":{"type":"Polygon","coordinates":[[[120.14340609063186,23.200301986738623],[120.14340609063186,23.20929519037587],[120.1523992942691,23.20929519037587],[120.1523992942691,23.200301986738623],[120.14340609063186,23.200301986738623]]]}},{"type":"Feature","properties":{"jobs":60,"pop":53,"pointCount":3,"homeWorkCommuteMedian":33296,"workHomeCommuteMedian":3030},"geometry":{"type":"Polygon","coordinates":[[[120.14340609063186,23.20929519037587],[120.14340609063186,23.218288394013115],[120.1523992942691,23.218288394013115],[120.1523992942691,23.20929519037587],[120.14340609063186,23.20929519037587]]]}},{"type":"Feature","properties":{"jobs":70,"pop":273,"pointCount":5,"homeWorkCommuteMedian":21233,"workHomeCommuteMedian":5068},"geometry":{"type":"Polygon","coordinates":[[[120.14340609063186,23.218288394013115],[120.14340609063186,23.22728159765036],[120.1523992942691,23.22728159765036],[120.1523992942691,23.218288394013115],[120.14340609063186,23.218288394013115]]]}},{"type":"Feature","properties":{"jobs":0,"pop":32,"pointCount":1,"homeWorkCommuteMedian":22740,"workHomeCommuteMedian":-1},"geometry":{"type":"Polygon","coordinates":[[[120.14340609063186,23.22728159765036],[120.14340609063186,23.236274801287607],[120.1523992942691,23.236274801287607],[120.1523992942691,23.22728159765036],[120.14340609063186,23.22728159765036]]]}},{"type":"Feature","properties":{"jobs":0,"pop":40,"pointCount":1,"homeWorkCommuteMedian":9752,"workHomeCommuteMedian":-1},"geometry":{"type":"Polygon","coordinates":[[[120.14340609063186,23.236274801287607],[120.14340609063186,23.245268004924853],[120.1523992942691,23.245268004924853],[120.1523992942691,23.236274801287607],[120.14340609063186,23.236274801287607]]]}},{"type":"Feature","properties":{"jobs":59,"pop":0,"pointCount":1,"homeWorkCommuteMedian":-1,"workHomeCommuteMedian":7421},"geometry":{"type":"Polygon","coordinates":[[[120.14340609063186,23.245268004924853],[120.14340609063186,23.2542612085621],[120.1523992942691,23.2542612085621],[120.1523992942691,23.245268004924853],[120.14340609063186,23.245268004924853]]]}},{"type":"Feature","properties":{"jobs":143,"pop":118,"pointCount":3,"homeWorkCommuteMedian":32431,"workHomeCommuteMedian":7013},"geometry":{"type":"Polygon","coordinates":[[[120.14340609063186,23.2542612085621],[120.14340609063186,23.263254412199345],[120.1523992942691,23.263254412199345],[120.1523992942691,23.2542612085621],[120.14340609063186,23.2542612085621]]]}},{"type":"Feature","properties":{"jobs":84,"pop":0,"pointCount":1,"homeWorkCommuteMedian":-1,"workHomeCommuteMedian":15755},"geometry":{"type":"Polygon","coordinates":[[[120.14340609063186,23.281240819473837],[120.14340609063186,23.290234023111083],[120.1523992942691,23.290234023111083],[120.1523992942691,23.281240819473837],[120.14340609063186,23.281240819473837]]]}},{"type":"Feature","properties":{"jobs":0,"pop":177,"pointCount":3,"homeWorkCommuteMedian":39736,"workHomeCommuteMedian":-1},"geometry":{"type":"Polygon","coordinates":[[[120.14340609063186,23.290234023111083],[120.14340609063186,23.29922722674833],[120.1523992942691,23.29922722674833],[120.1523992942691,23.290234023111083],[120.14340609063186,23.290234023111083]]]}},{"type":"Feature","properties":{"jobs":38,"pop":262,"pointCount":3,"homeWorkCommuteMedian":6419,"workHomeCommuteMedian":5055},"geometry":{"type":"Polygon","coordinates":[[[120.1523992942691,22.975471895807473],[120.1523992942691,22.98446509944472],[120.16139249790635,22.98446509944472],[120.16139249790635,22.975471895807473],[120.1523992942691,22.975471895807473]]]}},{"type":"Feature","properties":{"jobs":1350,"pop":733,"pointCount":4,"homeWorkCommuteMedian":5271,"workHomeCommuteMedian":13735},"geometry":{"type":"Polygon","coordinates":[[[120.1523992942691,22.98446509944472],[120.1523992942691,22.993458303081965],[120.16139249790635,22.993458303081965],[120.16139249790635,22.98446509944472],[120.1523992942691,22.98446509944472]]]}},{"type":"Feature","properties":{"jobs":579,"pop":1525,"pointCount":7,"homeWorkCommuteMedian":4213,"workHomeCommuteMedian":16627},"geometry":{"type":"Polygon","coordinates":[[[120.1523992942691,22.993458303081965],[120.1523992942691,23.00245150671921],[120.16139249790635,23.00245150671921],[120.16139249790635,22.993458303081965],[120.1523992942691,22.993458303081965]]]}},{"type":"Feature","properties":{"jobs":150,"pop":552,"pointCount":2,"homeWorkCommuteMedian":9312,"workHomeCommuteMedian":4801},"geometry":{"type":"Polygon","coordinates":[[[120.1523992942691,23.00245150671921],[120.1523992942691,23.011444710356457],[120.16139249790635,23.011444710356457],[120.16139249790635,23.00245150671921],[120.1523992942691,23.00245150671921]]]}},{"type":"Feature","properties":{"jobs":0,"pop":30,"pointCount":1,"homeWorkCommuteMedian":6804,"workHomeCommuteMedian":-1},"geometry":{"type":"Polygon","coordinates":[[[120.1523992942691,23.011444710356457],[120.1523992942691,23.020437913993703],[120.16139249790635,23.020437913993703],[120.16139249790635,23.011444710356457],[120.1523992942691,23.011444710356457]]]}},{"type":"Feature","properties":{"jobs":3993,"pop":0,"pointCount":10,"homeWorkCommuteMedian":-1,"workHomeCommuteMedian":6597},"geometry":{"type":"Polygon","coordinates":[[[120.1523992942691,23.02943111763095],[120.1523992942691,23.038424321268195],[120.16139249790635,23.038424321268195],[120.16139249790635,23.02943111763095],[120.1523992942691,23.02943111763095]]]}},{"type":"Feature","properties":{"jobs":2395,"pop":30,"pointCount":8,"homeWorkCommuteMedian":7989,"workHomeCommuteMedian":7988},"geometry":{"type":"Polygon","coordinates":[[[120.1523992942691,23.038424321268195],[120.1523992942691,23.04741752490544],[120.16139249790635,23.04741752490544],[120.16139249790635,23.038424321268195],[120.1523992942691,23.038424321268195]]]}},{"type":"Feature","properties":{"jobs":32,"pop":0,"pointCount":1,"homeWorkCommuteMedian":-1,"workHomeCommuteMedian":10825},"geometry":{"type":"Polygon","coordinates":[[[120.1523992942691,23.04741752490544],[120.1523992942691,23.056410728542687],[120.16139249790635,23.056410728542687],[120.16139249790635,23.04741752490544],[120.1523992942691,23.04741752490544]]]}},{"type":"Feature","properties":{"jobs":826,"pop":0,"pointCount":3,"homeWorkCommuteMedian":-1,"workHomeCommuteMedian":7531},"geometry":{"type":"Polygon","coordinates":[[[120.1523992942691,23.056410728542687],[120.1523992942691,23.065403932179933],[120.16139249790635,23.065403932179933],[120.16139249790635,23.056410728542687],[120.1523992942691,23.056410728542687]]]}},{"type":"Feature","properties":{"jobs":236,"pop":1103,"pointCount":8,"homeWorkCommuteMedian":9966,"workHomeCommuteMedian":5989},"geometry":{"type":"Polygon","coordinates":[[[120.1523992942691,23.065403932179933],[120.1523992942691,23.07439713581718],[120.16139249790635,23.07439713581718],[120.16139249790635,23.065403932179933],[120.1523992942691,23.065403932179933]]]}},{"type":"Feature","properties":{"jobs":26,"pop":451,"pointCount":2,"homeWorkCommuteMedian":14814,"workHomeCommuteMedian":8549},"geometry":{"type":"Polygon","coordinates":[[[120.1523992942691,23.07439713581718],[120.1523992942691,23.083390339454425],[120.16139249790635,23.083390339454425],[120.16139249790635,23.07439713581718],[120.1523992942691,23.07439713581718]]]}},{"type":"Feature","properties":{"jobs":0,"pop":65,"pointCount":1,"homeWorkCommuteMedian":27170,"workHomeCommuteMedian":-1},"geometry":{"type":"Polygon","coordinates":[[[120.1523992942691,23.09238354309167],[120.1523992942691,23.101376746728917],[120.16139249790635,23.101376746728917],[120.16139249790635,23.09238354309167],[120.1523992942691,23.09238354309167]]]}},{"type":"Feature","properties":{"jobs":34,"pop":98,"pointCount":4,"homeWorkCommuteMedian":23391,"workHomeCommuteMedian":22451},"geometry":{"type":"Polygon","coordinates":[[[120.1523992942691,23.101376746728917],[120.1523992942691,23.110369950366163],[120.16139249790635,23.110369950366163],[120.16139249790635,23.101376746728917],[120.1523992942691,23.101376746728917]]]}},{"type":"Feature","properties":{"jobs":0,"pop":607,"pointCount":7,"homeWorkCommuteMedian":15395,"workHomeCommuteMedian":-1},"geometry":{"type":"Polygon","coordinates":[[[120.1523992942691,23.110369950366163],[120.1523992942691,23.11936315400341],[120.16139249790635,23.11936315400341],[120.16139249790635,23.110369950366163],[120.1523992942691,23.110369950366163]]]}},{"type":"Feature","properties":{"jobs":203,"pop":297,"pointCount":7,"homeWorkCommuteMedian":9948,"workHomeCommuteMedian":5004},"geometry":{"type":"Polygon","coordinates":[[[120.1523992942691,23.11936315400341],[120.1523992942691,23.128356357640655],[120.16139249790635,23.128356357640655],[120.16139249790635,23.11936315400341],[120.1523992942691,23.11936315400341]]]}},{"type":"Feature","properties":{"jobs":100,"pop":65,"pointCount":2,"homeWorkCommuteMedian":21763,"workHomeCommuteMedian":5890},"geometry":{"type":"Polygon","coordinates":[[[120.1523992942691,23.128356357640655],[120.1523992942691,23.1373495612779],[120.16139249790635,23.1373495612779],[120.16139249790635,23.128356357640655],[120.1523992942691,23.128356357640655]]]}},{"type":"Feature","properties":{"jobs":0,"pop":542,"pointCount":7,"homeWorkCommuteMedian":21266,"workHomeCommuteMedian":-1},"geometry":{"type":"Polygon","coordinates":[[[120.1523992942691,23.1373495612779],[120.1523992942691,23.146342764915147],[120.16139249790635,23.146342764915147],[120.16139249790635,23.1373495612779],[120.1523992942691,23.1373495612779]]]}},{"type":"Feature","properties":{"jobs":0,"pop":167,"pointCount":2,"homeWorkCommuteMedian":26345,"workHomeCommuteMedian":-1},"geometry":{"type":"Polygon","coordinates":[[[120.1523992942691,23.146342764915147],[120.1523992942691,23.155335968552393],[120.16139249790635,23.155335968552393],[120.16139249790635,23.146342764915147],[120.1523992942691,23.146342764915147]]]}},{"type":"Feature","properties":{"jobs":48,"pop":1214,"pointCount":3,"homeWorkCommuteMedian":25795,"workHomeCommuteMedian":5054},"geometry":{"type":"Polygon","coordinates":[[[120.1523992942691,23.155335968552393],[120.1523992942691,23.16432917218964],[120.16139249790635,23.16432917218964],[120.16139249790635,23.155335968552393],[120.1523992942691,23.155335968552393]]]}},{"type":"Feature","properties":{"jobs":213,"pop":150,"pointCount":3,"homeWorkCommuteMedian":4290,"workHomeCommuteMedian":2349},"geometry":{"type":"Polygon","coordinates":[[[120.1523992942691,23.16432917218964],[120.1523992942691,23.173322375826885],[120.16139249790635,23.173322375826885],[120.16139249790635,23.16432917218964],[120.1523992942691,23.16432917218964]]]}},{"type":"Feature","properties":{"jobs":193,"pop":1114,"pointCount":8,"homeWorkCommuteMedian":16516,"workHomeCommuteMedian":5452},"geometry":{"type":"Polygon","coordinates":[[[120.1523992942691,23.173322375826885],[120.1523992942691,23.18231557946413],[120.16139249790635,23.18231557946413],[120.16139249790635,23.173322375826885],[120.1523992942691,23.173322375826885]]]}},{"type":"Feature","properties":{"jobs":64,"pop":132,"pointCount":4,"homeWorkCommuteMedian":5899,"workHomeCommuteMedian":4958},"geometry":{"type":"Polygon","coordinates":[[[120.1523992942691,23.18231557946413],[120.1523992942691,23.191308783101377],[120.16139249790635,23.191308783101377],[120.16139249790635,23.18231557946413],[120.1523992942691,23.18231557946413]]]}},{"type":"Feature","properties":{"jobs":311,"pop":1590,"pointCount":13,"homeWorkCommuteMedian":23366,"workHomeCommuteMedian":7728},"geometry":{"type":"Polygon","coordinates":[[[120.1523992942691,23.191308783101377],[120.1523992942691,23.200301986738623],[120.16139249790635,23.200301986738623],[120.16139249790635,23.191308783101377],[120.1523992942691,23.191308783101377]]]}},{"type":"Feature","properties":{"jobs":119,"pop":814,"pointCount":12,"homeWorkCommuteMedian":21674,"workHomeCommuteMedian":2632},"geometry":{"type":"Polygon","coordinates":[[[120.1523992942691,23.200301986738623],[120.1523992942691,23.20929519037587],[120.16139249790635,23.20929519037587],[120.16139249790635,23.200301986738623],[120.1523992942691,23.200301986738623]]]}},{"type":"Feature","properties":{"jobs":52,"pop":183,"pointCount":4,"homeWorkCommuteMedian":22869,"workHomeCommuteMedian":3521},"geometry":{"type":"Polygon","coordinates":[[[120.1523992942691,23.20929519037587],[120.1523992942691,23.218288394013115],[120.16139249790635,23.218288394013115],[120.16139249790635,23.20929519037587],[120.1523992942691,23.20929519037587]]]}},{"type":"Feature","properties":{"jobs":158,"pop":419,"pointCount":7,"homeWorkCommuteMedian":30437,"workHomeCommuteMedian":7517},"geometry":{"type":"Polygon","coordinates":[[[120.1523992942691,23.218288394013115],[120.1523992942691,23.22728159765036],[120.16139249790635,23.22728159765036],[120.16139249790635,23.218288394013115],[120.1523992942691,23.218288394013115]]]}},{"type":"Feature","properties":{"jobs":54,"pop":490,"pointCount":6,"homeWorkCommuteMedian":5084,"workHomeCommuteMedian":7506},"geometry":{"type":"Polygon","coordinates":[[[120.1523992942691,23.236274801287607],[120.1523992942691,23.245268004924853],[120.16139249790635,23.245268004924853],[120.16139249790635,23.236274801287607],[120.1523992942691,23.236274801287607]]]}},{"type":"Feature","properties":{"jobs":220,"pop":233,"pointCount":5,"homeWorkCommuteMedian":3718,"workHomeCommuteMedian":4283},"geometry":{"type":"Polygon","coordinates":[[[120.1523992942691,23.245268004924853],[120.1523992942691,23.2542612085621],[120.16139249790635,23.2542612085621],[120.16139249790635,23.245268004924853],[120.1523992942691,23.245268004924853]]]}},{"type":"Feature","properties":{"jobs":0,"pop":49,"pointCount":2,"homeWorkCommuteMedian":26274,"workHomeCommuteMedian":-1},"geometry":{"type":"Polygon","coordinates":[[[120.1523992942691,23.2542612085621],[120.1523992942691,23.263254412199345],[120.16139249790635,23.263254412199345],[120.16139249790635,23.2542612085621],[120.1523992942691,23.2542612085621]]]}},{"type":"Feature","properties":{"jobs":54,"pop":0,"pointCount":1,"homeWorkCommuteMedian":-1,"workHomeCommuteMedian":15209},"geometry":{"type":"Polygon","coordinates":[[[120.1523992942691,23.27224761583659],[120.1523992942691,23.281240819473837],[120.16139249790635,23.281240819473837],[120.16139249790635,23.27224761583659],[120.1523992942691,23.27224761583659]]]}},{"type":"Feature","properties":{"jobs":197,"pop":136,"pointCount":3,"homeWorkCommuteMedian":17375,"workHomeCommuteMedian":9286},"geometry":{"type":"Polygon","coordinates":[[[120.16139249790635,22.95748548853298],[120.16139249790635,22.966478692170227],[120.1703857015436,22.966478692170227],[120.1703857015436,22.95748548853298],[120.16139249790635,22.95748548853298]]]}},{"type":"Feature","properties":{"jobs":150,"pop":0,"pointCount":2,"homeWorkCommuteMedian":-1,"workHomeCommuteMedian":7968},"geometry":{"type":"Polygon","coordinates":[[[120.16139249790635,22.966478692170227],[120.16139249790635,22.975471895807473],[120.1703857015436,22.975471895807473],[120.1703857015436,22.966478692170227],[120.16139249790635,22.966478692170227]]]}},{"type":"Feature","properties":{"jobs":416,"pop":431,"pointCount":1,"homeWorkCommuteMedian":5860,"workHomeCommuteMedian":2280},"geometry":{"type":"Polygon","coordinates":[[[120.16139249790635,22.975471895807473],[120.16139249790635,22.98446509944472],[120.1703857015436,22.98446509944472],[120.1703857015436,22.975471895807473],[120.16139249790635,22.975471895807473]]]}},{"type":"Feature","properties":{"jobs":4145,"pop":7473,"pointCount":12,"homeWorkCommuteMedian":3462,"workHomeCommuteMedian":2332},"geometry":{"type":"Polygon","coordinates":[[[120.16139249790635,22.98446509944472],[120.16139249790635,22.993458303081965],[120.1703857015436,22.993458303081965],[120.1703857015436,22.98446509944472],[120.16139249790635,22.98446509944472]]]}},{"type":"Feature","properties":{"jobs":2098,"pop":5675,"pointCount":13,"homeWorkCommuteMedian":5149,"workHomeCommuteMedian":2995},"geometry":{"type":"Polygon","coordinates":[[[120.16139249790635,22.993458303081965],[120.16139249790635,23.00245150671921],[120.1703857015436,23.00245150671921],[120.1703857015436,22.993458303081965],[120.16139249790635,22.993458303081965]]]}},{"type":"Feature","properties":{"jobs":547,"pop":414,"pointCount":3,"homeWorkCommuteMedian":13007,"workHomeCommuteMedian":5178},"geometry":{"type":"Polygon","coordinates":[[[120.16139249790635,23.038424321268195],[120.16139249790635,23.04741752490544],[120.1703857015436,23.04741752490544],[120.1703857015436,23.038424321268195],[120.16139249790635,23.038424321268195]]]}},{"type":"Feature","properties":{"jobs":241,"pop":2304,"pointCount":9,"homeWorkCommuteMedian":7238,"workHomeCommuteMedian":5095},"geometry":{"type":"Polygon","coordinates":[[[120.16139249790635,23.04741752490544],[120.16139249790635,23.056410728542687],[120.1703857015436,23.056410728542687],[120.1703857015436,23.04741752490544],[120.16139249790635,23.04741752490544]]]}},{"type":"Feature","properties":{"jobs":1002,"pop":0,"pointCount":4,"homeWorkCommuteMedian":-1,"workHomeCommuteMedian":10176},"geometry":{"type":"Polygon","coordinates":[[[120.16139249790635,23.056410728542687],[120.16139249790635,23.065403932179933],[120.1703857015436,23.065403932179933],[120.1703857015436,23.056410728542687],[120.16139249790635,23.056410728542687]]]}},{"type":"Feature","properties":{"jobs":57,"pop":803,"pointCount":6,"homeWorkCommuteMedian":7522,"workHomeCommuteMedian":36988},"geometry":{"type":"Polygon","coordinates":[[[120.16139249790635,23.065403932179933],[120.16139249790635,23.07439713581718],[120.1703857015436,23.07439713581718],[120.1703857015436,23.065403932179933],[120.16139249790635,23.065403932179933]]]}},{"type":"Feature","properties":{"jobs":0,"pop":261,"pointCount":4,"homeWorkCommuteMedian":7284,"workHomeCommuteMedian":-1},"geometry":{"type":"Polygon","coordinates":[[[120.16139249790635,23.101376746728917],[120.16139249790635,23.110369950366163],[120.1703857015436,23.110369950366163],[120.1703857015436,23.101376746728917],[120.16139249790635,23.101376746728917]]]}},{"type":"Feature","properties":{"jobs":77,"pop":317,"pointCount":5,"homeWorkCommuteMedian":13876,"workHomeCommuteMedian":6220},"geometry":{"type":"Polygon","coordinates":[[[120.16139249790635,23.110369950366163],[120.16139249790635,23.11936315400341],[120.1703857015436,23.11936315400341],[120.1703857015436,23.110369950366163],[120.16139249790635,23.110369950366163]]]}},{"type":"Feature","properties":{"jobs":144,"pop":396,"pointCount":5,"homeWorkCommuteMedian":15330,"workHomeCommuteMedian":32162},"geometry":{"type":"Polygon","coordinates":[[[120.16139249790635,23.11936315400341],[120.16139249790635,23.128356357640655],[120.1703857015436,23.128356357640655],[120.1703857015436,23.11936315400341],[120.16139249790635,23.11936315400341]]]}},{"type":"Feature","properties":{"jobs":154,"pop":0,"pointCount":1,"homeWorkCommuteMedian":-1,"workHomeCommuteMedian":2272},"geometry":{"type":"Polygon","coordinates":[[[120.16139249790635,23.146342764915147],[120.16139249790635,23.155335968552393],[120.1703857015436,23.155335968552393],[120.1703857015436,23.146342764915147],[120.16139249790635,23.146342764915147]]]}},{"type":"Feature","properties":{"jobs":517,"pop":2043,"pointCount":9,"homeWorkCommuteMedian":5427,"workHomeCommuteMedian":2782},"geometry":{"type":"Polygon","coordinates":[[[120.16139249790635,23.155335968552393],[120.16139249790635,23.16432917218964],[120.1703857015436,23.16432917218964],[120.1703857015436,23.155335968552393],[120.16139249790635,23.155335968552393]]]}},{"type":"Feature","properties":{"jobs":249,"pop":1155,"pointCount":4,"homeWorkCommuteMedian":8798,"workHomeCommuteMedian":3356},"geometry":{"type":"Polygon","coordinates":[[[120.16139249790635,23.16432917218964],[120.16139249790635,23.173322375826885],[120.1703857015436,23.173322375826885],[120.1703857015436,23.16432917218964],[120.16139249790635,23.16432917218964]]]}},{"type":"Feature","properties":{"jobs":214,"pop":232,"pointCount":4,"homeWorkCommuteMedian":27922,"workHomeCommuteMedian":4218},"geometry":{"type":"Polygon","coordinates":[[[120.16139249790635,23.173322375826885],[120.16139249790635,23.18231557946413],[120.1703857015436,23.18231557946413],[120.1703857015436,23.173322375826885],[120.16139249790635,23.173322375826885]]]}},{"type":"Feature","properties":{"jobs":38,"pop":52,"pointCount":2,"homeWorkCommuteMedian":23193,"workHomeCommuteMedian":4469},"geometry":{"type":"Polygon","coordinates":[[[120.16139249790635,23.18231557946413],[120.16139249790635,23.191308783101377],[120.1703857015436,23.191308783101377],[120.1703857015436,23.18231557946413],[120.16139249790635,23.18231557946413]]]}},{"type":"Feature","properties":{"jobs":321,"pop":70,"pointCount":1,"homeWorkCommuteMedian":26428,"workHomeCommuteMedian":1677},"geometry":{"type":"Polygon","coordinates":[[[120.16139249790635,23.191308783101377],[120.16139249790635,23.200301986738623],[120.1703857015436,23.200301986738623],[120.1703857015436,23.191308783101377],[120.16139249790635,23.191308783101377]]]}},{"type":"Feature","properties":{"jobs":332,"pop":407,"pointCount":10,"homeWorkCommuteMedian":25904,"workHomeCommuteMedian":6002},"geometry":{"type":"Polygon","coordinates":[[[120.16139249790635,23.20929519037587],[120.16139249790635,23.218288394013115],[120.1703857015436,23.218288394013115],[120.1703857015436,23.20929519037587],[120.16139249790635,23.20929519037587]]]}},{"type":"Feature","properties":{"jobs":89,"pop":565,"pointCount":7,"homeWorkCommuteMedian":24325,"workHomeCommuteMedian":3352},"geometry":{"type":"Polygon","coordinates":[[[120.16139249790635,23.218288394013115],[120.16139249790635,23.22728159765036],[120.1703857015436,23.22728159765036],[120.1703857015436,23.218288394013115],[120.16139249790635,23.218288394013115]]]}},{"type":"Feature","properties":{"jobs":26,"pop":369,"pointCount":6,"homeWorkCommuteMedian":26535,"workHomeCommuteMedian":9339},"geometry":{"type":"Polygon","coordinates":[[[120.16139249790635,23.236274801287607],[120.16139249790635,23.245268004924853],[120.1703857015436,23.245268004924853],[120.1703857015436,23.236274801287607],[120.16139249790635,23.236274801287607]]]}},{"type":"Feature","properties":{"jobs":0,"pop":100,"pointCount":1,"homeWorkCommuteMedian":2791,"workHomeCommuteMedian":-1},"geometry":{"type":"Polygon","coordinates":[[[120.16139249790635,23.245268004924853],[120.16139249790635,23.2542612085621],[120.1703857015436,23.2542612085621],[120.1703857015436,23.245268004924853],[120.16139249790635,23.245268004924853]]]}},{"type":"Feature","properties":{"jobs":527,"pop":0,"pointCount":2,"homeWorkCommuteMedian":-1,"workHomeCommuteMedian":4534},"geometry":{"type":"Polygon","coordinates":[[[120.16139249790635,23.2542612085621],[120.16139249790635,23.263254412199345],[120.1703857015436,23.263254412199345],[120.1703857015436,23.2542612085621],[120.16139249790635,23.2542612085621]]]}},{"type":"Feature","properties":{"jobs":0,"pop":50,"pointCount":1,"homeWorkCommuteMedian":33558,"workHomeCommuteMedian":-1},"geometry":{"type":"Polygon","coordinates":[[[120.16139249790635,23.263254412199345],[120.16139249790635,23.27224761583659],[120.1703857015436,23.27224761583659],[120.1703857015436,23.263254412199345],[120.16139249790635,23.263254412199345]]]}},{"type":"Feature","properties":{"jobs":0,"pop":32,"pointCount":1,"homeWorkCommuteMedian":33703,"workHomeCommuteMedian":-1},"geometry":{"type":"Polygon","coordinates":[[[120.16139249790635,23.27224761583659],[120.16139249790635,23.281240819473837],[120.1703857015436,23.281240819473837],[120.1703857015436,23.27224761583659],[120.16139249790635,23.27224761583659]]]}},{"type":"Feature","properties":{"jobs":42,"pop":185,"pointCount":5,"homeWorkCommuteMedian":26892,"workHomeCommuteMedian":9893},"geometry":{"type":"Polygon","coordinates":[[[120.16139249790635,23.290234023111083],[120.16139249790635,23.29922722674833],[120.1703857015436,23.29922722674833],[120.1703857015436,23.290234023111083],[120.16139249790635,23.290234023111083]]]}},{"type":"Feature","properties":{"jobs":0,"pop":94,"pointCount":1,"homeWorkCommuteMedian":37104,"workHomeCommuteMedian":-1},"geometry":{"type":"Polygon","coordinates":[[[120.16139249790635,23.29922722674833],[120.16139249790635,23.308220430385575],[120.1703857015436,23.308220430385575],[120.1703857015436,23.29922722674833],[120.16139249790635,23.29922722674833]]]}},{"type":"Feature","properties":{"jobs":32,"pop":0,"pointCount":1,"homeWorkCommuteMedian":-1,"workHomeCommuteMedian":686},"geometry":{"type":"Polygon","coordinates":[[[120.1703857015436,22.89453306307226],[120.1703857015436,22.903526266709505],[120.17937890518084,22.903526266709505],[120.17937890518084,22.89453306307226],[120.1703857015436,22.89453306307226]]]}},{"type":"Feature","properties":{"jobs":55,"pop":151,"pointCount":2,"homeWorkCommuteMedian":20012,"workHomeCommuteMedian":5218},"geometry":{"type":"Polygon","coordinates":[[[120.1703857015436,22.921512673983997],[120.1703857015436,22.930505877621243],[120.17937890518084,22.930505877621243],[120.17937890518084,22.921512673983997],[120.1703857015436,22.921512673983997]]]}},{"type":"Feature","properties":{"jobs":124,"pop":1096,"pointCount":3,"homeWorkCommuteMedian":6140,"workHomeCommuteMedian":6294},"geometry":{"type":"Polygon","coordinates":[[[120.1703857015436,22.930505877621243],[120.1703857015436,22.93949908125849],[120.17937890518084,22.93949908125849],[120.17937890518084,22.930505877621243],[120.1703857015436,22.930505877621243]]]}},{"type":"Feature","properties":{"jobs":456,"pop":1495,"pointCount":7,"homeWorkCommuteMedian":5334,"workHomeCommuteMedian":5090},"geometry":{"type":"Polygon","coordinates":[[[120.1703857015436,22.93949908125849],[120.1703857015436,22.948492284895735],[120.17937890518084,22.948492284895735],[120.17937890518084,22.93949908125849],[120.1703857015436,22.93949908125849]]]}},{"type":"Feature","properties":{"jobs":1362,"pop":844,"pointCount":9,"homeWorkCommuteMedian":4109,"workHomeCommuteMedian":6404},"geometry":{"type":"Polygon","coordinates":[[[120.1703857015436,22.95748548853298],[120.1703857015436,22.966478692170227],[120.17937890518084,22.966478692170227],[120.17937890518084,22.95748548853298],[120.1703857015436,22.95748548853298]]]}},{"type":"Feature","properties":{"jobs":2896,"pop":206,"pointCount":5,"homeWorkCommuteMedian":10990,"workHomeCommuteMedian":4006},"geometry":{"type":"Polygon","coordinates":[[[120.1703857015436,22.966478692170227],[120.1703857015436,22.975471895807473],[120.17937890518084,22.975471895807473],[120.17937890518084,22.966478692170227],[120.1703857015436,22.966478692170227]]]}},{"type":"Feature","properties":{"jobs":1812,"pop":1074,"pointCount":3,"homeWorkCommuteMedian":7938,"workHomeCommuteMedian":6157},"geometry":{"type":"Polygon","coordinates":[[[120.1703857015436,22.975471895807473],[120.1703857015436,22.98446509944472],[120.17937890518084,22.98446509944472],[120.17937890518084,22.975471895807473],[120.1703857015436,22.975471895807473]]]}},{"type":"Feature","properties":{"jobs":7025,"pop":6579,"pointCount":17,"homeWorkCommuteMedian":3425,"workHomeCommuteMedian":6428},"geometry":{"type":"Polygon","coordinates":[[[120.1703857015436,22.98446509944472],[120.1703857015436,22.993458303081965],[120.17937890518084,22.993458303081965],[120.17937890518084,22.98446509944472],[120.1703857015436,22.98446509944472]]]}},{"type":"Feature","properties":{"jobs":3148,"pop":7762,"pointCount":14,"homeWorkCommuteMedian":5048,"workHomeCommuteMedian":6407},"geometry":{"type":"Polygon","coordinates":[[[120.1703857015436,22.993458303081965],[120.1703857015436,23.00245150671921],[120.17937890518084,23.00245150671921],[120.17937890518084,22.993458303081965],[120.1703857015436,22.993458303081965]]]}},{"type":"Feature","properties":{"jobs":129,"pop":1335,"pointCount":4,"homeWorkCommuteMedian":4345,"workHomeCommuteMedian":5543},"geometry":{"type":"Polygon","coordinates":[[[120.1703857015436,23.00245150671921],[120.1703857015436,23.011444710356457],[120.17937890518084,23.011444710356457],[120.17937890518084,23.00245150671921],[120.1703857015436,23.00245150671921]]]}},{"type":"Feature","properties":{"jobs":0,"pop":549,"pointCount":2,"homeWorkCommuteMedian":6299,"workHomeCommuteMedian":-1},"geometry":{"type":"Polygon","coordinates":[[[120.1703857015436,23.011444710356457],[120.1703857015436,23.020437913993703],[120.17937890518084,23.020437913993703],[120.17937890518084,23.011444710356457],[120.1703857015436,23.011444710356457]]]}},{"type":"Feature","properties":{"jobs":0,"pop":614,"pointCount":1,"homeWorkCommuteMedian":6805,"workHomeCommuteMedian":-1},"geometry":{"type":"Polygon","coordinates":[[[120.1703857015436,23.020437913993703],[120.1703857015436,23.02943111763095],[120.17937890518084,23.02943111763095],[120.17937890518084,23.020437913993703],[120.1703857015436,23.020437913993703]]]}},{"type":"Feature","properties":{"jobs":68,"pop":147,"pointCount":3,"homeWorkCommuteMedian":5460,"workHomeCommuteMedian":9081},"geometry":{"type":"Polygon","coordinates":[[[120.1703857015436,23.038424321268195],[120.1703857015436,23.04741752490544],[120.17937890518084,23.04741752490544],[120.17937890518084,23.038424321268195],[120.1703857015436,23.038424321268195]]]}},{"type":"Feature","properties":{"jobs":2526,"pop":6294,"pointCount":18,"homeWorkCommuteMedian":6086,"workHomeCommuteMedian":5314},"geometry":{"type":"Polygon","coordinates":[[[120.1703857015436,23.04741752490544],[120.1703857015436,23.056410728542687],[120.17937890518084,23.056410728542687],[120.17937890518084,23.04741752490544],[120.1703857015436,23.04741752490544]]]}},{"type":"Feature","properties":{"jobs":317,"pop":210,"pointCount":4,"homeWorkCommuteMedian":5379,"workHomeCommuteMedian":6024},"geometry":{"type":"Polygon","coordinates":[[[120.1703857015436,23.056410728542687],[120.1703857015436,23.065403932179933],[120.17937890518084,23.065403932179933],[120.17937890518084,23.056410728542687],[120.1703857015436,23.056410728542687]]]}},{"type":"Feature","properties":{"jobs":486,"pop":2248,"pointCount":13,"homeWorkCommuteMedian":7830,"workHomeCommuteMedian":10041},"geometry":{"type":"Polygon","coordinates":[[[120.1703857015436,23.065403932179933],[120.1703857015436,23.07439713581718],[120.17937890518084,23.07439713581718],[120.17937890518084,23.065403932179933],[120.1703857015436,23.065403932179933]]]}},{"type":"Feature","properties":{"jobs":0,"pop":258,"pointCount":1,"homeWorkCommuteMedian":13224,"workHomeCommuteMedian":-1},"geometry":{"type":"Polygon","coordinates":[[[120.1703857015436,23.07439713581718],[120.1703857015436,23.083390339454425],[120.17937890518084,23.083390339454425],[120.17937890518084,23.07439713581718],[120.1703857015436,23.07439713581718]]]}},{"type":"Feature","properties":{"jobs":0,"pop":29,"pointCount":1,"homeWorkCommuteMedian":25155,"workHomeCommuteMedian":-1},"geometry":{"type":"Polygon","coordinates":[[[120.1703857015436,23.083390339454425],[120.1703857015436,23.09238354309167],[120.17937890518084,23.09238354309167],[120.17937890518084,23.083390339454425],[120.1703857015436,23.083390339454425]]]}},{"type":"Feature","properties":{"jobs":73,"pop":347,"pointCount":4,"homeWorkCommuteMedian":11350,"workHomeCommuteMedian":38537},"geometry":{"type":"Polygon","coordinates":[[[120.1703857015436,23.101376746728917],[120.1703857015436,23.110369950366163],[120.17937890518084,23.110369950366163],[120.17937890518084,23.101376746728917],[120.1703857015436,23.101376746728917]]]}},{"type":"Feature","properties":{"jobs":102,"pop":95,"pointCount":3,"homeWorkCommuteMedian":18878,"workHomeCommuteMedian":6063},"geometry":{"type":"Polygon","coordinates":[[[120.1703857015436,23.110369950366163],[120.1703857015436,23.11936315400341],[120.17937890518084,23.11936315400341],[120.17937890518084,23.110369950366163],[120.1703857015436,23.110369950366163]]]}},{"type":"Feature","properties":{"jobs":69,"pop":343,"pointCount":2,"homeWorkCommuteMedian":4301,"workHomeCommuteMedian":20388},"geometry":{"type":"Polygon","coordinates":[[[120.1703857015436,23.11936315400341],[120.1703857015436,23.128356357640655],[120.17937890518084,23.128356357640655],[120.17937890518084,23.11936315400341],[120.1703857015436,23.11936315400341]]]}},{"type":"Feature","properties":{"jobs":27,"pop":454,"pointCount":4,"homeWorkCommuteMedian":8293,"workHomeCommuteMedian":2995},"geometry":{"type":"Polygon","coordinates":[[[120.1703857015436,23.128356357640655],[120.1703857015436,23.1373495612779],[120.17937890518084,23.1373495612779],[120.17937890518084,23.128356357640655],[120.1703857015436,23.128356357640655]]]}},{"type":"Feature","properties":{"jobs":53,"pop":0,"pointCount":2,"homeWorkCommuteMedian":-1,"workHomeCommuteMedian":5543},"geometry":{"type":"Polygon","coordinates":[[[120.1703857015436,23.1373495612779],[120.1703857015436,23.146342764915147],[120.17937890518084,23.146342764915147],[120.17937890518084,23.1373495612779],[120.1703857015436,23.1373495612779]]]}},{"type":"Feature","properties":{"jobs":785,"pop":3476,"pointCount":13,"homeWorkCommuteMedian":17254,"workHomeCommuteMedian":3109},"geometry":{"type":"Polygon","coordinates":[[[120.1703857015436,23.146342764915147],[120.1703857015436,23.155335968552393],[120.17937890518084,23.155335968552393],[120.17937890518084,23.146342764915147],[120.1703857015436,23.146342764915147]]]}},{"type":"Feature","properties":{"jobs":3680,"pop":4849,"pointCount":16,"homeWorkCommuteMedian":12356,"workHomeCommuteMedian":2629},"geometry":{"type":"Polygon","coordinates":[[[120.1703857015436,23.155335968552393],[120.1703857015436,23.16432917218964],[120.17937890518084,23.16432917218964],[120.17937890518084,23.155335968552393],[120.1703857015436,23.155335968552393]]]}},{"type":"Feature","properties":{"jobs":1907,"pop":2869,"pointCount":12,"homeWorkCommuteMedian":7277,"workHomeCommuteMedian":2940},"geometry":{"type":"Polygon","coordinates":[[[120.1703857015436,23.16432917218964],[120.1703857015436,23.173322375826885],[120.17937890518084,23.173322375826885],[120.17937890518084,23.16432917218964],[120.1703857015436,23.16432917218964]]]}},{"type":"Feature","properties":{"jobs":1065,"pop":178,"pointCount":4,"homeWorkCommuteMedian":25928,"workHomeCommuteMedian":3722},"geometry":{"type":"Polygon","coordinates":[[[120.1703857015436,23.173322375826885],[120.1703857015436,23.18231557946413],[120.17937890518084,23.18231557946413],[120.17937890518084,23.173322375826885],[120.1703857015436,23.173322375826885]]]}},{"type":"Feature","properties":{"jobs":1273,"pop":0,"pointCount":3,"homeWorkCommuteMedian":-1,"workHomeCommuteMedian":4354},"geometry":{"type":"Polygon","coordinates":[[[120.1703857015436,23.18231557946413],[120.1703857015436,23.191308783101377],[120.17937890518084,23.191308783101377],[120.17937890518084,23.18231557946413],[120.1703857015436,23.18231557946413]]]}},{"type":"Feature","properties":{"jobs":0,"pop":81,"pointCount":1,"homeWorkCommuteMedian":4508,"workHomeCommuteMedian":-1},"geometry":{"type":"Polygon","coordinates":[[[120.1703857015436,23.191308783101377],[120.1703857015436,23.200301986738623],[120.17937890518084,23.200301986738623],[120.17937890518084,23.191308783101377],[120.1703857015436,23.191308783101377]]]}},{"type":"Feature","properties":{"jobs":121,"pop":98,"pointCount":3,"homeWorkCommuteMedian":31769,"workHomeCommuteMedian":1779},"geometry":{"type":"Polygon","coordinates":[[[120.1703857015436,23.218288394013115],[120.1703857015436,23.22728159765036],[120.17937890518084,23.22728159765036],[120.17937890518084,23.218288394013115],[120.1703857015436,23.218288394013115]]]}},{"type":"Feature","properties":{"jobs":174,"pop":1258,"pointCount":3,"homeWorkCommuteMedian":27893,"workHomeCommuteMedian":4680},"geometry":{"type":"Polygon","coordinates":[[[120.1703857015436,23.22728159765036],[120.1703857015436,23.236274801287607],[120.17937890518084,23.236274801287607],[120.17937890518084,23.22728159765036],[120.1703857015436,23.22728159765036]]]}},{"type":"Feature","properties":{"jobs":412,"pop":1022,"pointCount":12,"homeWorkCommuteMedian":27609,"workHomeCommuteMedian":1865},"geometry":{"type":"Polygon","coordinates":[[[120.1703857015436,23.236274801287607],[120.1703857015436,23.245268004924853],[120.17937890518084,23.245268004924853],[120.17937890518084,23.236274801287607],[120.1703857015436,23.236274801287607]]]}},{"type":"Feature","properties":{"jobs":51,"pop":0,"pointCount":1,"homeWorkCommuteMedian":-1,"workHomeCommuteMedian":7968},"geometry":{"type":"Polygon","coordinates":[[[120.1703857015436,23.2542612085621],[120.1703857015436,23.263254412199345],[120.17937890518084,23.263254412199345],[120.17937890518084,23.2542612085621],[120.1703857015436,23.2542612085621]]]}},{"type":"Feature","properties":{"jobs":0,"pop":28,"pointCount":1,"homeWorkCommuteMedian":7091,"workHomeCommuteMedian":-1},"geometry":{"type":"Polygon","coordinates":[[[120.1703857015436,23.27224761583659],[120.1703857015436,23.281240819473837],[120.17937890518084,23.281240819473837],[120.17937890518084,23.27224761583659],[120.1703857015436,23.27224761583659]]]}},{"type":"Feature","properties":{"jobs":0,"pop":82,"pointCount":1,"homeWorkCommuteMedian":43397,"workHomeCommuteMedian":-1},"geometry":{"type":"Polygon","coordinates":[[[120.1703857015436,23.281240819473837],[120.1703857015436,23.290234023111083],[120.17937890518084,23.290234023111083],[120.17937890518084,23.281240819473837],[120.1703857015436,23.281240819473837]]]}},{"type":"Feature","properties":{"jobs":0,"pop":155,"pointCount":2,"homeWorkCommuteMedian":31486,"workHomeCommuteMedian":-1},"geometry":{"type":"Polygon","coordinates":[[[120.1703857015436,23.290234023111083],[120.1703857015436,23.29922722674833],[120.17937890518084,23.29922722674833],[120.17937890518084,23.290234023111083],[120.1703857015436,23.290234023111083]]]}},{"type":"Feature","properties":{"jobs":0,"pop":104,"pointCount":1,"homeWorkCommuteMedian":3954,"workHomeCommuteMedian":-1},"geometry":{"type":"Polygon","coordinates":[[[120.17937890518084,22.876546655797767],[120.17937890518084,22.885539859435013],[120.18837210881809,22.885539859435013],[120.18837210881809,22.876546655797767],[120.17937890518084,22.876546655797767]]]}},{"type":"Feature","properties":{"jobs":235,"pop":2126,"pointCount":11,"homeWorkCommuteMedian":13169,"workHomeCommuteMedian":1550},"geometry":{"type":"Polygon","coordinates":[[[120.17937890518084,22.885539859435013],[120.17937890518084,22.89453306307226],[120.18837210881809,22.89453306307226],[120.18837210881809,22.885539859435013],[120.17937890518084,22.885539859435013]]]}},{"type":"Feature","properties":{"jobs":642,"pop":7927,"pointCount":21,"homeWorkCommuteMedian":14960,"workHomeCommuteMedian":4394},"geometry":{"type":"Polygon","coordinates":[[[120.17937890518084,22.89453306307226],[120.17937890518084,22.903526266709505],[120.18837210881809,22.903526266709505],[120.18837210881809,22.89453306307226],[120.17937890518084,22.89453306307226]]]}},{"type":"Feature","properties":{"jobs":722,"pop":896,"pointCount":7,"homeWorkCommuteMedian":10712,"workHomeCommuteMedian":12747},"geometry":{"type":"Polygon","coordinates":[[[120.17937890518084,22.903526266709505],[120.17937890518084,22.91251947034675],[120.18837210881809,22.91251947034675],[120.18837210881809,22.903526266709505],[120.17937890518084,22.903526266709505]]]}},{"type":"Feature","properties":{"jobs":832,"pop":2646,"pointCount":13,"homeWorkCommuteMedian":9612,"workHomeCommuteMedian":3530},"geometry":{"type":"Polygon","coordinates":[[[120.17937890518084,22.91251947034675],[120.17937890518084,22.921512673983997],[120.18837210881809,22.921512673983997],[120.18837210881809,22.91251947034675],[120.17937890518084,22.91251947034675]]]}},{"type":"Feature","properties":{"jobs":1049,"pop":4934,"pointCount":15,"homeWorkCommuteMedian":7356,"workHomeCommuteMedian":6995},"geometry":{"type":"Polygon","coordinates":[[[120.17937890518084,22.921512673983997],[120.17937890518084,22.930505877621243],[120.18837210881809,22.930505877621243],[120.18837210881809,22.921512673983997],[120.17937890518084,22.921512673983997]]]}},{"type":"Feature","properties":{"jobs":941,"pop":915,"pointCount":7,"homeWorkCommuteMedian":5414,"workHomeCommuteMedian":5574},"geometry":{"type":"Polygon","coordinates":[[[120.17937890518084,22.930505877621243],[120.17937890518084,22.93949908125849],[120.18837210881809,22.93949908125849],[120.18837210881809,22.930505877621243],[120.17937890518084,22.930505877621243]]]}},{"type":"Feature","properties":{"jobs":401,"pop":462,"pointCount":9,"homeWorkCommuteMedian":17164,"workHomeCommuteMedian":6712},"geometry":{"type":"Polygon","coordinates":[[[120.17937890518084,22.93949908125849],[120.17937890518084,22.948492284895735],[120.18837210881809,22.948492284895735],[120.18837210881809,22.93949908125849],[120.17937890518084,22.93949908125849]]]}},{"type":"Feature","properties":{"jobs":524,"pop":304,"pointCount":4,"homeWorkCommuteMedian":4895,"workHomeCommuteMedian":4682},"geometry":{"type":"Polygon","coordinates":[[[120.17937890518084,22.948492284895735],[120.17937890518084,22.95748548853298],[120.18837210881809,22.95748548853298],[120.18837210881809,22.948492284895735],[120.17937890518084,22.948492284895735]]]}},{"type":"Feature","properties":{"jobs":1568,"pop":4169,"pointCount":8,"homeWorkCommuteMedian":5447,"workHomeCommuteMedian":9330},"geometry":{"type":"Polygon","coordinates":[[[120.17937890518084,22.95748548853298],[120.17937890518084,22.966478692170227],[120.18837210881809,22.966478692170227],[120.18837210881809,22.95748548853298],[120.17937890518084,22.95748548853298]]]}},{"type":"Feature","properties":{"jobs":4970,"pop":6319,"pointCount":14,"homeWorkCommuteMedian":4923,"workHomeCommuteMedian":4992},"geometry":{"type":"Polygon","coordinates":[[[120.17937890518084,22.966478692170227],[120.17937890518084,22.975471895807473],[120.18837210881809,22.975471895807473],[120.18837210881809,22.966478692170227],[120.17937890518084,22.966478692170227]]]}},{"type":"Feature","properties":{"jobs":7796,"pop":4276,"pointCount":14,"homeWorkCommuteMedian":5018,"workHomeCommuteMedian":3695},"geometry":{"type":"Polygon","coordinates":[[[120.17937890518084,22.975471895807473],[120.17937890518084,22.98446509944472],[120.18837210881809,22.98446509944472],[120.18837210881809,22.975471895807473],[120.17937890518084,22.975471895807473]]]}},{"type":"Feature","properties":{"jobs":8353,"pop":3848,"pointCount":12,"homeWorkCommuteMedian":3164,"workHomeCommuteMedian":3883},"geometry":{"type":"Polygon","coordinates":[[[120.17937890518084,22.98446509944472],[120.17937890518084,22.993458303081965],[120.18837210881809,22.993458303081965],[120.18837210881809,22.98446509944472],[120.17937890518084,22.98446509944472]]]}},{"type":"Feature","properties":{"jobs":3769,"pop":5785,"pointCount":15,"homeWorkCommuteMedian":3726,"workHomeCommuteMedian":5395},"geometry":{"type":"Polygon","coordinates":[[[120.17937890518084,22.993458303081965],[120.17937890518084,23.00245150671921],[120.18837210881809,23.00245150671921],[120.18837210881809,22.993458303081965],[120.17937890518084,22.993458303081965]]]}},{"type":"Feature","properties":{"jobs":2126,"pop":6644,"pointCount":14,"homeWorkCommuteMedian":5801,"workHomeCommuteMedian":4333},"geometry":{"type":"Polygon","coordinates":[[[120.17937890518084,23.00245150671921],[120.17937890518084,23.011444710356457],[120.18837210881809,23.011444710356457],[120.18837210881809,23.00245150671921],[120.17937890518084,23.00245150671921]]]}},{"type":"Feature","properties":{"jobs":33,"pop":1402,"pointCount":9,"homeWorkCommuteMedian":5412,"workHomeCommuteMedian":6824},"geometry":{"type":"Polygon","coordinates":[[[120.17937890518084,23.011444710356457],[120.17937890518084,23.020437913993703],[120.18837210881809,23.020437913993703],[120.18837210881809,23.011444710356457],[120.17937890518084,23.011444710356457]]]}},{"type":"Feature","properties":{"jobs":581,"pop":2752,"pointCount":10,"homeWorkCommuteMedian":6678,"workHomeCommuteMedian":6295},"geometry":{"type":"Polygon","coordinates":[[[120.17937890518084,23.020437913993703],[120.17937890518084,23.02943111763095],[120.18837210881809,23.02943111763095],[120.18837210881809,23.020437913993703],[120.17937890518084,23.020437913993703]]]}},{"type":"Feature","properties":{"jobs":949,"pop":862,"pointCount":7,"homeWorkCommuteMedian":6401,"workHomeCommuteMedian":5310},"geometry":{"type":"Polygon","coordinates":[[[120.17937890518084,23.02943111763095],[120.17937890518084,23.038424321268195],[120.18837210881809,23.038424321268195],[120.18837210881809,23.02943111763095],[120.17937890518084,23.02943111763095]]]}},{"type":"Feature","properties":{"jobs":2217,"pop":4761,"pointCount":14,"homeWorkCommuteMedian":6044,"workHomeCommuteMedian":4494},"geometry":{"type":"Polygon","coordinates":[[[120.17937890518084,23.038424321268195],[120.17937890518084,23.04741752490544],[120.18837210881809,23.04741752490544],[120.18837210881809,23.038424321268195],[120.17937890518084,23.038424321268195]]]}},{"type":"Feature","properties":{"jobs":1497,"pop":1727,"pointCount":7,"homeWorkCommuteMedian":6072,"workHomeCommuteMedian":6068},"geometry":{"type":"Polygon","coordinates":[[[120.17937890518084,23.04741752490544],[120.17937890518084,23.056410728542687],[120.18837210881809,23.056410728542687],[120.18837210881809,23.04741752490544],[120.17937890518084,23.04741752490544]]]}},{"type":"Feature","properties":{"jobs":109,"pop":502,"pointCount":2,"homeWorkCommuteMedian":7812,"workHomeCommuteMedian":6194},"geometry":{"type":"Polygon","coordinates":[[[120.17937890518084,23.056410728542687],[120.17937890518084,23.065403932179933],[120.18837210881809,23.065403932179933],[120.18837210881809,23.056410728542687],[120.17937890518084,23.056410728542687]]]}},{"type":"Feature","properties":{"jobs":329,"pop":451,"pointCount":4,"homeWorkCommuteMedian":8048,"workHomeCommuteMedian":7769},"geometry":{"type":"Polygon","coordinates":[[[120.17937890518084,23.065403932179933],[120.17937890518084,23.07439713581718],[120.18837210881809,23.07439713581718],[120.18837210881809,23.065403932179933],[120.17937890518084,23.065403932179933]]]}},{"type":"Feature","properties":{"jobs":917,"pop":0,"pointCount":6,"homeWorkCommuteMedian":-1,"workHomeCommuteMedian":8557},"geometry":{"type":"Polygon","coordinates":[[[120.17937890518084,23.07439713581718],[120.17937890518084,23.083390339454425],[120.18837210881809,23.083390339454425],[120.18837210881809,23.07439713581718],[120.17937890518084,23.07439713581718]]]}},{"type":"Feature","properties":{"jobs":348,"pop":413,"pointCount":9,"homeWorkCommuteMedian":11938,"workHomeCommuteMedian":10516},"geometry":{"type":"Polygon","coordinates":[[[120.17937890518084,23.083390339454425],[120.17937890518084,23.09238354309167],[120.18837210881809,23.09238354309167],[120.18837210881809,23.083390339454425],[120.17937890518084,23.083390339454425]]]}},{"type":"Feature","properties":{"jobs":90,"pop":453,"pointCount":5,"homeWorkCommuteMedian":15895,"workHomeCommuteMedian":8411},"geometry":{"type":"Polygon","coordinates":[[[120.17937890518084,23.101376746728917],[120.17937890518084,23.110369950366163],[120.18837210881809,23.110369950366163],[120.18837210881809,23.101376746728917],[120.17937890518084,23.101376746728917]]]}},{"type":"Feature","properties":{"jobs":276,"pop":485,"pointCount":8,"homeWorkCommuteMedian":16145,"workHomeCommuteMedian":6552},"geometry":{"type":"Polygon","coordinates":[[[120.17937890518084,23.11936315400341],[120.17937890518084,23.128356357640655],[120.18837210881809,23.128356357640655],[120.18837210881809,23.11936315400341],[120.17937890518084,23.11936315400341]]]}},{"type":"Feature","properties":{"jobs":26,"pop":180,"pointCount":3,"homeWorkCommuteMedian":13552,"workHomeCommuteMedian":15706},"geometry":{"type":"Polygon","coordinates":[[[120.17937890518084,23.128356357640655],[120.17937890518084,23.1373495612779],[120.18837210881809,23.1373495612779],[120.18837210881809,23.128356357640655],[120.17937890518084,23.128356357640655]]]}},{"type":"Feature","properties":{"jobs":0,"pop":122,"pointCount":1,"homeWorkCommuteMedian":2540,"workHomeCommuteMedian":-1},"geometry":{"type":"Polygon","coordinates":[[[120.17937890518084,23.1373495612779],[120.17937890518084,23.146342764915147],[120.18837210881809,23.146342764915147],[120.18837210881809,23.1373495612779],[120.17937890518084,23.1373495612779]]]}},{"type":"Feature","properties":{"jobs":773,"pop":2925,"pointCount":10,"homeWorkCommuteMedian":9444,"workHomeCommuteMedian":2722},"geometry":{"type":"Polygon","coordinates":[[[120.17937890518084,23.146342764915147],[120.17937890518084,23.155335968552393],[120.18837210881809,23.155335968552393],[120.18837210881809,23.146342764915147],[120.17937890518084,23.146342764915147]]]}},{"type":"Feature","properties":{"jobs":1005,"pop":1899,"pointCount":5,"homeWorkCommuteMedian":15988,"workHomeCommuteMedian":4526},"geometry":{"type":"Polygon","coordinates":[[[120.17937890518084,23.155335968552393],[120.17937890518084,23.16432917218964],[120.18837210881809,23.16432917218964],[120.18837210881809,23.155335968552393],[120.17937890518084,23.155335968552393]]]}},{"type":"Feature","properties":{"jobs":445,"pop":834,"pointCount":5,"homeWorkCommuteMedian":2660,"workHomeCommuteMedian":3196},"geometry":{"type":"Polygon","coordinates":[[[120.17937890518084,23.16432917218964],[120.17937890518084,23.173322375826885],[120.18837210881809,23.173322375826885],[120.18837210881809,23.16432917218964],[120.17937890518084,23.16432917218964]]]}},{"type":"Feature","properties":{"jobs":2563,"pop":50,"pointCount":4,"homeWorkCommuteMedian":977,"workHomeCommuteMedian":4086},"geometry":{"type":"Polygon","coordinates":[[[120.17937890518084,23.173322375826885],[120.17937890518084,23.18231557946413],[120.18837210881809,23.18231557946413],[120.18837210881809,23.173322375826885],[120.17937890518084,23.173322375826885]]]}},{"type":"Feature","properties":{"jobs":272,"pop":705,"pointCount":7,"homeWorkCommuteMedian":19619,"workHomeCommuteMedian":3957},"geometry":{"type":"Polygon","coordinates":[[[120.17937890518084,23.18231557946413],[120.17937890518084,23.191308783101377],[120.18837210881809,23.191308783101377],[120.18837210881809,23.18231557946413],[120.17937890518084,23.18231557946413]]]}},{"type":"Feature","properties":{"jobs":27,"pop":339,"pointCount":4,"homeWorkCommuteMedian":17080,"workHomeCommuteMedian":1184},"geometry":{"type":"Polygon","coordinates":[[[120.17937890518084,23.191308783101377],[120.17937890518084,23.200301986738623],[120.18837210881809,23.200301986738623],[120.18837210881809,23.191308783101377],[120.17937890518084,23.191308783101377]]]}},{"type":"Feature","properties":{"jobs":21,"pop":397,"pointCount":5,"homeWorkCommuteMedian":18937,"workHomeCommuteMedian":7124},"geometry":{"type":"Polygon","coordinates":[[[120.17937890518084,23.200301986738623],[120.17937890518084,23.20929519037587],[120.18837210881809,23.20929519037587],[120.18837210881809,23.200301986738623],[120.17937890518084,23.200301986738623]]]}},{"type":"Feature","properties":{"jobs":80,"pop":400,"pointCount":4,"homeWorkCommuteMedian":7912,"workHomeCommuteMedian":7222},"geometry":{"type":"Polygon","coordinates":[[[120.17937890518084,23.20929519037587],[120.17937890518084,23.218288394013115],[120.18837210881809,23.218288394013115],[120.18837210881809,23.20929519037587],[120.17937890518084,23.20929519037587]]]}},{"type":"Feature","properties":{"jobs":304,"pop":1400,"pointCount":8,"homeWorkCommuteMedian":9471,"workHomeCommuteMedian":2218},"geometry":{"type":"Polygon","coordinates":[[[120.17937890518084,23.218288394013115],[120.17937890518084,23.22728159765036],[120.18837210881809,23.22728159765036],[120.18837210881809,23.218288394013115],[120.17937890518084,23.218288394013115]]]}},{"type":"Feature","properties":{"jobs":1508,"pop":3450,"pointCount":16,"homeWorkCommuteMedian":23094,"workHomeCommuteMedian":2317},"geometry":{"type":"Polygon","coordinates":[[[120.17937890518084,23.22728159765036],[120.17937890518084,23.236274801287607],[120.18837210881809,23.236274801287607],[120.18837210881809,23.22728159765036],[120.17937890518084,23.22728159765036]]]}},{"type":"Feature","properties":{"jobs":180,"pop":629,"pointCount":6,"homeWorkCommuteMedian":7505,"workHomeCommuteMedian":2546},"geometry":{"type":"Polygon","coordinates":[[[120.17937890518084,23.236274801287607],[120.17937890518084,23.245268004924853],[120.18837210881809,23.245268004924853],[120.18837210881809,23.236274801287607],[120.17937890518084,23.236274801287607]]]}},{"type":"Feature","properties":{"jobs":0,"pop":21,"pointCount":1,"homeWorkCommuteMedian":2866,"workHomeCommuteMedian":-1},"geometry":{"type":"Polygon","coordinates":[[[120.17937890518084,23.245268004924853],[120.17937890518084,23.2542612085621],[120.18837210881809,23.2542612085621],[120.18837210881809,23.245268004924853],[120.17937890518084,23.245268004924853]]]}},{"type":"Feature","properties":{"jobs":251,"pop":0,"pointCount":2,"homeWorkCommuteMedian":-1,"workHomeCommuteMedian":16306},"geometry":{"type":"Polygon","coordinates":[[[120.18837210881809,22.84956704488603],[120.18837210881809,22.858560248523276],[120.19736531245533,22.858560248523276],[120.19736531245533,22.84956704488603],[120.18837210881809,22.84956704488603]]]}},{"type":"Feature","properties":{"jobs":130,"pop":42,"pointCount":2,"homeWorkCommuteMedian":18832,"workHomeCommuteMedian":10554},"geometry":{"type":"Polygon","coordinates":[[[120.18837210881809,22.858560248523276],[120.18837210881809,22.86755345216052],[120.19736531245533,22.86755345216052],[120.19736531245533,22.858560248523276],[120.18837210881809,22.858560248523276]]]}},{"type":"Feature","properties":{"jobs":490,"pop":1275,"pointCount":9,"homeWorkCommuteMedian":15294,"workHomeCommuteMedian":7738},"geometry":{"type":"Polygon","coordinates":[[[120.18837210881809,22.86755345216052],[120.18837210881809,22.876546655797767],[120.19736531245533,22.876546655797767],[120.19736531245533,22.86755345216052],[120.18837210881809,22.86755345216052]]]}},{"type":"Feature","properties":{"jobs":33,"pop":701,"pointCount":5,"homeWorkCommuteMedian":17564,"workHomeCommuteMedian":16007},"geometry":{"type":"Polygon","coordinates":[[[120.18837210881809,22.876546655797767],[120.18837210881809,22.885539859435013],[120.19736531245533,22.885539859435013],[120.19736531245533,22.876546655797767],[120.18837210881809,22.876546655797767]]]}},{"type":"Feature","properties":{"jobs":0,"pop":341,"pointCount":1,"homeWorkCommuteMedian":11947,"workHomeCommuteMedian":-1},"geometry":{"type":"Polygon","coordinates":[[[120.18837210881809,22.89453306307226],[120.18837210881809,22.903526266709505],[120.19736531245533,22.903526266709505],[120.19736531245533,22.89453306307226],[120.18837210881809,22.89453306307226]]]}},{"type":"Feature","properties":{"jobs":288,"pop":59,"pointCount":2,"homeWorkCommuteMedian":15475,"workHomeCommuteMedian":20607},"geometry":{"type":"Polygon","coordinates":[[[120.18837210881809,22.903526266709505],[120.18837210881809,22.91251947034675],[120.19736531245533,22.91251947034675],[120.19736531245533,22.903526266709505],[120.18837210881809,22.903526266709505]]]}},{"type":"Feature","properties":{"jobs":213,"pop":324,"pointCount":5,"homeWorkCommuteMedian":13670,"workHomeCommuteMedian":10190},"geometry":{"type":"Polygon","coordinates":[[[120.18837210881809,22.91251947034675],[120.18837210881809,22.921512673983997],[120.19736531245533,22.921512673983997],[120.19736531245533,22.91251947034675],[120.18837210881809,22.91251947034675]]]}},{"type":"Feature","properties":{"jobs":847,"pop":520,"pointCount":8,"homeWorkCommuteMedian":10935,"workHomeCommuteMedian":9438},"geometry":{"type":"Polygon","coordinates":[[[120.18837210881809,22.921512673983997],[120.18837210881809,22.930505877621243],[120.19736531245533,22.930505877621243],[120.19736531245533,22.921512673983997],[120.18837210881809,22.921512673983997]]]}},{"type":"Feature","properties":{"jobs":758,"pop":640,"pointCount":4,"homeWorkCommuteMedian":6254,"workHomeCommuteMedian":8127},"geometry":{"type":"Polygon","coordinates":[[[120.18837210881809,22.930505877621243],[120.18837210881809,22.93949908125849],[120.19736531245533,22.93949908125849],[120.19736531245533,22.930505877621243],[120.18837210881809,22.930505877621243]]]}},{"type":"Feature","properties":{"jobs":398,"pop":0,"pointCount":5,"homeWorkCommuteMedian":-1,"workHomeCommuteMedian":5098},"geometry":{"type":"Polygon","coordinates":[[[120.18837210881809,22.93949908125849],[120.18837210881809,22.948492284895735],[120.19736531245533,22.948492284895735],[120.19736531245533,22.93949908125849],[120.18837210881809,22.93949908125849]]]}},{"type":"Feature","properties":{"jobs":643,"pop":39,"pointCount":4,"homeWorkCommuteMedian":12444,"workHomeCommuteMedian":3293},"geometry":{"type":"Polygon","coordinates":[[[120.18837210881809,22.948492284895735],[120.18837210881809,22.95748548853298],[120.19736531245533,22.95748548853298],[120.19736531245533,22.948492284895735],[120.18837210881809,22.948492284895735]]]}},{"type":"Feature","properties":{"jobs":2151,"pop":6926,"pointCount":13,"homeWorkCommuteMedian":3171,"workHomeCommuteMedian":2604},"geometry":{"type":"Polygon","coordinates":[[[120.18837210881809,22.95748548853298],[120.18837210881809,22.966478692170227],[120.19736531245533,22.966478692170227],[120.19736531245533,22.95748548853298],[120.18837210881809,22.95748548853298]]]}},{"type":"Feature","properties":{"jobs":3339,"pop":7052,"pointCount":14,"homeWorkCommuteMedian":3708,"workHomeCommuteMedian":6096},"geometry":{"type":"Polygon","coordinates":[[[120.18837210881809,22.966478692170227],[120.18837210881809,22.975471895807473],[120.19736531245533,22.975471895807473],[120.19736531245533,22.966478692170227],[120.18837210881809,22.966478692170227]]]}},{"type":"Feature","properties":{"jobs":6455,"pop":9877,"pointCount":19,"homeWorkCommuteMedian":4650,"workHomeCommuteMedian":4554},"geometry":{"type":"Polygon","coordinates":[[[120.18837210881809,22.975471895807473],[120.18837210881809,22.98446509944472],[120.19736531245533,22.98446509944472],[120.19736531245533,22.975471895807473],[120.18837210881809,22.975471895807473]]]}},{"type":"Feature","properties":{"jobs":5779,"pop":5971,"pointCount":15,"homeWorkCommuteMedian":4486,"workHomeCommuteMedian":4969},"geometry":{"type":"Polygon","coordinates":[[[120.18837210881809,22.98446509944472],[120.18837210881809,22.993458303081965],[120.19736531245533,22.993458303081965],[120.19736531245533,22.98446509944472],[120.18837210881809,22.98446509944472]]]}},{"type":"Feature","properties":{"jobs":7363,"pop":7004,"pointCount":16,"homeWorkCommuteMedian":2555,"workHomeCommuteMedian":5163},"geometry":{"type":"Polygon","coordinates":[[[120.18837210881809,22.993458303081965],[120.18837210881809,23.00245150671921],[120.19736531245533,23.00245150671921],[120.19736531245533,22.993458303081965],[120.18837210881809,22.993458303081965]]]}},{"type":"Feature","properties":{"jobs":3672,"pop":4640,"pointCount":13,"homeWorkCommuteMedian":4249,"workHomeCommuteMedian":3864},"geometry":{"type":"Polygon","coordinates":[[[120.18837210881809,23.00245150671921],[120.18837210881809,23.011444710356457],[120.19736531245533,23.011444710356457],[120.19736531245533,23.00245150671921],[120.18837210881809,23.00245150671921]]]}},{"type":"Feature","properties":{"jobs":1712,"pop":6725,"pointCount":13,"homeWorkCommuteMedian":4563,"workHomeCommuteMedian":5782},"geometry":{"type":"Polygon","coordinates":[[[120.18837210881809,23.011444710356457],[120.18837210881809,23.020437913993703],[120.19736531245533,23.020437913993703],[120.19736531245533,23.011444710356457],[120.18837210881809,23.011444710356457]]]}},{"type":"Feature","properties":{"jobs":2317,"pop":8950,"pointCount":13,"homeWorkCommuteMedian":6733,"workHomeCommuteMedian":6794},"geometry":{"type":"Polygon","coordinates":[[[120.18837210881809,23.020437913993703],[120.18837210881809,23.02943111763095],[120.19736531245533,23.02943111763095],[120.19736531245533,23.020437913993703],[120.18837210881809,23.020437913993703]]]}},{"type":"Feature","properties":{"jobs":1257,"pop":4640,"pointCount":13,"homeWorkCommuteMedian":6104,"workHomeCommuteMedian":5966},"geometry":{"type":"Polygon","coordinates":[[[120.18837210881809,23.02943111763095],[120.18837210881809,23.038424321268195],[120.19736531245533,23.038424321268195],[120.19736531245533,23.02943111763095],[120.18837210881809,23.02943111763095]]]}},{"type":"Feature","properties":{"jobs":2913,"pop":6436,"pointCount":15,"homeWorkCommuteMedian":5841,"workHomeCommuteMedian":3554},"geometry":{"type":"Polygon","coordinates":[[[120.18837210881809,23.038424321268195],[120.18837210881809,23.04741752490544],[120.19736531245533,23.04741752490544],[120.19736531245533,23.038424321268195],[120.18837210881809,23.038424321268195]]]}},{"type":"Feature","properties":{"jobs":1249,"pop":702,"pointCount":8,"homeWorkCommuteMedian":5720,"workHomeCommuteMedian":4276},"geometry":{"type":"Polygon","coordinates":[[[120.18837210881809,23.04741752490544],[120.18837210881809,23.056410728542687],[120.19736531245533,23.056410728542687],[120.19736531245533,23.04741752490544],[120.18837210881809,23.04741752490544]]]}},{"type":"Feature","properties":{"jobs":560,"pop":0,"pointCount":3,"homeWorkCommuteMedian":-1,"workHomeCommuteMedian":7038},"geometry":{"type":"Polygon","coordinates":[[[120.18837210881809,23.056410728542687],[120.18837210881809,23.065403932179933],[120.19736531245533,23.065403932179933],[120.19736531245533,23.056410728542687],[120.18837210881809,23.056410728542687]]]}},{"type":"Feature","properties":{"jobs":266,"pop":1559,"pointCount":6,"homeWorkCommuteMedian":6726,"workHomeCommuteMedian":9213},"geometry":{"type":"Polygon","coordinates":[[[120.18837210881809,23.065403932179933],[120.18837210881809,23.07439713581718],[120.19736531245533,23.07439713581718],[120.19736531245533,23.065403932179933],[120.18837210881809,23.065403932179933]]]}},{"type":"Feature","properties":{"jobs":554,"pop":0,"pointCount":4,"homeWorkCommuteMedian":-1,"workHomeCommuteMedian":7863},"geometry":{"type":"Polygon","coordinates":[[[120.18837210881809,23.07439713581718],[120.18837210881809,23.083390339454425],[120.19736531245533,23.083390339454425],[120.19736531245533,23.07439713581718],[120.18837210881809,23.07439713581718]]]}},{"type":"Feature","properties":{"jobs":57,"pop":0,"pointCount":1,"homeWorkCommuteMedian":-1,"workHomeCommuteMedian":8290},"geometry":{"type":"Polygon","coordinates":[[[120.18837210881809,23.083390339454425],[120.18837210881809,23.09238354309167],[120.19736531245533,23.09238354309167],[120.19736531245533,23.083390339454425],[120.18837210881809,23.083390339454425]]]}},{"type":"Feature","properties":{"jobs":117,"pop":39,"pointCount":2,"homeWorkCommuteMedian":10741,"workHomeCommuteMedian":11711},"geometry":{"type":"Polygon","coordinates":[[[120.18837210881809,23.09238354309167],[120.18837210881809,23.101376746728917],[120.19736531245533,23.101376746728917],[120.19736531245533,23.09238354309167],[120.18837210881809,23.09238354309167]]]}},{"type":"Feature","properties":{"jobs":297,"pop":363,"pointCount":4,"homeWorkCommuteMedian":4502,"workHomeCommuteMedian":7334},"geometry":{"type":"Polygon","coordinates":[[[120.18837210881809,23.101376746728917],[120.18837210881809,23.110369950366163],[120.19736531245533,23.110369950366163],[120.19736531245533,23.101376746728917],[120.18837210881809,23.101376746728917]]]}},{"type":"Feature","properties":{"jobs":318,"pop":599,"pointCount":6,"homeWorkCommuteMedian":6608,"workHomeCommuteMedian":14350},"geometry":{"type":"Polygon","coordinates":[[[120.18837210881809,23.110369950366163],[120.18837210881809,23.11936315400341],[120.19736531245533,23.11936315400341],[120.19736531245533,23.110369950366163],[120.18837210881809,23.110369950366163]]]}},{"type":"Feature","properties":{"jobs":558,"pop":540,"pointCount":9,"homeWorkCommuteMedian":12881,"workHomeCommuteMedian":2919},"geometry":{"type":"Polygon","coordinates":[[[120.18837210881809,23.11936315400341],[120.18837210881809,23.128356357640655],[120.19736531245533,23.128356357640655],[120.19736531245533,23.11936315400341],[120.18837210881809,23.11936315400341]]]}},{"type":"Feature","properties":{"jobs":197,"pop":0,"pointCount":2,"homeWorkCommuteMedian":-1,"workHomeCommuteMedian":31009},"geometry":{"type":"Polygon","coordinates":[[[120.18837210881809,23.128356357640655],[120.18837210881809,23.1373495612779],[120.19736531245533,23.1373495612779],[120.19736531245533,23.128356357640655],[120.18837210881809,23.128356357640655]]]}},{"type":"Feature","properties":{"jobs":243,"pop":138,"pointCount":5,"homeWorkCommuteMedian":12821,"workHomeCommuteMedian":16620},"geometry":{"type":"Polygon","coordinates":[[[120.18837210881809,23.1373495612779],[120.18837210881809,23.146342764915147],[120.19736531245533,23.146342764915147],[120.19736531245533,23.1373495612779],[120.18837210881809,23.1373495612779]]]}},{"type":"Feature","properties":{"jobs":119,"pop":132,"pointCount":4,"homeWorkCommuteMedian":4457,"workHomeCommuteMedian":15498},"geometry":{"type":"Polygon","coordinates":[[[120.18837210881809,23.146342764915147],[120.18837210881809,23.155335968552393],[120.19736531245533,23.155335968552393],[120.19736531245533,23.146342764915147],[120.18837210881809,23.146342764915147]]]}},{"type":"Feature","properties":{"jobs":102,"pop":917,"pointCount":6,"homeWorkCommuteMedian":5008,"workHomeCommuteMedian":6964},"geometry":{"type":"Polygon","coordinates":[[[120.18837210881809,23.155335968552393],[120.18837210881809,23.16432917218964],[120.19736531245533,23.16432917218964],[120.19736531245533,23.155335968552393],[120.18837210881809,23.155335968552393]]]}},{"type":"Feature","properties":{"jobs":1045,"pop":197,"pointCount":7,"homeWorkCommuteMedian":23057,"workHomeCommuteMedian":3144},"geometry":{"type":"Polygon","coordinates":[[[120.18837210881809,23.16432917218964],[120.18837210881809,23.173322375826885],[120.19736531245533,23.173322375826885],[120.19736531245533,23.16432917218964],[120.18837210881809,23.16432917218964]]]}},{"type":"Feature","properties":{"jobs":591,"pop":1422,"pointCount":10,"homeWorkCommuteMedian":18767,"workHomeCommuteMedian":5190},"geometry":{"type":"Polygon","coordinates":[[[120.18837210881809,23.18231557946413],[120.18837210881809,23.191308783101377],[120.19736531245533,23.191308783101377],[120.19736531245533,23.18231557946413],[120.18837210881809,23.18231557946413]]]}},{"type":"Feature","properties":{"jobs":28,"pop":180,"pointCount":3,"homeWorkCommuteMedian":28404,"workHomeCommuteMedian":16037},"geometry":{"type":"Polygon","coordinates":[[[120.18837210881809,23.191308783101377],[120.18837210881809,23.200301986738623],[120.19736531245533,23.200301986738623],[120.19736531245533,23.191308783101377],[120.18837210881809,23.191308783101377]]]}},{"type":"Feature","properties":{"jobs":0,"pop":200,"pointCount":3,"homeWorkCommuteMedian":5271,"workHomeCommuteMedian":-1},"geometry":{"type":"Polygon","coordinates":[[[120.18837210881809,23.200301986738623],[120.18837210881809,23.20929519037587],[120.19736531245533,23.20929519037587],[120.19736531245533,23.200301986738623],[120.18837210881809,23.200301986738623]]]}},{"type":"Feature","properties":{"jobs":26,"pop":44,"pointCount":3,"homeWorkCommuteMedian":33594,"workHomeCommuteMedian":2930},"geometry":{"type":"Polygon","coordinates":[[[120.18837210881809,23.20929519037587],[120.18837210881809,23.218288394013115],[120.19736531245533,23.218288394013115],[120.19736531245533,23.20929519037587],[120.18837210881809,23.20929519037587]]]}},{"type":"Feature","properties":{"jobs":171,"pop":231,"pointCount":4,"homeWorkCommuteMedian":26384,"workHomeCommuteMedian":5342},"geometry":{"type":"Polygon","coordinates":[[[120.18837210881809,23.218288394013115],[120.18837210881809,23.22728159765036],[120.19736531245533,23.22728159765036],[120.19736531245533,23.218288394013115],[120.18837210881809,23.218288394013115]]]}},{"type":"Feature","properties":{"jobs":0,"pop":126,"pointCount":2,"homeWorkCommuteMedian":7013,"workHomeCommuteMedian":-1},"geometry":{"type":"Polygon","coordinates":[[[120.18837210881809,23.22728159765036],[120.18837210881809,23.236274801287607],[120.19736531245533,23.236274801287607],[120.19736531245533,23.22728159765036],[120.18837210881809,23.22728159765036]]]}},{"type":"Feature","properties":{"jobs":966,"pop":82,"pointCount":10,"homeWorkCommuteMedian":23605,"workHomeCommuteMedian":2866},"geometry":{"type":"Polygon","coordinates":[[[120.18837210881809,23.236274801287607],[120.18837210881809,23.245268004924853],[120.19736531245533,23.245268004924853],[120.19736531245533,23.236274801287607],[120.18837210881809,23.236274801287607]]]}},{"type":"Feature","properties":{"jobs":51,"pop":26,"pointCount":1,"homeWorkCommuteMedian":35374,"workHomeCommuteMedian":5084},"geometry":{"type":"Polygon","coordinates":[[[120.18837210881809,23.245268004924853],[120.18837210881809,23.2542612085621],[120.19736531245533,23.2542612085621],[120.19736531245533,23.245268004924853],[120.18837210881809,23.245268004924853]]]}},{"type":"Feature","properties":{"jobs":0,"pop":78,"pointCount":1,"homeWorkCommuteMedian":57052,"workHomeCommuteMedian":-1},"geometry":{"type":"Polygon","coordinates":[[[120.18837210881809,23.2542612085621],[120.18837210881809,23.263254412199345],[120.19736531245533,23.263254412199345],[120.19736531245533,23.2542612085621],[120.18837210881809,23.2542612085621]]]}},{"type":"Feature","properties":{"jobs":0,"pop":238,"pointCount":2,"homeWorkCommuteMedian":23678,"workHomeCommuteMedian":-1},"geometry":{"type":"Polygon","coordinates":[[[120.18837210881809,23.27224761583659],[120.18837210881809,23.281240819473837],[120.19736531245533,23.281240819473837],[120.19736531245533,23.27224761583659],[120.18837210881809,23.27224761583659]]]}},{"type":"Feature","properties":{"jobs":40,"pop":224,"pointCount":4,"homeWorkCommuteMedian":7045,"workHomeCommuteMedian":1107},"geometry":{"type":"Polygon","coordinates":[[[120.18837210881809,23.281240819473837],[120.18837210881809,23.290234023111083],[120.19736531245533,23.290234023111083],[120.19736531245533,23.281240819473837],[120.18837210881809,23.281240819473837]]]}},{"type":"Feature","properties":{"jobs":626,"pop":0,"pointCount":3,"homeWorkCommuteMedian":-1,"workHomeCommuteMedian":19266},"geometry":{"type":"Polygon","coordinates":[[[120.19736531245533,22.84956704488603],[120.19736531245533,22.858560248523276],[120.20635851609258,22.858560248523276],[120.20635851609258,22.84956704488603],[120.19736531245533,22.84956704488603]]]}},{"type":"Feature","properties":{"jobs":114,"pop":0,"pointCount":2,"homeWorkCommuteMedian":-1,"workHomeCommuteMedian":11642},"geometry":{"type":"Polygon","coordinates":[[[120.19736531245533,22.858560248523276],[120.19736531245533,22.86755345216052],[120.20635851609258,22.86755345216052],[120.20635851609258,22.858560248523276],[120.19736531245533,22.858560248523276]]]}},{"type":"Feature","properties":{"jobs":561,"pop":441,"pointCount":3,"homeWorkCommuteMedian":11862,"workHomeCommuteMedian":5160},"geometry":{"type":"Polygon","coordinates":[[[120.19736531245533,22.86755345216052],[120.19736531245533,22.876546655797767],[120.20635851609258,22.876546655797767],[120.20635851609258,22.86755345216052],[120.19736531245533,22.86755345216052]]]}},{"type":"Feature","properties":{"jobs":23,"pop":0,"pointCount":1,"homeWorkCommuteMedian":-1,"workHomeCommuteMedian":5450},"geometry":{"type":"Polygon","coordinates":[[[120.19736531245533,22.876546655797767],[120.19736531245533,22.885539859435013],[120.20635851609258,22.885539859435013],[120.20635851609258,22.876546655797767],[120.19736531245533,22.876546655797767]]]}},{"type":"Feature","properties":{"jobs":645,"pop":179,"pointCount":6,"homeWorkCommuteMedian":10599,"workHomeCommuteMedian":8922},"geometry":{"type":"Polygon","coordinates":[[[120.19736531245533,22.903526266709505],[120.19736531245533,22.91251947034675],[120.20635851609258,22.91251947034675],[120.20635851609258,22.903526266709505],[120.19736531245533,22.903526266709505]]]}},{"type":"Feature","properties":{"jobs":277,"pop":0,"pointCount":2,"homeWorkCommuteMedian":-1,"workHomeCommuteMedian":7851},"geometry":{"type":"Polygon","coordinates":[[[120.19736531245533,22.91251947034675],[120.19736531245533,22.921512673983997],[120.20635851609258,22.921512673983997],[120.20635851609258,22.91251947034675],[120.19736531245533,22.91251947034675]]]}},{"type":"Feature","properties":{"jobs":169,"pop":0,"pointCount":2,"homeWorkCommuteMedian":-1,"workHomeCommuteMedian":8599},"geometry":{"type":"Polygon","coordinates":[[[120.19736531245533,22.921512673983997],[120.19736531245533,22.930505877621243],[120.20635851609258,22.930505877621243],[120.20635851609258,22.921512673983997],[120.19736531245533,22.921512673983997]]]}},{"type":"Feature","properties":{"jobs":285,"pop":0,"pointCount":1,"homeWorkCommuteMedian":-1,"workHomeCommuteMedian":8026},"geometry":{"type":"Polygon","coordinates":[[[120.19736531245533,22.948492284895735],[120.19736531245533,22.95748548853298],[120.20635851609258,22.95748548853298],[120.20635851609258,22.948492284895735],[120.19736531245533,22.948492284895735]]]}},{"type":"Feature","properties":{"jobs":1179,"pop":626,"pointCount":8,"homeWorkCommuteMedian":5143,"workHomeCommuteMedian":3785},"geometry":{"type":"Polygon","coordinates":[[[120.19736531245533,22.966478692170227],[120.19736531245533,22.975471895807473],[120.20635851609258,22.975471895807473],[120.20635851609258,22.966478692170227],[120.19736531245533,22.966478692170227]]]}},{"type":"Feature","properties":{"jobs":4277,"pop":4102,"pointCount":15,"homeWorkCommuteMedian":4682,"workHomeCommuteMedian":4265},"geometry":{"type":"Polygon","coordinates":[[[120.19736531245533,22.975471895807473],[120.19736531245533,22.98446509944472],[120.20635851609258,22.98446509944472],[120.20635851609258,22.975471895807473],[120.19736531245533,22.975471895807473]]]}},{"type":"Feature","properties":{"jobs":15559,"pop":5800,"pointCount":14,"homeWorkCommuteMedian":3535,"workHomeCommuteMedian":4455},"geometry":{"type":"Polygon","coordinates":[[[120.19736531245533,22.98446509944472],[120.19736531245533,22.993458303081965],[120.20635851609258,22.993458303081965],[120.20635851609258,22.98446509944472],[120.19736531245533,22.98446509944472]]]}},{"type":"Feature","properties":{"jobs":11464,"pop":6248,"pointCount":13,"homeWorkCommuteMedian":4016,"workHomeCommuteMedian":4730},"geometry":{"type":"Polygon","coordinates":[[[120.19736531245533,22.993458303081965],[120.19736531245533,23.00245150671921],[120.20635851609258,23.00245150671921],[120.20635851609258,22.993458303081965],[120.19736531245533,22.993458303081965]]]}},{"type":"Feature","properties":{"jobs":2778,"pop":8030,"pointCount":13,"homeWorkCommuteMedian":3121,"workHomeCommuteMedian":5845},"geometry":{"type":"Polygon","coordinates":[[[120.19736531245533,23.00245150671921],[120.19736531245533,23.011444710356457],[120.20635851609258,23.011444710356457],[120.20635851609258,23.00245150671921],[120.19736531245533,23.00245150671921]]]}},{"type":"Feature","properties":{"jobs":2825,"pop":5013,"pointCount":11,"homeWorkCommuteMedian":4492,"workHomeCommuteMedian":3537},"geometry":{"type":"Polygon","coordinates":[[[120.19736531245533,23.011444710356457],[120.19736531245533,23.020437913993703],[120.20635851609258,23.020437913993703],[120.20635851609258,23.011444710356457],[120.19736531245533,23.011444710356457]]]}},{"type":"Feature","properties":{"jobs":1199,"pop":4621,"pointCount":10,"homeWorkCommuteMedian":5202,"workHomeCommuteMedian":3704},"geometry":{"type":"Polygon","coordinates":[[[120.19736531245533,23.020437913993703],[120.19736531245533,23.02943111763095],[120.20635851609258,23.02943111763095],[120.20635851609258,23.020437913993703],[120.19736531245533,23.020437913993703]]]}},{"type":"Feature","properties":{"jobs":914,"pop":1825,"pointCount":4,"homeWorkCommuteMedian":4819,"workHomeCommuteMedian":3871},"geometry":{"type":"Polygon","coordinates":[[[120.19736531245533,23.02943111763095],[120.19736531245533,23.038424321268195],[120.20635851609258,23.038424321268195],[120.20635851609258,23.02943111763095],[120.19736531245533,23.02943111763095]]]}},{"type":"Feature","properties":{"jobs":2933,"pop":4937,"pointCount":13,"homeWorkCommuteMedian":6989,"workHomeCommuteMedian":3737},"geometry":{"type":"Polygon","coordinates":[[[120.19736531245533,23.038424321268195],[120.19736531245533,23.04741752490544],[120.20635851609258,23.04741752490544],[120.20635851609258,23.038424321268195],[120.19736531245533,23.038424321268195]]]}},{"type":"Feature","properties":{"jobs":1387,"pop":1808,"pointCount":8,"homeWorkCommuteMedian":6222,"workHomeCommuteMedian":3810},"geometry":{"type":"Polygon","coordinates":[[[120.19736531245533,23.04741752490544],[120.19736531245533,23.056410728542687],[120.20635851609258,23.056410728542687],[120.20635851609258,23.04741752490544],[120.19736531245533,23.04741752490544]]]}},{"type":"Feature","properties":{"jobs":1344,"pop":557,"pointCount":7,"homeWorkCommuteMedian":10892,"workHomeCommuteMedian":4996},"geometry":{"type":"Polygon","coordinates":[[[120.19736531245533,23.056410728542687],[120.19736531245533,23.065403932179933],[120.20635851609258,23.065403932179933],[120.20635851609258,23.056410728542687],[120.19736531245533,23.056410728542687]]]}},{"type":"Feature","properties":{"jobs":242,"pop":1251,"pointCount":5,"homeWorkCommuteMedian":5765,"workHomeCommuteMedian":4507},"geometry":{"type":"Polygon","coordinates":[[[120.19736531245533,23.065403932179933],[120.19736531245533,23.07439713581718],[120.20635851609258,23.07439713581718],[120.20635851609258,23.065403932179933],[120.19736531245533,23.065403932179933]]]}},{"type":"Feature","properties":{"jobs":262,"pop":1041,"pointCount":9,"homeWorkCommuteMedian":5483,"workHomeCommuteMedian":7205},"geometry":{"type":"Polygon","coordinates":[[[120.19736531245533,23.07439713581718],[120.19736531245533,23.083390339454425],[120.20635851609258,23.083390339454425],[120.20635851609258,23.07439713581718],[120.19736531245533,23.07439713581718]]]}},{"type":"Feature","properties":{"jobs":334,"pop":0,"pointCount":4,"homeWorkCommuteMedian":-1,"workHomeCommuteMedian":2050},"geometry":{"type":"Polygon","coordinates":[[[120.19736531245533,23.083390339454425],[120.19736531245533,23.09238354309167],[120.20635851609258,23.09238354309167],[120.20635851609258,23.083390339454425],[120.19736531245533,23.083390339454425]]]}},{"type":"Feature","properties":{"jobs":111,"pop":0,"pointCount":2,"homeWorkCommuteMedian":-1,"workHomeCommuteMedian":32225},"geometry":{"type":"Polygon","coordinates":[[[120.19736531245533,23.09238354309167],[120.19736531245533,23.101376746728917],[120.20635851609258,23.101376746728917],[120.20635851609258,23.09238354309167],[120.19736531245533,23.09238354309167]]]}},{"type":"Feature","properties":{"jobs":349,"pop":1310,"pointCount":6,"homeWorkCommuteMedian":7415,"workHomeCommuteMedian":3980},"geometry":{"type":"Polygon","coordinates":[[[120.19736531245533,23.110369950366163],[120.19736531245533,23.11936315400341],[120.20635851609258,23.11936315400341],[120.20635851609258,23.110369950366163],[120.19736531245533,23.110369950366163]]]}},{"type":"Feature","properties":{"jobs":1769,"pop":2594,"pointCount":11,"homeWorkCommuteMedian":13957,"workHomeCommuteMedian":5539},"geometry":{"type":"Polygon","coordinates":[[[120.19736531245533,23.11936315400341],[120.19736531245533,23.128356357640655],[120.20635851609258,23.128356357640655],[120.20635851609258,23.11936315400341],[120.19736531245533,23.11936315400341]]]}},{"type":"Feature","properties":{"jobs":1041,"pop":139,"pointCount":10,"homeWorkCommuteMedian":10381,"workHomeCommuteMedian":8780},"geometry":{"type":"Polygon","coordinates":[[[120.19736531245533,23.128356357640655],[120.19736531245533,23.1373495612779],[120.20635851609258,23.1373495612779],[120.20635851609258,23.128356357640655],[120.19736531245533,23.128356357640655]]]}},{"type":"Feature","properties":{"jobs":92,"pop":105,"pointCount":4,"homeWorkCommuteMedian":30264,"workHomeCommuteMedian":5250},"geometry":{"type":"Polygon","coordinates":[[[120.19736531245533,23.155335968552393],[120.19736531245533,23.16432917218964],[120.20635851609258,23.16432917218964],[120.20635851609258,23.155335968552393],[120.19736531245533,23.155335968552393]]]}},{"type":"Feature","properties":{"jobs":212,"pop":236,"pointCount":6,"homeWorkCommuteMedian":13807,"workHomeCommuteMedian":8098},"geometry":{"type":"Polygon","coordinates":[[[120.19736531245533,23.16432917218964],[120.19736531245533,23.173322375826885],[120.20635851609258,23.173322375826885],[120.20635851609258,23.16432917218964],[120.19736531245533,23.16432917218964]]]}},{"type":"Feature","properties":{"jobs":160,"pop":431,"pointCount":9,"homeWorkCommuteMedian":16146,"workHomeCommuteMedian":3970},"geometry":{"type":"Polygon","coordinates":[[[120.19736531245533,23.173322375826885],[120.19736531245533,23.18231557946413],[120.20635851609258,23.18231557946413],[120.20635851609258,23.173322375826885],[120.19736531245533,23.173322375826885]]]}},{"type":"Feature","properties":{"jobs":0,"pop":49,"pointCount":1,"homeWorkCommuteMedian":15004,"workHomeCommuteMedian":-1},"geometry":{"type":"Polygon","coordinates":[[[120.19736531245533,23.191308783101377],[120.19736531245533,23.200301986738623],[120.20635851609258,23.200301986738623],[120.20635851609258,23.191308783101377],[120.19736531245533,23.191308783101377]]]}},{"type":"Feature","properties":{"jobs":0,"pop":149,"pointCount":2,"homeWorkCommuteMedian":6176,"workHomeCommuteMedian":-1},"geometry":{"type":"Polygon","coordinates":[[[120.19736531245533,23.200301986738623],[120.19736531245533,23.20929519037587],[120.20635851609258,23.20929519037587],[120.20635851609258,23.200301986738623],[120.19736531245533,23.200301986738623]]]}},{"type":"Feature","properties":{"jobs":104,"pop":209,"pointCount":3,"homeWorkCommuteMedian":20650,"workHomeCommuteMedian":5608},"geometry":{"type":"Polygon","coordinates":[[[120.19736531245533,23.20929519037587],[120.19736531245533,23.218288394013115],[120.20635851609258,23.218288394013115],[120.20635851609258,23.20929519037587],[120.19736531245533,23.20929519037587]]]}},{"type":"Feature","properties":{"jobs":75,"pop":236,"pointCount":6,"homeWorkCommuteMedian":14350,"workHomeCommuteMedian":28609},"geometry":{"type":"Polygon","coordinates":[[[120.19736531245533,23.218288394013115],[120.19736531245533,23.22728159765036],[120.20635851609258,23.22728159765036],[120.20635851609258,23.218288394013115],[120.19736531245533,23.218288394013115]]]}},{"type":"Feature","properties":{"jobs":0,"pop":26,"pointCount":1,"homeWorkCommuteMedian":2216,"workHomeCommuteMedian":-1},"geometry":{"type":"Polygon","coordinates":[[[120.19736531245533,23.22728159765036],[120.19736531245533,23.236274801287607],[120.20635851609258,23.236274801287607],[120.20635851609258,23.22728159765036],[120.19736531245533,23.22728159765036]]]}},{"type":"Feature","properties":{"jobs":50,"pop":67,"pointCount":3,"homeWorkCommuteMedian":41790,"workHomeCommuteMedian":2310},"geometry":{"type":"Polygon","coordinates":[[[120.19736531245533,23.236274801287607],[120.19736531245533,23.245268004924853],[120.20635851609258,23.245268004924853],[120.20635851609258,23.236274801287607],[120.19736531245533,23.236274801287607]]]}},{"type":"Feature","properties":{"jobs":59,"pop":316,"pointCount":3,"homeWorkCommuteMedian":23058,"workHomeCommuteMedian":9569},"geometry":{"type":"Polygon","coordinates":[[[120.19736531245533,23.2542612085621],[120.19736531245533,23.263254412199345],[120.20635851609258,23.263254412199345],[120.20635851609258,23.2542612085621],[120.19736531245533,23.2542612085621]]]}},{"type":"Feature","properties":{"jobs":50,"pop":0,"pointCount":1,"homeWorkCommuteMedian":-1,"workHomeCommuteMedian":6423},"geometry":{"type":"Polygon","coordinates":[[[120.19736531245533,23.27224761583659],[120.19736531245533,23.281240819473837],[120.20635851609258,23.281240819473837],[120.20635851609258,23.27224761583659],[120.19736531245533,23.27224761583659]]]}},{"type":"Feature","properties":{"jobs":47,"pop":337,"pointCount":5,"homeWorkCommuteMedian":9339,"workHomeCommuteMedian":8159},"geometry":{"type":"Polygon","coordinates":[[[120.19736531245533,23.281240819473837],[120.19736531245533,23.290234023111083],[120.20635851609258,23.290234023111083],[120.20635851609258,23.281240819473837],[120.19736531245533,23.281240819473837]]]}},{"type":"Feature","properties":{"jobs":377,"pop":0,"pointCount":1,"homeWorkCommuteMedian":-1,"workHomeCommuteMedian":6242},"geometry":{"type":"Polygon","coordinates":[[[120.20635851609258,22.86755345216052],[120.20635851609258,22.876546655797767],[120.21535171972982,22.876546655797767],[120.21535171972982,22.86755345216052],[120.20635851609258,22.86755345216052]]]}},{"type":"Feature","properties":{"jobs":145,"pop":0,"pointCount":1,"homeWorkCommuteMedian":-1,"workHomeCommuteMedian":5935},"geometry":{"type":"Polygon","coordinates":[[[120.20635851609258,22.876546655797767],[120.20635851609258,22.885539859435013],[120.21535171972982,22.885539859435013],[120.21535171972982,22.876546655797767],[120.20635851609258,22.876546655797767]]]}},{"type":"Feature","properties":{"jobs":521,"pop":2570,"pointCount":16,"homeWorkCommuteMedian":11100,"workHomeCommuteMedian":5109},"geometry":{"type":"Polygon","coordinates":[[[120.20635851609258,22.903526266709505],[120.20635851609258,22.91251947034675],[120.21535171972982,22.91251947034675],[120.21535171972982,22.903526266709505],[120.20635851609258,22.903526266709505]]]}},{"type":"Feature","properties":{"jobs":363,"pop":496,"pointCount":8,"homeWorkCommuteMedian":10955,"workHomeCommuteMedian":10636},"geometry":{"type":"Polygon","coordinates":[[[120.20635851609258,22.91251947034675],[120.20635851609258,22.921512673983997],[120.21535171972982,22.921512673983997],[120.21535171972982,22.91251947034675],[120.20635851609258,22.91251947034675]]]}},{"type":"Feature","properties":{"jobs":154,"pop":0,"pointCount":4,"homeWorkCommuteMedian":-1,"workHomeCommuteMedian":9997},"geometry":{"type":"Polygon","coordinates":[[[120.20635851609258,22.921512673983997],[120.20635851609258,22.930505877621243],[120.21535171972982,22.930505877621243],[120.21535171972982,22.921512673983997],[120.20635851609258,22.921512673983997]]]}},{"type":"Feature","properties":{"jobs":211,"pop":992,"pointCount":3,"homeWorkCommuteMedian":5903,"workHomeCommuteMedian":7646},"geometry":{"type":"Polygon","coordinates":[[[120.20635851609258,22.95748548853298],[120.20635851609258,22.966478692170227],[120.21535171972982,22.966478692170227],[120.21535171972982,22.95748548853298],[120.20635851609258,22.95748548853298]]]}},{"type":"Feature","properties":{"jobs":2071,"pop":5044,"pointCount":14,"homeWorkCommuteMedian":5163,"workHomeCommuteMedian":5334},"geometry":{"type":"Polygon","coordinates":[[[120.20635851609258,22.966478692170227],[120.20635851609258,22.975471895807473],[120.21535171972982,22.975471895807473],[120.21535171972982,22.966478692170227],[120.20635851609258,22.966478692170227]]]}},{"type":"Feature","properties":{"jobs":7444,"pop":8090,"pointCount":17,"homeWorkCommuteMedian":3642,"workHomeCommuteMedian":5778},"geometry":{"type":"Polygon","coordinates":[[[120.20635851609258,22.975471895807473],[120.20635851609258,22.98446509944472],[120.21535171972982,22.98446509944472],[120.21535171972982,22.975471895807473],[120.20635851609258,22.975471895807473]]]}},{"type":"Feature","properties":{"jobs":7638,"pop":5911,"pointCount":16,"homeWorkCommuteMedian":3462,"workHomeCommuteMedian":4410},"geometry":{"type":"Polygon","coordinates":[[[120.20635851609258,22.98446509944472],[120.20635851609258,22.993458303081965],[120.21535171972982,22.993458303081965],[120.21535171972982,22.98446509944472],[120.20635851609258,22.98446509944472]]]}},{"type":"Feature","properties":{"jobs":18805,"pop":3506,"pointCount":9,"homeWorkCommuteMedian":4002,"workHomeCommuteMedian":4305},"geometry":{"type":"Polygon","coordinates":[[[120.20635851609258,22.993458303081965],[120.20635851609258,23.00245150671921],[120.21535171972982,23.00245150671921],[120.21535171972982,22.993458303081965],[120.20635851609258,22.993458303081965]]]}},{"type":"Feature","properties":{"jobs":1961,"pop":4927,"pointCount":10,"homeWorkCommuteMedian":4822,"workHomeCommuteMedian":2498},"geometry":{"type":"Polygon","coordinates":[[[120.20635851609258,23.00245150671921],[120.20635851609258,23.011444710356457],[120.21535171972982,23.011444710356457],[120.21535171972982,23.00245150671921],[120.20635851609258,23.00245150671921]]]}},{"type":"Feature","properties":{"jobs":4424,"pop":7946,"pointCount":18,"homeWorkCommuteMedian":3439,"workHomeCommuteMedian":2759},"geometry":{"type":"Polygon","coordinates":[[[120.20635851609258,23.011444710356457],[120.20635851609258,23.020437913993703],[120.21535171972982,23.020437913993703],[120.21535171972982,23.011444710356457],[120.20635851609258,23.011444710356457]]]}},{"type":"Feature","properties":{"jobs":2307,"pop":5405,"pointCount":13,"homeWorkCommuteMedian":6340,"workHomeCommuteMedian":5533},"geometry":{"type":"Polygon","coordinates":[[[120.20635851609258,23.020437913993703],[120.20635851609258,23.02943111763095],[120.21535171972982,23.02943111763095],[120.21535171972982,23.020437913993703],[120.20635851609258,23.020437913993703]]]}},{"type":"Feature","properties":{"jobs":2432,"pop":5334,"pointCount":13,"homeWorkCommuteMedian":6976,"workHomeCommuteMedian":4759},"geometry":{"type":"Polygon","coordinates":[[[120.20635851609258,23.02943111763095],[120.20635851609258,23.038424321268195],[120.21535171972982,23.038424321268195],[120.21535171972982,23.02943111763095],[120.20635851609258,23.02943111763095]]]}},{"type":"Feature","properties":{"jobs":1594,"pop":3578,"pointCount":9,"homeWorkCommuteMedian":5179,"workHomeCommuteMedian":8679},"geometry":{"type":"Polygon","coordinates":[[[120.20635851609258,23.038424321268195],[120.20635851609258,23.04741752490544],[120.21535171972982,23.04741752490544],[120.21535171972982,23.038424321268195],[120.20635851609258,23.038424321268195]]]}},{"type":"Feature","properties":{"jobs":1124,"pop":1881,"pointCount":8,"homeWorkCommuteMedian":9171,"workHomeCommuteMedian":4439},"geometry":{"type":"Polygon","coordinates":[[[120.20635851609258,23.04741752490544],[120.20635851609258,23.056410728542687],[120.21535171972982,23.056410728542687],[120.21535171972982,23.04741752490544],[120.20635851609258,23.04741752490544]]]}},{"type":"Feature","properties":{"jobs":1432,"pop":810,"pointCount":5,"homeWorkCommuteMedian":9696,"workHomeCommuteMedian":9182},"geometry":{"type":"Polygon","coordinates":[[[120.20635851609258,23.056410728542687],[120.20635851609258,23.065403932179933],[120.21535171972982,23.065403932179933],[120.21535171972982,23.056410728542687],[120.20635851609258,23.056410728542687]]]}},{"type":"Feature","properties":{"jobs":1683,"pop":680,"pointCount":5,"homeWorkCommuteMedian":9663,"workHomeCommuteMedian":8603},"geometry":{"type":"Polygon","coordinates":[[[120.20635851609258,23.065403932179933],[120.20635851609258,23.07439713581718],[120.21535171972982,23.07439713581718],[120.21535171972982,23.065403932179933],[120.20635851609258,23.065403932179933]]]}},{"type":"Feature","properties":{"jobs":1395,"pop":421,"pointCount":8,"homeWorkCommuteMedian":9099,"workHomeCommuteMedian":9444},"geometry":{"type":"Polygon","coordinates":[[[120.20635851609258,23.07439713581718],[120.20635851609258,23.083390339454425],[120.21535171972982,23.083390339454425],[120.21535171972982,23.07439713581718],[120.20635851609258,23.07439713581718]]]}},{"type":"Feature","properties":{"jobs":1260,"pop":1336,"pointCount":9,"homeWorkCommuteMedian":8579,"workHomeCommuteMedian":9013},"geometry":{"type":"Polygon","coordinates":[[[120.20635851609258,23.083390339454425],[120.20635851609258,23.09238354309167],[120.21535171972982,23.09238354309167],[120.21535171972982,23.083390339454425],[120.20635851609258,23.083390339454425]]]}},{"type":"Feature","properties":{"jobs":682,"pop":1740,"pointCount":14,"homeWorkCommuteMedian":7517,"workHomeCommuteMedian":6675},"geometry":{"type":"Polygon","coordinates":[[[120.20635851609258,23.09238354309167],[120.20635851609258,23.101376746728917],[120.21535171972982,23.101376746728917],[120.21535171972982,23.09238354309167],[120.20635851609258,23.09238354309167]]]}},{"type":"Feature","properties":{"jobs":57,"pop":65,"pointCount":2,"homeWorkCommuteMedian":7226,"workHomeCommuteMedian":4450},"geometry":{"type":"Polygon","coordinates":[[[120.20635851609258,23.101376746728917],[120.20635851609258,23.110369950366163],[120.21535171972982,23.110369950366163],[120.21535171972982,23.101376746728917],[120.20635851609258,23.101376746728917]]]}},{"type":"Feature","properties":{"jobs":0,"pop":312,"pointCount":2,"homeWorkCommuteMedian":10083,"workHomeCommuteMedian":-1},"geometry":{"type":"Polygon","coordinates":[[[120.20635851609258,23.110369950366163],[120.20635851609258,23.11936315400341],[120.21535171972982,23.11936315400341],[120.21535171972982,23.110369950366163],[120.20635851609258,23.110369950366163]]]}},{"type":"Feature","properties":{"jobs":287,"pop":403,"pointCount":4,"homeWorkCommuteMedian":11241,"workHomeCommuteMedian":11301},"geometry":{"type":"Polygon","coordinates":[[[120.20635851609258,23.11936315400341],[120.20635851609258,23.128356357640655],[120.21535171972982,23.128356357640655],[120.21535171972982,23.11936315400341],[120.20635851609258,23.11936315400341]]]}},{"type":"Feature","properties":{"jobs":123,"pop":95,"pointCount":5,"homeWorkCommuteMedian":3706,"workHomeCommuteMedian":3979},"geometry":{"type":"Polygon","coordinates":[[[120.20635851609258,23.128356357640655],[120.20635851609258,23.1373495612779],[120.21535171972982,23.1373495612779],[120.21535171972982,23.128356357640655],[120.20635851609258,23.128356357640655]]]}},{"type":"Feature","properties":{"jobs":82,"pop":129,"pointCount":2,"homeWorkCommuteMedian":17266,"workHomeCommuteMedian":23649},"geometry":{"type":"Polygon","coordinates":[[[120.20635851609258,23.1373495612779],[120.20635851609258,23.146342764915147],[120.21535171972982,23.146342764915147],[120.21535171972982,23.1373495612779],[120.20635851609258,23.1373495612779]]]}},{"type":"Feature","properties":{"jobs":0,"pop":125,"pointCount":2,"homeWorkCommuteMedian":11377,"workHomeCommuteMedian":-1},"geometry":{"type":"Polygon","coordinates":[[[120.20635851609258,23.146342764915147],[120.20635851609258,23.155335968552393],[120.21535171972982,23.155335968552393],[120.21535171972982,23.146342764915147],[120.20635851609258,23.146342764915147]]]}},{"type":"Feature","properties":{"jobs":0,"pop":125,"pointCount":2,"homeWorkCommuteMedian":21082,"workHomeCommuteMedian":-1},"geometry":{"type":"Polygon","coordinates":[[[120.20635851609258,23.155335968552393],[120.20635851609258,23.16432917218964],[120.21535171972982,23.16432917218964],[120.21535171972982,23.155335968552393],[120.20635851609258,23.155335968552393]]]}},{"type":"Feature","properties":{"jobs":0,"pop":96,"pointCount":2,"homeWorkCommuteMedian":21850,"workHomeCommuteMedian":-1},"geometry":{"type":"Polygon","coordinates":[[[120.20635851609258,23.16432917218964],[120.20635851609258,23.173322375826885],[120.21535171972982,23.173322375826885],[120.21535171972982,23.16432917218964],[120.20635851609258,23.16432917218964]]]}},{"type":"Feature","properties":{"jobs":70,"pop":580,"pointCount":4,"homeWorkCommuteMedian":13268,"workHomeCommuteMedian":5365},"geometry":{"type":"Polygon","coordinates":[[[120.20635851609258,23.173322375826885],[120.20635851609258,23.18231557946413],[120.21535171972982,23.18231557946413],[120.21535171972982,23.173322375826885],[120.20635851609258,23.173322375826885]]]}},{"type":"Feature","properties":{"jobs":39,"pop":482,"pointCount":5,"homeWorkCommuteMedian":4485,"workHomeCommuteMedian":6922},"geometry":{"type":"Polygon","coordinates":[[[120.20635851609258,23.191308783101377],[120.20635851609258,23.200301986738623],[120.21535171972982,23.200301986738623],[120.21535171972982,23.191308783101377],[120.20635851609258,23.191308783101377]]]}},{"type":"Feature","properties":{"jobs":464,"pop":378,"pointCount":6,"homeWorkCommuteMedian":16485,"workHomeCommuteMedian":7193},"geometry":{"type":"Polygon","coordinates":[[[120.20635851609258,23.200301986738623],[120.20635851609258,23.20929519037587],[120.21535171972982,23.20929519037587],[120.21535171972982,23.200301986738623],[120.20635851609258,23.200301986738623]]]}},{"type":"Feature","properties":{"jobs":109,"pop":0,"pointCount":1,"homeWorkCommuteMedian":-1,"workHomeCommuteMedian":36456},"geometry":{"type":"Polygon","coordinates":[[[120.20635851609258,23.218288394013115],[120.20635851609258,23.22728159765036],[120.21535171972982,23.22728159765036],[120.21535171972982,23.218288394013115],[120.20635851609258,23.218288394013115]]]}},{"type":"Feature","properties":{"jobs":38,"pop":64,"pointCount":2,"homeWorkCommuteMedian":2655,"workHomeCommuteMedian":8358},"geometry":{"type":"Polygon","coordinates":[[[120.20635851609258,23.22728159765036],[120.20635851609258,23.236274801287607],[120.21535171972982,23.236274801287607],[120.21535171972982,23.22728159765036],[120.20635851609258,23.22728159765036]]]}},{"type":"Feature","properties":{"jobs":36,"pop":0,"pointCount":1,"homeWorkCommuteMedian":-1,"workHomeCommuteMedian":4194},"geometry":{"type":"Polygon","coordinates":[[[120.20635851609258,23.236274801287607],[120.20635851609258,23.245268004924853],[120.21535171972982,23.245268004924853],[120.21535171972982,23.236274801287607],[120.20635851609258,23.236274801287607]]]}},{"type":"Feature","properties":{"jobs":0,"pop":40,"pointCount":1,"homeWorkCommuteMedian":21493,"workHomeCommuteMedian":-1},"geometry":{"type":"Polygon","coordinates":[[[120.20635851609258,23.245268004924853],[120.20635851609258,23.2542612085621],[120.21535171972982,23.2542612085621],[120.21535171972982,23.245268004924853],[120.20635851609258,23.245268004924853]]]}},{"type":"Feature","properties":{"jobs":25,"pop":394,"pointCount":3,"homeWorkCommuteMedian":29191,"workHomeCommuteMedian":19259},"geometry":{"type":"Polygon","coordinates":[[[120.20635851609258,23.2542612085621],[120.20635851609258,23.263254412199345],[120.21535171972982,23.263254412199345],[120.21535171972982,23.2542612085621],[120.20635851609258,23.2542612085621]]]}},{"type":"Feature","properties":{"jobs":41,"pop":0,"pointCount":1,"homeWorkCommuteMedian":-1,"workHomeCommuteMedian":7505},"geometry":{"type":"Polygon","coordinates":[[[120.20635851609258,23.27224761583659],[120.20635851609258,23.281240819473837],[120.21535171972982,23.281240819473837],[120.21535171972982,23.27224761583659],[120.20635851609258,23.27224761583659]]]}},{"type":"Feature","properties":{"jobs":0,"pop":89,"pointCount":1,"homeWorkCommuteMedian":15838,"workHomeCommuteMedian":-1},"geometry":{"type":"Polygon","coordinates":[[[120.21535171972982,22.84956704488603],[120.21535171972982,22.858560248523276],[120.22434492336707,22.858560248523276],[120.22434492336707,22.84956704488603],[120.21535171972982,22.84956704488603]]]}},{"type":"Feature","properties":{"jobs":949,"pop":0,"pointCount":2,"homeWorkCommuteMedian":-1,"workHomeCommuteMedian":4978},"geometry":{"type":"Polygon","coordinates":[[[120.21535171972982,22.876546655797767],[120.21535171972982,22.885539859435013],[120.22434492336707,22.885539859435013],[120.22434492336707,22.876546655797767],[120.21535171972982,22.876546655797767]]]}},{"type":"Feature","properties":{"jobs":99,"pop":706,"pointCount":4,"homeWorkCommuteMedian":14258,"workHomeCommuteMedian":6961},"geometry":{"type":"Polygon","coordinates":[[[120.21535171972982,22.885539859435013],[120.21535171972982,22.89453306307226],[120.22434492336707,22.89453306307226],[120.22434492336707,22.885539859435013],[120.21535171972982,22.885539859435013]]]}},{"type":"Feature","properties":{"jobs":295,"pop":687,"pointCount":7,"homeWorkCommuteMedian":10718,"workHomeCommuteMedian":7854},"geometry":{"type":"Polygon","coordinates":[[[120.21535171972982,22.89453306307226],[120.21535171972982,22.903526266709505],[120.22434492336707,22.903526266709505],[120.22434492336707,22.89453306307226],[120.21535171972982,22.89453306307226]]]}},{"type":"Feature","properties":{"jobs":821,"pop":1944,"pointCount":6,"homeWorkCommuteMedian":7352,"workHomeCommuteMedian":9779},"geometry":{"type":"Polygon","coordinates":[[[120.21535171972982,22.903526266709505],[120.21535171972982,22.91251947034675],[120.22434492336707,22.91251947034675],[120.22434492336707,22.903526266709505],[120.21535171972982,22.903526266709505]]]}},{"type":"Feature","properties":{"jobs":480,"pop":2034,"pointCount":10,"homeWorkCommuteMedian":9553,"workHomeCommuteMedian":9046},"geometry":{"type":"Polygon","coordinates":[[[120.21535171972982,22.91251947034675],[120.21535171972982,22.921512673983997],[120.22434492336707,22.921512673983997],[120.22434492336707,22.91251947034675],[120.21535171972982,22.91251947034675]]]}},{"type":"Feature","properties":{"jobs":1576,"pop":36,"pointCount":5,"homeWorkCommuteMedian":5554,"workHomeCommuteMedian":11108},"geometry":{"type":"Polygon","coordinates":[[[120.21535171972982,22.921512673983997],[120.21535171972982,22.930505877621243],[120.22434492336707,22.930505877621243],[120.22434492336707,22.921512673983997],[120.21535171972982,22.921512673983997]]]}},{"type":"Feature","properties":{"jobs":142,"pop":53,"pointCount":2,"homeWorkCommuteMedian":2716,"workHomeCommuteMedian":16381},"geometry":{"type":"Polygon","coordinates":[[[120.21535171972982,22.930505877621243],[120.21535171972982,22.93949908125849],[120.22434492336707,22.93949908125849],[120.22434492336707,22.930505877621243],[120.21535171972982,22.930505877621243]]]}},{"type":"Feature","properties":{"jobs":4216,"pop":159,"pointCount":5,"homeWorkCommuteMedian":6064,"workHomeCommuteMedian":7122},"geometry":{"type":"Polygon","coordinates":[[[120.21535171972982,22.93949908125849],[120.21535171972982,22.948492284895735],[120.22434492336707,22.948492284895735],[120.22434492336707,22.93949908125849],[120.21535171972982,22.93949908125849]]]}},{"type":"Feature","properties":{"jobs":1391,"pop":473,"pointCount":6,"homeWorkCommuteMedian":8493,"workHomeCommuteMedian":6766},"geometry":{"type":"Polygon","coordinates":[[[120.21535171972982,22.948492284895735],[120.21535171972982,22.95748548853298],[120.22434492336707,22.95748548853298],[120.22434492336707,22.948492284895735],[120.21535171972982,22.948492284895735]]]}},{"type":"Feature","properties":{"jobs":3762,"pop":1431,"pointCount":9,"homeWorkCommuteMedian":4893,"workHomeCommuteMedian":5524},"geometry":{"type":"Polygon","coordinates":[[[120.21535171972982,22.95748548853298],[120.21535171972982,22.966478692170227],[120.22434492336707,22.966478692170227],[120.22434492336707,22.95748548853298],[120.21535171972982,22.95748548853298]]]}},{"type":"Feature","properties":{"jobs":2686,"pop":3294,"pointCount":9,"homeWorkCommuteMedian":3988,"workHomeCommuteMedian":3454},"geometry":{"type":"Polygon","coordinates":[[[120.21535171972982,22.966478692170227],[120.21535171972982,22.975471895807473],[120.22434492336707,22.975471895807473],[120.22434492336707,22.966478692170227],[120.21535171972982,22.966478692170227]]]}},{"type":"Feature","properties":{"jobs":11091,"pop":6930,"pointCount":13,"homeWorkCommuteMedian":2945,"workHomeCommuteMedian":2698},"geometry":{"type":"Polygon","coordinates":[[[120.21535171972982,22.975471895807473],[120.21535171972982,22.98446509944472],[120.22434492336707,22.98446509944472],[120.22434492336707,22.975471895807473],[120.21535171972982,22.975471895807473]]]}},{"type":"Feature","properties":{"jobs":5798,"pop":7156,"pointCount":18,"homeWorkCommuteMedian":4072,"workHomeCommuteMedian":3438},"geometry":{"type":"Polygon","coordinates":[[[120.21535171972982,22.98446509944472],[120.21535171972982,22.993458303081965],[120.22434492336707,22.993458303081965],[120.22434492336707,22.98446509944472],[120.21535171972982,22.98446509944472]]]}},{"type":"Feature","properties":{"jobs":32755,"pop":812,"pointCount":13,"homeWorkCommuteMedian":4313,"workHomeCommuteMedian":4575},"geometry":{"type":"Polygon","coordinates":[[[120.21535171972982,22.993458303081965],[120.21535171972982,23.00245150671921],[120.22434492336707,23.00245150671921],[120.22434492336707,22.993458303081965],[120.21535171972982,22.993458303081965]]]}},{"type":"Feature","properties":{"jobs":6035,"pop":10359,"pointCount":17,"homeWorkCommuteMedian":4150,"workHomeCommuteMedian":3357},"geometry":{"type":"Polygon","coordinates":[[[120.21535171972982,23.00245150671921],[120.21535171972982,23.011444710356457],[120.22434492336707,23.011444710356457],[120.22434492336707,23.00245150671921],[120.21535171972982,23.00245150671921]]]}},{"type":"Feature","properties":{"jobs":10260,"pop":8447,"pointCount":18,"homeWorkCommuteMedian":4044,"workHomeCommuteMedian":6160},"geometry":{"type":"Polygon","coordinates":[[[120.21535171972982,23.011444710356457],[120.21535171972982,23.020437913993703],[120.22434492336707,23.020437913993703],[120.22434492336707,23.011444710356457],[120.21535171972982,23.011444710356457]]]}},{"type":"Feature","properties":{"jobs":6800,"pop":1509,"pointCount":11,"homeWorkCommuteMedian":6964,"workHomeCommuteMedian":5918},"geometry":{"type":"Polygon","coordinates":[[[120.21535171972982,23.020437913993703],[120.21535171972982,23.02943111763095],[120.22434492336707,23.02943111763095],[120.22434492336707,23.020437913993703],[120.21535171972982,23.020437913993703]]]}},{"type":"Feature","properties":{"jobs":2371,"pop":932,"pointCount":4,"homeWorkCommuteMedian":6033,"workHomeCommuteMedian":4772},"geometry":{"type":"Polygon","coordinates":[[[120.21535171972982,23.02943111763095],[120.21535171972982,23.038424321268195],[120.22434492336707,23.038424321268195],[120.22434492336707,23.02943111763095],[120.21535171972982,23.02943111763095]]]}},{"type":"Feature","properties":{"jobs":7799,"pop":1539,"pointCount":11,"homeWorkCommuteMedian":7991,"workHomeCommuteMedian":5705},"geometry":{"type":"Polygon","coordinates":[[[120.21535171972982,23.038424321268195],[120.21535171972982,23.04741752490544],[120.22434492336707,23.04741752490544],[120.22434492336707,23.038424321268195],[120.21535171972982,23.038424321268195]]]}},{"type":"Feature","properties":{"jobs":2841,"pop":3664,"pointCount":12,"homeWorkCommuteMedian":5126,"workHomeCommuteMedian":5523},"geometry":{"type":"Polygon","coordinates":[[[120.21535171972982,23.04741752490544],[120.21535171972982,23.056410728542687],[120.22434492336707,23.056410728542687],[120.22434492336707,23.04741752490544],[120.21535171972982,23.04741752490544]]]}},{"type":"Feature","properties":{"jobs":1899,"pop":2727,"pointCount":9,"homeWorkCommuteMedian":6571,"workHomeCommuteMedian":6498},"geometry":{"type":"Polygon","coordinates":[[[120.21535171972982,23.056410728542687],[120.21535171972982,23.065403932179933],[120.22434492336707,23.065403932179933],[120.22434492336707,23.056410728542687],[120.21535171972982,23.056410728542687]]]}},{"type":"Feature","properties":{"jobs":10003,"pop":6010,"pointCount":15,"homeWorkCommuteMedian":7147,"workHomeCommuteMedian":6881},"geometry":{"type":"Polygon","coordinates":[[[120.21535171972982,23.065403932179933],[120.21535171972982,23.07439713581718],[120.22434492336707,23.07439713581718],[120.22434492336707,23.065403932179933],[120.21535171972982,23.065403932179933]]]}},{"type":"Feature","properties":{"jobs":583,"pop":837,"pointCount":12,"homeWorkCommuteMedian":8377,"workHomeCommuteMedian":11377},"geometry":{"type":"Polygon","coordinates":[[[120.21535171972982,23.07439713581718],[120.21535171972982,23.083390339454425],[120.22434492336707,23.083390339454425],[120.22434492336707,23.07439713581718],[120.21535171972982,23.07439713581718]]]}},{"type":"Feature","properties":{"jobs":448,"pop":439,"pointCount":6,"homeWorkCommuteMedian":7770,"workHomeCommuteMedian":14203},"geometry":{"type":"Polygon","coordinates":[[[120.21535171972982,23.083390339454425],[120.21535171972982,23.09238354309167],[120.22434492336707,23.09238354309167],[120.22434492336707,23.083390339454425],[120.21535171972982,23.083390339454425]]]}},{"type":"Feature","properties":{"jobs":348,"pop":165,"pointCount":6,"homeWorkCommuteMedian":10141,"workHomeCommuteMedian":17675},"geometry":{"type":"Polygon","coordinates":[[[120.21535171972982,23.09238354309167],[120.21535171972982,23.101376746728917],[120.22434492336707,23.101376746728917],[120.22434492336707,23.09238354309167],[120.21535171972982,23.09238354309167]]]}},{"type":"Feature","properties":{"jobs":116,"pop":622,"pointCount":8,"homeWorkCommuteMedian":6349,"workHomeCommuteMedian":75629},"geometry":{"type":"Polygon","coordinates":[[[120.21535171972982,23.101376746728917],[120.21535171972982,23.110369950366163],[120.22434492336707,23.110369950366163],[120.22434492336707,23.101376746728917],[120.21535171972982,23.101376746728917]]]}},{"type":"Feature","properties":{"jobs":118,"pop":580,"pointCount":5,"homeWorkCommuteMedian":12528,"workHomeCommuteMedian":3190},"geometry":{"type":"Polygon","coordinates":[[[120.21535171972982,23.11936315400341],[120.21535171972982,23.128356357640655],[120.22434492336707,23.128356357640655],[120.22434492336707,23.11936315400341],[120.21535171972982,23.11936315400341]]]}},{"type":"Feature","properties":{"jobs":126,"pop":62,"pointCount":2,"homeWorkCommuteMedian":21063,"workHomeCommuteMedian":16462},"geometry":{"type":"Polygon","coordinates":[[[120.21535171972982,23.128356357640655],[120.21535171972982,23.1373495612779],[120.22434492336707,23.1373495612779],[120.22434492336707,23.128356357640655],[120.21535171972982,23.128356357640655]]]}},{"type":"Feature","properties":{"jobs":513,"pop":1436,"pointCount":14,"homeWorkCommuteMedian":14158,"workHomeCommuteMedian":6290},"geometry":{"type":"Polygon","coordinates":[[[120.21535171972982,23.1373495612779],[120.21535171972982,23.146342764915147],[120.22434492336707,23.146342764915147],[120.22434492336707,23.1373495612779],[120.21535171972982,23.1373495612779]]]}},{"type":"Feature","properties":{"jobs":26,"pop":156,"pointCount":2,"homeWorkCommuteMedian":6729,"workHomeCommuteMedian":43027},"geometry":{"type":"Polygon","coordinates":[[[120.21535171972982,23.16432917218964],[120.21535171972982,23.173322375826885],[120.22434492336707,23.173322375826885],[120.22434492336707,23.16432917218964],[120.21535171972982,23.16432917218964]]]}},{"type":"Feature","properties":{"jobs":812,"pop":422,"pointCount":7,"homeWorkCommuteMedian":6157,"workHomeCommuteMedian":5349},"geometry":{"type":"Polygon","coordinates":[[[120.21535171972982,23.173322375826885],[120.21535171972982,23.18231557946413],[120.22434492336707,23.18231557946413],[120.22434492336707,23.173322375826885],[120.21535171972982,23.173322375826885]]]}},{"type":"Feature","properties":{"jobs":507,"pop":57,"pointCount":3,"homeWorkCommuteMedian":4455,"workHomeCommuteMedian":4026},"geometry":{"type":"Polygon","coordinates":[[[120.21535171972982,23.18231557946413],[120.21535171972982,23.191308783101377],[120.22434492336707,23.191308783101377],[120.22434492336707,23.18231557946413],[120.21535171972982,23.18231557946413]]]}},{"type":"Feature","properties":{"jobs":261,"pop":323,"pointCount":6,"homeWorkCommuteMedian":5426,"workHomeCommuteMedian":8798},"geometry":{"type":"Polygon","coordinates":[[[120.21535171972982,23.191308783101377],[120.21535171972982,23.200301986738623],[120.22434492336707,23.200301986738623],[120.22434492336707,23.191308783101377],[120.21535171972982,23.191308783101377]]]}},{"type":"Feature","properties":{"jobs":0,"pop":58,"pointCount":1,"homeWorkCommuteMedian":24456,"workHomeCommuteMedian":-1},"geometry":{"type":"Polygon","coordinates":[[[120.21535171972982,23.200301986738623],[120.21535171972982,23.20929519037587],[120.22434492336707,23.20929519037587],[120.22434492336707,23.200301986738623],[120.21535171972982,23.200301986738623]]]}},{"type":"Feature","properties":{"jobs":0,"pop":60,"pointCount":1,"homeWorkCommuteMedian":7632,"workHomeCommuteMedian":-1},"geometry":{"type":"Polygon","coordinates":[[[120.21535171972982,23.20929519037587],[120.21535171972982,23.218288394013115],[120.22434492336707,23.218288394013115],[120.22434492336707,23.20929519037587],[120.21535171972982,23.20929519037587]]]}},{"type":"Feature","properties":{"jobs":0,"pop":261,"pointCount":2,"homeWorkCommuteMedian":7656,"workHomeCommuteMedian":-1},"geometry":{"type":"Polygon","coordinates":[[[120.21535171972982,23.218288394013115],[120.21535171972982,23.22728159765036],[120.22434492336707,23.22728159765036],[120.22434492336707,23.218288394013115],[120.21535171972982,23.218288394013115]]]}},{"type":"Feature","properties":{"jobs":0,"pop":54,"pointCount":1,"homeWorkCommuteMedian":30323,"workHomeCommuteMedian":-1},"geometry":{"type":"Polygon","coordinates":[[[120.21535171972982,23.22728159765036],[120.21535171972982,23.236274801287607],[120.22434492336707,23.236274801287607],[120.22434492336707,23.22728159765036],[120.21535171972982,23.22728159765036]]]}},{"type":"Feature","properties":{"jobs":0,"pop":28,"pointCount":1,"homeWorkCommuteMedian":26828,"workHomeCommuteMedian":-1},"geometry":{"type":"Polygon","coordinates":[[[120.21535171972982,23.236274801287607],[120.21535171972982,23.245268004924853],[120.22434492336707,23.245268004924853],[120.22434492336707,23.236274801287607],[120.21535171972982,23.236274801287607]]]}},{"type":"Feature","properties":{"jobs":31,"pop":175,"pointCount":3,"homeWorkCommuteMedian":21265,"workHomeCommuteMedian":46268},"geometry":{"type":"Polygon","coordinates":[[[120.21535171972982,23.2542612085621],[120.21535171972982,23.263254412199345],[120.22434492336707,23.263254412199345],[120.22434492336707,23.2542612085621],[120.21535171972982,23.2542612085621]]]}},{"type":"Feature","properties":{"jobs":169,"pop":675,"pointCount":8,"homeWorkCommuteMedian":8922,"workHomeCommuteMedian":9687},"geometry":{"type":"Polygon","coordinates":[[[120.22434492336707,22.840573841248784],[120.22434492336707,22.84956704488603],[120.23333812700432,22.84956704488603],[120.23333812700432,22.840573841248784],[120.22434492336707,22.840573841248784]]]}},{"type":"Feature","properties":{"jobs":58,"pop":750,"pointCount":7,"homeWorkCommuteMedian":10198,"workHomeCommuteMedian":19116},"geometry":{"type":"Polygon","coordinates":[[[120.22434492336707,22.84956704488603],[120.22434492336707,22.858560248523276],[120.23333812700432,22.858560248523276],[120.23333812700432,22.84956704488603],[120.22434492336707,22.84956704488603]]]}},{"type":"Feature","properties":{"jobs":290,"pop":1188,"pointCount":9,"homeWorkCommuteMedian":5961,"workHomeCommuteMedian":8834},"geometry":{"type":"Polygon","coordinates":[[[120.22434492336707,22.858560248523276],[120.22434492336707,22.86755345216052],[120.23333812700432,22.86755345216052],[120.23333812700432,22.858560248523276],[120.22434492336707,22.858560248523276]]]}},{"type":"Feature","properties":{"jobs":42,"pop":0,"pointCount":1,"homeWorkCommuteMedian":-1,"workHomeCommuteMedian":6048},"geometry":{"type":"Polygon","coordinates":[[[120.22434492336707,22.86755345216052],[120.22434492336707,22.876546655797767],[120.23333812700432,22.876546655797767],[120.23333812700432,22.86755345216052],[120.22434492336707,22.86755345216052]]]}},{"type":"Feature","properties":{"jobs":185,"pop":22,"pointCount":4,"homeWorkCommuteMedian":16259,"workHomeCommuteMedian":40478},"geometry":{"type":"Polygon","coordinates":[[[120.22434492336707,22.876546655797767],[120.22434492336707,22.885539859435013],[120.23333812700432,22.885539859435013],[120.23333812700432,22.876546655797767],[120.22434492336707,22.876546655797767]]]}},{"type":"Feature","properties":{"jobs":176,"pop":294,"pointCount":6,"homeWorkCommuteMedian":8165,"workHomeCommuteMedian":7533},"geometry":{"type":"Polygon","coordinates":[[[120.22434492336707,22.885539859435013],[120.22434492336707,22.89453306307226],[120.23333812700432,22.89453306307226],[120.23333812700432,22.885539859435013],[120.22434492336707,22.885539859435013]]]}},{"type":"Feature","properties":{"jobs":441,"pop":866,"pointCount":9,"homeWorkCommuteMedian":16428,"workHomeCommuteMedian":7194},"geometry":{"type":"Polygon","coordinates":[[[120.22434492336707,22.89453306307226],[120.22434492336707,22.903526266709505],[120.23333812700432,22.903526266709505],[120.23333812700432,22.89453306307226],[120.22434492336707,22.89453306307226]]]}},{"type":"Feature","properties":{"jobs":1170,"pop":1343,"pointCount":10,"homeWorkCommuteMedian":9258,"workHomeCommuteMedian":7163},"geometry":{"type":"Polygon","coordinates":[[[120.22434492336707,22.903526266709505],[120.22434492336707,22.91251947034675],[120.23333812700432,22.91251947034675],[120.23333812700432,22.903526266709505],[120.22434492336707,22.903526266709505]]]}},{"type":"Feature","properties":{"jobs":1508,"pop":538,"pointCount":7,"homeWorkCommuteMedian":8292,"workHomeCommuteMedian":10208},"geometry":{"type":"Polygon","coordinates":[[[120.22434492336707,22.91251947034675],[120.22434492336707,22.921512673983997],[120.23333812700432,22.921512673983997],[120.23333812700432,22.91251947034675],[120.22434492336707,22.91251947034675]]]}},{"type":"Feature","properties":{"jobs":7308,"pop":200,"pointCount":8,"homeWorkCommuteMedian":3681,"workHomeCommuteMedian":8960},"geometry":{"type":"Polygon","coordinates":[[[120.22434492336707,22.921512673983997],[120.22434492336707,22.930505877621243],[120.23333812700432,22.930505877621243],[120.23333812700432,22.921512673983997],[120.22434492336707,22.921512673983997]]]}},{"type":"Feature","properties":{"jobs":959,"pop":167,"pointCount":4,"homeWorkCommuteMedian":2441,"workHomeCommuteMedian":7649},"geometry":{"type":"Polygon","coordinates":[[[120.22434492336707,22.930505877621243],[120.22434492336707,22.93949908125849],[120.23333812700432,22.93949908125849],[120.23333812700432,22.930505877621243],[120.22434492336707,22.930505877621243]]]}},{"type":"Feature","properties":{"jobs":358,"pop":181,"pointCount":4,"homeWorkCommuteMedian":9124,"workHomeCommuteMedian":19657},"geometry":{"type":"Polygon","coordinates":[[[120.22434492336707,22.93949908125849],[120.22434492336707,22.948492284895735],[120.23333812700432,22.948492284895735],[120.23333812700432,22.93949908125849],[120.22434492336707,22.93949908125849]]]}},{"type":"Feature","properties":{"jobs":104,"pop":948,"pointCount":6,"homeWorkCommuteMedian":5426,"workHomeCommuteMedian":68797},"geometry":{"type":"Polygon","coordinates":[[[120.22434492336707,22.948492284895735],[120.22434492336707,22.95748548853298],[120.23333812700432,22.95748548853298],[120.23333812700432,22.948492284895735],[120.22434492336707,22.948492284895735]]]}},{"type":"Feature","properties":{"jobs":1285,"pop":5993,"pointCount":15,"homeWorkCommuteMedian":5872,"workHomeCommuteMedian":3982},"geometry":{"type":"Polygon","coordinates":[[[120.22434492336707,22.95748548853298],[120.22434492336707,22.966478692170227],[120.23333812700432,22.966478692170227],[120.23333812700432,22.95748548853298],[120.22434492336707,22.95748548853298]]]}},{"type":"Feature","properties":{"jobs":7199,"pop":9185,"pointCount":17,"homeWorkCommuteMedian":4580,"workHomeCommuteMedian":3290},"geometry":{"type":"Polygon","coordinates":[[[120.22434492336707,22.966478692170227],[120.22434492336707,22.975471895807473],[120.23333812700432,22.975471895807473],[120.23333812700432,22.966478692170227],[120.22434492336707,22.966478692170227]]]}},{"type":"Feature","properties":{"jobs":7507,"pop":9139,"pointCount":17,"homeWorkCommuteMedian":3352,"workHomeCommuteMedian":2206},"geometry":{"type":"Polygon","coordinates":[[[120.22434492336707,22.975471895807473],[120.22434492336707,22.98446509944472],[120.23333812700432,22.98446509944472],[120.23333812700432,22.975471895807473],[120.22434492336707,22.975471895807473]]]}},{"type":"Feature","properties":{"jobs":5873,"pop":9772,"pointCount":20,"homeWorkCommuteMedian":3404,"workHomeCommuteMedian":3435},"geometry":{"type":"Polygon","coordinates":[[[120.22434492336707,22.98446509944472],[120.22434492336707,22.993458303081965],[120.23333812700432,22.993458303081965],[120.23333812700432,22.98446509944472],[120.22434492336707,22.98446509944472]]]}},{"type":"Feature","properties":{"jobs":4248,"pop":9375,"pointCount":15,"homeWorkCommuteMedian":4646,"workHomeCommuteMedian":4066},"geometry":{"type":"Polygon","coordinates":[[[120.22434492336707,22.993458303081965],[120.22434492336707,23.00245150671921],[120.23333812700432,23.00245150671921],[120.23333812700432,22.993458303081965],[120.22434492336707,22.993458303081965]]]}},{"type":"Feature","properties":{"jobs":4513,"pop":8608,"pointCount":14,"homeWorkCommuteMedian":4246,"workHomeCommuteMedian":5288},"geometry":{"type":"Polygon","coordinates":[[[120.22434492336707,23.00245150671921],[120.22434492336707,23.011444710356457],[120.23333812700432,23.011444710356457],[120.23333812700432,23.00245150671921],[120.22434492336707,23.00245150671921]]]}},{"type":"Feature","properties":{"jobs":6882,"pop":9607,"pointCount":14,"homeWorkCommuteMedian":5274,"workHomeCommuteMedian":6455},"geometry":{"type":"Polygon","coordinates":[[[120.22434492336707,23.011444710356457],[120.22434492336707,23.020437913993703],[120.23333812700432,23.020437913993703],[120.23333812700432,23.011444710356457],[120.22434492336707,23.011444710356457]]]}},{"type":"Feature","properties":{"jobs":13758,"pop":3956,"pointCount":12,"homeWorkCommuteMedian":6138,"workHomeCommuteMedian":5668},"geometry":{"type":"Polygon","coordinates":[[[120.22434492336707,23.020437913993703],[120.22434492336707,23.02943111763095],[120.23333812700432,23.02943111763095],[120.23333812700432,23.020437913993703],[120.22434492336707,23.020437913993703]]]}},{"type":"Feature","properties":{"jobs":8001,"pop":729,"pointCount":10,"homeWorkCommuteMedian":4708,"workHomeCommuteMedian":7570},"geometry":{"type":"Polygon","coordinates":[[[120.22434492336707,23.02943111763095],[120.22434492336707,23.038424321268195],[120.23333812700432,23.038424321268195],[120.23333812700432,23.02943111763095],[120.22434492336707,23.02943111763095]]]}},{"type":"Feature","properties":{"jobs":2537,"pop":1733,"pointCount":7,"homeWorkCommuteMedian":5852,"workHomeCommuteMedian":7323},"geometry":{"type":"Polygon","coordinates":[[[120.22434492336707,23.038424321268195],[120.22434492336707,23.04741752490544],[120.23333812700432,23.04741752490544],[120.23333812700432,23.038424321268195],[120.22434492336707,23.038424321268195]]]}},{"type":"Feature","properties":{"jobs":1540,"pop":0,"pointCount":6,"homeWorkCommuteMedian":-1,"workHomeCommuteMedian":5596},"geometry":{"type":"Polygon","coordinates":[[[120.22434492336707,23.04741752490544],[120.22434492336707,23.056410728542687],[120.23333812700432,23.056410728542687],[120.23333812700432,23.04741752490544],[120.22434492336707,23.04741752490544]]]}},{"type":"Feature","properties":{"jobs":224,"pop":1724,"pointCount":6,"homeWorkCommuteMedian":5989,"workHomeCommuteMedian":7586},"geometry":{"type":"Polygon","coordinates":[[[120.22434492336707,23.056410728542687],[120.22434492336707,23.065403932179933],[120.23333812700432,23.065403932179933],[120.23333812700432,23.056410728542687],[120.22434492336707,23.056410728542687]]]}},{"type":"Feature","properties":{"jobs":79,"pop":0,"pointCount":2,"homeWorkCommuteMedian":-1,"workHomeCommuteMedian":13679},"geometry":{"type":"Polygon","coordinates":[[[120.22434492336707,23.065403932179933],[120.22434492336707,23.07439713581718],[120.23333812700432,23.07439713581718],[120.23333812700432,23.065403932179933],[120.22434492336707,23.065403932179933]]]}},{"type":"Feature","properties":{"jobs":451,"pop":278,"pointCount":8,"homeWorkCommuteMedian":3910,"workHomeCommuteMedian":12314},"geometry":{"type":"Polygon","coordinates":[[[120.22434492336707,23.07439713581718],[120.22434492336707,23.083390339454425],[120.23333812700432,23.083390339454425],[120.23333812700432,23.07439713581718],[120.22434492336707,23.07439713581718]]]}},{"type":"Feature","properties":{"jobs":510,"pop":1340,"pointCount":11,"homeWorkCommuteMedian":6193,"workHomeCommuteMedian":13388},"geometry":{"type":"Polygon","coordinates":[[[120.22434492336707,23.083390339454425],[120.22434492336707,23.09238354309167],[120.23333812700432,23.09238354309167],[120.23333812700432,23.083390339454425],[120.22434492336707,23.083390339454425]]]}},{"type":"Feature","properties":{"jobs":317,"pop":674,"pointCount":7,"homeWorkCommuteMedian":7468,"workHomeCommuteMedian":17422},"geometry":{"type":"Polygon","coordinates":[[[120.22434492336707,23.09238354309167],[120.22434492336707,23.101376746728917],[120.23333812700432,23.101376746728917],[120.23333812700432,23.09238354309167],[120.22434492336707,23.09238354309167]]]}},{"type":"Feature","properties":{"jobs":315,"pop":680,"pointCount":8,"homeWorkCommuteMedian":13822,"workHomeCommuteMedian":4508},"geometry":{"type":"Polygon","coordinates":[[[120.22434492336707,23.101376746728917],[120.22434492336707,23.110369950366163],[120.23333812700432,23.110369950366163],[120.23333812700432,23.101376746728917],[120.22434492336707,23.101376746728917]]]}},{"type":"Feature","properties":{"jobs":0,"pop":80,"pointCount":1,"homeWorkCommuteMedian":18849,"workHomeCommuteMedian":-1},"geometry":{"type":"Polygon","coordinates":[[[120.22434492336707,23.11936315400341],[120.22434492336707,23.128356357640655],[120.23333812700432,23.128356357640655],[120.23333812700432,23.11936315400341],[120.22434492336707,23.11936315400341]]]}},{"type":"Feature","properties":{"jobs":139,"pop":504,"pointCount":6,"homeWorkCommuteMedian":14685,"workHomeCommuteMedian":9948},"geometry":{"type":"Polygon","coordinates":[[[120.22434492336707,23.128356357640655],[120.22434492336707,23.1373495612779],[120.23333812700432,23.1373495612779],[120.23333812700432,23.128356357640655],[120.22434492336707,23.128356357640655]]]}},{"type":"Feature","properties":{"jobs":396,"pop":334,"pointCount":6,"homeWorkCommuteMedian":15715,"workHomeCommuteMedian":5559},"geometry":{"type":"Polygon","coordinates":[[[120.22434492336707,23.1373495612779],[120.22434492336707,23.146342764915147],[120.23333812700432,23.146342764915147],[120.23333812700432,23.1373495612779],[120.22434492336707,23.1373495612779]]]}},{"type":"Feature","properties":{"jobs":0,"pop":210,"pointCount":2,"homeWorkCommuteMedian":14254,"workHomeCommuteMedian":-1},"geometry":{"type":"Polygon","coordinates":[[[120.22434492336707,23.155335968552393],[120.22434492336707,23.16432917218964],[120.23333812700432,23.16432917218964],[120.23333812700432,23.155335968552393],[120.22434492336707,23.155335968552393]]]}},{"type":"Feature","properties":{"jobs":4755,"pop":0,"pointCount":7,"homeWorkCommuteMedian":-1,"workHomeCommuteMedian":4527},"geometry":{"type":"Polygon","coordinates":[[[120.22434492336707,23.173322375826885],[120.22434492336707,23.18231557946413],[120.23333812700432,23.18231557946413],[120.23333812700432,23.173322375826885],[120.22434492336707,23.173322375826885]]]}},{"type":"Feature","properties":{"jobs":890,"pop":132,"pointCount":5,"homeWorkCommuteMedian":14952,"workHomeCommuteMedian":7481},"geometry":{"type":"Polygon","coordinates":[[[120.22434492336707,23.18231557946413],[120.22434492336707,23.191308783101377],[120.23333812700432,23.191308783101377],[120.23333812700432,23.18231557946413],[120.22434492336707,23.18231557946413]]]}},{"type":"Feature","properties":{"jobs":112,"pop":845,"pointCount":9,"homeWorkCommuteMedian":12109,"workHomeCommuteMedian":3017},"geometry":{"type":"Polygon","coordinates":[[[120.22434492336707,23.191308783101377],[120.22434492336707,23.200301986738623],[120.23333812700432,23.200301986738623],[120.23333812700432,23.191308783101377],[120.22434492336707,23.191308783101377]]]}},{"type":"Feature","properties":{"jobs":0,"pop":271,"pointCount":4,"homeWorkCommuteMedian":5547,"workHomeCommuteMedian":-1},"geometry":{"type":"Polygon","coordinates":[[[120.22434492336707,23.200301986738623],[120.22434492336707,23.20929519037587],[120.23333812700432,23.20929519037587],[120.23333812700432,23.200301986738623],[120.22434492336707,23.200301986738623]]]}},{"type":"Feature","properties":{"jobs":414,"pop":0,"pointCount":2,"homeWorkCommuteMedian":-1,"workHomeCommuteMedian":6843},"geometry":{"type":"Polygon","coordinates":[[[120.22434492336707,23.20929519037587],[120.22434492336707,23.218288394013115],[120.23333812700432,23.218288394013115],[120.23333812700432,23.20929519037587],[120.22434492336707,23.20929519037587]]]}},{"type":"Feature","properties":{"jobs":0,"pop":88,"pointCount":2,"homeWorkCommuteMedian":7554,"workHomeCommuteMedian":-1},"geometry":{"type":"Polygon","coordinates":[[[120.22434492336707,23.218288394013115],[120.22434492336707,23.22728159765036],[120.23333812700432,23.22728159765036],[120.23333812700432,23.218288394013115],[120.22434492336707,23.218288394013115]]]}},{"type":"Feature","properties":{"jobs":0,"pop":45,"pointCount":1,"homeWorkCommuteMedian":25011,"workHomeCommuteMedian":-1},"geometry":{"type":"Polygon","coordinates":[[[120.22434492336707,23.22728159765036],[120.22434492336707,23.236274801287607],[120.23333812700432,23.236274801287607],[120.23333812700432,23.22728159765036],[120.22434492336707,23.22728159765036]]]}},{"type":"Feature","properties":{"jobs":186,"pop":163,"pointCount":2,"homeWorkCommuteMedian":35828,"workHomeCommuteMedian":20643},"geometry":{"type":"Polygon","coordinates":[[[120.23333812700432,22.831580637611538],[120.23333812700432,22.840573841248784],[120.24233133064156,22.840573841248784],[120.24233133064156,22.831580637611538],[120.23333812700432,22.831580637611538]]]}},{"type":"Feature","properties":{"jobs":225,"pop":134,"pointCount":2,"homeWorkCommuteMedian":20077,"workHomeCommuteMedian":12288},"geometry":{"type":"Polygon","coordinates":[[[120.23333812700432,22.840573841248784],[120.23333812700432,22.84956704488603],[120.24233133064156,22.84956704488603],[120.24233133064156,22.840573841248784],[120.23333812700432,22.840573841248784]]]}},{"type":"Feature","properties":{"jobs":98,"pop":298,"pointCount":3,"homeWorkCommuteMedian":13601,"workHomeCommuteMedian":21349},"geometry":{"type":"Polygon","coordinates":[[[120.23333812700432,22.84956704488603],[120.23333812700432,22.858560248523276],[120.24233133064156,22.858560248523276],[120.24233133064156,22.84956704488603],[120.23333812700432,22.84956704488603]]]}},{"type":"Feature","properties":{"jobs":82,"pop":0,"pointCount":2,"homeWorkCommuteMedian":-1,"workHomeCommuteMedian":15972},"geometry":{"type":"Polygon","coordinates":[[[120.23333812700432,22.858560248523276],[120.23333812700432,22.86755345216052],[120.24233133064156,22.86755345216052],[120.24233133064156,22.858560248523276],[120.23333812700432,22.858560248523276]]]}},{"type":"Feature","properties":{"jobs":60,"pop":1952,"pointCount":8,"homeWorkCommuteMedian":9380,"workHomeCommuteMedian":18743},"geometry":{"type":"Polygon","coordinates":[[[120.23333812700432,22.86755345216052],[120.23333812700432,22.876546655797767],[120.24233133064156,22.876546655797767],[120.24233133064156,22.86755345216052],[120.23333812700432,22.86755345216052]]]}},{"type":"Feature","properties":{"jobs":636,"pop":662,"pointCount":9,"homeWorkCommuteMedian":6745,"workHomeCommuteMedian":9635},"geometry":{"type":"Polygon","coordinates":[[[120.23333812700432,22.876546655797767],[120.23333812700432,22.885539859435013],[120.24233133064156,22.885539859435013],[120.24233133064156,22.876546655797767],[120.23333812700432,22.876546655797767]]]}},{"type":"Feature","properties":{"jobs":644,"pop":829,"pointCount":13,"homeWorkCommuteMedian":12965,"workHomeCommuteMedian":6067},"geometry":{"type":"Polygon","coordinates":[[[120.23333812700432,22.885539859435013],[120.23333812700432,22.89453306307226],[120.24233133064156,22.89453306307226],[120.24233133064156,22.885539859435013],[120.23333812700432,22.885539859435013]]]}},{"type":"Feature","properties":{"jobs":1306,"pop":341,"pointCount":8,"homeWorkCommuteMedian":7374,"workHomeCommuteMedian":8523},"geometry":{"type":"Polygon","coordinates":[[[120.23333812700432,22.89453306307226],[120.23333812700432,22.903526266709505],[120.24233133064156,22.903526266709505],[120.24233133064156,22.89453306307226],[120.23333812700432,22.89453306307226]]]}},{"type":"Feature","properties":{"jobs":0,"pop":121,"pointCount":1,"homeWorkCommuteMedian":2924,"workHomeCommuteMedian":-1},"geometry":{"type":"Polygon","coordinates":[[[120.23333812700432,22.903526266709505],[120.23333812700432,22.91251947034675],[120.24233133064156,22.91251947034675],[120.24233133064156,22.903526266709505],[120.23333812700432,22.903526266709505]]]}},{"type":"Feature","properties":{"jobs":33,"pop":350,"pointCount":3,"homeWorkCommuteMedian":6768,"workHomeCommuteMedian":21593},"geometry":{"type":"Polygon","coordinates":[[[120.23333812700432,22.91251947034675],[120.23333812700432,22.921512673983997],[120.24233133064156,22.921512673983997],[120.24233133064156,22.91251947034675],[120.23333812700432,22.91251947034675]]]}},{"type":"Feature","properties":{"jobs":856,"pop":913,"pointCount":6,"homeWorkCommuteMedian":6708,"workHomeCommuteMedian":8328},"geometry":{"type":"Polygon","coordinates":[[[120.23333812700432,22.921512673983997],[120.23333812700432,22.930505877621243],[120.24233133064156,22.930505877621243],[120.24233133064156,22.921512673983997],[120.23333812700432,22.921512673983997]]]}},{"type":"Feature","properties":{"jobs":215,"pop":233,"pointCount":5,"homeWorkCommuteMedian":4188,"workHomeCommuteMedian":11224},"geometry":{"type":"Polygon","coordinates":[[[120.23333812700432,22.930505877621243],[120.23333812700432,22.93949908125849],[120.24233133064156,22.93949908125849],[120.24233133064156,22.930505877621243],[120.23333812700432,22.930505877621243]]]}},{"type":"Feature","properties":{"jobs":310,"pop":0,"pointCount":2,"homeWorkCommuteMedian":-1,"workHomeCommuteMedian":15911},"geometry":{"type":"Polygon","coordinates":[[[120.23333812700432,22.93949908125849],[120.23333812700432,22.948492284895735],[120.24233133064156,22.948492284895735],[120.24233133064156,22.93949908125849],[120.23333812700432,22.93949908125849]]]}},{"type":"Feature","properties":{"jobs":109,"pop":130,"pointCount":3,"homeWorkCommuteMedian":5533,"workHomeCommuteMedian":8861},"geometry":{"type":"Polygon","coordinates":[[[120.23333812700432,22.948492284895735],[120.23333812700432,22.95748548853298],[120.24233133064156,22.95748548853298],[120.24233133064156,22.948492284895735],[120.23333812700432,22.948492284895735]]]}},{"type":"Feature","properties":{"jobs":1025,"pop":2830,"pointCount":7,"homeWorkCommuteMedian":5010,"workHomeCommuteMedian":2811},"geometry":{"type":"Polygon","coordinates":[[[120.23333812700432,22.95748548853298],[120.23333812700432,22.966478692170227],[120.24233133064156,22.966478692170227],[120.24233133064156,22.95748548853298],[120.23333812700432,22.95748548853298]]]}},{"type":"Feature","properties":{"jobs":1984,"pop":6292,"pointCount":10,"homeWorkCommuteMedian":4893,"workHomeCommuteMedian":5823},"geometry":{"type":"Polygon","coordinates":[[[120.23333812700432,22.966478692170227],[120.23333812700432,22.975471895807473],[120.24233133064156,22.975471895807473],[120.24233133064156,22.966478692170227],[120.23333812700432,22.966478692170227]]]}},{"type":"Feature","properties":{"jobs":5509,"pop":7105,"pointCount":16,"homeWorkCommuteMedian":3452,"workHomeCommuteMedian":8719},"geometry":{"type":"Polygon","coordinates":[[[120.23333812700432,22.975471895807473],[120.23333812700432,22.98446509944472],[120.24233133064156,22.98446509944472],[120.24233133064156,22.975471895807473],[120.23333812700432,22.975471895807473]]]}},{"type":"Feature","properties":{"jobs":2501,"pop":5941,"pointCount":12,"homeWorkCommuteMedian":3598,"workHomeCommuteMedian":3892},"geometry":{"type":"Polygon","coordinates":[[[120.23333812700432,22.98446509944472],[120.23333812700432,22.993458303081965],[120.24233133064156,22.993458303081965],[120.24233133064156,22.98446509944472],[120.23333812700432,22.98446509944472]]]}},{"type":"Feature","properties":{"jobs":12002,"pop":2919,"pointCount":11,"homeWorkCommuteMedian":5063,"workHomeCommuteMedian":5934},"geometry":{"type":"Polygon","coordinates":[[[120.23333812700432,22.993458303081965],[120.23333812700432,23.00245150671921],[120.24233133064156,23.00245150671921],[120.24233133064156,22.993458303081965],[120.23333812700432,22.993458303081965]]]}},{"type":"Feature","properties":{"jobs":5672,"pop":9513,"pointCount":16,"homeWorkCommuteMedian":5644,"workHomeCommuteMedian":6613},"geometry":{"type":"Polygon","coordinates":[[[120.23333812700432,23.00245150671921],[120.23333812700432,23.011444710356457],[120.24233133064156,23.011444710356457],[120.24233133064156,23.00245150671921],[120.23333812700432,23.00245150671921]]]}},{"type":"Feature","properties":{"jobs":3990,"pop":6267,"pointCount":15,"homeWorkCommuteMedian":5230,"workHomeCommuteMedian":5153},"geometry":{"type":"Polygon","coordinates":[[[120.23333812700432,23.011444710356457],[120.23333812700432,23.020437913993703],[120.24233133064156,23.020437913993703],[120.24233133064156,23.011444710356457],[120.23333812700432,23.011444710356457]]]}},{"type":"Feature","properties":{"jobs":2278,"pop":1165,"pointCount":3,"homeWorkCommuteMedian":3201,"workHomeCommuteMedian":5252},"geometry":{"type":"Polygon","coordinates":[[[120.23333812700432,23.020437913993703],[120.23333812700432,23.02943111763095],[120.24233133064156,23.02943111763095],[120.24233133064156,23.020437913993703],[120.23333812700432,23.020437913993703]]]}},{"type":"Feature","properties":{"jobs":10043,"pop":1280,"pointCount":11,"homeWorkCommuteMedian":6480,"workHomeCommuteMedian":6339},"geometry":{"type":"Polygon","coordinates":[[[120.23333812700432,23.02943111763095],[120.23333812700432,23.038424321268195],[120.24233133064156,23.038424321268195],[120.24233133064156,23.02943111763095],[120.23333812700432,23.02943111763095]]]}},{"type":"Feature","properties":{"jobs":5001,"pop":4302,"pointCount":12,"homeWorkCommuteMedian":7199,"workHomeCommuteMedian":7420},"geometry":{"type":"Polygon","coordinates":[[[120.23333812700432,23.038424321268195],[120.23333812700432,23.04741752490544],[120.24233133064156,23.04741752490544],[120.24233133064156,23.038424321268195],[120.23333812700432,23.038424321268195]]]}},{"type":"Feature","properties":{"jobs":620,"pop":0,"pointCount":3,"homeWorkCommuteMedian":-1,"workHomeCommuteMedian":5494},"geometry":{"type":"Polygon","coordinates":[[[120.23333812700432,23.04741752490544],[120.23333812700432,23.056410728542687],[120.24233133064156,23.056410728542687],[120.24233133064156,23.04741752490544],[120.23333812700432,23.04741752490544]]]}},{"type":"Feature","properties":{"jobs":330,"pop":45,"pointCount":3,"homeWorkCommuteMedian":2274,"workHomeCommuteMedian":20279},"geometry":{"type":"Polygon","coordinates":[[[120.23333812700432,23.056410728542687],[120.23333812700432,23.065403932179933],[120.24233133064156,23.065403932179933],[120.24233133064156,23.056410728542687],[120.23333812700432,23.056410728542687]]]}},{"type":"Feature","properties":{"jobs":310,"pop":819,"pointCount":10,"homeWorkCommuteMedian":7208,"workHomeCommuteMedian":13519},"geometry":{"type":"Polygon","coordinates":[[[120.23333812700432,23.083390339454425],[120.23333812700432,23.09238354309167],[120.24233133064156,23.09238354309167],[120.24233133064156,23.083390339454425],[120.23333812700432,23.083390339454425]]]}},{"type":"Feature","properties":{"jobs":278,"pop":1490,"pointCount":8,"homeWorkCommuteMedian":7769,"workHomeCommuteMedian":4046},"geometry":{"type":"Polygon","coordinates":[[[120.23333812700432,23.09238354309167],[120.23333812700432,23.101376746728917],[120.24233133064156,23.101376746728917],[120.24233133064156,23.09238354309167],[120.23333812700432,23.09238354309167]]]}},{"type":"Feature","properties":{"jobs":274,"pop":496,"pointCount":7,"homeWorkCommuteMedian":5961,"workHomeCommuteMedian":13551},"geometry":{"type":"Polygon","coordinates":[[[120.23333812700432,23.101376746728917],[120.23333812700432,23.110369950366163],[120.24233133064156,23.110369950366163],[120.24233133064156,23.101376746728917],[120.23333812700432,23.101376746728917]]]}},{"type":"Feature","properties":{"jobs":1068,"pop":934,"pointCount":11,"homeWorkCommuteMedian":6934,"workHomeCommuteMedian":10948},"geometry":{"type":"Polygon","coordinates":[[[120.23333812700432,23.110369950366163],[120.23333812700432,23.11936315400341],[120.24233133064156,23.11936315400341],[120.24233133064156,23.110369950366163],[120.23333812700432,23.110369950366163]]]}},{"type":"Feature","properties":{"jobs":208,"pop":1270,"pointCount":9,"homeWorkCommuteMedian":6310,"workHomeCommuteMedian":12182},"geometry":{"type":"Polygon","coordinates":[[[120.23333812700432,23.11936315400341],[120.23333812700432,23.128356357640655],[120.24233133064156,23.128356357640655],[120.24233133064156,23.11936315400341],[120.23333812700432,23.11936315400341]]]}},{"type":"Feature","properties":{"jobs":73,"pop":1040,"pointCount":9,"homeWorkCommuteMedian":15780,"workHomeCommuteMedian":5224},"geometry":{"type":"Polygon","coordinates":[[[120.23333812700432,23.146342764915147],[120.23333812700432,23.155335968552393],[120.24233133064156,23.155335968552393],[120.24233133064156,23.146342764915147],[120.23333812700432,23.146342764915147]]]}},{"type":"Feature","properties":{"jobs":41,"pop":338,"pointCount":4,"homeWorkCommuteMedian":5093,"workHomeCommuteMedian":6659},"geometry":{"type":"Polygon","coordinates":[[[120.23333812700432,23.155335968552393],[120.23333812700432,23.16432917218964],[120.24233133064156,23.16432917218964],[120.24233133064156,23.155335968552393],[120.23333812700432,23.155335968552393]]]}},{"type":"Feature","properties":{"jobs":89,"pop":100,"pointCount":3,"homeWorkCommuteMedian":13760,"workHomeCommuteMedian":10922},"geometry":{"type":"Polygon","coordinates":[[[120.23333812700432,23.16432917218964],[120.23333812700432,23.173322375826885],[120.24233133064156,23.173322375826885],[120.24233133064156,23.16432917218964],[120.23333812700432,23.16432917218964]]]}},{"type":"Feature","properties":{"jobs":63,"pop":960,"pointCount":4,"homeWorkCommuteMedian":5387,"workHomeCommuteMedian":5224},"geometry":{"type":"Polygon","coordinates":[[[120.23333812700432,23.173322375826885],[120.23333812700432,23.18231557946413],[120.24233133064156,23.18231557946413],[120.24233133064156,23.173322375826885],[120.23333812700432,23.173322375826885]]]}},{"type":"Feature","properties":{"jobs":645,"pop":869,"pointCount":7,"homeWorkCommuteMedian":5224,"workHomeCommuteMedian":3652},"geometry":{"type":"Polygon","coordinates":[[[120.23333812700432,23.18231557946413],[120.23333812700432,23.191308783101377],[120.24233133064156,23.191308783101377],[120.24233133064156,23.18231557946413],[120.23333812700432,23.18231557946413]]]}},{"type":"Feature","properties":{"jobs":56,"pop":247,"pointCount":2,"homeWorkCommuteMedian":9187,"workHomeCommuteMedian":5557},"geometry":{"type":"Polygon","coordinates":[[[120.23333812700432,23.191308783101377],[120.23333812700432,23.200301986738623],[120.24233133064156,23.200301986738623],[120.24233133064156,23.191308783101377],[120.23333812700432,23.191308783101377]]]}},{"type":"Feature","properties":{"jobs":96,"pop":38,"pointCount":3,"homeWorkCommuteMedian":45141,"workHomeCommuteMedian":5403},"geometry":{"type":"Polygon","coordinates":[[[120.23333812700432,23.200301986738623],[120.23333812700432,23.20929519037587],[120.24233133064156,23.20929519037587],[120.24233133064156,23.200301986738623],[120.23333812700432,23.200301986738623]]]}},{"type":"Feature","properties":{"jobs":0,"pop":70,"pointCount":1,"homeWorkCommuteMedian":6922,"workHomeCommuteMedian":-1},"geometry":{"type":"Polygon","coordinates":[[[120.23333812700432,23.20929519037587],[120.23333812700432,23.218288394013115],[120.24233133064156,23.218288394013115],[120.24233133064156,23.20929519037587],[120.23333812700432,23.20929519037587]]]}},{"type":"Feature","properties":{"jobs":64,"pop":351,"pointCount":3,"homeWorkCommuteMedian":26625,"workHomeCommuteMedian":3576},"geometry":{"type":"Polygon","coordinates":[[[120.23333812700432,23.22728159765036],[120.23333812700432,23.236274801287607],[120.24233133064156,23.236274801287607],[120.24233133064156,23.22728159765036],[120.23333812700432,23.22728159765036]]]}},{"type":"Feature","properties":{"jobs":0,"pop":83,"pointCount":2,"homeWorkCommuteMedian":26892,"workHomeCommuteMedian":-1},"geometry":{"type":"Polygon","coordinates":[[[120.23333812700432,23.236274801287607],[120.23333812700432,23.245268004924853],[120.24233133064156,23.245268004924853],[120.24233133064156,23.236274801287607],[120.23333812700432,23.236274801287607]]]}},{"type":"Feature","properties":{"jobs":13240,"pop":0,"pointCount":5,"homeWorkCommuteMedian":-1,"workHomeCommuteMedian":14964},"geometry":{"type":"Polygon","coordinates":[[[120.24233133064156,22.831580637611538],[120.24233133064156,22.840573841248784],[120.25132453427881,22.840573841248784],[120.25132453427881,22.831580637611538],[120.24233133064156,22.831580637611538]]]}},{"type":"Feature","properties":{"jobs":446,"pop":361,"pointCount":9,"homeWorkCommuteMedian":7925,"workHomeCommuteMedian":16919},"geometry":{"type":"Polygon","coordinates":[[[120.24233133064156,22.840573841248784],[120.24233133064156,22.84956704488603],[120.25132453427881,22.84956704488603],[120.25132453427881,22.840573841248784],[120.24233133064156,22.840573841248784]]]}},{"type":"Feature","properties":{"jobs":882,"pop":587,"pointCount":9,"homeWorkCommuteMedian":10225,"workHomeCommuteMedian":12096},"geometry":{"type":"Polygon","coordinates":[[[120.24233133064156,22.84956704488603],[120.24233133064156,22.858560248523276],[120.25132453427881,22.858560248523276],[120.25132453427881,22.84956704488603],[120.24233133064156,22.84956704488603]]]}},{"type":"Feature","properties":{"jobs":44,"pop":163,"pointCount":2,"homeWorkCommuteMedian":19871,"workHomeCommuteMedian":2546},"geometry":{"type":"Polygon","coordinates":[[[120.24233133064156,22.858560248523276],[120.24233133064156,22.86755345216052],[120.25132453427881,22.86755345216052],[120.25132453427881,22.858560248523276],[120.24233133064156,22.858560248523276]]]}},{"type":"Feature","properties":{"jobs":193,"pop":58,"pointCount":3,"homeWorkCommuteMedian":7413,"workHomeCommuteMedian":12398},"geometry":{"type":"Polygon","coordinates":[[[120.24233133064156,22.86755345216052],[120.24233133064156,22.876546655797767],[120.25132453427881,22.876546655797767],[120.25132453427881,22.86755345216052],[120.24233133064156,22.86755345216052]]]}},{"type":"Feature","properties":{"jobs":1522,"pop":1726,"pointCount":13,"homeWorkCommuteMedian":7055,"workHomeCommuteMedian":4932},"geometry":{"type":"Polygon","coordinates":[[[120.24233133064156,22.876546655797767],[120.24233133064156,22.885539859435013],[120.25132453427881,22.885539859435013],[120.25132453427881,22.876546655797767],[120.24233133064156,22.876546655797767]]]}},{"type":"Feature","properties":{"jobs":289,"pop":2005,"pointCount":7,"homeWorkCommuteMedian":7537,"workHomeCommuteMedian":4899},"geometry":{"type":"Polygon","coordinates":[[[120.24233133064156,22.885539859435013],[120.24233133064156,22.89453306307226],[120.25132453427881,22.89453306307226],[120.25132453427881,22.885539859435013],[120.24233133064156,22.885539859435013]]]}},{"type":"Feature","properties":{"jobs":102,"pop":62,"pointCount":2,"homeWorkCommuteMedian":13080,"workHomeCommuteMedian":18664},"geometry":{"type":"Polygon","coordinates":[[[120.24233133064156,22.89453306307226],[120.24233133064156,22.903526266709505],[120.25132453427881,22.903526266709505],[120.25132453427881,22.89453306307226],[120.24233133064156,22.89453306307226]]]}},{"type":"Feature","properties":{"jobs":434,"pop":594,"pointCount":5,"homeWorkCommuteMedian":8565,"workHomeCommuteMedian":10688},"geometry":{"type":"Polygon","coordinates":[[[120.24233133064156,22.903526266709505],[120.24233133064156,22.91251947034675],[120.25132453427881,22.91251947034675],[120.25132453427881,22.903526266709505],[120.24233133064156,22.903526266709505]]]}},{"type":"Feature","properties":{"jobs":1854,"pop":156,"pointCount":9,"homeWorkCommuteMedian":8464,"workHomeCommuteMedian":9993},"geometry":{"type":"Polygon","coordinates":[[[120.24233133064156,22.91251947034675],[120.24233133064156,22.921512673983997],[120.25132453427881,22.921512673983997],[120.25132453427881,22.91251947034675],[120.24233133064156,22.91251947034675]]]}},{"type":"Feature","properties":{"jobs":3532,"pop":65,"pointCount":10,"homeWorkCommuteMedian":6571,"workHomeCommuteMedian":10897},"geometry":{"type":"Polygon","coordinates":[[[120.24233133064156,22.921512673983997],[120.24233133064156,22.930505877621243],[120.25132453427881,22.930505877621243],[120.25132453427881,22.921512673983997],[120.24233133064156,22.921512673983997]]]}},{"type":"Feature","properties":{"jobs":1445,"pop":1220,"pointCount":14,"homeWorkCommuteMedian":6028,"workHomeCommuteMedian":5644},"geometry":{"type":"Polygon","coordinates":[[[120.24233133064156,22.930505877621243],[120.24233133064156,22.93949908125849],[120.25132453427881,22.93949908125849],[120.25132453427881,22.930505877621243],[120.24233133064156,22.930505877621243]]]}},{"type":"Feature","properties":{"jobs":412,"pop":143,"pointCount":3,"homeWorkCommuteMedian":7110,"workHomeCommuteMedian":8747},"geometry":{"type":"Polygon","coordinates":[[[120.24233133064156,22.93949908125849],[120.24233133064156,22.948492284895735],[120.25132453427881,22.948492284895735],[120.25132453427881,22.93949908125849],[120.24233133064156,22.93949908125849]]]}},{"type":"Feature","properties":{"jobs":846,"pop":1476,"pointCount":8,"homeWorkCommuteMedian":4625,"workHomeCommuteMedian":7196},"geometry":{"type":"Polygon","coordinates":[[[120.24233133064156,22.948492284895735],[120.24233133064156,22.95748548853298],[120.25132453427881,22.95748548853298],[120.25132453427881,22.948492284895735],[120.24233133064156,22.948492284895735]]]}},{"type":"Feature","properties":{"jobs":5521,"pop":0,"pointCount":2,"homeWorkCommuteMedian":-1,"workHomeCommuteMedian":8834},"geometry":{"type":"Polygon","coordinates":[[[120.24233133064156,22.95748548853298],[120.24233133064156,22.966478692170227],[120.25132453427881,22.966478692170227],[120.25132453427881,22.95748548853298],[120.24233133064156,22.95748548853298]]]}},{"type":"Feature","properties":{"jobs":3079,"pop":550,"pointCount":6,"homeWorkCommuteMedian":5703,"workHomeCommuteMedian":6113},"geometry":{"type":"Polygon","coordinates":[[[120.24233133064156,22.966478692170227],[120.24233133064156,22.975471895807473],[120.25132453427881,22.975471895807473],[120.25132453427881,22.966478692170227],[120.24233133064156,22.966478692170227]]]}},{"type":"Feature","properties":{"jobs":3224,"pop":4009,"pointCount":13,"homeWorkCommuteMedian":5152,"workHomeCommuteMedian":4948},"geometry":{"type":"Polygon","coordinates":[[[120.24233133064156,22.975471895807473],[120.24233133064156,22.98446509944472],[120.25132453427881,22.98446509944472],[120.25132453427881,22.975471895807473],[120.24233133064156,22.975471895807473]]]}},{"type":"Feature","properties":{"jobs":2479,"pop":3068,"pointCount":11,"homeWorkCommuteMedian":6911,"workHomeCommuteMedian":4741},"geometry":{"type":"Polygon","coordinates":[[[120.24233133064156,22.98446509944472],[120.24233133064156,22.993458303081965],[120.25132453427881,22.993458303081965],[120.25132453427881,22.98446509944472],[120.24233133064156,22.98446509944472]]]}},{"type":"Feature","properties":{"jobs":2397,"pop":2425,"pointCount":9,"homeWorkCommuteMedian":6343,"workHomeCommuteMedian":6991},"geometry":{"type":"Polygon","coordinates":[[[120.24233133064156,22.993458303081965],[120.24233133064156,23.00245150671921],[120.25132453427881,23.00245150671921],[120.25132453427881,22.993458303081965],[120.24233133064156,22.993458303081965]]]}},{"type":"Feature","properties":{"jobs":2637,"pop":5392,"pointCount":12,"homeWorkCommuteMedian":5949,"workHomeCommuteMedian":4862},"geometry":{"type":"Polygon","coordinates":[[[120.24233133064156,23.00245150671921],[120.24233133064156,23.011444710356457],[120.25132453427881,23.011444710356457],[120.25132453427881,23.00245150671921],[120.24233133064156,23.00245150671921]]]}},{"type":"Feature","properties":{"jobs":3404,"pop":9842,"pointCount":14,"homeWorkCommuteMedian":4628,"workHomeCommuteMedian":5120},"geometry":{"type":"Polygon","coordinates":[[[120.24233133064156,23.011444710356457],[120.24233133064156,23.020437913993703],[120.25132453427881,23.020437913993703],[120.25132453427881,23.011444710356457],[120.24233133064156,23.011444710356457]]]}},{"type":"Feature","properties":{"jobs":2228,"pop":1693,"pointCount":7,"homeWorkCommuteMedian":4571,"workHomeCommuteMedian":3434},"geometry":{"type":"Polygon","coordinates":[[[120.24233133064156,23.020437913993703],[120.24233133064156,23.02943111763095],[120.25132453427881,23.02943111763095],[120.25132453427881,23.020437913993703],[120.24233133064156,23.020437913993703]]]}},{"type":"Feature","properties":{"jobs":3925,"pop":1588,"pointCount":10,"homeWorkCommuteMedian":3979,"workHomeCommuteMedian":8330},"geometry":{"type":"Polygon","coordinates":[[[120.24233133064156,23.02943111763095],[120.24233133064156,23.038424321268195],[120.25132453427881,23.038424321268195],[120.25132453427881,23.02943111763095],[120.24233133064156,23.02943111763095]]]}},{"type":"Feature","properties":{"jobs":6895,"pop":1895,"pointCount":9,"homeWorkCommuteMedian":7061,"workHomeCommuteMedian":8725},"geometry":{"type":"Polygon","coordinates":[[[120.24233133064156,23.038424321268195],[120.24233133064156,23.04741752490544],[120.25132453427881,23.04741752490544],[120.25132453427881,23.038424321268195],[120.24233133064156,23.038424321268195]]]}},{"type":"Feature","properties":{"jobs":1659,"pop":431,"pointCount":6,"homeWorkCommuteMedian":9272,"workHomeCommuteMedian":6493},"geometry":{"type":"Polygon","coordinates":[[[120.24233133064156,23.04741752490544],[120.24233133064156,23.056410728542687],[120.25132453427881,23.056410728542687],[120.25132453427881,23.04741752490544],[120.24233133064156,23.04741752490544]]]}},{"type":"Feature","properties":{"jobs":232,"pop":0,"pointCount":2,"homeWorkCommuteMedian":-1,"workHomeCommuteMedian":5722},"geometry":{"type":"Polygon","coordinates":[[[120.24233133064156,23.083390339454425],[120.24233133064156,23.09238354309167],[120.25132453427881,23.09238354309167],[120.25132453427881,23.083390339454425],[120.24233133064156,23.083390339454425]]]}},{"type":"Feature","properties":{"jobs":135,"pop":583,"pointCount":5,"homeWorkCommuteMedian":5688,"workHomeCommuteMedian":16099},"geometry":{"type":"Polygon","coordinates":[[[120.24233133064156,23.09238354309167],[120.24233133064156,23.101376746728917],[120.25132453427881,23.101376746728917],[120.25132453427881,23.09238354309167],[120.24233133064156,23.09238354309167]]]}},{"type":"Feature","properties":{"jobs":79,"pop":131,"pointCount":2,"homeWorkCommuteMedian":7810,"workHomeCommuteMedian":13761},"geometry":{"type":"Polygon","coordinates":[[[120.24233133064156,23.110369950366163],[120.24233133064156,23.11936315400341],[120.25132453427881,23.11936315400341],[120.25132453427881,23.110369950366163],[120.24233133064156,23.110369950366163]]]}},{"type":"Feature","properties":{"jobs":97,"pop":757,"pointCount":6,"homeWorkCommuteMedian":8815,"workHomeCommuteMedian":16811},"geometry":{"type":"Polygon","coordinates":[[[120.24233133064156,23.11936315400341],[120.24233133064156,23.128356357640655],[120.25132453427881,23.128356357640655],[120.25132453427881,23.11936315400341],[120.24233133064156,23.11936315400341]]]}},{"type":"Feature","properties":{"jobs":38,"pop":725,"pointCount":3,"homeWorkCommuteMedian":2970,"workHomeCommuteMedian":16784},"geometry":{"type":"Polygon","coordinates":[[[120.24233133064156,23.128356357640655],[120.24233133064156,23.1373495612779],[120.25132453427881,23.1373495612779],[120.25132453427881,23.128356357640655],[120.24233133064156,23.128356357640655]]]}},{"type":"Feature","properties":{"jobs":256,"pop":0,"pointCount":1,"homeWorkCommuteMedian":-1,"workHomeCommuteMedian":4624},"geometry":{"type":"Polygon","coordinates":[[[120.24233133064156,23.1373495612779],[120.24233133064156,23.146342764915147],[120.25132453427881,23.146342764915147],[120.25132453427881,23.1373495612779],[120.24233133064156,23.1373495612779]]]}},{"type":"Feature","properties":{"jobs":43,"pop":0,"pointCount":1,"homeWorkCommuteMedian":-1,"workHomeCommuteMedian":5214},"geometry":{"type":"Polygon","coordinates":[[[120.24233133064156,23.146342764915147],[120.24233133064156,23.155335968552393],[120.25132453427881,23.155335968552393],[120.25132453427881,23.146342764915147],[120.24233133064156,23.146342764915147]]]}},{"type":"Feature","properties":{"jobs":78,"pop":568,"pointCount":11,"homeWorkCommuteMedian":8506,"workHomeCommuteMedian":18526},"geometry":{"type":"Polygon","coordinates":[[[120.24233133064156,23.155335968552393],[120.24233133064156,23.16432917218964],[120.25132453427881,23.16432917218964],[120.25132453427881,23.155335968552393],[120.24233133064156,23.155335968552393]]]}},{"type":"Feature","properties":{"jobs":172,"pop":264,"pointCount":7,"homeWorkCommuteMedian":8054,"workHomeCommuteMedian":9634},"geometry":{"type":"Polygon","coordinates":[[[120.24233133064156,23.16432917218964],[120.24233133064156,23.173322375826885],[120.25132453427881,23.173322375826885],[120.25132453427881,23.16432917218964],[120.24233133064156,23.16432917218964]]]}},{"type":"Feature","properties":{"jobs":1202,"pop":2419,"pointCount":11,"homeWorkCommuteMedian":4624,"workHomeCommuteMedian":2408},"geometry":{"type":"Polygon","coordinates":[[[120.24233133064156,23.173322375826885],[120.24233133064156,23.18231557946413],[120.25132453427881,23.18231557946413],[120.25132453427881,23.173322375826885],[120.24233133064156,23.173322375826885]]]}},{"type":"Feature","properties":{"jobs":2627,"pop":3536,"pointCount":10,"homeWorkCommuteMedian":4246,"workHomeCommuteMedian":4554},"geometry":{"type":"Polygon","coordinates":[[[120.24233133064156,23.18231557946413],[120.24233133064156,23.191308783101377],[120.25132453427881,23.191308783101377],[120.25132453427881,23.18231557946413],[120.24233133064156,23.18231557946413]]]}},{"type":"Feature","properties":{"jobs":0,"pop":234,"pointCount":2,"homeWorkCommuteMedian":12484,"workHomeCommuteMedian":-1},"geometry":{"type":"Polygon","coordinates":[[[120.24233133064156,23.191308783101377],[120.24233133064156,23.200301986738623],[120.25132453427881,23.200301986738623],[120.25132453427881,23.191308783101377],[120.24233133064156,23.191308783101377]]]}},{"type":"Feature","properties":{"jobs":47,"pop":22,"pointCount":2,"homeWorkCommuteMedian":15138,"workHomeCommuteMedian":32384},"geometry":{"type":"Polygon","coordinates":[[[120.24233133064156,23.200301986738623],[120.24233133064156,23.20929519037587],[120.25132453427881,23.20929519037587],[120.25132453427881,23.200301986738623],[120.24233133064156,23.200301986738623]]]}},{"type":"Feature","properties":{"jobs":0,"pop":102,"pointCount":4,"homeWorkCommuteMedian":19800,"workHomeCommuteMedian":-1},"geometry":{"type":"Polygon","coordinates":[[[120.24233133064156,23.218288394013115],[120.24233133064156,23.22728159765036],[120.25132453427881,23.22728159765036],[120.25132453427881,23.218288394013115],[120.24233133064156,23.218288394013115]]]}},{"type":"Feature","properties":{"jobs":203,"pop":190,"pointCount":5,"homeWorkCommuteMedian":25396,"workHomeCommuteMedian":3780},"geometry":{"type":"Polygon","coordinates":[[[120.24233133064156,23.22728159765036],[120.24233133064156,23.236274801287607],[120.25132453427881,23.236274801287607],[120.25132453427881,23.22728159765036],[120.24233133064156,23.22728159765036]]]}},{"type":"Feature","properties":{"jobs":2515,"pop":0,"pointCount":3,"homeWorkCommuteMedian":-1,"workHomeCommuteMedian":18901},"geometry":{"type":"Polygon","coordinates":[[[120.25132453427881,22.82258743397429],[120.25132453427881,22.831580637611538],[120.26031773791605,22.831580637611538],[120.26031773791605,22.82258743397429],[120.25132453427881,22.82258743397429]]]}},{"type":"Feature","properties":{"jobs":2841,"pop":0,"pointCount":3,"homeWorkCommuteMedian":-1,"workHomeCommuteMedian":11597},"geometry":{"type":"Polygon","coordinates":[[[120.25132453427881,22.831580637611538],[120.25132453427881,22.840573841248784],[120.26031773791605,22.840573841248784],[120.26031773791605,22.831580637611538],[120.25132453427881,22.831580637611538]]]}},{"type":"Feature","properties":{"jobs":189,"pop":0,"pointCount":1,"homeWorkCommuteMedian":-1,"workHomeCommuteMedian":12310},"geometry":{"type":"Polygon","coordinates":[[[120.25132453427881,22.840573841248784],[120.25132453427881,22.84956704488603],[120.26031773791605,22.84956704488603],[120.26031773791605,22.840573841248784],[120.25132453427881,22.840573841248784]]]}},{"type":"Feature","properties":{"jobs":1066,"pop":2102,"pointCount":9,"homeWorkCommuteMedian":10005,"workHomeCommuteMedian":13842},"geometry":{"type":"Polygon","coordinates":[[[120.25132453427881,22.84956704488603],[120.25132453427881,22.858560248523276],[120.26031773791605,22.858560248523276],[120.26031773791605,22.84956704488603],[120.25132453427881,22.84956704488603]]]}},{"type":"Feature","properties":{"jobs":492,"pop":3288,"pointCount":12,"homeWorkCommuteMedian":5995,"workHomeCommuteMedian":10470},"geometry":{"type":"Polygon","coordinates":[[[120.25132453427881,22.858560248523276],[120.25132453427881,22.86755345216052],[120.26031773791605,22.86755345216052],[120.26031773791605,22.858560248523276],[120.25132453427881,22.858560248523276]]]}},{"type":"Feature","properties":{"jobs":1728,"pop":771,"pointCount":11,"homeWorkCommuteMedian":7926,"workHomeCommuteMedian":10712},"geometry":{"type":"Polygon","coordinates":[[[120.25132453427881,22.86755345216052],[120.25132453427881,22.876546655797767],[120.26031773791605,22.876546655797767],[120.26031773791605,22.86755345216052],[120.25132453427881,22.86755345216052]]]}},{"type":"Feature","properties":{"jobs":613,"pop":135,"pointCount":6,"homeWorkCommuteMedian":27837,"workHomeCommuteMedian":10693},"geometry":{"type":"Polygon","coordinates":[[[120.25132453427881,22.876546655797767],[120.25132453427881,22.885539859435013],[120.26031773791605,22.885539859435013],[120.26031773791605,22.876546655797767],[120.25132453427881,22.876546655797767]]]}},{"type":"Feature","properties":{"jobs":24,"pop":0,"pointCount":1,"homeWorkCommuteMedian":-1,"workHomeCommuteMedian":2529},"geometry":{"type":"Polygon","coordinates":[[[120.25132453427881,22.885539859435013],[120.25132453427881,22.89453306307226],[120.26031773791605,22.89453306307226],[120.26031773791605,22.885539859435013],[120.25132453427881,22.885539859435013]]]}},{"type":"Feature","properties":{"jobs":227,"pop":289,"pointCount":2,"homeWorkCommuteMedian":10465,"workHomeCommuteMedian":17384},"geometry":{"type":"Polygon","coordinates":[[[120.25132453427881,22.89453306307226],[120.25132453427881,22.903526266709505],[120.26031773791605,22.903526266709505],[120.26031773791605,22.89453306307226],[120.25132453427881,22.89453306307226]]]}},{"type":"Feature","properties":{"jobs":302,"pop":520,"pointCount":10,"homeWorkCommuteMedian":8541,"workHomeCommuteMedian":8493},"geometry":{"type":"Polygon","coordinates":[[[120.25132453427881,22.903526266709505],[120.25132453427881,22.91251947034675],[120.26031773791605,22.91251947034675],[120.26031773791605,22.903526266709505],[120.25132453427881,22.903526266709505]]]}},{"type":"Feature","properties":{"jobs":181,"pop":0,"pointCount":3,"homeWorkCommuteMedian":-1,"workHomeCommuteMedian":15939},"geometry":{"type":"Polygon","coordinates":[[[120.25132453427881,22.91251947034675],[120.25132453427881,22.921512673983997],[120.26031773791605,22.921512673983997],[120.26031773791605,22.91251947034675],[120.25132453427881,22.91251947034675]]]}},{"type":"Feature","properties":{"jobs":1045,"pop":0,"pointCount":5,"homeWorkCommuteMedian":-1,"workHomeCommuteMedian":12240},"geometry":{"type":"Polygon","coordinates":[[[120.25132453427881,22.921512673983997],[120.25132453427881,22.930505877621243],[120.26031773791605,22.930505877621243],[120.26031773791605,22.921512673983997],[120.25132453427881,22.921512673983997]]]}},{"type":"Feature","properties":{"jobs":315,"pop":0,"pointCount":4,"homeWorkCommuteMedian":-1,"workHomeCommuteMedian":9528},"geometry":{"type":"Polygon","coordinates":[[[120.25132453427881,22.930505877621243],[120.25132453427881,22.93949908125849],[120.26031773791605,22.93949908125849],[120.26031773791605,22.930505877621243],[120.25132453427881,22.930505877621243]]]}},{"type":"Feature","properties":{"jobs":1312,"pop":5892,"pointCount":15,"homeWorkCommuteMedian":5007,"workHomeCommuteMedian":10077},"geometry":{"type":"Polygon","coordinates":[[[120.25132453427881,22.93949908125849],[120.25132453427881,22.948492284895735],[120.26031773791605,22.948492284895735],[120.26031773791605,22.93949908125849],[120.25132453427881,22.93949908125849]]]}},{"type":"Feature","properties":{"jobs":1698,"pop":2438,"pointCount":10,"homeWorkCommuteMedian":5915,"workHomeCommuteMedian":9911},"geometry":{"type":"Polygon","coordinates":[[[120.25132453427881,22.948492284895735],[120.25132453427881,22.95748548853298],[120.26031773791605,22.95748548853298],[120.26031773791605,22.948492284895735],[120.25132453427881,22.948492284895735]]]}},{"type":"Feature","properties":{"jobs":3547,"pop":1634,"pointCount":9,"homeWorkCommuteMedian":7821,"workHomeCommuteMedian":7508},"geometry":{"type":"Polygon","coordinates":[[[120.25132453427881,22.95748548853298],[120.25132453427881,22.966478692170227],[120.26031773791605,22.966478692170227],[120.26031773791605,22.95748548853298],[120.25132453427881,22.95748548853298]]]}},{"type":"Feature","properties":{"jobs":3430,"pop":5461,"pointCount":15,"homeWorkCommuteMedian":7728,"workHomeCommuteMedian":5632},"geometry":{"type":"Polygon","coordinates":[[[120.25132453427881,22.966478692170227],[120.25132453427881,22.975471895807473],[120.26031773791605,22.975471895807473],[120.26031773791605,22.966478692170227],[120.25132453427881,22.966478692170227]]]}},{"type":"Feature","properties":{"jobs":3557,"pop":828,"pointCount":12,"homeWorkCommuteMedian":4305,"workHomeCommuteMedian":7478},"geometry":{"type":"Polygon","coordinates":[[[120.25132453427881,22.975471895807473],[120.25132453427881,22.98446509944472],[120.26031773791605,22.98446509944472],[120.26031773791605,22.975471895807473],[120.25132453427881,22.975471895807473]]]}},{"type":"Feature","properties":{"jobs":2429,"pop":1477,"pointCount":12,"homeWorkCommuteMedian":6970,"workHomeCommuteMedian":8801},"geometry":{"type":"Polygon","coordinates":[[[120.25132453427881,22.98446509944472],[120.25132453427881,22.993458303081965],[120.26031773791605,22.993458303081965],[120.26031773791605,22.98446509944472],[120.25132453427881,22.98446509944472]]]}},{"type":"Feature","properties":{"jobs":9154,"pop":1927,"pointCount":9,"homeWorkCommuteMedian":5909,"workHomeCommuteMedian":7182},"geometry":{"type":"Polygon","coordinates":[[[120.25132453427881,22.993458303081965],[120.25132453427881,23.00245150671921],[120.26031773791605,23.00245150671921],[120.26031773791605,22.993458303081965],[120.25132453427881,22.993458303081965]]]}},{"type":"Feature","properties":{"jobs":1923,"pop":3187,"pointCount":9,"homeWorkCommuteMedian":7332,"workHomeCommuteMedian":8222},"geometry":{"type":"Polygon","coordinates":[[[120.25132453427881,23.00245150671921],[120.25132453427881,23.011444710356457],[120.26031773791605,23.011444710356457],[120.26031773791605,23.00245150671921],[120.25132453427881,23.00245150671921]]]}},{"type":"Feature","properties":{"jobs":1865,"pop":4907,"pointCount":13,"homeWorkCommuteMedian":4934,"workHomeCommuteMedian":4935},"geometry":{"type":"Polygon","coordinates":[[[120.25132453427881,23.011444710356457],[120.25132453427881,23.020437913993703],[120.26031773791605,23.020437913993703],[120.26031773791605,23.011444710356457],[120.25132453427881,23.011444710356457]]]}},{"type":"Feature","properties":{"jobs":3425,"pop":6193,"pointCount":14,"homeWorkCommuteMedian":5533,"workHomeCommuteMedian":6460},"geometry":{"type":"Polygon","coordinates":[[[120.25132453427881,23.020437913993703],[120.25132453427881,23.02943111763095],[120.26031773791605,23.02943111763095],[120.26031773791605,23.020437913993703],[120.25132453427881,23.020437913993703]]]}},{"type":"Feature","properties":{"jobs":1932,"pop":4956,"pointCount":12,"homeWorkCommuteMedian":5062,"workHomeCommuteMedian":7922},"geometry":{"type":"Polygon","coordinates":[[[120.25132453427881,23.02943111763095],[120.25132453427881,23.038424321268195],[120.26031773791605,23.038424321268195],[120.26031773791605,23.02943111763095],[120.25132453427881,23.02943111763095]]]}},{"type":"Feature","properties":{"jobs":2385,"pop":1364,"pointCount":10,"homeWorkCommuteMedian":4603,"workHomeCommuteMedian":6993},"geometry":{"type":"Polygon","coordinates":[[[120.25132453427881,23.038424321268195],[120.25132453427881,23.04741752490544],[120.26031773791605,23.04741752490544],[120.26031773791605,23.038424321268195],[120.25132453427881,23.038424321268195]]]}},{"type":"Feature","properties":{"jobs":2013,"pop":161,"pointCount":6,"homeWorkCommuteMedian":8331,"workHomeCommuteMedian":10935},"geometry":{"type":"Polygon","coordinates":[[[120.25132453427881,23.04741752490544],[120.25132453427881,23.056410728542687],[120.26031773791605,23.056410728542687],[120.26031773791605,23.04741752490544],[120.25132453427881,23.04741752490544]]]}},{"type":"Feature","properties":{"jobs":24,"pop":81,"pointCount":1,"homeWorkCommuteMedian":6369,"workHomeCommuteMedian":34242},"geometry":{"type":"Polygon","coordinates":[[[120.25132453427881,23.065403932179933],[120.25132453427881,23.07439713581718],[120.26031773791605,23.07439713581718],[120.26031773791605,23.065403932179933],[120.25132453427881,23.065403932179933]]]}},{"type":"Feature","properties":{"jobs":69,"pop":241,"pointCount":4,"homeWorkCommuteMedian":4080,"workHomeCommuteMedian":26586},"geometry":{"type":"Polygon","coordinates":[[[120.25132453427881,23.083390339454425],[120.25132453427881,23.09238354309167],[120.26031773791605,23.09238354309167],[120.26031773791605,23.083390339454425],[120.25132453427881,23.083390339454425]]]}},{"type":"Feature","properties":{"jobs":1018,"pop":0,"pointCount":5,"homeWorkCommuteMedian":-1,"workHomeCommuteMedian":18987},"geometry":{"type":"Polygon","coordinates":[[[120.25132453427881,23.09238354309167],[120.25132453427881,23.101376746728917],[120.26031773791605,23.101376746728917],[120.26031773791605,23.09238354309167],[120.25132453427881,23.09238354309167]]]}},{"type":"Feature","properties":{"jobs":431,"pop":0,"pointCount":2,"homeWorkCommuteMedian":-1,"workHomeCommuteMedian":22990},"geometry":{"type":"Polygon","coordinates":[[[120.25132453427881,23.101376746728917],[120.25132453427881,23.110369950366163],[120.26031773791605,23.110369950366163],[120.26031773791605,23.101376746728917],[120.25132453427881,23.101376746728917]]]}},{"type":"Feature","properties":{"jobs":293,"pop":61,"pointCount":1,"homeWorkCommuteMedian":7579,"workHomeCommuteMedian":11475},"geometry":{"type":"Polygon","coordinates":[[[120.25132453427881,23.110369950366163],[120.25132453427881,23.11936315400341],[120.26031773791605,23.11936315400341],[120.26031773791605,23.110369950366163],[120.25132453427881,23.110369950366163]]]}},{"type":"Feature","properties":{"jobs":1699,"pop":812,"pointCount":5,"homeWorkCommuteMedian":6675,"workHomeCommuteMedian":15708},"geometry":{"type":"Polygon","coordinates":[[[120.25132453427881,23.11936315400341],[120.25132453427881,23.128356357640655],[120.26031773791605,23.128356357640655],[120.26031773791605,23.11936315400341],[120.25132453427881,23.11936315400341]]]}},{"type":"Feature","properties":{"jobs":158,"pop":707,"pointCount":4,"homeWorkCommuteMedian":5880,"workHomeCommuteMedian":6193},"geometry":{"type":"Polygon","coordinates":[[[120.25132453427881,23.128356357640655],[120.25132453427881,23.1373495612779],[120.26031773791605,23.1373495612779],[120.26031773791605,23.128356357640655],[120.25132453427881,23.128356357640655]]]}},{"type":"Feature","properties":{"jobs":31,"pop":487,"pointCount":4,"homeWorkCommuteMedian":4527,"workHomeCommuteMedian":7717},"geometry":{"type":"Polygon","coordinates":[[[120.25132453427881,23.16432917218964],[120.25132453427881,23.173322375826885],[120.26031773791605,23.173322375826885],[120.26031773791605,23.16432917218964],[120.25132453427881,23.16432917218964]]]}},{"type":"Feature","properties":{"jobs":29,"pop":1579,"pointCount":7,"homeWorkCommuteMedian":5706,"workHomeCommuteMedian":2788},"geometry":{"type":"Polygon","coordinates":[[[120.25132453427881,23.173322375826885],[120.25132453427881,23.18231557946413],[120.26031773791605,23.18231557946413],[120.26031773791605,23.173322375826885],[120.25132453427881,23.173322375826885]]]}},{"type":"Feature","properties":{"jobs":984,"pop":1740,"pointCount":11,"homeWorkCommuteMedian":4538,"workHomeCommuteMedian":5302},"geometry":{"type":"Polygon","coordinates":[[[120.25132453427881,23.18231557946413],[120.25132453427881,23.191308783101377],[120.26031773791605,23.191308783101377],[120.26031773791605,23.18231557946413],[120.25132453427881,23.18231557946413]]]}},{"type":"Feature","properties":{"jobs":424,"pop":60,"pointCount":2,"homeWorkCommuteMedian":15170,"workHomeCommuteMedian":7885},"geometry":{"type":"Polygon","coordinates":[[[120.25132453427881,23.191308783101377],[120.25132453427881,23.200301986738623],[120.26031773791605,23.200301986738623],[120.26031773791605,23.191308783101377],[120.25132453427881,23.191308783101377]]]}},{"type":"Feature","properties":{"jobs":0,"pop":20,"pointCount":1,"homeWorkCommuteMedian":25385,"workHomeCommuteMedian":-1},"geometry":{"type":"Polygon","coordinates":[[[120.25132453427881,23.200301986738623],[120.25132453427881,23.20929519037587],[120.26031773791605,23.20929519037587],[120.26031773791605,23.200301986738623],[120.25132453427881,23.200301986738623]]]}},{"type":"Feature","properties":{"jobs":278,"pop":1191,"pointCount":8,"homeWorkCommuteMedian":18975,"workHomeCommuteMedian":3819},"geometry":{"type":"Polygon","coordinates":[[[120.25132453427881,23.22728159765036],[120.25132453427881,23.236274801287607],[120.26031773791605,23.236274801287607],[120.26031773791605,23.22728159765036],[120.25132453427881,23.22728159765036]]]}},{"type":"Feature","properties":{"jobs":52,"pop":0,"pointCount":2,"homeWorkCommuteMedian":-1,"workHomeCommuteMedian":4302},"geometry":{"type":"Polygon","coordinates":[[[120.25132453427881,23.236274801287607],[120.25132453427881,23.245268004924853],[120.26031773791605,23.245268004924853],[120.26031773791605,23.236274801287607],[120.25132453427881,23.236274801287607]]]}},{"type":"Feature","properties":{"jobs":630,"pop":212,"pointCount":6,"homeWorkCommuteMedian":14269,"workHomeCommuteMedian":9724},"geometry":{"type":"Polygon","coordinates":[[[120.26031773791605,22.82258743397429],[120.26031773791605,22.831580637611538],[120.2693109415533,22.831580637611538],[120.2693109415533,22.82258743397429],[120.26031773791605,22.82258743397429]]]}},{"type":"Feature","properties":{"jobs":1487,"pop":0,"pointCount":4,"homeWorkCommuteMedian":-1,"workHomeCommuteMedian":15218},"geometry":{"type":"Polygon","coordinates":[[[120.26031773791605,22.831580637611538],[120.26031773791605,22.840573841248784],[120.2693109415533,22.840573841248784],[120.2693109415533,22.831580637611538],[120.26031773791605,22.831580637611538]]]}},{"type":"Feature","properties":{"jobs":1632,"pop":281,"pointCount":6,"homeWorkCommuteMedian":6166,"workHomeCommuteMedian":17128},"geometry":{"type":"Polygon","coordinates":[[[120.26031773791605,22.840573841248784],[120.26031773791605,22.84956704488603],[120.2693109415533,22.84956704488603],[120.2693109415533,22.840573841248784],[120.26031773791605,22.840573841248784]]]}},{"type":"Feature","properties":{"jobs":2092,"pop":1890,"pointCount":16,"homeWorkCommuteMedian":6303,"workHomeCommuteMedian":13832},"geometry":{"type":"Polygon","coordinates":[[[120.26031773791605,22.84956704488603],[120.26031773791605,22.858560248523276],[120.2693109415533,22.858560248523276],[120.2693109415533,22.84956704488603],[120.26031773791605,22.84956704488603]]]}},{"type":"Feature","properties":{"jobs":670,"pop":4859,"pointCount":12,"homeWorkCommuteMedian":6961,"workHomeCommuteMedian":9611},"geometry":{"type":"Polygon","coordinates":[[[120.26031773791605,22.858560248523276],[120.26031773791605,22.86755345216052],[120.2693109415533,22.86755345216052],[120.2693109415533,22.858560248523276],[120.26031773791605,22.858560248523276]]]}},{"type":"Feature","properties":{"jobs":240,"pop":1427,"pointCount":7,"homeWorkCommuteMedian":8810,"workHomeCommuteMedian":7254},"geometry":{"type":"Polygon","coordinates":[[[120.26031773791605,22.86755345216052],[120.26031773791605,22.876546655797767],[120.2693109415533,22.876546655797767],[120.2693109415533,22.86755345216052],[120.26031773791605,22.86755345216052]]]}},{"type":"Feature","properties":{"jobs":5295,"pop":0,"pointCount":4,"homeWorkCommuteMedian":-1,"workHomeCommuteMedian":13862},"geometry":{"type":"Polygon","coordinates":[[[120.26031773791605,22.876546655797767],[120.26031773791605,22.885539859435013],[120.2693109415533,22.885539859435013],[120.2693109415533,22.876546655797767],[120.26031773791605,22.876546655797767]]]}},{"type":"Feature","properties":{"jobs":65,"pop":0,"pointCount":2,"homeWorkCommuteMedian":-1,"workHomeCommuteMedian":15728},"geometry":{"type":"Polygon","coordinates":[[[120.26031773791605,22.885539859435013],[120.26031773791605,22.89453306307226],[120.2693109415533,22.89453306307226],[120.2693109415533,22.885539859435013],[120.26031773791605,22.885539859435013]]]}},{"type":"Feature","properties":{"jobs":24,"pop":0,"pointCount":1,"homeWorkCommuteMedian":-1,"workHomeCommuteMedian":15505},"geometry":{"type":"Polygon","coordinates":[[[120.26031773791605,22.89453306307226],[120.26031773791605,22.903526266709505],[120.2693109415533,22.903526266709505],[120.2693109415533,22.89453306307226],[120.26031773791605,22.89453306307226]]]}},{"type":"Feature","properties":{"jobs":144,"pop":23,"pointCount":4,"homeWorkCommuteMedian":8136,"workHomeCommuteMedian":20830},"geometry":{"type":"Polygon","coordinates":[[[120.26031773791605,22.903526266709505],[120.26031773791605,22.91251947034675],[120.2693109415533,22.91251947034675],[120.2693109415533,22.903526266709505],[120.26031773791605,22.903526266709505]]]}},{"type":"Feature","properties":{"jobs":29,"pop":0,"pointCount":1,"homeWorkCommuteMedian":-1,"workHomeCommuteMedian":7274},"geometry":{"type":"Polygon","coordinates":[[[120.26031773791605,22.91251947034675],[120.26031773791605,22.921512673983997],[120.2693109415533,22.921512673983997],[120.2693109415533,22.91251947034675],[120.26031773791605,22.91251947034675]]]}},{"type":"Feature","properties":{"jobs":894,"pop":202,"pointCount":3,"homeWorkCommuteMedian":16217,"workHomeCommuteMedian":6299},"geometry":{"type":"Polygon","coordinates":[[[120.26031773791605,22.921512673983997],[120.26031773791605,22.930505877621243],[120.2693109415533,22.930505877621243],[120.2693109415533,22.921512673983997],[120.26031773791605,22.921512673983997]]]}},{"type":"Feature","properties":{"jobs":133,"pop":33,"pointCount":2,"homeWorkCommuteMedian":9824,"workHomeCommuteMedian":3164},"geometry":{"type":"Polygon","coordinates":[[[120.26031773791605,22.930505877621243],[120.26031773791605,22.93949908125849],[120.2693109415533,22.93949908125849],[120.2693109415533,22.930505877621243],[120.26031773791605,22.930505877621243]]]}},{"type":"Feature","properties":{"jobs":252,"pop":614,"pointCount":5,"homeWorkCommuteMedian":4099,"workHomeCommuteMedian":13644},"geometry":{"type":"Polygon","coordinates":[[[120.26031773791605,22.93949908125849],[120.26031773791605,22.948492284895735],[120.2693109415533,22.948492284895735],[120.2693109415533,22.93949908125849],[120.26031773791605,22.93949908125849]]]}},{"type":"Feature","properties":{"jobs":1775,"pop":342,"pointCount":5,"homeWorkCommuteMedian":3782,"workHomeCommuteMedian":10213},"geometry":{"type":"Polygon","coordinates":[[[120.26031773791605,22.948492284895735],[120.26031773791605,22.95748548853298],[120.2693109415533,22.95748548853298],[120.2693109415533,22.948492284895735],[120.26031773791605,22.948492284895735]]]}},{"type":"Feature","properties":{"jobs":2511,"pop":181,"pointCount":7,"homeWorkCommuteMedian":16007,"workHomeCommuteMedian":7436},"geometry":{"type":"Polygon","coordinates":[[[120.26031773791605,22.95748548853298],[120.26031773791605,22.966478692170227],[120.2693109415533,22.966478692170227],[120.2693109415533,22.95748548853298],[120.26031773791605,22.95748548853298]]]}},{"type":"Feature","properties":{"jobs":2661,"pop":1302,"pointCount":10,"homeWorkCommuteMedian":9679,"workHomeCommuteMedian":9136},"geometry":{"type":"Polygon","coordinates":[[[120.26031773791605,22.966478692170227],[120.26031773791605,22.975471895807473],[120.2693109415533,22.975471895807473],[120.2693109415533,22.966478692170227],[120.26031773791605,22.966478692170227]]]}},{"type":"Feature","properties":{"jobs":771,"pop":28,"pointCount":4,"homeWorkCommuteMedian":3096,"workHomeCommuteMedian":13814},"geometry":{"type":"Polygon","coordinates":[[[120.26031773791605,22.975471895807473],[120.26031773791605,22.98446509944472],[120.2693109415533,22.98446509944472],[120.2693109415533,22.975471895807473],[120.26031773791605,22.975471895807473]]]}},{"type":"Feature","properties":{"jobs":1109,"pop":2100,"pointCount":11,"homeWorkCommuteMedian":9375,"workHomeCommuteMedian":9641},"geometry":{"type":"Polygon","coordinates":[[[120.26031773791605,22.98446509944472],[120.26031773791605,22.993458303081965],[120.2693109415533,22.993458303081965],[120.2693109415533,22.98446509944472],[120.26031773791605,22.98446509944472]]]}},{"type":"Feature","properties":{"jobs":2418,"pop":3192,"pointCount":11,"homeWorkCommuteMedian":6520,"workHomeCommuteMedian":8460},"geometry":{"type":"Polygon","coordinates":[[[120.26031773791605,22.993458303081965],[120.26031773791605,23.00245150671921],[120.2693109415533,23.00245150671921],[120.2693109415533,22.993458303081965],[120.26031773791605,22.993458303081965]]]}},{"type":"Feature","properties":{"jobs":2214,"pop":5139,"pointCount":12,"homeWorkCommuteMedian":6002,"workHomeCommuteMedian":6370},"geometry":{"type":"Polygon","coordinates":[[[120.26031773791605,23.00245150671921],[120.26031773791605,23.011444710356457],[120.2693109415533,23.011444710356457],[120.2693109415533,23.00245150671921],[120.26031773791605,23.00245150671921]]]}},{"type":"Feature","properties":{"jobs":2905,"pop":5017,"pointCount":12,"homeWorkCommuteMedian":5288,"workHomeCommuteMedian":6146},"geometry":{"type":"Polygon","coordinates":[[[120.26031773791605,23.011444710356457],[120.26031773791605,23.020437913993703],[120.2693109415533,23.020437913993703],[120.2693109415533,23.011444710356457],[120.26031773791605,23.011444710356457]]]}},{"type":"Feature","properties":{"jobs":2193,"pop":5670,"pointCount":12,"homeWorkCommuteMedian":5278,"workHomeCommuteMedian":3435},"geometry":{"type":"Polygon","coordinates":[[[120.26031773791605,23.020437913993703],[120.26031773791605,23.02943111763095],[120.2693109415533,23.02943111763095],[120.2693109415533,23.020437913993703],[120.26031773791605,23.020437913993703]]]}},{"type":"Feature","properties":{"jobs":1774,"pop":5918,"pointCount":16,"homeWorkCommuteMedian":5934,"workHomeCommuteMedian":5643},"geometry":{"type":"Polygon","coordinates":[[[120.26031773791605,23.02943111763095],[120.26031773791605,23.038424321268195],[120.2693109415533,23.038424321268195],[120.2693109415533,23.02943111763095],[120.26031773791605,23.02943111763095]]]}},{"type":"Feature","properties":{"jobs":2089,"pop":1874,"pointCount":9,"homeWorkCommuteMedian":6035,"workHomeCommuteMedian":5800},"geometry":{"type":"Polygon","coordinates":[[[120.26031773791605,23.038424321268195],[120.26031773791605,23.04741752490544],[120.2693109415533,23.04741752490544],[120.2693109415533,23.038424321268195],[120.26031773791605,23.038424321268195]]]}},{"type":"Feature","properties":{"jobs":4823,"pop":125,"pointCount":9,"homeWorkCommuteMedian":7727,"workHomeCommuteMedian":8588},"geometry":{"type":"Polygon","coordinates":[[[120.26031773791605,23.04741752490544],[120.26031773791605,23.056410728542687],[120.2693109415533,23.056410728542687],[120.2693109415533,23.04741752490544],[120.26031773791605,23.04741752490544]]]}},{"type":"Feature","properties":{"jobs":286,"pop":238,"pointCount":4,"homeWorkCommuteMedian":7395,"workHomeCommuteMedian":9862},"geometry":{"type":"Polygon","coordinates":[[[120.26031773791605,23.056410728542687],[120.26031773791605,23.065403932179933],[120.2693109415533,23.065403932179933],[120.2693109415533,23.056410728542687],[120.26031773791605,23.056410728542687]]]}},{"type":"Feature","properties":{"jobs":21,"pop":447,"pointCount":3,"homeWorkCommuteMedian":6339,"workHomeCommuteMedian":10759},"geometry":{"type":"Polygon","coordinates":[[[120.26031773791605,23.065403932179933],[120.26031773791605,23.07439713581718],[120.2693109415533,23.07439713581718],[120.2693109415533,23.065403932179933],[120.26031773791605,23.065403932179933]]]}},{"type":"Feature","properties":{"jobs":827,"pop":247,"pointCount":3,"homeWorkCommuteMedian":5864,"workHomeCommuteMedian":23358},"geometry":{"type":"Polygon","coordinates":[[[120.26031773791605,23.083390339454425],[120.26031773791605,23.09238354309167],[120.2693109415533,23.09238354309167],[120.2693109415533,23.083390339454425],[120.26031773791605,23.083390339454425]]]}},{"type":"Feature","properties":{"jobs":2074,"pop":0,"pointCount":4,"homeWorkCommuteMedian":-1,"workHomeCommuteMedian":16108},"geometry":{"type":"Polygon","coordinates":[[[120.26031773791605,23.09238354309167],[120.26031773791605,23.101376746728917],[120.2693109415533,23.101376746728917],[120.2693109415533,23.09238354309167],[120.26031773791605,23.09238354309167]]]}},{"type":"Feature","properties":{"jobs":16845,"pop":0,"pointCount":5,"homeWorkCommuteMedian":-1,"workHomeCommuteMedian":14317},"geometry":{"type":"Polygon","coordinates":[[[120.26031773791605,23.101376746728917],[120.26031773791605,23.110369950366163],[120.2693109415533,23.110369950366163],[120.2693109415533,23.101376746728917],[120.26031773791605,23.101376746728917]]]}},{"type":"Feature","properties":{"jobs":58,"pop":0,"pointCount":1,"homeWorkCommuteMedian":-1,"workHomeCommuteMedian":5653},"geometry":{"type":"Polygon","coordinates":[[[120.26031773791605,23.110369950366163],[120.26031773791605,23.11936315400341],[120.2693109415533,23.11936315400341],[120.2693109415533,23.110369950366163],[120.26031773791605,23.110369950366163]]]}},{"type":"Feature","properties":{"jobs":16648,"pop":0,"pointCount":3,"homeWorkCommuteMedian":-1,"workHomeCommuteMedian":14062},"geometry":{"type":"Polygon","coordinates":[[[120.26031773791605,23.11936315400341],[120.26031773791605,23.128356357640655],[120.2693109415533,23.128356357640655],[120.2693109415533,23.11936315400341],[120.26031773791605,23.11936315400341]]]}},{"type":"Feature","properties":{"jobs":99,"pop":303,"pointCount":6,"homeWorkCommuteMedian":4715,"workHomeCommuteMedian":27558},"geometry":{"type":"Polygon","coordinates":[[[120.26031773791605,23.128356357640655],[120.26031773791605,23.1373495612779],[120.2693109415533,23.1373495612779],[120.2693109415533,23.128356357640655],[120.26031773791605,23.128356357640655]]]}},{"type":"Feature","properties":{"jobs":0,"pop":324,"pointCount":3,"homeWorkCommuteMedian":5754,"workHomeCommuteMedian":-1},"geometry":{"type":"Polygon","coordinates":[[[120.26031773791605,23.1373495612779],[120.26031773791605,23.146342764915147],[120.2693109415533,23.146342764915147],[120.2693109415533,23.1373495612779],[120.26031773791605,23.1373495612779]]]}},{"type":"Feature","properties":{"jobs":0,"pop":377,"pointCount":4,"homeWorkCommuteMedian":13172,"workHomeCommuteMedian":-1},"geometry":{"type":"Polygon","coordinates":[[[120.26031773791605,23.173322375826885],[120.26031773791605,23.18231557946413],[120.2693109415533,23.18231557946413],[120.2693109415533,23.173322375826885],[120.26031773791605,23.173322375826885]]]}},{"type":"Feature","properties":{"jobs":1201,"pop":900,"pointCount":11,"homeWorkCommuteMedian":6749,"workHomeCommuteMedian":6563},"geometry":{"type":"Polygon","coordinates":[[[120.26031773791605,23.18231557946413],[120.26031773791605,23.191308783101377],[120.2693109415533,23.191308783101377],[120.2693109415533,23.18231557946413],[120.26031773791605,23.18231557946413]]]}},{"type":"Feature","properties":{"jobs":104,"pop":97,"pointCount":2,"homeWorkCommuteMedian":5090,"workHomeCommuteMedian":4656},"geometry":{"type":"Polygon","coordinates":[[[120.26031773791605,23.191308783101377],[120.26031773791605,23.200301986738623],[120.2693109415533,23.200301986738623],[120.2693109415533,23.191308783101377],[120.26031773791605,23.191308783101377]]]}},{"type":"Feature","properties":{"jobs":60,"pop":197,"pointCount":3,"homeWorkCommuteMedian":14958,"workHomeCommuteMedian":8145},"geometry":{"type":"Polygon","coordinates":[[[120.26031773791605,23.200301986738623],[120.26031773791605,23.20929519037587],[120.2693109415533,23.20929519037587],[120.2693109415533,23.200301986738623],[120.26031773791605,23.200301986738623]]]}},{"type":"Feature","properties":{"jobs":0,"pop":279,"pointCount":5,"homeWorkCommuteMedian":14954,"workHomeCommuteMedian":-1},"geometry":{"type":"Polygon","coordinates":[[[120.26031773791605,23.20929519037587],[120.26031773791605,23.218288394013115],[120.2693109415533,23.218288394013115],[120.2693109415533,23.20929519037587],[120.26031773791605,23.20929519037587]]]}},{"type":"Feature","properties":{"jobs":43,"pop":213,"pointCount":2,"homeWorkCommuteMedian":5801,"workHomeCommuteMedian":29832},"geometry":{"type":"Polygon","coordinates":[[[120.26031773791605,23.218288394013115],[120.26031773791605,23.22728159765036],[120.2693109415533,23.22728159765036],[120.2693109415533,23.218288394013115],[120.26031773791605,23.218288394013115]]]}},{"type":"Feature","properties":{"jobs":929,"pop":2595,"pointCount":10,"homeWorkCommuteMedian":19855,"workHomeCommuteMedian":4141},"geometry":{"type":"Polygon","coordinates":[[[120.26031773791605,23.22728159765036],[120.26031773791605,23.236274801287607],[120.2693109415533,23.236274801287607],[120.2693109415533,23.22728159765036],[120.26031773791605,23.22728159765036]]]}},{"type":"Feature","properties":{"jobs":460,"pop":1606,"pointCount":10,"homeWorkCommuteMedian":21347,"workHomeCommuteMedian":1269},"geometry":{"type":"Polygon","coordinates":[[[120.26031773791605,23.236274801287607],[120.26031773791605,23.245268004924853],[120.2693109415533,23.245268004924853],[120.2693109415533,23.236274801287607],[120.26031773791605,23.236274801287607]]]}},{"type":"Feature","properties":{"jobs":53,"pop":462,"pointCount":4,"homeWorkCommuteMedian":23798,"workHomeCommuteMedian":3266},"geometry":{"type":"Polygon","coordinates":[[[120.26031773791605,23.245268004924853],[120.26031773791605,23.2542612085621],[120.2693109415533,23.2542612085621],[120.2693109415533,23.245268004924853],[120.26031773791605,23.245268004924853]]]}},{"type":"Feature","properties":{"jobs":2672,"pop":206,"pointCount":6,"homeWorkCommuteMedian":3090,"workHomeCommuteMedian":8568},"geometry":{"type":"Polygon","coordinates":[[[120.2693109415533,22.82258743397429],[120.2693109415533,22.831580637611538],[120.27830414519055,22.831580637611538],[120.27830414519055,22.82258743397429],[120.2693109415533,22.82258743397429]]]}},{"type":"Feature","properties":{"jobs":639,"pop":523,"pointCount":9,"homeWorkCommuteMedian":20578,"workHomeCommuteMedian":11875},"geometry":{"type":"Polygon","coordinates":[[[120.2693109415533,22.840573841248784],[120.2693109415533,22.84956704488603],[120.27830414519055,22.84956704488603],[120.27830414519055,22.840573841248784],[120.2693109415533,22.840573841248784]]]}},{"type":"Feature","properties":{"jobs":223,"pop":333,"pointCount":3,"homeWorkCommuteMedian":7766,"workHomeCommuteMedian":15281},"geometry":{"type":"Polygon","coordinates":[[[120.2693109415533,22.84956704488603],[120.2693109415533,22.858560248523276],[120.27830414519055,22.858560248523276],[120.27830414519055,22.84956704488603],[120.2693109415533,22.84956704488603]]]}},{"type":"Feature","properties":{"jobs":75,"pop":656,"pointCount":6,"homeWorkCommuteMedian":6153,"workHomeCommuteMedian":23368},"geometry":{"type":"Polygon","coordinates":[[[120.2693109415533,22.858560248523276],[120.2693109415533,22.86755345216052],[120.27830414519055,22.86755345216052],[120.27830414519055,22.858560248523276],[120.2693109415533,22.858560248523276]]]}},{"type":"Feature","properties":{"jobs":104,"pop":1922,"pointCount":11,"homeWorkCommuteMedian":18052,"workHomeCommuteMedian":21586},"geometry":{"type":"Polygon","coordinates":[[[120.2693109415533,22.86755345216052],[120.2693109415533,22.876546655797767],[120.27830414519055,22.876546655797767],[120.27830414519055,22.86755345216052],[120.2693109415533,22.86755345216052]]]}},{"type":"Feature","properties":{"jobs":392,"pop":315,"pointCount":6,"homeWorkCommuteMedian":15108,"workHomeCommuteMedian":6085},"geometry":{"type":"Polygon","coordinates":[[[120.2693109415533,22.876546655797767],[120.2693109415533,22.885539859435013],[120.27830414519055,22.885539859435013],[120.27830414519055,22.876546655797767],[120.2693109415533,22.876546655797767]]]}},{"type":"Feature","properties":{"jobs":3897,"pop":921,"pointCount":9,"homeWorkCommuteMedian":8463,"workHomeCommuteMedian":11733},"geometry":{"type":"Polygon","coordinates":[[[120.2693109415533,22.903526266709505],[120.2693109415533,22.91251947034675],[120.27830414519055,22.91251947034675],[120.27830414519055,22.903526266709505],[120.2693109415533,22.903526266709505]]]}},{"type":"Feature","properties":{"jobs":205,"pop":465,"pointCount":9,"homeWorkCommuteMedian":7499,"workHomeCommuteMedian":9244},"geometry":{"type":"Polygon","coordinates":[[[120.2693109415533,22.91251947034675],[120.2693109415533,22.921512673983997],[120.27830414519055,22.921512673983997],[120.27830414519055,22.91251947034675],[120.2693109415533,22.91251947034675]]]}},{"type":"Feature","properties":{"jobs":1956,"pop":271,"pointCount":9,"homeWorkCommuteMedian":9746,"workHomeCommuteMedian":9721},"geometry":{"type":"Polygon","coordinates":[[[120.2693109415533,22.921512673983997],[120.2693109415533,22.930505877621243],[120.27830414519055,22.930505877621243],[120.27830414519055,22.921512673983997],[120.2693109415533,22.921512673983997]]]}},{"type":"Feature","properties":{"jobs":588,"pop":21,"pointCount":5,"homeWorkCommuteMedian":7111,"workHomeCommuteMedian":8487},"geometry":{"type":"Polygon","coordinates":[[[120.2693109415533,22.930505877621243],[120.2693109415533,22.93949908125849],[120.27830414519055,22.93949908125849],[120.27830414519055,22.930505877621243],[120.2693109415533,22.930505877621243]]]}},{"type":"Feature","properties":{"jobs":335,"pop":0,"pointCount":3,"homeWorkCommuteMedian":-1,"workHomeCommuteMedian":6784},"geometry":{"type":"Polygon","coordinates":[[[120.2693109415533,22.93949908125849],[120.2693109415533,22.948492284895735],[120.27830414519055,22.948492284895735],[120.27830414519055,22.93949908125849],[120.2693109415533,22.93949908125849]]]}},{"type":"Feature","properties":{"jobs":637,"pop":1252,"pointCount":9,"homeWorkCommuteMedian":8267,"workHomeCommuteMedian":3722},"geometry":{"type":"Polygon","coordinates":[[[120.2693109415533,22.948492284895735],[120.2693109415533,22.95748548853298],[120.27830414519055,22.95748548853298],[120.27830414519055,22.948492284895735],[120.2693109415533,22.948492284895735]]]}},{"type":"Feature","properties":{"jobs":939,"pop":173,"pointCount":5,"homeWorkCommuteMedian":7082,"workHomeCommuteMedian":6810},"geometry":{"type":"Polygon","coordinates":[[[120.2693109415533,22.95748548853298],[120.2693109415533,22.966478692170227],[120.27830414519055,22.966478692170227],[120.27830414519055,22.95748548853298],[120.2693109415533,22.95748548853298]]]}},{"type":"Feature","properties":{"jobs":3454,"pop":1567,"pointCount":10,"homeWorkCommuteMedian":6434,"workHomeCommuteMedian":9524},"geometry":{"type":"Polygon","coordinates":[[[120.2693109415533,22.966478692170227],[120.2693109415533,22.975471895807473],[120.27830414519055,22.975471895807473],[120.27830414519055,22.966478692170227],[120.2693109415533,22.966478692170227]]]}},{"type":"Feature","properties":{"jobs":422,"pop":179,"pointCount":5,"homeWorkCommuteMedian":15121,"workHomeCommuteMedian":7472},"geometry":{"type":"Polygon","coordinates":[[[120.2693109415533,22.975471895807473],[120.2693109415533,22.98446509944472],[120.27830414519055,22.98446509944472],[120.27830414519055,22.975471895807473],[120.2693109415533,22.975471895807473]]]}},{"type":"Feature","properties":{"jobs":1025,"pop":884,"pointCount":8,"homeWorkCommuteMedian":5280,"workHomeCommuteMedian":9794},"geometry":{"type":"Polygon","coordinates":[[[120.2693109415533,22.98446509944472],[120.2693109415533,22.993458303081965],[120.27830414519055,22.993458303081965],[120.27830414519055,22.98446509944472],[120.2693109415533,22.98446509944472]]]}},{"type":"Feature","properties":{"jobs":850,"pop":868,"pointCount":6,"homeWorkCommuteMedian":6328,"workHomeCommuteMedian":7726},"geometry":{"type":"Polygon","coordinates":[[[120.2693109415533,22.993458303081965],[120.2693109415533,23.00245150671921],[120.27830414519055,23.00245150671921],[120.27830414519055,22.993458303081965],[120.2693109415533,22.993458303081965]]]}},{"type":"Feature","properties":{"jobs":1103,"pop":3605,"pointCount":9,"homeWorkCommuteMedian":6956,"workHomeCommuteMedian":7294},"geometry":{"type":"Polygon","coordinates":[[[120.2693109415533,23.00245150671921],[120.2693109415533,23.011444710356457],[120.27830414519055,23.011444710356457],[120.27830414519055,23.00245150671921],[120.2693109415533,23.00245150671921]]]}},{"type":"Feature","properties":{"jobs":778,"pop":4734,"pointCount":12,"homeWorkCommuteMedian":6683,"workHomeCommuteMedian":6232},"geometry":{"type":"Polygon","coordinates":[[[120.2693109415533,23.011444710356457],[120.2693109415533,23.020437913993703],[120.27830414519055,23.020437913993703],[120.27830414519055,23.011444710356457],[120.2693109415533,23.011444710356457]]]}},{"type":"Feature","properties":{"jobs":1312,"pop":1013,"pointCount":10,"homeWorkCommuteMedian":9486,"workHomeCommuteMedian":6446},"geometry":{"type":"Polygon","coordinates":[[[120.2693109415533,23.020437913993703],[120.2693109415533,23.02943111763095],[120.27830414519055,23.02943111763095],[120.27830414519055,23.020437913993703],[120.2693109415533,23.020437913993703]]]}},{"type":"Feature","properties":{"jobs":1396,"pop":288,"pointCount":6,"homeWorkCommuteMedian":4252,"workHomeCommuteMedian":4682},"geometry":{"type":"Polygon","coordinates":[[[120.2693109415533,23.02943111763095],[120.2693109415533,23.038424321268195],[120.27830414519055,23.038424321268195],[120.27830414519055,23.02943111763095],[120.2693109415533,23.02943111763095]]]}},{"type":"Feature","properties":{"jobs":3436,"pop":181,"pointCount":8,"homeWorkCommuteMedian":10265,"workHomeCommuteMedian":8503},"geometry":{"type":"Polygon","coordinates":[[[120.2693109415533,23.038424321268195],[120.2693109415533,23.04741752490544],[120.27830414519055,23.04741752490544],[120.27830414519055,23.038424321268195],[120.2693109415533,23.038424321268195]]]}},{"type":"Feature","properties":{"jobs":3385,"pop":729,"pointCount":14,"homeWorkCommuteMedian":9959,"workHomeCommuteMedian":6893},"geometry":{"type":"Polygon","coordinates":[[[120.2693109415533,23.04741752490544],[120.2693109415533,23.056410728542687],[120.27830414519055,23.056410728542687],[120.27830414519055,23.04741752490544],[120.2693109415533,23.04741752490544]]]}},{"type":"Feature","properties":{"jobs":30,"pop":72,"pointCount":2,"homeWorkCommuteMedian":5918,"workHomeCommuteMedian":3085},"geometry":{"type":"Polygon","coordinates":[[[120.2693109415533,23.07439713581718],[120.2693109415533,23.083390339454425],[120.27830414519055,23.083390339454425],[120.27830414519055,23.07439713581718],[120.2693109415533,23.07439713581718]]]}},{"type":"Feature","properties":{"jobs":19449,"pop":114,"pointCount":5,"homeWorkCommuteMedian":20393,"workHomeCommuteMedian":14427},"geometry":{"type":"Polygon","coordinates":[[[120.2693109415533,23.083390339454425],[120.2693109415533,23.09238354309167],[120.27830414519055,23.09238354309167],[120.27830414519055,23.083390339454425],[120.2693109415533,23.083390339454425]]]}},{"type":"Feature","properties":{"jobs":3700,"pop":0,"pointCount":3,"homeWorkCommuteMedian":-1,"workHomeCommuteMedian":13625},"geometry":{"type":"Polygon","coordinates":[[[120.2693109415533,23.09238354309167],[120.2693109415533,23.101376746728917],[120.27830414519055,23.101376746728917],[120.27830414519055,23.09238354309167],[120.2693109415533,23.09238354309167]]]}},{"type":"Feature","properties":{"jobs":8575,"pop":0,"pointCount":3,"homeWorkCommuteMedian":-1,"workHomeCommuteMedian":16505},"geometry":{"type":"Polygon","coordinates":[[[120.2693109415533,23.101376746728917],[120.2693109415533,23.110369950366163],[120.27830414519055,23.110369950366163],[120.27830414519055,23.101376746728917],[120.2693109415533,23.101376746728917]]]}},{"type":"Feature","properties":{"jobs":19228,"pop":0,"pointCount":7,"homeWorkCommuteMedian":-1,"workHomeCommuteMedian":12881},"geometry":{"type":"Polygon","coordinates":[[[120.2693109415533,23.110369950366163],[120.2693109415533,23.11936315400341],[120.27830414519055,23.11936315400341],[120.27830414519055,23.110369950366163],[120.2693109415533,23.110369950366163]]]}},{"type":"Feature","properties":{"jobs":2611,"pop":0,"pointCount":5,"homeWorkCommuteMedian":-1,"workHomeCommuteMedian":14155},"geometry":{"type":"Polygon","coordinates":[[[120.2693109415533,23.11936315400341],[120.2693109415533,23.128356357640655],[120.27830414519055,23.128356357640655],[120.27830414519055,23.11936315400341],[120.2693109415533,23.11936315400341]]]}},{"type":"Feature","properties":{"jobs":121,"pop":407,"pointCount":6,"homeWorkCommuteMedian":2610,"workHomeCommuteMedian":14356},"geometry":{"type":"Polygon","coordinates":[[[120.2693109415533,23.128356357640655],[120.2693109415533,23.1373495612779],[120.27830414519055,23.1373495612779],[120.27830414519055,23.128356357640655],[120.2693109415533,23.128356357640655]]]}},{"type":"Feature","properties":{"jobs":41,"pop":1075,"pointCount":7,"homeWorkCommuteMedian":7470,"workHomeCommuteMedian":18605},"geometry":{"type":"Polygon","coordinates":[[[120.2693109415533,23.1373495612779],[120.2693109415533,23.146342764915147],[120.27830414519055,23.146342764915147],[120.27830414519055,23.1373495612779],[120.2693109415533,23.1373495612779]]]}},{"type":"Feature","properties":{"jobs":117,"pop":237,"pointCount":3,"homeWorkCommuteMedian":26612,"workHomeCommuteMedian":3601},"geometry":{"type":"Polygon","coordinates":[[[120.2693109415533,23.146342764915147],[120.2693109415533,23.155335968552393],[120.27830414519055,23.155335968552393],[120.27830414519055,23.146342764915147],[120.2693109415533,23.146342764915147]]]}},{"type":"Feature","properties":{"jobs":380,"pop":90,"pointCount":6,"homeWorkCommuteMedian":14814,"workHomeCommuteMedian":6157},"geometry":{"type":"Polygon","coordinates":[[[120.2693109415533,23.18231557946413],[120.2693109415533,23.191308783101377],[120.27830414519055,23.191308783101377],[120.27830414519055,23.18231557946413],[120.2693109415533,23.18231557946413]]]}},{"type":"Feature","properties":{"jobs":433,"pop":0,"pointCount":1,"homeWorkCommuteMedian":-1,"workHomeCommuteMedian":6592},"geometry":{"type":"Polygon","coordinates":[[[120.2693109415533,23.191308783101377],[120.2693109415533,23.200301986738623],[120.27830414519055,23.200301986738623],[120.27830414519055,23.191308783101377],[120.2693109415533,23.191308783101377]]]}},{"type":"Feature","properties":{"jobs":377,"pop":1147,"pointCount":11,"homeWorkCommuteMedian":12280,"workHomeCommuteMedian":5233},"geometry":{"type":"Polygon","coordinates":[[[120.2693109415533,23.20929519037587],[120.2693109415533,23.218288394013115],[120.27830414519055,23.218288394013115],[120.27830414519055,23.20929519037587],[120.2693109415533,23.20929519037587]]]}},{"type":"Feature","properties":{"jobs":0,"pop":94,"pointCount":1,"homeWorkCommuteMedian":6225,"workHomeCommuteMedian":-1},"geometry":{"type":"Polygon","coordinates":[[[120.2693109415533,23.218288394013115],[120.2693109415533,23.22728159765036],[120.27830414519055,23.22728159765036],[120.27830414519055,23.218288394013115],[120.2693109415533,23.218288394013115]]]}},{"type":"Feature","properties":{"jobs":100,"pop":54,"pointCount":3,"homeWorkCommuteMedian":10014,"workHomeCommuteMedian":2600},"geometry":{"type":"Polygon","coordinates":[[[120.2693109415533,23.22728159765036],[120.2693109415533,23.236274801287607],[120.27830414519055,23.236274801287607],[120.27830414519055,23.22728159765036],[120.2693109415533,23.22728159765036]]]}},{"type":"Feature","properties":{"jobs":338,"pop":623,"pointCount":7,"homeWorkCommuteMedian":19755,"workHomeCommuteMedian":3726},"geometry":{"type":"Polygon","coordinates":[[[120.2693109415533,23.236274801287607],[120.2693109415533,23.245268004924853],[120.27830414519055,23.245268004924853],[120.27830414519055,23.236274801287607],[120.2693109415533,23.236274801287607]]]}},{"type":"Feature","properties":{"jobs":52,"pop":541,"pointCount":6,"homeWorkCommuteMedian":21976,"workHomeCommuteMedian":3301},"geometry":{"type":"Polygon","coordinates":[[[120.2693109415533,23.245268004924853],[120.2693109415533,23.2542612085621],[120.27830414519055,23.2542612085621],[120.27830414519055,23.245268004924853],[120.2693109415533,23.245268004924853]]]}},{"type":"Feature","properties":{"jobs":848,"pop":143,"pointCount":4,"homeWorkCommuteMedian":3702,"workHomeCommuteMedian":25810},"geometry":{"type":"Polygon","coordinates":[[[120.27830414519055,22.82258743397429],[120.27830414519055,22.831580637611538],[120.28729734882779,22.831580637611538],[120.28729734882779,22.82258743397429],[120.27830414519055,22.82258743397429]]]}},{"type":"Feature","properties":{"jobs":1094,"pop":362,"pointCount":12,"homeWorkCommuteMedian":12026,"workHomeCommuteMedian":25271},"geometry":{"type":"Polygon","coordinates":[[[120.27830414519055,22.831580637611538],[120.27830414519055,22.840573841248784],[120.28729734882779,22.840573841248784],[120.28729734882779,22.831580637611538],[120.27830414519055,22.831580637611538]]]}},{"type":"Feature","properties":{"jobs":191,"pop":426,"pointCount":3,"homeWorkCommuteMedian":8615,"workHomeCommuteMedian":21807},"geometry":{"type":"Polygon","coordinates":[[[120.27830414519055,22.840573841248784],[120.27830414519055,22.84956704488603],[120.28729734882779,22.84956704488603],[120.28729734882779,22.840573841248784],[120.27830414519055,22.840573841248784]]]}},{"type":"Feature","properties":{"jobs":26,"pop":30,"pointCount":2,"homeWorkCommuteMedian":39121,"workHomeCommuteMedian":22154},"geometry":{"type":"Polygon","coordinates":[[[120.27830414519055,22.84956704488603],[120.27830414519055,22.858560248523276],[120.28729734882779,22.858560248523276],[120.28729734882779,22.84956704488603],[120.27830414519055,22.84956704488603]]]}},{"type":"Feature","properties":{"jobs":49,"pop":277,"pointCount":3,"homeWorkCommuteMedian":7393,"workHomeCommuteMedian":46777},"geometry":{"type":"Polygon","coordinates":[[[120.27830414519055,22.858560248523276],[120.27830414519055,22.86755345216052],[120.28729734882779,22.86755345216052],[120.28729734882779,22.858560248523276],[120.27830414519055,22.858560248523276]]]}},{"type":"Feature","properties":{"jobs":61,"pop":390,"pointCount":3,"homeWorkCommuteMedian":6585,"workHomeCommuteMedian":13272},"geometry":{"type":"Polygon","coordinates":[[[120.27830414519055,22.86755345216052],[120.27830414519055,22.876546655797767],[120.28729734882779,22.876546655797767],[120.28729734882779,22.86755345216052],[120.27830414519055,22.86755345216052]]]}},{"type":"Feature","properties":{"jobs":309,"pop":0,"pointCount":1,"homeWorkCommuteMedian":-1,"workHomeCommuteMedian":9640},"geometry":{"type":"Polygon","coordinates":[[[120.27830414519055,22.876546655797767],[120.27830414519055,22.885539859435013],[120.28729734882779,22.885539859435013],[120.28729734882779,22.876546655797767],[120.27830414519055,22.876546655797767]]]}},{"type":"Feature","properties":{"jobs":25,"pop":168,"pointCount":2,"homeWorkCommuteMedian":12836,"workHomeCommuteMedian":4150},"geometry":{"type":"Polygon","coordinates":[[[120.27830414519055,22.89453306307226],[120.27830414519055,22.903526266709505],[120.28729734882779,22.903526266709505],[120.28729734882779,22.89453306307226],[120.27830414519055,22.89453306307226]]]}},{"type":"Feature","properties":{"jobs":36,"pop":145,"pointCount":3,"homeWorkCommuteMedian":36994,"workHomeCommuteMedian":8286},"geometry":{"type":"Polygon","coordinates":[[[120.27830414519055,22.903526266709505],[120.27830414519055,22.91251947034675],[120.28729734882779,22.91251947034675],[120.28729734882779,22.903526266709505],[120.27830414519055,22.903526266709505]]]}},{"type":"Feature","properties":{"jobs":622,"pop":266,"pointCount":4,"homeWorkCommuteMedian":7951,"workHomeCommuteMedian":9399},"geometry":{"type":"Polygon","coordinates":[[[120.27830414519055,22.921512673983997],[120.27830414519055,22.930505877621243],[120.28729734882779,22.930505877621243],[120.28729734882779,22.921512673983997],[120.27830414519055,22.921512673983997]]]}},{"type":"Feature","properties":{"jobs":372,"pop":0,"pointCount":1,"homeWorkCommuteMedian":-1,"workHomeCommuteMedian":10440},"geometry":{"type":"Polygon","coordinates":[[[120.27830414519055,22.930505877621243],[120.27830414519055,22.93949908125849],[120.28729734882779,22.93949908125849],[120.28729734882779,22.930505877621243],[120.27830414519055,22.930505877621243]]]}},{"type":"Feature","properties":{"jobs":0,"pop":166,"pointCount":1,"homeWorkCommuteMedian":10975,"workHomeCommuteMedian":-1},"geometry":{"type":"Polygon","coordinates":[[[120.27830414519055,22.93949908125849],[120.27830414519055,22.948492284895735],[120.28729734882779,22.948492284895735],[120.28729734882779,22.93949908125849],[120.27830414519055,22.93949908125849]]]}},{"type":"Feature","properties":{"jobs":473,"pop":623,"pointCount":5,"homeWorkCommuteMedian":11540,"workHomeCommuteMedian":10277},"geometry":{"type":"Polygon","coordinates":[[[120.27830414519055,22.948492284895735],[120.27830414519055,22.95748548853298],[120.28729734882779,22.95748548853298],[120.28729734882779,22.948492284895735],[120.27830414519055,22.948492284895735]]]}},{"type":"Feature","properties":{"jobs":240,"pop":2028,"pointCount":9,"homeWorkCommuteMedian":6026,"workHomeCommuteMedian":15446},"geometry":{"type":"Polygon","coordinates":[[[120.27830414519055,22.95748548853298],[120.27830414519055,22.966478692170227],[120.28729734882779,22.966478692170227],[120.28729734882779,22.95748548853298],[120.27830414519055,22.95748548853298]]]}},{"type":"Feature","properties":{"jobs":1409,"pop":3844,"pointCount":8,"homeWorkCommuteMedian":7334,"workHomeCommuteMedian":7891},"geometry":{"type":"Polygon","coordinates":[[[120.27830414519055,22.966478692170227],[120.27830414519055,22.975471895807473],[120.28729734882779,22.975471895807473],[120.28729734882779,22.966478692170227],[120.27830414519055,22.966478692170227]]]}},{"type":"Feature","properties":{"jobs":103,"pop":178,"pointCount":2,"homeWorkCommuteMedian":24650,"workHomeCommuteMedian":7499},"geometry":{"type":"Polygon","coordinates":[[[120.27830414519055,22.975471895807473],[120.27830414519055,22.98446509944472],[120.28729734882779,22.98446509944472],[120.28729734882779,22.975471895807473],[120.27830414519055,22.975471895807473]]]}},{"type":"Feature","properties":{"jobs":779,"pop":607,"pointCount":9,"homeWorkCommuteMedian":8372,"workHomeCommuteMedian":13142},"geometry":{"type":"Polygon","coordinates":[[[120.27830414519055,22.98446509944472],[120.27830414519055,22.993458303081965],[120.28729734882779,22.993458303081965],[120.28729734882779,22.98446509944472],[120.27830414519055,22.98446509944472]]]}},{"type":"Feature","properties":{"jobs":956,"pop":1102,"pointCount":9,"homeWorkCommuteMedian":8116,"workHomeCommuteMedian":6827},"geometry":{"type":"Polygon","coordinates":[[[120.27830414519055,22.993458303081965],[120.27830414519055,23.00245150671921],[120.28729734882779,23.00245150671921],[120.28729734882779,22.993458303081965],[120.27830414519055,22.993458303081965]]]}},{"type":"Feature","properties":{"jobs":553,"pop":90,"pointCount":5,"homeWorkCommuteMedian":5231,"workHomeCommuteMedian":7784},"geometry":{"type":"Polygon","coordinates":[[[120.27830414519055,23.00245150671921],[120.27830414519055,23.011444710356457],[120.28729734882779,23.011444710356457],[120.28729734882779,23.00245150671921],[120.27830414519055,23.00245150671921]]]}},{"type":"Feature","properties":{"jobs":277,"pop":0,"pointCount":3,"homeWorkCommuteMedian":-1,"workHomeCommuteMedian":7573},"geometry":{"type":"Polygon","coordinates":[[[120.27830414519055,23.011444710356457],[120.27830414519055,23.020437913993703],[120.28729734882779,23.020437913993703],[120.28729734882779,23.011444710356457],[120.27830414519055,23.011444710356457]]]}},{"type":"Feature","properties":{"jobs":525,"pop":1396,"pointCount":6,"homeWorkCommuteMedian":7883,"workHomeCommuteMedian":6369},"geometry":{"type":"Polygon","coordinates":[[[120.27830414519055,23.020437913993703],[120.27830414519055,23.02943111763095],[120.28729734882779,23.02943111763095],[120.28729734882779,23.020437913993703],[120.27830414519055,23.020437913993703]]]}},{"type":"Feature","properties":{"jobs":2699,"pop":177,"pointCount":4,"homeWorkCommuteMedian":3875,"workHomeCommuteMedian":7455},"geometry":{"type":"Polygon","coordinates":[[[120.27830414519055,23.02943111763095],[120.27830414519055,23.038424321268195],[120.28729734882779,23.038424321268195],[120.28729734882779,23.02943111763095],[120.27830414519055,23.02943111763095]]]}},{"type":"Feature","properties":{"jobs":1376,"pop":0,"pointCount":4,"homeWorkCommuteMedian":-1,"workHomeCommuteMedian":28255},"geometry":{"type":"Polygon","coordinates":[[[120.27830414519055,23.038424321268195],[120.27830414519055,23.04741752490544],[120.28729734882779,23.04741752490544],[120.28729734882779,23.038424321268195],[120.27830414519055,23.038424321268195]]]}},{"type":"Feature","properties":{"jobs":341,"pop":0,"pointCount":2,"homeWorkCommuteMedian":-1,"workHomeCommuteMedian":8802},"geometry":{"type":"Polygon","coordinates":[[[120.27830414519055,23.04741752490544],[120.27830414519055,23.056410728542687],[120.28729734882779,23.056410728542687],[120.28729734882779,23.04741752490544],[120.27830414519055,23.04741752490544]]]}},{"type":"Feature","properties":{"jobs":99,"pop":0,"pointCount":1,"homeWorkCommuteMedian":-1,"workHomeCommuteMedian":1820},"geometry":{"type":"Polygon","coordinates":[[[120.27830414519055,23.056410728542687],[120.27830414519055,23.065403932179933],[120.28729734882779,23.065403932179933],[120.28729734882779,23.056410728542687],[120.27830414519055,23.056410728542687]]]}},{"type":"Feature","properties":{"jobs":323,"pop":517,"pointCount":8,"homeWorkCommuteMedian":4806,"workHomeCommuteMedian":17755},"geometry":{"type":"Polygon","coordinates":[[[120.27830414519055,23.065403932179933],[120.27830414519055,23.07439713581718],[120.28729734882779,23.07439713581718],[120.28729734882779,23.065403932179933],[120.27830414519055,23.065403932179933]]]}},{"type":"Feature","properties":{"jobs":529,"pop":1189,"pointCount":9,"homeWorkCommuteMedian":4301,"workHomeCommuteMedian":24830},"geometry":{"type":"Polygon","coordinates":[[[120.27830414519055,23.07439713581718],[120.27830414519055,23.083390339454425],[120.28729734882779,23.083390339454425],[120.28729734882779,23.07439713581718],[120.27830414519055,23.07439713581718]]]}},{"type":"Feature","properties":{"jobs":3069,"pop":0,"pointCount":5,"homeWorkCommuteMedian":-1,"workHomeCommuteMedian":14477},"geometry":{"type":"Polygon","coordinates":[[[120.27830414519055,23.083390339454425],[120.27830414519055,23.09238354309167],[120.28729734882779,23.09238354309167],[120.28729734882779,23.083390339454425],[120.27830414519055,23.083390339454425]]]}},{"type":"Feature","properties":{"jobs":13770,"pop":0,"pointCount":8,"homeWorkCommuteMedian":-1,"workHomeCommuteMedian":13678},"geometry":{"type":"Polygon","coordinates":[[[120.27830414519055,23.09238354309167],[120.27830414519055,23.101376746728917],[120.28729734882779,23.101376746728917],[120.28729734882779,23.09238354309167],[120.27830414519055,23.09238354309167]]]}},{"type":"Feature","properties":{"jobs":3502,"pop":0,"pointCount":5,"homeWorkCommuteMedian":-1,"workHomeCommuteMedian":14260},"geometry":{"type":"Polygon","coordinates":[[[120.27830414519055,23.101376746728917],[120.27830414519055,23.110369950366163],[120.28729734882779,23.110369950366163],[120.28729734882779,23.101376746728917],[120.27830414519055,23.101376746728917]]]}},{"type":"Feature","properties":{"jobs":1562,"pop":0,"pointCount":4,"homeWorkCommuteMedian":-1,"workHomeCommuteMedian":10502},"geometry":{"type":"Polygon","coordinates":[[[120.27830414519055,23.110369950366163],[120.27830414519055,23.11936315400341],[120.28729734882779,23.11936315400341],[120.28729734882779,23.110369950366163],[120.27830414519055,23.110369950366163]]]}},{"type":"Feature","properties":{"jobs":728,"pop":1344,"pointCount":10,"homeWorkCommuteMedian":4516,"workHomeCommuteMedian":8462},"geometry":{"type":"Polygon","coordinates":[[[120.27830414519055,23.128356357640655],[120.27830414519055,23.1373495612779],[120.28729734882779,23.1373495612779],[120.28729734882779,23.128356357640655],[120.27830414519055,23.128356357640655]]]}},{"type":"Feature","properties":{"jobs":130,"pop":763,"pointCount":5,"homeWorkCommuteMedian":6041,"workHomeCommuteMedian":27887},"geometry":{"type":"Polygon","coordinates":[[[120.27830414519055,23.1373495612779],[120.27830414519055,23.146342764915147],[120.28729734882779,23.146342764915147],[120.28729734882779,23.1373495612779],[120.27830414519055,23.1373495612779]]]}},{"type":"Feature","properties":{"jobs":147,"pop":963,"pointCount":7,"homeWorkCommuteMedian":6791,"workHomeCommuteMedian":5013},"geometry":{"type":"Polygon","coordinates":[[[120.27830414519055,23.146342764915147],[120.27830414519055,23.155335968552393],[120.28729734882779,23.155335968552393],[120.28729734882779,23.146342764915147],[120.27830414519055,23.146342764915147]]]}},{"type":"Feature","properties":{"jobs":30,"pop":0,"pointCount":1,"homeWorkCommuteMedian":-1,"workHomeCommuteMedian":4211},"geometry":{"type":"Polygon","coordinates":[[[120.27830414519055,23.155335968552393],[120.27830414519055,23.16432917218964],[120.28729734882779,23.16432917218964],[120.28729734882779,23.155335968552393],[120.27830414519055,23.155335968552393]]]}},{"type":"Feature","properties":{"jobs":66,"pop":611,"pointCount":8,"homeWorkCommuteMedian":15708,"workHomeCommuteMedian":5387},"geometry":{"type":"Polygon","coordinates":[[[120.27830414519055,23.18231557946413],[120.27830414519055,23.191308783101377],[120.28729734882779,23.191308783101377],[120.28729734882779,23.18231557946413],[120.27830414519055,23.18231557946413]]]}},{"type":"Feature","properties":{"jobs":29,"pop":169,"pointCount":2,"homeWorkCommuteMedian":7734,"workHomeCommuteMedian":4713},"geometry":{"type":"Polygon","coordinates":[[[120.27830414519055,23.191308783101377],[120.27830414519055,23.200301986738623],[120.28729734882779,23.200301986738623],[120.28729734882779,23.191308783101377],[120.27830414519055,23.191308783101377]]]}},{"type":"Feature","properties":{"jobs":23,"pop":25,"pointCount":2,"homeWorkCommuteMedian":3191,"workHomeCommuteMedian":4458},"geometry":{"type":"Polygon","coordinates":[[[120.27830414519055,23.200301986738623],[120.27830414519055,23.20929519037587],[120.28729734882779,23.20929519037587],[120.28729734882779,23.200301986738623],[120.27830414519055,23.200301986738623]]]}},{"type":"Feature","properties":{"jobs":54,"pop":884,"pointCount":6,"homeWorkCommuteMedian":29503,"workHomeCommuteMedian":64437},"geometry":{"type":"Polygon","coordinates":[[[120.27830414519055,23.20929519037587],[120.27830414519055,23.218288394013115],[120.28729734882779,23.218288394013115],[120.28729734882779,23.20929519037587],[120.27830414519055,23.20929519037587]]]}},{"type":"Feature","properties":{"jobs":96,"pop":199,"pointCount":4,"homeWorkCommuteMedian":8516,"workHomeCommuteMedian":36655},"geometry":{"type":"Polygon","coordinates":[[[120.27830414519055,23.218288394013115],[120.27830414519055,23.22728159765036],[120.28729734882779,23.22728159765036],[120.28729734882779,23.218288394013115],[120.27830414519055,23.218288394013115]]]}},{"type":"Feature","properties":{"jobs":0,"pop":67,"pointCount":1,"homeWorkCommuteMedian":36810,"workHomeCommuteMedian":-1},"geometry":{"type":"Polygon","coordinates":[[[120.27830414519055,23.22728159765036],[120.27830414519055,23.236274801287607],[120.28729734882779,23.236274801287607],[120.28729734882779,23.22728159765036],[120.27830414519055,23.22728159765036]]]}},{"type":"Feature","properties":{"jobs":22,"pop":24,"pointCount":2,"homeWorkCommuteMedian":20062,"workHomeCommuteMedian":2515},"geometry":{"type":"Polygon","coordinates":[[[120.27830414519055,23.236274801287607],[120.27830414519055,23.245268004924853],[120.28729734882779,23.245268004924853],[120.28729734882779,23.236274801287607],[120.27830414519055,23.236274801287607]]]}},{"type":"Feature","properties":{"jobs":137,"pop":76,"pointCount":3,"homeWorkCommuteMedian":2187,"workHomeCommuteMedian":3583},"geometry":{"type":"Polygon","coordinates":[[[120.27830414519055,23.245268004924853],[120.27830414519055,23.2542612085621],[120.28729734882779,23.2542612085621],[120.28729734882779,23.245268004924853],[120.27830414519055,23.245268004924853]]]}},{"type":"Feature","properties":{"jobs":0,"pop":174,"pointCount":2,"homeWorkCommuteMedian":28212,"workHomeCommuteMedian":-1},"geometry":{"type":"Polygon","coordinates":[[[120.27830414519055,23.2542612085621],[120.27830414519055,23.263254412199345],[120.28729734882779,23.263254412199345],[120.28729734882779,23.2542612085621],[120.27830414519055,23.2542612085621]]]}},{"type":"Feature","properties":{"jobs":55,"pop":0,"pointCount":1,"homeWorkCommuteMedian":-1,"workHomeCommuteMedian":20766},"geometry":{"type":"Polygon","coordinates":[[[120.28729734882779,22.82258743397429],[120.28729734882779,22.831580637611538],[120.29629055246504,22.831580637611538],[120.29629055246504,22.82258743397429],[120.28729734882779,22.82258743397429]]]}},{"type":"Feature","properties":{"jobs":56,"pop":0,"pointCount":1,"homeWorkCommuteMedian":-1,"workHomeCommuteMedian":19559},"geometry":{"type":"Polygon","coordinates":[[[120.28729734882779,22.831580637611538],[120.28729734882779,22.840573841248784],[120.29629055246504,22.840573841248784],[120.29629055246504,22.831580637611538],[120.28729734882779,22.831580637611538]]]}},{"type":"Feature","properties":{"jobs":0,"pop":29,"pointCount":1,"homeWorkCommuteMedian":6547,"workHomeCommuteMedian":-1},"geometry":{"type":"Polygon","coordinates":[[[120.28729734882779,22.84956704488603],[120.28729734882779,22.858560248523276],[120.29629055246504,22.858560248523276],[120.29629055246504,22.84956704488603],[120.28729734882779,22.84956704488603]]]}},{"type":"Feature","properties":{"jobs":65,"pop":848,"pointCount":10,"homeWorkCommuteMedian":8765,"workHomeCommuteMedian":21851},"geometry":{"type":"Polygon","coordinates":[[[120.28729734882779,22.858560248523276],[120.28729734882779,22.86755345216052],[120.29629055246504,22.86755345216052],[120.29629055246504,22.858560248523276],[120.28729734882779,22.858560248523276]]]}},{"type":"Feature","properties":{"jobs":160,"pop":1497,"pointCount":9,"homeWorkCommuteMedian":9779,"workHomeCommuteMedian":18702},"geometry":{"type":"Polygon","coordinates":[[[120.28729734882779,22.86755345216052],[120.28729734882779,22.876546655797767],[120.29629055246504,22.876546655797767],[120.29629055246504,22.86755345216052],[120.28729734882779,22.86755345216052]]]}},{"type":"Feature","properties":{"jobs":231,"pop":109,"pointCount":6,"homeWorkCommuteMedian":15243,"workHomeCommuteMedian":10198},"geometry":{"type":"Polygon","coordinates":[[[120.28729734882779,22.876546655797767],[120.28729734882779,22.885539859435013],[120.29629055246504,22.885539859435013],[120.29629055246504,22.876546655797767],[120.28729734882779,22.876546655797767]]]}},{"type":"Feature","properties":{"jobs":176,"pop":379,"pointCount":7,"homeWorkCommuteMedian":6883,"workHomeCommuteMedian":6820},"geometry":{"type":"Polygon","coordinates":[[[120.28729734882779,22.885539859435013],[120.28729734882779,22.89453306307226],[120.29629055246504,22.89453306307226],[120.29629055246504,22.885539859435013],[120.28729734882779,22.885539859435013]]]}},{"type":"Feature","properties":{"jobs":44,"pop":539,"pointCount":5,"homeWorkCommuteMedian":8969,"workHomeCommuteMedian":21118},"geometry":{"type":"Polygon","coordinates":[[[120.28729734882779,22.89453306307226],[120.28729734882779,22.903526266709505],[120.29629055246504,22.903526266709505],[120.29629055246504,22.89453306307226],[120.28729734882779,22.89453306307226]]]}},{"type":"Feature","properties":{"jobs":40,"pop":215,"pointCount":2,"homeWorkCommuteMedian":13926,"workHomeCommuteMedian":7401},"geometry":{"type":"Polygon","coordinates":[[[120.28729734882779,22.903526266709505],[120.28729734882779,22.91251947034675],[120.29629055246504,22.91251947034675],[120.29629055246504,22.903526266709505],[120.28729734882779,22.903526266709505]]]}},{"type":"Feature","properties":{"jobs":54,"pop":0,"pointCount":1,"homeWorkCommuteMedian":-1,"workHomeCommuteMedian":7161},"geometry":{"type":"Polygon","coordinates":[[[120.28729734882779,22.91251947034675],[120.28729734882779,22.921512673983997],[120.29629055246504,22.921512673983997],[120.29629055246504,22.91251947034675],[120.28729734882779,22.91251947034675]]]}},{"type":"Feature","properties":{"jobs":122,"pop":184,"pointCount":2,"homeWorkCommuteMedian":7623,"workHomeCommuteMedian":32671},"geometry":{"type":"Polygon","coordinates":[[[120.28729734882779,22.921512673983997],[120.28729734882779,22.930505877621243],[120.29629055246504,22.930505877621243],[120.29629055246504,22.921512673983997],[120.28729734882779,22.921512673983997]]]}},{"type":"Feature","properties":{"jobs":329,"pop":0,"pointCount":2,"homeWorkCommuteMedian":-1,"workHomeCommuteMedian":3424},"geometry":{"type":"Polygon","coordinates":[[[120.28729734882779,22.948492284895735],[120.28729734882779,22.95748548853298],[120.29629055246504,22.95748548853298],[120.29629055246504,22.948492284895735],[120.28729734882779,22.948492284895735]]]}},{"type":"Feature","properties":{"jobs":1549,"pop":4109,"pointCount":9,"homeWorkCommuteMedian":7124,"workHomeCommuteMedian":4835},"geometry":{"type":"Polygon","coordinates":[[[120.28729734882779,22.95748548853298],[120.28729734882779,22.966478692170227],[120.29629055246504,22.966478692170227],[120.29629055246504,22.95748548853298],[120.28729734882779,22.95748548853298]]]}},{"type":"Feature","properties":{"jobs":2687,"pop":3846,"pointCount":16,"homeWorkCommuteMedian":9751,"workHomeCommuteMedian":10289},"geometry":{"type":"Polygon","coordinates":[[[120.28729734882779,22.966478692170227],[120.28729734882779,22.975471895807473],[120.29629055246504,22.975471895807473],[120.29629055246504,22.966478692170227],[120.28729734882779,22.966478692170227]]]}},{"type":"Feature","properties":{"jobs":390,"pop":1216,"pointCount":8,"homeWorkCommuteMedian":9721,"workHomeCommuteMedian":4733},"geometry":{"type":"Polygon","coordinates":[[[120.28729734882779,22.975471895807473],[120.28729734882779,22.98446509944472],[120.29629055246504,22.98446509944472],[120.29629055246504,22.975471895807473],[120.28729734882779,22.975471895807473]]]}},{"type":"Feature","properties":{"jobs":624,"pop":373,"pointCount":9,"homeWorkCommuteMedian":4964,"workHomeCommuteMedian":6400},"geometry":{"type":"Polygon","coordinates":[[[120.28729734882779,22.98446509944472],[120.28729734882779,22.993458303081965],[120.29629055246504,22.993458303081965],[120.29629055246504,22.98446509944472],[120.28729734882779,22.98446509944472]]]}},{"type":"Feature","properties":{"jobs":348,"pop":1494,"pointCount":9,"homeWorkCommuteMedian":10290,"workHomeCommuteMedian":6303},"geometry":{"type":"Polygon","coordinates":[[[120.28729734882779,22.993458303081965],[120.28729734882779,23.00245150671921],[120.29629055246504,23.00245150671921],[120.29629055246504,22.993458303081965],[120.28729734882779,22.993458303081965]]]}},{"type":"Feature","properties":{"jobs":354,"pop":162,"pointCount":5,"homeWorkCommuteMedian":10617,"workHomeCommuteMedian":5621},"geometry":{"type":"Polygon","coordinates":[[[120.28729734882779,23.00245150671921],[120.28729734882779,23.011444710356457],[120.29629055246504,23.011444710356457],[120.29629055246504,23.00245150671921],[120.28729734882779,23.00245150671921]]]}},{"type":"Feature","properties":{"jobs":377,"pop":141,"pointCount":3,"homeWorkCommuteMedian":7065,"workHomeCommuteMedian":6287},"geometry":{"type":"Polygon","coordinates":[[[120.28729734882779,23.011444710356457],[120.28729734882779,23.020437913993703],[120.29629055246504,23.020437913993703],[120.29629055246504,23.011444710356457],[120.28729734882779,23.011444710356457]]]}},{"type":"Feature","properties":{"jobs":355,"pop":564,"pointCount":7,"homeWorkCommuteMedian":5050,"workHomeCommuteMedian":10859},"geometry":{"type":"Polygon","coordinates":[[[120.28729734882779,23.020437913993703],[120.28729734882779,23.02943111763095],[120.29629055246504,23.02943111763095],[120.29629055246504,23.020437913993703],[120.28729734882779,23.020437913993703]]]}},{"type":"Feature","properties":{"jobs":660,"pop":813,"pointCount":9,"homeWorkCommuteMedian":9775,"workHomeCommuteMedian":8246},"geometry":{"type":"Polygon","coordinates":[[[120.28729734882779,23.02943111763095],[120.28729734882779,23.038424321268195],[120.29629055246504,23.038424321268195],[120.29629055246504,23.02943111763095],[120.28729734882779,23.02943111763095]]]}},{"type":"Feature","properties":{"jobs":220,"pop":783,"pointCount":6,"homeWorkCommuteMedian":7883,"workHomeCommuteMedian":29759},"geometry":{"type":"Polygon","coordinates":[[[120.28729734882779,23.038424321268195],[120.28729734882779,23.04741752490544],[120.29629055246504,23.04741752490544],[120.29629055246504,23.038424321268195],[120.28729734882779,23.038424321268195]]]}},{"type":"Feature","properties":{"jobs":187,"pop":102,"pointCount":2,"homeWorkCommuteMedian":4549,"workHomeCommuteMedian":28864},"geometry":{"type":"Polygon","coordinates":[[[120.28729734882779,23.04741752490544],[120.28729734882779,23.056410728542687],[120.29629055246504,23.056410728542687],[120.29629055246504,23.04741752490544],[120.28729734882779,23.04741752490544]]]}},{"type":"Feature","properties":{"jobs":572,"pop":1654,"pointCount":12,"homeWorkCommuteMedian":5951,"workHomeCommuteMedian":5050},"geometry":{"type":"Polygon","coordinates":[[[120.28729734882779,23.056410728542687],[120.28729734882779,23.065403932179933],[120.29629055246504,23.065403932179933],[120.29629055246504,23.056410728542687],[120.28729734882779,23.056410728542687]]]}},{"type":"Feature","properties":{"jobs":1536,"pop":2166,"pointCount":12,"homeWorkCommuteMedian":5652,"workHomeCommuteMedian":9139},"geometry":{"type":"Polygon","coordinates":[[[120.28729734882779,23.065403932179933],[120.28729734882779,23.07439713581718],[120.29629055246504,23.07439713581718],[120.29629055246504,23.065403932179933],[120.28729734882779,23.065403932179933]]]}},{"type":"Feature","properties":{"jobs":1810,"pop":4667,"pointCount":13,"homeWorkCommuteMedian":4066,"workHomeCommuteMedian":15850},"geometry":{"type":"Polygon","coordinates":[[[120.28729734882779,23.07439713581718],[120.28729734882779,23.083390339454425],[120.29629055246504,23.083390339454425],[120.29629055246504,23.07439713581718],[120.28729734882779,23.07439713581718]]]}},{"type":"Feature","properties":{"jobs":1711,"pop":437,"pointCount":4,"homeWorkCommuteMedian":4048,"workHomeCommuteMedian":15192},"geometry":{"type":"Polygon","coordinates":[[[120.28729734882779,23.083390339454425],[120.28729734882779,23.09238354309167],[120.29629055246504,23.09238354309167],[120.29629055246504,23.083390339454425],[120.28729734882779,23.083390339454425]]]}},{"type":"Feature","properties":{"jobs":908,"pop":366,"pointCount":10,"homeWorkCommuteMedian":4729,"workHomeCommuteMedian":20814},"geometry":{"type":"Polygon","coordinates":[[[120.28729734882779,23.09238354309167],[120.28729734882779,23.101376746728917],[120.29629055246504,23.101376746728917],[120.29629055246504,23.09238354309167],[120.28729734882779,23.09238354309167]]]}},{"type":"Feature","properties":{"jobs":1913,"pop":256,"pointCount":5,"homeWorkCommuteMedian":8776,"workHomeCommuteMedian":15277},"geometry":{"type":"Polygon","coordinates":[[[120.28729734882779,23.101376746728917],[120.28729734882779,23.110369950366163],[120.29629055246504,23.110369950366163],[120.29629055246504,23.101376746728917],[120.28729734882779,23.101376746728917]]]}},{"type":"Feature","properties":{"jobs":73,"pop":111,"pointCount":2,"homeWorkCommuteMedian":5632,"workHomeCommuteMedian":18538},"geometry":{"type":"Polygon","coordinates":[[[120.28729734882779,23.110369950366163],[120.28729734882779,23.11936315400341],[120.29629055246504,23.11936315400341],[120.29629055246504,23.110369950366163],[120.28729734882779,23.110369950366163]]]}},{"type":"Feature","properties":{"jobs":613,"pop":399,"pointCount":11,"homeWorkCommuteMedian":4435,"workHomeCommuteMedian":16534},"geometry":{"type":"Polygon","coordinates":[[[120.28729734882779,23.11936315400341],[120.28729734882779,23.128356357640655],[120.29629055246504,23.128356357640655],[120.29629055246504,23.11936315400341],[120.28729734882779,23.11936315400341]]]}},{"type":"Feature","properties":{"jobs":1597,"pop":4022,"pointCount":13,"homeWorkCommuteMedian":4473,"workHomeCommuteMedian":9034},"geometry":{"type":"Polygon","coordinates":[[[120.28729734882779,23.128356357640655],[120.28729734882779,23.1373495612779],[120.29629055246504,23.1373495612779],[120.29629055246504,23.128356357640655],[120.28729734882779,23.128356357640655]]]}},{"type":"Feature","properties":{"jobs":82,"pop":128,"pointCount":4,"homeWorkCommuteMedian":16678,"workHomeCommuteMedian":19218},"geometry":{"type":"Polygon","coordinates":[[[120.28729734882779,23.1373495612779],[120.28729734882779,23.146342764915147],[120.29629055246504,23.146342764915147],[120.29629055246504,23.1373495612779],[120.28729734882779,23.1373495612779]]]}},{"type":"Feature","properties":{"jobs":282,"pop":516,"pointCount":7,"homeWorkCommuteMedian":6960,"workHomeCommuteMedian":4330},"geometry":{"type":"Polygon","coordinates":[[[120.28729734882779,23.146342764915147],[120.28729734882779,23.155335968552393],[120.29629055246504,23.155335968552393],[120.29629055246504,23.146342764915147],[120.28729734882779,23.146342764915147]]]}},{"type":"Feature","properties":{"jobs":0,"pop":49,"pointCount":1,"homeWorkCommuteMedian":11628,"workHomeCommuteMedian":-1},"geometry":{"type":"Polygon","coordinates":[[[120.28729734882779,23.155335968552393],[120.28729734882779,23.16432917218964],[120.29629055246504,23.16432917218964],[120.29629055246504,23.155335968552393],[120.28729734882779,23.155335968552393]]]}},{"type":"Feature","properties":{"jobs":18,"pop":0,"pointCount":1,"homeWorkCommuteMedian":-1,"workHomeCommuteMedian":34973},"geometry":{"type":"Polygon","coordinates":[[[120.28729734882779,23.18231557946413],[120.28729734882779,23.191308783101377],[120.29629055246504,23.191308783101377],[120.29629055246504,23.18231557946413],[120.28729734882779,23.18231557946413]]]}},{"type":"Feature","properties":{"jobs":212,"pop":0,"pointCount":1,"homeWorkCommuteMedian":-1,"workHomeCommuteMedian":7884},"geometry":{"type":"Polygon","coordinates":[[[120.28729734882779,23.191308783101377],[120.28729734882779,23.200301986738623],[120.29629055246504,23.200301986738623],[120.29629055246504,23.191308783101377],[120.28729734882779,23.191308783101377]]]}},{"type":"Feature","properties":{"jobs":41,"pop":0,"pointCount":1,"homeWorkCommuteMedian":-1,"workHomeCommuteMedian":13687},"geometry":{"type":"Polygon","coordinates":[[[120.28729734882779,23.20929519037587],[120.28729734882779,23.218288394013115],[120.29629055246504,23.218288394013115],[120.29629055246504,23.20929519037587],[120.28729734882779,23.20929519037587]]]}},{"type":"Feature","properties":{"jobs":31,"pop":39,"pointCount":1,"homeWorkCommuteMedian":34720,"workHomeCommuteMedian":33532},"geometry":{"type":"Polygon","coordinates":[[[120.28729734882779,23.218288394013115],[120.28729734882779,23.22728159765036],[120.29629055246504,23.22728159765036],[120.29629055246504,23.218288394013115],[120.28729734882779,23.218288394013115]]]}},{"type":"Feature","properties":{"jobs":0,"pop":75,"pointCount":2,"homeWorkCommuteMedian":21393,"workHomeCommuteMedian":-1},"geometry":{"type":"Polygon","coordinates":[[[120.28729734882779,23.22728159765036],[120.28729734882779,23.236274801287607],[120.29629055246504,23.236274801287607],[120.29629055246504,23.22728159765036],[120.28729734882779,23.22728159765036]]]}},{"type":"Feature","properties":{"jobs":104,"pop":288,"pointCount":8,"homeWorkCommuteMedian":22313,"workHomeCommuteMedian":5801},"geometry":{"type":"Polygon","coordinates":[[[120.28729734882779,23.245268004924853],[120.28729734882779,23.2542612085621],[120.29629055246504,23.2542612085621],[120.29629055246504,23.245268004924853],[120.28729734882779,23.245268004924853]]]}},{"type":"Feature","properties":{"jobs":34,"pop":110,"pointCount":3,"homeWorkCommuteMedian":23402,"workHomeCommuteMedian":5236},"geometry":{"type":"Polygon","coordinates":[[[120.28729734882779,23.2542612085621],[120.28729734882779,23.263254412199345],[120.29629055246504,23.263254412199345],[120.29629055246504,23.2542612085621],[120.28729734882779,23.2542612085621]]]}},{"type":"Feature","properties":{"jobs":63,"pop":0,"pointCount":1,"homeWorkCommuteMedian":-1,"workHomeCommuteMedian":19612},"geometry":{"type":"Polygon","coordinates":[[[120.29629055246504,22.840573841248784],[120.29629055246504,22.84956704488603],[120.30528375610228,22.84956704488603],[120.30528375610228,22.840573841248784],[120.29629055246504,22.840573841248784]]]}},{"type":"Feature","properties":{"jobs":51,"pop":28,"pointCount":2,"homeWorkCommuteMedian":5584,"workHomeCommuteMedian":25693},"geometry":{"type":"Polygon","coordinates":[[[120.29629055246504,22.84956704488603],[120.29629055246504,22.858560248523276],[120.30528375610228,22.858560248523276],[120.30528375610228,22.84956704488603],[120.29629055246504,22.84956704488603]]]}},{"type":"Feature","properties":{"jobs":139,"pop":0,"pointCount":3,"homeWorkCommuteMedian":-1,"workHomeCommuteMedian":4549},"geometry":{"type":"Polygon","coordinates":[[[120.29629055246504,22.858560248523276],[120.29629055246504,22.86755345216052],[120.30528375610228,22.86755345216052],[120.30528375610228,22.858560248523276],[120.29629055246504,22.858560248523276]]]}},{"type":"Feature","properties":{"jobs":130,"pop":86,"pointCount":5,"homeWorkCommuteMedian":9129,"workHomeCommuteMedian":11514},"geometry":{"type":"Polygon","coordinates":[[[120.29629055246504,22.86755345216052],[120.29629055246504,22.876546655797767],[120.30528375610228,22.876546655797767],[120.30528375610228,22.86755345216052],[120.29629055246504,22.86755345216052]]]}},{"type":"Feature","properties":{"jobs":684,"pop":26,"pointCount":6,"homeWorkCommuteMedian":8651,"workHomeCommuteMedian":12026},"geometry":{"type":"Polygon","coordinates":[[[120.29629055246504,22.876546655797767],[120.29629055246504,22.885539859435013],[120.30528375610228,22.885539859435013],[120.30528375610228,22.876546655797767],[120.29629055246504,22.876546655797767]]]}},{"type":"Feature","properties":{"jobs":114,"pop":154,"pointCount":5,"homeWorkCommuteMedian":10593,"workHomeCommuteMedian":4562},"geometry":{"type":"Polygon","coordinates":[[[120.29629055246504,22.885539859435013],[120.29629055246504,22.89453306307226],[120.30528375610228,22.89453306307226],[120.30528375610228,22.885539859435013],[120.29629055246504,22.885539859435013]]]}},{"type":"Feature","properties":{"jobs":48,"pop":62,"pointCount":3,"homeWorkCommuteMedian":8820,"workHomeCommuteMedian":7416},"geometry":{"type":"Polygon","coordinates":[[[120.29629055246504,22.89453306307226],[120.29629055246504,22.903526266709505],[120.30528375610228,22.903526266709505],[120.30528375610228,22.89453306307226],[120.29629055246504,22.89453306307226]]]}},{"type":"Feature","properties":{"jobs":65,"pop":0,"pointCount":1,"homeWorkCommuteMedian":-1,"workHomeCommuteMedian":5632},"geometry":{"type":"Polygon","coordinates":[[[120.29629055246504,22.921512673983997],[120.29629055246504,22.930505877621243],[120.30528375610228,22.930505877621243],[120.30528375610228,22.921512673983997],[120.29629055246504,22.921512673983997]]]}},{"type":"Feature","properties":{"jobs":37,"pop":0,"pointCount":1,"homeWorkCommuteMedian":-1,"workHomeCommuteMedian":33042},"geometry":{"type":"Polygon","coordinates":[[[120.29629055246504,22.93949908125849],[120.29629055246504,22.948492284895735],[120.30528375610228,22.948492284895735],[120.30528375610228,22.93949908125849],[120.29629055246504,22.93949908125849]]]}},{"type":"Feature","properties":{"jobs":623,"pop":373,"pointCount":9,"homeWorkCommuteMedian":15069,"workHomeCommuteMedian":4447},"geometry":{"type":"Polygon","coordinates":[[[120.29629055246504,22.948492284895735],[120.29629055246504,22.95748548853298],[120.30528375610228,22.95748548853298],[120.30528375610228,22.948492284895735],[120.29629055246504,22.948492284895735]]]}},{"type":"Feature","properties":{"jobs":1169,"pop":4450,"pointCount":14,"homeWorkCommuteMedian":9434,"workHomeCommuteMedian":9554},"geometry":{"type":"Polygon","coordinates":[[[120.29629055246504,22.95748548853298],[120.29629055246504,22.966478692170227],[120.30528375610228,22.966478692170227],[120.30528375610228,22.95748548853298],[120.29629055246504,22.95748548853298]]]}},{"type":"Feature","properties":{"jobs":937,"pop":2167,"pointCount":12,"homeWorkCommuteMedian":6650,"workHomeCommuteMedian":8170},"geometry":{"type":"Polygon","coordinates":[[[120.29629055246504,22.966478692170227],[120.29629055246504,22.975471895807473],[120.30528375610228,22.975471895807473],[120.30528375610228,22.966478692170227],[120.29629055246504,22.966478692170227]]]}},{"type":"Feature","properties":{"jobs":90,"pop":85,"pointCount":3,"homeWorkCommuteMedian":4573,"workHomeCommuteMedian":5727},"geometry":{"type":"Polygon","coordinates":[[[120.29629055246504,22.975471895807473],[120.29629055246504,22.98446509944472],[120.30528375610228,22.98446509944472],[120.30528375610228,22.975471895807473],[120.29629055246504,22.975471895807473]]]}},{"type":"Feature","properties":{"jobs":327,"pop":76,"pointCount":3,"homeWorkCommuteMedian":17261,"workHomeCommuteMedian":15390},"geometry":{"type":"Polygon","coordinates":[[[120.29629055246504,22.98446509944472],[120.29629055246504,22.993458303081965],[120.30528375610228,22.993458303081965],[120.30528375610228,22.98446509944472],[120.29629055246504,22.98446509944472]]]}},{"type":"Feature","properties":{"jobs":389,"pop":0,"pointCount":3,"homeWorkCommuteMedian":-1,"workHomeCommuteMedian":6961},"geometry":{"type":"Polygon","coordinates":[[[120.29629055246504,22.993458303081965],[120.29629055246504,23.00245150671921],[120.30528375610228,23.00245150671921],[120.30528375610228,22.993458303081965],[120.29629055246504,22.993458303081965]]]}},{"type":"Feature","properties":{"jobs":0,"pop":584,"pointCount":1,"homeWorkCommuteMedian":7368,"workHomeCommuteMedian":-1},"geometry":{"type":"Polygon","coordinates":[[[120.29629055246504,23.00245150671921],[120.29629055246504,23.011444710356457],[120.30528375610228,23.011444710356457],[120.30528375610228,23.00245150671921],[120.29629055246504,23.00245150671921]]]}},{"type":"Feature","properties":{"jobs":0,"pop":925,"pointCount":2,"homeWorkCommuteMedian":11140,"workHomeCommuteMedian":-1},"geometry":{"type":"Polygon","coordinates":[[[120.29629055246504,23.011444710356457],[120.29629055246504,23.020437913993703],[120.30528375610228,23.020437913993703],[120.30528375610228,23.011444710356457],[120.29629055246504,23.011444710356457]]]}},{"type":"Feature","properties":{"jobs":94,"pop":668,"pointCount":4,"homeWorkCommuteMedian":8415,"workHomeCommuteMedian":2979},"geometry":{"type":"Polygon","coordinates":[[[120.29629055246504,23.020437913993703],[120.29629055246504,23.02943111763095],[120.30528375610228,23.02943111763095],[120.30528375610228,23.020437913993703],[120.29629055246504,23.020437913993703]]]}},{"type":"Feature","properties":{"jobs":1008,"pop":3317,"pointCount":9,"homeWorkCommuteMedian":6661,"workHomeCommuteMedian":3707},"geometry":{"type":"Polygon","coordinates":[[[120.29629055246504,23.02943111763095],[120.29629055246504,23.038424321268195],[120.30528375610228,23.038424321268195],[120.30528375610228,23.02943111763095],[120.29629055246504,23.02943111763095]]]}},{"type":"Feature","properties":{"jobs":467,"pop":3361,"pointCount":11,"homeWorkCommuteMedian":9588,"workHomeCommuteMedian":3318},"geometry":{"type":"Polygon","coordinates":[[[120.29629055246504,23.038424321268195],[120.29629055246504,23.04741752490544],[120.30528375610228,23.04741752490544],[120.30528375610228,23.038424321268195],[120.29629055246504,23.038424321268195]]]}},{"type":"Feature","properties":{"jobs":251,"pop":50,"pointCount":4,"homeWorkCommuteMedian":11198,"workHomeCommuteMedian":5928},"geometry":{"type":"Polygon","coordinates":[[[120.29629055246504,23.04741752490544],[120.29629055246504,23.056410728542687],[120.30528375610228,23.056410728542687],[120.30528375610228,23.04741752490544],[120.29629055246504,23.04741752490544]]]}},{"type":"Feature","properties":{"jobs":500,"pop":567,"pointCount":7,"homeWorkCommuteMedian":7256,"workHomeCommuteMedian":9833},"geometry":{"type":"Polygon","coordinates":[[[120.29629055246504,23.056410728542687],[120.29629055246504,23.065403932179933],[120.30528375610228,23.065403932179933],[120.30528375610228,23.056410728542687],[120.29629055246504,23.056410728542687]]]}},{"type":"Feature","properties":{"jobs":1515,"pop":581,"pointCount":7,"homeWorkCommuteMedian":5131,"workHomeCommuteMedian":11885},"geometry":{"type":"Polygon","coordinates":[[[120.29629055246504,23.065403932179933],[120.29629055246504,23.07439713581718],[120.30528375610228,23.07439713581718],[120.30528375610228,23.065403932179933],[120.29629055246504,23.065403932179933]]]}},{"type":"Feature","properties":{"jobs":1406,"pop":1303,"pointCount":8,"homeWorkCommuteMedian":6435,"workHomeCommuteMedian":17615},"geometry":{"type":"Polygon","coordinates":[[[120.29629055246504,23.07439713581718],[120.29629055246504,23.083390339454425],[120.30528375610228,23.083390339454425],[120.30528375610228,23.07439713581718],[120.29629055246504,23.07439713581718]]]}},{"type":"Feature","properties":{"jobs":308,"pop":890,"pointCount":6,"homeWorkCommuteMedian":6147,"workHomeCommuteMedian":14225},"geometry":{"type":"Polygon","coordinates":[[[120.29629055246504,23.083390339454425],[120.29629055246504,23.09238354309167],[120.30528375610228,23.09238354309167],[120.30528375610228,23.083390339454425],[120.29629055246504,23.083390339454425]]]}},{"type":"Feature","properties":{"jobs":346,"pop":0,"pointCount":2,"homeWorkCommuteMedian":-1,"workHomeCommuteMedian":25248},"geometry":{"type":"Polygon","coordinates":[[[120.29629055246504,23.101376746728917],[120.29629055246504,23.110369950366163],[120.30528375610228,23.110369950366163],[120.30528375610228,23.101376746728917],[120.29629055246504,23.101376746728917]]]}},{"type":"Feature","properties":{"jobs":184,"pop":91,"pointCount":3,"homeWorkCommuteMedian":6243,"workHomeCommuteMedian":19359},"geometry":{"type":"Polygon","coordinates":[[[120.29629055246504,23.110369950366163],[120.29629055246504,23.11936315400341],[120.30528375610228,23.11936315400341],[120.30528375610228,23.110369950366163],[120.29629055246504,23.110369950366163]]]}},{"type":"Feature","properties":{"jobs":184,"pop":1741,"pointCount":4,"homeWorkCommuteMedian":4604,"workHomeCommuteMedian":17007},"geometry":{"type":"Polygon","coordinates":[[[120.29629055246504,23.11936315400341],[120.29629055246504,23.128356357640655],[120.30528375610228,23.128356357640655],[120.30528375610228,23.11936315400341],[120.29629055246504,23.11936315400341]]]}},{"type":"Feature","properties":{"jobs":1392,"pop":2867,"pointCount":12,"homeWorkCommuteMedian":5044,"workHomeCommuteMedian":18980},"geometry":{"type":"Polygon","coordinates":[[[120.29629055246504,23.128356357640655],[120.29629055246504,23.1373495612779],[120.30528375610228,23.1373495612779],[120.30528375610228,23.128356357640655],[120.29629055246504,23.128356357640655]]]}},{"type":"Feature","properties":{"jobs":160,"pop":320,"pointCount":3,"homeWorkCommuteMedian":7033,"workHomeCommuteMedian":9123},"geometry":{"type":"Polygon","coordinates":[[[120.29629055246504,23.1373495612779],[120.29629055246504,23.146342764915147],[120.30528375610228,23.146342764915147],[120.30528375610228,23.1373495612779],[120.29629055246504,23.1373495612779]]]}},{"type":"Feature","properties":{"jobs":63,"pop":1230,"pointCount":7,"homeWorkCommuteMedian":7511,"workHomeCommuteMedian":15670},"geometry":{"type":"Polygon","coordinates":[[[120.29629055246504,23.146342764915147],[120.29629055246504,23.155335968552393],[120.30528375610228,23.155335968552393],[120.30528375610228,23.146342764915147],[120.29629055246504,23.146342764915147]]]}},{"type":"Feature","properties":{"jobs":45,"pop":293,"pointCount":5,"homeWorkCommuteMedian":7964,"workHomeCommuteMedian":3708},"geometry":{"type":"Polygon","coordinates":[[[120.29629055246504,23.155335968552393],[120.29629055246504,23.16432917218964],[120.30528375610228,23.16432917218964],[120.30528375610228,23.155335968552393],[120.29629055246504,23.155335968552393]]]}},{"type":"Feature","properties":{"jobs":20,"pop":0,"pointCount":1,"homeWorkCommuteMedian":-1,"workHomeCommuteMedian":7654},"geometry":{"type":"Polygon","coordinates":[[[120.29629055246504,23.18231557946413],[120.29629055246504,23.191308783101377],[120.30528375610228,23.191308783101377],[120.30528375610228,23.18231557946413],[120.29629055246504,23.18231557946413]]]}},{"type":"Feature","properties":{"jobs":0,"pop":204,"pointCount":1,"homeWorkCommuteMedian":28233,"workHomeCommuteMedian":-1},"geometry":{"type":"Polygon","coordinates":[[[120.29629055246504,23.191308783101377],[120.29629055246504,23.200301986738623],[120.30528375610228,23.200301986738623],[120.30528375610228,23.191308783101377],[120.29629055246504,23.191308783101377]]]}},{"type":"Feature","properties":{"jobs":53,"pop":27,"pointCount":2,"homeWorkCommuteMedian":21053,"workHomeCommuteMedian":7889},"geometry":{"type":"Polygon","coordinates":[[[120.29629055246504,23.200301986738623],[120.29629055246504,23.20929519037587],[120.30528375610228,23.20929519037587],[120.30528375610228,23.200301986738623],[120.29629055246504,23.200301986738623]]]}},{"type":"Feature","properties":{"jobs":568,"pop":329,"pointCount":5,"homeWorkCommuteMedian":3669,"workHomeCommuteMedian":12348},"geometry":{"type":"Polygon","coordinates":[[[120.29629055246504,23.20929519037587],[120.29629055246504,23.218288394013115],[120.30528375610228,23.218288394013115],[120.30528375610228,23.20929519037587],[120.29629055246504,23.20929519037587]]]}},{"type":"Feature","properties":{"jobs":183,"pop":0,"pointCount":1,"homeWorkCommuteMedian":-1,"workHomeCommuteMedian":3054},"geometry":{"type":"Polygon","coordinates":[[[120.29629055246504,23.218288394013115],[120.29629055246504,23.22728159765036],[120.30528375610228,23.22728159765036],[120.30528375610228,23.218288394013115],[120.29629055246504,23.218288394013115]]]}},{"type":"Feature","properties":{"jobs":50,"pop":186,"pointCount":3,"homeWorkCommuteMedian":21670,"workHomeCommuteMedian":5549},"geometry":{"type":"Polygon","coordinates":[[[120.29629055246504,23.22728159765036],[120.29629055246504,23.236274801287607],[120.30528375610228,23.236274801287607],[120.30528375610228,23.22728159765036],[120.29629055246504,23.22728159765036]]]}},{"type":"Feature","properties":{"jobs":0,"pop":28,"pointCount":1,"homeWorkCommuteMedian":23545,"workHomeCommuteMedian":-1},"geometry":{"type":"Polygon","coordinates":[[[120.29629055246504,23.2542612085621],[120.29629055246504,23.263254412199345],[120.30528375610228,23.263254412199345],[120.30528375610228,23.2542612085621],[120.29629055246504,23.2542612085621]]]}},{"type":"Feature","properties":{"jobs":26,"pop":30,"pointCount":2,"homeWorkCommuteMedian":38422,"workHomeCommuteMedian":9646},"geometry":{"type":"Polygon","coordinates":[[[120.30528375610228,22.831580637611538],[120.30528375610228,22.840573841248784],[120.31427695973953,22.840573841248784],[120.31427695973953,22.831580637611538],[120.30528375610228,22.831580637611538]]]}},{"type":"Feature","properties":{"jobs":141,"pop":653,"pointCount":4,"homeWorkCommuteMedian":7433,"workHomeCommuteMedian":7790},"geometry":{"type":"Polygon","coordinates":[[[120.30528375610228,22.840573841248784],[120.30528375610228,22.84956704488603],[120.31427695973953,22.84956704488603],[120.31427695973953,22.840573841248784],[120.30528375610228,22.840573841248784]]]}},{"type":"Feature","properties":{"jobs":80,"pop":89,"pointCount":4,"homeWorkCommuteMedian":12580,"workHomeCommuteMedian":7090},"geometry":{"type":"Polygon","coordinates":[[[120.30528375610228,22.858560248523276],[120.30528375610228,22.86755345216052],[120.31427695973953,22.86755345216052],[120.31427695973953,22.858560248523276],[120.30528375610228,22.858560248523276]]]}},{"type":"Feature","properties":{"jobs":322,"pop":129,"pointCount":9,"homeWorkCommuteMedian":13687,"workHomeCommuteMedian":3573},"geometry":{"type":"Polygon","coordinates":[[[120.30528375610228,22.86755345216052],[120.30528375610228,22.876546655797767],[120.31427695973953,22.876546655797767],[120.31427695973953,22.86755345216052],[120.30528375610228,22.86755345216052]]]}},{"type":"Feature","properties":{"jobs":158,"pop":301,"pointCount":5,"homeWorkCommuteMedian":20732,"workHomeCommuteMedian":8539},"geometry":{"type":"Polygon","coordinates":[[[120.30528375610228,22.876546655797767],[120.30528375610228,22.885539859435013],[120.31427695973953,22.885539859435013],[120.31427695973953,22.876546655797767],[120.30528375610228,22.876546655797767]]]}},{"type":"Feature","properties":{"jobs":190,"pop":503,"pointCount":8,"homeWorkCommuteMedian":12096,"workHomeCommuteMedian":12666},"geometry":{"type":"Polygon","coordinates":[[[120.30528375610228,22.885539859435013],[120.30528375610228,22.89453306307226],[120.31427695973953,22.89453306307226],[120.31427695973953,22.885539859435013],[120.30528375610228,22.885539859435013]]]}},{"type":"Feature","properties":{"jobs":33,"pop":278,"pointCount":3,"homeWorkCommuteMedian":15818,"workHomeCommuteMedian":9276},"geometry":{"type":"Polygon","coordinates":[[[120.30528375610228,22.89453306307226],[120.30528375610228,22.903526266709505],[120.31427695973953,22.903526266709505],[120.31427695973953,22.89453306307226],[120.30528375610228,22.89453306307226]]]}},{"type":"Feature","properties":{"jobs":150,"pop":62,"pointCount":3,"homeWorkCommuteMedian":19499,"workHomeCommuteMedian":10963},"geometry":{"type":"Polygon","coordinates":[[[120.30528375610228,22.93949908125849],[120.30528375610228,22.948492284895735],[120.31427695973953,22.948492284895735],[120.31427695973953,22.93949908125849],[120.30528375610228,22.93949908125849]]]}},{"type":"Feature","properties":{"jobs":72,"pop":45,"pointCount":2,"homeWorkCommuteMedian":8212,"workHomeCommuteMedian":3509},"geometry":{"type":"Polygon","coordinates":[[[120.30528375610228,22.948492284895735],[120.30528375610228,22.95748548853298],[120.31427695973953,22.95748548853298],[120.31427695973953,22.948492284895735],[120.30528375610228,22.948492284895735]]]}},{"type":"Feature","properties":{"jobs":1046,"pop":96,"pointCount":6,"homeWorkCommuteMedian":11747,"workHomeCommuteMedian":8182},"geometry":{"type":"Polygon","coordinates":[[[120.30528375610228,22.95748548853298],[120.30528375610228,22.966478692170227],[120.31427695973953,22.966478692170227],[120.31427695973953,22.95748548853298],[120.30528375610228,22.95748548853298]]]}},{"type":"Feature","properties":{"jobs":66,"pop":0,"pointCount":1,"homeWorkCommuteMedian":-1,"workHomeCommuteMedian":777},"geometry":{"type":"Polygon","coordinates":[[[120.30528375610228,22.966478692170227],[120.30528375610228,22.975471895807473],[120.31427695973953,22.975471895807473],[120.31427695973953,22.966478692170227],[120.30528375610228,22.966478692170227]]]}},{"type":"Feature","properties":{"jobs":659,"pop":0,"pointCount":4,"homeWorkCommuteMedian":-1,"workHomeCommuteMedian":5824},"geometry":{"type":"Polygon","coordinates":[[[120.30528375610228,22.975471895807473],[120.30528375610228,22.98446509944472],[120.31427695973953,22.98446509944472],[120.31427695973953,22.975471895807473],[120.30528375610228,22.975471895807473]]]}},{"type":"Feature","properties":{"jobs":333,"pop":0,"pointCount":3,"homeWorkCommuteMedian":-1,"workHomeCommuteMedian":7496},"geometry":{"type":"Polygon","coordinates":[[[120.30528375610228,22.98446509944472],[120.30528375610228,22.993458303081965],[120.31427695973953,22.993458303081965],[120.31427695973953,22.98446509944472],[120.30528375610228,22.98446509944472]]]}},{"type":"Feature","properties":{"jobs":589,"pop":470,"pointCount":8,"homeWorkCommuteMedian":11085,"workHomeCommuteMedian":6628},"geometry":{"type":"Polygon","coordinates":[[[120.30528375610228,22.993458303081965],[120.30528375610228,23.00245150671921],[120.31427695973953,23.00245150671921],[120.31427695973953,22.993458303081965],[120.30528375610228,22.993458303081965]]]}},{"type":"Feature","properties":{"jobs":77,"pop":115,"pointCount":2,"homeWorkCommuteMedian":12678,"workHomeCommuteMedian":22283},"geometry":{"type":"Polygon","coordinates":[[[120.30528375610228,23.00245150671921],[120.30528375610228,23.011444710356457],[120.31427695973953,23.011444710356457],[120.31427695973953,23.00245150671921],[120.30528375610228,23.00245150671921]]]}},{"type":"Feature","properties":{"jobs":155,"pop":534,"pointCount":6,"homeWorkCommuteMedian":9635,"workHomeCommuteMedian":3958},"geometry":{"type":"Polygon","coordinates":[[[120.30528375610228,23.011444710356457],[120.30528375610228,23.020437913993703],[120.31427695973953,23.020437913993703],[120.31427695973953,23.011444710356457],[120.30528375610228,23.011444710356457]]]}},{"type":"Feature","properties":{"jobs":328,"pop":537,"pointCount":10,"homeWorkCommuteMedian":8182,"workHomeCommuteMedian":4804},"geometry":{"type":"Polygon","coordinates":[[[120.30528375610228,23.020437913993703],[120.30528375610228,23.02943111763095],[120.31427695973953,23.02943111763095],[120.31427695973953,23.020437913993703],[120.30528375610228,23.020437913993703]]]}},{"type":"Feature","properties":{"jobs":1573,"pop":4110,"pointCount":14,"homeWorkCommuteMedian":7565,"workHomeCommuteMedian":3032},"geometry":{"type":"Polygon","coordinates":[[[120.30528375610228,23.02943111763095],[120.30528375610228,23.038424321268195],[120.31427695973953,23.038424321268195],[120.31427695973953,23.02943111763095],[120.30528375610228,23.02943111763095]]]}},{"type":"Feature","properties":{"jobs":834,"pop":1825,"pointCount":8,"homeWorkCommuteMedian":8567,"workHomeCommuteMedian":12432},"geometry":{"type":"Polygon","coordinates":[[[120.30528375610228,23.038424321268195],[120.30528375610228,23.04741752490544],[120.31427695973953,23.04741752490544],[120.31427695973953,23.038424321268195],[120.30528375610228,23.038424321268195]]]}},{"type":"Feature","properties":{"jobs":0,"pop":22,"pointCount":1,"homeWorkCommuteMedian":25118,"workHomeCommuteMedian":-1},"geometry":{"type":"Polygon","coordinates":[[[120.30528375610228,23.056410728542687],[120.30528375610228,23.065403932179933],[120.31427695973953,23.065403932179933],[120.31427695973953,23.056410728542687],[120.30528375610228,23.056410728542687]]]}},{"type":"Feature","properties":{"jobs":64,"pop":88,"pointCount":2,"homeWorkCommuteMedian":6151,"workHomeCommuteMedian":20997},"geometry":{"type":"Polygon","coordinates":[[[120.30528375610228,23.065403932179933],[120.30528375610228,23.07439713581718],[120.31427695973953,23.07439713581718],[120.31427695973953,23.065403932179933],[120.30528375610228,23.065403932179933]]]}},{"type":"Feature","properties":{"jobs":0,"pop":169,"pointCount":2,"homeWorkCommuteMedian":6063,"workHomeCommuteMedian":-1},"geometry":{"type":"Polygon","coordinates":[[[120.30528375610228,23.07439713581718],[120.30528375610228,23.083390339454425],[120.31427695973953,23.083390339454425],[120.31427695973953,23.07439713581718],[120.30528375610228,23.07439713581718]]]}},{"type":"Feature","properties":{"jobs":455,"pop":916,"pointCount":12,"homeWorkCommuteMedian":6570,"workHomeCommuteMedian":9692},"geometry":{"type":"Polygon","coordinates":[[[120.30528375610228,23.083390339454425],[120.30528375610228,23.09238354309167],[120.31427695973953,23.09238354309167],[120.31427695973953,23.083390339454425],[120.30528375610228,23.083390339454425]]]}},{"type":"Feature","properties":{"jobs":259,"pop":1152,"pointCount":10,"homeWorkCommuteMedian":7967,"workHomeCommuteMedian":5195},"geometry":{"type":"Polygon","coordinates":[[[120.30528375610228,23.09238354309167],[120.30528375610228,23.101376746728917],[120.31427695973953,23.101376746728917],[120.31427695973953,23.09238354309167],[120.30528375610228,23.09238354309167]]]}},{"type":"Feature","properties":{"jobs":190,"pop":111,"pointCount":3,"homeWorkCommuteMedian":4482,"workHomeCommuteMedian":18873},"geometry":{"type":"Polygon","coordinates":[[[120.30528375610228,23.101376746728917],[120.30528375610228,23.110369950366163],[120.31427695973953,23.110369950366163],[120.31427695973953,23.101376746728917],[120.30528375610228,23.101376746728917]]]}},{"type":"Feature","properties":{"jobs":0,"pop":2085,"pointCount":1,"homeWorkCommuteMedian":6465,"workHomeCommuteMedian":-1},"geometry":{"type":"Polygon","coordinates":[[[120.30528375610228,23.110369950366163],[120.30528375610228,23.11936315400341],[120.31427695973953,23.11936315400341],[120.31427695973953,23.110369950366163],[120.30528375610228,23.110369950366163]]]}},{"type":"Feature","properties":{"jobs":87,"pop":465,"pointCount":4,"homeWorkCommuteMedian":5266,"workHomeCommuteMedian":3644},"geometry":{"type":"Polygon","coordinates":[[[120.30528375610228,23.11936315400341],[120.30528375610228,23.128356357640655],[120.31427695973953,23.128356357640655],[120.31427695973953,23.11936315400341],[120.30528375610228,23.11936315400341]]]}},{"type":"Feature","properties":{"jobs":403,"pop":192,"pointCount":6,"homeWorkCommuteMedian":6626,"workHomeCommuteMedian":3519},"geometry":{"type":"Polygon","coordinates":[[[120.30528375610228,23.128356357640655],[120.30528375610228,23.1373495612779],[120.31427695973953,23.1373495612779],[120.31427695973953,23.128356357640655],[120.30528375610228,23.128356357640655]]]}},{"type":"Feature","properties":{"jobs":190,"pop":503,"pointCount":3,"homeWorkCommuteMedian":6974,"workHomeCommuteMedian":27320},"geometry":{"type":"Polygon","coordinates":[[[120.30528375610228,23.1373495612779],[120.30528375610228,23.146342764915147],[120.31427695973953,23.146342764915147],[120.31427695973953,23.1373495612779],[120.30528375610228,23.1373495612779]]]}},{"type":"Feature","properties":{"jobs":0,"pop":198,"pointCount":2,"homeWorkCommuteMedian":7308,"workHomeCommuteMedian":-1},"geometry":{"type":"Polygon","coordinates":[[[120.30528375610228,23.146342764915147],[120.30528375610228,23.155335968552393],[120.31427695973953,23.155335968552393],[120.31427695973953,23.146342764915147],[120.30528375610228,23.146342764915147]]]}},{"type":"Feature","properties":{"jobs":39,"pop":262,"pointCount":3,"homeWorkCommuteMedian":8479,"workHomeCommuteMedian":2565},"geometry":{"type":"Polygon","coordinates":[[[120.30528375610228,23.155335968552393],[120.30528375610228,23.16432917218964],[120.31427695973953,23.16432917218964],[120.31427695973953,23.155335968552393],[120.30528375610228,23.155335968552393]]]}},{"type":"Feature","properties":{"jobs":23,"pop":0,"pointCount":1,"homeWorkCommuteMedian":-1,"workHomeCommuteMedian":8516},"geometry":{"type":"Polygon","coordinates":[[[120.30528375610228,23.173322375826885],[120.30528375610228,23.18231557946413],[120.31427695973953,23.18231557946413],[120.31427695973953,23.173322375826885],[120.30528375610228,23.173322375826885]]]}},{"type":"Feature","properties":{"jobs":195,"pop":1157,"pointCount":9,"homeWorkCommuteMedian":9320,"workHomeCommuteMedian":10360},"geometry":{"type":"Polygon","coordinates":[[[120.30528375610228,23.191308783101377],[120.30528375610228,23.200301986738623],[120.31427695973953,23.200301986738623],[120.31427695973953,23.191308783101377],[120.30528375610228,23.191308783101377]]]}},{"type":"Feature","properties":{"jobs":361,"pop":0,"pointCount":3,"homeWorkCommuteMedian":-1,"workHomeCommuteMedian":31490},"geometry":{"type":"Polygon","coordinates":[[[120.30528375610228,23.200301986738623],[120.30528375610228,23.20929519037587],[120.31427695973953,23.20929519037587],[120.31427695973953,23.200301986738623],[120.30528375610228,23.200301986738623]]]}},{"type":"Feature","properties":{"jobs":285,"pop":214,"pointCount":6,"homeWorkCommuteMedian":2074,"workHomeCommuteMedian":12488},"geometry":{"type":"Polygon","coordinates":[[[120.30528375610228,23.20929519037587],[120.30528375610228,23.218288394013115],[120.31427695973953,23.218288394013115],[120.31427695973953,23.20929519037587],[120.30528375610228,23.20929519037587]]]}},{"type":"Feature","properties":{"jobs":837,"pop":0,"pointCount":3,"homeWorkCommuteMedian":-1,"workHomeCommuteMedian":9128},"geometry":{"type":"Polygon","coordinates":[[[120.30528375610228,23.218288394013115],[120.30528375610228,23.22728159765036],[120.31427695973953,23.22728159765036],[120.31427695973953,23.218288394013115],[120.30528375610228,23.218288394013115]]]}},{"type":"Feature","properties":{"jobs":137,"pop":0,"pointCount":2,"homeWorkCommuteMedian":-1,"workHomeCommuteMedian":5343},"geometry":{"type":"Polygon","coordinates":[[[120.30528375610228,23.22728159765036],[120.30528375610228,23.236274801287607],[120.31427695973953,23.236274801287607],[120.31427695973953,23.22728159765036],[120.30528375610228,23.22728159765036]]]}},{"type":"Feature","properties":{"jobs":206,"pop":45,"pointCount":4,"homeWorkCommuteMedian":11195,"workHomeCommuteMedian":5817},"geometry":{"type":"Polygon","coordinates":[[[120.30528375610228,23.236274801287607],[120.30528375610228,23.245268004924853],[120.31427695973953,23.245268004924853],[120.31427695973953,23.236274801287607],[120.30528375610228,23.236274801287607]]]}},{"type":"Feature","properties":{"jobs":209,"pop":504,"pointCount":7,"homeWorkCommuteMedian":19933,"workHomeCommuteMedian":5410},"geometry":{"type":"Polygon","coordinates":[[[120.30528375610228,23.245268004924853],[120.30528375610228,23.2542612085621],[120.31427695973953,23.2542612085621],[120.31427695973953,23.245268004924853],[120.30528375610228,23.245268004924853]]]}},{"type":"Feature","properties":{"jobs":85,"pop":64,"pointCount":4,"homeWorkCommuteMedian":24830,"workHomeCommuteMedian":6995},"geometry":{"type":"Polygon","coordinates":[[[120.30528375610228,23.2542612085621],[120.30528375610228,23.263254412199345],[120.31427695973953,23.263254412199345],[120.31427695973953,23.2542612085621],[120.30528375610228,23.2542612085621]]]}},{"type":"Feature","properties":{"jobs":95,"pop":32,"pointCount":1,"homeWorkCommuteMedian":34242,"workHomeCommuteMedian":8392},"geometry":{"type":"Polygon","coordinates":[[[120.31427695973953,22.831580637611538],[120.31427695973953,22.840573841248784],[120.32327016337678,22.840573841248784],[120.32327016337678,22.831580637611538],[120.31427695973953,22.831580637611538]]]}},{"type":"Feature","properties":{"jobs":199,"pop":288,"pointCount":7,"homeWorkCommuteMedian":11542,"workHomeCommuteMedian":8631},"geometry":{"type":"Polygon","coordinates":[[[120.31427695973953,22.840573841248784],[120.31427695973953,22.84956704488603],[120.32327016337678,22.84956704488603],[120.32327016337678,22.840573841248784],[120.31427695973953,22.840573841248784]]]}},{"type":"Feature","properties":{"jobs":171,"pop":188,"pointCount":6,"homeWorkCommuteMedian":17562,"workHomeCommuteMedian":3153},"geometry":{"type":"Polygon","coordinates":[[[120.31427695973953,22.858560248523276],[120.31427695973953,22.86755345216052],[120.32327016337678,22.86755345216052],[120.32327016337678,22.858560248523276],[120.31427695973953,22.858560248523276]]]}},{"type":"Feature","properties":{"jobs":158,"pop":620,"pointCount":6,"homeWorkCommuteMedian":2914,"workHomeCommuteMedian":3925},"geometry":{"type":"Polygon","coordinates":[[[120.31427695973953,22.86755345216052],[120.31427695973953,22.876546655797767],[120.32327016337678,22.876546655797767],[120.32327016337678,22.86755345216052],[120.31427695973953,22.86755345216052]]]}},{"type":"Feature","properties":{"jobs":481,"pop":525,"pointCount":6,"homeWorkCommuteMedian":11565,"workHomeCommuteMedian":6589},"geometry":{"type":"Polygon","coordinates":[[[120.31427695973953,22.876546655797767],[120.31427695973953,22.885539859435013],[120.32327016337678,22.885539859435013],[120.32327016337678,22.876546655797767],[120.31427695973953,22.876546655797767]]]}},{"type":"Feature","properties":{"jobs":142,"pop":952,"pointCount":5,"homeWorkCommuteMedian":7790,"workHomeCommuteMedian":10130},"geometry":{"type":"Polygon","coordinates":[[[120.31427695973953,22.885539859435013],[120.31427695973953,22.89453306307226],[120.32327016337678,22.89453306307226],[120.32327016337678,22.885539859435013],[120.31427695973953,22.885539859435013]]]}},{"type":"Feature","properties":{"jobs":195,"pop":0,"pointCount":1,"homeWorkCommuteMedian":-1,"workHomeCommuteMedian":5558},"geometry":{"type":"Polygon","coordinates":[[[120.31427695973953,22.903526266709505],[120.31427695973953,22.91251947034675],[120.32327016337678,22.91251947034675],[120.32327016337678,22.903526266709505],[120.31427695973953,22.903526266709505]]]}},{"type":"Feature","properties":{"jobs":0,"pop":49,"pointCount":1,"homeWorkCommuteMedian":6653,"workHomeCommuteMedian":-1},"geometry":{"type":"Polygon","coordinates":[[[120.31427695973953,22.93949908125849],[120.31427695973953,22.948492284895735],[120.32327016337678,22.948492284895735],[120.32327016337678,22.93949908125849],[120.31427695973953,22.93949908125849]]]}},{"type":"Feature","properties":{"jobs":1319,"pop":102,"pointCount":6,"homeWorkCommuteMedian":12725,"workHomeCommuteMedian":7143},"geometry":{"type":"Polygon","coordinates":[[[120.31427695973953,22.95748548853298],[120.31427695973953,22.966478692170227],[120.32327016337678,22.966478692170227],[120.32327016337678,22.95748548853298],[120.31427695973953,22.95748548853298]]]}},{"type":"Feature","properties":{"jobs":121,"pop":116,"pointCount":2,"homeWorkCommuteMedian":24487,"workHomeCommuteMedian":5351},"geometry":{"type":"Polygon","coordinates":[[[120.31427695973953,22.966478692170227],[120.31427695973953,22.975471895807473],[120.32327016337678,22.975471895807473],[120.32327016337678,22.966478692170227],[120.31427695973953,22.966478692170227]]]}},{"type":"Feature","properties":{"jobs":1055,"pop":201,"pointCount":3,"homeWorkCommuteMedian":17465,"workHomeCommuteMedian":4069},"geometry":{"type":"Polygon","coordinates":[[[120.31427695973953,22.975471895807473],[120.31427695973953,22.98446509944472],[120.32327016337678,22.98446509944472],[120.32327016337678,22.975471895807473],[120.31427695973953,22.975471895807473]]]}},{"type":"Feature","properties":{"jobs":32,"pop":0,"pointCount":1,"homeWorkCommuteMedian":-1,"workHomeCommuteMedian":16038},"geometry":{"type":"Polygon","coordinates":[[[120.31427695973953,22.993458303081965],[120.31427695973953,23.00245150671921],[120.32327016337678,23.00245150671921],[120.32327016337678,22.993458303081965],[120.31427695973953,22.993458303081965]]]}},{"type":"Feature","properties":{"jobs":72,"pop":403,"pointCount":6,"homeWorkCommuteMedian":12419,"workHomeCommuteMedian":11368},"geometry":{"type":"Polygon","coordinates":[[[120.31427695973953,23.020437913993703],[120.31427695973953,23.02943111763095],[120.32327016337678,23.02943111763095],[120.32327016337678,23.020437913993703],[120.31427695973953,23.020437913993703]]]}},{"type":"Feature","properties":{"jobs":375,"pop":841,"pointCount":8,"homeWorkCommuteMedian":9960,"workHomeCommuteMedian":2655},"geometry":{"type":"Polygon","coordinates":[[[120.31427695973953,23.02943111763095],[120.31427695973953,23.038424321268195],[120.32327016337678,23.038424321268195],[120.32327016337678,23.02943111763095],[120.31427695973953,23.02943111763095]]]}},{"type":"Feature","properties":{"jobs":648,"pop":493,"pointCount":6,"homeWorkCommuteMedian":10725,"workHomeCommuteMedian":11221},"geometry":{"type":"Polygon","coordinates":[[[120.31427695973953,23.038424321268195],[120.31427695973953,23.04741752490544],[120.32327016337678,23.04741752490544],[120.32327016337678,23.038424321268195],[120.31427695973953,23.038424321268195]]]}},{"type":"Feature","properties":{"jobs":2480,"pop":273,"pointCount":3,"homeWorkCommuteMedian":13458,"workHomeCommuteMedian":4549},"geometry":{"type":"Polygon","coordinates":[[[120.31427695973953,23.04741752490544],[120.31427695973953,23.056410728542687],[120.32327016337678,23.056410728542687],[120.32327016337678,23.04741752490544],[120.31427695973953,23.04741752490544]]]}},{"type":"Feature","properties":{"jobs":46,"pop":757,"pointCount":6,"homeWorkCommuteMedian":7771,"workHomeCommuteMedian":8040},"geometry":{"type":"Polygon","coordinates":[[[120.31427695973953,23.07439713581718],[120.31427695973953,23.083390339454425],[120.32327016337678,23.083390339454425],[120.32327016337678,23.07439713581718],[120.31427695973953,23.07439713581718]]]}},{"type":"Feature","properties":{"jobs":85,"pop":1754,"pointCount":8,"homeWorkCommuteMedian":7091,"workHomeCommuteMedian":32629},"geometry":{"type":"Polygon","coordinates":[[[120.31427695973953,23.083390339454425],[120.31427695973953,23.09238354309167],[120.32327016337678,23.09238354309167],[120.32327016337678,23.083390339454425],[120.31427695973953,23.083390339454425]]]}},{"type":"Feature","properties":{"jobs":392,"pop":937,"pointCount":6,"homeWorkCommuteMedian":6847,"workHomeCommuteMedian":11520},"geometry":{"type":"Polygon","coordinates":[[[120.31427695973953,23.09238354309167],[120.31427695973953,23.101376746728917],[120.32327016337678,23.101376746728917],[120.32327016337678,23.09238354309167],[120.31427695973953,23.09238354309167]]]}},{"type":"Feature","properties":{"jobs":454,"pop":0,"pointCount":4,"homeWorkCommuteMedian":-1,"workHomeCommuteMedian":19209},"geometry":{"type":"Polygon","coordinates":[[[120.31427695973953,23.101376746728917],[120.31427695973953,23.110369950366163],[120.32327016337678,23.110369950366163],[120.32327016337678,23.101376746728917],[120.31427695973953,23.101376746728917]]]}},{"type":"Feature","properties":{"jobs":332,"pop":0,"pointCount":4,"homeWorkCommuteMedian":-1,"workHomeCommuteMedian":19624},"geometry":{"type":"Polygon","coordinates":[[[120.31427695973953,23.110369950366163],[120.31427695973953,23.11936315400341],[120.32327016337678,23.11936315400341],[120.32327016337678,23.110369950366163],[120.31427695973953,23.110369950366163]]]}},{"type":"Feature","properties":{"jobs":441,"pop":2216,"pointCount":10,"homeWorkCommuteMedian":6753,"workHomeCommuteMedian":11932},"geometry":{"type":"Polygon","coordinates":[[[120.31427695973953,23.11936315400341],[120.31427695973953,23.128356357640655],[120.32327016337678,23.128356357640655],[120.32327016337678,23.11936315400341],[120.31427695973953,23.11936315400341]]]}},{"type":"Feature","properties":{"jobs":419,"pop":361,"pointCount":7,"homeWorkCommuteMedian":6870,"workHomeCommuteMedian":21081},"geometry":{"type":"Polygon","coordinates":[[[120.31427695973953,23.128356357640655],[120.31427695973953,23.1373495612779],[120.32327016337678,23.1373495612779],[120.32327016337678,23.128356357640655],[120.31427695973953,23.128356357640655]]]}},{"type":"Feature","properties":{"jobs":82,"pop":808,"pointCount":5,"homeWorkCommuteMedian":7522,"workHomeCommuteMedian":27986},"geometry":{"type":"Polygon","coordinates":[[[120.31427695973953,23.1373495612779],[120.31427695973953,23.146342764915147],[120.32327016337678,23.146342764915147],[120.32327016337678,23.1373495612779],[120.31427695973953,23.1373495612779]]]}},{"type":"Feature","properties":{"jobs":41,"pop":323,"pointCount":3,"homeWorkCommuteMedian":7267,"workHomeCommuteMedian":25223},"geometry":{"type":"Polygon","coordinates":[[[120.31427695973953,23.146342764915147],[120.31427695973953,23.155335968552393],[120.32327016337678,23.155335968552393],[120.32327016337678,23.146342764915147],[120.31427695973953,23.146342764915147]]]}},{"type":"Feature","properties":{"jobs":44,"pop":667,"pointCount":7,"homeWorkCommuteMedian":10291,"workHomeCommuteMedian":11521},"geometry":{"type":"Polygon","coordinates":[[[120.31427695973953,23.155335968552393],[120.31427695973953,23.16432917218964],[120.32327016337678,23.16432917218964],[120.32327016337678,23.155335968552393],[120.31427695973953,23.155335968552393]]]}},{"type":"Feature","properties":{"jobs":74,"pop":33,"pointCount":2,"homeWorkCommuteMedian":19563,"workHomeCommuteMedian":18620},"geometry":{"type":"Polygon","coordinates":[[[120.31427695973953,23.16432917218964],[120.31427695973953,23.173322375826885],[120.32327016337678,23.173322375826885],[120.32327016337678,23.16432917218964],[120.31427695973953,23.16432917218964]]]}},{"type":"Feature","properties":{"jobs":110,"pop":128,"pointCount":2,"homeWorkCommuteMedian":35677,"workHomeCommuteMedian":11667},"geometry":{"type":"Polygon","coordinates":[[[120.31427695973953,23.173322375826885],[120.31427695973953,23.18231557946413],[120.32327016337678,23.18231557946413],[120.32327016337678,23.173322375826885],[120.31427695973953,23.173322375826885]]]}},{"type":"Feature","properties":{"jobs":59,"pop":278,"pointCount":2,"homeWorkCommuteMedian":13839,"workHomeCommuteMedian":2953},"geometry":{"type":"Polygon","coordinates":[[[120.31427695973953,23.18231557946413],[120.31427695973953,23.191308783101377],[120.32327016337678,23.191308783101377],[120.32327016337678,23.18231557946413],[120.31427695973953,23.18231557946413]]]}},{"type":"Feature","properties":{"jobs":1111,"pop":1606,"pointCount":12,"homeWorkCommuteMedian":14960,"workHomeCommuteMedian":17803},"geometry":{"type":"Polygon","coordinates":[[[120.31427695973953,23.191308783101377],[120.31427695973953,23.200301986738623],[120.32327016337678,23.200301986738623],[120.32327016337678,23.191308783101377],[120.31427695973953,23.191308783101377]]]}},{"type":"Feature","properties":{"jobs":1651,"pop":0,"pointCount":6,"homeWorkCommuteMedian":-1,"workHomeCommuteMedian":6297},"geometry":{"type":"Polygon","coordinates":[[[120.31427695973953,23.200301986738623],[120.31427695973953,23.20929519037587],[120.32327016337678,23.20929519037587],[120.32327016337678,23.200301986738623],[120.31427695973953,23.200301986738623]]]}},{"type":"Feature","properties":{"jobs":1405,"pop":165,"pointCount":7,"homeWorkCommuteMedian":6592,"workHomeCommuteMedian":9928},"geometry":{"type":"Polygon","coordinates":[[[120.31427695973953,23.20929519037587],[120.31427695973953,23.218288394013115],[120.32327016337678,23.218288394013115],[120.32327016337678,23.20929519037587],[120.31427695973953,23.20929519037587]]]}},{"type":"Feature","properties":{"jobs":146,"pop":258,"pointCount":6,"homeWorkCommuteMedian":11972,"workHomeCommuteMedian":5677},"geometry":{"type":"Polygon","coordinates":[[[120.31427695973953,23.236274801287607],[120.31427695973953,23.245268004924853],[120.32327016337678,23.245268004924853],[120.32327016337678,23.236274801287607],[120.31427695973953,23.236274801287607]]]}},{"type":"Feature","properties":{"jobs":261,"pop":171,"pointCount":3,"homeWorkCommuteMedian":24141,"workHomeCommuteMedian":5746},"geometry":{"type":"Polygon","coordinates":[[[120.31427695973953,23.245268004924853],[120.31427695973953,23.2542612085621],[120.32327016337678,23.2542612085621],[120.32327016337678,23.245268004924853],[120.31427695973953,23.245268004924853]]]}},{"type":"Feature","properties":{"jobs":83,"pop":31,"pointCount":2,"homeWorkCommuteMedian":1019,"workHomeCommuteMedian":6420},"geometry":{"type":"Polygon","coordinates":[[[120.32327016337678,22.831580637611538],[120.32327016337678,22.840573841248784],[120.33226336701402,22.840573841248784],[120.33226336701402,22.831580637611538],[120.32327016337678,22.831580637611538]]]}},{"type":"Feature","properties":{"jobs":777,"pop":469,"pointCount":10,"homeWorkCommuteMedian":17950,"workHomeCommuteMedian":5839},"geometry":{"type":"Polygon","coordinates":[[[120.32327016337678,22.840573841248784],[120.32327016337678,22.84956704488603],[120.33226336701402,22.84956704488603],[120.33226336701402,22.840573841248784],[120.32327016337678,22.840573841248784]]]}},{"type":"Feature","properties":{"jobs":28,"pop":239,"pointCount":3,"homeWorkCommuteMedian":24318,"workHomeCommuteMedian":4191},"geometry":{"type":"Polygon","coordinates":[[[120.32327016337678,22.84956704488603],[120.32327016337678,22.858560248523276],[120.33226336701402,22.858560248523276],[120.33226336701402,22.84956704488603],[120.32327016337678,22.84956704488603]]]}},{"type":"Feature","properties":{"jobs":408,"pop":446,"pointCount":10,"homeWorkCommuteMedian":15280,"workHomeCommuteMedian":5400},"geometry":{"type":"Polygon","coordinates":[[[120.32327016337678,22.858560248523276],[120.32327016337678,22.86755345216052],[120.33226336701402,22.86755345216052],[120.33226336701402,22.858560248523276],[120.32327016337678,22.858560248523276]]]}},{"type":"Feature","properties":{"jobs":365,"pop":318,"pointCount":6,"homeWorkCommuteMedian":15795,"workHomeCommuteMedian":1784},"geometry":{"type":"Polygon","coordinates":[[[120.32327016337678,22.86755345216052],[120.32327016337678,22.876546655797767],[120.33226336701402,22.876546655797767],[120.33226336701402,22.86755345216052],[120.32327016337678,22.86755345216052]]]}},{"type":"Feature","properties":{"jobs":1930,"pop":5546,"pointCount":15,"homeWorkCommuteMedian":11617,"workHomeCommuteMedian":5095},"geometry":{"type":"Polygon","coordinates":[[[120.32327016337678,22.876546655797767],[120.32327016337678,22.885539859435013],[120.33226336701402,22.885539859435013],[120.33226336701402,22.876546655797767],[120.32327016337678,22.876546655797767]]]}},{"type":"Feature","properties":{"jobs":35,"pop":41,"pointCount":2,"homeWorkCommuteMedian":24775,"workHomeCommuteMedian":1647},"geometry":{"type":"Polygon","coordinates":[[[120.32327016337678,22.885539859435013],[120.32327016337678,22.89453306307226],[120.33226336701402,22.89453306307226],[120.33226336701402,22.885539859435013],[120.32327016337678,22.885539859435013]]]}},{"type":"Feature","properties":{"jobs":33,"pop":0,"pointCount":1,"homeWorkCommuteMedian":-1,"workHomeCommuteMedian":2907},"geometry":{"type":"Polygon","coordinates":[[[120.32327016337678,22.930505877621243],[120.32327016337678,22.93949908125849],[120.33226336701402,22.93949908125849],[120.33226336701402,22.930505877621243],[120.32327016337678,22.930505877621243]]]}},{"type":"Feature","properties":{"jobs":455,"pop":50,"pointCount":6,"homeWorkCommuteMedian":20418,"workHomeCommuteMedian":3460},"geometry":{"type":"Polygon","coordinates":[[[120.32327016337678,22.93949908125849],[120.32327016337678,22.948492284895735],[120.33226336701402,22.948492284895735],[120.33226336701402,22.93949908125849],[120.32327016337678,22.93949908125849]]]}},{"type":"Feature","properties":{"jobs":552,"pop":2183,"pointCount":10,"homeWorkCommuteMedian":14948,"workHomeCommuteMedian":14295},"geometry":{"type":"Polygon","coordinates":[[[120.32327016337678,22.948492284895735],[120.32327016337678,22.95748548853298],[120.33226336701402,22.95748548853298],[120.33226336701402,22.948492284895735],[120.32327016337678,22.948492284895735]]]}},{"type":"Feature","properties":{"jobs":1804,"pop":4236,"pointCount":13,"homeWorkCommuteMedian":9638,"workHomeCommuteMedian":12511},"geometry":{"type":"Polygon","coordinates":[[[120.32327016337678,22.95748548853298],[120.32327016337678,22.966478692170227],[120.33226336701402,22.966478692170227],[120.33226336701402,22.95748548853298],[120.32327016337678,22.95748548853298]]]}},{"type":"Feature","properties":{"jobs":110,"pop":618,"pointCount":5,"homeWorkCommuteMedian":5288,"workHomeCommuteMedian":29771},"geometry":{"type":"Polygon","coordinates":[[[120.32327016337678,22.966478692170227],[120.32327016337678,22.975471895807473],[120.33226336701402,22.975471895807473],[120.33226336701402,22.966478692170227],[120.32327016337678,22.966478692170227]]]}},{"type":"Feature","properties":{"jobs":0,"pop":29,"pointCount":1,"homeWorkCommuteMedian":17448,"workHomeCommuteMedian":-1},"geometry":{"type":"Polygon","coordinates":[[[120.32327016337678,22.993458303081965],[120.32327016337678,23.00245150671921],[120.33226336701402,23.00245150671921],[120.33226336701402,22.993458303081965],[120.32327016337678,22.993458303081965]]]}},{"type":"Feature","properties":{"jobs":28,"pop":0,"pointCount":1,"homeWorkCommuteMedian":-1,"workHomeCommuteMedian":4496},"geometry":{"type":"Polygon","coordinates":[[[120.32327016337678,23.011444710356457],[120.32327016337678,23.020437913993703],[120.33226336701402,23.020437913993703],[120.33226336701402,23.011444710356457],[120.32327016337678,23.011444710356457]]]}},{"type":"Feature","properties":{"jobs":905,"pop":213,"pointCount":7,"homeWorkCommuteMedian":10913,"workHomeCommuteMedian":8309},"geometry":{"type":"Polygon","coordinates":[[[120.32327016337678,23.020437913993703],[120.32327016337678,23.02943111763095],[120.33226336701402,23.02943111763095],[120.33226336701402,23.020437913993703],[120.32327016337678,23.020437913993703]]]}},{"type":"Feature","properties":{"jobs":37,"pop":0,"pointCount":1,"homeWorkCommuteMedian":-1,"workHomeCommuteMedian":34285},"geometry":{"type":"Polygon","coordinates":[[[120.32327016337678,23.038424321268195],[120.32327016337678,23.04741752490544],[120.33226336701402,23.04741752490544],[120.33226336701402,23.038424321268195],[120.32327016337678,23.038424321268195]]]}},{"type":"Feature","properties":{"jobs":152,"pop":47,"pointCount":2,"homeWorkCommuteMedian":5797,"workHomeCommuteMedian":3462},"geometry":{"type":"Polygon","coordinates":[[[120.32327016337678,23.04741752490544],[120.32327016337678,23.056410728542687],[120.33226336701402,23.056410728542687],[120.33226336701402,23.04741752490544],[120.32327016337678,23.04741752490544]]]}},{"type":"Feature","properties":{"jobs":217,"pop":0,"pointCount":2,"homeWorkCommuteMedian":-1,"workHomeCommuteMedian":4188},"geometry":{"type":"Polygon","coordinates":[[[120.32327016337678,23.056410728542687],[120.32327016337678,23.065403932179933],[120.33226336701402,23.065403932179933],[120.33226336701402,23.056410728542687],[120.32327016337678,23.056410728542687]]]}},{"type":"Feature","properties":{"jobs":29,"pop":0,"pointCount":1,"homeWorkCommuteMedian":-1,"workHomeCommuteMedian":1142},"geometry":{"type":"Polygon","coordinates":[[[120.32327016337678,23.065403932179933],[120.32327016337678,23.07439713581718],[120.33226336701402,23.07439713581718],[120.33226336701402,23.065403932179933],[120.32327016337678,23.065403932179933]]]}},{"type":"Feature","properties":{"jobs":226,"pop":497,"pointCount":9,"homeWorkCommuteMedian":7454,"workHomeCommuteMedian":17245},"geometry":{"type":"Polygon","coordinates":[[[120.32327016337678,23.07439713581718],[120.32327016337678,23.083390339454425],[120.33226336701402,23.083390339454425],[120.33226336701402,23.07439713581718],[120.32327016337678,23.07439713581718]]]}},{"type":"Feature","properties":{"jobs":0,"pop":168,"pointCount":1,"homeWorkCommuteMedian":11787,"workHomeCommuteMedian":-1},"geometry":{"type":"Polygon","coordinates":[[[120.32327016337678,23.083390339454425],[120.32327016337678,23.09238354309167],[120.33226336701402,23.09238354309167],[120.33226336701402,23.083390339454425],[120.32327016337678,23.083390339454425]]]}},{"type":"Feature","properties":{"jobs":28,"pop":0,"pointCount":1,"homeWorkCommuteMedian":-1,"workHomeCommuteMedian":25122},"geometry":{"type":"Polygon","coordinates":[[[120.32327016337678,23.09238354309167],[120.32327016337678,23.101376746728917],[120.33226336701402,23.101376746728917],[120.33226336701402,23.09238354309167],[120.32327016337678,23.09238354309167]]]}},{"type":"Feature","properties":{"jobs":90,"pop":0,"pointCount":1,"homeWorkCommuteMedian":-1,"workHomeCommuteMedian":23532},"geometry":{"type":"Polygon","coordinates":[[[120.32327016337678,23.110369950366163],[120.32327016337678,23.11936315400341],[120.33226336701402,23.11936315400341],[120.33226336701402,23.110369950366163],[120.32327016337678,23.110369950366163]]]}},{"type":"Feature","properties":{"jobs":52,"pop":0,"pointCount":1,"homeWorkCommuteMedian":-1,"workHomeCommuteMedian":17812},"geometry":{"type":"Polygon","coordinates":[[[120.32327016337678,23.11936315400341],[120.32327016337678,23.128356357640655],[120.33226336701402,23.128356357640655],[120.33226336701402,23.11936315400341],[120.32327016337678,23.11936315400341]]]}},{"type":"Feature","properties":{"jobs":0,"pop":652,"pointCount":5,"homeWorkCommuteMedian":7938,"workHomeCommuteMedian":-1},"geometry":{"type":"Polygon","coordinates":[[[120.32327016337678,23.128356357640655],[120.32327016337678,23.1373495612779],[120.33226336701402,23.1373495612779],[120.33226336701402,23.128356357640655],[120.32327016337678,23.128356357640655]]]}},{"type":"Feature","properties":{"jobs":235,"pop":771,"pointCount":8,"homeWorkCommuteMedian":8326,"workHomeCommuteMedian":4435},"geometry":{"type":"Polygon","coordinates":[[[120.32327016337678,23.1373495612779],[120.32327016337678,23.146342764915147],[120.33226336701402,23.146342764915147],[120.33226336701402,23.1373495612779],[120.32327016337678,23.1373495612779]]]}},{"type":"Feature","properties":{"jobs":38,"pop":230,"pointCount":2,"homeWorkCommuteMedian":7696,"workHomeCommuteMedian":15847},"geometry":{"type":"Polygon","coordinates":[[[120.32327016337678,23.146342764915147],[120.32327016337678,23.155335968552393],[120.33226336701402,23.155335968552393],[120.33226336701402,23.146342764915147],[120.32327016337678,23.146342764915147]]]}},{"type":"Feature","properties":{"jobs":0,"pop":155,"pointCount":2,"homeWorkCommuteMedian":18002,"workHomeCommuteMedian":-1},"geometry":{"type":"Polygon","coordinates":[[[120.32327016337678,23.155335968552393],[120.32327016337678,23.16432917218964],[120.33226336701402,23.16432917218964],[120.33226336701402,23.155335968552393],[120.32327016337678,23.155335968552393]]]}},{"type":"Feature","properties":{"jobs":36,"pop":548,"pointCount":8,"homeWorkCommuteMedian":12870,"workHomeCommuteMedian":11195},"geometry":{"type":"Polygon","coordinates":[[[120.32327016337678,23.16432917218964],[120.32327016337678,23.173322375826885],[120.33226336701402,23.173322375826885],[120.33226336701402,23.16432917218964],[120.32327016337678,23.16432917218964]]]}},{"type":"Feature","properties":{"jobs":33,"pop":41,"pointCount":2,"homeWorkCommuteMedian":14714,"workHomeCommuteMedian":28904},"geometry":{"type":"Polygon","coordinates":[[[120.32327016337678,23.18231557946413],[120.32327016337678,23.191308783101377],[120.33226336701402,23.191308783101377],[120.33226336701402,23.18231557946413],[120.32327016337678,23.18231557946413]]]}},{"type":"Feature","properties":{"jobs":963,"pop":147,"pointCount":8,"homeWorkCommuteMedian":5980,"workHomeCommuteMedian":10706},"geometry":{"type":"Polygon","coordinates":[[[120.32327016337678,23.191308783101377],[120.32327016337678,23.200301986738623],[120.33226336701402,23.200301986738623],[120.33226336701402,23.191308783101377],[120.32327016337678,23.191308783101377]]]}},{"type":"Feature","properties":{"jobs":2012,"pop":0,"pointCount":3,"homeWorkCommuteMedian":-1,"workHomeCommuteMedian":13162},"geometry":{"type":"Polygon","coordinates":[[[120.32327016337678,23.200301986738623],[120.32327016337678,23.20929519037587],[120.33226336701402,23.20929519037587],[120.33226336701402,23.200301986738623],[120.32327016337678,23.200301986738623]]]}},{"type":"Feature","properties":{"jobs":1663,"pop":808,"pointCount":12,"homeWorkCommuteMedian":18394,"workHomeCommuteMedian":7310},"geometry":{"type":"Polygon","coordinates":[[[120.32327016337678,23.20929519037587],[120.32327016337678,23.218288394013115],[120.33226336701402,23.218288394013115],[120.33226336701402,23.20929519037587],[120.32327016337678,23.20929519037587]]]}},{"type":"Feature","properties":{"jobs":268,"pop":465,"pointCount":4,"homeWorkCommuteMedian":5185,"workHomeCommuteMedian":9772},"geometry":{"type":"Polygon","coordinates":[[[120.32327016337678,23.218288394013115],[120.32327016337678,23.22728159765036],[120.33226336701402,23.22728159765036],[120.33226336701402,23.218288394013115],[120.32327016337678,23.218288394013115]]]}},{"type":"Feature","properties":{"jobs":20,"pop":87,"pointCount":3,"homeWorkCommuteMedian":32040,"workHomeCommuteMedian":2562},"geometry":{"type":"Polygon","coordinates":[[[120.32327016337678,23.22728159765036],[120.32327016337678,23.236274801287607],[120.33226336701402,23.236274801287607],[120.33226336701402,23.22728159765036],[120.32327016337678,23.22728159765036]]]}},{"type":"Feature","properties":{"jobs":21,"pop":399,"pointCount":5,"homeWorkCommuteMedian":4155,"workHomeCommuteMedian":25795},"geometry":{"type":"Polygon","coordinates":[[[120.32327016337678,23.236274801287607],[120.32327016337678,23.245268004924853],[120.33226336701402,23.245268004924853],[120.33226336701402,23.236274801287607],[120.32327016337678,23.236274801287607]]]}},{"type":"Feature","properties":{"jobs":0,"pop":68,"pointCount":1,"homeWorkCommuteMedian":26750,"workHomeCommuteMedian":-1},"geometry":{"type":"Polygon","coordinates":[[[120.32327016337678,23.245268004924853],[120.32327016337678,23.2542612085621],[120.33226336701402,23.2542612085621],[120.33226336701402,23.245268004924853],[120.32327016337678,23.245268004924853]]]}},{"type":"Feature","properties":{"jobs":168,"pop":40,"pointCount":3,"homeWorkCommuteMedian":6958,"workHomeCommuteMedian":11297},"geometry":{"type":"Polygon","coordinates":[[[120.33226336701402,22.831580637611538],[120.33226336701402,22.840573841248784],[120.34125657065127,22.840573841248784],[120.34125657065127,22.831580637611538],[120.33226336701402,22.831580637611538]]]}},{"type":"Feature","properties":{"jobs":40,"pop":116,"pointCount":2,"homeWorkCommuteMedian":19775,"workHomeCommuteMedian":6896},"geometry":{"type":"Polygon","coordinates":[[[120.33226336701402,22.840573841248784],[120.33226336701402,22.84956704488603],[120.34125657065127,22.84956704488603],[120.34125657065127,22.840573841248784],[120.33226336701402,22.840573841248784]]]}},{"type":"Feature","properties":{"jobs":129,"pop":0,"pointCount":4,"homeWorkCommuteMedian":-1,"workHomeCommuteMedian":6614},"geometry":{"type":"Polygon","coordinates":[[[120.33226336701402,22.84956704488603],[120.33226336701402,22.858560248523276],[120.34125657065127,22.858560248523276],[120.34125657065127,22.84956704488603],[120.33226336701402,22.84956704488603]]]}},{"type":"Feature","properties":{"jobs":306,"pop":0,"pointCount":3,"homeWorkCommuteMedian":-1,"workHomeCommuteMedian":3014},"geometry":{"type":"Polygon","coordinates":[[[120.33226336701402,22.858560248523276],[120.33226336701402,22.86755345216052],[120.34125657065127,22.86755345216052],[120.34125657065127,22.858560248523276],[120.33226336701402,22.858560248523276]]]}},{"type":"Feature","properties":{"jobs":27,"pop":209,"pointCount":2,"homeWorkCommuteMedian":15006,"workHomeCommuteMedian":12713},"geometry":{"type":"Polygon","coordinates":[[[120.33226336701402,22.86755345216052],[120.33226336701402,22.876546655797767],[120.34125657065127,22.876546655797767],[120.34125657065127,22.86755345216052],[120.33226336701402,22.86755345216052]]]}},{"type":"Feature","properties":{"jobs":1207,"pop":1932,"pointCount":10,"homeWorkCommuteMedian":15038,"workHomeCommuteMedian":2914},"geometry":{"type":"Polygon","coordinates":[[[120.33226336701402,22.876546655797767],[120.33226336701402,22.885539859435013],[120.34125657065127,22.885539859435013],[120.34125657065127,22.876546655797767],[120.33226336701402,22.876546655797767]]]}},{"type":"Feature","properties":{"jobs":63,"pop":518,"pointCount":1,"homeWorkCommuteMedian":14250,"workHomeCommuteMedian":1538},"geometry":{"type":"Polygon","coordinates":[[[120.33226336701402,22.885539859435013],[120.33226336701402,22.89453306307226],[120.34125657065127,22.89453306307226],[120.34125657065127,22.885539859435013],[120.33226336701402,22.885539859435013]]]}},{"type":"Feature","properties":{"jobs":0,"pop":78,"pointCount":1,"homeWorkCommuteMedian":14243,"workHomeCommuteMedian":-1},"geometry":{"type":"Polygon","coordinates":[[[120.33226336701402,22.903526266709505],[120.33226336701402,22.91251947034675],[120.34125657065127,22.91251947034675],[120.34125657065127,22.903526266709505],[120.33226336701402,22.903526266709505]]]}},{"type":"Feature","properties":{"jobs":40,"pop":640,"pointCount":2,"homeWorkCommuteMedian":17597,"workHomeCommuteMedian":7515},"geometry":{"type":"Polygon","coordinates":[[[120.33226336701402,22.91251947034675],[120.33226336701402,22.921512673983997],[120.34125657065127,22.921512673983997],[120.34125657065127,22.91251947034675],[120.33226336701402,22.91251947034675]]]}},{"type":"Feature","properties":{"jobs":114,"pop":22,"pointCount":4,"homeWorkCommuteMedian":18186,"workHomeCommuteMedian":6505},"geometry":{"type":"Polygon","coordinates":[[[120.33226336701402,22.921512673983997],[120.33226336701402,22.930505877621243],[120.34125657065127,22.930505877621243],[120.34125657065127,22.921512673983997],[120.33226336701402,22.921512673983997]]]}},{"type":"Feature","properties":{"jobs":422,"pop":480,"pointCount":4,"homeWorkCommuteMedian":19408,"workHomeCommuteMedian":17368},"geometry":{"type":"Polygon","coordinates":[[[120.33226336701402,22.930505877621243],[120.33226336701402,22.93949908125849],[120.34125657065127,22.93949908125849],[120.34125657065127,22.930505877621243],[120.33226336701402,22.930505877621243]]]}},{"type":"Feature","properties":{"jobs":482,"pop":476,"pointCount":4,"homeWorkCommuteMedian":13614,"workHomeCommuteMedian":3352},"geometry":{"type":"Polygon","coordinates":[[[120.33226336701402,22.93949908125849],[120.33226336701402,22.948492284895735],[120.34125657065127,22.948492284895735],[120.34125657065127,22.93949908125849],[120.33226336701402,22.93949908125849]]]}},{"type":"Feature","properties":{"jobs":130,"pop":2389,"pointCount":7,"homeWorkCommuteMedian":11841,"workHomeCommuteMedian":8267},"geometry":{"type":"Polygon","coordinates":[[[120.33226336701402,22.948492284895735],[120.33226336701402,22.95748548853298],[120.34125657065127,22.95748548853298],[120.34125657065127,22.948492284895735],[120.33226336701402,22.948492284895735]]]}},{"type":"Feature","properties":{"jobs":438,"pop":4107,"pointCount":15,"homeWorkCommuteMedian":9911,"workHomeCommuteMedian":2138},"geometry":{"type":"Polygon","coordinates":[[[120.33226336701402,22.95748548853298],[120.33226336701402,22.966478692170227],[120.34125657065127,22.966478692170227],[120.34125657065127,22.95748548853298],[120.33226336701402,22.95748548853298]]]}},{"type":"Feature","properties":{"jobs":122,"pop":0,"pointCount":3,"homeWorkCommuteMedian":-1,"workHomeCommuteMedian":22548},"geometry":{"type":"Polygon","coordinates":[[[120.33226336701402,22.966478692170227],[120.33226336701402,22.975471895807473],[120.34125657065127,22.975471895807473],[120.34125657065127,22.966478692170227],[120.33226336701402,22.966478692170227]]]}},{"type":"Feature","properties":{"jobs":0,"pop":62,"pointCount":1,"homeWorkCommuteMedian":21671,"workHomeCommuteMedian":-1},"geometry":{"type":"Polygon","coordinates":[[[120.33226336701402,23.00245150671921],[120.33226336701402,23.011444710356457],[120.34125657065127,23.011444710356457],[120.34125657065127,23.00245150671921],[120.33226336701402,23.00245150671921]]]}},{"type":"Feature","properties":{"jobs":29,"pop":150,"pointCount":3,"homeWorkCommuteMedian":16399,"workHomeCommuteMedian":4576},"geometry":{"type":"Polygon","coordinates":[[[120.33226336701402,23.011444710356457],[120.33226336701402,23.020437913993703],[120.34125657065127,23.020437913993703],[120.34125657065127,23.011444710356457],[120.33226336701402,23.011444710356457]]]}},{"type":"Feature","properties":{"jobs":35,"pop":228,"pointCount":3,"homeWorkCommuteMedian":3969,"workHomeCommuteMedian":43397},"geometry":{"type":"Polygon","coordinates":[[[120.33226336701402,23.020437913993703],[120.33226336701402,23.02943111763095],[120.34125657065127,23.02943111763095],[120.34125657065127,23.020437913993703],[120.33226336701402,23.020437913993703]]]}},{"type":"Feature","properties":{"jobs":0,"pop":28,"pointCount":1,"homeWorkCommuteMedian":14553,"workHomeCommuteMedian":-1},"geometry":{"type":"Polygon","coordinates":[[[120.33226336701402,23.038424321268195],[120.33226336701402,23.04741752490544],[120.34125657065127,23.04741752490544],[120.34125657065127,23.038424321268195],[120.33226336701402,23.038424321268195]]]}},{"type":"Feature","properties":{"jobs":702,"pop":0,"pointCount":5,"homeWorkCommuteMedian":-1,"workHomeCommuteMedian":6349},"geometry":{"type":"Polygon","coordinates":[[[120.33226336701402,23.04741752490544],[120.33226336701402,23.056410728542687],[120.34125657065127,23.056410728542687],[120.34125657065127,23.04741752490544],[120.33226336701402,23.04741752490544]]]}},{"type":"Feature","properties":{"jobs":1815,"pop":26,"pointCount":8,"homeWorkCommuteMedian":5861,"workHomeCommuteMedian":5977},"geometry":{"type":"Polygon","coordinates":[[[120.33226336701402,23.056410728542687],[120.33226336701402,23.065403932179933],[120.34125657065127,23.065403932179933],[120.34125657065127,23.056410728542687],[120.33226336701402,23.056410728542687]]]}},{"type":"Feature","properties":{"jobs":224,"pop":132,"pointCount":5,"homeWorkCommuteMedian":6845,"workHomeCommuteMedian":29763},"geometry":{"type":"Polygon","coordinates":[[[120.33226336701402,23.065403932179933],[120.33226336701402,23.07439713581718],[120.34125657065127,23.07439713581718],[120.34125657065127,23.065403932179933],[120.33226336701402,23.065403932179933]]]}},{"type":"Feature","properties":{"jobs":0,"pop":164,"pointCount":1,"homeWorkCommuteMedian":9900,"workHomeCommuteMedian":-1},"geometry":{"type":"Polygon","coordinates":[[[120.33226336701402,23.07439713581718],[120.33226336701402,23.083390339454425],[120.34125657065127,23.083390339454425],[120.34125657065127,23.07439713581718],[120.33226336701402,23.07439713581718]]]}},{"type":"Feature","properties":{"jobs":1540,"pop":22,"pointCount":7,"homeWorkCommuteMedian":1998,"workHomeCommuteMedian":22780},"geometry":{"type":"Polygon","coordinates":[[[120.33226336701402,23.101376746728917],[120.33226336701402,23.110369950366163],[120.34125657065127,23.110369950366163],[120.34125657065127,23.101376746728917],[120.33226336701402,23.101376746728917]]]}},{"type":"Feature","properties":{"jobs":1407,"pop":158,"pointCount":6,"homeWorkCommuteMedian":8292,"workHomeCommuteMedian":22066},"geometry":{"type":"Polygon","coordinates":[[[120.33226336701402,23.110369950366163],[120.33226336701402,23.11936315400341],[120.34125657065127,23.11936315400341],[120.34125657065127,23.110369950366163],[120.33226336701402,23.110369950366163]]]}},{"type":"Feature","properties":{"jobs":99,"pop":170,"pointCount":3,"homeWorkCommuteMedian":9358,"workHomeCommuteMedian":23341},"geometry":{"type":"Polygon","coordinates":[[[120.33226336701402,23.155335968552393],[120.33226336701402,23.16432917218964],[120.34125657065127,23.16432917218964],[120.34125657065127,23.155335968552393],[120.33226336701402,23.155335968552393]]]}},{"type":"Feature","properties":{"jobs":71,"pop":353,"pointCount":5,"homeWorkCommuteMedian":6701,"workHomeCommuteMedian":30153},"geometry":{"type":"Polygon","coordinates":[[[120.33226336701402,23.16432917218964],[120.33226336701402,23.173322375826885],[120.34125657065127,23.173322375826885],[120.34125657065127,23.16432917218964],[120.33226336701402,23.16432917218964]]]}},{"type":"Feature","properties":{"jobs":114,"pop":58,"pointCount":2,"homeWorkCommuteMedian":32179,"workHomeCommuteMedian":23842},"geometry":{"type":"Polygon","coordinates":[[[120.33226336701402,23.173322375826885],[120.33226336701402,23.18231557946413],[120.34125657065127,23.18231557946413],[120.34125657065127,23.173322375826885],[120.33226336701402,23.173322375826885]]]}},{"type":"Feature","properties":{"jobs":115,"pop":250,"pointCount":4,"homeWorkCommuteMedian":6939,"workHomeCommuteMedian":5287},"geometry":{"type":"Polygon","coordinates":[[[120.33226336701402,23.18231557946413],[120.33226336701402,23.191308783101377],[120.34125657065127,23.191308783101377],[120.34125657065127,23.18231557946413],[120.33226336701402,23.18231557946413]]]}},{"type":"Feature","properties":{"jobs":0,"pop":154,"pointCount":1,"homeWorkCommuteMedian":38048,"workHomeCommuteMedian":-1},"geometry":{"type":"Polygon","coordinates":[[[120.33226336701402,23.191308783101377],[120.33226336701402,23.200301986738623],[120.34125657065127,23.200301986738623],[120.34125657065127,23.191308783101377],[120.33226336701402,23.191308783101377]]]}},{"type":"Feature","properties":{"jobs":155,"pop":0,"pointCount":1,"homeWorkCommuteMedian":-1,"workHomeCommuteMedian":3926},"geometry":{"type":"Polygon","coordinates":[[[120.33226336701402,23.200301986738623],[120.33226336701402,23.20929519037587],[120.34125657065127,23.20929519037587],[120.34125657065127,23.200301986738623],[120.33226336701402,23.200301986738623]]]}},{"type":"Feature","properties":{"jobs":0,"pop":53,"pointCount":1,"homeWorkCommuteMedian":15239,"workHomeCommuteMedian":-1},"geometry":{"type":"Polygon","coordinates":[[[120.33226336701402,23.20929519037587],[120.33226336701402,23.218288394013115],[120.34125657065127,23.218288394013115],[120.34125657065127,23.20929519037587],[120.33226336701402,23.20929519037587]]]}},{"type":"Feature","properties":{"jobs":63,"pop":494,"pointCount":3,"homeWorkCommuteMedian":20851,"workHomeCommuteMedian":14742},"geometry":{"type":"Polygon","coordinates":[[[120.33226336701402,23.218288394013115],[120.33226336701402,23.22728159765036],[120.34125657065127,23.22728159765036],[120.34125657065127,23.218288394013115],[120.33226336701402,23.218288394013115]]]}},{"type":"Feature","properties":{"jobs":69,"pop":174,"pointCount":4,"homeWorkCommuteMedian":34106,"workHomeCommuteMedian":4187},"geometry":{"type":"Polygon","coordinates":[[[120.33226336701402,23.22728159765036],[120.33226336701402,23.236274801287607],[120.34125657065127,23.236274801287607],[120.34125657065127,23.22728159765036],[120.33226336701402,23.22728159765036]]]}},{"type":"Feature","properties":{"jobs":219,"pop":35,"pointCount":2,"homeWorkCommuteMedian":15567,"workHomeCommuteMedian":18385},"geometry":{"type":"Polygon","coordinates":[[[120.34125657065127,22.840573841248784],[120.34125657065127,22.84956704488603],[120.35024977428851,22.84956704488603],[120.35024977428851,22.840573841248784],[120.34125657065127,22.840573841248784]]]}},{"type":"Feature","properties":{"jobs":65,"pop":0,"pointCount":1,"homeWorkCommuteMedian":-1,"workHomeCommuteMedian":5494},"geometry":{"type":"Polygon","coordinates":[[[120.34125657065127,22.84956704488603],[120.34125657065127,22.858560248523276],[120.35024977428851,22.858560248523276],[120.35024977428851,22.84956704488603],[120.34125657065127,22.84956704488603]]]}},{"type":"Feature","properties":{"jobs":42,"pop":227,"pointCount":1,"homeWorkCommuteMedian":17031,"workHomeCommuteMedian":7061},"geometry":{"type":"Polygon","coordinates":[[[120.34125657065127,22.858560248523276],[120.34125657065127,22.86755345216052],[120.35024977428851,22.86755345216052],[120.35024977428851,22.858560248523276],[120.34125657065127,22.858560248523276]]]}},{"type":"Feature","properties":{"jobs":23,"pop":308,"pointCount":4,"homeWorkCommuteMedian":4618,"workHomeCommuteMedian":4749},"geometry":{"type":"Polygon","coordinates":[[[120.34125657065127,22.86755345216052],[120.34125657065127,22.876546655797767],[120.35024977428851,22.876546655797767],[120.35024977428851,22.86755345216052],[120.34125657065127,22.86755345216052]]]}},{"type":"Feature","properties":{"jobs":120,"pop":326,"pointCount":6,"homeWorkCommuteMedian":14412,"workHomeCommuteMedian":7224},"geometry":{"type":"Polygon","coordinates":[[[120.34125657065127,22.876546655797767],[120.34125657065127,22.885539859435013],[120.35024977428851,22.885539859435013],[120.35024977428851,22.876546655797767],[120.34125657065127,22.876546655797767]]]}},{"type":"Feature","properties":{"jobs":0,"pop":46,"pointCount":1,"homeWorkCommuteMedian":1713,"workHomeCommuteMedian":-1},"geometry":{"type":"Polygon","coordinates":[[[120.34125657065127,22.885539859435013],[120.34125657065127,22.89453306307226],[120.35024977428851,22.89453306307226],[120.35024977428851,22.885539859435013],[120.34125657065127,22.885539859435013]]]}},{"type":"Feature","properties":{"jobs":97,"pop":0,"pointCount":1,"homeWorkCommuteMedian":-1,"workHomeCommuteMedian":8370},"geometry":{"type":"Polygon","coordinates":[[[120.34125657065127,22.89453306307226],[120.34125657065127,22.903526266709505],[120.35024977428851,22.903526266709505],[120.35024977428851,22.89453306307226],[120.34125657065127,22.89453306307226]]]}},{"type":"Feature","properties":{"jobs":168,"pop":49,"pointCount":3,"homeWorkCommuteMedian":6702,"workHomeCommuteMedian":5327},"geometry":{"type":"Polygon","coordinates":[[[120.34125657065127,22.91251947034675],[120.34125657065127,22.921512673983997],[120.35024977428851,22.921512673983997],[120.35024977428851,22.91251947034675],[120.34125657065127,22.91251947034675]]]}},{"type":"Feature","properties":{"jobs":177,"pop":0,"pointCount":2,"homeWorkCommuteMedian":-1,"workHomeCommuteMedian":4414},"geometry":{"type":"Polygon","coordinates":[[[120.34125657065127,22.921512673983997],[120.34125657065127,22.930505877621243],[120.35024977428851,22.930505877621243],[120.35024977428851,22.921512673983997],[120.34125657065127,22.921512673983997]]]}},{"type":"Feature","properties":{"jobs":21,"pop":0,"pointCount":1,"homeWorkCommuteMedian":-1,"workHomeCommuteMedian":13024},"geometry":{"type":"Polygon","coordinates":[[[120.34125657065127,22.93949908125849],[120.34125657065127,22.948492284895735],[120.35024977428851,22.948492284895735],[120.35024977428851,22.93949908125849],[120.34125657065127,22.93949908125849]]]}},{"type":"Feature","properties":{"jobs":203,"pop":108,"pointCount":3,"homeWorkCommuteMedian":25183,"workHomeCommuteMedian":11932},"geometry":{"type":"Polygon","coordinates":[[[120.34125657065127,22.948492284895735],[120.34125657065127,22.95748548853298],[120.35024977428851,22.95748548853298],[120.35024977428851,22.948492284895735],[120.34125657065127,22.948492284895735]]]}},{"type":"Feature","properties":{"jobs":0,"pop":38,"pointCount":1,"homeWorkCommuteMedian":12292,"workHomeCommuteMedian":-1},"geometry":{"type":"Polygon","coordinates":[[[120.34125657065127,22.95748548853298],[120.34125657065127,22.966478692170227],[120.35024977428851,22.966478692170227],[120.35024977428851,22.95748548853298],[120.34125657065127,22.95748548853298]]]}},{"type":"Feature","properties":{"jobs":613,"pop":348,"pointCount":4,"homeWorkCommuteMedian":17740,"workHomeCommuteMedian":6277},"geometry":{"type":"Polygon","coordinates":[[[120.34125657065127,22.966478692170227],[120.34125657065127,22.975471895807473],[120.35024977428851,22.975471895807473],[120.35024977428851,22.966478692170227],[120.34125657065127,22.966478692170227]]]}},{"type":"Feature","properties":{"jobs":0,"pop":38,"pointCount":1,"homeWorkCommuteMedian":3352,"workHomeCommuteMedian":-1},"geometry":{"type":"Polygon","coordinates":[[[120.34125657065127,22.98446509944472],[120.34125657065127,22.993458303081965],[120.35024977428851,22.993458303081965],[120.35024977428851,22.98446509944472],[120.34125657065127,22.98446509944472]]]}},{"type":"Feature","properties":{"jobs":48,"pop":77,"pointCount":2,"homeWorkCommuteMedian":10994,"workHomeCommuteMedian":5640},"geometry":{"type":"Polygon","coordinates":[[[120.34125657065127,23.020437913993703],[120.34125657065127,23.02943111763095],[120.35024977428851,23.02943111763095],[120.35024977428851,23.020437913993703],[120.34125657065127,23.020437913993703]]]}},{"type":"Feature","properties":{"jobs":45,"pop":53,"pointCount":2,"homeWorkCommuteMedian":14285,"workHomeCommuteMedian":6707},"geometry":{"type":"Polygon","coordinates":[[[120.34125657065127,23.02943111763095],[120.34125657065127,23.038424321268195],[120.35024977428851,23.038424321268195],[120.35024977428851,23.02943111763095],[120.34125657065127,23.02943111763095]]]}},{"type":"Feature","properties":{"jobs":55,"pop":0,"pointCount":1,"homeWorkCommuteMedian":-1,"workHomeCommuteMedian":7883},"geometry":{"type":"Polygon","coordinates":[[[120.34125657065127,23.056410728542687],[120.34125657065127,23.065403932179933],[120.35024977428851,23.065403932179933],[120.35024977428851,23.056410728542687],[120.34125657065127,23.056410728542687]]]}},{"type":"Feature","properties":{"jobs":352,"pop":251,"pointCount":5,"homeWorkCommuteMedian":14875,"workHomeCommuteMedian":9080},"geometry":{"type":"Polygon","coordinates":[[[120.34125657065127,23.065403932179933],[120.34125657065127,23.07439713581718],[120.35024977428851,23.07439713581718],[120.35024977428851,23.065403932179933],[120.34125657065127,23.065403932179933]]]}},{"type":"Feature","properties":{"jobs":0,"pop":319,"pointCount":1,"homeWorkCommuteMedian":16096,"workHomeCommuteMedian":-1},"geometry":{"type":"Polygon","coordinates":[[[120.34125657065127,23.07439713581718],[120.34125657065127,23.083390339454425],[120.35024977428851,23.083390339454425],[120.35024977428851,23.07439713581718],[120.34125657065127,23.07439713581718]]]}},{"type":"Feature","properties":{"jobs":267,"pop":45,"pointCount":2,"homeWorkCommuteMedian":13050,"workHomeCommuteMedian":17351},"geometry":{"type":"Polygon","coordinates":[[[120.34125657065127,23.083390339454425],[120.34125657065127,23.09238354309167],[120.35024977428851,23.09238354309167],[120.35024977428851,23.083390339454425],[120.34125657065127,23.083390339454425]]]}},{"type":"Feature","properties":{"jobs":274,"pop":638,"pointCount":7,"homeWorkCommuteMedian":19654,"workHomeCommuteMedian":5890},"geometry":{"type":"Polygon","coordinates":[[[120.34125657065127,23.101376746728917],[120.34125657065127,23.110369950366163],[120.35024977428851,23.110369950366163],[120.35024977428851,23.101376746728917],[120.34125657065127,23.101376746728917]]]}},{"type":"Feature","properties":{"jobs":1029,"pop":0,"pointCount":3,"homeWorkCommuteMedian":-1,"workHomeCommuteMedian":24365},"geometry":{"type":"Polygon","coordinates":[[[120.34125657065127,23.110369950366163],[120.34125657065127,23.11936315400341],[120.35024977428851,23.11936315400341],[120.35024977428851,23.110369950366163],[120.34125657065127,23.110369950366163]]]}},{"type":"Feature","properties":{"jobs":264,"pop":0,"pointCount":1,"homeWorkCommuteMedian":-1,"workHomeCommuteMedian":14960},"geometry":{"type":"Polygon","coordinates":[[[120.34125657065127,23.146342764915147],[120.34125657065127,23.155335968552393],[120.35024977428851,23.155335968552393],[120.35024977428851,23.146342764915147],[120.34125657065127,23.146342764915147]]]}},{"type":"Feature","properties":{"jobs":142,"pop":0,"pointCount":1,"homeWorkCommuteMedian":-1,"workHomeCommuteMedian":4703},"geometry":{"type":"Polygon","coordinates":[[[120.34125657065127,23.155335968552393],[120.34125657065127,23.16432917218964],[120.35024977428851,23.16432917218964],[120.35024977428851,23.155335968552393],[120.34125657065127,23.155335968552393]]]}},{"type":"Feature","properties":{"jobs":91,"pop":0,"pointCount":1,"homeWorkCommuteMedian":-1,"workHomeCommuteMedian":6986},"geometry":{"type":"Polygon","coordinates":[[[120.34125657065127,23.173322375826885],[120.34125657065127,23.18231557946413],[120.35024977428851,23.18231557946413],[120.35024977428851,23.173322375826885],[120.34125657065127,23.173322375826885]]]}},{"type":"Feature","properties":{"jobs":71,"pop":461,"pointCount":3,"homeWorkCommuteMedian":6061,"workHomeCommuteMedian":37859},"geometry":{"type":"Polygon","coordinates":[[[120.34125657065127,23.18231557946413],[120.34125657065127,23.191308783101377],[120.35024977428851,23.191308783101377],[120.35024977428851,23.18231557946413],[120.34125657065127,23.18231557946413]]]}},{"type":"Feature","properties":{"jobs":0,"pop":141,"pointCount":1,"homeWorkCommuteMedian":31938,"workHomeCommuteMedian":-1},"geometry":{"type":"Polygon","coordinates":[[[120.34125657065127,23.191308783101377],[120.34125657065127,23.200301986738623],[120.35024977428851,23.200301986738623],[120.35024977428851,23.191308783101377],[120.34125657065127,23.191308783101377]]]}},{"type":"Feature","properties":{"jobs":20,"pop":256,"pointCount":3,"homeWorkCommuteMedian":15822,"workHomeCommuteMedian":51788},"geometry":{"type":"Polygon","coordinates":[[[120.34125657065127,23.200301986738623],[120.34125657065127,23.20929519037587],[120.35024977428851,23.20929519037587],[120.35024977428851,23.200301986738623],[120.34125657065127,23.200301986738623]]]}},{"type":"Feature","properties":{"jobs":71,"pop":107,"pointCount":3,"homeWorkCommuteMedian":7654,"workHomeCommuteMedian":33744},"geometry":{"type":"Polygon","coordinates":[[[120.34125657065127,23.20929519037587],[120.34125657065127,23.218288394013115],[120.35024977428851,23.218288394013115],[120.35024977428851,23.20929519037587],[120.34125657065127,23.20929519037587]]]}},{"type":"Feature","properties":{"jobs":470,"pop":1969,"pointCount":9,"homeWorkCommuteMedian":7833,"workHomeCommuteMedian":1297},"geometry":{"type":"Polygon","coordinates":[[[120.34125657065127,23.218288394013115],[120.34125657065127,23.22728159765036],[120.35024977428851,23.22728159765036],[120.35024977428851,23.218288394013115],[120.34125657065127,23.218288394013115]]]}},{"type":"Feature","properties":{"jobs":412,"pop":2243,"pointCount":13,"homeWorkCommuteMedian":20241,"workHomeCommuteMedian":3175},"geometry":{"type":"Polygon","coordinates":[[[120.34125657065127,23.22728159765036],[120.34125657065127,23.236274801287607],[120.35024977428851,23.236274801287607],[120.35024977428851,23.22728159765036],[120.34125657065127,23.22728159765036]]]}},{"type":"Feature","properties":{"jobs":0,"pop":21,"pointCount":1,"homeWorkCommuteMedian":3824,"workHomeCommuteMedian":-1},"geometry":{"type":"Polygon","coordinates":[[[120.34125657065127,23.236274801287607],[120.34125657065127,23.245268004924853],[120.35024977428851,23.245268004924853],[120.35024977428851,23.236274801287607],[120.34125657065127,23.236274801287607]]]}},{"type":"Feature","properties":{"jobs":81,"pop":113,"pointCount":2,"homeWorkCommuteMedian":22307,"workHomeCommuteMedian":24477},"geometry":{"type":"Polygon","coordinates":[[[120.35024977428851,22.86755345216052],[120.35024977428851,22.876546655797767],[120.35924297792576,22.876546655797767],[120.35924297792576,22.86755345216052],[120.35024977428851,22.86755345216052]]]}},{"type":"Feature","properties":{"jobs":35,"pop":275,"pointCount":3,"homeWorkCommuteMedian":8392,"workHomeCommuteMedian":2878},"geometry":{"type":"Polygon","coordinates":[[[120.35024977428851,22.876546655797767],[120.35024977428851,22.885539859435013],[120.35924297792576,22.885539859435013],[120.35924297792576,22.876546655797767],[120.35024977428851,22.876546655797767]]]}},{"type":"Feature","properties":{"jobs":332,"pop":0,"pointCount":3,"homeWorkCommuteMedian":-1,"workHomeCommuteMedian":6633},"geometry":{"type":"Polygon","coordinates":[[[120.35024977428851,22.903526266709505],[120.35024977428851,22.91251947034675],[120.35924297792576,22.91251947034675],[120.35924297792576,22.903526266709505],[120.35024977428851,22.903526266709505]]]}},{"type":"Feature","properties":{"jobs":0,"pop":104,"pointCount":1,"homeWorkCommuteMedian":20667,"workHomeCommuteMedian":-1},"geometry":{"type":"Polygon","coordinates":[[[120.35024977428851,22.91251947034675],[120.35024977428851,22.921512673983997],[120.35924297792576,22.921512673983997],[120.35924297792576,22.91251947034675],[120.35024977428851,22.91251947034675]]]}},{"type":"Feature","properties":{"jobs":0,"pop":73,"pointCount":1,"homeWorkCommuteMedian":34388,"workHomeCommuteMedian":-1},"geometry":{"type":"Polygon","coordinates":[[[120.35024977428851,22.921512673983997],[120.35024977428851,22.930505877621243],[120.35924297792576,22.930505877621243],[120.35924297792576,22.921512673983997],[120.35024977428851,22.921512673983997]]]}},{"type":"Feature","properties":{"jobs":36,"pop":0,"pointCount":1,"homeWorkCommuteMedian":-1,"workHomeCommuteMedian":8147},"geometry":{"type":"Polygon","coordinates":[[[120.35024977428851,22.93949908125849],[120.35024977428851,22.948492284895735],[120.35924297792576,22.948492284895735],[120.35924297792576,22.93949908125849],[120.35024977428851,22.93949908125849]]]}},{"type":"Feature","properties":{"jobs":100,"pop":390,"pointCount":2,"homeWorkCommuteMedian":7925,"workHomeCommuteMedian":2317},"geometry":{"type":"Polygon","coordinates":[[[120.35024977428851,22.966478692170227],[120.35024977428851,22.975471895807473],[120.35924297792576,22.975471895807473],[120.35924297792576,22.966478692170227],[120.35024977428851,22.966478692170227]]]}},{"type":"Feature","properties":{"jobs":0,"pop":76,"pointCount":1,"homeWorkCommuteMedian":26445,"workHomeCommuteMedian":-1},"geometry":{"type":"Polygon","coordinates":[[[120.35024977428851,22.975471895807473],[120.35024977428851,22.98446509944472],[120.35924297792576,22.98446509944472],[120.35924297792576,22.975471895807473],[120.35024977428851,22.975471895807473]]]}},{"type":"Feature","properties":{"jobs":0,"pop":20,"pointCount":1,"homeWorkCommuteMedian":19663,"workHomeCommuteMedian":-1},"geometry":{"type":"Polygon","coordinates":[[[120.35024977428851,23.011444710356457],[120.35024977428851,23.020437913993703],[120.35924297792576,23.020437913993703],[120.35924297792576,23.011444710356457],[120.35024977428851,23.011444710356457]]]}},{"type":"Feature","properties":{"jobs":0,"pop":60,"pointCount":1,"homeWorkCommuteMedian":17163,"workHomeCommuteMedian":-1},"geometry":{"type":"Polygon","coordinates":[[[120.35024977428851,23.020437913993703],[120.35024977428851,23.02943111763095],[120.35924297792576,23.02943111763095],[120.35924297792576,23.020437913993703],[120.35024977428851,23.020437913993703]]]}},{"type":"Feature","properties":{"jobs":0,"pop":92,"pointCount":1,"homeWorkCommuteMedian":17140,"workHomeCommuteMedian":-1},"geometry":{"type":"Polygon","coordinates":[[[120.35024977428851,23.02943111763095],[120.35024977428851,23.038424321268195],[120.35924297792576,23.038424321268195],[120.35924297792576,23.02943111763095],[120.35024977428851,23.02943111763095]]]}},{"type":"Feature","properties":{"jobs":32,"pop":39,"pointCount":2,"homeWorkCommuteMedian":9191,"workHomeCommuteMedian":10522},"geometry":{"type":"Polygon","coordinates":[[[120.35024977428851,23.038424321268195],[120.35024977428851,23.04741752490544],[120.35924297792576,23.04741752490544],[120.35924297792576,23.038424321268195],[120.35024977428851,23.038424321268195]]]}},{"type":"Feature","properties":{"jobs":0,"pop":69,"pointCount":1,"homeWorkCommuteMedian":20573,"workHomeCommuteMedian":-1},"geometry":{"type":"Polygon","coordinates":[[[120.35024977428851,23.04741752490544],[120.35024977428851,23.056410728542687],[120.35924297792576,23.056410728542687],[120.35924297792576,23.04741752490544],[120.35024977428851,23.04741752490544]]]}},{"type":"Feature","properties":{"jobs":0,"pop":139,"pointCount":2,"homeWorkCommuteMedian":15855,"workHomeCommuteMedian":-1},"geometry":{"type":"Polygon","coordinates":[[[120.35024977428851,23.056410728542687],[120.35024977428851,23.065403932179933],[120.35924297792576,23.065403932179933],[120.35924297792576,23.056410728542687],[120.35024977428851,23.056410728542687]]]}},{"type":"Feature","properties":{"jobs":84,"pop":965,"pointCount":6,"homeWorkCommuteMedian":6922,"workHomeCommuteMedian":8415},"geometry":{"type":"Polygon","coordinates":[[[120.35024977428851,23.065403932179933],[120.35024977428851,23.07439713581718],[120.35924297792576,23.07439713581718],[120.35924297792576,23.065403932179933],[120.35024977428851,23.065403932179933]]]}},{"type":"Feature","properties":{"jobs":145,"pop":0,"pointCount":1,"homeWorkCommuteMedian":-1,"workHomeCommuteMedian":37980},"geometry":{"type":"Polygon","coordinates":[[[120.35024977428851,23.07439713581718],[120.35024977428851,23.083390339454425],[120.35924297792576,23.083390339454425],[120.35924297792576,23.07439713581718],[120.35024977428851,23.07439713581718]]]}},{"type":"Feature","properties":{"jobs":196,"pop":0,"pointCount":1,"homeWorkCommuteMedian":-1,"workHomeCommuteMedian":23249},"geometry":{"type":"Polygon","coordinates":[[[120.35024977428851,23.083390339454425],[120.35024977428851,23.09238354309167],[120.35924297792576,23.09238354309167],[120.35924297792576,23.083390339454425],[120.35024977428851,23.083390339454425]]]}},{"type":"Feature","properties":{"jobs":438,"pop":1255,"pointCount":9,"homeWorkCommuteMedian":20640,"workHomeCommuteMedian":17827},"geometry":{"type":"Polygon","coordinates":[[[120.35024977428851,23.09238354309167],[120.35024977428851,23.101376746728917],[120.35924297792576,23.101376746728917],[120.35924297792576,23.09238354309167],[120.35024977428851,23.09238354309167]]]}},{"type":"Feature","properties":{"jobs":237,"pop":787,"pointCount":7,"homeWorkCommuteMedian":10053,"workHomeCommuteMedian":11628},"geometry":{"type":"Polygon","coordinates":[[[120.35024977428851,23.101376746728917],[120.35024977428851,23.110369950366163],[120.35924297792576,23.110369950366163],[120.35924297792576,23.101376746728917],[120.35024977428851,23.101376746728917]]]}},{"type":"Feature","properties":{"jobs":126,"pop":171,"pointCount":1,"homeWorkCommuteMedian":11973,"workHomeCommuteMedian":4813},"geometry":{"type":"Polygon","coordinates":[[[120.35024977428851,23.110369950366163],[120.35024977428851,23.11936315400341],[120.35924297792576,23.11936315400341],[120.35924297792576,23.110369950366163],[120.35024977428851,23.110369950366163]]]}},{"type":"Feature","properties":{"jobs":190,"pop":1654,"pointCount":13,"homeWorkCommuteMedian":12061,"workHomeCommuteMedian":9122},"geometry":{"type":"Polygon","coordinates":[[[120.35024977428851,23.11936315400341],[120.35024977428851,23.128356357640655],[120.35924297792576,23.128356357640655],[120.35924297792576,23.11936315400341],[120.35024977428851,23.11936315400341]]]}},{"type":"Feature","properties":{"jobs":0,"pop":66,"pointCount":1,"homeWorkCommuteMedian":21978,"workHomeCommuteMedian":-1},"geometry":{"type":"Polygon","coordinates":[[[120.35024977428851,23.128356357640655],[120.35024977428851,23.1373495612779],[120.35924297792576,23.1373495612779],[120.35924297792576,23.128356357640655],[120.35024977428851,23.128356357640655]]]}},{"type":"Feature","properties":{"jobs":95,"pop":151,"pointCount":3,"homeWorkCommuteMedian":28346,"workHomeCommuteMedian":7667},"geometry":{"type":"Polygon","coordinates":[[[120.35024977428851,23.146342764915147],[120.35024977428851,23.155335968552393],[120.35924297792576,23.155335968552393],[120.35924297792576,23.146342764915147],[120.35024977428851,23.146342764915147]]]}},{"type":"Feature","properties":{"jobs":0,"pop":68,"pointCount":2,"homeWorkCommuteMedian":11753,"workHomeCommuteMedian":-1},"geometry":{"type":"Polygon","coordinates":[[[120.35024977428851,23.155335968552393],[120.35024977428851,23.16432917218964],[120.35924297792576,23.16432917218964],[120.35924297792576,23.155335968552393],[120.35024977428851,23.155335968552393]]]}},{"type":"Feature","properties":{"jobs":0,"pop":63,"pointCount":1,"homeWorkCommuteMedian":30587,"workHomeCommuteMedian":-1},"geometry":{"type":"Polygon","coordinates":[[[120.35024977428851,23.191308783101377],[120.35024977428851,23.200301986738623],[120.35924297792576,23.200301986738623],[120.35924297792576,23.191308783101377],[120.35024977428851,23.191308783101377]]]}},{"type":"Feature","properties":{"jobs":72,"pop":28,"pointCount":3,"homeWorkCommuteMedian":6461,"workHomeCommuteMedian":6070},"geometry":{"type":"Polygon","coordinates":[[[120.35024977428851,23.200301986738623],[120.35024977428851,23.20929519037587],[120.35924297792576,23.20929519037587],[120.35924297792576,23.200301986738623],[120.35024977428851,23.200301986738623]]]}},{"type":"Feature","properties":{"jobs":0,"pop":251,"pointCount":3,"homeWorkCommuteMedian":19123,"workHomeCommuteMedian":-1},"geometry":{"type":"Polygon","coordinates":[[[120.35024977428851,23.20929519037587],[120.35024977428851,23.218288394013115],[120.35924297792576,23.218288394013115],[120.35924297792576,23.20929519037587],[120.35024977428851,23.20929519037587]]]}},{"type":"Feature","properties":{"jobs":49,"pop":848,"pointCount":5,"homeWorkCommuteMedian":17863,"workHomeCommuteMedian":574},"geometry":{"type":"Polygon","coordinates":[[[120.35024977428851,23.218288394013115],[120.35024977428851,23.22728159765036],[120.35924297792576,23.22728159765036],[120.35924297792576,23.218288394013115],[120.35024977428851,23.218288394013115]]]}},{"type":"Feature","properties":{"jobs":961,"pop":2939,"pointCount":16,"homeWorkCommuteMedian":19218,"workHomeCommuteMedian":1230},"geometry":{"type":"Polygon","coordinates":[[[120.35024977428851,23.22728159765036],[120.35024977428851,23.236274801287607],[120.35924297792576,23.236274801287607],[120.35924297792576,23.22728159765036],[120.35024977428851,23.22728159765036]]]}},{"type":"Feature","properties":{"jobs":80,"pop":0,"pointCount":1,"homeWorkCommuteMedian":-1,"workHomeCommuteMedian":5699},"geometry":{"type":"Polygon","coordinates":[[[120.35924297792576,22.903526266709505],[120.35924297792576,22.91251947034675],[120.368236181563,22.91251947034675],[120.368236181563,22.903526266709505],[120.35924297792576,22.903526266709505]]]}},{"type":"Feature","properties":{"jobs":70,"pop":73,"pointCount":2,"homeWorkCommuteMedian":24130,"workHomeCommuteMedian":7574},"geometry":{"type":"Polygon","coordinates":[[[120.35924297792576,22.91251947034675],[120.35924297792576,22.921512673983997],[120.368236181563,22.921512673983997],[120.368236181563,22.91251947034675],[120.35924297792576,22.91251947034675]]]}},{"type":"Feature","properties":{"jobs":0,"pop":39,"pointCount":1,"homeWorkCommuteMedian":6735,"workHomeCommuteMedian":-1},"geometry":{"type":"Polygon","coordinates":[[[120.35924297792576,22.930505877621243],[120.35924297792576,22.93949908125849],[120.368236181563,22.93949908125849],[120.368236181563,22.930505877621243],[120.35924297792576,22.930505877621243]]]}},{"type":"Feature","properties":{"jobs":114,"pop":317,"pointCount":4,"homeWorkCommuteMedian":16888,"workHomeCommuteMedian":7266},"geometry":{"type":"Polygon","coordinates":[[[120.35924297792576,22.95748548853298],[120.35924297792576,22.966478692170227],[120.368236181563,22.966478692170227],[120.368236181563,22.95748548853298],[120.35924297792576,22.95748548853298]]]}},{"type":"Feature","properties":{"jobs":72,"pop":0,"pointCount":2,"homeWorkCommuteMedian":-1,"workHomeCommuteMedian":13443},"geometry":{"type":"Polygon","coordinates":[[[120.35924297792576,22.966478692170227],[120.35924297792576,22.975471895807473],[120.368236181563,22.975471895807473],[120.368236181563,22.966478692170227],[120.35924297792576,22.966478692170227]]]}},{"type":"Feature","properties":{"jobs":0,"pop":37,"pointCount":1,"homeWorkCommuteMedian":15680,"workHomeCommuteMedian":-1},"geometry":{"type":"Polygon","coordinates":[[[120.35924297792576,23.00245150671921],[120.35924297792576,23.011444710356457],[120.368236181563,23.011444710356457],[120.368236181563,23.00245150671921],[120.35924297792576,23.00245150671921]]]}},{"type":"Feature","properties":{"jobs":23,"pop":41,"pointCount":1,"homeWorkCommuteMedian":6515,"workHomeCommuteMedian":9964},"geometry":{"type":"Polygon","coordinates":[[[120.35924297792576,23.020437913993703],[120.35924297792576,23.02943111763095],[120.368236181563,23.02943111763095],[120.368236181563,23.020437913993703],[120.35924297792576,23.020437913993703]]]}},{"type":"Feature","properties":{"jobs":0,"pop":107,"pointCount":1,"homeWorkCommuteMedian":16503,"workHomeCommuteMedian":-1},"geometry":{"type":"Polygon","coordinates":[[[120.35924297792576,23.02943111763095],[120.35924297792576,23.038424321268195],[120.368236181563,23.038424321268195],[120.368236181563,23.02943111763095],[120.35924297792576,23.02943111763095]]]}},{"type":"Feature","properties":{"jobs":117,"pop":167,"pointCount":1,"homeWorkCommuteMedian":7982,"workHomeCommuteMedian":6860},"geometry":{"type":"Polygon","coordinates":[[[120.35924297792576,23.038424321268195],[120.35924297792576,23.04741752490544],[120.368236181563,23.04741752490544],[120.368236181563,23.038424321268195],[120.35924297792576,23.038424321268195]]]}},{"type":"Feature","properties":{"jobs":18,"pop":0,"pointCount":1,"homeWorkCommuteMedian":-1,"workHomeCommuteMedian":9775},"geometry":{"type":"Polygon","coordinates":[[[120.35924297792576,23.04741752490544],[120.35924297792576,23.056410728542687],[120.368236181563,23.056410728542687],[120.368236181563,23.04741752490544],[120.35924297792576,23.04741752490544]]]}},{"type":"Feature","properties":{"jobs":108,"pop":138,"pointCount":2,"homeWorkCommuteMedian":14469,"workHomeCommuteMedian":8147},"geometry":{"type":"Polygon","coordinates":[[[120.35924297792576,23.065403932179933],[120.35924297792576,23.07439713581718],[120.368236181563,23.07439713581718],[120.368236181563,23.065403932179933],[120.35924297792576,23.065403932179933]]]}},{"type":"Feature","properties":{"jobs":27,"pop":230,"pointCount":5,"homeWorkCommuteMedian":14356,"workHomeCommuteMedian":21121},"geometry":{"type":"Polygon","coordinates":[[[120.35924297792576,23.07439713581718],[120.35924297792576,23.083390339454425],[120.368236181563,23.083390339454425],[120.368236181563,23.07439713581718],[120.35924297792576,23.07439713581718]]]}},{"type":"Feature","properties":{"jobs":117,"pop":157,"pointCount":4,"homeWorkCommuteMedian":13666,"workHomeCommuteMedian":18277},"geometry":{"type":"Polygon","coordinates":[[[120.35924297792576,23.09238354309167],[120.35924297792576,23.101376746728917],[120.368236181563,23.101376746728917],[120.368236181563,23.09238354309167],[120.35924297792576,23.09238354309167]]]}},{"type":"Feature","properties":{"jobs":0,"pop":163,"pointCount":2,"homeWorkCommuteMedian":23937,"workHomeCommuteMedian":-1},"geometry":{"type":"Polygon","coordinates":[[[120.35924297792576,23.101376746728917],[120.35924297792576,23.110369950366163],[120.368236181563,23.110369950366163],[120.368236181563,23.101376746728917],[120.35924297792576,23.101376746728917]]]}},{"type":"Feature","properties":{"jobs":257,"pop":557,"pointCount":6,"homeWorkCommuteMedian":14567,"workHomeCommuteMedian":12561},"geometry":{"type":"Polygon","coordinates":[[[120.35924297792576,23.110369950366163],[120.35924297792576,23.11936315400341],[120.368236181563,23.11936315400341],[120.368236181563,23.110369950366163],[120.35924297792576,23.110369950366163]]]}},{"type":"Feature","properties":{"jobs":0,"pop":131,"pointCount":1,"homeWorkCommuteMedian":13162,"workHomeCommuteMedian":-1},"geometry":{"type":"Polygon","coordinates":[[[120.35924297792576,23.11936315400341],[120.35924297792576,23.128356357640655],[120.368236181563,23.128356357640655],[120.368236181563,23.11936315400341],[120.35924297792576,23.11936315400341]]]}},{"type":"Feature","properties":{"jobs":0,"pop":27,"pointCount":1,"homeWorkCommuteMedian":12348,"workHomeCommuteMedian":-1},"geometry":{"type":"Polygon","coordinates":[[[120.35924297792576,23.146342764915147],[120.35924297792576,23.155335968552393],[120.368236181563,23.155335968552393],[120.368236181563,23.146342764915147],[120.35924297792576,23.146342764915147]]]}},{"type":"Feature","properties":{"jobs":0,"pop":133,"pointCount":2,"homeWorkCommuteMedian":8714,"workHomeCommuteMedian":-1},"geometry":{"type":"Polygon","coordinates":[[[120.35924297792576,23.16432917218964],[120.35924297792576,23.173322375826885],[120.368236181563,23.173322375826885],[120.368236181563,23.16432917218964],[120.35924297792576,23.16432917218964]]]}},{"type":"Feature","properties":{"jobs":87,"pop":305,"pointCount":4,"homeWorkCommuteMedian":7310,"workHomeCommuteMedian":13396},"geometry":{"type":"Polygon","coordinates":[[[120.35924297792576,23.173322375826885],[120.35924297792576,23.18231557946413],[120.368236181563,23.18231557946413],[120.368236181563,23.173322375826885],[120.35924297792576,23.173322375826885]]]}},{"type":"Feature","properties":{"jobs":26,"pop":33,"pointCount":1,"homeWorkCommuteMedian":33525,"workHomeCommuteMedian":37235},"geometry":{"type":"Polygon","coordinates":[[[120.35924297792576,23.18231557946413],[120.35924297792576,23.191308783101377],[120.368236181563,23.191308783101377],[120.368236181563,23.18231557946413],[120.35924297792576,23.18231557946413]]]}},{"type":"Feature","properties":{"jobs":98,"pop":0,"pointCount":2,"homeWorkCommuteMedian":-1,"workHomeCommuteMedian":18018},"geometry":{"type":"Polygon","coordinates":[[[120.35924297792576,23.200301986738623],[120.35924297792576,23.20929519037587],[120.368236181563,23.20929519037587],[120.368236181563,23.200301986738623],[120.35924297792576,23.200301986738623]]]}},{"type":"Feature","properties":{"jobs":42,"pop":111,"pointCount":4,"homeWorkCommuteMedian":21466,"workHomeCommuteMedian":7218},"geometry":{"type":"Polygon","coordinates":[[[120.35924297792576,23.20929519037587],[120.35924297792576,23.218288394013115],[120.368236181563,23.218288394013115],[120.368236181563,23.20929519037587],[120.35924297792576,23.20929519037587]]]}},{"type":"Feature","properties":{"jobs":37,"pop":0,"pointCount":1,"homeWorkCommuteMedian":-1,"workHomeCommuteMedian":3874},"geometry":{"type":"Polygon","coordinates":[[[120.35924297792576,23.218288394013115],[120.35924297792576,23.22728159765036],[120.368236181563,23.22728159765036],[120.368236181563,23.218288394013115],[120.35924297792576,23.218288394013115]]]}},{"type":"Feature","properties":{"jobs":24,"pop":0,"pointCount":1,"homeWorkCommuteMedian":-1,"workHomeCommuteMedian":1852},"geometry":{"type":"Polygon","coordinates":[[[120.35924297792576,23.22728159765036],[120.35924297792576,23.236274801287607],[120.368236181563,23.236274801287607],[120.368236181563,23.22728159765036],[120.35924297792576,23.22728159765036]]]}},{"type":"Feature","properties":{"jobs":0,"pop":28,"pointCount":1,"homeWorkCommuteMedian":12572,"workHomeCommuteMedian":-1},"geometry":{"type":"Polygon","coordinates":[[[120.368236181563,22.93949908125849],[120.368236181563,22.948492284895735],[120.37722938520025,22.948492284895735],[120.37722938520025,22.93949908125849],[120.368236181563,22.93949908125849]]]}},{"type":"Feature","properties":{"jobs":0,"pop":46,"pointCount":1,"homeWorkCommuteMedian":17354,"workHomeCommuteMedian":-1},"geometry":{"type":"Polygon","coordinates":[[[120.368236181563,22.948492284895735],[120.368236181563,22.95748548853298],[120.37722938520025,22.95748548853298],[120.37722938520025,22.948492284895735],[120.368236181563,22.948492284895735]]]}},{"type":"Feature","properties":{"jobs":0,"pop":33,"pointCount":1,"homeWorkCommuteMedian":20223,"workHomeCommuteMedian":-1},"geometry":{"type":"Polygon","coordinates":[[[120.368236181563,22.966478692170227],[120.368236181563,22.975471895807473],[120.37722938520025,22.975471895807473],[120.37722938520025,22.966478692170227],[120.368236181563,22.966478692170227]]]}},{"type":"Feature","properties":{"jobs":0,"pop":86,"pointCount":1,"homeWorkCommuteMedian":18690,"workHomeCommuteMedian":-1},"geometry":{"type":"Polygon","coordinates":[[[120.368236181563,22.98446509944472],[120.368236181563,22.993458303081965],[120.37722938520025,22.993458303081965],[120.37722938520025,22.98446509944472],[120.368236181563,22.98446509944472]]]}},{"type":"Feature","properties":{"jobs":42,"pop":61,"pointCount":1,"homeWorkCommuteMedian":20750,"workHomeCommuteMedian":9835},"geometry":{"type":"Polygon","coordinates":[[[120.368236181563,23.011444710356457],[120.368236181563,23.020437913993703],[120.37722938520025,23.020437913993703],[120.37722938520025,23.011444710356457],[120.368236181563,23.011444710356457]]]}},{"type":"Feature","properties":{"jobs":0,"pop":94,"pointCount":1,"homeWorkCommuteMedian":8947,"workHomeCommuteMedian":-1},"geometry":{"type":"Polygon","coordinates":[[[120.368236181563,23.038424321268195],[120.368236181563,23.04741752490544],[120.37722938520025,23.04741752490544],[120.37722938520025,23.038424321268195],[120.368236181563,23.038424321268195]]]}},{"type":"Feature","properties":{"jobs":0,"pop":35,"pointCount":1,"homeWorkCommuteMedian":19630,"workHomeCommuteMedian":-1},"geometry":{"type":"Polygon","coordinates":[[[120.368236181563,23.04741752490544],[120.368236181563,23.056410728542687],[120.37722938520025,23.056410728542687],[120.37722938520025,23.04741752490544],[120.368236181563,23.04741752490544]]]}},{"type":"Feature","properties":{"jobs":0,"pop":55,"pointCount":1,"homeWorkCommuteMedian":11513,"workHomeCommuteMedian":-1},"geometry":{"type":"Polygon","coordinates":[[[120.368236181563,23.056410728542687],[120.368236181563,23.065403932179933],[120.37722938520025,23.065403932179933],[120.37722938520025,23.056410728542687],[120.368236181563,23.056410728542687]]]}},{"type":"Feature","properties":{"jobs":20,"pop":54,"pointCount":2,"homeWorkCommuteMedian":17066,"workHomeCommuteMedian":15930},"geometry":{"type":"Polygon","coordinates":[[[120.368236181563,23.065403932179933],[120.368236181563,23.07439713581718],[120.37722938520025,23.07439713581718],[120.37722938520025,23.065403932179933],[120.368236181563,23.065403932179933]]]}},{"type":"Feature","properties":{"jobs":30,"pop":0,"pointCount":1,"homeWorkCommuteMedian":-1,"workHomeCommuteMedian":19304},"geometry":{"type":"Polygon","coordinates":[[[120.368236181563,23.07439713581718],[120.368236181563,23.083390339454425],[120.37722938520025,23.083390339454425],[120.37722938520025,23.07439713581718],[120.368236181563,23.07439713581718]]]}},{"type":"Feature","properties":{"jobs":75,"pop":59,"pointCount":1,"homeWorkCommuteMedian":22369,"workHomeCommuteMedian":29278},"geometry":{"type":"Polygon","coordinates":[[[120.368236181563,23.09238354309167],[120.368236181563,23.101376746728917],[120.37722938520025,23.101376746728917],[120.37722938520025,23.09238354309167],[120.368236181563,23.09238354309167]]]}},{"type":"Feature","properties":{"jobs":0,"pop":130,"pointCount":1,"homeWorkCommuteMedian":24313,"workHomeCommuteMedian":-1},"geometry":{"type":"Polygon","coordinates":[[[120.368236181563,23.101376746728917],[120.368236181563,23.110369950366163],[120.37722938520025,23.110369950366163],[120.37722938520025,23.101376746728917],[120.368236181563,23.101376746728917]]]}},{"type":"Feature","properties":{"jobs":33,"pop":156,"pointCount":2,"homeWorkCommuteMedian":27553,"workHomeCommuteMedian":3463},"geometry":{"type":"Polygon","coordinates":[[[120.368236181563,23.110369950366163],[120.368236181563,23.11936315400341],[120.37722938520025,23.11936315400341],[120.37722938520025,23.110369950366163],[120.368236181563,23.110369950366163]]]}},{"type":"Feature","properties":{"jobs":0,"pop":78,"pointCount":1,"homeWorkCommuteMedian":13253,"workHomeCommuteMedian":-1},"geometry":{"type":"Polygon","coordinates":[[[120.368236181563,23.128356357640655],[120.368236181563,23.1373495612779],[120.37722938520025,23.1373495612779],[120.37722938520025,23.128356357640655],[120.368236181563,23.128356357640655]]]}},{"type":"Feature","properties":{"jobs":14,"pop":84,"pointCount":2,"homeWorkCommuteMedian":30543,"workHomeCommuteMedian":23485},"geometry":{"type":"Polygon","coordinates":[[[120.368236181563,23.1373495612779],[120.368236181563,23.146342764915147],[120.37722938520025,23.146342764915147],[120.37722938520025,23.1373495612779],[120.368236181563,23.1373495612779]]]}},{"type":"Feature","properties":{"jobs":28,"pop":47,"pointCount":2,"homeWorkCommuteMedian":22659,"workHomeCommuteMedian":17},"geometry":{"type":"Polygon","coordinates":[[[120.368236181563,23.146342764915147],[120.368236181563,23.155335968552393],[120.37722938520025,23.155335968552393],[120.37722938520025,23.146342764915147],[120.368236181563,23.146342764915147]]]}},{"type":"Feature","properties":{"jobs":23,"pop":0,"pointCount":1,"homeWorkCommuteMedian":-1,"workHomeCommuteMedian":31952},"geometry":{"type":"Polygon","coordinates":[[[120.368236181563,23.16432917218964],[120.368236181563,23.173322375826885],[120.37722938520025,23.173322375826885],[120.37722938520025,23.16432917218964],[120.368236181563,23.16432917218964]]]}},{"type":"Feature","properties":{"jobs":1584,"pop":120,"pointCount":6,"homeWorkCommuteMedian":9898,"workHomeCommuteMedian":25979},"geometry":{"type":"Polygon","coordinates":[[[120.368236181563,23.18231557946413],[120.368236181563,23.191308783101377],[120.37722938520025,23.191308783101377],[120.37722938520025,23.18231557946413],[120.368236181563,23.18231557946413]]]}},{"type":"Feature","properties":{"jobs":148,"pop":39,"pointCount":3,"homeWorkCommuteMedian":39204,"workHomeCommuteMedian":37342},"geometry":{"type":"Polygon","coordinates":[[[120.368236181563,23.191308783101377],[120.368236181563,23.200301986738623],[120.37722938520025,23.200301986738623],[120.37722938520025,23.191308783101377],[120.368236181563,23.191308783101377]]]}},{"type":"Feature","properties":{"jobs":200,"pop":0,"pointCount":2,"homeWorkCommuteMedian":-1,"workHomeCommuteMedian":31982},"geometry":{"type":"Polygon","coordinates":[[[120.368236181563,23.20929519037587],[120.368236181563,23.218288394013115],[120.37722938520025,23.218288394013115],[120.37722938520025,23.20929519037587],[120.368236181563,23.20929519037587]]]}},{"type":"Feature","properties":{"jobs":80,"pop":65,"pointCount":2,"homeWorkCommuteMedian":2752,"workHomeCommuteMedian":11663},"geometry":{"type":"Polygon","coordinates":[[[120.368236181563,23.22728159765036],[120.368236181563,23.236274801287607],[120.37722938520025,23.236274801287607],[120.37722938520025,23.22728159765036],[120.368236181563,23.22728159765036]]]}},{"type":"Feature","properties":{"jobs":880,"pop":0,"pointCount":1,"homeWorkCommuteMedian":-1,"workHomeCommuteMedian":4252},"geometry":{"type":"Polygon","coordinates":[[[120.368236181563,23.236274801287607],[120.368236181563,23.245268004924853],[120.37722938520025,23.245268004924853],[120.37722938520025,23.236274801287607],[120.368236181563,23.236274801287607]]]}},{"type":"Feature","properties":{"jobs":0,"pop":22,"pointCount":1,"homeWorkCommuteMedian":9749,"workHomeCommuteMedian":-1},"geometry":{"type":"Polygon","coordinates":[[[120.37722938520025,22.95748548853298],[120.37722938520025,22.966478692170227],[120.3862225888375,22.966478692170227],[120.3862225888375,22.95748548853298],[120.37722938520025,22.95748548853298]]]}},{"type":"Feature","properties":{"jobs":0,"pop":20,"pointCount":1,"homeWorkCommuteMedian":8147,"workHomeCommuteMedian":-1},"geometry":{"type":"Polygon","coordinates":[[[120.37722938520025,22.966478692170227],[120.37722938520025,22.975471895807473],[120.3862225888375,22.975471895807473],[120.3862225888375,22.966478692170227],[120.37722938520025,22.966478692170227]]]}},{"type":"Feature","properties":{"jobs":0,"pop":72,"pointCount":1,"homeWorkCommuteMedian":9361,"workHomeCommuteMedian":-1},"geometry":{"type":"Polygon","coordinates":[[[120.37722938520025,22.975471895807473],[120.37722938520025,22.98446509944472],[120.3862225888375,22.98446509944472],[120.3862225888375,22.975471895807473],[120.37722938520025,22.975471895807473]]]}},{"type":"Feature","properties":{"jobs":0,"pop":66,"pointCount":1,"homeWorkCommuteMedian":9867,"workHomeCommuteMedian":-1},"geometry":{"type":"Polygon","coordinates":[[[120.37722938520025,23.00245150671921],[120.37722938520025,23.011444710356457],[120.3862225888375,23.011444710356457],[120.3862225888375,23.00245150671921],[120.37722938520025,23.00245150671921]]]}},{"type":"Feature","properties":{"jobs":0,"pop":93,"pointCount":1,"homeWorkCommuteMedian":24477,"workHomeCommuteMedian":-1},"geometry":{"type":"Polygon","coordinates":[[[120.37722938520025,23.011444710356457],[120.37722938520025,23.020437913993703],[120.3862225888375,23.020437913993703],[120.3862225888375,23.011444710356457],[120.37722938520025,23.011444710356457]]]}},{"type":"Feature","properties":{"jobs":24,"pop":0,"pointCount":1,"homeWorkCommuteMedian":-1,"workHomeCommuteMedian":10374},"geometry":{"type":"Polygon","coordinates":[[[120.37722938520025,23.020437913993703],[120.37722938520025,23.02943111763095],[120.3862225888375,23.02943111763095],[120.3862225888375,23.020437913993703],[120.37722938520025,23.020437913993703]]]}},{"type":"Feature","properties":{"jobs":0,"pop":24,"pointCount":1,"homeWorkCommuteMedian":25232,"workHomeCommuteMedian":-1},"geometry":{"type":"Polygon","coordinates":[[[120.37722938520025,23.02943111763095],[120.37722938520025,23.038424321268195],[120.3862225888375,23.038424321268195],[120.3862225888375,23.02943111763095],[120.37722938520025,23.02943111763095]]]}},{"type":"Feature","properties":{"jobs":0,"pop":42,"pointCount":1,"homeWorkCommuteMedian":26922,"workHomeCommuteMedian":-1},"geometry":{"type":"Polygon","coordinates":[[[120.37722938520025,23.038424321268195],[120.37722938520025,23.04741752490544],[120.3862225888375,23.04741752490544],[120.3862225888375,23.038424321268195],[120.37722938520025,23.038424321268195]]]}},{"type":"Feature","properties":{"jobs":0,"pop":78,"pointCount":1,"homeWorkCommuteMedian":21788,"workHomeCommuteMedian":-1},"geometry":{"type":"Polygon","coordinates":[[[120.37722938520025,23.056410728542687],[120.37722938520025,23.065403932179933],[120.3862225888375,23.065403932179933],[120.3862225888375,23.056410728542687],[120.37722938520025,23.056410728542687]]]}},{"type":"Feature","properties":{"jobs":0,"pop":28,"pointCount":1,"homeWorkCommuteMedian":22854,"workHomeCommuteMedian":-1},"geometry":{"type":"Polygon","coordinates":[[[120.37722938520025,23.065403932179933],[120.37722938520025,23.07439713581718],[120.3862225888375,23.07439713581718],[120.3862225888375,23.065403932179933],[120.37722938520025,23.065403932179933]]]}},{"type":"Feature","properties":{"jobs":10,"pop":208,"pointCount":2,"homeWorkCommuteMedian":7132,"workHomeCommuteMedian":577},"geometry":{"type":"Polygon","coordinates":[[[120.37722938520025,23.083390339454425],[120.37722938520025,23.09238354309167],[120.3862225888375,23.09238354309167],[120.3862225888375,23.083390339454425],[120.37722938520025,23.083390339454425]]]}},{"type":"Feature","properties":{"jobs":31,"pop":89,"pointCount":2,"homeWorkCommuteMedian":20077,"workHomeCommuteMedian":33558},"geometry":{"type":"Polygon","coordinates":[[[120.37722938520025,23.110369950366163],[120.37722938520025,23.11936315400341],[120.3862225888375,23.11936315400341],[120.3862225888375,23.110369950366163],[120.37722938520025,23.110369950366163]]]}},{"type":"Feature","properties":{"jobs":44,"pop":172,"pointCount":2,"homeWorkCommuteMedian":32225,"workHomeCommuteMedian":4792},"geometry":{"type":"Polygon","coordinates":[[[120.37722938520025,23.1373495612779],[120.37722938520025,23.146342764915147],[120.3862225888375,23.146342764915147],[120.3862225888375,23.1373495612779],[120.37722938520025,23.1373495612779]]]}},{"type":"Feature","properties":{"jobs":184,"pop":63,"pointCount":3,"homeWorkCommuteMedian":18754,"workHomeCommuteMedian":6636},"geometry":{"type":"Polygon","coordinates":[[[120.37722938520025,23.146342764915147],[120.37722938520025,23.155335968552393],[120.3862225888375,23.155335968552393],[120.3862225888375,23.146342764915147],[120.37722938520025,23.146342764915147]]]}},{"type":"Feature","properties":{"jobs":0,"pop":207,"pointCount":1,"homeWorkCommuteMedian":34049,"workHomeCommuteMedian":-1},"geometry":{"type":"Polygon","coordinates":[[[120.37722938520025,23.155335968552393],[120.37722938520025,23.16432917218964],[120.3862225888375,23.16432917218964],[120.3862225888375,23.155335968552393],[120.37722938520025,23.155335968552393]]]}},{"type":"Feature","properties":{"jobs":0,"pop":21,"pointCount":1,"homeWorkCommuteMedian":42457,"workHomeCommuteMedian":-1},"geometry":{"type":"Polygon","coordinates":[[[120.37722938520025,23.16432917218964],[120.37722938520025,23.173322375826885],[120.3862225888375,23.173322375826885],[120.3862225888375,23.16432917218964],[120.37722938520025,23.16432917218964]]]}},{"type":"Feature","properties":{"jobs":0,"pop":60,"pointCount":2,"homeWorkCommuteMedian":7632,"workHomeCommuteMedian":-1},"geometry":{"type":"Polygon","coordinates":[[[120.3862225888375,22.921512673983997],[120.3862225888375,22.930505877621243],[120.39521579247474,22.930505877621243],[120.39521579247474,22.921512673983997],[120.3862225888375,22.921512673983997]]]}},{"type":"Feature","properties":{"jobs":0,"pop":80,"pointCount":2,"homeWorkCommuteMedian":21190,"workHomeCommuteMedian":-1},"geometry":{"type":"Polygon","coordinates":[[[120.3862225888375,22.930505877621243],[120.3862225888375,22.93949908125849],[120.39521579247474,22.93949908125849],[120.39521579247474,22.930505877621243],[120.3862225888375,22.930505877621243]]]}},{"type":"Feature","properties":{"jobs":4,"pop":0,"pointCount":1,"homeWorkCommuteMedian":-1,"workHomeCommuteMedian":22895},"geometry":{"type":"Polygon","coordinates":[[[120.3862225888375,22.93949908125849],[120.3862225888375,22.948492284895735],[120.39521579247474,22.948492284895735],[120.39521579247474,22.93949908125849],[120.3862225888375,22.93949908125849]]]}},{"type":"Feature","properties":{"jobs":33,"pop":28,"pointCount":2,"homeWorkCommuteMedian":18766,"workHomeCommuteMedian":6314},"geometry":{"type":"Polygon","coordinates":[[[120.3862225888375,22.948492284895735],[120.3862225888375,22.95748548853298],[120.39521579247474,22.95748548853298],[120.39521579247474,22.948492284895735],[120.3862225888375,22.948492284895735]]]}},{"type":"Feature","properties":{"jobs":0,"pop":42,"pointCount":1,"homeWorkCommuteMedian":28249,"workHomeCommuteMedian":-1},"geometry":{"type":"Polygon","coordinates":[[[120.3862225888375,22.966478692170227],[120.3862225888375,22.975471895807473],[120.39521579247474,22.975471895807473],[120.39521579247474,22.966478692170227],[120.3862225888375,22.966478692170227]]]}},{"type":"Feature","properties":{"jobs":0,"pop":28,"pointCount":1,"homeWorkCommuteMedian":29211,"workHomeCommuteMedian":-1},"geometry":{"type":"Polygon","coordinates":[[[120.3862225888375,22.975471895807473],[120.3862225888375,22.98446509944472],[120.39521579247474,22.98446509944472],[120.39521579247474,22.975471895807473],[120.3862225888375,22.975471895807473]]]}},{"type":"Feature","properties":{"jobs":0,"pop":247,"pointCount":1,"homeWorkCommuteMedian":24361,"workHomeCommuteMedian":-1},"geometry":{"type":"Polygon","coordinates":[[[120.3862225888375,22.98446509944472],[120.3862225888375,22.993458303081965],[120.39521579247474,22.993458303081965],[120.39521579247474,22.98446509944472],[120.3862225888375,22.98446509944472]]]}},{"type":"Feature","properties":{"jobs":0,"pop":59,"pointCount":1,"homeWorkCommuteMedian":22122,"workHomeCommuteMedian":-1},"geometry":{"type":"Polygon","coordinates":[[[120.3862225888375,22.993458303081965],[120.3862225888375,23.00245150671921],[120.39521579247474,23.00245150671921],[120.39521579247474,22.993458303081965],[120.3862225888375,22.993458303081965]]]}},{"type":"Feature","properties":{"jobs":181,"pop":0,"pointCount":2,"homeWorkCommuteMedian":-1,"workHomeCommuteMedian":19220},"geometry":{"type":"Polygon","coordinates":[[[120.3862225888375,23.00245150671921],[120.3862225888375,23.011444710356457],[120.39521579247474,23.011444710356457],[120.39521579247474,23.00245150671921],[120.3862225888375,23.00245150671921]]]}},{"type":"Feature","properties":{"jobs":0,"pop":57,"pointCount":1,"homeWorkCommuteMedian":25084,"workHomeCommuteMedian":-1},"geometry":{"type":"Polygon","coordinates":[[[120.3862225888375,23.020437913993703],[120.3862225888375,23.02943111763095],[120.39521579247474,23.02943111763095],[120.39521579247474,23.020437913993703],[120.3862225888375,23.020437913993703]]]}},{"type":"Feature","properties":{"jobs":110,"pop":87,"pointCount":4,"homeWorkCommuteMedian":20151,"workHomeCommuteMedian":23098},"geometry":{"type":"Polygon","coordinates":[[[120.3862225888375,23.056410728542687],[120.3862225888375,23.065403932179933],[120.39521579247474,23.065403932179933],[120.39521579247474,23.056410728542687],[120.3862225888375,23.056410728542687]]]}},{"type":"Feature","properties":{"jobs":0,"pop":91,"pointCount":1,"homeWorkCommuteMedian":21063,"workHomeCommuteMedian":-1},"geometry":{"type":"Polygon","coordinates":[[[120.3862225888375,23.065403932179933],[120.3862225888375,23.07439713581718],[120.39521579247474,23.07439713581718],[120.39521579247474,23.065403932179933],[120.3862225888375,23.065403932179933]]]}},{"type":"Feature","properties":{"jobs":0,"pop":60,"pointCount":1,"homeWorkCommuteMedian":29049,"workHomeCommuteMedian":-1},"geometry":{"type":"Polygon","coordinates":[[[120.3862225888375,23.07439713581718],[120.3862225888375,23.083390339454425],[120.39521579247474,23.083390339454425],[120.39521579247474,23.07439713581718],[120.3862225888375,23.07439713581718]]]}},{"type":"Feature","properties":{"jobs":0,"pop":182,"pointCount":2,"homeWorkCommuteMedian":23624,"workHomeCommuteMedian":-1},"geometry":{"type":"Polygon","coordinates":[[[120.3862225888375,23.09238354309167],[120.3862225888375,23.101376746728917],[120.39521579247474,23.101376746728917],[120.39521579247474,23.09238354309167],[120.3862225888375,23.09238354309167]]]}},{"type":"Feature","properties":{"jobs":0,"pop":37,"pointCount":1,"homeWorkCommuteMedian":27819,"workHomeCommuteMedian":-1},"geometry":{"type":"Polygon","coordinates":[[[120.3862225888375,23.101376746728917],[120.3862225888375,23.110369950366163],[120.39521579247474,23.110369950366163],[120.39521579247474,23.101376746728917],[120.3862225888375,23.101376746728917]]]}},{"type":"Feature","properties":{"jobs":0,"pop":60,"pointCount":1,"homeWorkCommuteMedian":15498,"workHomeCommuteMedian":-1},"geometry":{"type":"Polygon","coordinates":[[[120.3862225888375,23.110369950366163],[120.3862225888375,23.11936315400341],[120.39521579247474,23.11936315400341],[120.39521579247474,23.110369950366163],[120.3862225888375,23.110369950366163]]]}},{"type":"Feature","properties":{"jobs":41,"pop":608,"pointCount":8,"homeWorkCommuteMedian":18632,"workHomeCommuteMedian":29211},"geometry":{"type":"Polygon","coordinates":[[[120.3862225888375,23.11936315400341],[120.3862225888375,23.128356357640655],[120.39521579247474,23.128356357640655],[120.39521579247474,23.11936315400341],[120.3862225888375,23.11936315400341]]]}},{"type":"Feature","properties":{"jobs":0,"pop":59,"pointCount":1,"homeWorkCommuteMedian":35230,"workHomeCommuteMedian":-1},"geometry":{"type":"Polygon","coordinates":[[[120.3862225888375,23.128356357640655],[120.3862225888375,23.1373495612779],[120.39521579247474,23.1373495612779],[120.39521579247474,23.128356357640655],[120.3862225888375,23.128356357640655]]]}},{"type":"Feature","properties":{"jobs":0,"pop":80,"pointCount":1,"homeWorkCommuteMedian":12308,"workHomeCommuteMedian":-1},"geometry":{"type":"Polygon","coordinates":[[[120.3862225888375,23.1373495612779],[120.3862225888375,23.146342764915147],[120.39521579247474,23.146342764915147],[120.39521579247474,23.1373495612779],[120.3862225888375,23.1373495612779]]]}},{"type":"Feature","properties":{"jobs":0,"pop":33,"pointCount":1,"homeWorkCommuteMedian":20774,"workHomeCommuteMedian":-1},"geometry":{"type":"Polygon","coordinates":[[[120.3862225888375,23.146342764915147],[120.3862225888375,23.155335968552393],[120.39521579247474,23.155335968552393],[120.39521579247474,23.146342764915147],[120.3862225888375,23.146342764915147]]]}},{"type":"Feature","properties":{"jobs":0,"pop":70,"pointCount":2,"homeWorkCommuteMedian":33544,"workHomeCommuteMedian":-1},"geometry":{"type":"Polygon","coordinates":[[[120.3862225888375,23.155335968552393],[120.3862225888375,23.16432917218964],[120.39521579247474,23.16432917218964],[120.39521579247474,23.155335968552393],[120.3862225888375,23.155335968552393]]]}},{"type":"Feature","properties":{"jobs":0,"pop":21,"pointCount":1,"homeWorkCommuteMedian":29553,"workHomeCommuteMedian":-1},"geometry":{"type":"Polygon","coordinates":[[[120.3862225888375,23.173322375826885],[120.3862225888375,23.18231557946413],[120.39521579247474,23.18231557946413],[120.39521579247474,23.173322375826885],[120.3862225888375,23.173322375826885]]]}},{"type":"Feature","properties":{"jobs":78,"pop":40,"pointCount":2,"homeWorkCommuteMedian":24846,"workHomeCommuteMedian":9361},"geometry":{"type":"Polygon","coordinates":[[[120.39521579247474,22.948492284895735],[120.39521579247474,22.95748548853298],[120.40420899611199,22.95748548853298],[120.40420899611199,22.948492284895735],[120.39521579247474,22.948492284895735]]]}},{"type":"Feature","properties":{"jobs":0,"pop":32,"pointCount":1,"homeWorkCommuteMedian":36667,"workHomeCommuteMedian":-1},"geometry":{"type":"Polygon","coordinates":[[[120.39521579247474,22.98446509944472],[120.39521579247474,22.993458303081965],[120.40420899611199,22.993458303081965],[120.40420899611199,22.98446509944472],[120.39521579247474,22.98446509944472]]]}},{"type":"Feature","properties":{"jobs":0,"pop":43,"pointCount":1,"homeWorkCommuteMedian":19520,"workHomeCommuteMedian":-1},"geometry":{"type":"Polygon","coordinates":[[[120.39521579247474,22.993458303081965],[120.39521579247474,23.00245150671921],[120.40420899611199,23.00245150671921],[120.40420899611199,22.993458303081965],[120.39521579247474,22.993458303081965]]]}},{"type":"Feature","properties":{"jobs":4,"pop":0,"pointCount":1,"homeWorkCommuteMedian":-1,"workHomeCommuteMedian":27172},"geometry":{"type":"Polygon","coordinates":[[[120.39521579247474,23.00245150671921],[120.39521579247474,23.011444710356457],[120.40420899611199,23.011444710356457],[120.40420899611199,23.00245150671921],[120.39521579247474,23.00245150671921]]]}},{"type":"Feature","properties":{"jobs":0,"pop":39,"pointCount":1,"homeWorkCommuteMedian":23136,"workHomeCommuteMedian":-1},"geometry":{"type":"Polygon","coordinates":[[[120.39521579247474,23.011444710356457],[120.39521579247474,23.020437913993703],[120.40420899611199,23.020437913993703],[120.40420899611199,23.011444710356457],[120.39521579247474,23.011444710356457]]]}},{"type":"Feature","properties":{"jobs":0,"pop":98,"pointCount":1,"homeWorkCommuteMedian":19324,"workHomeCommuteMedian":-1},"geometry":{"type":"Polygon","coordinates":[[[120.39521579247474,23.02943111763095],[120.39521579247474,23.038424321268195],[120.40420899611199,23.038424321268195],[120.40420899611199,23.02943111763095],[120.39521579247474,23.02943111763095]]]}},{"type":"Feature","properties":{"jobs":34,"pop":252,"pointCount":3,"homeWorkCommuteMedian":26972,"workHomeCommuteMedian":1667},"geometry":{"type":"Polygon","coordinates":[[[120.39521579247474,23.04741752490544],[120.39521579247474,23.056410728542687],[120.40420899611199,23.056410728542687],[120.40420899611199,23.04741752490544],[120.39521579247474,23.04741752490544]]]}},{"type":"Feature","properties":{"jobs":83,"pop":188,"pointCount":2,"homeWorkCommuteMedian":22825,"workHomeCommuteMedian":24718},"geometry":{"type":"Polygon","coordinates":[[[120.39521579247474,23.056410728542687],[120.39521579247474,23.065403932179933],[120.40420899611199,23.065403932179933],[120.40420899611199,23.056410728542687],[120.39521579247474,23.056410728542687]]]}},{"type":"Feature","properties":{"jobs":0,"pop":35,"pointCount":1,"homeWorkCommuteMedian":14720,"workHomeCommuteMedian":-1},"geometry":{"type":"Polygon","coordinates":[[[120.39521579247474,23.065403932179933],[120.39521579247474,23.07439713581718],[120.40420899611199,23.07439713581718],[120.40420899611199,23.065403932179933],[120.39521579247474,23.065403932179933]]]}},{"type":"Feature","properties":{"jobs":241,"pop":0,"pointCount":2,"homeWorkCommuteMedian":-1,"workHomeCommuteMedian":21373},"geometry":{"type":"Polygon","coordinates":[[[120.39521579247474,23.09238354309167],[120.39521579247474,23.101376746728917],[120.40420899611199,23.101376746728917],[120.40420899611199,23.09238354309167],[120.39521579247474,23.09238354309167]]]}},{"type":"Feature","properties":{"jobs":94,"pop":0,"pointCount":1,"homeWorkCommuteMedian":-1,"workHomeCommuteMedian":7251},"geometry":{"type":"Polygon","coordinates":[[[120.39521579247474,23.101376746728917],[120.39521579247474,23.110369950366163],[120.40420899611199,23.110369950366163],[120.40420899611199,23.101376746728917],[120.39521579247474,23.101376746728917]]]}},{"type":"Feature","properties":{"jobs":0,"pop":24,"pointCount":1,"homeWorkCommuteMedian":4813,"workHomeCommuteMedian":-1},"geometry":{"type":"Polygon","coordinates":[[[120.39521579247474,23.11936315400341],[120.39521579247474,23.128356357640655],[120.40420899611199,23.128356357640655],[120.40420899611199,23.11936315400341],[120.39521579247474,23.11936315400341]]]}},{"type":"Feature","properties":{"jobs":0,"pop":34,"pointCount":1,"homeWorkCommuteMedian":33065,"workHomeCommuteMedian":-1},"geometry":{"type":"Polygon","coordinates":[[[120.39521579247474,23.1373495612779],[120.39521579247474,23.146342764915147],[120.40420899611199,23.146342764915147],[120.40420899611199,23.1373495612779],[120.39521579247474,23.1373495612779]]]}},{"type":"Feature","properties":{"jobs":0,"pop":45,"pointCount":1,"homeWorkCommuteMedian":8309,"workHomeCommuteMedian":-1},"geometry":{"type":"Polygon","coordinates":[[[120.39521579247474,23.173322375826885],[120.39521579247474,23.18231557946413],[120.40420899611199,23.18231557946413],[120.40420899611199,23.173322375826885],[120.39521579247474,23.173322375826885]]]}},{"type":"Feature","properties":{"jobs":0,"pop":98,"pointCount":1,"homeWorkCommuteMedian":63509,"workHomeCommuteMedian":-1},"geometry":{"type":"Polygon","coordinates":[[[120.39521579247474,23.218288394013115],[120.39521579247474,23.22728159765036],[120.40420899611199,23.22728159765036],[120.40420899611199,23.218288394013115],[120.39521579247474,23.218288394013115]]]}},{"type":"Feature","properties":{"jobs":18,"pop":0,"pointCount":1,"homeWorkCommuteMedian":-1,"workHomeCommuteMedian":57052},"geometry":{"type":"Polygon","coordinates":[[[120.40420899611199,22.921512673983997],[120.40420899611199,22.930505877621243],[120.41320219974924,22.930505877621243],[120.41320219974924,22.921512673983997],[120.40420899611199,22.921512673983997]]]}},{"type":"Feature","properties":{"jobs":0,"pop":102,"pointCount":2,"homeWorkCommuteMedian":33936,"workHomeCommuteMedian":-1},"geometry":{"type":"Polygon","coordinates":[[[120.40420899611199,22.93949908125849],[120.40420899611199,22.948492284895735],[120.41320219974924,22.948492284895735],[120.41320219974924,22.93949908125849],[120.40420899611199,22.93949908125849]]]}},{"type":"Feature","properties":{"jobs":0,"pop":26,"pointCount":1,"homeWorkCommuteMedian":14433,"workHomeCommuteMedian":-1},"geometry":{"type":"Polygon","coordinates":[[[120.40420899611199,22.948492284895735],[120.40420899611199,22.95748548853298],[120.41320219974924,22.95748548853298],[120.41320219974924,22.948492284895735],[120.40420899611199,22.948492284895735]]]}},{"type":"Feature","properties":{"jobs":0,"pop":65,"pointCount":1,"homeWorkCommuteMedian":47167,"workHomeCommuteMedian":-1},"geometry":{"type":"Polygon","coordinates":[[[120.40420899611199,22.95748548853298],[120.40420899611199,22.966478692170227],[120.41320219974924,22.966478692170227],[120.41320219974924,22.95748548853298],[120.40420899611199,22.95748548853298]]]}},{"type":"Feature","properties":{"jobs":0,"pop":49,"pointCount":1,"homeWorkCommuteMedian":24802,"workHomeCommuteMedian":-1},"geometry":{"type":"Polygon","coordinates":[[[120.40420899611199,22.98446509944472],[120.40420899611199,22.993458303081965],[120.41320219974924,22.993458303081965],[120.41320219974924,22.98446509944472],[120.40420899611199,22.98446509944472]]]}},{"type":"Feature","properties":{"jobs":0,"pop":63,"pointCount":1,"homeWorkCommuteMedian":27907,"workHomeCommuteMedian":-1},"geometry":{"type":"Polygon","coordinates":[[[120.40420899611199,23.011444710356457],[120.40420899611199,23.020437913993703],[120.41320219974924,23.020437913993703],[120.41320219974924,23.011444710356457],[120.40420899611199,23.011444710356457]]]}},{"type":"Feature","properties":{"jobs":0,"pop":87,"pointCount":1,"homeWorkCommuteMedian":30990,"workHomeCommuteMedian":-1},"geometry":{"type":"Polygon","coordinates":[[[120.40420899611199,23.038424321268195],[120.40420899611199,23.04741752490544],[120.41320219974924,23.04741752490544],[120.41320219974924,23.038424321268195],[120.40420899611199,23.038424321268195]]]}},{"type":"Feature","properties":{"jobs":23,"pop":65,"pointCount":2,"homeWorkCommuteMedian":26928,"workHomeCommuteMedian":26269},"geometry":{"type":"Polygon","coordinates":[[[120.40420899611199,23.04741752490544],[120.40420899611199,23.056410728542687],[120.41320219974924,23.056410728542687],[120.41320219974924,23.04741752490544],[120.40420899611199,23.04741752490544]]]}},{"type":"Feature","properties":{"jobs":72,"pop":202,"pointCount":3,"homeWorkCommuteMedian":27046,"workHomeCommuteMedian":21878},"geometry":{"type":"Polygon","coordinates":[[[120.40420899611199,23.056410728542687],[120.40420899611199,23.065403932179933],[120.41320219974924,23.065403932179933],[120.41320219974924,23.056410728542687],[120.40420899611199,23.056410728542687]]]}},{"type":"Feature","properties":{"jobs":0,"pop":60,"pointCount":1,"homeWorkCommuteMedian":32671,"workHomeCommuteMedian":-1},"geometry":{"type":"Polygon","coordinates":[[[120.40420899611199,23.065403932179933],[120.40420899611199,23.07439713581718],[120.41320219974924,23.07439713581718],[120.41320219974924,23.065403932179933],[120.40420899611199,23.065403932179933]]]}},{"type":"Feature","properties":{"jobs":147,"pop":44,"pointCount":2,"homeWorkCommuteMedian":9075,"workHomeCommuteMedian":31538},"geometry":{"type":"Polygon","coordinates":[[[120.40420899611199,23.083390339454425],[120.40420899611199,23.09238354309167],[120.41320219974924,23.09238354309167],[120.41320219974924,23.083390339454425],[120.40420899611199,23.083390339454425]]]}},{"type":"Feature","properties":{"jobs":223,"pop":0,"pointCount":4,"homeWorkCommuteMedian":-1,"workHomeCommuteMedian":12504},"geometry":{"type":"Polygon","coordinates":[[[120.40420899611199,23.09238354309167],[120.40420899611199,23.101376746728917],[120.41320219974924,23.101376746728917],[120.41320219974924,23.09238354309167],[120.40420899611199,23.09238354309167]]]}},{"type":"Feature","properties":{"jobs":0,"pop":29,"pointCount":1,"homeWorkCommuteMedian":8401,"workHomeCommuteMedian":-1},"geometry":{"type":"Polygon","coordinates":[[[120.40420899611199,23.110369950366163],[120.40420899611199,23.11936315400341],[120.41320219974924,23.11936315400341],[120.41320219974924,23.110369950366163],[120.40420899611199,23.110369950366163]]]}},{"type":"Feature","properties":{"jobs":0,"pop":52,"pointCount":2,"homeWorkCommuteMedian":31898,"workHomeCommuteMedian":-1},"geometry":{"type":"Polygon","coordinates":[[[120.40420899611199,23.11936315400341],[120.40420899611199,23.128356357640655],[120.41320219974924,23.128356357640655],[120.41320219974924,23.11936315400341],[120.40420899611199,23.11936315400341]]]}},{"type":"Feature","properties":{"jobs":0,"pop":40,"pointCount":1,"homeWorkCommuteMedian":32309,"workHomeCommuteMedian":-1},"geometry":{"type":"Polygon","coordinates":[[[120.40420899611199,23.128356357640655],[120.40420899611199,23.1373495612779],[120.41320219974924,23.1373495612779],[120.41320219974924,23.128356357640655],[120.40420899611199,23.128356357640655]]]}},{"type":"Feature","properties":{"jobs":0,"pop":34,"pointCount":1,"homeWorkCommuteMedian":23201,"workHomeCommuteMedian":-1},"geometry":{"type":"Polygon","coordinates":[[[120.40420899611199,23.155335968552393],[120.40420899611199,23.16432917218964],[120.41320219974924,23.16432917218964],[120.41320219974924,23.155335968552393],[120.40420899611199,23.155335968552393]]]}},{"type":"Feature","properties":{"jobs":0,"pop":27,"pointCount":1,"homeWorkCommuteMedian":31789,"workHomeCommuteMedian":-1},"geometry":{"type":"Polygon","coordinates":[[[120.40420899611199,23.16432917218964],[120.40420899611199,23.173322375826885],[120.41320219974924,23.173322375826885],[120.41320219974924,23.16432917218964],[120.40420899611199,23.16432917218964]]]}},{"type":"Feature","properties":{"jobs":0,"pop":199,"pointCount":1,"homeWorkCommuteMedian":42543,"workHomeCommuteMedian":-1},"geometry":{"type":"Polygon","coordinates":[[[120.40420899611199,23.218288394013115],[120.40420899611199,23.22728159765036],[120.41320219974924,23.22728159765036],[120.41320219974924,23.218288394013115],[120.40420899611199,23.218288394013115]]]}},{"type":"Feature","properties":{"jobs":0,"pop":178,"pointCount":1,"homeWorkCommuteMedian":38565,"workHomeCommuteMedian":-1},"geometry":{"type":"Polygon","coordinates":[[[120.40420899611199,23.22728159765036],[120.40420899611199,23.236274801287607],[120.41320219974924,23.236274801287607],[120.41320219974924,23.22728159765036],[120.40420899611199,23.22728159765036]]]}},{"type":"Feature","properties":{"jobs":0,"pop":153,"pointCount":2,"homeWorkCommuteMedian":15129,"workHomeCommuteMedian":-1},"geometry":{"type":"Polygon","coordinates":[[[120.41320219974924,22.930505877621243],[120.41320219974924,22.93949908125849],[120.42219540338648,22.93949908125849],[120.42219540338648,22.930505877621243],[120.41320219974924,22.930505877621243]]]}},{"type":"Feature","properties":{"jobs":21,"pop":46,"pointCount":2,"homeWorkCommuteMedian":7266,"workHomeCommuteMedian":7950},"geometry":{"type":"Polygon","coordinates":[[[120.41320219974924,22.93949908125849],[120.41320219974924,22.948492284895735],[120.42219540338648,22.948492284895735],[120.42219540338648,22.93949908125849],[120.41320219974924,22.93949908125849]]]}},{"type":"Feature","properties":{"jobs":0,"pop":42,"pointCount":1,"homeWorkCommuteMedian":41110,"workHomeCommuteMedian":-1},"geometry":{"type":"Polygon","coordinates":[[[120.41320219974924,22.948492284895735],[120.41320219974924,22.95748548853298],[120.42219540338648,22.95748548853298],[120.42219540338648,22.948492284895735],[120.41320219974924,22.948492284895735]]]}},{"type":"Feature","properties":{"jobs":55,"pop":45,"pointCount":1,"homeWorkCommuteMedian":15239,"workHomeCommuteMedian":8229},"geometry":{"type":"Polygon","coordinates":[[[120.41320219974924,23.00245150671921],[120.41320219974924,23.011444710356457],[120.42219540338648,23.011444710356457],[120.42219540338648,23.00245150671921],[120.41320219974924,23.00245150671921]]]}},{"type":"Feature","properties":{"jobs":0,"pop":68,"pointCount":1,"homeWorkCommuteMedian":43374,"workHomeCommuteMedian":-1},"geometry":{"type":"Polygon","coordinates":[[[120.41320219974924,23.011444710356457],[120.41320219974924,23.020437913993703],[120.42219540338648,23.020437913993703],[120.42219540338648,23.011444710356457],[120.41320219974924,23.011444710356457]]]}},{"type":"Feature","properties":{"jobs":0,"pop":34,"pointCount":1,"homeWorkCommuteMedian":24103,"workHomeCommuteMedian":-1},"geometry":{"type":"Polygon","coordinates":[[[120.41320219974924,23.02943111763095],[120.41320219974924,23.038424321268195],[120.42219540338648,23.038424321268195],[120.42219540338648,23.02943111763095],[120.41320219974924,23.02943111763095]]]}},{"type":"Feature","properties":{"jobs":0,"pop":38,"pointCount":1,"homeWorkCommuteMedian":25887,"workHomeCommuteMedian":-1},"geometry":{"type":"Polygon","coordinates":[[[120.41320219974924,23.038424321268195],[120.41320219974924,23.04741752490544],[120.42219540338648,23.04741752490544],[120.42219540338648,23.038424321268195],[120.41320219974924,23.038424321268195]]]}},{"type":"Feature","properties":{"jobs":0,"pop":78,"pointCount":1,"homeWorkCommuteMedian":26295,"workHomeCommuteMedian":-1},"geometry":{"type":"Polygon","coordinates":[[[120.41320219974924,23.04741752490544],[120.41320219974924,23.056410728542687],[120.42219540338648,23.056410728542687],[120.42219540338648,23.04741752490544],[120.41320219974924,23.04741752490544]]]}},{"type":"Feature","properties":{"jobs":26,"pop":98,"pointCount":2,"homeWorkCommuteMedian":8229,"workHomeCommuteMedian":4061},"geometry":{"type":"Polygon","coordinates":[[[120.41320219974924,23.056410728542687],[120.41320219974924,23.065403932179933],[120.42219540338648,23.065403932179933],[120.42219540338648,23.056410728542687],[120.41320219974924,23.056410728542687]]]}},{"type":"Feature","properties":{"jobs":0,"pop":87,"pointCount":1,"homeWorkCommuteMedian":33056,"workHomeCommuteMedian":-1},"geometry":{"type":"Polygon","coordinates":[[[120.41320219974924,23.11936315400341],[120.41320219974924,23.128356357640655],[120.42219540338648,23.128356357640655],[120.42219540338648,23.11936315400341],[120.41320219974924,23.11936315400341]]]}},{"type":"Feature","properties":{"jobs":0,"pop":113,"pointCount":3,"homeWorkCommuteMedian":31420,"workHomeCommuteMedian":-1},"geometry":{"type":"Polygon","coordinates":[[[120.41320219974924,23.1373495612779],[120.41320219974924,23.146342764915147],[120.42219540338648,23.146342764915147],[120.42219540338648,23.1373495612779],[120.41320219974924,23.1373495612779]]]}},{"type":"Feature","properties":{"jobs":54,"pop":24,"pointCount":1,"homeWorkCommuteMedian":38980,"workHomeCommuteMedian":4790},"geometry":{"type":"Polygon","coordinates":[[[120.41320219974924,23.146342764915147],[120.41320219974924,23.155335968552393],[120.42219540338648,23.155335968552393],[120.42219540338648,23.146342764915147],[120.41320219974924,23.146342764915147]]]}},{"type":"Feature","properties":{"jobs":0,"pop":82,"pointCount":1,"homeWorkCommuteMedian":28431,"workHomeCommuteMedian":-1},"geometry":{"type":"Polygon","coordinates":[[[120.42219540338648,22.948492284895735],[120.42219540338648,22.95748548853298],[120.43118860702373,22.95748548853298],[120.43118860702373,22.948492284895735],[120.42219540338648,22.948492284895735]]]}},{"type":"Feature","properties":{"jobs":3,"pop":67,"pointCount":2,"homeWorkCommuteMedian":37194,"workHomeCommuteMedian":468},"geometry":{"type":"Polygon","coordinates":[[[120.42219540338648,23.038424321268195],[120.42219540338648,23.04741752490544],[120.43118860702373,23.04741752490544],[120.43118860702373,23.038424321268195],[120.42219540338648,23.038424321268195]]]}},{"type":"Feature","properties":{"jobs":0,"pop":171,"pointCount":1,"homeWorkCommuteMedian":28436,"workHomeCommuteMedian":-1},"geometry":{"type":"Polygon","coordinates":[[[120.42219540338648,23.07439713581718],[120.42219540338648,23.083390339454425],[120.43118860702373,23.083390339454425],[120.43118860702373,23.07439713581718],[120.42219540338648,23.07439713581718]]]}},{"type":"Feature","properties":{"jobs":0,"pop":86,"pointCount":1,"homeWorkCommuteMedian":31447,"workHomeCommuteMedian":-1},"geometry":{"type":"Polygon","coordinates":[[[120.42219540338648,23.083390339454425],[120.42219540338648,23.09238354309167],[120.43118860702373,23.09238354309167],[120.43118860702373,23.083390339454425],[120.42219540338648,23.083390339454425]]]}},{"type":"Feature","properties":{"jobs":101,"pop":0,"pointCount":1,"homeWorkCommuteMedian":-1,"workHomeCommuteMedian":11790},"geometry":{"type":"Polygon","coordinates":[[[120.42219540338648,23.128356357640655],[120.42219540338648,23.1373495612779],[120.43118860702373,23.1373495612779],[120.43118860702373,23.128356357640655],[120.42219540338648,23.128356357640655]]]}},{"type":"Feature","properties":{"jobs":0,"pop":117,"pointCount":1,"homeWorkCommuteMedian":23964,"workHomeCommuteMedian":-1},"geometry":{"type":"Polygon","coordinates":[[[120.42219540338648,23.1373495612779],[120.42219540338648,23.146342764915147],[120.43118860702373,23.146342764915147],[120.43118860702373,23.1373495612779],[120.42219540338648,23.1373495612779]]]}},{"type":"Feature","properties":{"jobs":0,"pop":140,"pointCount":1,"homeWorkCommuteMedian":25525,"workHomeCommuteMedian":-1},"geometry":{"type":"Polygon","coordinates":[[[120.42219540338648,23.16432917218964],[120.42219540338648,23.173322375826885],[120.43118860702373,23.173322375826885],[120.43118860702373,23.16432917218964],[120.42219540338648,23.16432917218964]]]}},{"type":"Feature","properties":{"jobs":0,"pop":180,"pointCount":1,"homeWorkCommuteMedian":56599,"workHomeCommuteMedian":-1},"geometry":{"type":"Polygon","coordinates":[[[120.42219540338648,23.20929519037587],[120.42219540338648,23.218288394013115],[120.43118860702373,23.218288394013115],[120.43118860702373,23.20929519037587],[120.42219540338648,23.20929519037587]]]}},{"type":"Feature","properties":{"jobs":0,"pop":31,"pointCount":1,"homeWorkCommuteMedian":32801,"workHomeCommuteMedian":-1},"geometry":{"type":"Polygon","coordinates":[[[120.42219540338648,23.22728159765036],[120.42219540338648,23.236274801287607],[120.43118860702373,23.236274801287607],[120.43118860702373,23.22728159765036],[120.42219540338648,23.22728159765036]]]}},{"type":"Feature","properties":{"jobs":0,"pop":22,"pointCount":1,"homeWorkCommuteMedian":24780,"workHomeCommuteMedian":-1},"geometry":{"type":"Polygon","coordinates":[[[120.43118860702373,22.948492284895735],[120.43118860702373,22.95748548853298],[120.44018181066097,22.95748548853298],[120.44018181066097,22.948492284895735],[120.43118860702373,22.948492284895735]]]}},{"type":"Feature","properties":{"jobs":0,"pop":38,"pointCount":1,"homeWorkCommuteMedian":35648,"workHomeCommuteMedian":-1},"geometry":{"type":"Polygon","coordinates":[[[120.43118860702373,22.95748548853298],[120.43118860702373,22.966478692170227],[120.44018181066097,22.966478692170227],[120.44018181066097,22.95748548853298],[120.43118860702373,22.95748548853298]]]}},{"type":"Feature","properties":{"jobs":0,"pop":50,"pointCount":1,"homeWorkCommuteMedian":25703,"workHomeCommuteMedian":-1},"geometry":{"type":"Polygon","coordinates":[[[120.43118860702373,22.993458303081965],[120.43118860702373,23.00245150671921],[120.44018181066097,23.00245150671921],[120.44018181066097,22.993458303081965],[120.43118860702373,22.993458303081965]]]}},{"type":"Feature","properties":{"jobs":0,"pop":40,"pointCount":1,"homeWorkCommuteMedian":21928,"workHomeCommuteMedian":-1},"geometry":{"type":"Polygon","coordinates":[[[120.43118860702373,23.00245150671921],[120.43118860702373,23.011444710356457],[120.44018181066097,23.011444710356457],[120.44018181066097,23.00245150671921],[120.43118860702373,23.00245150671921]]]}},{"type":"Feature","properties":{"jobs":0,"pop":127,"pointCount":2,"homeWorkCommuteMedian":32039,"workHomeCommuteMedian":-1},"geometry":{"type":"Polygon","coordinates":[[[120.43118860702373,23.038424321268195],[120.43118860702373,23.04741752490544],[120.44018181066097,23.04741752490544],[120.44018181066097,23.038424321268195],[120.43118860702373,23.038424321268195]]]}},{"type":"Feature","properties":{"jobs":0,"pop":71,"pointCount":1,"homeWorkCommuteMedian":26278,"workHomeCommuteMedian":-1},"geometry":{"type":"Polygon","coordinates":[[[120.43118860702373,23.083390339454425],[120.43118860702373,23.09238354309167],[120.44018181066097,23.09238354309167],[120.44018181066097,23.083390339454425],[120.43118860702373,23.083390339454425]]]}},{"type":"Feature","properties":{"jobs":0,"pop":40,"pointCount":1,"homeWorkCommuteMedian":33953,"workHomeCommuteMedian":-1},"geometry":{"type":"Polygon","coordinates":[[[120.43118860702373,23.09238354309167],[120.43118860702373,23.101376746728917],[120.44018181066097,23.101376746728917],[120.44018181066097,23.09238354309167],[120.43118860702373,23.09238354309167]]]}},{"type":"Feature","properties":{"jobs":0,"pop":72,"pointCount":2,"homeWorkCommuteMedian":32289,"workHomeCommuteMedian":-1},"geometry":{"type":"Polygon","coordinates":[[[120.43118860702373,23.101376746728917],[120.43118860702373,23.110369950366163],[120.44018181066097,23.110369950366163],[120.44018181066097,23.101376746728917],[120.43118860702373,23.101376746728917]]]}},{"type":"Feature","properties":{"jobs":0,"pop":53,"pointCount":1,"homeWorkCommuteMedian":14942,"workHomeCommuteMedian":-1},"geometry":{"type":"Polygon","coordinates":[[[120.43118860702373,23.128356357640655],[120.43118860702373,23.1373495612779],[120.44018181066097,23.1373495612779],[120.44018181066097,23.128356357640655],[120.43118860702373,23.128356357640655]]]}},{"type":"Feature","properties":{"jobs":40,"pop":0,"pointCount":1,"homeWorkCommuteMedian":-1,"workHomeCommuteMedian":5337},"geometry":{"type":"Polygon","coordinates":[[[120.43118860702373,23.1373495612779],[120.43118860702373,23.146342764915147],[120.44018181066097,23.146342764915147],[120.44018181066097,23.1373495612779],[120.43118860702373,23.1373495612779]]]}},{"type":"Feature","properties":{"jobs":19,"pop":65,"pointCount":2,"homeWorkCommuteMedian":19931,"workHomeCommuteMedian":16445},"geometry":{"type":"Polygon","coordinates":[[[120.43118860702373,23.218288394013115],[120.43118860702373,23.22728159765036],[120.44018181066097,23.22728159765036],[120.44018181066097,23.218288394013115],[120.43118860702373,23.218288394013115]]]}},{"type":"Feature","properties":{"jobs":61,"pop":27,"pointCount":2,"homeWorkCommuteMedian":32486,"workHomeCommuteMedian":17857},"geometry":{"type":"Polygon","coordinates":[[[120.44018181066097,22.975471895807473],[120.44018181066097,22.98446509944472],[120.44917501429822,22.98446509944472],[120.44917501429822,22.975471895807473],[120.44018181066097,22.975471895807473]]]}},{"type":"Feature","properties":{"jobs":11,"pop":122,"pointCount":2,"homeWorkCommuteMedian":27822,"workHomeCommuteMedian":29818},"geometry":{"type":"Polygon","coordinates":[[[120.44018181066097,23.038424321268195],[120.44018181066097,23.04741752490544],[120.44917501429822,23.04741752490544],[120.44917501429822,23.038424321268195],[120.44018181066097,23.038424321268195]]]}},{"type":"Feature","properties":{"jobs":0,"pop":102,"pointCount":1,"homeWorkCommuteMedian":23717,"workHomeCommuteMedian":-1},"geometry":{"type":"Polygon","coordinates":[[[120.44018181066097,23.04741752490544],[120.44018181066097,23.056410728542687],[120.44917501429822,23.056410728542687],[120.44917501429822,23.04741752490544],[120.44018181066097,23.04741752490544]]]}},{"type":"Feature","properties":{"jobs":0,"pop":38,"pointCount":1,"homeWorkCommuteMedian":55402,"workHomeCommuteMedian":-1},"geometry":{"type":"Polygon","coordinates":[[[120.44018181066097,23.09238354309167],[120.44018181066097,23.101376746728917],[120.44917501429822,23.101376746728917],[120.44917501429822,23.09238354309167],[120.44018181066097,23.09238354309167]]]}},{"type":"Feature","properties":{"jobs":176,"pop":424,"pointCount":4,"homeWorkCommuteMedian":6727,"workHomeCommuteMedian":36182},"geometry":{"type":"Polygon","coordinates":[[[120.44018181066097,23.101376746728917],[120.44018181066097,23.110369950366163],[120.44917501429822,23.110369950366163],[120.44917501429822,23.101376746728917],[120.44018181066097,23.101376746728917]]]}},{"type":"Feature","properties":{"jobs":37,"pop":256,"pointCount":4,"homeWorkCommuteMedian":26670,"workHomeCommuteMedian":3905},"geometry":{"type":"Polygon","coordinates":[[[120.44018181066097,23.11936315400341],[120.44018181066097,23.128356357640655],[120.44917501429822,23.128356357640655],[120.44917501429822,23.11936315400341],[120.44018181066097,23.11936315400341]]]}},{"type":"Feature","properties":{"jobs":58,"pop":102,"pointCount":2,"homeWorkCommuteMedian":31732,"workHomeCommuteMedian":4460},"geometry":{"type":"Polygon","coordinates":[[[120.44018181066097,23.128356357640655],[120.44018181066097,23.1373495612779],[120.44917501429822,23.1373495612779],[120.44917501429822,23.128356357640655],[120.44018181066097,23.128356357640655]]]}},{"type":"Feature","properties":{"jobs":0,"pop":154,"pointCount":1,"homeWorkCommuteMedian":4468,"workHomeCommuteMedian":-1},"geometry":{"type":"Polygon","coordinates":[[[120.44018181066097,23.1373495612779],[120.44018181066097,23.146342764915147],[120.44917501429822,23.146342764915147],[120.44917501429822,23.1373495612779],[120.44018181066097,23.1373495612779]]]}},{"type":"Feature","properties":{"jobs":0,"pop":29,"pointCount":1,"homeWorkCommuteMedian":35962,"workHomeCommuteMedian":-1},"geometry":{"type":"Polygon","coordinates":[[[120.44018181066097,23.146342764915147],[120.44018181066097,23.155335968552393],[120.44917501429822,23.155335968552393],[120.44917501429822,23.146342764915147],[120.44018181066097,23.146342764915147]]]}},{"type":"Feature","properties":{"jobs":0,"pop":41,"pointCount":1,"homeWorkCommuteMedian":45790,"workHomeCommuteMedian":-1},"geometry":{"type":"Polygon","coordinates":[[[120.44018181066097,23.155335968552393],[120.44018181066097,23.16432917218964],[120.44917501429822,23.16432917218964],[120.44917501429822,23.155335968552393],[120.44018181066097,23.155335968552393]]]}},{"type":"Feature","properties":{"jobs":0,"pop":26,"pointCount":1,"homeWorkCommuteMedian":11663,"workHomeCommuteMedian":-1},"geometry":{"type":"Polygon","coordinates":[[[120.44018181066097,23.22728159765036],[120.44018181066097,23.236274801287607],[120.44917501429822,23.236274801287607],[120.44917501429822,23.22728159765036],[120.44018181066097,23.22728159765036]]]}},{"type":"Feature","properties":{"jobs":0,"pop":145,"pointCount":2,"homeWorkCommuteMedian":35465,"workHomeCommuteMedian":-1},"geometry":{"type":"Polygon","coordinates":[[[120.44917501429822,23.02943111763095],[120.44917501429822,23.038424321268195],[120.45816821793547,23.038424321268195],[120.45816821793547,23.02943111763095],[120.44917501429822,23.02943111763095]]]}},{"type":"Feature","properties":{"jobs":0,"pop":30,"pointCount":1,"homeWorkCommuteMedian":28936,"workHomeCommuteMedian":-1},"geometry":{"type":"Polygon","coordinates":[[[120.44917501429822,23.038424321268195],[120.44917501429822,23.04741752490544],[120.45816821793547,23.04741752490544],[120.45816821793547,23.038424321268195],[120.44917501429822,23.038424321268195]]]}},{"type":"Feature","properties":{"jobs":0,"pop":68,"pointCount":2,"homeWorkCommuteMedian":30686,"workHomeCommuteMedian":-1},"geometry":{"type":"Polygon","coordinates":[[[120.44917501429822,23.04741752490544],[120.44917501429822,23.056410728542687],[120.45816821793547,23.056410728542687],[120.45816821793547,23.04741752490544],[120.44917501429822,23.04741752490544]]]}},{"type":"Feature","properties":{"jobs":61,"pop":114,"pointCount":4,"homeWorkCommuteMedian":25081,"workHomeCommuteMedian":7300},"geometry":{"type":"Polygon","coordinates":[[[120.44917501429822,23.083390339454425],[120.44917501429822,23.09238354309167],[120.45816821793547,23.09238354309167],[120.45816821793547,23.083390339454425],[120.44917501429822,23.083390339454425]]]}},{"type":"Feature","properties":{"jobs":0,"pop":91,"pointCount":1,"homeWorkCommuteMedian":31849,"workHomeCommuteMedian":-1},"geometry":{"type":"Polygon","coordinates":[[[120.44917501429822,23.101376746728917],[120.44917501429822,23.110369950366163],[120.45816821793547,23.110369950366163],[120.45816821793547,23.101376746728917],[120.44917501429822,23.101376746728917]]]}},{"type":"Feature","properties":{"jobs":16,"pop":167,"pointCount":3,"homeWorkCommuteMedian":29642,"workHomeCommuteMedian":4468},"geometry":{"type":"Polygon","coordinates":[[[120.44917501429822,23.110369950366163],[120.44917501429822,23.11936315400341],[120.45816821793547,23.11936315400341],[120.45816821793547,23.110369950366163],[120.44917501429822,23.110369950366163]]]}},{"type":"Feature","properties":{"jobs":0,"pop":64,"pointCount":1,"homeWorkCommuteMedian":32677,"workHomeCommuteMedian":-1},"geometry":{"type":"Polygon","coordinates":[[[120.45816821793547,23.011444710356457],[120.45816821793547,23.020437913993703],[120.46716142157271,23.020437913993703],[120.46716142157271,23.011444710356457],[120.45816821793547,23.011444710356457]]]}},{"type":"Feature","properties":{"jobs":0,"pop":65,"pointCount":1,"homeWorkCommuteMedian":33110,"workHomeCommuteMedian":-1},"geometry":{"type":"Polygon","coordinates":[[[120.45816821793547,23.038424321268195],[120.45816821793547,23.04741752490544],[120.46716142157271,23.04741752490544],[120.46716142157271,23.038424321268195],[120.45816821793547,23.038424321268195]]]}},{"type":"Feature","properties":{"jobs":0,"pop":34,"pointCount":1,"homeWorkCommuteMedian":30557,"workHomeCommuteMedian":-1},"geometry":{"type":"Polygon","coordinates":[[[120.45816821793547,23.04741752490544],[120.45816821793547,23.056410728542687],[120.46716142157271,23.056410728542687],[120.46716142157271,23.04741752490544],[120.45816821793547,23.04741752490544]]]}},{"type":"Feature","properties":{"jobs":29,"pop":0,"pointCount":1,"homeWorkCommuteMedian":-1,"workHomeCommuteMedian":5083},"geometry":{"type":"Polygon","coordinates":[[[120.45816821793547,23.056410728542687],[120.45816821793547,23.065403932179933],[120.46716142157271,23.065403932179933],[120.46716142157271,23.056410728542687],[120.45816821793547,23.056410728542687]]]}},{"type":"Feature","properties":{"jobs":0,"pop":110,"pointCount":1,"homeWorkCommuteMedian":30900,"workHomeCommuteMedian":-1},"geometry":{"type":"Polygon","coordinates":[[[120.45816821793547,23.065403932179933],[120.45816821793547,23.07439713581718],[120.46716142157271,23.07439713581718],[120.46716142157271,23.065403932179933],[120.45816821793547,23.065403932179933]]]}},{"type":"Feature","properties":{"jobs":0,"pop":61,"pointCount":1,"homeWorkCommuteMedian":49251,"workHomeCommuteMedian":-1},"geometry":{"type":"Polygon","coordinates":[[[120.45816821793547,23.07439713581718],[120.45816821793547,23.083390339454425],[120.46716142157271,23.083390339454425],[120.46716142157271,23.07439713581718],[120.45816821793547,23.07439713581718]]]}},{"type":"Feature","properties":{"jobs":0,"pop":223,"pointCount":2,"homeWorkCommuteMedian":45759,"workHomeCommuteMedian":-1},"geometry":{"type":"Polygon","coordinates":[[[120.45816821793547,23.09238354309167],[120.45816821793547,23.101376746728917],[120.46716142157271,23.101376746728917],[120.46716142157271,23.09238354309167],[120.45816821793547,23.09238354309167]]]}},{"type":"Feature","properties":{"jobs":0,"pop":30,"pointCount":1,"homeWorkCommuteMedian":48715,"workHomeCommuteMedian":-1},"geometry":{"type":"Polygon","coordinates":[[[120.45816821793547,23.101376746728917],[120.45816821793547,23.110369950366163],[120.46716142157271,23.110369950366163],[120.46716142157271,23.101376746728917],[120.45816821793547,23.101376746728917]]]}},{"type":"Feature","properties":{"jobs":0,"pop":229,"pointCount":2,"homeWorkCommuteMedian":26420,"workHomeCommuteMedian":-1},"geometry":{"type":"Polygon","coordinates":[[[120.45816821793547,23.110369950366163],[120.45816821793547,23.11936315400341],[120.46716142157271,23.11936315400341],[120.46716142157271,23.110369950366163],[120.45816821793547,23.110369950366163]]]}},{"type":"Feature","properties":{"jobs":1495,"pop":3194,"pointCount":16,"homeWorkCommuteMedian":37249,"workHomeCommuteMedian":4381},"geometry":{"type":"Polygon","coordinates":[[[120.45816821793547,23.11936315400341],[120.45816821793547,23.128356357640655],[120.46716142157271,23.128356357640655],[120.46716142157271,23.11936315400341],[120.45816821793547,23.11936315400341]]]}},{"type":"Feature","properties":{"jobs":0,"pop":128,"pointCount":2,"homeWorkCommuteMedian":41386,"workHomeCommuteMedian":-1},"geometry":{"type":"Polygon","coordinates":[[[120.45816821793547,23.128356357640655],[120.45816821793547,23.1373495612779],[120.46716142157271,23.1373495612779],[120.46716142157271,23.128356357640655],[120.45816821793547,23.128356357640655]]]}},{"type":"Feature","properties":{"jobs":0,"pop":115,"pointCount":1,"homeWorkCommuteMedian":38460,"workHomeCommuteMedian":-1},"geometry":{"type":"Polygon","coordinates":[[[120.45816821793547,23.146342764915147],[120.45816821793547,23.155335968552393],[120.46716142157271,23.155335968552393],[120.46716142157271,23.146342764915147],[120.45816821793547,23.146342764915147]]]}},{"type":"Feature","properties":{"jobs":0,"pop":38,"pointCount":1,"homeWorkCommuteMedian":39908,"workHomeCommuteMedian":-1},"geometry":{"type":"Polygon","coordinates":[[[120.45816821793547,23.155335968552393],[120.45816821793547,23.16432917218964],[120.46716142157271,23.16432917218964],[120.46716142157271,23.155335968552393],[120.45816821793547,23.155335968552393]]]}},{"type":"Feature","properties":{"jobs":0,"pop":35,"pointCount":1,"homeWorkCommuteMedian":49782,"workHomeCommuteMedian":-1},"geometry":{"type":"Polygon","coordinates":[[[120.45816821793547,23.18231557946413],[120.45816821793547,23.191308783101377],[120.46716142157271,23.191308783101377],[120.46716142157271,23.18231557946413],[120.45816821793547,23.18231557946413]]]}},{"type":"Feature","properties":{"jobs":0,"pop":32,"pointCount":1,"homeWorkCommuteMedian":17371,"workHomeCommuteMedian":-1},"geometry":{"type":"Polygon","coordinates":[[[120.45816821793547,23.20929519037587],[120.45816821793547,23.218288394013115],[120.46716142157271,23.218288394013115],[120.46716142157271,23.20929519037587],[120.45816821793547,23.20929519037587]]]}},{"type":"Feature","properties":{"jobs":0,"pop":107,"pointCount":1,"homeWorkCommuteMedian":40478,"workHomeCommuteMedian":-1},"geometry":{"type":"Polygon","coordinates":[[[120.46716142157271,23.00245150671921],[120.46716142157271,23.011444710356457],[120.47615462520996,23.011444710356457],[120.47615462520996,23.00245150671921],[120.46716142157271,23.00245150671921]]]}},{"type":"Feature","properties":{"jobs":37,"pop":0,"pointCount":1,"homeWorkCommuteMedian":-1,"workHomeCommuteMedian":4345},"geometry":{"type":"Polygon","coordinates":[[[120.46716142157271,23.020437913993703],[120.46716142157271,23.02943111763095],[120.47615462520996,23.02943111763095],[120.47615462520996,23.020437913993703],[120.46716142157271,23.020437913993703]]]}},{"type":"Feature","properties":{"jobs":31,"pop":110,"pointCount":2,"homeWorkCommuteMedian":27752,"workHomeCommuteMedian":33579},"geometry":{"type":"Polygon","coordinates":[[[120.46716142157271,23.02943111763095],[120.46716142157271,23.038424321268195],[120.47615462520996,23.038424321268195],[120.47615462520996,23.02943111763095],[120.46716142157271,23.02943111763095]]]}},{"type":"Feature","properties":{"jobs":89,"pop":287,"pointCount":4,"homeWorkCommuteMedian":32025,"workHomeCommuteMedian":11866},"geometry":{"type":"Polygon","coordinates":[[[120.46716142157271,23.038424321268195],[120.46716142157271,23.04741752490544],[120.47615462520996,23.04741752490544],[120.47615462520996,23.038424321268195],[120.46716142157271,23.038424321268195]]]}},{"type":"Feature","properties":{"jobs":29,"pop":31,"pointCount":2,"homeWorkCommuteMedian":18937,"workHomeCommuteMedian":7487},"geometry":{"type":"Polygon","coordinates":[[[120.46716142157271,23.04741752490544],[120.46716142157271,23.056410728542687],[120.47615462520996,23.056410728542687],[120.47615462520996,23.04741752490544],[120.46716142157271,23.04741752490544]]]}},{"type":"Feature","properties":{"jobs":0,"pop":95,"pointCount":1,"homeWorkCommuteMedian":39656,"workHomeCommuteMedian":-1},"geometry":{"type":"Polygon","coordinates":[[[120.46716142157271,23.056410728542687],[120.46716142157271,23.065403932179933],[120.47615462520996,23.065403932179933],[120.47615462520996,23.056410728542687],[120.46716142157271,23.056410728542687]]]}},{"type":"Feature","properties":{"jobs":0,"pop":154,"pointCount":3,"homeWorkCommuteMedian":35396,"workHomeCommuteMedian":-1},"geometry":{"type":"Polygon","coordinates":[[[120.46716142157271,23.065403932179933],[120.46716142157271,23.07439713581718],[120.47615462520996,23.07439713581718],[120.47615462520996,23.065403932179933],[120.46716142157271,23.065403932179933]]]}},{"type":"Feature","properties":{"jobs":41,"pop":72,"pointCount":1,"homeWorkCommuteMedian":2257,"workHomeCommuteMedian":5069},"geometry":{"type":"Polygon","coordinates":[[[120.46716142157271,23.110369950366163],[120.46716142157271,23.11936315400341],[120.47615462520996,23.11936315400341],[120.47615462520996,23.110369950366163],[120.46716142157271,23.110369950366163]]]}},{"type":"Feature","properties":{"jobs":104,"pop":511,"pointCount":3,"homeWorkCommuteMedian":39351,"workHomeCommuteMedian":1375},"geometry":{"type":"Polygon","coordinates":[[[120.46716142157271,23.11936315400341],[120.46716142157271,23.128356357640655],[120.47615462520996,23.128356357640655],[120.47615462520996,23.11936315400341],[120.46716142157271,23.11936315400341]]]}},{"type":"Feature","properties":{"jobs":165,"pop":557,"pointCount":6,"homeWorkCommuteMedian":38753,"workHomeCommuteMedian":1989},"geometry":{"type":"Polygon","coordinates":[[[120.46716142157271,23.128356357640655],[120.46716142157271,23.1373495612779],[120.47615462520996,23.1373495612779],[120.47615462520996,23.128356357640655],[120.46716142157271,23.128356357640655]]]}},{"type":"Feature","properties":{"jobs":0,"pop":52,"pointCount":1,"homeWorkCommuteMedian":43405,"workHomeCommuteMedian":-1},"geometry":{"type":"Polygon","coordinates":[[[120.46716142157271,23.146342764915147],[120.46716142157271,23.155335968552393],[120.47615462520996,23.155335968552393],[120.47615462520996,23.146342764915147],[120.46716142157271,23.146342764915147]]]}},{"type":"Feature","properties":{"jobs":0,"pop":78,"pointCount":1,"homeWorkCommuteMedian":58063,"workHomeCommuteMedian":-1},"geometry":{"type":"Polygon","coordinates":[[[120.46716142157271,23.173322375826885],[120.46716142157271,23.18231557946413],[120.47615462520996,23.18231557946413],[120.47615462520996,23.173322375826885],[120.46716142157271,23.173322375826885]]]}},{"type":"Feature","properties":{"jobs":0,"pop":262,"pointCount":2,"homeWorkCommuteMedian":49080,"workHomeCommuteMedian":-1},"geometry":{"type":"Polygon","coordinates":[[[120.46716142157271,23.18231557946413],[120.46716142157271,23.191308783101377],[120.47615462520996,23.191308783101377],[120.47615462520996,23.18231557946413],[120.46716142157271,23.18231557946413]]]}},{"type":"Feature","properties":{"jobs":0,"pop":52,"pointCount":1,"homeWorkCommuteMedian":46097,"workHomeCommuteMedian":-1},"geometry":{"type":"Polygon","coordinates":[[[120.46716142157271,23.200301986738623],[120.46716142157271,23.20929519037587],[120.47615462520996,23.20929519037587],[120.47615462520996,23.200301986738623],[120.46716142157271,23.200301986738623]]]}},{"type":"Feature","properties":{"jobs":0,"pop":67,"pointCount":1,"homeWorkCommuteMedian":37096,"workHomeCommuteMedian":-1},"geometry":{"type":"Polygon","coordinates":[[[120.47615462520996,23.020437913993703],[120.47615462520996,23.02943111763095],[120.4851478288472,23.02943111763095],[120.4851478288472,23.020437913993703],[120.47615462520996,23.020437913993703]]]}},{"type":"Feature","properties":{"jobs":0,"pop":81,"pointCount":1,"homeWorkCommuteMedian":30005,"workHomeCommuteMedian":-1},"geometry":{"type":"Polygon","coordinates":[[[120.47615462520996,23.02943111763095],[120.47615462520996,23.038424321268195],[120.4851478288472,23.038424321268195],[120.4851478288472,23.02943111763095],[120.47615462520996,23.02943111763095]]]}},{"type":"Feature","properties":{"jobs":128,"pop":431,"pointCount":4,"homeWorkCommuteMedian":27892,"workHomeCommuteMedian":6875},"geometry":{"type":"Polygon","coordinates":[[[120.47615462520996,23.038424321268195],[120.47615462520996,23.04741752490544],[120.4851478288472,23.04741752490544],[120.4851478288472,23.038424321268195],[120.47615462520996,23.038424321268195]]]}},{"type":"Feature","properties":{"jobs":0,"pop":125,"pointCount":1,"homeWorkCommuteMedian":28589,"workHomeCommuteMedian":-1},"geometry":{"type":"Polygon","coordinates":[[[120.47615462520996,23.04741752490544],[120.47615462520996,23.056410728542687],[120.4851478288472,23.056410728542687],[120.4851478288472,23.04741752490544],[120.47615462520996,23.04741752490544]]]}},{"type":"Feature","properties":{"jobs":0,"pop":36,"pointCount":1,"homeWorkCommuteMedian":37168,"workHomeCommuteMedian":-1},"geometry":{"type":"Polygon","coordinates":[[[120.47615462520996,23.056410728542687],[120.47615462520996,23.065403932179933],[120.4851478288472,23.065403932179933],[120.4851478288472,23.056410728542687],[120.47615462520996,23.056410728542687]]]}},{"type":"Feature","properties":{"jobs":0,"pop":24,"pointCount":1,"homeWorkCommuteMedian":31064,"workHomeCommuteMedian":-1},"geometry":{"type":"Polygon","coordinates":[[[120.47615462520996,23.065403932179933],[120.47615462520996,23.07439713581718],[120.4851478288472,23.07439713581718],[120.4851478288472,23.065403932179933],[120.47615462520996,23.065403932179933]]]}},{"type":"Feature","properties":{"jobs":0,"pop":145,"pointCount":1,"homeWorkCommuteMedian":46497,"workHomeCommuteMedian":-1},"geometry":{"type":"Polygon","coordinates":[[[120.47615462520996,23.083390339454425],[120.47615462520996,23.09238354309167],[120.4851478288472,23.09238354309167],[120.4851478288472,23.083390339454425],[120.47615462520996,23.083390339454425]]]}},{"type":"Feature","properties":{"jobs":180,"pop":0,"pointCount":1,"homeWorkCommuteMedian":-1,"workHomeCommuteMedian":6727},"geometry":{"type":"Polygon","coordinates":[[[120.47615462520996,23.101376746728917],[120.47615462520996,23.110369950366163],[120.4851478288472,23.110369950366163],[120.4851478288472,23.101376746728917],[120.47615462520996,23.101376746728917]]]}},{"type":"Feature","properties":{"jobs":0,"pop":85,"pointCount":1,"homeWorkCommuteMedian":49272,"workHomeCommuteMedian":-1},"geometry":{"type":"Polygon","coordinates":[[[120.47615462520996,23.110369950366163],[120.47615462520996,23.11936315400341],[120.4851478288472,23.11936315400341],[120.4851478288472,23.110369950366163],[120.47615462520996,23.110369950366163]]]}},{"type":"Feature","properties":{"jobs":0,"pop":79,"pointCount":1,"homeWorkCommuteMedian":28621,"workHomeCommuteMedian":-1},"geometry":{"type":"Polygon","coordinates":[[[120.47615462520996,23.128356357640655],[120.47615462520996,23.1373495612779],[120.4851478288472,23.1373495612779],[120.4851478288472,23.128356357640655],[120.47615462520996,23.128356357640655]]]}},{"type":"Feature","properties":{"jobs":21,"pop":100,"pointCount":2,"homeWorkCommuteMedian":54009,"workHomeCommuteMedian":2779},"geometry":{"type":"Polygon","coordinates":[[[120.47615462520996,23.1373495612779],[120.47615462520996,23.146342764915147],[120.4851478288472,23.146342764915147],[120.4851478288472,23.1373495612779],[120.47615462520996,23.1373495612779]]]}},{"type":"Feature","properties":{"jobs":52,"pop":42,"pointCount":2,"homeWorkCommuteMedian":56461,"workHomeCommuteMedian":3992},"geometry":{"type":"Polygon","coordinates":[[[120.47615462520996,23.146342764915147],[120.47615462520996,23.155335968552393],[120.4851478288472,23.155335968552393],[120.4851478288472,23.146342764915147],[120.47615462520996,23.146342764915147]]]}},{"type":"Feature","properties":{"jobs":39,"pop":319,"pointCount":2,"homeWorkCommuteMedian":56088,"workHomeCommuteMedian":6919},"geometry":{"type":"Polygon","coordinates":[[[120.47615462520996,23.16432917218964],[120.47615462520996,23.173322375826885],[120.4851478288472,23.173322375826885],[120.4851478288472,23.16432917218964],[120.47615462520996,23.16432917218964]]]}},{"type":"Feature","properties":{"jobs":159,"pop":795,"pointCount":7,"homeWorkCommuteMedian":37124,"workHomeCommuteMedian":2480},"geometry":{"type":"Polygon","coordinates":[[[120.47615462520996,23.173322375826885],[120.47615462520996,23.18231557946413],[120.4851478288472,23.18231557946413],[120.4851478288472,23.173322375826885],[120.47615462520996,23.173322375826885]]]}},{"type":"Feature","properties":{"jobs":62,"pop":34,"pointCount":2,"homeWorkCommuteMedian":43639,"workHomeCommuteMedian":5934},"geometry":{"type":"Polygon","coordinates":[[[120.47615462520996,23.18231557946413],[120.47615462520996,23.191308783101377],[120.4851478288472,23.191308783101377],[120.4851478288472,23.18231557946413],[120.47615462520996,23.18231557946413]]]}},{"type":"Feature","properties":{"jobs":0,"pop":347,"pointCount":2,"homeWorkCommuteMedian":44551,"workHomeCommuteMedian":-1},"geometry":{"type":"Polygon","coordinates":[[[120.47615462520996,23.200301986738623],[120.47615462520996,23.20929519037587],[120.4851478288472,23.20929519037587],[120.4851478288472,23.200301986738623],[120.47615462520996,23.200301986738623]]]}},{"type":"Feature","properties":{"jobs":0,"pop":170,"pointCount":2,"homeWorkCommuteMedian":27360,"workHomeCommuteMedian":-1},"geometry":{"type":"Polygon","coordinates":[[[120.4851478288472,23.020437913993703],[120.4851478288472,23.02943111763095],[120.49414103248445,23.02943111763095],[120.49414103248445,23.020437913993703],[120.4851478288472,23.020437913993703]]]}},{"type":"Feature","properties":{"jobs":38,"pop":55,"pointCount":2,"homeWorkCommuteMedian":33764,"workHomeCommuteMedian":2308},"geometry":{"type":"Polygon","coordinates":[[[120.4851478288472,23.038424321268195],[120.4851478288472,23.04741752490544],[120.49414103248445,23.04741752490544],[120.49414103248445,23.038424321268195],[120.4851478288472,23.038424321268195]]]}},{"type":"Feature","properties":{"jobs":0,"pop":92,"pointCount":2,"homeWorkCommuteMedian":34797,"workHomeCommuteMedian":-1},"geometry":{"type":"Polygon","coordinates":[[[120.4851478288472,23.04741752490544],[120.4851478288472,23.056410728542687],[120.49414103248445,23.056410728542687],[120.49414103248445,23.04741752490544],[120.4851478288472,23.04741752490544]]]}},{"type":"Feature","properties":{"jobs":70,"pop":456,"pointCount":4,"homeWorkCommuteMedian":32818,"workHomeCommuteMedian":53736},"geometry":{"type":"Polygon","coordinates":[[[120.4851478288472,23.07439713581718],[120.4851478288472,23.083390339454425],[120.49414103248445,23.083390339454425],[120.49414103248445,23.07439713581718],[120.4851478288472,23.07439713581718]]]}},{"type":"Feature","properties":{"jobs":22,"pop":31,"pointCount":2,"homeWorkCommuteMedian":46210,"workHomeCommuteMedian":4727},"geometry":{"type":"Polygon","coordinates":[[[120.4851478288472,23.09238354309167],[120.4851478288472,23.101376746728917],[120.49414103248445,23.101376746728917],[120.49414103248445,23.09238354309167],[120.4851478288472,23.09238354309167]]]}},{"type":"Feature","properties":{"jobs":74,"pop":45,"pointCount":2,"homeWorkCommuteMedian":31606,"workHomeCommuteMedian":51296},"geometry":{"type":"Polygon","coordinates":[[[120.4851478288472,23.101376746728917],[120.4851478288472,23.110369950366163],[120.49414103248445,23.110369950366163],[120.49414103248445,23.101376746728917],[120.4851478288472,23.101376746728917]]]}},{"type":"Feature","properties":{"jobs":0,"pop":103,"pointCount":1,"homeWorkCommuteMedian":51836,"workHomeCommuteMedian":-1},"geometry":{"type":"Polygon","coordinates":[[[120.4851478288472,23.128356357640655],[120.4851478288472,23.1373495612779],[120.49414103248445,23.1373495612779],[120.49414103248445,23.128356357640655],[120.4851478288472,23.128356357640655]]]}},{"type":"Feature","properties":{"jobs":0,"pop":90,"pointCount":1,"homeWorkCommuteMedian":33978,"workHomeCommuteMedian":-1},"geometry":{"type":"Polygon","coordinates":[[[120.4851478288472,23.1373495612779],[120.4851478288472,23.146342764915147],[120.49414103248445,23.146342764915147],[120.49414103248445,23.1373495612779],[120.4851478288472,23.1373495612779]]]}},{"type":"Feature","properties":{"jobs":0,"pop":47,"pointCount":2,"homeWorkCommuteMedian":32384,"workHomeCommuteMedian":-1},"geometry":{"type":"Polygon","coordinates":[[[120.4851478288472,23.146342764915147],[120.4851478288472,23.155335968552393],[120.49414103248445,23.155335968552393],[120.49414103248445,23.146342764915147],[120.4851478288472,23.146342764915147]]]}},{"type":"Feature","properties":{"jobs":103,"pop":420,"pointCount":6,"homeWorkCommuteMedian":49488,"workHomeCommuteMedian":2840},"geometry":{"type":"Polygon","coordinates":[[[120.4851478288472,23.155335968552393],[120.4851478288472,23.16432917218964],[120.49414103248445,23.16432917218964],[120.49414103248445,23.155335968552393],[120.4851478288472,23.155335968552393]]]}},{"type":"Feature","properties":{"jobs":48,"pop":228,"pointCount":2,"homeWorkCommuteMedian":42287,"workHomeCommuteMedian":29203},"geometry":{"type":"Polygon","coordinates":[[[120.4851478288472,23.16432917218964],[120.4851478288472,23.173322375826885],[120.49414103248445,23.173322375826885],[120.49414103248445,23.16432917218964],[120.4851478288472,23.16432917218964]]]}},{"type":"Feature","properties":{"jobs":261,"pop":1392,"pointCount":8,"homeWorkCommuteMedian":36146,"workHomeCommuteMedian":484},"geometry":{"type":"Polygon","coordinates":[[[120.4851478288472,23.173322375826885],[120.4851478288472,23.18231557946413],[120.49414103248445,23.18231557946413],[120.49414103248445,23.173322375826885],[120.4851478288472,23.173322375826885]]]}},{"type":"Feature","properties":{"jobs":0,"pop":78,"pointCount":1,"homeWorkCommuteMedian":35938,"workHomeCommuteMedian":-1},"geometry":{"type":"Polygon","coordinates":[[[120.4851478288472,23.18231557946413],[120.4851478288472,23.191308783101377],[120.49414103248445,23.191308783101377],[120.49414103248445,23.18231557946413],[120.4851478288472,23.18231557946413]]]}},{"type":"Feature","properties":{"jobs":25,"pop":0,"pointCount":1,"homeWorkCommuteMedian":-1,"workHomeCommuteMedian":2202},"geometry":{"type":"Polygon","coordinates":[[[120.4851478288472,23.191308783101377],[120.4851478288472,23.200301986738623],[120.49414103248445,23.200301986738623],[120.49414103248445,23.191308783101377],[120.4851478288472,23.191308783101377]]]}},{"type":"Feature","properties":{"jobs":67,"pop":102,"pointCount":4,"homeWorkCommuteMedian":42584,"workHomeCommuteMedian":43873},"geometry":{"type":"Polygon","coordinates":[[[120.49414103248445,23.02943111763095],[120.49414103248445,23.038424321268195],[120.5031342361217,23.038424321268195],[120.5031342361217,23.02943111763095],[120.49414103248445,23.02943111763095]]]}},{"type":"Feature","properties":{"jobs":0,"pop":29,"pointCount":1,"homeWorkCommuteMedian":29610,"workHomeCommuteMedian":-1},"geometry":{"type":"Polygon","coordinates":[[[120.49414103248445,23.038424321268195],[120.49414103248445,23.04741752490544],[120.5031342361217,23.04741752490544],[120.5031342361217,23.038424321268195],[120.49414103248445,23.038424321268195]]]}},{"type":"Feature","properties":{"jobs":0,"pop":125,"pointCount":1,"homeWorkCommuteMedian":39049,"workHomeCommuteMedian":-1},"geometry":{"type":"Polygon","coordinates":[[[120.49414103248445,23.065403932179933],[120.49414103248445,23.07439713581718],[120.5031342361217,23.07439713581718],[120.5031342361217,23.065403932179933],[120.49414103248445,23.065403932179933]]]}},{"type":"Feature","properties":{"jobs":43,"pop":153,"pointCount":2,"homeWorkCommuteMedian":35810,"workHomeCommuteMedian":11496},"geometry":{"type":"Polygon","coordinates":[[[120.49414103248445,23.07439713581718],[120.49414103248445,23.083390339454425],[120.5031342361217,23.083390339454425],[120.5031342361217,23.07439713581718],[120.49414103248445,23.07439713581718]]]}},{"type":"Feature","properties":{"jobs":0,"pop":111,"pointCount":1,"homeWorkCommuteMedian":6392,"workHomeCommuteMedian":-1},"geometry":{"type":"Polygon","coordinates":[[[120.49414103248445,23.09238354309167],[120.49414103248445,23.101376746728917],[120.5031342361217,23.101376746728917],[120.5031342361217,23.09238354309167],[120.49414103248445,23.09238354309167]]]}},{"type":"Feature","properties":{"jobs":0,"pop":63,"pointCount":1,"homeWorkCommuteMedian":32195,"workHomeCommuteMedian":-1},"geometry":{"type":"Polygon","coordinates":[[[120.49414103248445,23.128356357640655],[120.49414103248445,23.1373495612779],[120.5031342361217,23.1373495612779],[120.5031342361217,23.128356357640655],[120.49414103248445,23.128356357640655]]]}},{"type":"Feature","properties":{"jobs":0,"pop":181,"pointCount":1,"homeWorkCommuteMedian":37005,"workHomeCommuteMedian":-1},"geometry":{"type":"Polygon","coordinates":[[[120.49414103248445,23.155335968552393],[120.49414103248445,23.16432917218964],[120.5031342361217,23.16432917218964],[120.5031342361217,23.155335968552393],[120.49414103248445,23.155335968552393]]]}},{"type":"Feature","properties":{"jobs":0,"pop":90,"pointCount":1,"homeWorkCommuteMedian":37577,"workHomeCommuteMedian":-1},"geometry":{"type":"Polygon","coordinates":[[[120.49414103248445,23.191308783101377],[120.49414103248445,23.200301986738623],[120.5031342361217,23.200301986738623],[120.5031342361217,23.191308783101377],[120.49414103248445,23.191308783101377]]]}},{"type":"Feature","properties":{"jobs":148,"pop":0,"pointCount":2,"homeWorkCommuteMedian":-1,"workHomeCommuteMedian":5961},"geometry":{"type":"Polygon","coordinates":[[[120.49414103248445,23.20929519037587],[120.49414103248445,23.218288394013115],[120.5031342361217,23.218288394013115],[120.5031342361217,23.20929519037587],[120.49414103248445,23.20929519037587]]]}},{"type":"Feature","properties":{"jobs":445,"pop":89,"pointCount":4,"homeWorkCommuteMedian":58462,"workHomeCommuteMedian":6968},"geometry":{"type":"Polygon","coordinates":[[[120.49414103248445,23.218288394013115],[120.49414103248445,23.22728159765036],[120.5031342361217,23.22728159765036],[120.5031342361217,23.218288394013115],[120.49414103248445,23.218288394013115]]]}},{"type":"Feature","properties":{"jobs":0,"pop":151,"pointCount":1,"homeWorkCommuteMedian":33968,"workHomeCommuteMedian":-1},"geometry":{"type":"Polygon","coordinates":[[[120.5031342361217,23.038424321268195],[120.5031342361217,23.04741752490544],[120.51212743975894,23.04741752490544],[120.51212743975894,23.038424321268195],[120.5031342361217,23.038424321268195]]]}},{"type":"Feature","properties":{"jobs":0,"pop":27,"pointCount":1,"homeWorkCommuteMedian":41858,"workHomeCommuteMedian":-1},"geometry":{"type":"Polygon","coordinates":[[[120.5031342361217,23.065403932179933],[120.5031342361217,23.07439713581718],[120.51212743975894,23.07439713581718],[120.51212743975894,23.065403932179933],[120.5031342361217,23.065403932179933]]]}},{"type":"Feature","properties":{"jobs":0,"pop":87,"pointCount":1,"homeWorkCommuteMedian":53558,"workHomeCommuteMedian":-1},"geometry":{"type":"Polygon","coordinates":[[[120.5031342361217,23.110369950366163],[120.5031342361217,23.11936315400341],[120.51212743975894,23.11936315400341],[120.51212743975894,23.110369950366163],[120.5031342361217,23.110369950366163]]]}},{"type":"Feature","properties":{"jobs":93,"pop":0,"pointCount":1,"homeWorkCommuteMedian":-1,"workHomeCommuteMedian":7098},"geometry":{"type":"Polygon","coordinates":[[[120.5031342361217,23.128356357640655],[120.5031342361217,23.1373495612779],[120.51212743975894,23.1373495612779],[120.51212743975894,23.128356357640655],[120.5031342361217,23.128356357640655]]]}},{"type":"Feature","properties":{"jobs":0,"pop":79,"pointCount":1,"homeWorkCommuteMedian":50822,"workHomeCommuteMedian":-1},"geometry":{"type":"Polygon","coordinates":[[[120.5031342361217,23.173322375826885],[120.5031342361217,23.18231557946413],[120.51212743975894,23.18231557946413],[120.51212743975894,23.173322375826885],[120.5031342361217,23.173322375826885]]]}},{"type":"Feature","properties":{"jobs":61,"pop":54,"pointCount":2,"homeWorkCommuteMedian":60797,"workHomeCommuteMedian":13464},"geometry":{"type":"Polygon","coordinates":[[[120.51212743975894,23.065403932179933],[120.51212743975894,23.07439713581718],[120.52112064339619,23.07439713581718],[120.52112064339619,23.065403932179933],[120.51212743975894,23.065403932179933]]]}},{"type":"Feature","properties":{"jobs":0,"pop":259,"pointCount":1,"homeWorkCommuteMedian":54231,"workHomeCommuteMedian":-1},"geometry":{"type":"Polygon","coordinates":[[[120.51212743975894,23.07439713581718],[120.51212743975894,23.083390339454425],[120.52112064339619,23.083390339454425],[120.52112064339619,23.07439713581718],[120.51212743975894,23.07439713581718]]]}},{"type":"Feature","properties":{"jobs":0,"pop":171,"pointCount":1,"homeWorkCommuteMedian":37786,"workHomeCommuteMedian":-1},"geometry":{"type":"Polygon","coordinates":[[[120.51212743975894,23.128356357640655],[120.51212743975894,23.1373495612779],[120.52112064339619,23.1373495612779],[120.52112064339619,23.128356357640655],[120.51212743975894,23.128356357640655]]]}},{"type":"Feature","properties":{"jobs":0,"pop":71,"pointCount":1,"homeWorkCommuteMedian":57403,"workHomeCommuteMedian":-1},"geometry":{"type":"Polygon","coordinates":[[[120.51212743975894,23.173322375826885],[120.51212743975894,23.18231557946413],[120.52112064339619,23.18231557946413],[120.52112064339619,23.173322375826885],[120.51212743975894,23.173322375826885]]]}},{"type":"Feature","properties":{"jobs":26,"pop":0,"pointCount":1,"homeWorkCommuteMedian":-1,"workHomeCommuteMedian":5739},"geometry":{"type":"Polygon","coordinates":[[[120.51212743975894,23.191308783101377],[120.51212743975894,23.200301986738623],[120.52112064339619,23.200301986738623],[120.52112064339619,23.191308783101377],[120.51212743975894,23.191308783101377]]]}},{"type":"Feature","properties":{"jobs":0,"pop":117,"pointCount":2,"homeWorkCommuteMedian":59552,"workHomeCommuteMedian":-1},"geometry":{"type":"Polygon","coordinates":[[[120.51212743975894,23.200301986738623],[120.51212743975894,23.20929519037587],[120.52112064339619,23.20929519037587],[120.52112064339619,23.200301986738623],[120.51212743975894,23.200301986738623]]]}},{"type":"Feature","properties":{"jobs":0,"pop":85,"pointCount":1,"homeWorkCommuteMedian":38357,"workHomeCommuteMedian":-1},"geometry":{"type":"Polygon","coordinates":[[[120.52112064339619,23.056410728542687],[120.52112064339619,23.065403932179933],[120.53011384703343,23.065403932179933],[120.53011384703343,23.056410728542687],[120.52112064339619,23.056410728542687]]]}},{"type":"Feature","properties":{"jobs":25,"pop":37,"pointCount":1,"homeWorkCommuteMedian":43363,"workHomeCommuteMedian":18936},"geometry":{"type":"Polygon","coordinates":[[[120.52112064339619,23.083390339454425],[120.52112064339619,23.09238354309167],[120.53011384703343,23.09238354309167],[120.53011384703343,23.083390339454425],[120.52112064339619,23.083390339454425]]]}},{"type":"Feature","properties":{"jobs":0,"pop":132,"pointCount":2,"homeWorkCommuteMedian":46697,"workHomeCommuteMedian":-1},"geometry":{"type":"Polygon","coordinates":[[[120.52112064339619,23.173322375826885],[120.52112064339619,23.18231557946413],[120.53011384703343,23.18231557946413],[120.53011384703343,23.173322375826885],[120.52112064339619,23.173322375826885]]]}},{"type":"Feature","properties":{"jobs":29,"pop":0,"pointCount":1,"homeWorkCommuteMedian":-1,"workHomeCommuteMedian":4774},"geometry":{"type":"Polygon","coordinates":[[[120.52112064339619,23.18231557946413],[120.52112064339619,23.191308783101377],[120.53011384703343,23.191308783101377],[120.53011384703343,23.18231557946413],[120.52112064339619,23.18231557946413]]]}},{"type":"Feature","properties":{"jobs":0,"pop":48,"pointCount":1,"homeWorkCommuteMedian":51402,"workHomeCommuteMedian":-1},"geometry":{"type":"Polygon","coordinates":[[[120.52112064339619,23.200301986738623],[120.52112064339619,23.20929519037587],[120.53011384703343,23.20929519037587],[120.53011384703343,23.200301986738623],[120.52112064339619,23.200301986738623]]]}},{"type":"Feature","properties":{"jobs":0,"pop":203,"pointCount":1,"homeWorkCommuteMedian":62553,"workHomeCommuteMedian":-1},"geometry":{"type":"Polygon","coordinates":[[[120.53011384703343,23.065403932179933],[120.53011384703343,23.07439713581718],[120.53910705067068,23.07439713581718],[120.53910705067068,23.065403932179933],[120.53011384703343,23.065403932179933]]]}},{"type":"Feature","properties":{"jobs":69,"pop":77,"pointCount":3,"homeWorkCommuteMedian":53686,"workHomeCommuteMedian":13792},"geometry":{"type":"Polygon","coordinates":[[[120.53011384703343,23.18231557946413],[120.53011384703343,23.191308783101377],[120.53910705067068,23.191308783101377],[120.53910705067068,23.18231557946413],[120.53011384703343,23.18231557946413]]]}},{"type":"Feature","properties":{"jobs":0,"pop":38,"pointCount":1,"homeWorkCommuteMedian":70837,"workHomeCommuteMedian":-1},"geometry":{"type":"Polygon","coordinates":[[[120.53011384703343,23.191308783101377],[120.53011384703343,23.200301986738623],[120.53910705067068,23.200301986738623],[120.53910705067068,23.191308783101377],[120.53011384703343,23.191308783101377]]]}},{"type":"Feature","properties":{"jobs":0,"pop":37,"pointCount":1,"homeWorkCommuteMedian":60812,"workHomeCommuteMedian":-1},"geometry":{"type":"Polygon","coordinates":[[[120.53011384703343,23.200301986738623],[120.53011384703343,23.20929519037587],[120.53910705067068,23.20929519037587],[120.53910705067068,23.200301986738623],[120.53011384703343,23.200301986738623]]]}},{"type":"Feature","properties":{"jobs":0,"pop":33,"pointCount":1,"homeWorkCommuteMedian":64430,"workHomeCommuteMedian":-1},"geometry":{"type":"Polygon","coordinates":[[[120.53910705067068,23.07439713581718],[120.53910705067068,23.083390339454425],[120.54810025430793,23.083390339454425],[120.54810025430793,23.07439713581718],[120.53910705067068,23.07439713581718]]]}},{"type":"Feature","properties":{"jobs":0,"pop":49,"pointCount":1,"homeWorkCommuteMedian":53626,"workHomeCommuteMedian":-1},"geometry":{"type":"Polygon","coordinates":[[[120.53910705067068,23.173322375826885],[120.53910705067068,23.18231557946413],[120.54810025430793,23.18231557946413],[120.54810025430793,23.173322375826885],[120.53910705067068,23.173322375826885]]]}},{"type":"Feature","properties":{"jobs":32,"pop":0,"pointCount":1,"homeWorkCommuteMedian":-1,"workHomeCommuteMedian":72293},"geometry":{"type":"Polygon","coordinates":[[[120.53910705067068,23.236274801287607],[120.53910705067068,23.245268004924853],[120.54810025430793,23.245268004924853],[120.54810025430793,23.236274801287607],[120.53910705067068,23.236274801287607]]]}},{"type":"Feature","properties":{"jobs":0,"pop":20,"pointCount":1,"homeWorkCommuteMedian":46995,"workHomeCommuteMedian":-1},"geometry":{"type":"Polygon","coordinates":[[[120.54810025430793,23.155335968552393],[120.54810025430793,23.16432917218964],[120.55709345794517,23.16432917218964],[120.55709345794517,23.155335968552393],[120.54810025430793,23.155335968552393]]]}},{"type":"Feature","properties":{"jobs":0,"pop":20,"pointCount":1,"homeWorkCommuteMedian":60278,"workHomeCommuteMedian":-1},"geometry":{"type":"Polygon","coordinates":[[[120.54810025430793,23.173322375826885],[120.54810025430793,23.18231557946413],[120.55709345794517,23.18231557946413],[120.55709345794517,23.173322375826885],[120.54810025430793,23.173322375826885]]]}},{"type":"Feature","properties":{"jobs":21,"pop":23,"pointCount":1,"homeWorkCommuteMedian":53558,"workHomeCommuteMedian":59204},"geometry":{"type":"Polygon","coordinates":[[[120.54810025430793,23.18231557946413],[120.54810025430793,23.191308783101377],[120.55709345794517,23.191308783101377],[120.55709345794517,23.18231557946413],[120.54810025430793,23.18231557946413]]]}},{"type":"Feature","properties":{"jobs":0,"pop":29,"pointCount":1,"homeWorkCommuteMedian":79301,"workHomeCommuteMedian":-1},"geometry":{"type":"Polygon","coordinates":[[[120.54810025430793,23.20929519037587],[120.54810025430793,23.218288394013115],[120.55709345794517,23.218288394013115],[120.55709345794517,23.20929519037587],[120.54810025430793,23.20929519037587]]]}},{"type":"Feature","properties":{"jobs":51,"pop":0,"pointCount":1,"homeWorkCommuteMedian":-1,"workHomeCommuteMedian":9250},"geometry":{"type":"Polygon","coordinates":[[[120.55709345794517,23.173322375826885],[120.55709345794517,23.18231557946413],[120.56608666158242,23.18231557946413],[120.56608666158242,23.173322375826885],[120.55709345794517,23.173322375826885]]]}},{"type":"Feature","properties":{"jobs":21,"pop":80,"pointCount":3,"homeWorkCommuteMedian":58944,"workHomeCommuteMedian":9478},"geometry":{"type":"Polygon","coordinates":[[[120.55709345794517,23.18231557946413],[120.55709345794517,23.191308783101377],[120.56608666158242,23.191308783101377],[120.56608666158242,23.18231557946413],[120.55709345794517,23.18231557946413]]]}},{"type":"Feature","properties":{"jobs":21,"pop":0,"pointCount":1,"homeWorkCommuteMedian":-1,"workHomeCommuteMedian":71801},"geometry":{"type":"Polygon","coordinates":[[[120.55709345794517,23.245268004924853],[120.55709345794517,23.2542612085621],[120.56608666158242,23.2542612085621],[120.56608666158242,23.245268004924853],[120.55709345794517,23.245268004924853]]]}},{"type":"Feature","properties":{"jobs":0,"pop":43,"pointCount":1,"homeWorkCommuteMedian":104102,"workHomeCommuteMedian":-1},"geometry":{"type":"Polygon","coordinates":[[[120.55709345794517,23.31721363402282],[120.55709345794517,23.326206837660067],[120.56608666158242,23.326206837660067],[120.56608666158242,23.31721363402282],[120.55709345794517,23.31721363402282]]]}},{"type":"Feature","properties":{"jobs":0,"pop":262,"pointCount":1,"homeWorkCommuteMedian":56588,"workHomeCommuteMedian":-1},"geometry":{"type":"Polygon","coordinates":[[[120.56608666158242,23.18231557946413],[120.56608666158242,23.191308783101377],[120.57507986521966,23.191308783101377],[120.57507986521966,23.18231557946413],[120.56608666158242,23.18231557946413]]]}},{"type":"Feature","properties":{"jobs":0,"pop":59,"pointCount":1,"homeWorkCommuteMedian":43080,"workHomeCommuteMedian":-1},"geometry":{"type":"Polygon","coordinates":[[[120.56608666158242,23.22728159765036],[120.56608666158242,23.236274801287607],[120.57507986521966,23.236274801287607],[120.57507986521966,23.22728159765036],[120.56608666158242,23.22728159765036]]]}},{"type":"Feature","properties":{"jobs":0,"pop":89,"pointCount":1,"homeWorkCommuteMedian":58678,"workHomeCommuteMedian":-1},"geometry":{"type":"Polygon","coordinates":[[[120.56608666158242,23.2542612085621],[120.56608666158242,23.263254412199345],[120.57507986521966,23.263254412199345],[120.57507986521966,23.2542612085621],[120.56608666158242,23.2542612085621]]]}},{"type":"Feature","properties":{"jobs":0,"pop":115,"pointCount":1,"homeWorkCommuteMedian":74504,"workHomeCommuteMedian":-1},"geometry":{"type":"Polygon","coordinates":[[[120.57507986521966,23.245268004924853],[120.57507986521966,23.2542612085621],[120.58407306885691,23.2542612085621],[120.58407306885691,23.245268004924853],[120.57507986521966,23.245268004924853]]]}},{"type":"Feature","properties":{"jobs":4,"pop":0,"pointCount":1,"homeWorkCommuteMedian":-1,"workHomeCommuteMedian":12749},"geometry":{"type":"Polygon","coordinates":[[[120.57507986521966,23.31721363402282],[120.57507986521966,23.326206837660067],[120.58407306885691,23.326206837660067],[120.58407306885691,23.31721363402282],[120.57507986521966,23.31721363402282]]]}},{"type":"Feature","properties":{"jobs":0,"pop":24,"pointCount":1,"homeWorkCommuteMedian":73396,"workHomeCommuteMedian":-1},"geometry":{"type":"Polygon","coordinates":[[[120.58407306885691,23.146342764915147],[120.58407306885691,23.155335968552393],[120.59306627249416,23.155335968552393],[120.59306627249416,23.146342764915147],[120.58407306885691,23.146342764915147]]]}},{"type":"Feature","properties":{"jobs":0,"pop":21,"pointCount":1,"homeWorkCommuteMedian":60228,"workHomeCommuteMedian":-1},"geometry":{"type":"Polygon","coordinates":[[[120.58407306885691,23.27224761583659],[120.58407306885691,23.281240819473837],[120.59306627249416,23.281240819473837],[120.59306627249416,23.27224761583659],[120.58407306885691,23.27224761583659]]]}},{"type":"Feature","properties":{"jobs":111,"pop":402,"pointCount":9,"homeWorkCommuteMedian":79082,"workHomeCommuteMedian":11286},"geometry":{"type":"Polygon","coordinates":[[[120.58407306885691,23.290234023111083],[120.58407306885691,23.29922722674833],[120.59306627249416,23.29922722674833],[120.59306627249416,23.290234023111083],[120.58407306885691,23.290234023111083]]]}},{"type":"Feature","properties":{"jobs":56,"pop":80,"pointCount":3,"homeWorkCommuteMedian":61150,"workHomeCommuteMedian":57709},"geometry":{"type":"Polygon","coordinates":[[[120.58407306885691,23.29922722674833],[120.58407306885691,23.308220430385575],[120.59306627249416,23.308220430385575],[120.59306627249416,23.29922722674833],[120.58407306885691,23.29922722674833]]]}},{"type":"Feature","properties":{"jobs":51,"pop":108,"pointCount":2,"homeWorkCommuteMedian":53254,"workHomeCommuteMedian":91360},"geometry":{"type":"Polygon","coordinates":[[[120.59306627249416,23.16432917218964],[120.59306627249416,23.173322375826885],[120.6020594761314,23.173322375826885],[120.6020594761314,23.16432917218964],[120.59306627249416,23.16432917218964]]]}},{"type":"Feature","properties":{"jobs":32,"pop":246,"pointCount":2,"homeWorkCommuteMedian":75629,"workHomeCommuteMedian":68532},"geometry":{"type":"Polygon","coordinates":[[[120.59306627249416,23.290234023111083],[120.59306627249416,23.29922722674833],[120.6020594761314,23.29922722674833],[120.6020594761314,23.290234023111083],[120.59306627249416,23.290234023111083]]]}},{"type":"Feature","properties":{"jobs":0,"pop":272,"pointCount":3,"homeWorkCommuteMedian":86460,"workHomeCommuteMedian":-1},"geometry":{"type":"Polygon","coordinates":[[[120.59306627249416,23.29922722674833],[120.59306627249416,23.308220430385575],[120.6020594761314,23.308220430385575],[120.6020594761314,23.29922722674833],[120.59306627249416,23.29922722674833]]]}},{"type":"Feature","properties":{"jobs":0,"pop":48,"pointCount":1,"homeWorkCommuteMedian":76560,"workHomeCommuteMedian":-1},"geometry":{"type":"Polygon","coordinates":[[[120.6020594761314,23.263254412199345],[120.6020594761314,23.27224761583659],[120.61105267976865,23.27224761583659],[120.61105267976865,23.263254412199345],[120.6020594761314,23.263254412199345]]]}},{"type":"Feature","properties":{"jobs":0,"pop":236,"pointCount":1,"homeWorkCommuteMedian":89185,"workHomeCommuteMedian":-1},"geometry":{"type":"Polygon","coordinates":[[[120.6200458834059,23.200301986738623],[120.6200458834059,23.20929519037587],[120.62903908704314,23.20929519037587],[120.62903908704314,23.200301986738623],[120.6200458834059,23.200301986738623]]]}},{"type":"Feature","properties":{"jobs":0,"pop":136,"pointCount":1,"homeWorkCommuteMedian":77276,"workHomeCommuteMedian":-1},"geometry":{"type":"Polygon","coordinates":[[[120.6200458834059,23.236274801287607],[120.6200458834059,23.245268004924853],[120.62903908704314,23.245268004924853],[120.62903908704314,23.236274801287607],[120.6200458834059,23.236274801287607]]]}},{"type":"Feature","properties":{"jobs":40,"pop":159,"pointCount":1,"homeWorkCommuteMedian":84492,"workHomeCommuteMedian":13134},"geometry":{"type":"Polygon","coordinates":[[[120.62903908704314,23.29922722674833],[120.62903908704314,23.308220430385575],[120.63803229068039,23.308220430385575],[120.63803229068039,23.29922722674833],[120.62903908704314,23.29922722674833]]]}}],"properties":{"residentWeightedNearestNeighborKm":{"p10":0.16645398922436452,"p25":0.17726523931460186,"p50":0.18877113658173666,"p75":0.21507680287741082,"p90":0.2637687559676076,"mean":0.21684076420965995},"workerWeightedNearestNeighborKm":{"p10":0.17508235447928377,"p25":0.18685082581799545,"p50":0.21782385996618733,"p75":0.26767940145947056,"p90":0.3206064852939412,"mean":0.2381101944494027},"commuteDistanceKm":{"p10":1931,"p25":3620,"p50":6946,"p75":15344,"p90":26510,"mean":11200.023008714265},"residentCellDensity":{"p10":37,"p25":78,"p50":228,"p75":757,"p90":2438,"mean":889.569090909091},"workerCellDensity":{"p10":32,"p25":64,"p50":209,"p75":908,"p90":2511,"mean":1011.1683884297521},"detail":{"radiusKm":0.20277785288447608,"expectedPointSpacingKm":0.4677298528072165,"normalizedRadius":0.43353626386566074,"activityPerPoint":166.1726069246436,"playableAreaKm2":1916,"playableAreaPerPointKm2":0.3251866938221317,"playableCatchmentRadiusKm":0.32172991700960285,"localityScore":0.7733711038075914,"deaggregationScore":1,"score":0.879415205581295},"polycentrism":{"activity":{"score":0,"continuousScore":0.8099003937918826,"detectedCenterCount":1,"effectiveCenterCount":1,"largestCenterShare":1,"bandwidthKm":1.3,"reliabilityScore":1,"supportLevel":"high","usedFallback":false,"topCenters":[{"longitude":120.23800449658815,"latitude":23.02639332548332,"massShare":1,"assignedMass":1958178,"assignedPointCount":5892,"prominenceRatio":1}],"debug":{"rawPeakCount":49,"mergedPeakCount":36,"filteredPeakCount":1,"prominenceThreshold":0.22,"minPointsPerCenter":10,"rejectedCenters":[{"longitude":120.27586994302273,"latitude":23.092139813177642,"massShare":0.13066432162959649,"assignedMass":255864,"assignedPointCount":621,"prominenceRatio":1,"strongestCompetitorDistanceKm":13.150260997559487,"strongestCompetitorPotential":178142.97957548447,"localConsolidatedShare":0.13066432162959649,"localConsolidatedMass":255864,"localContributorCount":1,"localContributorDistancesKm":[],"rejectionReasons":["not_dominant_local_peak","below_relative_share_floor"]},{"longitude":120.17017213195454,"latitude":23.162165933904056,"massShare":0.030991053928703112,"assignedMass":60686,"assignedPointCount":310,"prominenceRatio":1,"strongestCompetitorDistanceKm":18.88990914349129,"strongestCompetitorPotential":178142.97957548447,"localConsolidatedShare":0.030991053928703112,"localConsolidatedMass":60686,"localContributorCount":1,"localContributorDistancesKm":[],"rejectionReasons":["below_secondary_share_floor"]},{"longitude":120.25745050526523,"latitude":22.853569432257924,"massShare":0.03962765387007718,"assignedMass":77598,"assignedPointCount":282,"prominenceRatio":1,"strongestCompetitorDistanceKm":17.603576893904435,"strongestCompetitorPotential":178142.97957548447,"localConsolidatedShare":0.03962765387007718,"localConsolidatedMass":77598,"localContributorCount":1,"localContributorDistancesKm":[],"rejectionReasons":["below_secondary_share_floor"]},{"longitude":120.24571408523384,"latitude":22.9262674548719,"massShare":0.04886174801269343,"assignedMass":95680,"assignedPointCount":393,"prominenceRatio":0.9999999985823516,"strongestCompetitorDistanceKm":8.71068515738087,"strongestCompetitorPotential":178142.97957548447,"localConsolidatedShare":0.04886174801269343,"localConsolidatedMass":95680,"localContributorCount":1,"localContributorDistancesKm":[],"rejectionReasons":["below_secondary_share_floor"]},{"longitude":120.24471460463127,"latitude":23.1826513901974,"massShare":0.019328682070782126,"assignedMass":37849,"assignedPointCount":206,"prominenceRatio":1,"strongestCompetitorDistanceKm":21.023561255132087,"strongestCompetitorPotential":178142.97957548447,"localConsolidatedShare":0.019328682070782126,"localConsolidatedMass":37849,"localContributorCount":1,"localContributorDistancesKm":[],"rejectionReasons":["below_secondary_share_floor"]},{"longitude":120.18503608012038,"latitude":22.917033943852015,"massShare":0.02051856368522167,"assignedMass":40179,"assignedPointCount":167,"prominenceRatio":0.9999999996251362,"strongestCompetitorDistanceKm":9.027331248341325,"strongestCompetitorPotential":178142.97957548447,"localConsolidatedShare":0.02051856368522167,"localConsolidatedMass":40179,"localContributorCount":1,"localContributorDistancesKm":[],"rejectionReasons":["below_secondary_share_floor"]},{"longitude":120.32424907857636,"latitude":22.901083932831305,"massShare":0.023088810108171983,"assignedMass":45212,"assignedPointCount":295,"prominenceRatio":1,"strongestCompetitorDistanceKm":17.286146188744798,"strongestCompetitorPotential":178142.97957548447,"localConsolidatedShare":0.023088810108171983,"localConsolidatedMass":45212,"localContributorCount":1,"localContributorDistancesKm":[],"rejectionReasons":["below_secondary_share_floor"]},{"longitude":120.32207626662426,"latitude":23.198791004315215,"massShare":0.012045380961281354,"assignedMass":23587,"assignedPointCount":160,"prominenceRatio":1,"strongestCompetitorDistanceKm":25.616785686932417,"strongestCompetitorPotential":178142.97957548447,"localConsolidatedShare":0.012045380961281354,"localConsolidatedMass":23587,"localContributorCount":1,"localContributorDistancesKm":[],"rejectionReasons":["below_secondary_share_floor"]},{"longitude":120.18636743950374,"latitude":23.090938871133503,"massShare":0.03366088271852712,"assignedMass":65914,"assignedPointCount":397,"prominenceRatio":1,"strongestCompetitorDistanceKm":13.980366301541114,"strongestCompetitorPotential":178142.97957548447,"localConsolidatedShare":0.03366088271852712,"localConsolidatedMass":65914,"localContributorCount":1,"localContributorDistancesKm":[],"rejectionReasons":["below_secondary_share_floor"]},{"longitude":120.17824164551249,"latitude":23.22978987455299,"massShare":0.012090320696075638,"assignedMass":23675,"assignedPointCount":212,"prominenceRatio":1,"strongestCompetitorDistanceKm":26.272899525409784,"strongestCompetitorPotential":178142.97957548447,"localConsolidatedShare":0.012090320696075638,"localConsolidatedMass":23675,"localContributorCount":1,"localContributorDistancesKm":[],"rejectionReasons":["below_secondary_share_floor"]},{"longitude":120.34947385273159,"latitude":23.225452796704218,"massShare":0.00882095498979153,"assignedMass":17273,"assignedPointCount":114,"prominenceRatio":1,"strongestCompetitorDistanceKm":28.7371301487412,"strongestCompetitorPotential":178142.97957548447,"localConsolidatedShare":0.00882095498979153,"localConsolidatedMass":17273,"localContributorCount":1,"localContributorDistancesKm":[],"rejectionReasons":["below_secondary_share_floor"]},{"longitude":120.26742024045504,"latitude":23.232926079635238,"massShare":0.007624434550893739,"assignedMass":14930,"assignedPointCount":118,"prominenceRatio":1,"strongestCompetitorDistanceKm":27.01187371826065,"strongestCompetitorPotential":178142.97957548447,"localConsolidatedShare":0.007624434550893739,"localConsolidatedMass":14930,"localContributorCount":1,"localContributorDistancesKm":[],"rejectionReasons":["below_secondary_share_floor"]},{"longitude":120.34445829773135,"latitude":23.104174338812218,"massShare":0.015456204696406557,"assignedMass":30266,"assignedPointCount":229,"prominenceRatio":1,"strongestCompetitorDistanceKm":18.195630105691308,"strongestCompetitorPotential":178142.97957548447,"localConsolidatedShare":0.015456204696406557,"localConsolidatedMass":30266,"localContributorCount":1,"localContributorDistancesKm":[],"rejectionReasons":["below_secondary_share_floor"]},{"longitude":120.46119866690881,"latitude":23.122895495933747,"massShare":0.005623594994939173,"assignedMass":11012,"assignedPointCount":92,"prominenceRatio":1,"strongestCompetitorDistanceKm":28.92960522754872,"strongestCompetitorPotential":178142.97957548447,"localConsolidatedShare":0.005623594994939173,"localConsolidatedMass":11012,"localContributorCount":1,"localContributorDistancesKm":[],"rejectionReasons":["below_secondary_share_floor"]},{"longitude":120.48951904459499,"latitude":23.183307973424306,"massShare":0.003207062892137487,"assignedMass":6280,"assignedPointCount":56,"prominenceRatio":1,"strongestCompetitorDistanceKm":34.02091884973948,"strongestCompetitorPotential":178142.97957548447,"localConsolidatedShare":0.003207062892137487,"localConsolidatedMass":6280,"localContributorCount":1,"localContributorDistancesKm":[],"rejectionReasons":["below_secondary_share_floor"]},{"longitude":120.13345542087332,"latitude":23.273889882125864,"massShare":0.0025447124827262893,"assignedMass":4983,"assignedPointCount":59,"prominenceRatio":1,"strongestCompetitorDistanceKm":32.71990108574149,"strongestCompetitorPotential":178142.97957548447,"localConsolidatedShare":0.0025447124827262893,"localConsolidatedMass":4983,"localContributorCount":1,"localContributorDistancesKm":[],"rejectionReasons":["below_secondary_share_floor"]},{"longitude":120.09738539099672,"latitude":23.179415164178724,"massShare":0.0017419254020829566,"assignedMass":3411,"assignedPointCount":30,"prominenceRatio":1,"strongestCompetitorDistanceKm":25.14968751811026,"strongestCompetitorPotential":178142.97957548447,"localConsolidatedShare":0.0017419254020829566,"localConsolidatedMass":3411,"localContributorCount":1,"localContributorDistancesKm":[],"rejectionReasons":["below_secondary_share_floor"]},{"longitude":120.10978925778025,"latitude":23.22109436146093,"massShare":0.0024022330962762324,"assignedMass":4704,"assignedPointCount":51,"prominenceRatio":1,"strongestCompetitorDistanceKm":27.442074609834844,"strongestCompetitorPotential":178142.97957548447,"localConsolidatedShare":0.0024022330962762324,"localConsolidatedMass":4704,"localContributorCount":1,"localContributorDistancesKm":[],"rejectionReasons":["below_secondary_share_floor"]},{"longitude":120.47425763328341,"latitude":23.04099468175535,"massShare":0.001600978052046341,"assignedMass":3135,"assignedPointCount":45,"prominenceRatio":1,"strongestCompetitorDistanceKm":27.031362895530865,"strongestCompetitorPotential":178142.97957548447,"localConsolidatedShare":0.001600978052046341,"localConsolidatedMass":3135,"localContributorCount":1,"localContributorDistancesKm":[],"rejectionReasons":["below_secondary_share_floor"]},{"longitude":120.3969926346064,"latitude":23.059580880724674,"massShare":0.001840997090152172,"assignedMass":3605,"assignedPointCount":51,"prominenceRatio":1,"strongestCompetitorDistanceKm":20.15529344715578,"strongestCompetitorPotential":178142.97957548447,"localConsolidatedShare":0.001840997090152172,"localConsolidatedMass":3605,"localContributorCount":1,"localContributorDistancesKm":[],"rejectionReasons":["below_secondary_share_floor"]},{"longitude":120.59694398994024,"latitude":23.298611779349493,"massShare":0.0007849133224865155,"assignedMass":1537,"assignedPointCount":22,"prominenceRatio":1,"strongestCompetitorDistanceKm":51.090879716014356,"strongestCompetitorPotential":null,"localConsolidatedShare":0.0007849133224865155,"localConsolidatedMass":1537,"localContributorCount":1,"localContributorDistancesKm":[],"rejectionReasons":["below_secondary_share_floor"]},{"longitude":120.50049449532547,"latitude":23.076918600143383,"massShare":0.001146984594863184,"assignedMass":2246,"assignedPointCount":24,"prominenceRatio":1,"strongestCompetitorDistanceKm":29.54761493102494,"strongestCompetitorPotential":178142.97957548447,"localConsolidatedShare":0.001146984594863184,"localConsolidatedMass":2246,"localContributorCount":1,"localContributorDistancesKm":[],"rejectionReasons":["below_secondary_share_floor"]},{"longitude":120.19212697737525,"latitude":23.28423036209607,"massShare":0.000846705457828655,"assignedMass":1658,"assignedPointCount":22,"prominenceRatio":1,"strongestCompetitorDistanceKm":31.761629687375272,"strongestCompetitorPotential":178142.97957548447,"localConsolidatedShare":0.000846705457828655,"localConsolidatedMass":1658,"localContributorCount":1,"localContributorDistancesKm":[],"rejectionReasons":["below_secondary_share_floor"]},{"longitude":120.33721330309581,"latitude":22.98836357999328,"massShare":0.006571925534859446,"assignedMass":12869,"assignedPointCount":99,"prominenceRatio":1,"strongestCompetitorDistanceKm":17.82366748095288,"strongestCompetitorPotential":178142.97957548447,"localConsolidatedShare":0.006571925534859446,"localConsolidatedMass":12869,"localContributorCount":1,"localContributorDistancesKm":[],"rejectionReasons":["below_secondary_share_floor"]},{"longitude":120.41646503147129,"latitude":23.209621186085847,"massShare":0.0005254884898104258,"assignedMass":1029,"assignedPointCount":12,"prominenceRatio":1,"strongestCompetitorDistanceKm":31.699979955676064,"strongestCompetitorPotential":178142.97957548447,"localConsolidatedShare":0.0005254884898104258,"localConsolidatedMass":1029,"localContributorCount":1,"localContributorDistancesKm":[],"rejectionReasons":["below_secondary_share_floor"]},{"longitude":120.3515525536249,"latitude":22.956883203941704,"massShare":0.0028659294507445187,"assignedMass":5612,"assignedPointCount":48,"prominenceRatio":1,"strongestCompetitorDistanceKm":20.154594595493283,"strongestCompetitorPotential":178142.97957548447,"localConsolidatedShare":0.0028659294507445187,"localConsolidatedMass":5612,"localContributorCount":1,"localContributorDistancesKm":[],"rejectionReasons":["below_secondary_share_floor"]},{"longitude":120.55453421181622,"latitude":23.185298590186964,"massShare":0.000421820692500886,"assignedMass":826,"assignedPointCount":16,"prominenceRatio":1,"strongestCompetitorDistanceKm":40.769506066942355,"strongestCompetitorPotential":178142.97957548447,"localConsolidatedShare":0.000421820692500886,"localConsolidatedMass":826,"localContributorCount":1,"localContributorDistancesKm":[],"rejectionReasons":["below_secondary_share_floor"]},{"longitude":120.62093407285158,"latitude":23.200417523692085,"massShare":0.00012052019785739601,"assignedMass":236,"assignedPointCount":1,"prominenceRatio":1,"strongestCompetitorDistanceKm":47.11580345758285,"strongestCompetitorPotential":178142.97957548447,"localConsolidatedShare":0.00012052019785739601,"localConsolidatedMass":236,"localContributorCount":1,"localContributorDistancesKm":[],"rejectionReasons":["below_min_points_per_center"]},{"longitude":120.57166852701764,"latitude":23.251139381382238,"massShare":0.00016137450221583534,"assignedMass":316,"assignedPointCount":5,"prominenceRatio":1,"strongestCompetitorDistanceKm":46.768534015798075,"strongestCompetitorPotential":178142.97957548447,"localConsolidatedShare":0.00016137450221583534,"localConsolidatedMass":316,"localContributorCount":1,"localContributorDistancesKm":[],"rejectionReasons":["below_min_points_per_center"]},{"longitude":120.59441843756308,"latitude":23.167085006226788,"massShare":0.00009345422121992995,"assignedMass":183,"assignedPointCount":3,"prominenceRatio":1,"strongestCompetitorDistanceKm":42.99123019630147,"strongestCompetitorPotential":178142.97957548447,"localConsolidatedShare":0.00009345422121992995,"localConsolidatedMass":183,"localContributorCount":1,"localContributorDistancesKm":[],"rejectionReasons":["below_min_points_per_center"]},{"longitude":120.62081913991327,"latitude":23.240864014577667,"massShare":0.00006945231740934685,"assignedMass":136,"assignedPointCount":1,"prominenceRatio":1,"strongestCompetitorDistanceKm":49.42348397478044,"strongestCompetitorPotential":178142.97957548447,"localConsolidatedShare":0.00006945231740934685,"localConsolidatedMass":136,"localContributorCount":1,"localContributorDistancesKm":[],"rejectionReasons":["below_min_points_per_center"]},{"longitude":120.43937297366114,"latitude":22.988809924148974,"massShare":0.0000909008271975275,"assignedMass":178,"assignedPointCount":4,"prominenceRatio":1,"strongestCompetitorDistanceKm":22.469270746481328,"strongestCompetitorPotential":178142.97957548447,"localConsolidatedShare":0.0000909008271975275,"localConsolidatedMass":178,"localContributorCount":1,"localContributorDistancesKm":[],"rejectionReasons":["below_min_points_per_center"]},{"longitude":120.55682797597599,"latitude":23.331571960794346,"massShare":0.00006689892338694439,"assignedMass":131,"assignedPointCount":2,"prominenceRatio":1,"strongestCompetitorDistanceKm":51.254448457177226,"strongestCompetitorPotential":null,"localConsolidatedShare":0.00006689892338694439,"localConsolidatedMass":131,"localContributorCount":1,"localContributorDistancesKm":[],"rejectionReasons":["below_min_points_per_center"]},{"longitude":120.63841166242639,"latitude":23.333336357185892,"massShare":0.000033704801095712445,"assignedMass":66,"assignedPointCount":1,"prominenceRatio":1,"strongestCompetitorDistanceKm":57.08058793011309,"strongestCompetitorPotential":null,"localConsolidatedShare":0.000033704801095712445,"localConsolidatedMass":66,"localContributorCount":1,"localContributorDistancesKm":[],"rejectionReasons":["below_min_points_per_center"]},{"longitude":120.10593764336906,"latitude":23.072444754203847,"massShare":0.0023297167060400024,"assignedMass":4562,"assignedPointCount":44,"prominenceRatio":1,"strongestCompetitorDistanceKm":21.115641698464888,"strongestCompetitorPotential":178142.97957548447,"localConsolidatedShare":0.0023297167060400024,"localConsolidatedMass":4562,"localContributorCount":1,"localContributorDistancesKm":[],"rejectionReasons":["below_secondary_share_floor"]}]}}}}}
