{"type":"FeatureCollection","features":[{"type":"Feature","properties":{"jobs":219,"pop":182,"pointCount":1,"homeWorkCommuteMedian":6509,"workHomeCommuteMedian":6489},"geometry":{"type":"Polygon","coordinates":[[[127.17315971452473,36.18852233452959],[127.17315971452473,36.19751553816683],[127.18215291816198,36.19751553816683],[127.18215291816198,36.18852233452959],[127.17315971452473,36.18852233452959]]]}},{"type":"Feature","properties":{"jobs":12722,"pop":0,"pointCount":2,"homeWorkCommuteMedian":-1,"workHomeCommuteMedian":5245},"geometry":{"type":"Polygon","coordinates":[[[127.17315971452473,36.20650874180408],[127.17315971452473,36.215501945441325],[127.18215291816198,36.215501945441325],[127.18215291816198,36.20650874180408],[127.17315971452473,36.20650874180408]]]}},{"type":"Feature","properties":{"jobs":556,"pop":0,"pointCount":1,"homeWorkCommuteMedian":-1,"workHomeCommuteMedian":11752},"geometry":{"type":"Polygon","coordinates":[[[127.17315971452473,36.24248155635306],[127.17315971452473,36.25147475999031],[127.18215291816198,36.25147475999031],[127.18215291816198,36.24248155635306],[127.17315971452473,36.24248155635306]]]}},{"type":"Feature","properties":{"jobs":390,"pop":276,"pointCount":1,"homeWorkCommuteMedian":39709,"workHomeCommuteMedian":-1},"geometry":{"type":"Polygon","coordinates":[[[127.17315971452473,36.31442718545103],[127.17315971452473,36.32342038908828],[127.18215291816198,36.32342038908828],[127.18215291816198,36.31442718545103],[127.17315971452473,36.31442718545103]]]}},{"type":"Feature","properties":{"jobs":56,"pop":0,"pointCount":1,"homeWorkCommuteMedian":-1,"workHomeCommuteMedian":40211},"geometry":{"type":"Polygon","coordinates":[[[127.17315971452473,36.36838640727451],[127.17315971452473,36.37737961091175],[127.18215291816198,36.37737961091175],[127.18215291816198,36.36838640727451],[127.17315971452473,36.36838640727451]]]}},{"type":"Feature","properties":{"jobs":3338,"pop":1452,"pointCount":3,"homeWorkCommuteMedian":29124,"workHomeCommuteMedian":-1},"geometry":{"type":"Polygon","coordinates":[[[127.17315971452473,36.47630485092146],[127.17315971452473,36.485298054558704],[127.18215291816198,36.485298054558704],[127.18215291816198,36.47630485092146],[127.17315971452473,36.47630485092146]]]}},{"type":"Feature","properties":{"jobs":4768,"pop":761,"pointCount":3,"homeWorkCommuteMedian":35888,"workHomeCommuteMedian":-1},"geometry":{"type":"Polygon","coordinates":[[[127.17315971452473,36.485298054558704],[127.17315971452473,36.49429125819595],[127.18215291816198,36.49429125819595],[127.18215291816198,36.485298054558704],[127.17315971452473,36.485298054558704]]]}},{"type":"Feature","properties":{"jobs":1073,"pop":191,"pointCount":1,"homeWorkCommuteMedian":41999,"workHomeCommuteMedian":-1},"geometry":{"type":"Polygon","coordinates":[[[127.17315971452473,36.49429125819595],[127.17315971452473,36.503284461833196],[127.18215291816198,36.503284461833196],[127.18215291816198,36.49429125819595],[127.17315971452473,36.49429125819595]]]}},{"type":"Feature","properties":{"jobs":1142,"pop":39,"pointCount":1,"homeWorkCommuteMedian":7836,"workHomeCommuteMedian":5461},"geometry":{"type":"Polygon","coordinates":[[[127.18215291816198,36.19751553816683],[127.18215291816198,36.20650874180408],[127.19114612179922,36.20650874180408],[127.19114612179922,36.19751553816683],[127.18215291816198,36.19751553816683]]]}},{"type":"Feature","properties":{"jobs":670,"pop":0,"pointCount":1,"homeWorkCommuteMedian":-1,"workHomeCommuteMedian":3469},"geometry":{"type":"Polygon","coordinates":[[[127.18215291816198,36.20650874180408],[127.18215291816198,36.215501945441325],[127.19114612179922,36.215501945441325],[127.19114612179922,36.20650874180408],[127.18215291816198,36.20650874180408]]]}},{"type":"Feature","properties":{"jobs":283,"pop":200,"pointCount":1,"homeWorkCommuteMedian":24697,"workHomeCommuteMedian":-1},"geometry":{"type":"Polygon","coordinates":[[[127.18215291816198,36.28744757453929],[127.18215291816198,36.29644077817654],[127.19114612179922,36.29644077817654],[127.19114612179922,36.28744757453929],[127.18215291816198,36.28744757453929]]]}},{"type":"Feature","properties":{"jobs":79,"pop":199,"pointCount":1,"homeWorkCommuteMedian":44158,"workHomeCommuteMedian":-1},"geometry":{"type":"Polygon","coordinates":[[[127.18215291816198,36.32342038908828],[127.18215291816198,36.33241359272552],[127.19114612179922,36.33241359272552],[127.19114612179922,36.32342038908828],[127.18215291816198,36.32342038908828]]]}},{"type":"Feature","properties":{"jobs":215,"pop":794,"pointCount":1,"homeWorkCommuteMedian":32518,"workHomeCommuteMedian":19624},"geometry":{"type":"Polygon","coordinates":[[[127.18215291816198,36.440332036372475],[127.18215291816198,36.44932524000972],[127.19114612179922,36.44932524000972],[127.19114612179922,36.440332036372475],[127.18215291816198,36.440332036372475]]]}},{"type":"Feature","properties":{"jobs":536,"pop":184,"pointCount":1,"homeWorkCommuteMedian":31226,"workHomeCommuteMedian":-1},"geometry":{"type":"Polygon","coordinates":[[[127.18215291816198,36.44932524000972],[127.18215291816198,36.45831844364697],[127.19114612179922,36.45831844364697],[127.19114612179922,36.44932524000972],[127.18215291816198,36.44932524000972]]]}},{"type":"Feature","properties":{"jobs":3398,"pop":324,"pointCount":2,"homeWorkCommuteMedian":45085,"workHomeCommuteMedian":4705},"geometry":{"type":"Polygon","coordinates":[[[127.18215291816198,36.485298054558704],[127.18215291816198,36.49429125819595],[127.19114612179922,36.49429125819595],[127.19114612179922,36.485298054558704],[127.18215291816198,36.485298054558704]]]}},{"type":"Feature","properties":{"jobs":651,"pop":181,"pointCount":1,"homeWorkCommuteMedian":2799,"workHomeCommuteMedian":2763},"geometry":{"type":"Polygon","coordinates":[[[127.19114612179922,36.18852233452959],[127.19114612179922,36.19751553816683],[127.20013932543647,36.19751553816683],[127.20013932543647,36.18852233452959],[127.19114612179922,36.18852233452959]]]}},{"type":"Feature","properties":{"jobs":830,"pop":420,"pointCount":2,"homeWorkCommuteMedian":41380,"workHomeCommuteMedian":6711},"geometry":{"type":"Polygon","coordinates":[[[127.19114612179922,36.20650874180408],[127.19114612179922,36.215501945441325],[127.20013932543647,36.215501945441325],[127.20013932543647,36.20650874180408],[127.19114612179922,36.20650874180408]]]}},{"type":"Feature","properties":{"jobs":119,"pop":13738,"pointCount":1,"homeWorkCommuteMedian":5245,"workHomeCommuteMedian":-1},"geometry":{"type":"Polygon","coordinates":[[[127.19114612179922,36.22449514907857],[127.19114612179922,36.23348835271582],[127.20013932543647,36.23348835271582],[127.20013932543647,36.22449514907857],[127.19114612179922,36.22449514907857]]]}},{"type":"Feature","properties":{"jobs":2934,"pop":0,"pointCount":2,"homeWorkCommuteMedian":-1,"workHomeCommuteMedian":20830},"geometry":{"type":"Polygon","coordinates":[[[127.19114612179922,36.35939320363726],[127.19114612179922,36.36838640727451],[127.20013932543647,36.36838640727451],[127.20013932543647,36.35939320363726],[127.19114612179922,36.35939320363726]]]}},{"type":"Feature","properties":{"jobs":15403,"pop":0,"pointCount":2,"homeWorkCommuteMedian":-1,"workHomeCommuteMedian":17125},"geometry":{"type":"Polygon","coordinates":[[[127.19114612179922,36.37737961091175],[127.19114612179922,36.386372814549],[127.20013932543647,36.386372814549],[127.20013932543647,36.37737961091175],[127.19114612179922,36.37737961091175]]]}},{"type":"Feature","properties":{"jobs":2716,"pop":22,"pointCount":1,"homeWorkCommuteMedian":6427,"workHomeCommuteMedian":5325},"geometry":{"type":"Polygon","coordinates":[[[127.19114612179922,36.40435922182349],[127.19114612179922,36.41335242546074],[127.20013932543647,36.41335242546074],[127.20013932543647,36.40435922182349],[127.19114612179922,36.40435922182349]]]}},{"type":"Feature","properties":{"jobs":1427,"pop":302,"pointCount":2,"homeWorkCommuteMedian":7603,"workHomeCommuteMedian":8974},"geometry":{"type":"Polygon","coordinates":[[[127.19114612179922,36.503284461833196],[127.19114612179922,36.51227766547044],[127.20013932543647,36.51227766547044],[127.20013932543647,36.503284461833196],[127.19114612179922,36.503284461833196]]]}},{"type":"Feature","properties":{"jobs":26,"pop":0,"pointCount":1,"homeWorkCommuteMedian":-1,"workHomeCommuteMedian":3114},"geometry":{"type":"Polygon","coordinates":[[[127.20013932543647,36.20650874180408],[127.20013932543647,36.215501945441325],[127.20913252907371,36.215501945441325],[127.20913252907371,36.20650874180408],[127.20013932543647,36.20650874180408]]]}},{"type":"Feature","properties":{"jobs":8400,"pop":0,"pointCount":1,"homeWorkCommuteMedian":-1,"workHomeCommuteMedian":3217},"geometry":{"type":"Polygon","coordinates":[[[127.20013932543647,36.37737961091175],[127.20013932543647,36.386372814549],[127.20913252907371,36.386372814549],[127.20913252907371,36.37737961091175],[127.20013932543647,36.37737961091175]]]}},{"type":"Feature","properties":{"jobs":8644,"pop":1615,"pointCount":3,"homeWorkCommuteMedian":16296,"workHomeCommuteMedian":13610},"geometry":{"type":"Polygon","coordinates":[[[127.20013932543647,36.440332036372475],[127.20013932543647,36.44932524000972],[127.20913252907371,36.44932524000972],[127.20913252907371,36.440332036372475],[127.20013932543647,36.440332036372475]]]}},{"type":"Feature","properties":{"jobs":1728,"pop":599,"pointCount":2,"homeWorkCommuteMedian":36493,"workHomeCommuteMedian":-1},"geometry":{"type":"Polygon","coordinates":[[[127.20013932543647,36.44932524000972],[127.20013932543647,36.45831844364697],[127.20913252907371,36.45831844364697],[127.20913252907371,36.44932524000972],[127.20013932543647,36.44932524000972]]]}},{"type":"Feature","properties":{"jobs":655,"pop":186,"pointCount":1,"homeWorkCommuteMedian":40545,"workHomeCommuteMedian":-1},"geometry":{"type":"Polygon","coordinates":[[[127.20013932543647,36.45831844364697],[127.20013932543647,36.46731164728421],[127.20913252907371,36.46731164728421],[127.20913252907371,36.45831844364697],[127.20013932543647,36.45831844364697]]]}},{"type":"Feature","properties":{"jobs":2725,"pop":723,"pointCount":3,"homeWorkCommuteMedian":8845,"workHomeCommuteMedian":8309},"geometry":{"type":"Polygon","coordinates":[[[127.20013932543647,36.485298054558704],[127.20013932543647,36.49429125819595],[127.20913252907371,36.49429125819595],[127.20913252907371,36.485298054558704],[127.20013932543647,36.485298054558704]]]}},{"type":"Feature","properties":{"jobs":6147,"pop":1844,"pointCount":3,"homeWorkCommuteMedian":8391,"workHomeCommuteMedian":7991},"geometry":{"type":"Polygon","coordinates":[[[127.20013932543647,36.49429125819595],[127.20013932543647,36.503284461833196],[127.20913252907371,36.503284461833196],[127.20913252907371,36.49429125819595],[127.20013932543647,36.49429125819595]]]}},{"type":"Feature","properties":{"jobs":152,"pop":6095,"pointCount":1,"homeWorkCommuteMedian":6804,"workHomeCommuteMedian":-1},"geometry":{"type":"Polygon","coordinates":[[[127.20013932543647,36.503284461833196],[127.20013932543647,36.51227766547044],[127.20913252907371,36.51227766547044],[127.20913252907371,36.503284461833196],[127.20013932543647,36.503284461833196]]]}},{"type":"Feature","properties":{"jobs":9461,"pop":1226,"pointCount":2,"homeWorkCommuteMedian":6711,"workHomeCommuteMedian":5992},"geometry":{"type":"Polygon","coordinates":[[[127.20913252907371,36.17952913089234],[127.20913252907371,36.18852233452959],[127.21812573271096,36.18852233452959],[127.21812573271096,36.17952913089234],[127.20913252907371,36.17952913089234]]]}},{"type":"Feature","properties":{"jobs":2941,"pop":308,"pointCount":3,"homeWorkCommuteMedian":11425,"workHomeCommuteMedian":4689},"geometry":{"type":"Polygon","coordinates":[[[127.20913252907371,36.20650874180408],[127.20913252907371,36.215501945441325],[127.21812573271096,36.215501945441325],[127.21812573271096,36.20650874180408],[127.20913252907371,36.20650874180408]]]}},{"type":"Feature","properties":{"jobs":726,"pop":24,"pointCount":2,"homeWorkCommuteMedian":5335,"workHomeCommuteMedian":5312},"geometry":{"type":"Polygon","coordinates":[[[127.20913252907371,36.215501945441325],[127.20913252907371,36.22449514907857],[127.21812573271096,36.22449514907857],[127.21812573271096,36.215501945441325],[127.20913252907371,36.215501945441325]]]}},{"type":"Feature","properties":{"jobs":577,"pop":53,"pointCount":1,"homeWorkCommuteMedian":7027,"workHomeCommuteMedian":7027},"geometry":{"type":"Polygon","coordinates":[[[127.20913252907371,36.260467963627555],[127.20913252907371,36.2694611672648],[127.21812573271096,36.2694611672648],[127.21812573271096,36.260467963627555],[127.20913252907371,36.260467963627555]]]}},{"type":"Feature","properties":{"jobs":705,"pop":200,"pointCount":1,"homeWorkCommuteMedian":35100,"workHomeCommuteMedian":-1},"geometry":{"type":"Polygon","coordinates":[[[127.20913252907371,36.386372814549],[127.20913252907371,36.395366018186245],[127.21812573271096,36.395366018186245],[127.21812573271096,36.386372814549],[127.20913252907371,36.386372814549]]]}},{"type":"Feature","properties":{"jobs":344,"pop":0,"pointCount":1,"homeWorkCommuteMedian":-1,"workHomeCommuteMedian":5847},"geometry":{"type":"Polygon","coordinates":[[[127.20913252907371,36.40435922182349],[127.20913252907371,36.41335242546074],[127.21812573271096,36.41335242546074],[127.21812573271096,36.40435922182349],[127.20913252907371,36.40435922182349]]]}},{"type":"Feature","properties":{"jobs":1360,"pop":148,"pointCount":1,"homeWorkCommuteMedian":8728,"workHomeCommuteMedian":8185},"geometry":{"type":"Polygon","coordinates":[[[127.20913252907371,36.485298054558704],[127.20913252907371,36.49429125819595],[127.21812573271096,36.49429125819595],[127.21812573271096,36.485298054558704],[127.20913252907371,36.485298054558704]]]}},{"type":"Feature","properties":{"jobs":3235,"pop":440,"pointCount":2,"homeWorkCommuteMedian":7611,"workHomeCommuteMedian":7300},"geometry":{"type":"Polygon","coordinates":[[[127.20913252907371,36.49429125819595],[127.20913252907371,36.503284461833196],[127.21812573271096,36.503284461833196],[127.21812573271096,36.49429125819595],[127.20913252907371,36.49429125819595]]]}},{"type":"Feature","properties":{"jobs":346,"pop":73,"pointCount":1,"homeWorkCommuteMedian":30978,"workHomeCommuteMedian":-1},"geometry":{"type":"Polygon","coordinates":[[[127.21812573271096,36.19751553816683],[127.21812573271096,36.20650874180408],[127.2271189363482,36.20650874180408],[127.2271189363482,36.19751553816683],[127.21812573271096,36.19751553816683]]]}},{"type":"Feature","properties":{"jobs":458,"pop":0,"pointCount":1,"homeWorkCommuteMedian":-1,"workHomeCommuteMedian":4326},"geometry":{"type":"Polygon","coordinates":[[[127.21812573271096,36.20650874180408],[127.21812573271096,36.215501945441325],[127.2271189363482,36.215501945441325],[127.2271189363482,36.20650874180408],[127.21812573271096,36.20650874180408]]]}},{"type":"Feature","properties":{"jobs":869,"pop":21819,"pointCount":2,"homeWorkCommuteMedian":5093,"workHomeCommuteMedian":5637},"geometry":{"type":"Polygon","coordinates":[[[127.21812573271096,36.27845437090205],[127.21812573271096,36.28744757453929],[127.2271189363482,36.28744757453929],[127.2271189363482,36.27845437090205],[127.21812573271096,36.27845437090205]]]}},{"type":"Feature","properties":{"jobs":9128,"pop":0,"pointCount":2,"homeWorkCommuteMedian":-1,"workHomeCommuteMedian":3227},"geometry":{"type":"Polygon","coordinates":[[[127.21812573271096,36.395366018186245],[127.21812573271096,36.40435922182349],[127.2271189363482,36.40435922182349],[127.2271189363482,36.395366018186245],[127.21812573271096,36.395366018186245]]]}},{"type":"Feature","properties":{"jobs":333,"pop":0,"pointCount":1,"homeWorkCommuteMedian":-1,"workHomeCommuteMedian":5432},"geometry":{"type":"Polygon","coordinates":[[[127.21812573271096,36.41335242546074],[127.21812573271096,36.42234562909798],[127.2271189363482,36.42234562909798],[127.2271189363482,36.41335242546074],[127.21812573271096,36.41335242546074]]]}},{"type":"Feature","properties":{"jobs":101,"pop":0,"pointCount":1,"homeWorkCommuteMedian":-1,"workHomeCommuteMedian":12191},"geometry":{"type":"Polygon","coordinates":[[[127.21812573271096,36.42234562909798],[127.21812573271096,36.43133883273523],[127.2271189363482,36.43133883273523],[127.2271189363482,36.42234562909798],[127.21812573271096,36.42234562909798]]]}},{"type":"Feature","properties":{"jobs":233,"pop":199,"pointCount":1,"homeWorkCommuteMedian":31197,"workHomeCommuteMedian":-1},"geometry":{"type":"Polygon","coordinates":[[[127.21812573271096,36.440332036372475],[127.21812573271096,36.44932524000972],[127.2271189363482,36.44932524000972],[127.2271189363482,36.440332036372475],[127.21812573271096,36.440332036372475]]]}},{"type":"Feature","properties":{"jobs":7822,"pop":2171,"pointCount":3,"homeWorkCommuteMedian":6074,"workHomeCommuteMedian":6442},"geometry":{"type":"Polygon","coordinates":[[[127.21812573271096,36.49429125819595],[127.21812573271096,36.503284461833196],[127.2271189363482,36.503284461833196],[127.2271189363482,36.49429125819595],[127.21812573271096,36.49429125819595]]]}},{"type":"Feature","properties":{"jobs":3047,"pop":762,"pointCount":1,"homeWorkCommuteMedian":5090,"workHomeCommuteMedian":5413},"geometry":{"type":"Polygon","coordinates":[[[127.21812573271096,36.503284461833196],[127.21812573271096,36.51227766547044],[127.2271189363482,36.51227766547044],[127.2271189363482,36.503284461833196],[127.21812573271096,36.503284461833196]]]}},{"type":"Feature","properties":{"jobs":4097,"pop":1222,"pointCount":1,"homeWorkCommuteMedian":6332,"workHomeCommuteMedian":6332},"geometry":{"type":"Polygon","coordinates":[[[127.21812573271096,36.51227766547044],[127.21812573271096,36.52127086910769],[127.2271189363482,36.52127086910769],[127.2271189363482,36.51227766547044],[127.21812573271096,36.51227766547044]]]}},{"type":"Feature","properties":{"jobs":2761,"pop":773,"pointCount":1,"homeWorkCommuteMedian":4077,"workHomeCommuteMedian":4077},"geometry":{"type":"Polygon","coordinates":[[[127.2271189363482,36.2694611672648],[127.2271189363482,36.27845437090205],[127.23611213998545,36.27845437090205],[127.23611213998545,36.2694611672648],[127.2271189363482,36.2694611672648]]]}},{"type":"Feature","properties":{"jobs":28050,"pop":7883,"pointCount":4,"homeWorkCommuteMedian":4077,"workHomeCommuteMedian":4678},"geometry":{"type":"Polygon","coordinates":[[[127.2271189363482,36.27845437090205],[127.2271189363482,36.28744757453929],[127.23611213998545,36.28744757453929],[127.23611213998545,36.27845437090205],[127.2271189363482,36.27845437090205]]]}},{"type":"Feature","properties":{"jobs":2765,"pop":570,"pointCount":3,"homeWorkCommuteMedian":4365,"workHomeCommuteMedian":4383},"geometry":{"type":"Polygon","coordinates":[[[127.2271189363482,36.28744757453929],[127.2271189363482,36.29644077817654],[127.23611213998545,36.29644077817654],[127.23611213998545,36.28744757453929],[127.2271189363482,36.28744757453929]]]}},{"type":"Feature","properties":{"jobs":3,"pop":0,"pointCount":1,"homeWorkCommuteMedian":-1,"workHomeCommuteMedian":31845},"geometry":{"type":"Polygon","coordinates":[[[127.2271189363482,36.305433981813785],[127.2271189363482,36.31442718545103],[127.23611213998545,36.31442718545103],[127.23611213998545,36.305433981813785],[127.2271189363482,36.305433981813785]]]}},{"type":"Feature","properties":{"jobs":54,"pop":4161,"pointCount":1,"homeWorkCommuteMedian":6231,"workHomeCommuteMedian":-1},"geometry":{"type":"Polygon","coordinates":[[[127.2271189363482,36.32342038908828],[127.2271189363482,36.33241359272552],[127.23611213998545,36.33241359272552],[127.23611213998545,36.32342038908828],[127.2271189363482,36.32342038908828]]]}},{"type":"Feature","properties":{"jobs":365,"pop":0,"pointCount":2,"homeWorkCommuteMedian":-1,"workHomeCommuteMedian":8246},"geometry":{"type":"Polygon","coordinates":[[[127.2271189363482,36.350400000000015],[127.2271189363482,36.35939320363726],[127.23611213998545,36.35939320363726],[127.23611213998545,36.350400000000015],[127.2271189363482,36.350400000000015]]]}},{"type":"Feature","properties":{"jobs":8,"pop":0,"pointCount":1,"homeWorkCommuteMedian":-1,"workHomeCommuteMedian":29890},"geometry":{"type":"Polygon","coordinates":[[[127.2271189363482,36.46731164728421],[127.2271189363482,36.47630485092146],[127.23611213998545,36.47630485092146],[127.23611213998545,36.46731164728421],[127.2271189363482,36.46731164728421]]]}},{"type":"Feature","properties":{"jobs":7424,"pop":641,"pointCount":3,"homeWorkCommuteMedian":4825,"workHomeCommuteMedian":3538},"geometry":{"type":"Polygon","coordinates":[[[127.2271189363482,36.49429125819595],[127.2271189363482,36.503284461833196],[127.23611213998545,36.503284461833196],[127.23611213998545,36.49429125819595],[127.2271189363482,36.49429125819595]]]}},{"type":"Feature","properties":{"jobs":21598,"pop":3992,"pointCount":10,"homeWorkCommuteMedian":4691,"workHomeCommuteMedian":4133},"geometry":{"type":"Polygon","coordinates":[[[127.2271189363482,36.503284461833196],[127.2271189363482,36.51227766547044],[127.23611213998545,36.51227766547044],[127.23611213998545,36.503284461833196],[127.2271189363482,36.503284461833196]]]}},{"type":"Feature","properties":{"jobs":27909,"pop":5396,"pointCount":14,"homeWorkCommuteMedian":4253,"workHomeCommuteMedian":4148},"geometry":{"type":"Polygon","coordinates":[[[127.2271189363482,36.51227766547044],[127.2271189363482,36.52127086910769],[127.23611213998545,36.52127086910769],[127.23611213998545,36.51227766547044],[127.2271189363482,36.51227766547044]]]}},{"type":"Feature","properties":{"jobs":1036,"pop":488,"pointCount":1,"homeWorkCommuteMedian":2981,"workHomeCommuteMedian":3236},"geometry":{"type":"Polygon","coordinates":[[[127.23611213998545,36.2694611672648],[127.23611213998545,36.27845437090205],[127.2451053436227,36.27845437090205],[127.2451053436227,36.2694611672648],[127.23611213998545,36.2694611672648]]]}},{"type":"Feature","properties":{"jobs":25930,"pop":3157,"pointCount":7,"homeWorkCommuteMedian":3793,"workHomeCommuteMedian":2968},"geometry":{"type":"Polygon","coordinates":[[[127.23611213998545,36.27845437090205],[127.23611213998545,36.28744757453929],[127.2451053436227,36.28744757453929],[127.2451053436227,36.27845437090205],[127.23611213998545,36.27845437090205]]]}},{"type":"Feature","properties":{"jobs":12309,"pop":2768,"pointCount":6,"homeWorkCommuteMedian":4204,"workHomeCommuteMedian":3881},"geometry":{"type":"Polygon","coordinates":[[[127.23611213998545,36.28744757453929],[127.23611213998545,36.29644077817654],[127.2451053436227,36.29644077817654],[127.2451053436227,36.28744757453929],[127.23611213998545,36.28744757453929]]]}},{"type":"Feature","properties":{"jobs":22794,"pop":5522,"pointCount":5,"homeWorkCommuteMedian":3127,"workHomeCommuteMedian":4343},"geometry":{"type":"Polygon","coordinates":[[[127.23611213998545,36.29644077817654],[127.23611213998545,36.305433981813785],[127.2451053436227,36.305433981813785],[127.2451053436227,36.29644077817654],[127.23611213998545,36.29644077817654]]]}},{"type":"Feature","properties":{"jobs":43,"pop":0,"pointCount":1,"homeWorkCommuteMedian":-1,"workHomeCommuteMedian":20094},"geometry":{"type":"Polygon","coordinates":[[[127.23611213998545,36.35939320363726],[127.23611213998545,36.36838640727451],[127.2451053436227,36.36838640727451],[127.2451053436227,36.35939320363726],[127.23611213998545,36.35939320363726]]]}},{"type":"Feature","properties":{"jobs":17834,"pop":0,"pointCount":2,"homeWorkCommuteMedian":-1,"workHomeCommuteMedian":5745},"geometry":{"type":"Polygon","coordinates":[[[127.23611213998545,36.36838640727451],[127.23611213998545,36.37737961091175],[127.2451053436227,36.37737961091175],[127.2451053436227,36.36838640727451],[127.23611213998545,36.36838640727451]]]}},{"type":"Feature","properties":{"jobs":567,"pop":122889,"pointCount":1,"homeWorkCommuteMedian":6602,"workHomeCommuteMedian":-1},"geometry":{"type":"Polygon","coordinates":[[[127.23611213998545,36.37737961091175],[127.23611213998545,36.386372814549],[127.2451053436227,36.386372814549],[127.2451053436227,36.37737961091175],[127.23611213998545,36.37737961091175]]]}},{"type":"Feature","properties":{"jobs":21,"pop":0,"pointCount":2,"homeWorkCommuteMedian":-1,"workHomeCommuteMedian":3477},"geometry":{"type":"Polygon","coordinates":[[[127.23611213998545,36.395366018186245],[127.23611213998545,36.40435922182349],[127.2451053436227,36.40435922182349],[127.2451053436227,36.395366018186245],[127.23611213998545,36.395366018186245]]]}},{"type":"Feature","properties":{"jobs":7718,"pop":0,"pointCount":1,"homeWorkCommuteMedian":-1,"workHomeCommuteMedian":6017},"geometry":{"type":"Polygon","coordinates":[[[127.23611213998545,36.40435922182349],[127.23611213998545,36.41335242546074],[127.2451053436227,36.41335242546074],[127.2451053436227,36.40435922182349],[127.23611213998545,36.40435922182349]]]}},{"type":"Feature","properties":{"jobs":887,"pop":103,"pointCount":1,"homeWorkCommuteMedian":13532,"workHomeCommuteMedian":19895},"geometry":{"type":"Polygon","coordinates":[[[127.23611213998545,36.47630485092146],[127.23611213998545,36.485298054558704],[127.2451053436227,36.485298054558704],[127.2451053436227,36.47630485092146],[127.23611213998545,36.47630485092146]]]}},{"type":"Feature","properties":{"jobs":13674,"pop":2328,"pointCount":8,"homeWorkCommuteMedian":4820,"workHomeCommuteMedian":4190},"geometry":{"type":"Polygon","coordinates":[[[127.23611213998545,36.485298054558704],[127.23611213998545,36.49429125819595],[127.2451053436227,36.49429125819595],[127.2451053436227,36.485298054558704],[127.23611213998545,36.485298054558704]]]}},{"type":"Feature","properties":{"jobs":29627,"pop":2960,"pointCount":11,"homeWorkCommuteMedian":4253,"workHomeCommuteMedian":3955},"geometry":{"type":"Polygon","coordinates":[[[127.23611213998545,36.49429125819595],[127.23611213998545,36.503284461833196],[127.2451053436227,36.503284461833196],[127.2451053436227,36.49429125819595],[127.23611213998545,36.49429125819595]]]}},{"type":"Feature","properties":{"jobs":37507,"pop":2504,"pointCount":10,"homeWorkCommuteMedian":3912,"workHomeCommuteMedian":3450},"geometry":{"type":"Polygon","coordinates":[[[127.23611213998545,36.503284461833196],[127.23611213998545,36.51227766547044],[127.2451053436227,36.51227766547044],[127.2451053436227,36.503284461833196],[127.23611213998545,36.503284461833196]]]}},{"type":"Feature","properties":{"jobs":50261,"pop":76400,"pointCount":11,"homeWorkCommuteMedian":3319,"workHomeCommuteMedian":3312},"geometry":{"type":"Polygon","coordinates":[[[127.23611213998545,36.51227766547044],[127.23611213998545,36.52127086910769],[127.2451053436227,36.52127086910769],[127.2451053436227,36.51227766547044],[127.23611213998545,36.51227766547044]]]}},{"type":"Feature","properties":{"jobs":4917,"pop":1824,"pointCount":2,"homeWorkCommuteMedian":4669,"workHomeCommuteMedian":4638},"geometry":{"type":"Polygon","coordinates":[[[127.2451053436227,36.260467963627555],[127.2451053436227,36.2694611672648],[127.25409854725994,36.2694611672648],[127.25409854725994,36.260467963627555],[127.2451053436227,36.260467963627555]]]}},{"type":"Feature","properties":{"jobs":15845,"pop":47037,"pointCount":8,"homeWorkCommuteMedian":2709,"workHomeCommuteMedian":3226},"geometry":{"type":"Polygon","coordinates":[[[127.2451053436227,36.2694611672648],[127.2451053436227,36.27845437090205],[127.25409854725994,36.27845437090205],[127.25409854725994,36.2694611672648],[127.2451053436227,36.2694611672648]]]}},{"type":"Feature","properties":{"jobs":228,"pop":0,"pointCount":1,"homeWorkCommuteMedian":-1,"workHomeCommuteMedian":7482},"geometry":{"type":"Polygon","coordinates":[[[127.2451053436227,36.27845437090205],[127.2451053436227,36.28744757453929],[127.25409854725994,36.28744757453929],[127.25409854725994,36.27845437090205],[127.2451053436227,36.27845437090205]]]}},{"type":"Feature","properties":{"jobs":6240,"pop":20,"pointCount":3,"homeWorkCommuteMedian":4875,"workHomeCommuteMedian":4837},"geometry":{"type":"Polygon","coordinates":[[[127.2451053436227,36.28744757453929],[127.2451053436227,36.29644077817654],[127.25409854725994,36.29644077817654],[127.25409854725994,36.28744757453929],[127.2451053436227,36.28744757453929]]]}},{"type":"Feature","properties":{"jobs":12240,"pop":2059,"pointCount":4,"homeWorkCommuteMedian":3664,"workHomeCommuteMedian":4587},"geometry":{"type":"Polygon","coordinates":[[[127.2451053436227,36.29644077817654],[127.2451053436227,36.305433981813785],[127.25409854725994,36.305433981813785],[127.25409854725994,36.29644077817654],[127.2451053436227,36.29644077817654]]]}},{"type":"Feature","properties":{"jobs":1547,"pop":195,"pointCount":1,"homeWorkCommuteMedian":20526,"workHomeCommuteMedian":-1},"geometry":{"type":"Polygon","coordinates":[[[127.2451053436227,36.35939320363726],[127.2451053436227,36.36838640727451],[127.25409854725994,36.36838640727451],[127.25409854725994,36.35939320363726],[127.2451053436227,36.35939320363726]]]}},{"type":"Feature","properties":{"jobs":11199,"pop":0,"pointCount":3,"homeWorkCommuteMedian":-1,"workHomeCommuteMedian":7648},"geometry":{"type":"Polygon","coordinates":[[[127.2451053436227,36.36838640727451],[127.2451053436227,36.37737961091175],[127.25409854725994,36.37737961091175],[127.25409854725994,36.36838640727451],[127.2451053436227,36.36838640727451]]]}},{"type":"Feature","properties":{"jobs":375,"pop":0,"pointCount":1,"homeWorkCommuteMedian":-1,"workHomeCommuteMedian":11707},"geometry":{"type":"Polygon","coordinates":[[[127.2451053436227,36.37737961091175],[127.2451053436227,36.386372814549],[127.25409854725994,36.386372814549],[127.25409854725994,36.37737961091175],[127.2451053436227,36.37737961091175]]]}},{"type":"Feature","properties":{"jobs":11158,"pop":0,"pointCount":1,"homeWorkCommuteMedian":-1,"workHomeCommuteMedian":7601},"geometry":{"type":"Polygon","coordinates":[[[127.2451053436227,36.386372814549],[127.2451053436227,36.395366018186245],[127.25409854725994,36.395366018186245],[127.25409854725994,36.386372814549],[127.2451053436227,36.386372814549]]]}},{"type":"Feature","properties":{"jobs":1719,"pop":183,"pointCount":1,"homeWorkCommuteMedian":22211,"workHomeCommuteMedian":23066},"geometry":{"type":"Polygon","coordinates":[[[127.2451053436227,36.395366018186245],[127.2451053436227,36.40435922182349],[127.25409854725994,36.40435922182349],[127.25409854725994,36.395366018186245],[127.2451053436227,36.395366018186245]]]}},{"type":"Feature","properties":{"jobs":12500,"pop":0,"pointCount":1,"homeWorkCommuteMedian":-1,"workHomeCommuteMedian":13241},"geometry":{"type":"Polygon","coordinates":[[[127.2451053436227,36.40435922182349],[127.2451053436227,36.41335242546074],[127.25409854725994,36.41335242546074],[127.25409854725994,36.40435922182349],[127.2451053436227,36.40435922182349]]]}},{"type":"Feature","properties":{"jobs":11722,"pop":0,"pointCount":1,"homeWorkCommuteMedian":-1,"workHomeCommuteMedian":6602},"geometry":{"type":"Polygon","coordinates":[[[127.2451053436227,36.41335242546074],[127.2451053436227,36.42234562909798],[127.25409854725994,36.42234562909798],[127.25409854725994,36.41335242546074],[127.2451053436227,36.41335242546074]]]}},{"type":"Feature","properties":{"jobs":30921,"pop":0,"pointCount":3,"homeWorkCommuteMedian":-1,"workHomeCommuteMedian":6737},"geometry":{"type":"Polygon","coordinates":[[[127.2451053436227,36.42234562909798],[127.2451053436227,36.43133883273523],[127.25409854725994,36.43133883273523],[127.25409854725994,36.42234562909798],[127.2451053436227,36.42234562909798]]]}},{"type":"Feature","properties":{"jobs":24196,"pop":44512,"pointCount":6,"homeWorkCommuteMedian":6049,"workHomeCommuteMedian":8029},"geometry":{"type":"Polygon","coordinates":[[[127.2451053436227,36.46731164728421],[127.2451053436227,36.47630485092146],[127.25409854725994,36.47630485092146],[127.25409854725994,36.46731164728421],[127.2451053436227,36.46731164728421]]]}},{"type":"Feature","properties":{"jobs":33098,"pop":6913,"pointCount":10,"homeWorkCommuteMedian":4900,"workHomeCommuteMedian":4855},"geometry":{"type":"Polygon","coordinates":[[[127.2451053436227,36.47630485092146],[127.2451053436227,36.485298054558704],[127.25409854725994,36.485298054558704],[127.25409854725994,36.47630485092146],[127.2451053436227,36.47630485092146]]]}},{"type":"Feature","properties":{"jobs":32806,"pop":70854,"pointCount":15,"homeWorkCommuteMedian":3687,"workHomeCommuteMedian":3857},"geometry":{"type":"Polygon","coordinates":[[[127.2451053436227,36.485298054558704],[127.2451053436227,36.49429125819595],[127.25409854725994,36.49429125819595],[127.25409854725994,36.485298054558704],[127.2451053436227,36.485298054558704]]]}},{"type":"Feature","properties":{"jobs":46768,"pop":65867,"pointCount":14,"homeWorkCommuteMedian":3571,"workHomeCommuteMedian":2880},"geometry":{"type":"Polygon","coordinates":[[[127.2451053436227,36.49429125819595],[127.2451053436227,36.503284461833196],[127.25409854725994,36.503284461833196],[127.25409854725994,36.49429125819595],[127.2451053436227,36.49429125819595]]]}},{"type":"Feature","properties":{"jobs":35376,"pop":64364,"pointCount":8,"homeWorkCommuteMedian":2627,"workHomeCommuteMedian":2713},"geometry":{"type":"Polygon","coordinates":[[[127.2451053436227,36.503284461833196],[127.2451053436227,36.51227766547044],[127.25409854725994,36.51227766547044],[127.25409854725994,36.503284461833196],[127.2451053436227,36.503284461833196]]]}},{"type":"Feature","properties":{"jobs":63525,"pop":50268,"pointCount":16,"homeWorkCommuteMedian":2625,"workHomeCommuteMedian":2528},"geometry":{"type":"Polygon","coordinates":[[[127.2451053436227,36.51227766547044],[127.2451053436227,36.52127086910769],[127.25409854725994,36.52127086910769],[127.25409854725994,36.51227766547044],[127.2451053436227,36.51227766547044]]]}},{"type":"Feature","properties":{"jobs":19852,"pop":21975,"pointCount":5,"homeWorkCommuteMedian":2673,"workHomeCommuteMedian":2582},"geometry":{"type":"Polygon","coordinates":[[[127.25409854725994,36.25147475999031],[127.25409854725994,36.260467963627555],[127.26309175089719,36.260467963627555],[127.26309175089719,36.25147475999031],[127.25409854725994,36.25147475999031]]]}},{"type":"Feature","properties":{"jobs":29264,"pop":6383,"pointCount":8,"homeWorkCommuteMedian":4881,"workHomeCommuteMedian":3765},"geometry":{"type":"Polygon","coordinates":[[[127.25409854725994,36.260467963627555],[127.25409854725994,36.2694611672648],[127.26309175089719,36.2694611672648],[127.26309175089719,36.260467963627555],[127.25409854725994,36.260467963627555]]]}},{"type":"Feature","properties":{"jobs":14164,"pop":226,"pointCount":4,"homeWorkCommuteMedian":3643,"workHomeCommuteMedian":3875},"geometry":{"type":"Polygon","coordinates":[[[127.25409854725994,36.2694611672648],[127.25409854725994,36.27845437090205],[127.26309175089719,36.27845437090205],[127.26309175089719,36.2694611672648],[127.25409854725994,36.2694611672648]]]}},{"type":"Feature","properties":{"jobs":305,"pop":0,"pointCount":1,"homeWorkCommuteMedian":-1,"workHomeCommuteMedian":4860},"geometry":{"type":"Polygon","coordinates":[[[127.25409854725994,36.28744757453929],[127.25409854725994,36.29644077817654],[127.26309175089719,36.29644077817654],[127.26309175089719,36.28744757453929],[127.25409854725994,36.28744757453929]]]}},{"type":"Feature","properties":{"jobs":16869,"pop":0,"pointCount":2,"homeWorkCommuteMedian":-1,"workHomeCommuteMedian":6826},"geometry":{"type":"Polygon","coordinates":[[[127.25409854725994,36.35939320363726],[127.25409854725994,36.36838640727451],[127.26309175089719,36.36838640727451],[127.26309175089719,36.35939320363726],[127.25409854725994,36.35939320363726]]]}},{"type":"Feature","properties":{"jobs":6612,"pop":0,"pointCount":9,"homeWorkCommuteMedian":-1,"workHomeCommuteMedian":7853},"geometry":{"type":"Polygon","coordinates":[[[127.25409854725994,36.36838640727451],[127.25409854725994,36.37737961091175],[127.26309175089719,36.37737961091175],[127.26309175089719,36.36838640727451],[127.25409854725994,36.36838640727451]]]}},{"type":"Feature","properties":{"jobs":2875,"pop":0,"pointCount":2,"homeWorkCommuteMedian":-1,"workHomeCommuteMedian":8080},"geometry":{"type":"Polygon","coordinates":[[[127.25409854725994,36.37737961091175],[127.25409854725994,36.386372814549],[127.26309175089719,36.386372814549],[127.26309175089719,36.37737961091175],[127.25409854725994,36.37737961091175]]]}},{"type":"Feature","properties":{"jobs":12500,"pop":0,"pointCount":1,"homeWorkCommuteMedian":-1,"workHomeCommuteMedian":11689},"geometry":{"type":"Polygon","coordinates":[[[127.25409854725994,36.386372814549],[127.25409854725994,36.395366018186245],[127.26309175089719,36.395366018186245],[127.26309175089719,36.386372814549],[127.25409854725994,36.386372814549]]]}},{"type":"Feature","properties":{"jobs":12500,"pop":0,"pointCount":1,"homeWorkCommuteMedian":-1,"workHomeCommuteMedian":10493},"geometry":{"type":"Polygon","coordinates":[[[127.25409854725994,36.395366018186245],[127.25409854725994,36.40435922182349],[127.26309175089719,36.40435922182349],[127.26309175089719,36.395366018186245],[127.25409854725994,36.395366018186245]]]}},{"type":"Feature","properties":{"jobs":1590,"pop":198,"pointCount":1,"homeWorkCommuteMedian":29596,"workHomeCommuteMedian":-1},"geometry":{"type":"Polygon","coordinates":[[[127.25409854725994,36.40435922182349],[127.25409854725994,36.41335242546074],[127.26309175089719,36.41335242546074],[127.26309175089719,36.40435922182349],[127.25409854725994,36.40435922182349]]]}},{"type":"Feature","properties":{"jobs":16783,"pop":1234,"pointCount":4,"homeWorkCommuteMedian":5798,"workHomeCommuteMedian":4904},"geometry":{"type":"Polygon","coordinates":[[[127.25409854725994,36.46731164728421],[127.25409854725994,36.47630485092146],[127.26309175089719,36.47630485092146],[127.26309175089719,36.46731164728421],[127.25409854725994,36.46731164728421]]]}},{"type":"Feature","properties":{"jobs":28473,"pop":3975,"pointCount":13,"homeWorkCommuteMedian":4944,"workHomeCommuteMedian":4150},"geometry":{"type":"Polygon","coordinates":[[[127.25409854725994,36.47630485092146],[127.25409854725994,36.485298054558704],[127.26309175089719,36.485298054558704],[127.26309175089719,36.47630485092146],[127.25409854725994,36.47630485092146]]]}},{"type":"Feature","properties":{"jobs":51237,"pop":10974,"pointCount":10,"homeWorkCommuteMedian":4383,"workHomeCommuteMedian":3720},"geometry":{"type":"Polygon","coordinates":[[[127.25409854725994,36.485298054558704],[127.25409854725994,36.49429125819595],[127.26309175089719,36.49429125819595],[127.26309175089719,36.485298054558704],[127.25409854725994,36.485298054558704]]]}},{"type":"Feature","properties":{"jobs":73530,"pop":8743,"pointCount":14,"homeWorkCommuteMedian":4422,"workHomeCommuteMedian":3989},"geometry":{"type":"Polygon","coordinates":[[[127.25409854725994,36.49429125819595],[127.25409854725994,36.503284461833196],[127.26309175089719,36.503284461833196],[127.26309175089719,36.49429125819595],[127.25409854725994,36.49429125819595]]]}},{"type":"Feature","properties":{"jobs":99685,"pop":34711,"pointCount":9,"homeWorkCommuteMedian":6597,"workHomeCommuteMedian":5281},"geometry":{"type":"Polygon","coordinates":[[[127.25409854725994,36.503284461833196],[127.25409854725994,36.51227766547044],[127.26309175089719,36.51227766547044],[127.26309175089719,36.503284461833196],[127.25409854725994,36.503284461833196]]]}},{"type":"Feature","properties":{"jobs":68528,"pop":81132,"pointCount":11,"homeWorkCommuteMedian":4253,"workHomeCommuteMedian":5428},"geometry":{"type":"Polygon","coordinates":[[[127.25409854725994,36.51227766547044],[127.25409854725994,36.52127086910769],[127.26309175089719,36.52127086910769],[127.26309175089719,36.51227766547044],[127.25409854725994,36.51227766547044]]]}},{"type":"Feature","properties":{"jobs":778,"pop":226,"pointCount":1,"homeWorkCommuteMedian":24908,"workHomeCommuteMedian":9605},"geometry":{"type":"Polygon","coordinates":[[[127.26309175089719,36.20650874180408],[127.26309175089719,36.215501945441325],[127.27208495453444,36.215501945441325],[127.27208495453444,36.20650874180408],[127.26309175089719,36.20650874180408]]]}},{"type":"Feature","properties":{"jobs":3002,"pop":0,"pointCount":2,"homeWorkCommuteMedian":-1,"workHomeCommuteMedian":4018},"geometry":{"type":"Polygon","coordinates":[[[127.26309175089719,36.24248155635306],[127.26309175089719,36.25147475999031],[127.27208495453444,36.25147475999031],[127.27208495453444,36.24248155635306],[127.26309175089719,36.24248155635306]]]}},{"type":"Feature","properties":{"jobs":393,"pop":0,"pointCount":2,"homeWorkCommuteMedian":-1,"workHomeCommuteMedian":3825},"geometry":{"type":"Polygon","coordinates":[[[127.26309175089719,36.25147475999031],[127.26309175089719,36.260467963627555],[127.27208495453444,36.260467963627555],[127.27208495453444,36.25147475999031],[127.26309175089719,36.25147475999031]]]}},{"type":"Feature","properties":{"jobs":9736,"pop":3518,"pointCount":2,"homeWorkCommuteMedian":4925,"workHomeCommuteMedian":4991},"geometry":{"type":"Polygon","coordinates":[[[127.26309175089719,36.260467963627555],[127.26309175089719,36.2694611672648],[127.27208495453444,36.2694611672648],[127.27208495453444,36.260467963627555],[127.26309175089719,36.260467963627555]]]}},{"type":"Feature","properties":{"jobs":16997,"pop":501,"pointCount":6,"homeWorkCommuteMedian":4448,"workHomeCommuteMedian":2709},"geometry":{"type":"Polygon","coordinates":[[[127.26309175089719,36.2694611672648],[127.26309175089719,36.27845437090205],[127.27208495453444,36.27845437090205],[127.27208495453444,36.2694611672648],[127.26309175089719,36.2694611672648]]]}},{"type":"Feature","properties":{"jobs":4383,"pop":981,"pointCount":3,"homeWorkCommuteMedian":11884,"workHomeCommuteMedian":11188},"geometry":{"type":"Polygon","coordinates":[[[127.26309175089719,36.28744757453929],[127.26309175089719,36.29644077817654],[127.27208495453444,36.29644077817654],[127.27208495453444,36.28744757453929],[127.26309175089719,36.28744757453929]]]}},{"type":"Feature","properties":{"jobs":1392,"pop":146,"pointCount":1,"homeWorkCommuteMedian":13803,"workHomeCommuteMedian":14983},"geometry":{"type":"Polygon","coordinates":[[[127.26309175089719,36.29644077817654],[127.26309175089719,36.305433981813785],[127.27208495453444,36.305433981813785],[127.27208495453444,36.29644077817654],[127.26309175089719,36.29644077817654]]]}},{"type":"Feature","properties":{"jobs":8255,"pop":2824,"pointCount":2,"homeWorkCommuteMedian":13576,"workHomeCommuteMedian":13127},"geometry":{"type":"Polygon","coordinates":[[[127.26309175089719,36.305433981813785],[127.26309175089719,36.31442718545103],[127.27208495453444,36.31442718545103],[127.27208495453444,36.305433981813785],[127.26309175089719,36.305433981813785]]]}},{"type":"Feature","properties":{"jobs":10882,"pop":0,"pointCount":2,"homeWorkCommuteMedian":-1,"workHomeCommuteMedian":7491},"geometry":{"type":"Polygon","coordinates":[[[127.26309175089719,36.350400000000015],[127.26309175089719,36.35939320363726],[127.27208495453444,36.35939320363726],[127.27208495453444,36.350400000000015],[127.26309175089719,36.350400000000015]]]}},{"type":"Feature","properties":{"jobs":26510,"pop":0,"pointCount":3,"homeWorkCommuteMedian":-1,"workHomeCommuteMedian":5880},"geometry":{"type":"Polygon","coordinates":[[[127.26309175089719,36.35939320363726],[127.26309175089719,36.36838640727451],[127.27208495453444,36.36838640727451],[127.27208495453444,36.35939320363726],[127.26309175089719,36.35939320363726]]]}},{"type":"Feature","properties":{"jobs":11679,"pop":0,"pointCount":4,"homeWorkCommuteMedian":-1,"workHomeCommuteMedian":8138},"geometry":{"type":"Polygon","coordinates":[[[127.26309175089719,36.36838640727451],[127.26309175089719,36.37737961091175],[127.27208495453444,36.37737961091175],[127.27208495453444,36.36838640727451],[127.26309175089719,36.36838640727451]]]}},{"type":"Feature","properties":{"jobs":9915,"pop":0,"pointCount":1,"homeWorkCommuteMedian":-1,"workHomeCommuteMedian":11604},"geometry":{"type":"Polygon","coordinates":[[[127.26309175089719,36.37737961091175],[127.26309175089719,36.386372814549],[127.27208495453444,36.386372814549],[127.27208495453444,36.37737961091175],[127.26309175089719,36.37737961091175]]]}},{"type":"Feature","properties":{"jobs":41007,"pop":0,"pointCount":4,"homeWorkCommuteMedian":-1,"workHomeCommuteMedian":10493},"geometry":{"type":"Polygon","coordinates":[[[127.26309175089719,36.386372814549],[127.26309175089719,36.395366018186245],[127.27208495453444,36.395366018186245],[127.27208495453444,36.386372814549],[127.26309175089719,36.386372814549]]]}},{"type":"Feature","properties":{"jobs":10944,"pop":0,"pointCount":1,"homeWorkCommuteMedian":-1,"workHomeCommuteMedian":4741},"geometry":{"type":"Polygon","coordinates":[[[127.26309175089719,36.395366018186245],[127.26309175089719,36.40435922182349],[127.27208495453444,36.40435922182349],[127.27208495453444,36.395366018186245],[127.26309175089719,36.395366018186245]]]}},{"type":"Feature","properties":{"jobs":3623,"pop":0,"pointCount":1,"homeWorkCommuteMedian":-1,"workHomeCommuteMedian":11695},"geometry":{"type":"Polygon","coordinates":[[[127.26309175089719,36.41335242546074],[127.26309175089719,36.42234562909798],[127.27208495453444,36.42234562909798],[127.27208495453444,36.41335242546074],[127.26309175089719,36.41335242546074]]]}},{"type":"Feature","properties":{"jobs":25804,"pop":451,"pointCount":2,"homeWorkCommuteMedian":13164,"workHomeCommuteMedian":7885},"geometry":{"type":"Polygon","coordinates":[[[127.26309175089719,36.43133883273523],[127.26309175089719,36.440332036372475],[127.27208495453444,36.440332036372475],[127.27208495453444,36.43133883273523],[127.26309175089719,36.43133883273523]]]}},{"type":"Feature","properties":{"jobs":1205,"pop":0,"pointCount":1,"homeWorkCommuteMedian":-1,"workHomeCommuteMedian":4148},"geometry":{"type":"Polygon","coordinates":[[[127.26309175089719,36.45831844364697],[127.26309175089719,36.46731164728421],[127.27208495453444,36.46731164728421],[127.27208495453444,36.45831844364697],[127.26309175089719,36.45831844364697]]]}},{"type":"Feature","properties":{"jobs":5358,"pop":0,"pointCount":1,"homeWorkCommuteMedian":-1,"workHomeCommuteMedian":18360},"geometry":{"type":"Polygon","coordinates":[[[127.26309175089719,36.46731164728421],[127.26309175089719,36.47630485092146],[127.27208495453444,36.47630485092146],[127.27208495453444,36.46731164728421],[127.26309175089719,36.46731164728421]]]}},{"type":"Feature","properties":{"jobs":16324,"pop":8561,"pointCount":7,"homeWorkCommuteMedian":4944,"workHomeCommuteMedian":4536},"geometry":{"type":"Polygon","coordinates":[[[127.26309175089719,36.485298054558704],[127.26309175089719,36.49429125819595],[127.27208495453444,36.49429125819595],[127.27208495453444,36.485298054558704],[127.26309175089719,36.485298054558704]]]}},{"type":"Feature","properties":{"jobs":28042,"pop":800,"pointCount":7,"homeWorkCommuteMedian":3731,"workHomeCommuteMedian":3752},"geometry":{"type":"Polygon","coordinates":[[[127.26309175089719,36.49429125819595],[127.26309175089719,36.503284461833196],[127.27208495453444,36.503284461833196],[127.27208495453444,36.49429125819595],[127.26309175089719,36.49429125819595]]]}},{"type":"Feature","properties":{"jobs":73631,"pop":54814,"pointCount":8,"homeWorkCommuteMedian":4773,"workHomeCommuteMedian":4820},"geometry":{"type":"Polygon","coordinates":[[[127.26309175089719,36.503284461833196],[127.26309175089719,36.51227766547044],[127.27208495453444,36.51227766547044],[127.27208495453444,36.503284461833196],[127.26309175089719,36.503284461833196]]]}},{"type":"Feature","properties":{"jobs":14073,"pop":7573,"pointCount":3,"homeWorkCommuteMedian":6234,"workHomeCommuteMedian":5594},"geometry":{"type":"Polygon","coordinates":[[[127.26309175089719,36.51227766547044],[127.26309175089719,36.52127086910769],[127.27208495453444,36.52127086910769],[127.27208495453444,36.51227766547044],[127.26309175089719,36.51227766547044]]]}},{"type":"Feature","properties":{"jobs":1944,"pop":20,"pointCount":2,"homeWorkCommuteMedian":6444,"workHomeCommuteMedian":4389},"geometry":{"type":"Polygon","coordinates":[[[127.27208495453444,36.260467963627555],[127.27208495453444,36.2694611672648],[127.28107815817168,36.2694611672648],[127.28107815817168,36.260467963627555],[127.27208495453444,36.260467963627555]]]}},{"type":"Feature","properties":{"jobs":4575,"pop":989,"pointCount":2,"homeWorkCommuteMedian":10395,"workHomeCommuteMedian":10311},"geometry":{"type":"Polygon","coordinates":[[[127.27208495453444,36.27845437090205],[127.27208495453444,36.28744757453929],[127.28107815817168,36.28744757453929],[127.28107815817168,36.27845437090205],[127.27208495453444,36.27845437090205]]]}},{"type":"Feature","properties":{"jobs":3481,"pop":526,"pointCount":2,"homeWorkCommuteMedian":10489,"workHomeCommuteMedian":13962},"geometry":{"type":"Polygon","coordinates":[[[127.27208495453444,36.28744757453929],[127.27208495453444,36.29644077817654],[127.28107815817168,36.29644077817654],[127.28107815817168,36.28744757453929],[127.27208495453444,36.28744757453929]]]}},{"type":"Feature","properties":{"jobs":14340,"pop":0,"pointCount":2,"homeWorkCommuteMedian":-1,"workHomeCommuteMedian":5074},"geometry":{"type":"Polygon","coordinates":[[[127.27208495453444,36.35939320363726],[127.27208495453444,36.36838640727451],[127.28107815817168,36.36838640727451],[127.28107815817168,36.35939320363726],[127.27208495453444,36.35939320363726]]]}},{"type":"Feature","properties":{"jobs":15998,"pop":0,"pointCount":2,"homeWorkCommuteMedian":-1,"workHomeCommuteMedian":5005},"geometry":{"type":"Polygon","coordinates":[[[127.27208495453444,36.36838640727451],[127.27208495453444,36.37737961091175],[127.28107815817168,36.37737961091175],[127.28107815817168,36.36838640727451],[127.27208495453444,36.36838640727451]]]}},{"type":"Feature","properties":{"jobs":8901,"pop":0,"pointCount":2,"homeWorkCommuteMedian":-1,"workHomeCommuteMedian":4440},"geometry":{"type":"Polygon","coordinates":[[[127.27208495453444,36.37737961091175],[127.27208495453444,36.386372814549],[127.28107815817168,36.386372814549],[127.28107815817168,36.37737961091175],[127.27208495453444,36.37737961091175]]]}},{"type":"Feature","properties":{"jobs":18119,"pop":0,"pointCount":2,"homeWorkCommuteMedian":-1,"workHomeCommuteMedian":11819},"geometry":{"type":"Polygon","coordinates":[[[127.27208495453444,36.386372814549],[127.27208495453444,36.395366018186245],[127.28107815817168,36.395366018186245],[127.28107815817168,36.386372814549],[127.27208495453444,36.386372814549]]]}},{"type":"Feature","properties":{"jobs":82,"pop":0,"pointCount":1,"homeWorkCommuteMedian":-1,"workHomeCommuteMedian":13471},"geometry":{"type":"Polygon","coordinates":[[[127.27208495453444,36.395366018186245],[127.27208495453444,36.40435922182349],[127.28107815817168,36.40435922182349],[127.28107815817168,36.395366018186245],[127.27208495453444,36.395366018186245]]]}},{"type":"Feature","properties":{"jobs":3629,"pop":0,"pointCount":1,"homeWorkCommuteMedian":-1,"workHomeCommuteMedian":6606},"geometry":{"type":"Polygon","coordinates":[[[127.27208495453444,36.43133883273523],[127.27208495453444,36.440332036372475],[127.28107815817168,36.440332036372475],[127.28107815817168,36.43133883273523],[127.27208495453444,36.43133883273523]]]}},{"type":"Feature","properties":{"jobs":3602,"pop":207,"pointCount":4,"homeWorkCommuteMedian":10206,"workHomeCommuteMedian":10697},"geometry":{"type":"Polygon","coordinates":[[[127.27208495453444,36.440332036372475],[127.27208495453444,36.44932524000972],[127.28107815817168,36.44932524000972],[127.28107815817168,36.440332036372475],[127.27208495453444,36.440332036372475]]]}},{"type":"Feature","properties":{"jobs":7771,"pop":1016,"pointCount":4,"homeWorkCommuteMedian":7986,"workHomeCommuteMedian":6083},"geometry":{"type":"Polygon","coordinates":[[[127.27208495453444,36.45831844364697],[127.27208495453444,36.46731164728421],[127.28107815817168,36.46731164728421],[127.28107815817168,36.45831844364697],[127.27208495453444,36.45831844364697]]]}},{"type":"Feature","properties":{"jobs":32138,"pop":33376,"pointCount":12,"homeWorkCommuteMedian":5830,"workHomeCommuteMedian":4974},"geometry":{"type":"Polygon","coordinates":[[[127.27208495453444,36.46731164728421],[127.27208495453444,36.47630485092146],[127.28107815817168,36.47630485092146],[127.28107815817168,36.46731164728421],[127.27208495453444,36.46731164728421]]]}},{"type":"Feature","properties":{"jobs":521,"pop":0,"pointCount":1,"homeWorkCommuteMedian":-1,"workHomeCommuteMedian":34829},"geometry":{"type":"Polygon","coordinates":[[[127.27208495453444,36.485298054558704],[127.27208495453444,36.49429125819595],[127.28107815817168,36.49429125819595],[127.28107815817168,36.485298054558704],[127.27208495453444,36.485298054558704]]]}},{"type":"Feature","properties":{"jobs":12988,"pop":172,"pointCount":2,"homeWorkCommuteMedian":2521,"workHomeCommuteMedian":5010},"geometry":{"type":"Polygon","coordinates":[[[127.27208495453444,36.49429125819595],[127.27208495453444,36.503284461833196],[127.28107815817168,36.503284461833196],[127.28107815817168,36.49429125819595],[127.27208495453444,36.49429125819595]]]}},{"type":"Feature","properties":{"jobs":546,"pop":21,"pointCount":1,"homeWorkCommuteMedian":13385,"workHomeCommuteMedian":-1},"geometry":{"type":"Polygon","coordinates":[[[127.28107815817168,36.20650874180408],[127.28107815817168,36.215501945441325],[127.29007136180893,36.215501945441325],[127.29007136180893,36.20650874180408],[127.28107815817168,36.20650874180408]]]}},{"type":"Feature","properties":{"jobs":1591,"pop":465,"pointCount":1,"homeWorkCommuteMedian":12583,"workHomeCommuteMedian":11275},"geometry":{"type":"Polygon","coordinates":[[[127.28107815817168,36.2694611672648],[127.28107815817168,36.27845437090205],[127.29007136180893,36.27845437090205],[127.29007136180893,36.2694611672648],[127.28107815817168,36.2694611672648]]]}},{"type":"Feature","properties":{"jobs":4774,"pop":6660,"pointCount":3,"homeWorkCommuteMedian":10302,"workHomeCommuteMedian":9668},"geometry":{"type":"Polygon","coordinates":[[[127.28107815817168,36.305433981813785],[127.28107815817168,36.31442718545103],[127.29007136180893,36.31442718545103],[127.29007136180893,36.305433981813785],[127.28107815817168,36.305433981813785]]]}},{"type":"Feature","properties":{"jobs":795,"pop":34,"pointCount":1,"homeWorkCommuteMedian":14242,"workHomeCommuteMedian":5042},"geometry":{"type":"Polygon","coordinates":[[[127.28107815817168,36.31442718545103],[127.28107815817168,36.32342038908828],[127.29007136180893,36.32342038908828],[127.29007136180893,36.31442718545103],[127.28107815817168,36.31442718545103]]]}},{"type":"Feature","properties":{"jobs":1667,"pop":0,"pointCount":5,"homeWorkCommuteMedian":-1,"workHomeCommuteMedian":7567},"geometry":{"type":"Polygon","coordinates":[[[127.28107815817168,36.35939320363726],[127.28107815817168,36.36838640727451],[127.29007136180893,36.36838640727451],[127.29007136180893,36.35939320363726],[127.28107815817168,36.35939320363726]]]}},{"type":"Feature","properties":{"jobs":11574,"pop":0,"pointCount":5,"homeWorkCommuteMedian":-1,"workHomeCommuteMedian":4830},"geometry":{"type":"Polygon","coordinates":[[[127.28107815817168,36.36838640727451],[127.28107815817168,36.37737961091175],[127.29007136180893,36.37737961091175],[127.29007136180893,36.36838640727451],[127.28107815817168,36.36838640727451]]]}},{"type":"Feature","properties":{"jobs":16570,"pop":0,"pointCount":7,"homeWorkCommuteMedian":-1,"workHomeCommuteMedian":5510},"geometry":{"type":"Polygon","coordinates":[[[127.28107815817168,36.37737961091175],[127.28107815817168,36.386372814549],[127.29007136180893,36.386372814549],[127.29007136180893,36.37737961091175],[127.28107815817168,36.37737961091175]]]}},{"type":"Feature","properties":{"jobs":8199,"pop":0,"pointCount":3,"homeWorkCommuteMedian":-1,"workHomeCommuteMedian":4390},"geometry":{"type":"Polygon","coordinates":[[[127.28107815817168,36.386372814549],[127.28107815817168,36.395366018186245],[127.29007136180893,36.395366018186245],[127.29007136180893,36.386372814549],[127.28107815817168,36.386372814549]]]}},{"type":"Feature","properties":{"jobs":3654,"pop":543,"pointCount":1,"homeWorkCommuteMedian":13739,"workHomeCommuteMedian":12450},"geometry":{"type":"Polygon","coordinates":[[[127.28107815817168,36.42234562909798],[127.28107815817168,36.43133883273523],[127.29007136180893,36.43133883273523],[127.29007136180893,36.42234562909798],[127.28107815817168,36.42234562909798]]]}},{"type":"Feature","properties":{"jobs":4832,"pop":583,"pointCount":2,"homeWorkCommuteMedian":10515,"workHomeCommuteMedian":11466},"geometry":{"type":"Polygon","coordinates":[[[127.28107815817168,36.43133883273523],[127.28107815817168,36.440332036372475],[127.29007136180893,36.440332036372475],[127.29007136180893,36.43133883273523],[127.28107815817168,36.43133883273523]]]}},{"type":"Feature","properties":{"jobs":2171,"pop":223,"pointCount":2,"homeWorkCommuteMedian":10487,"workHomeCommuteMedian":10019},"geometry":{"type":"Polygon","coordinates":[[[127.28107815817168,36.440332036372475],[127.28107815817168,36.44932524000972],[127.29007136180893,36.44932524000972],[127.29007136180893,36.440332036372475],[127.28107815817168,36.440332036372475]]]}},{"type":"Feature","properties":{"jobs":3928,"pop":660,"pointCount":2,"homeWorkCommuteMedian":9972,"workHomeCommuteMedian":9090},"geometry":{"type":"Polygon","coordinates":[[[127.28107815817168,36.44932524000972],[127.28107815817168,36.45831844364697],[127.29007136180893,36.45831844364697],[127.29007136180893,36.44932524000972],[127.28107815817168,36.44932524000972]]]}},{"type":"Feature","properties":{"jobs":1118,"pop":531,"pointCount":1,"homeWorkCommuteMedian":8155,"workHomeCommuteMedian":7789},"geometry":{"type":"Polygon","coordinates":[[[127.28107815817168,36.45831844364697],[127.28107815817168,36.46731164728421],[127.29007136180893,36.46731164728421],[127.29007136180893,36.45831844364697],[127.28107815817168,36.45831844364697]]]}},{"type":"Feature","properties":{"jobs":15792,"pop":3822,"pointCount":7,"homeWorkCommuteMedian":6219,"workHomeCommuteMedian":6260},"geometry":{"type":"Polygon","coordinates":[[[127.28107815817168,36.46731164728421],[127.28107815817168,36.47630485092146],[127.29007136180893,36.47630485092146],[127.29007136180893,36.46731164728421],[127.28107815817168,36.46731164728421]]]}},{"type":"Feature","properties":{"jobs":4378,"pop":200,"pointCount":5,"homeWorkCommuteMedian":22998,"workHomeCommuteMedian":5177},"geometry":{"type":"Polygon","coordinates":[[[127.28107815817168,36.47630485092146],[127.28107815817168,36.485298054558704],[127.29007136180893,36.485298054558704],[127.29007136180893,36.47630485092146],[127.28107815817168,36.47630485092146]]]}},{"type":"Feature","properties":{"jobs":2772,"pop":0,"pointCount":1,"homeWorkCommuteMedian":-1,"workHomeCommuteMedian":34557},"geometry":{"type":"Polygon","coordinates":[[[127.28107815817168,36.49429125819595],[127.28107815817168,36.503284461833196],[127.29007136180893,36.503284461833196],[127.29007136180893,36.49429125819595],[127.28107815817168,36.49429125819595]]]}},{"type":"Feature","properties":{"jobs":869,"pop":33,"pointCount":1,"homeWorkCommuteMedian":12664,"workHomeCommuteMedian":14184},"geometry":{"type":"Polygon","coordinates":[[[127.29007136180893,36.18852233452959],[127.29007136180893,36.19751553816683],[127.29906456544617,36.19751553816683],[127.29906456544617,36.18852233452959],[127.29007136180893,36.18852233452959]]]}},{"type":"Feature","properties":{"jobs":1492,"pop":157,"pointCount":1,"homeWorkCommuteMedian":18364,"workHomeCommuteMedian":13534},"geometry":{"type":"Polygon","coordinates":[[[127.29007136180893,36.2694611672648],[127.29007136180893,36.27845437090205],[127.29906456544617,36.27845437090205],[127.29906456544617,36.2694611672648],[127.29007136180893,36.2694611672648]]]}},{"type":"Feature","properties":{"jobs":2187,"pop":393,"pointCount":2,"homeWorkCommuteMedian":9889,"workHomeCommuteMedian":9889},"geometry":{"type":"Polygon","coordinates":[[[127.29007136180893,36.27845437090205],[127.29007136180893,36.28744757453929],[127.29906456544617,36.28744757453929],[127.29906456544617,36.27845437090205],[127.29007136180893,36.27845437090205]]]}},{"type":"Feature","properties":{"jobs":3680,"pop":601,"pointCount":2,"homeWorkCommuteMedian":7027,"workHomeCommuteMedian":7027},"geometry":{"type":"Polygon","coordinates":[[[127.29007136180893,36.28744757453929],[127.29007136180893,36.29644077817654],[127.29906456544617,36.29644077817654],[127.29906456544617,36.28744757453929],[127.29007136180893,36.28744757453929]]]}},{"type":"Feature","properties":{"jobs":3481,"pop":27257,"pointCount":1,"homeWorkCommuteMedian":7593,"workHomeCommuteMedian":6561},"geometry":{"type":"Polygon","coordinates":[[[127.29007136180893,36.29644077817654],[127.29007136180893,36.305433981813785],[127.29906456544617,36.305433981813785],[127.29906456544617,36.29644077817654],[127.29007136180893,36.29644077817654]]]}},{"type":"Feature","properties":{"jobs":596,"pop":26,"pointCount":1,"homeWorkCommuteMedian":13265,"workHomeCommuteMedian":5090},"geometry":{"type":"Polygon","coordinates":[[[127.29007136180893,36.305433981813785],[127.29007136180893,36.31442718545103],[127.29906456544617,36.31442718545103],[127.29906456544617,36.305433981813785],[127.29007136180893,36.305433981813785]]]}},{"type":"Feature","properties":{"jobs":13591,"pop":56122,"pointCount":4,"homeWorkCommuteMedian":6322,"workHomeCommuteMedian":7433},"geometry":{"type":"Polygon","coordinates":[[[127.29007136180893,36.34140679636277],[127.29007136180893,36.350400000000015],[127.29906456544617,36.350400000000015],[127.29906456544617,36.34140679636277],[127.29007136180893,36.34140679636277]]]}},{"type":"Feature","properties":{"jobs":13924,"pop":20,"pointCount":13,"homeWorkCommuteMedian":6447,"workHomeCommuteMedian":6561},"geometry":{"type":"Polygon","coordinates":[[[127.29007136180893,36.35939320363726],[127.29007136180893,36.36838640727451],[127.29906456544617,36.36838640727451],[127.29906456544617,36.35939320363726],[127.29007136180893,36.35939320363726]]]}},{"type":"Feature","properties":{"jobs":13350,"pop":0,"pointCount":5,"homeWorkCommuteMedian":-1,"workHomeCommuteMedian":5795},"geometry":{"type":"Polygon","coordinates":[[[127.29007136180893,36.36838640727451],[127.29007136180893,36.37737961091175],[127.29906456544617,36.37737961091175],[127.29906456544617,36.36838640727451],[127.29007136180893,36.36838640727451]]]}},{"type":"Feature","properties":{"jobs":7134,"pop":0,"pointCount":2,"homeWorkCommuteMedian":-1,"workHomeCommuteMedian":16229},"geometry":{"type":"Polygon","coordinates":[[[127.29007136180893,36.37737961091175],[127.29007136180893,36.386372814549],[127.29906456544617,36.386372814549],[127.29906456544617,36.37737961091175],[127.29007136180893,36.37737961091175]]]}},{"type":"Feature","properties":{"jobs":4322,"pop":304,"pointCount":8,"homeWorkCommuteMedian":7381,"workHomeCommuteMedian":3255},"geometry":{"type":"Polygon","coordinates":[[[127.29007136180893,36.386372814549],[127.29007136180893,36.395366018186245],[127.29906456544617,36.395366018186245],[127.29906456544617,36.386372814549],[127.29007136180893,36.386372814549]]]}},{"type":"Feature","properties":{"jobs":9723,"pop":0,"pointCount":5,"homeWorkCommuteMedian":-1,"workHomeCommuteMedian":7456},"geometry":{"type":"Polygon","coordinates":[[[127.29007136180893,36.395366018186245],[127.29007136180893,36.40435922182349],[127.29906456544617,36.40435922182349],[127.29906456544617,36.395366018186245],[127.29007136180893,36.395366018186245]]]}},{"type":"Feature","properties":{"jobs":8838,"pop":0,"pointCount":3,"homeWorkCommuteMedian":-1,"workHomeCommuteMedian":5431},"geometry":{"type":"Polygon","coordinates":[[[127.29007136180893,36.40435922182349],[127.29007136180893,36.41335242546074],[127.29906456544617,36.41335242546074],[127.29906456544617,36.40435922182349],[127.29007136180893,36.40435922182349]]]}},{"type":"Feature","properties":{"jobs":281,"pop":0,"pointCount":1,"homeWorkCommuteMedian":-1,"workHomeCommuteMedian":5387},"geometry":{"type":"Polygon","coordinates":[[[127.29007136180893,36.41335242546074],[127.29007136180893,36.42234562909798],[127.29906456544617,36.42234562909798],[127.29906456544617,36.41335242546074],[127.29007136180893,36.41335242546074]]]}},{"type":"Feature","properties":{"jobs":2278,"pop":105,"pointCount":2,"homeWorkCommuteMedian":13505,"workHomeCommuteMedian":15035},"geometry":{"type":"Polygon","coordinates":[[[127.29007136180893,36.42234562909798],[127.29007136180893,36.43133883273523],[127.29906456544617,36.43133883273523],[127.29906456544617,36.42234562909798],[127.29007136180893,36.42234562909798]]]}},{"type":"Feature","properties":{"jobs":785,"pop":0,"pointCount":1,"homeWorkCommuteMedian":-1,"workHomeCommuteMedian":10217},"geometry":{"type":"Polygon","coordinates":[[[127.29007136180893,36.43133883273523],[127.29007136180893,36.440332036372475],[127.29906456544617,36.440332036372475],[127.29906456544617,36.43133883273523],[127.29007136180893,36.43133883273523]]]}},{"type":"Feature","properties":{"jobs":2947,"pop":649,"pointCount":2,"homeWorkCommuteMedian":11888,"workHomeCommuteMedian":10688},"geometry":{"type":"Polygon","coordinates":[[[127.29007136180893,36.440332036372475],[127.29007136180893,36.44932524000972],[127.29906456544617,36.44932524000972],[127.29906456544617,36.440332036372475],[127.29007136180893,36.440332036372475]]]}},{"type":"Feature","properties":{"jobs":1178,"pop":23166,"pointCount":1,"homeWorkCommuteMedian":6595,"workHomeCommuteMedian":11275},"geometry":{"type":"Polygon","coordinates":[[[127.29007136180893,36.44932524000972],[127.29007136180893,36.45831844364697],[127.29906456544617,36.45831844364697],[127.29906456544617,36.44932524000972],[127.29007136180893,36.44932524000972]]]}},{"type":"Feature","properties":{"jobs":8705,"pop":296,"pointCount":2,"homeWorkCommuteMedian":7709,"workHomeCommuteMedian":5637},"geometry":{"type":"Polygon","coordinates":[[[127.29007136180893,36.46731164728421],[127.29007136180893,36.47630485092146],[127.29906456544617,36.47630485092146],[127.29906456544617,36.46731164728421],[127.29007136180893,36.46731164728421]]]}},{"type":"Feature","properties":{"jobs":32217,"pop":47705,"pointCount":10,"homeWorkCommuteMedian":5230,"workHomeCommuteMedian":6486},"geometry":{"type":"Polygon","coordinates":[[[127.29007136180893,36.47630485092146],[127.29007136180893,36.485298054558704],[127.29906456544617,36.485298054558704],[127.29906456544617,36.47630485092146],[127.29007136180893,36.47630485092146]]]}},{"type":"Feature","properties":{"jobs":2983,"pop":32844,"pointCount":4,"homeWorkCommuteMedian":5658,"workHomeCommuteMedian":4912},"geometry":{"type":"Polygon","coordinates":[[[127.29007136180893,36.485298054558704],[127.29007136180893,36.49429125819595],[127.29906456544617,36.49429125819595],[127.29906456544617,36.485298054558704],[127.29007136180893,36.485298054558704]]]}},{"type":"Feature","properties":{"jobs":1293,"pop":98,"pointCount":1,"homeWorkCommuteMedian":13118,"workHomeCommuteMedian":10489},"geometry":{"type":"Polygon","coordinates":[[[127.29906456544617,36.2694611672648],[127.29906456544617,36.27845437090205],[127.30805776908342,36.27845437090205],[127.30805776908342,36.2694611672648],[127.29906456544617,36.2694611672648]]]}},{"type":"Feature","properties":{"jobs":1889,"pop":837,"pointCount":2,"homeWorkCommuteMedian":7724,"workHomeCommuteMedian":7356},"geometry":{"type":"Polygon","coordinates":[[[127.29906456544617,36.27845437090205],[127.29906456544617,36.28744757453929],[127.30805776908342,36.28744757453929],[127.30805776908342,36.27845437090205],[127.29906456544617,36.27845437090205]]]}},{"type":"Feature","properties":{"jobs":1094,"pop":67,"pointCount":1,"homeWorkCommuteMedian":11090,"workHomeCommuteMedian":9849},"geometry":{"type":"Polygon","coordinates":[[[127.29906456544617,36.28744757453929],[127.29906456544617,36.29644077817654],[127.30805776908342,36.29644077817654],[127.30805776908342,36.28744757453929],[127.29906456544617,36.28744757453929]]]}},{"type":"Feature","properties":{"jobs":2685,"pop":578,"pointCount":1,"homeWorkCommuteMedian":4693,"workHomeCommuteMedian":4944},"geometry":{"type":"Polygon","coordinates":[[[127.29906456544617,36.305433981813785],[127.29906456544617,36.31442718545103],[127.30805776908342,36.31442718545103],[127.30805776908342,36.305433981813785],[127.29906456544617,36.305433981813785]]]}},{"type":"Feature","properties":{"jobs":22340,"pop":10737,"pointCount":7,"homeWorkCommuteMedian":6634,"workHomeCommuteMedian":6788},"geometry":{"type":"Polygon","coordinates":[[[127.29906456544617,36.33241359272552],[127.29906456544617,36.34140679636277],[127.30805776908342,36.34140679636277],[127.30805776908342,36.33241359272552],[127.29906456544617,36.33241359272552]]]}},{"type":"Feature","properties":{"jobs":35386,"pop":16719,"pointCount":9,"homeWorkCommuteMedian":7567,"workHomeCommuteMedian":7539},"geometry":{"type":"Polygon","coordinates":[[[127.29906456544617,36.34140679636277],[127.29906456544617,36.350400000000015],[127.30805776908342,36.350400000000015],[127.30805776908342,36.34140679636277],[127.29906456544617,36.34140679636277]]]}},{"type":"Feature","properties":{"jobs":18483,"pop":6055,"pointCount":3,"homeWorkCommuteMedian":5637,"workHomeCommuteMedian":5254},"geometry":{"type":"Polygon","coordinates":[[[127.29906456544617,36.350400000000015],[127.29906456544617,36.35939320363726],[127.30805776908342,36.35939320363726],[127.30805776908342,36.350400000000015],[127.29906456544617,36.350400000000015]]]}},{"type":"Feature","properties":{"jobs":23028,"pop":0,"pointCount":9,"homeWorkCommuteMedian":-1,"workHomeCommuteMedian":4895},"geometry":{"type":"Polygon","coordinates":[[[127.29906456544617,36.35939320363726],[127.29906456544617,36.36838640727451],[127.30805776908342,36.36838640727451],[127.30805776908342,36.35939320363726],[127.29906456544617,36.35939320363726]]]}},{"type":"Feature","properties":{"jobs":33995,"pop":111542,"pointCount":16,"homeWorkCommuteMedian":5932,"workHomeCommuteMedian":5550},"geometry":{"type":"Polygon","coordinates":[[[127.29906456544617,36.36838640727451],[127.29906456544617,36.37737961091175],[127.30805776908342,36.37737961091175],[127.30805776908342,36.36838640727451],[127.29906456544617,36.36838640727451]]]}},{"type":"Feature","properties":{"jobs":18183,"pop":6281,"pointCount":9,"homeWorkCommuteMedian":6110,"workHomeCommuteMedian":5911},"geometry":{"type":"Polygon","coordinates":[[[127.29906456544617,36.37737961091175],[127.29906456544617,36.386372814549],[127.30805776908342,36.386372814549],[127.30805776908342,36.37737961091175],[127.29906456544617,36.37737961091175]]]}},{"type":"Feature","properties":{"jobs":45767,"pop":228276,"pointCount":12,"homeWorkCommuteMedian":6826,"workHomeCommuteMedian":5296},"geometry":{"type":"Polygon","coordinates":[[[127.29906456544617,36.386372814549],[127.29906456544617,36.395366018186245],[127.30805776908342,36.395366018186245],[127.30805776908342,36.386372814549],[127.29906456544617,36.386372814549]]]}},{"type":"Feature","properties":{"jobs":1083,"pop":0,"pointCount":2,"homeWorkCommuteMedian":-1,"workHomeCommuteMedian":4684},"geometry":{"type":"Polygon","coordinates":[[[127.29906456544617,36.395366018186245],[127.29906456544617,36.40435922182349],[127.30805776908342,36.40435922182349],[127.30805776908342,36.395366018186245],[127.29906456544617,36.395366018186245]]]}},{"type":"Feature","properties":{"jobs":14280,"pop":245,"pointCount":3,"homeWorkCommuteMedian":8449,"workHomeCommuteMedian":4099},"geometry":{"type":"Polygon","coordinates":[[[127.29906456544617,36.40435922182349],[127.29906456544617,36.41335242546074],[127.30805776908342,36.41335242546074],[127.30805776908342,36.40435922182349],[127.29906456544617,36.40435922182349]]]}},{"type":"Feature","properties":{"jobs":2043,"pop":263,"pointCount":2,"homeWorkCommuteMedian":10852,"workHomeCommuteMedian":13451},"geometry":{"type":"Polygon","coordinates":[[[127.29906456544617,36.43133883273523],[127.29906456544617,36.440332036372475],[127.30805776908342,36.440332036372475],[127.30805776908342,36.43133883273523],[127.29906456544617,36.43133883273523]]]}},{"type":"Feature","properties":{"jobs":22931,"pop":3785,"pointCount":12,"homeWorkCommuteMedian":7523,"workHomeCommuteMedian":4919},"geometry":{"type":"Polygon","coordinates":[[[127.29906456544617,36.47630485092146],[127.29906456544617,36.485298054558704],[127.30805776908342,36.485298054558704],[127.30805776908342,36.47630485092146],[127.29906456544617,36.47630485092146]]]}},{"type":"Feature","properties":{"jobs":12608,"pop":45480,"pointCount":5,"homeWorkCommuteMedian":4678,"workHomeCommuteMedian":3317},"geometry":{"type":"Polygon","coordinates":[[[127.29906456544617,36.485298054558704],[127.29906456544617,36.49429125819595],[127.30805776908342,36.49429125819595],[127.30805776908342,36.485298054558704],[127.29906456544617,36.485298054558704]]]}},{"type":"Feature","properties":{"jobs":3683,"pop":1975,"pointCount":1,"homeWorkCommuteMedian":6447,"workHomeCommuteMedian":5486},"geometry":{"type":"Polygon","coordinates":[[[127.29906456544617,36.49429125819595],[127.29906456544617,36.503284461833196],[127.30805776908342,36.503284461833196],[127.30805776908342,36.49429125819595],[127.29906456544617,36.49429125819595]]]}},{"type":"Feature","properties":{"jobs":29,"pop":0,"pointCount":1,"homeWorkCommuteMedian":-1,"workHomeCommuteMedian":31985},"geometry":{"type":"Polygon","coordinates":[[[127.29906456544617,36.51227766547044],[127.29906456544617,36.52127086910769],[127.30805776908342,36.52127086910769],[127.30805776908342,36.51227766547044],[127.29906456544617,36.51227766547044]]]}},{"type":"Feature","properties":{"jobs":49,"pop":58,"pointCount":1,"homeWorkCommuteMedian":23173,"workHomeCommuteMedian":-1},"geometry":{"type":"Polygon","coordinates":[[[127.30805776908342,36.20650874180408],[127.30805776908342,36.215501945441325],[127.31705097272066,36.215501945441325],[127.31705097272066,36.20650874180408],[127.30805776908342,36.20650874180408]]]}},{"type":"Feature","properties":{"jobs":1078,"pop":0,"pointCount":1,"homeWorkCommuteMedian":-1,"workHomeCommuteMedian":14551},"geometry":{"type":"Polygon","coordinates":[[[127.30805776908342,36.22449514907857],[127.30805776908342,36.23348835271582],[127.31705097272066,36.23348835271582],[127.31705097272066,36.22449514907857],[127.30805776908342,36.22449514907857]]]}},{"type":"Feature","properties":{"jobs":992,"pop":0,"pointCount":2,"homeWorkCommuteMedian":-1,"workHomeCommuteMedian":11750},"geometry":{"type":"Polygon","coordinates":[[[127.30805776908342,36.23348835271582],[127.30805776908342,36.24248155635306],[127.31705097272066,36.24248155635306],[127.31705097272066,36.23348835271582],[127.30805776908342,36.23348835271582]]]}},{"type":"Feature","properties":{"jobs":1664,"pop":356,"pointCount":1,"homeWorkCommuteMedian":5241,"workHomeCommuteMedian":17467},"geometry":{"type":"Polygon","coordinates":[[[127.30805776908342,36.28744757453929],[127.30805776908342,36.29644077817654],[127.31705097272066,36.29644077817654],[127.31705097272066,36.28744757453929],[127.30805776908342,36.28744757453929]]]}},{"type":"Feature","properties":{"jobs":9539,"pop":2419,"pointCount":5,"homeWorkCommuteMedian":5316,"workHomeCommuteMedian":5929},"geometry":{"type":"Polygon","coordinates":[[[127.30805776908342,36.29644077817654],[127.30805776908342,36.305433981813785],[127.31705097272066,36.305433981813785],[127.31705097272066,36.29644077817654],[127.30805776908342,36.29644077817654]]]}},{"type":"Feature","properties":{"jobs":3722,"pop":930,"pointCount":2,"homeWorkCommuteMedian":4147,"workHomeCommuteMedian":3829},"geometry":{"type":"Polygon","coordinates":[[[127.30805776908342,36.305433981813785],[127.30805776908342,36.31442718545103],[127.31705097272066,36.31442718545103],[127.31705097272066,36.305433981813785],[127.30805776908342,36.305433981813785]]]}},{"type":"Feature","properties":{"jobs":6068,"pop":2059,"pointCount":1,"homeWorkCommuteMedian":5457,"workHomeCommuteMedian":4691},"geometry":{"type":"Polygon","coordinates":[[[127.30805776908342,36.31442718545103],[127.30805776908342,36.32342038908828],[127.31705097272066,36.32342038908828],[127.31705097272066,36.31442718545103],[127.30805776908342,36.31442718545103]]]}},{"type":"Feature","properties":{"jobs":5548,"pop":819,"pointCount":7,"homeWorkCommuteMedian":5090,"workHomeCommuteMedian":5308},"geometry":{"type":"Polygon","coordinates":[[[127.30805776908342,36.33241359272552],[127.30805776908342,36.34140679636277],[127.31705097272066,36.34140679636277],[127.31705097272066,36.33241359272552],[127.30805776908342,36.33241359272552]]]}},{"type":"Feature","properties":{"jobs":5367,"pop":362,"pointCount":6,"homeWorkCommuteMedian":4944,"workHomeCommuteMedian":5174},"geometry":{"type":"Polygon","coordinates":[[[127.30805776908342,36.34140679636277],[127.30805776908342,36.350400000000015],[127.31705097272066,36.350400000000015],[127.31705097272066,36.34140679636277],[127.30805776908342,36.34140679636277]]]}},{"type":"Feature","properties":{"jobs":21834,"pop":96,"pointCount":4,"homeWorkCommuteMedian":5598,"workHomeCommuteMedian":4902},"geometry":{"type":"Polygon","coordinates":[[[127.30805776908342,36.350400000000015],[127.30805776908342,36.35939320363726],[127.31705097272066,36.35939320363726],[127.31705097272066,36.350400000000015],[127.30805776908342,36.350400000000015]]]}},{"type":"Feature","properties":{"jobs":34211,"pop":7276,"pointCount":7,"homeWorkCommuteMedian":4729,"workHomeCommuteMedian":4813},"geometry":{"type":"Polygon","coordinates":[[[127.30805776908342,36.35939320363726],[127.30805776908342,36.36838640727451],[127.31705097272066,36.36838640727451],[127.31705097272066,36.35939320363726],[127.30805776908342,36.35939320363726]]]}},{"type":"Feature","properties":{"jobs":37400,"pop":6897,"pointCount":8,"homeWorkCommuteMedian":4477,"workHomeCommuteMedian":5176},"geometry":{"type":"Polygon","coordinates":[[[127.30805776908342,36.36838640727451],[127.30805776908342,36.37737961091175],[127.31705097272066,36.37737961091175],[127.31705097272066,36.36838640727451],[127.30805776908342,36.36838640727451]]]}},{"type":"Feature","properties":{"jobs":20465,"pop":2207,"pointCount":5,"homeWorkCommuteMedian":4477,"workHomeCommuteMedian":5029},"geometry":{"type":"Polygon","coordinates":[[[127.30805776908342,36.37737961091175],[127.30805776908342,36.386372814549],[127.31705097272066,36.386372814549],[127.31705097272066,36.37737961091175],[127.30805776908342,36.37737961091175]]]}},{"type":"Feature","properties":{"jobs":44532,"pop":9330,"pointCount":13,"homeWorkCommuteMedian":5808,"workHomeCommuteMedian":4944},"geometry":{"type":"Polygon","coordinates":[[[127.30805776908342,36.386372814549],[127.30805776908342,36.395366018186245],[127.31705097272066,36.395366018186245],[127.31705097272066,36.386372814549],[127.30805776908342,36.386372814549]]]}},{"type":"Feature","properties":{"jobs":8691,"pop":2376,"pointCount":2,"homeWorkCommuteMedian":5194,"workHomeCommuteMedian":4944},"geometry":{"type":"Polygon","coordinates":[[[127.30805776908342,36.395366018186245],[127.30805776908342,36.40435922182349],[127.31705097272066,36.40435922182349],[127.31705097272066,36.395366018186245],[127.30805776908342,36.395366018186245]]]}},{"type":"Feature","properties":{"jobs":448,"pop":88320,"pointCount":1,"homeWorkCommuteMedian":6372,"workHomeCommuteMedian":-1},"geometry":{"type":"Polygon","coordinates":[[[127.30805776908342,36.40435922182349],[127.30805776908342,36.41335242546074],[127.31705097272066,36.41335242546074],[127.31705097272066,36.40435922182349],[127.30805776908342,36.40435922182349]]]}},{"type":"Feature","properties":{"jobs":2436,"pop":292,"pointCount":1,"homeWorkCommuteMedian":12639,"workHomeCommuteMedian":13577},"geometry":{"type":"Polygon","coordinates":[[[127.30805776908342,36.440332036372475],[127.30805776908342,36.44932524000972],[127.31705097272066,36.44932524000972],[127.31705097272066,36.440332036372475],[127.30805776908342,36.440332036372475]]]}},{"type":"Feature","properties":{"jobs":880,"pop":0,"pointCount":2,"homeWorkCommuteMedian":-1,"workHomeCommuteMedian":2668},"geometry":{"type":"Polygon","coordinates":[[[127.30805776908342,36.47630485092146],[127.30805776908342,36.485298054558704],[127.31705097272066,36.485298054558704],[127.31705097272066,36.47630485092146],[127.30805776908342,36.47630485092146]]]}},{"type":"Feature","properties":{"jobs":4203,"pop":1502,"pointCount":5,"homeWorkCommuteMedian":7167,"workHomeCommuteMedian":6391},"geometry":{"type":"Polygon","coordinates":[[[127.30805776908342,36.485298054558704],[127.30805776908342,36.49429125819595],[127.31705097272066,36.49429125819595],[127.31705097272066,36.485298054558704],[127.30805776908342,36.485298054558704]]]}},{"type":"Feature","properties":{"jobs":29459,"pop":12560,"pointCount":13,"homeWorkCommuteMedian":6332,"workHomeCommuteMedian":5367},"geometry":{"type":"Polygon","coordinates":[[[127.30805776908342,36.49429125819595],[127.30805776908342,36.503284461833196],[127.31705097272066,36.503284461833196],[127.31705097272066,36.49429125819595],[127.30805776908342,36.49429125819595]]]}},{"type":"Feature","properties":{"jobs":22348,"pop":2533,"pointCount":6,"homeWorkCommuteMedian":5001,"workHomeCommuteMedian":5457},"geometry":{"type":"Polygon","coordinates":[[[127.31705097272066,36.28744757453929],[127.31705097272066,36.29644077817654],[127.32604417635791,36.29644077817654],[127.32604417635791,36.28744757453929],[127.31705097272066,36.28744757453929]]]}},{"type":"Feature","properties":{"jobs":24086,"pop":4445,"pointCount":11,"homeWorkCommuteMedian":4625,"workHomeCommuteMedian":5382},"geometry":{"type":"Polygon","coordinates":[[[127.31705097272066,36.29644077817654],[127.31705097272066,36.305433981813785],[127.32604417635791,36.305433981813785],[127.32604417635791,36.29644077817654],[127.31705097272066,36.29644077817654]]]}},{"type":"Feature","properties":{"jobs":17271,"pop":5556,"pointCount":4,"homeWorkCommuteMedian":5020,"workHomeCommuteMedian":5704},"geometry":{"type":"Polygon","coordinates":[[[127.31705097272066,36.305433981813785],[127.31705097272066,36.31442718545103],[127.32604417635791,36.31442718545103],[127.32604417635791,36.305433981813785],[127.31705097272066,36.305433981813785]]]}},{"type":"Feature","properties":{"jobs":3247,"pop":0,"pointCount":2,"homeWorkCommuteMedian":-1,"workHomeCommuteMedian":6162},"geometry":{"type":"Polygon","coordinates":[[[127.31705097272066,36.31442718545103],[127.31705097272066,36.32342038908828],[127.32604417635791,36.32342038908828],[127.32604417635791,36.31442718545103],[127.31705097272066,36.31442718545103]]]}},{"type":"Feature","properties":{"jobs":409,"pop":0,"pointCount":1,"homeWorkCommuteMedian":-1,"workHomeCommuteMedian":2783},"geometry":{"type":"Polygon","coordinates":[[[127.31705097272066,36.33241359272552],[127.31705097272066,36.34140679636277],[127.32604417635791,36.34140679636277],[127.32604417635791,36.33241359272552],[127.31705097272066,36.33241359272552]]]}},{"type":"Feature","properties":{"jobs":5293,"pop":723,"pointCount":3,"homeWorkCommuteMedian":4513,"workHomeCommuteMedian":5565},"geometry":{"type":"Polygon","coordinates":[[[127.31705097272066,36.35939320363726],[127.31705097272066,36.36838640727451],[127.32604417635791,36.36838640727451],[127.32604417635791,36.35939320363726],[127.31705097272066,36.35939320363726]]]}},{"type":"Feature","properties":{"jobs":58014,"pop":22287,"pointCount":13,"homeWorkCommuteMedian":6222,"workHomeCommuteMedian":5828},"geometry":{"type":"Polygon","coordinates":[[[127.31705097272066,36.36838640727451],[127.31705097272066,36.37737961091175],[127.32604417635791,36.37737961091175],[127.32604417635791,36.36838640727451],[127.31705097272066,36.36838640727451]]]}},{"type":"Feature","properties":{"jobs":42353,"pop":3783,"pointCount":16,"homeWorkCommuteMedian":4628,"workHomeCommuteMedian":5238},"geometry":{"type":"Polygon","coordinates":[[[127.31705097272066,36.37737961091175],[127.31705097272066,36.386372814549],[127.32604417635791,36.386372814549],[127.32604417635791,36.37737961091175],[127.31705097272066,36.37737961091175]]]}},{"type":"Feature","properties":{"jobs":41500,"pop":12875,"pointCount":6,"homeWorkCommuteMedian":5613,"workHomeCommuteMedian":5027},"geometry":{"type":"Polygon","coordinates":[[[127.31705097272066,36.386372814549],[127.31705097272066,36.395366018186245],[127.32604417635791,36.395366018186245],[127.32604417635791,36.386372814549],[127.31705097272066,36.386372814549]]]}},{"type":"Feature","properties":{"jobs":5748,"pop":0,"pointCount":1,"homeWorkCommuteMedian":-1,"workHomeCommuteMedian":5737},"geometry":{"type":"Polygon","coordinates":[[[127.31705097272066,36.42234562909798],[127.31705097272066,36.43133883273523],[127.32604417635791,36.43133883273523],[127.32604417635791,36.42234562909798],[127.31705097272066,36.42234562909798]]]}},{"type":"Feature","properties":{"jobs":2196,"pop":586,"pointCount":2,"homeWorkCommuteMedian":14965,"workHomeCommuteMedian":13649},"geometry":{"type":"Polygon","coordinates":[[[127.31705097272066,36.43133883273523],[127.31705097272066,36.440332036372475],[127.32604417635791,36.440332036372475],[127.32604417635791,36.43133883273523],[127.31705097272066,36.43133883273523]]]}},{"type":"Feature","properties":{"jobs":383,"pop":0,"pointCount":1,"homeWorkCommuteMedian":-1,"workHomeCommuteMedian":8567},"geometry":{"type":"Polygon","coordinates":[[[127.31705097272066,36.440332036372475],[127.31705097272066,36.44932524000972],[127.32604417635791,36.44932524000972],[127.32604417635791,36.440332036372475],[127.31705097272066,36.440332036372475]]]}},{"type":"Feature","properties":{"jobs":9797,"pop":850,"pointCount":6,"homeWorkCommuteMedian":9745,"workHomeCommuteMedian":3882},"geometry":{"type":"Polygon","coordinates":[[[127.31705097272066,36.47630485092146],[127.31705097272066,36.485298054558704],[127.32604417635791,36.485298054558704],[127.32604417635791,36.47630485092146],[127.31705097272066,36.47630485092146]]]}},{"type":"Feature","properties":{"jobs":37125,"pop":9291,"pointCount":11,"homeWorkCommuteMedian":8391,"workHomeCommuteMedian":4525},"geometry":{"type":"Polygon","coordinates":[[[127.31705097272066,36.485298054558704],[127.31705097272066,36.49429125819595],[127.32604417635791,36.49429125819595],[127.32604417635791,36.485298054558704],[127.31705097272066,36.485298054558704]]]}},{"type":"Feature","properties":{"jobs":19977,"pop":43104,"pointCount":6,"homeWorkCommuteMedian":4988,"workHomeCommuteMedian":4678},"geometry":{"type":"Polygon","coordinates":[[[127.31705097272066,36.49429125819595],[127.31705097272066,36.503284461833196],[127.32604417635791,36.503284461833196],[127.32604417635791,36.49429125819595],[127.31705097272066,36.49429125819595]]]}},{"type":"Feature","properties":{"jobs":894,"pop":34,"pointCount":1,"homeWorkCommuteMedian":18932,"workHomeCommuteMedian":29131},"geometry":{"type":"Polygon","coordinates":[[[127.32604417635791,36.18852233452959],[127.32604417635791,36.19751553816683],[127.33503737999516,36.19751553816683],[127.33503737999516,36.18852233452959],[127.32604417635791,36.18852233452959]]]}},{"type":"Feature","properties":{"jobs":1466,"pop":61,"pointCount":1,"homeWorkCommuteMedian":13930,"workHomeCommuteMedian":15526},"geometry":{"type":"Polygon","coordinates":[[[127.32604417635791,36.215501945441325],[127.32604417635791,36.22449514907857],[127.33503737999516,36.22449514907857],[127.33503737999516,36.215501945441325],[127.32604417635791,36.215501945441325]]]}},{"type":"Feature","properties":{"jobs":115,"pop":298,"pointCount":1,"homeWorkCommuteMedian":11199,"workHomeCommuteMedian":-1},"geometry":{"type":"Polygon","coordinates":[[[127.32604417635791,36.23348835271582],[127.32604417635791,36.24248155635306],[127.33503737999516,36.24248155635306],[127.33503737999516,36.23348835271582],[127.32604417635791,36.23348835271582]]]}},{"type":"Feature","properties":{"jobs":22458,"pop":40645,"pointCount":8,"homeWorkCommuteMedian":4253,"workHomeCommuteMedian":4858},"geometry":{"type":"Polygon","coordinates":[[[127.32604417635791,36.28744757453929],[127.32604417635791,36.29644077817654],[127.33503737999516,36.29644077817654],[127.33503737999516,36.28744757453929],[127.32604417635791,36.28744757453929]]]}},{"type":"Feature","properties":{"jobs":25076,"pop":5136,"pointCount":14,"homeWorkCommuteMedian":4326,"workHomeCommuteMedian":4498},"geometry":{"type":"Polygon","coordinates":[[[127.32604417635791,36.29644077817654],[127.32604417635791,36.305433981813785],[127.33503737999516,36.305433981813785],[127.33503737999516,36.29644077817654],[127.32604417635791,36.29644077817654]]]}},{"type":"Feature","properties":{"jobs":3800,"pop":1961,"pointCount":1,"homeWorkCommuteMedian":3127,"workHomeCommuteMedian":2898},"geometry":{"type":"Polygon","coordinates":[[[127.32604417635791,36.305433981813785],[127.32604417635791,36.31442718545103],[127.33503737999516,36.31442718545103],[127.33503737999516,36.305433981813785],[127.32604417635791,36.305433981813785]]]}},{"type":"Feature","properties":{"jobs":8345,"pop":1634,"pointCount":4,"homeWorkCommuteMedian":5637,"workHomeCommuteMedian":5903},"geometry":{"type":"Polygon","coordinates":[[[127.32604417635791,36.32342038908828],[127.32604417635791,36.33241359272552],[127.33503737999516,36.33241359272552],[127.33503737999516,36.32342038908828],[127.32604417635791,36.32342038908828]]]}},{"type":"Feature","properties":{"jobs":18868,"pop":10075,"pointCount":5,"homeWorkCommuteMedian":4812,"workHomeCommuteMedian":4558},"geometry":{"type":"Polygon","coordinates":[[[127.32604417635791,36.33241359272552],[127.32604417635791,36.34140679636277],[127.33503737999516,36.34140679636277],[127.33503737999516,36.33241359272552],[127.32604417635791,36.33241359272552]]]}},{"type":"Feature","properties":{"jobs":38010,"pop":114007,"pointCount":14,"homeWorkCommuteMedian":5600,"workHomeCommuteMedian":4550},"geometry":{"type":"Polygon","coordinates":[[[127.32604417635791,36.34140679636277],[127.32604417635791,36.350400000000015],[127.33503737999516,36.350400000000015],[127.33503737999516,36.34140679636277],[127.32604417635791,36.34140679636277]]]}},{"type":"Feature","properties":{"jobs":37622,"pop":60312,"pointCount":14,"homeWorkCommuteMedian":5029,"workHomeCommuteMedian":4909},"geometry":{"type":"Polygon","coordinates":[[[127.32604417635791,36.350400000000015],[127.32604417635791,36.35939320363726],[127.33503737999516,36.35939320363726],[127.33503737999516,36.350400000000015],[127.32604417635791,36.350400000000015]]]}},{"type":"Feature","properties":{"jobs":22173,"pop":6738,"pointCount":6,"homeWorkCommuteMedian":4658,"workHomeCommuteMedian":4967},"geometry":{"type":"Polygon","coordinates":[[[127.32604417635791,36.35939320363726],[127.32604417635791,36.36838640727451],[127.33503737999516,36.36838640727451],[127.33503737999516,36.35939320363726],[127.32604417635791,36.35939320363726]]]}},{"type":"Feature","properties":{"jobs":31990,"pop":5778,"pointCount":4,"homeWorkCommuteMedian":16231,"workHomeCommuteMedian":5978},"geometry":{"type":"Polygon","coordinates":[[[127.32604417635791,36.36838640727451],[127.32604417635791,36.37737961091175],[127.33503737999516,36.37737961091175],[127.33503737999516,36.36838640727451],[127.32604417635791,36.36838640727451]]]}},{"type":"Feature","properties":{"jobs":1693,"pop":70,"pointCount":2,"homeWorkCommuteMedian":5050,"workHomeCommuteMedian":4485},"geometry":{"type":"Polygon","coordinates":[[[127.32604417635791,36.37737961091175],[127.32604417635791,36.386372814549],[127.33503737999516,36.386372814549],[127.33503737999516,36.37737961091175],[127.32604417635791,36.37737961091175]]]}},{"type":"Feature","properties":{"jobs":28145,"pop":10887,"pointCount":4,"homeWorkCommuteMedian":5891,"workHomeCommuteMedian":5796},"geometry":{"type":"Polygon","coordinates":[[[127.32604417635791,36.386372814549],[127.32604417635791,36.395366018186245],[127.33503737999516,36.395366018186245],[127.33503737999516,36.386372814549],[127.32604417635791,36.386372814549]]]}},{"type":"Feature","properties":{"jobs":11113,"pop":3051,"pointCount":2,"homeWorkCommuteMedian":7934,"workHomeCommuteMedian":8082},"geometry":{"type":"Polygon","coordinates":[[[127.32604417635791,36.40435922182349],[127.32604417635791,36.41335242546074],[127.33503737999516,36.41335242546074],[127.33503737999516,36.40435922182349],[127.32604417635791,36.40435922182349]]]}},{"type":"Feature","properties":{"jobs":4591,"pop":533,"pointCount":2,"homeWorkCommuteMedian":9054,"workHomeCommuteMedian":9036},"geometry":{"type":"Polygon","coordinates":[[[127.32604417635791,36.41335242546074],[127.32604417635791,36.42234562909798],[127.33503737999516,36.42234562909798],[127.33503737999516,36.41335242546074],[127.32604417635791,36.41335242546074]]]}},{"type":"Feature","properties":{"jobs":12500,"pop":0,"pointCount":1,"homeWorkCommuteMedian":-1,"workHomeCommuteMedian":5678},"geometry":{"type":"Polygon","coordinates":[[[127.32604417635791,36.42234562909798],[127.32604417635791,36.43133883273523],[127.33503737999516,36.43133883273523],[127.33503737999516,36.42234562909798],[127.32604417635791,36.42234562909798]]]}},{"type":"Feature","properties":{"jobs":804,"pop":0,"pointCount":3,"homeWorkCommuteMedian":-1,"workHomeCommuteMedian":4561},"geometry":{"type":"Polygon","coordinates":[[[127.32604417635791,36.485298054558704],[127.32604417635791,36.49429125819595],[127.33503737999516,36.49429125819595],[127.33503737999516,36.485298054558704],[127.32604417635791,36.485298054558704]]]}},{"type":"Feature","properties":{"jobs":1092,"pop":0,"pointCount":2,"homeWorkCommuteMedian":-1,"workHomeCommuteMedian":4621},"geometry":{"type":"Polygon","coordinates":[[[127.32604417635791,36.49429125819595],[127.32604417635791,36.503284461833196],[127.33503737999516,36.503284461833196],[127.33503737999516,36.49429125819595],[127.32604417635791,36.49429125819595]]]}},{"type":"Feature","properties":{"jobs":301,"pop":0,"pointCount":1,"homeWorkCommuteMedian":-1,"workHomeCommuteMedian":58579},"geometry":{"type":"Polygon","coordinates":[[[127.32604417635791,36.51227766547044],[127.32604417635791,36.52127086910769],[127.33503737999516,36.52127086910769],[127.33503737999516,36.51227766547044],[127.32604417635791,36.51227766547044]]]}},{"type":"Feature","properties":{"jobs":3994,"pop":0,"pointCount":1,"homeWorkCommuteMedian":-1,"workHomeCommuteMedian":20633},"geometry":{"type":"Polygon","coordinates":[[[127.33503737999516,36.215501945441325],[127.33503737999516,36.22449514907857],[127.3440305836324,36.22449514907857],[127.3440305836324,36.215501945441325],[127.33503737999516,36.215501945441325]]]}},{"type":"Feature","properties":{"jobs":15,"pop":0,"pointCount":2,"homeWorkCommuteMedian":-1,"workHomeCommuteMedian":3198},"geometry":{"type":"Polygon","coordinates":[[[127.33503737999516,36.24248155635306],[127.33503737999516,36.25147475999031],[127.3440305836324,36.25147475999031],[127.3440305836324,36.24248155635306],[127.33503737999516,36.24248155635306]]]}},{"type":"Feature","properties":{"jobs":2955,"pop":111,"pointCount":3,"homeWorkCommuteMedian":9115,"workHomeCommuteMedian":9127},"geometry":{"type":"Polygon","coordinates":[[[127.33503737999516,36.25147475999031],[127.33503737999516,36.260467963627555],[127.3440305836324,36.260467963627555],[127.3440305836324,36.25147475999031],[127.33503737999516,36.25147475999031]]]}},{"type":"Feature","properties":{"jobs":20026,"pop":6645,"pointCount":6,"homeWorkCommuteMedian":5256,"workHomeCommuteMedian":4967},"geometry":{"type":"Polygon","coordinates":[[[127.33503737999516,36.28744757453929],[127.33503737999516,36.29644077817654],[127.3440305836324,36.29644077817654],[127.3440305836324,36.28744757453929],[127.33503737999516,36.28744757453929]]]}},{"type":"Feature","properties":{"jobs":47778,"pop":21187,"pointCount":11,"homeWorkCommuteMedian":6447,"workHomeCommuteMedian":5135},"geometry":{"type":"Polygon","coordinates":[[[127.33503737999516,36.29644077817654],[127.33503737999516,36.305433981813785],[127.3440305836324,36.305433981813785],[127.3440305836324,36.29644077817654],[127.33503737999516,36.29644077817654]]]}},{"type":"Feature","properties":{"jobs":34101,"pop":24299,"pointCount":10,"homeWorkCommuteMedian":6009,"workHomeCommuteMedian":6310},"geometry":{"type":"Polygon","coordinates":[[[127.33503737999516,36.305433981813785],[127.33503737999516,36.31442718545103],[127.3440305836324,36.31442718545103],[127.3440305836324,36.305433981813785],[127.33503737999516,36.305433981813785]]]}},{"type":"Feature","properties":{"jobs":8522,"pop":3199,"pointCount":3,"homeWorkCommuteMedian":3882,"workHomeCommuteMedian":3840},"geometry":{"type":"Polygon","coordinates":[[[127.33503737999516,36.31442718545103],[127.33503737999516,36.32342038908828],[127.3440305836324,36.32342038908828],[127.3440305836324,36.31442718545103],[127.33503737999516,36.31442718545103]]]}},{"type":"Feature","properties":{"jobs":22704,"pop":8647,"pointCount":4,"homeWorkCommuteMedian":5527,"workHomeCommuteMedian":5594},"geometry":{"type":"Polygon","coordinates":[[[127.33503737999516,36.32342038908828],[127.33503737999516,36.33241359272552],[127.3440305836324,36.33241359272552],[127.3440305836324,36.32342038908828],[127.33503737999516,36.32342038908828]]]}},{"type":"Feature","properties":{"jobs":36950,"pop":9695,"pointCount":10,"homeWorkCommuteMedian":4195,"workHomeCommuteMedian":4422},"geometry":{"type":"Polygon","coordinates":[[[127.33503737999516,36.33241359272552],[127.33503737999516,36.34140679636277],[127.3440305836324,36.34140679636277],[127.3440305836324,36.33241359272552],[127.33503737999516,36.33241359272552]]]}},{"type":"Feature","properties":{"jobs":31350,"pop":10008,"pointCount":10,"homeWorkCommuteMedian":4804,"workHomeCommuteMedian":4942},"geometry":{"type":"Polygon","coordinates":[[[127.33503737999516,36.34140679636277],[127.33503737999516,36.350400000000015],[127.3440305836324,36.350400000000015],[127.3440305836324,36.34140679636277],[127.33503737999516,36.34140679636277]]]}},{"type":"Feature","properties":{"jobs":78737,"pop":18462,"pointCount":11,"homeWorkCommuteMedian":5052,"workHomeCommuteMedian":5671},"geometry":{"type":"Polygon","coordinates":[[[127.33503737999516,36.350400000000015],[127.33503737999516,36.35939320363726],[127.3440305836324,36.35939320363726],[127.3440305836324,36.350400000000015],[127.33503737999516,36.350400000000015]]]}},{"type":"Feature","properties":{"jobs":50510,"pop":14182,"pointCount":8,"homeWorkCommuteMedian":5135,"workHomeCommuteMedian":5416},"geometry":{"type":"Polygon","coordinates":[[[127.33503737999516,36.35939320363726],[127.33503737999516,36.36838640727451],[127.3440305836324,36.36838640727451],[127.3440305836324,36.35939320363726],[127.33503737999516,36.35939320363726]]]}},{"type":"Feature","properties":{"jobs":37141,"pop":9257,"pointCount":7,"homeWorkCommuteMedian":5128,"workHomeCommuteMedian":5466},"geometry":{"type":"Polygon","coordinates":[[[127.33503737999516,36.36838640727451],[127.33503737999516,36.37737961091175],[127.3440305836324,36.37737961091175],[127.3440305836324,36.36838640727451],[127.33503737999516,36.36838640727451]]]}},{"type":"Feature","properties":{"jobs":5591,"pop":70,"pointCount":2,"homeWorkCommuteMedian":3127,"workHomeCommuteMedian":6382},"geometry":{"type":"Polygon","coordinates":[[[127.33503737999516,36.37737961091175],[127.33503737999516,36.386372814549],[127.3440305836324,36.386372814549],[127.3440305836324,36.37737961091175],[127.33503737999516,36.37737961091175]]]}},{"type":"Feature","properties":{"jobs":25002,"pop":6460,"pointCount":5,"homeWorkCommuteMedian":8328,"workHomeCommuteMedian":8631},"geometry":{"type":"Polygon","coordinates":[[[127.33503737999516,36.40435922182349],[127.33503737999516,36.41335242546074],[127.3440305836324,36.41335242546074],[127.3440305836324,36.40435922182349],[127.33503737999516,36.40435922182349]]]}},{"type":"Feature","properties":{"jobs":22740,"pop":5748,"pointCount":3,"homeWorkCommuteMedian":8815,"workHomeCommuteMedian":9329},"geometry":{"type":"Polygon","coordinates":[[[127.33503737999516,36.41335242546074],[127.33503737999516,36.42234562909798],[127.3440305836324,36.42234562909798],[127.3440305836324,36.41335242546074],[127.33503737999516,36.41335242546074]]]}},{"type":"Feature","properties":{"jobs":917,"pop":130,"pointCount":1,"homeWorkCommuteMedian":10259,"workHomeCommuteMedian":12123},"geometry":{"type":"Polygon","coordinates":[[[127.33503737999516,36.47630485092146],[127.33503737999516,36.485298054558704],[127.3440305836324,36.485298054558704],[127.3440305836324,36.47630485092146],[127.33503737999516,36.47630485092146]]]}},{"type":"Feature","properties":{"jobs":33,"pop":5216,"pointCount":1,"homeWorkCommuteMedian":10758,"workHomeCommuteMedian":-1},"geometry":{"type":"Polygon","coordinates":[[[127.3440305836324,36.28744757453929],[127.3440305836324,36.29644077817654],[127.35302378726965,36.29644077817654],[127.35302378726965,36.28744757453929],[127.3440305836324,36.28744757453929]]]}},{"type":"Feature","properties":{"jobs":29107,"pop":14342,"pointCount":9,"homeWorkCommuteMedian":4944,"workHomeCommuteMedian":4309},"geometry":{"type":"Polygon","coordinates":[[[127.3440305836324,36.29644077817654],[127.3440305836324,36.305433981813785],[127.35302378726965,36.305433981813785],[127.35302378726965,36.29644077817654],[127.3440305836324,36.29644077817654]]]}},{"type":"Feature","properties":{"jobs":46706,"pop":16784,"pointCount":8,"homeWorkCommuteMedian":4944,"workHomeCommuteMedian":4673},"geometry":{"type":"Polygon","coordinates":[[[127.3440305836324,36.305433981813785],[127.3440305836324,36.31442718545103],[127.35302378726965,36.31442718545103],[127.35302378726965,36.305433981813785],[127.3440305836324,36.305433981813785]]]}},{"type":"Feature","properties":{"jobs":38118,"pop":55850,"pointCount":9,"homeWorkCommuteMedian":4965,"workHomeCommuteMedian":4648},"geometry":{"type":"Polygon","coordinates":[[[127.3440305836324,36.31442718545103],[127.3440305836324,36.32342038908828],[127.35302378726965,36.32342038908828],[127.35302378726965,36.31442718545103],[127.3440305836324,36.31442718545103]]]}},{"type":"Feature","properties":{"jobs":16753,"pop":2322,"pointCount":5,"homeWorkCommuteMedian":4422,"workHomeCommuteMedian":4617},"geometry":{"type":"Polygon","coordinates":[[[127.3440305836324,36.32342038908828],[127.3440305836324,36.33241359272552],[127.35302378726965,36.33241359272552],[127.35302378726965,36.32342038908828],[127.3440305836324,36.32342038908828]]]}},{"type":"Feature","properties":{"jobs":25798,"pop":7448,"pointCount":3,"homeWorkCommuteMedian":4691,"workHomeCommuteMedian":4944},"geometry":{"type":"Polygon","coordinates":[[[127.3440305836324,36.33241359272552],[127.3440305836324,36.34140679636277],[127.35302378726965,36.34140679636277],[127.35302378726965,36.33241359272552],[127.3440305836324,36.33241359272552]]]}},{"type":"Feature","properties":{"jobs":17759,"pop":51997,"pointCount":3,"homeWorkCommuteMedian":5183,"workHomeCommuteMedian":3848},"geometry":{"type":"Polygon","coordinates":[[[127.3440305836324,36.34140679636277],[127.3440305836324,36.350400000000015],[127.35302378726965,36.350400000000015],[127.35302378726965,36.34140679636277],[127.3440305836324,36.34140679636277]]]}},{"type":"Feature","properties":{"jobs":39200,"pop":13771,"pointCount":9,"homeWorkCommuteMedian":5375,"workHomeCommuteMedian":5535},"geometry":{"type":"Polygon","coordinates":[[[127.3440305836324,36.350400000000015],[127.3440305836324,36.35939320363726],[127.35302378726965,36.35939320363726],[127.35302378726965,36.350400000000015],[127.3440305836324,36.350400000000015]]]}},{"type":"Feature","properties":{"jobs":50456,"pop":21093,"pointCount":9,"homeWorkCommuteMedian":5637,"workHomeCommuteMedian":5808},"geometry":{"type":"Polygon","coordinates":[[[127.3440305836324,36.35939320363726],[127.3440305836324,36.36838640727451],[127.35302378726965,36.36838640727451],[127.35302378726965,36.35939320363726],[127.3440305836324,36.35939320363726]]]}},{"type":"Feature","properties":{"jobs":12934,"pop":77249,"pointCount":2,"homeWorkCommuteMedian":5760,"workHomeCommuteMedian":6424},"geometry":{"type":"Polygon","coordinates":[[[127.3440305836324,36.36838640727451],[127.3440305836324,36.37737961091175],[127.35302378726965,36.37737961091175],[127.35302378726965,36.36838640727451],[127.3440305836324,36.36838640727451]]]}},{"type":"Feature","properties":{"jobs":41712,"pop":19166,"pointCount":2,"homeWorkCommuteMedian":6597,"workHomeCommuteMedian":6683},"geometry":{"type":"Polygon","coordinates":[[[127.3440305836324,36.37737961091175],[127.3440305836324,36.386372814549],[127.35302378726965,36.386372814549],[127.35302378726965,36.37737961091175],[127.3440305836324,36.37737961091175]]]}},{"type":"Feature","properties":{"jobs":77907,"pop":26400,"pointCount":9,"homeWorkCommuteMedian":6537,"workHomeCommuteMedian":6993},"geometry":{"type":"Polygon","coordinates":[[[127.3440305836324,36.386372814549],[127.3440305836324,36.395366018186245],[127.35302378726965,36.395366018186245],[127.35302378726965,36.386372814549],[127.3440305836324,36.386372814549]]]}},{"type":"Feature","properties":{"jobs":4124,"pop":0,"pointCount":1,"homeWorkCommuteMedian":-1,"workHomeCommuteMedian":8006},"geometry":{"type":"Polygon","coordinates":[[[127.3440305836324,36.395366018186245],[127.3440305836324,36.40435922182349],[127.35302378726965,36.40435922182349],[127.35302378726965,36.395366018186245],[127.3440305836324,36.395366018186245]]]}},{"type":"Feature","properties":{"jobs":1650,"pop":610,"pointCount":3,"homeWorkCommuteMedian":3913,"workHomeCommuteMedian":3679},"geometry":{"type":"Polygon","coordinates":[[[127.35302378726965,36.28744757453929],[127.35302378726965,36.29644077817654],[127.3620169909069,36.29644077817654],[127.3620169909069,36.28744757453929],[127.35302378726965,36.28744757453929]]]}},{"type":"Feature","properties":{"jobs":13997,"pop":4822,"pointCount":6,"homeWorkCommuteMedian":4882,"workHomeCommuteMedian":3855},"geometry":{"type":"Polygon","coordinates":[[[127.35302378726965,36.29644077817654],[127.35302378726965,36.305433981813785],[127.3620169909069,36.305433981813785],[127.3620169909069,36.29644077817654],[127.35302378726965,36.29644077817654]]]}},{"type":"Feature","properties":{"jobs":1423,"pop":201,"pointCount":2,"homeWorkCommuteMedian":2797,"workHomeCommuteMedian":2337},"geometry":{"type":"Polygon","coordinates":[[[127.35302378726965,36.305433981813785],[127.35302378726965,36.31442718545103],[127.3620169909069,36.31442718545103],[127.3620169909069,36.305433981813785],[127.35302378726965,36.305433981813785]]]}},{"type":"Feature","properties":{"jobs":2246,"pop":10623,"pointCount":2,"homeWorkCommuteMedian":5485,"workHomeCommuteMedian":4944},"geometry":{"type":"Polygon","coordinates":[[[127.35302378726965,36.34140679636277],[127.35302378726965,36.350400000000015],[127.3620169909069,36.350400000000015],[127.3620169909069,36.34140679636277],[127.35302378726965,36.34140679636277]]]}},{"type":"Feature","properties":{"jobs":62536,"pop":24328,"pointCount":7,"homeWorkCommuteMedian":4895,"workHomeCommuteMedian":5042},"geometry":{"type":"Polygon","coordinates":[[[127.35302378726965,36.350400000000015],[127.35302378726965,36.35939320363726],[127.3620169909069,36.35939320363726],[127.3620169909069,36.350400000000015],[127.35302378726965,36.350400000000015]]]}},{"type":"Feature","properties":{"jobs":77117,"pop":33495,"pointCount":5,"homeWorkCommuteMedian":6447,"workHomeCommuteMedian":5974},"geometry":{"type":"Polygon","coordinates":[[[127.35302378726965,36.35939320363726],[127.35302378726965,36.36838640727451],[127.3620169909069,36.36838640727451],[127.3620169909069,36.35939320363726],[127.35302378726965,36.35939320363726]]]}},{"type":"Feature","properties":{"jobs":330,"pop":0,"pointCount":1,"homeWorkCommuteMedian":-1,"workHomeCommuteMedian":5894},"geometry":{"type":"Polygon","coordinates":[[[127.35302378726965,36.36838640727451],[127.35302378726965,36.37737961091175],[127.3620169909069,36.37737961091175],[127.3620169909069,36.36838640727451],[127.35302378726965,36.36838640727451]]]}},{"type":"Feature","properties":{"jobs":317,"pop":0,"pointCount":1,"homeWorkCommuteMedian":-1,"workHomeCommuteMedian":14656},"geometry":{"type":"Polygon","coordinates":[[[127.35302378726965,36.37737961091175],[127.35302378726965,36.386372814549],[127.3620169909069,36.386372814549],[127.3620169909069,36.37737961091175],[127.35302378726965,36.37737961091175]]]}},{"type":"Feature","properties":{"jobs":4445,"pop":265,"pointCount":2,"homeWorkCommuteMedian":6993,"workHomeCommuteMedian":6466},"geometry":{"type":"Polygon","coordinates":[[[127.35302378726965,36.386372814549],[127.35302378726965,36.395366018186245],[127.3620169909069,36.395366018186245],[127.3620169909069,36.386372814549],[127.35302378726965,36.386372814549]]]}},{"type":"Feature","properties":{"jobs":608,"pop":37549,"pointCount":2,"homeWorkCommuteMedian":6266,"workHomeCommuteMedian":8143},"geometry":{"type":"Polygon","coordinates":[[[127.35302378726965,36.395366018186245],[127.35302378726965,36.40435922182349],[127.3620169909069,36.40435922182349],[127.3620169909069,36.395366018186245],[127.35302378726965,36.395366018186245]]]}},{"type":"Feature","properties":{"jobs":30552,"pop":15958,"pointCount":3,"homeWorkCommuteMedian":9258,"workHomeCommuteMedian":9049},"geometry":{"type":"Polygon","coordinates":[[[127.35302378726965,36.44932524000972],[127.35302378726965,36.45831844364697],[127.3620169909069,36.45831844364697],[127.3620169909069,36.44932524000972],[127.35302378726965,36.44932524000972]]]}},{"type":"Feature","properties":{"jobs":9739,"pop":2928,"pointCount":2,"homeWorkCommuteMedian":9998,"workHomeCommuteMedian":9761},"geometry":{"type":"Polygon","coordinates":[[[127.3620169909069,36.24248155635306],[127.3620169909069,36.25147475999031],[127.37101019454414,36.25147475999031],[127.37101019454414,36.24248155635306],[127.3620169909069,36.24248155635306]]]}},{"type":"Feature","properties":{"jobs":89,"pop":8637,"pointCount":1,"homeWorkCommuteMedian":9031,"workHomeCommuteMedian":-1},"geometry":{"type":"Polygon","coordinates":[[[127.3620169909069,36.28744757453929],[127.3620169909069,36.29644077817654],[127.37101019454414,36.29644077817654],[127.37101019454414,36.28744757453929],[127.3620169909069,36.28744757453929]]]}},{"type":"Feature","properties":{"jobs":36962,"pop":15532,"pointCount":7,"homeWorkCommuteMedian":5272,"workHomeCommuteMedian":4759},"geometry":{"type":"Polygon","coordinates":[[[127.3620169909069,36.29644077817654],[127.3620169909069,36.305433981813785],[127.37101019454414,36.305433981813785],[127.37101019454414,36.29644077817654],[127.3620169909069,36.29644077817654]]]}},{"type":"Feature","properties":{"jobs":11808,"pop":2099,"pointCount":7,"homeWorkCommuteMedian":2883,"workHomeCommuteMedian":3765},"geometry":{"type":"Polygon","coordinates":[[[127.3620169909069,36.305433981813785],[127.3620169909069,36.31442718545103],[127.37101019454414,36.31442718545103],[127.37101019454414,36.305433981813785],[127.3620169909069,36.305433981813785]]]}},{"type":"Feature","properties":{"jobs":29905,"pop":26012,"pointCount":4,"homeWorkCommuteMedian":4706,"workHomeCommuteMedian":3975},"geometry":{"type":"Polygon","coordinates":[[[127.3620169909069,36.31442718545103],[127.3620169909069,36.32342038908828],[127.37101019454414,36.32342038908828],[127.37101019454414,36.31442718545103],[127.3620169909069,36.31442718545103]]]}},{"type":"Feature","properties":{"jobs":15816,"pop":4938,"pointCount":7,"homeWorkCommuteMedian":3496,"workHomeCommuteMedian":3496},"geometry":{"type":"Polygon","coordinates":[[[127.3620169909069,36.32342038908828],[127.3620169909069,36.33241359272552],[127.37101019454414,36.33241359272552],[127.37101019454414,36.32342038908828],[127.3620169909069,36.32342038908828]]]}},{"type":"Feature","properties":{"jobs":21006,"pop":10364,"pointCount":6,"homeWorkCommuteMedian":3551,"workHomeCommuteMedian":3396},"geometry":{"type":"Polygon","coordinates":[[[127.3620169909069,36.33241359272552],[127.3620169909069,36.34140679636277],[127.37101019454414,36.34140679636277],[127.37101019454414,36.33241359272552],[127.3620169909069,36.33241359272552]]]}},{"type":"Feature","properties":{"jobs":75040,"pop":40344,"pointCount":10,"homeWorkCommuteMedian":4289,"workHomeCommuteMedian":4038},"geometry":{"type":"Polygon","coordinates":[[[127.3620169909069,36.34140679636277],[127.3620169909069,36.350400000000015],[127.37101019454414,36.350400000000015],[127.37101019454414,36.34140679636277],[127.3620169909069,36.34140679636277]]]}},{"type":"Feature","properties":{"jobs":52760,"pop":16394,"pointCount":10,"homeWorkCommuteMedian":3496,"workHomeCommuteMedian":4107},"geometry":{"type":"Polygon","coordinates":[[[127.3620169909069,36.350400000000015],[127.3620169909069,36.35939320363726],[127.37101019454414,36.35939320363726],[127.37101019454414,36.350400000000015],[127.3620169909069,36.350400000000015]]]}},{"type":"Feature","properties":{"jobs":25538,"pop":26446,"pointCount":8,"homeWorkCommuteMedian":4422,"workHomeCommuteMedian":3565},"geometry":{"type":"Polygon","coordinates":[[[127.3620169909069,36.35939320363726],[127.3620169909069,36.36838640727451],[127.37101019454414,36.36838640727451],[127.37101019454414,36.35939320363726],[127.3620169909069,36.35939320363726]]]}},{"type":"Feature","properties":{"jobs":12500,"pop":0,"pointCount":1,"homeWorkCommuteMedian":-1,"workHomeCommuteMedian":5779},"geometry":{"type":"Polygon","coordinates":[[[127.3620169909069,36.36838640727451],[127.3620169909069,36.37737961091175],[127.37101019454414,36.37737961091175],[127.37101019454414,36.36838640727451],[127.3620169909069,36.36838640727451]]]}},{"type":"Feature","properties":{"jobs":250,"pop":0,"pointCount":2,"homeWorkCommuteMedian":-1,"workHomeCommuteMedian":12119},"geometry":{"type":"Polygon","coordinates":[[[127.3620169909069,36.37737961091175],[127.3620169909069,36.386372814549],[127.37101019454414,36.386372814549],[127.37101019454414,36.37737961091175],[127.3620169909069,36.37737961091175]]]}},{"type":"Feature","properties":{"jobs":100,"pop":0,"pointCount":1,"homeWorkCommuteMedian":-1,"workHomeCommuteMedian":6975},"geometry":{"type":"Polygon","coordinates":[[[127.3620169909069,36.386372814549],[127.3620169909069,36.395366018186245],[127.37101019454414,36.395366018186245],[127.37101019454414,36.386372814549],[127.3620169909069,36.386372814549]]]}},{"type":"Feature","properties":{"jobs":3030,"pop":0,"pointCount":1,"homeWorkCommuteMedian":-1,"workHomeCommuteMedian":6323},"geometry":{"type":"Polygon","coordinates":[[[127.3620169909069,36.395366018186245],[127.3620169909069,36.40435922182349],[127.37101019454414,36.40435922182349],[127.37101019454414,36.395366018186245],[127.3620169909069,36.395366018186245]]]}},{"type":"Feature","properties":{"jobs":2407,"pop":0,"pointCount":1,"homeWorkCommuteMedian":-1,"workHomeCommuteMedian":6121},"geometry":{"type":"Polygon","coordinates":[[[127.3620169909069,36.42234562909798],[127.3620169909069,36.43133883273523],[127.37101019454414,36.43133883273523],[127.37101019454414,36.42234562909798],[127.3620169909069,36.42234562909798]]]}},{"type":"Feature","properties":{"jobs":1816,"pop":0,"pointCount":2,"homeWorkCommuteMedian":-1,"workHomeCommuteMedian":6556},"geometry":{"type":"Polygon","coordinates":[[[127.3620169909069,36.43133883273523],[127.3620169909069,36.440332036372475],[127.37101019454414,36.440332036372475],[127.37101019454414,36.43133883273523],[127.3620169909069,36.43133883273523]]]}},{"type":"Feature","properties":{"jobs":16235,"pop":23939,"pointCount":3,"homeWorkCommuteMedian":7683,"workHomeCommuteMedian":6993},"geometry":{"type":"Polygon","coordinates":[[[127.3620169909069,36.44932524000972],[127.3620169909069,36.45831844364697],[127.37101019454414,36.45831844364697],[127.37101019454414,36.44932524000972],[127.3620169909069,36.44932524000972]]]}},{"type":"Feature","properties":{"jobs":98,"pop":200,"pointCount":1,"homeWorkCommuteMedian":19548,"workHomeCommuteMedian":-1},"geometry":{"type":"Polygon","coordinates":[[[127.37101019454414,36.19751553816683],[127.37101019454414,36.20650874180408],[127.38000339818139,36.20650874180408],[127.38000339818139,36.19751553816683],[127.37101019454414,36.19751553816683]]]}},{"type":"Feature","properties":{"jobs":3,"pop":0,"pointCount":1,"homeWorkCommuteMedian":-1,"workHomeCommuteMedian":5801},"geometry":{"type":"Polygon","coordinates":[[[127.37101019454414,36.20650874180408],[127.37101019454414,36.215501945441325],[127.38000339818139,36.215501945441325],[127.38000339818139,36.20650874180408],[127.37101019454414,36.20650874180408]]]}},{"type":"Feature","properties":{"jobs":7072,"pop":2418,"pointCount":2,"homeWorkCommuteMedian":8919,"workHomeCommuteMedian":7973},"geometry":{"type":"Polygon","coordinates":[[[127.37101019454414,36.25147475999031],[127.37101019454414,36.260467963627555],[127.38000339818139,36.260467963627555],[127.38000339818139,36.25147475999031],[127.37101019454414,36.25147475999031]]]}},{"type":"Feature","properties":{"jobs":821,"pop":0,"pointCount":2,"homeWorkCommuteMedian":-1,"workHomeCommuteMedian":5984},"geometry":{"type":"Polygon","coordinates":[[[127.37101019454414,36.27845437090205],[127.37101019454414,36.28744757453929],[127.38000339818139,36.28744757453929],[127.38000339818139,36.27845437090205],[127.37101019454414,36.27845437090205]]]}},{"type":"Feature","properties":{"jobs":3880,"pop":454,"pointCount":4,"homeWorkCommuteMedian":5171,"workHomeCommuteMedian":4568},"geometry":{"type":"Polygon","coordinates":[[[127.37101019454414,36.28744757453929],[127.37101019454414,36.29644077817654],[127.38000339818139,36.29644077817654],[127.38000339818139,36.28744757453929],[127.37101019454414,36.28744757453929]]]}},{"type":"Feature","properties":{"jobs":16881,"pop":16624,"pointCount":12,"homeWorkCommuteMedian":5483,"workHomeCommuteMedian":4895},"geometry":{"type":"Polygon","coordinates":[[[127.37101019454414,36.29644077817654],[127.37101019454414,36.305433981813785],[127.38000339818139,36.305433981813785],[127.38000339818139,36.29644077817654],[127.37101019454414,36.29644077817654]]]}},{"type":"Feature","properties":{"jobs":15900,"pop":3083,"pointCount":12,"homeWorkCommuteMedian":4771,"workHomeCommuteMedian":4092},"geometry":{"type":"Polygon","coordinates":[[[127.37101019454414,36.305433981813785],[127.37101019454414,36.31442718545103],[127.38000339818139,36.31442718545103],[127.38000339818139,36.305433981813785],[127.37101019454414,36.305433981813785]]]}},{"type":"Feature","properties":{"jobs":38883,"pop":11859,"pointCount":9,"homeWorkCommuteMedian":3907,"workHomeCommuteMedian":3587},"geometry":{"type":"Polygon","coordinates":[[[127.37101019454414,36.31442718545103],[127.37101019454414,36.32342038908828],[127.38000339818139,36.32342038908828],[127.38000339818139,36.31442718545103],[127.37101019454414,36.31442718545103]]]}},{"type":"Feature","properties":{"jobs":45166,"pop":19230,"pointCount":10,"homeWorkCommuteMedian":3452,"workHomeCommuteMedian":2867},"geometry":{"type":"Polygon","coordinates":[[[127.37101019454414,36.32342038908828],[127.37101019454414,36.33241359272552],[127.38000339818139,36.33241359272552],[127.38000339818139,36.32342038908828],[127.37101019454414,36.32342038908828]]]}},{"type":"Feature","properties":{"jobs":32370,"pop":27836,"pointCount":9,"homeWorkCommuteMedian":3496,"workHomeCommuteMedian":2878},"geometry":{"type":"Polygon","coordinates":[[[127.37101019454414,36.33241359272552],[127.37101019454414,36.34140679636277],[127.38000339818139,36.34140679636277],[127.38000339818139,36.33241359272552],[127.37101019454414,36.33241359272552]]]}},{"type":"Feature","properties":{"jobs":49757,"pop":33092,"pointCount":11,"homeWorkCommuteMedian":3532,"workHomeCommuteMedian":2966},"geometry":{"type":"Polygon","coordinates":[[[127.37101019454414,36.34140679636277],[127.37101019454414,36.350400000000015],[127.38000339818139,36.350400000000015],[127.38000339818139,36.34140679636277],[127.37101019454414,36.34140679636277]]]}},{"type":"Feature","properties":{"jobs":75576,"pop":5298,"pointCount":12,"homeWorkCommuteMedian":2883,"workHomeCommuteMedian":5107},"geometry":{"type":"Polygon","coordinates":[[[127.37101019454414,36.350400000000015],[127.37101019454414,36.35939320363726],[127.38000339818139,36.35939320363726],[127.38000339818139,36.350400000000015],[127.37101019454414,36.350400000000015]]]}},{"type":"Feature","properties":{"jobs":56526,"pop":22497,"pointCount":16,"homeWorkCommuteMedian":3565,"workHomeCommuteMedian":4407},"geometry":{"type":"Polygon","coordinates":[[[127.37101019454414,36.35939320363726],[127.37101019454414,36.36838640727451],[127.38000339818139,36.36838640727451],[127.38000339818139,36.35939320363726],[127.37101019454414,36.35939320363726]]]}},{"type":"Feature","properties":{"jobs":12277,"pop":5798,"pointCount":4,"homeWorkCommuteMedian":3955,"workHomeCommuteMedian":4263},"geometry":{"type":"Polygon","coordinates":[[[127.37101019454414,36.36838640727451],[127.37101019454414,36.37737961091175],[127.38000339818139,36.37737961091175],[127.38000339818139,36.36838640727451],[127.37101019454414,36.36838640727451]]]}},{"type":"Feature","properties":{"jobs":30539,"pop":12973,"pointCount":5,"homeWorkCommuteMedian":5448,"workHomeCommuteMedian":5798},"geometry":{"type":"Polygon","coordinates":[[[127.37101019454414,36.37737961091175],[127.37101019454414,36.386372814549],[127.38000339818139,36.386372814549],[127.38000339818139,36.37737961091175],[127.37101019454414,36.37737961091175]]]}},{"type":"Feature","properties":{"jobs":14145,"pop":2475,"pointCount":3,"homeWorkCommuteMedian":5271,"workHomeCommuteMedian":5651},"geometry":{"type":"Polygon","coordinates":[[[127.37101019454414,36.386372814549],[127.37101019454414,36.395366018186245],[127.38000339818139,36.395366018186245],[127.38000339818139,36.386372814549],[127.37101019454414,36.386372814549]]]}},{"type":"Feature","properties":{"jobs":4058,"pop":30,"pointCount":3,"homeWorkCommuteMedian":13129,"workHomeCommuteMedian":4155},"geometry":{"type":"Polygon","coordinates":[[[127.37101019454414,36.40435922182349],[127.37101019454414,36.41335242546074],[127.38000339818139,36.41335242546074],[127.38000339818139,36.40435922182349],[127.37101019454414,36.40435922182349]]]}},{"type":"Feature","properties":{"jobs":1569,"pop":223,"pointCount":1,"homeWorkCommuteMedian":5372,"workHomeCommuteMedian":5992},"geometry":{"type":"Polygon","coordinates":[[[127.37101019454414,36.41335242546074],[127.37101019454414,36.42234562909798],[127.38000339818139,36.42234562909798],[127.38000339818139,36.41335242546074],[127.37101019454414,36.41335242546074]]]}},{"type":"Feature","properties":{"jobs":1722,"pop":243,"pointCount":1,"homeWorkCommuteMedian":5822,"workHomeCommuteMedian":6511},"geometry":{"type":"Polygon","coordinates":[[[127.37101019454414,36.42234562909798],[127.37101019454414,36.43133883273523],[127.38000339818139,36.43133883273523],[127.38000339818139,36.42234562909798],[127.37101019454414,36.42234562909798]]]}},{"type":"Feature","properties":{"jobs":2094,"pop":286,"pointCount":1,"homeWorkCommuteMedian":6293,"workHomeCommuteMedian":5633},"geometry":{"type":"Polygon","coordinates":[[[127.37101019454414,36.43133883273523],[127.37101019454414,36.440332036372475],[127.38000339818139,36.440332036372475],[127.38000339818139,36.43133883273523],[127.37101019454414,36.43133883273523]]]}},{"type":"Feature","properties":{"jobs":842,"pop":100,"pointCount":1,"homeWorkCommuteMedian":9340,"workHomeCommuteMedian":-1},"geometry":{"type":"Polygon","coordinates":[[[127.37101019454414,36.440332036372475],[127.37101019454414,36.44932524000972],[127.38000339818139,36.44932524000972],[127.38000339818139,36.440332036372475],[127.37101019454414,36.440332036372475]]]}},{"type":"Feature","properties":{"jobs":5,"pop":0,"pointCount":1,"homeWorkCommuteMedian":-1,"workHomeCommuteMedian":5952},"geometry":{"type":"Polygon","coordinates":[[[127.38000339818139,36.17952913089234],[127.38000339818139,36.18852233452959],[127.38899660181863,36.18852233452959],[127.38899660181863,36.17952913089234],[127.38000339818139,36.17952913089234]]]}},{"type":"Feature","properties":{"jobs":12498,"pop":0,"pointCount":1,"homeWorkCommuteMedian":-1,"workHomeCommuteMedian":5580},"geometry":{"type":"Polygon","coordinates":[[[127.38000339818139,36.27845437090205],[127.38000339818139,36.28744757453929],[127.38899660181863,36.28744757453929],[127.38899660181863,36.27845437090205],[127.38000339818139,36.27845437090205]]]}},{"type":"Feature","properties":{"jobs":4522,"pop":344,"pointCount":4,"homeWorkCommuteMedian":4691,"workHomeCommuteMedian":4422},"geometry":{"type":"Polygon","coordinates":[[[127.38000339818139,36.28744757453929],[127.38000339818139,36.29644077817654],[127.38899660181863,36.29644077817654],[127.38899660181863,36.28744757453929],[127.38000339818139,36.28744757453929]]]}},{"type":"Feature","properties":{"jobs":12470,"pop":2393,"pointCount":9,"homeWorkCommuteMedian":4228,"workHomeCommuteMedian":4680},"geometry":{"type":"Polygon","coordinates":[[[127.38000339818139,36.29644077817654],[127.38000339818139,36.305433981813785],[127.38899660181863,36.305433981813785],[127.38899660181863,36.29644077817654],[127.38000339818139,36.29644077817654]]]}},{"type":"Feature","properties":{"jobs":27789,"pop":20517,"pointCount":7,"homeWorkCommuteMedian":4195,"workHomeCommuteMedian":4126},"geometry":{"type":"Polygon","coordinates":[[[127.38000339818139,36.305433981813785],[127.38000339818139,36.31442718545103],[127.38899660181863,36.31442718545103],[127.38899660181863,36.305433981813785],[127.38000339818139,36.305433981813785]]]}},{"type":"Feature","properties":{"jobs":34210,"pop":24973,"pointCount":7,"homeWorkCommuteMedian":4362,"workHomeCommuteMedian":3500},"geometry":{"type":"Polygon","coordinates":[[[127.38000339818139,36.31442718545103],[127.38000339818139,36.32342038908828],[127.38899660181863,36.32342038908828],[127.38899660181863,36.31442718545103],[127.38000339818139,36.31442718545103]]]}},{"type":"Feature","properties":{"jobs":15296,"pop":4998,"pointCount":7,"homeWorkCommuteMedian":2533,"workHomeCommuteMedian":2348},"geometry":{"type":"Polygon","coordinates":[[[127.38000339818139,36.32342038908828],[127.38000339818139,36.33241359272552],[127.38899660181863,36.33241359272552],[127.38899660181863,36.32342038908828],[127.38000339818139,36.32342038908828]]]}},{"type":"Feature","properties":{"jobs":45561,"pop":33796,"pointCount":9,"homeWorkCommuteMedian":3930,"workHomeCommuteMedian":2883},"geometry":{"type":"Polygon","coordinates":[[[127.38000339818139,36.33241359272552],[127.38000339818139,36.34140679636277],[127.38899660181863,36.34140679636277],[127.38899660181863,36.33241359272552],[127.38000339818139,36.33241359272552]]]}},{"type":"Feature","properties":{"jobs":89628,"pop":32165,"pointCount":9,"homeWorkCommuteMedian":4477,"workHomeCommuteMedian":4944},"geometry":{"type":"Polygon","coordinates":[[[127.38000339818139,36.34140679636277],[127.38000339818139,36.350400000000015],[127.38899660181863,36.350400000000015],[127.38899660181863,36.34140679636277],[127.38000339818139,36.34140679636277]]]}},{"type":"Feature","properties":{"jobs":63724,"pop":38986,"pointCount":6,"homeWorkCommuteMedian":4859,"workHomeCommuteMedian":4929},"geometry":{"type":"Polygon","coordinates":[[[127.38000339818139,36.350400000000015],[127.38000339818139,36.35939320363726],[127.38899660181863,36.35939320363726],[127.38899660181863,36.350400000000015],[127.38000339818139,36.350400000000015]]]}},{"type":"Feature","properties":{"jobs":2939,"pop":8979,"pointCount":3,"homeWorkCommuteMedian":5301,"workHomeCommuteMedian":6703},"geometry":{"type":"Polygon","coordinates":[[[127.38000339818139,36.35939320363726],[127.38000339818139,36.36838640727451],[127.38899660181863,36.36838640727451],[127.38899660181863,36.35939320363726],[127.38000339818139,36.35939320363726]]]}},{"type":"Feature","properties":{"jobs":37428,"pop":0,"pointCount":3,"homeWorkCommuteMedian":-1,"workHomeCommuteMedian":8670},"geometry":{"type":"Polygon","coordinates":[[[127.38000339818139,36.36838640727451],[127.38000339818139,36.37737961091175],[127.38899660181863,36.37737961091175],[127.38899660181863,36.36838640727451],[127.38000339818139,36.36838640727451]]]}},{"type":"Feature","properties":{"jobs":2431,"pop":264,"pointCount":4,"homeWorkCommuteMedian":4388,"workHomeCommuteMedian":4274},"geometry":{"type":"Polygon","coordinates":[[[127.38000339818139,36.37737961091175],[127.38000339818139,36.386372814549],[127.38899660181863,36.386372814549],[127.38899660181863,36.37737961091175],[127.38000339818139,36.37737961091175]]]}},{"type":"Feature","properties":{"jobs":282,"pop":0,"pointCount":1,"homeWorkCommuteMedian":-1,"workHomeCommuteMedian":11910},"geometry":{"type":"Polygon","coordinates":[[[127.38000339818139,36.386372814549],[127.38000339818139,36.395366018186245],[127.38899660181863,36.395366018186245],[127.38899660181863,36.386372814549],[127.38000339818139,36.386372814549]]]}},{"type":"Feature","properties":{"jobs":39248,"pop":11256,"pointCount":7,"homeWorkCommuteMedian":6447,"workHomeCommuteMedian":6597},"geometry":{"type":"Polygon","coordinates":[[[127.38000339818139,36.41335242546074],[127.38000339818139,36.42234562909798],[127.38899660181863,36.42234562909798],[127.38899660181863,36.41335242546074],[127.38000339818139,36.41335242546074]]]}},{"type":"Feature","properties":{"jobs":39032,"pop":7722,"pointCount":9,"homeWorkCommuteMedian":5766,"workHomeCommuteMedian":6546},"geometry":{"type":"Polygon","coordinates":[[[127.38000339818139,36.42234562909798],[127.38000339818139,36.43133883273523],[127.38899660181863,36.43133883273523],[127.38899660181863,36.42234562909798],[127.38000339818139,36.42234562909798]]]}},{"type":"Feature","properties":{"jobs":68331,"pop":14516,"pointCount":11,"homeWorkCommuteMedian":7133,"workHomeCommuteMedian":8420},"geometry":{"type":"Polygon","coordinates":[[[127.38000339818139,36.43133883273523],[127.38000339818139,36.440332036372475],[127.38899660181863,36.440332036372475],[127.38899660181863,36.43133883273523],[127.38000339818139,36.43133883273523]]]}},{"type":"Feature","properties":{"jobs":19176,"pop":8484,"pointCount":4,"homeWorkCommuteMedian":7724,"workHomeCommuteMedian":6887},"geometry":{"type":"Polygon","coordinates":[[[127.38000339818139,36.440332036372475],[127.38000339818139,36.44932524000972],[127.38899660181863,36.44932524000972],[127.38899660181863,36.440332036372475],[127.38000339818139,36.440332036372475]]]}},{"type":"Feature","properties":{"jobs":732,"pop":192,"pointCount":1,"homeWorkCommuteMedian":23293,"workHomeCommuteMedian":-1},"geometry":{"type":"Polygon","coordinates":[[[127.38000339818139,36.485298054558704],[127.38000339818139,36.49429125819595],[127.38899660181863,36.49429125819595],[127.38899660181863,36.485298054558704],[127.38000339818139,36.485298054558704]]]}},{"type":"Feature","properties":{"jobs":420,"pop":113,"pointCount":1,"homeWorkCommuteMedian":20289,"workHomeCommuteMedian":-1},"geometry":{"type":"Polygon","coordinates":[[[127.38899660181863,36.19751553816683],[127.38899660181863,36.20650874180408],[127.39798980545588,36.20650874180408],[127.39798980545588,36.19751553816683],[127.38899660181863,36.19751553816683]]]}},{"type":"Feature","properties":{"jobs":927,"pop":47,"pointCount":1,"homeWorkCommuteMedian":11089,"workHomeCommuteMedian":9090},"geometry":{"type":"Polygon","coordinates":[[[127.38899660181863,36.24248155635306],[127.38899660181863,36.25147475999031],[127.39798980545588,36.25147475999031],[127.39798980545588,36.24248155635306],[127.38899660181863,36.24248155635306]]]}},{"type":"Feature","properties":{"jobs":8580,"pop":3530,"pointCount":1,"homeWorkCommuteMedian":9998,"workHomeCommuteMedian":9808},"geometry":{"type":"Polygon","coordinates":[[[127.38899660181863,36.25147475999031],[127.38899660181863,36.260467963627555],[127.39798980545588,36.260467963627555],[127.39798980545588,36.25147475999031],[127.38899660181863,36.25147475999031]]]}},{"type":"Feature","properties":{"jobs":9970,"pop":3320,"pointCount":3,"homeWorkCommuteMedian":7542,"workHomeCommuteMedian":7172},"geometry":{"type":"Polygon","coordinates":[[[127.38899660181863,36.2694611672648],[127.38899660181863,36.27845437090205],[127.39798980545588,36.27845437090205],[127.39798980545588,36.2694611672648],[127.38899660181863,36.2694611672648]]]}},{"type":"Feature","properties":{"jobs":1894,"pop":0,"pointCount":1,"homeWorkCommuteMedian":-1,"workHomeCommuteMedian":9756},"geometry":{"type":"Polygon","coordinates":[[[127.38899660181863,36.28744757453929],[127.38899660181863,36.29644077817654],[127.39798980545588,36.29644077817654],[127.39798980545588,36.28744757453929],[127.38899660181863,36.28744757453929]]]}},{"type":"Feature","properties":{"jobs":5242,"pop":1762,"pointCount":3,"homeWorkCommuteMedian":3496,"workHomeCommuteMedian":3127},"geometry":{"type":"Polygon","coordinates":[[[127.38899660181863,36.29644077817654],[127.38899660181863,36.305433981813785],[127.39798980545588,36.305433981813785],[127.39798980545588,36.29644077817654],[127.38899660181863,36.29644077817654]]]}},{"type":"Feature","properties":{"jobs":26636,"pop":12625,"pointCount":9,"homeWorkCommuteMedian":3827,"workHomeCommuteMedian":3565},"geometry":{"type":"Polygon","coordinates":[[[127.38899660181863,36.305433981813785],[127.38899660181863,36.31442718545103],[127.39798980545588,36.31442718545103],[127.39798980545588,36.305433981813785],[127.38899660181863,36.305433981813785]]]}},{"type":"Feature","properties":{"jobs":47642,"pop":20812,"pointCount":10,"homeWorkCommuteMedian":3565,"workHomeCommuteMedian":3496},"geometry":{"type":"Polygon","coordinates":[[[127.38899660181863,36.31442718545103],[127.38899660181863,36.32342038908828],[127.39798980545588,36.32342038908828],[127.39798980545588,36.31442718545103],[127.38899660181863,36.31442718545103]]]}},{"type":"Feature","properties":{"jobs":25860,"pop":31408,"pointCount":6,"homeWorkCommuteMedian":3641,"workHomeCommuteMedian":2705},"geometry":{"type":"Polygon","coordinates":[[[127.38899660181863,36.32342038908828],[127.38899660181863,36.33241359272552],[127.39798980545588,36.33241359272552],[127.39798980545588,36.32342038908828],[127.38899660181863,36.32342038908828]]]}},{"type":"Feature","properties":{"jobs":49606,"pop":29631,"pointCount":8,"homeWorkCommuteMedian":3565,"workHomeCommuteMedian":3678},"geometry":{"type":"Polygon","coordinates":[[[127.38899660181863,36.33241359272552],[127.38899660181863,36.34140679636277],[127.39798980545588,36.34140679636277],[127.39798980545588,36.33241359272552],[127.38899660181863,36.33241359272552]]]}},{"type":"Feature","properties":{"jobs":153010,"pop":94936,"pointCount":10,"homeWorkCommuteMedian":5006,"workHomeCommuteMedian":5324},"geometry":{"type":"Polygon","coordinates":[[[127.38899660181863,36.34140679636277],[127.38899660181863,36.350400000000015],[127.39798980545588,36.350400000000015],[127.39798980545588,36.34140679636277],[127.38899660181863,36.34140679636277]]]}},{"type":"Feature","properties":{"jobs":139721,"pop":64487,"pointCount":9,"homeWorkCommuteMedian":4923,"workHomeCommuteMedian":5325},"geometry":{"type":"Polygon","coordinates":[[[127.38899660181863,36.350400000000015],[127.38899660181863,36.35939320363726],[127.39798980545588,36.35939320363726],[127.39798980545588,36.350400000000015],[127.38899660181863,36.350400000000015]]]}},{"type":"Feature","properties":{"jobs":215064,"pop":106009,"pointCount":4,"homeWorkCommuteMedian":5708,"workHomeCommuteMedian":5974},"geometry":{"type":"Polygon","coordinates":[[[127.38899660181863,36.35939320363726],[127.38899660181863,36.36838640727451],[127.39798980545588,36.36838640727451],[127.39798980545588,36.35939320363726],[127.38899660181863,36.35939320363726]]]}},{"type":"Feature","properties":{"jobs":2326,"pop":5891,"pointCount":2,"homeWorkCommuteMedian":4477,"workHomeCommuteMedian":4651},"geometry":{"type":"Polygon","coordinates":[[[127.38899660181863,36.37737961091175],[127.38899660181863,36.386372814549],[127.39798980545588,36.386372814549],[127.39798980545588,36.37737961091175],[127.38899660181863,36.37737961091175]]]}},{"type":"Feature","properties":{"jobs":6976,"pop":1452,"pointCount":3,"homeWorkCommuteMedian":6659,"workHomeCommuteMedian":7131},"geometry":{"type":"Polygon","coordinates":[[[127.38899660181863,36.395366018186245],[127.38899660181863,36.40435922182349],[127.39798980545588,36.40435922182349],[127.39798980545588,36.395366018186245],[127.38899660181863,36.395366018186245]]]}},{"type":"Feature","properties":{"jobs":11243,"pop":2860,"pointCount":2,"homeWorkCommuteMedian":8536,"workHomeCommuteMedian":7477},"geometry":{"type":"Polygon","coordinates":[[[127.38899660181863,36.40435922182349],[127.38899660181863,36.41335242546074],[127.39798980545588,36.41335242546074],[127.39798980545588,36.40435922182349],[127.38899660181863,36.40435922182349]]]}},{"type":"Feature","properties":{"jobs":32722,"pop":8739,"pointCount":9,"homeWorkCommuteMedian":6645,"workHomeCommuteMedian":6549},"geometry":{"type":"Polygon","coordinates":[[[127.38899660181863,36.41335242546074],[127.38899660181863,36.42234562909798],[127.39798980545588,36.42234562909798],[127.39798980545588,36.41335242546074],[127.38899660181863,36.41335242546074]]]}},{"type":"Feature","properties":{"jobs":12039,"pop":324,"pointCount":4,"homeWorkCommuteMedian":5005,"workHomeCommuteMedian":5195},"geometry":{"type":"Polygon","coordinates":[[[127.38899660181863,36.42234562909798],[127.38899660181863,36.43133883273523],[127.39798980545588,36.43133883273523],[127.39798980545588,36.42234562909798],[127.38899660181863,36.42234562909798]]]}},{"type":"Feature","properties":{"jobs":2500,"pop":0,"pointCount":1,"homeWorkCommuteMedian":-1,"workHomeCommuteMedian":3750},"geometry":{"type":"Polygon","coordinates":[[[127.38899660181863,36.440332036372475],[127.38899660181863,36.44932524000972],[127.39798980545588,36.44932524000972],[127.39798980545588,36.440332036372475],[127.38899660181863,36.440332036372475]]]}},{"type":"Feature","properties":{"jobs":1043,"pop":96,"pointCount":1,"homeWorkCommuteMedian":13305,"workHomeCommuteMedian":11908},"geometry":{"type":"Polygon","coordinates":[[[127.39798980545588,36.22449514907857],[127.39798980545588,36.23348835271582],[127.40698300909312,36.23348835271582],[127.40698300909312,36.22449514907857],[127.39798980545588,36.22449514907857]]]}},{"type":"Feature","properties":{"jobs":2666,"pop":540,"pointCount":1,"homeWorkCommuteMedian":11188,"workHomeCommuteMedian":10967},"geometry":{"type":"Polygon","coordinates":[[[127.39798980545588,36.24248155635306],[127.39798980545588,36.25147475999031],[127.40698300909312,36.25147475999031],[127.40698300909312,36.24248155635306],[127.39798980545588,36.24248155635306]]]}},{"type":"Feature","properties":{"jobs":1971,"pop":286,"pointCount":1,"homeWorkCommuteMedian":7724,"workHomeCommuteMedian":7735},"geometry":{"type":"Polygon","coordinates":[[[127.39798980545588,36.260467963627555],[127.39798980545588,36.2694611672648],[127.40698300909312,36.2694611672648],[127.40698300909312,36.260467963627555],[127.39798980545588,36.260467963627555]]]}},{"type":"Feature","properties":{"jobs":5246,"pop":978,"pointCount":2,"homeWorkCommuteMedian":7276,"workHomeCommuteMedian":6380},"geometry":{"type":"Polygon","coordinates":[[[127.39798980545588,36.2694611672648],[127.39798980545588,36.27845437090205],[127.40698300909312,36.27845437090205],[127.40698300909312,36.2694611672648],[127.39798980545588,36.2694611672648]]]}},{"type":"Feature","properties":{"jobs":2087,"pop":503,"pointCount":1,"homeWorkCommuteMedian":6291,"workHomeCommuteMedian":5766},"geometry":{"type":"Polygon","coordinates":[[[127.39798980545588,36.27845437090205],[127.39798980545588,36.28744757453929],[127.40698300909312,36.28744757453929],[127.40698300909312,36.27845437090205],[127.39798980545588,36.27845437090205]]]}},{"type":"Feature","properties":{"jobs":1103,"pop":386,"pointCount":2,"homeWorkCommuteMedian":3550,"workHomeCommuteMedian":3476},"geometry":{"type":"Polygon","coordinates":[[[127.39798980545588,36.29644077817654],[127.39798980545588,36.305433981813785],[127.40698300909312,36.305433981813785],[127.40698300909312,36.29644077817654],[127.39798980545588,36.29644077817654]]]}},{"type":"Feature","properties":{"jobs":24394,"pop":15396,"pointCount":14,"homeWorkCommuteMedian":4027,"workHomeCommuteMedian":3536},"geometry":{"type":"Polygon","coordinates":[[[127.39798980545588,36.305433981813785],[127.39798980545588,36.31442718545103],[127.40698300909312,36.31442718545103],[127.40698300909312,36.305433981813785],[127.39798980545588,36.305433981813785]]]}},{"type":"Feature","properties":{"jobs":64125,"pop":32095,"pointCount":8,"homeWorkCommuteMedian":3538,"workHomeCommuteMedian":3625},"geometry":{"type":"Polygon","coordinates":[[[127.39798980545588,36.31442718545103],[127.39798980545588,36.32342038908828],[127.40698300909312,36.32342038908828],[127.40698300909312,36.31442718545103],[127.39798980545588,36.31442718545103]]]}},{"type":"Feature","properties":{"jobs":37722,"pop":27289,"pointCount":9,"homeWorkCommuteMedian":3689,"workHomeCommuteMedian":2844},"geometry":{"type":"Polygon","coordinates":[[[127.39798980545588,36.32342038908828],[127.39798980545588,36.33241359272552],[127.40698300909312,36.33241359272552],[127.40698300909312,36.32342038908828],[127.39798980545588,36.32342038908828]]]}},{"type":"Feature","properties":{"jobs":59168,"pop":18256,"pointCount":7,"homeWorkCommuteMedian":2898,"workHomeCommuteMedian":3127},"geometry":{"type":"Polygon","coordinates":[[[127.39798980545588,36.33241359272552],[127.39798980545588,36.34140679636277],[127.40698300909312,36.34140679636277],[127.40698300909312,36.33241359272552],[127.39798980545588,36.33241359272552]]]}},{"type":"Feature","properties":{"jobs":28572,"pop":3967,"pointCount":7,"homeWorkCommuteMedian":3127,"workHomeCommuteMedian":3711},"geometry":{"type":"Polygon","coordinates":[[[127.39798980545588,36.34140679636277],[127.39798980545588,36.350400000000015],[127.40698300909312,36.350400000000015],[127.40698300909312,36.34140679636277],[127.39798980545588,36.34140679636277]]]}},{"type":"Feature","properties":{"jobs":7195,"pop":13552,"pointCount":5,"homeWorkCommuteMedian":3913,"workHomeCommuteMedian":2211},"geometry":{"type":"Polygon","coordinates":[[[127.39798980545588,36.350400000000015],[127.39798980545588,36.35939320363726],[127.40698300909312,36.35939320363726],[127.40698300909312,36.350400000000015],[127.39798980545588,36.350400000000015]]]}},{"type":"Feature","properties":{"jobs":16090,"pop":0,"pointCount":1,"homeWorkCommuteMedian":-1,"workHomeCommuteMedian":7288},"geometry":{"type":"Polygon","coordinates":[[[127.39798980545588,36.35939320363726],[127.39798980545588,36.36838640727451],[127.40698300909312,36.36838640727451],[127.40698300909312,36.35939320363726],[127.39798980545588,36.35939320363726]]]}},{"type":"Feature","properties":{"jobs":176,"pop":1623,"pointCount":1,"homeWorkCommuteMedian":4872,"workHomeCommuteMedian":5949},"geometry":{"type":"Polygon","coordinates":[[[127.39798980545588,36.37737961091175],[127.39798980545588,36.386372814549],[127.40698300909312,36.386372814549],[127.40698300909312,36.37737961091175],[127.39798980545588,36.37737961091175]]]}},{"type":"Feature","properties":{"jobs":7816,"pop":2839,"pointCount":1,"homeWorkCommuteMedian":7973,"workHomeCommuteMedian":7610},"geometry":{"type":"Polygon","coordinates":[[[127.39798980545588,36.386372814549],[127.39798980545588,36.395366018186245],[127.40698300909312,36.395366018186245],[127.40698300909312,36.386372814549],[127.39798980545588,36.386372814549]]]}},{"type":"Feature","properties":{"jobs":60005,"pop":39647,"pointCount":13,"homeWorkCommuteMedian":6845,"workHomeCommuteMedian":7131},"geometry":{"type":"Polygon","coordinates":[[[127.39798980545588,36.395366018186245],[127.39798980545588,36.40435922182349],[127.40698300909312,36.40435922182349],[127.40698300909312,36.395366018186245],[127.39798980545588,36.395366018186245]]]}},{"type":"Feature","properties":{"jobs":13384,"pop":46324,"pointCount":6,"homeWorkCommuteMedian":4299,"workHomeCommuteMedian":3349},"geometry":{"type":"Polygon","coordinates":[[[127.39798980545588,36.41335242546074],[127.39798980545588,36.42234562909798],[127.40698300909312,36.42234562909798],[127.40698300909312,36.41335242546074],[127.39798980545588,36.41335242546074]]]}},{"type":"Feature","properties":{"jobs":34418,"pop":0,"pointCount":1,"homeWorkCommuteMedian":-1,"workHomeCommuteMedian":13506},"geometry":{"type":"Polygon","coordinates":[[[127.39798980545588,36.42234562909798],[127.39798980545588,36.43133883273523],[127.40698300909312,36.43133883273523],[127.40698300909312,36.42234562909798],[127.39798980545588,36.42234562909798]]]}},{"type":"Feature","properties":{"jobs":1498,"pop":0,"pointCount":1,"homeWorkCommuteMedian":-1,"workHomeCommuteMedian":5962},"geometry":{"type":"Polygon","coordinates":[[[127.39798980545588,36.43133883273523],[127.39798980545588,36.440332036372475],[127.40698300909312,36.440332036372475],[127.40698300909312,36.43133883273523],[127.39798980545588,36.43133883273523]]]}},{"type":"Feature","properties":{"jobs":2530,"pop":0,"pointCount":1,"homeWorkCommuteMedian":-1,"workHomeCommuteMedian":4624},"geometry":{"type":"Polygon","coordinates":[[[127.39798980545588,36.440332036372475],[127.39798980545588,36.44932524000972],[127.40698300909312,36.44932524000972],[127.40698300909312,36.440332036372475],[127.39798980545588,36.440332036372475]]]}},{"type":"Feature","properties":{"jobs":43,"pop":0,"pointCount":1,"homeWorkCommuteMedian":-1,"workHomeCommuteMedian":20544},"geometry":{"type":"Polygon","coordinates":[[[127.39798980545588,36.47630485092146],[127.39798980545588,36.485298054558704],[127.40698300909312,36.485298054558704],[127.40698300909312,36.47630485092146],[127.39798980545588,36.47630485092146]]]}},{"type":"Feature","properties":{"jobs":1718,"pop":0,"pointCount":1,"homeWorkCommuteMedian":-1,"workHomeCommuteMedian":11001},"geometry":{"type":"Polygon","coordinates":[[[127.40698300909312,36.20650874180408],[127.40698300909312,36.215501945441325],[127.41597621273037,36.215501945441325],[127.41597621273037,36.20650874180408],[127.40698300909312,36.20650874180408]]]}},{"type":"Feature","properties":{"jobs":1748,"pop":7188,"pointCount":2,"homeWorkCommuteMedian":11240,"workHomeCommuteMedian":7692},"geometry":{"type":"Polygon","coordinates":[[[127.40698300909312,36.260467963627555],[127.40698300909312,36.2694611672648],[127.41597621273037,36.2694611672648],[127.41597621273037,36.260467963627555],[127.40698300909312,36.260467963627555]]]}},{"type":"Feature","properties":{"jobs":28710,"pop":19917,"pointCount":8,"homeWorkCommuteMedian":3908,"workHomeCommuteMedian":3884},"geometry":{"type":"Polygon","coordinates":[[[127.40698300909312,36.305433981813785],[127.40698300909312,36.31442718545103],[127.41597621273037,36.31442718545103],[127.41597621273037,36.305433981813785],[127.40698300909312,36.305433981813785]]]}},{"type":"Feature","properties":{"jobs":105532,"pop":38409,"pointCount":10,"homeWorkCommuteMedian":4098,"workHomeCommuteMedian":4422},"geometry":{"type":"Polygon","coordinates":[[[127.40698300909312,36.31442718545103],[127.40698300909312,36.32342038908828],[127.41597621273037,36.32342038908828],[127.41597621273037,36.31442718545103],[127.40698300909312,36.31442718545103]]]}},{"type":"Feature","properties":{"jobs":54582,"pop":46946,"pointCount":14,"homeWorkCommuteMedian":3783,"workHomeCommuteMedian":3067},"geometry":{"type":"Polygon","coordinates":[[[127.40698300909312,36.32342038908828],[127.40698300909312,36.33241359272552],[127.41597621273037,36.33241359272552],[127.41597621273037,36.32342038908828],[127.40698300909312,36.32342038908828]]]}},{"type":"Feature","properties":{"jobs":44004,"pop":24599,"pointCount":11,"homeWorkCommuteMedian":3235,"workHomeCommuteMedian":3089},"geometry":{"type":"Polygon","coordinates":[[[127.40698300909312,36.33241359272552],[127.40698300909312,36.34140679636277],[127.41597621273037,36.34140679636277],[127.41597621273037,36.33241359272552],[127.40698300909312,36.33241359272552]]]}},{"type":"Feature","properties":{"jobs":20315,"pop":15429,"pointCount":6,"homeWorkCommuteMedian":3765,"workHomeCommuteMedian":3386},"geometry":{"type":"Polygon","coordinates":[[[127.40698300909312,36.34140679636277],[127.40698300909312,36.350400000000015],[127.41597621273037,36.350400000000015],[127.41597621273037,36.34140679636277],[127.40698300909312,36.34140679636277]]]}},{"type":"Feature","properties":{"jobs":36350,"pop":33151,"pointCount":9,"homeWorkCommuteMedian":3955,"workHomeCommuteMedian":3521},"geometry":{"type":"Polygon","coordinates":[[[127.40698300909312,36.350400000000015],[127.40698300909312,36.35939320363726],[127.41597621273037,36.35939320363726],[127.41597621273037,36.350400000000015],[127.40698300909312,36.350400000000015]]]}},{"type":"Feature","properties":{"jobs":46512,"pop":35110,"pointCount":9,"homeWorkCommuteMedian":4612,"workHomeCommuteMedian":4424},"geometry":{"type":"Polygon","coordinates":[[[127.40698300909312,36.35939320363726],[127.40698300909312,36.36838640727451],[127.41597621273037,36.36838640727451],[127.41597621273037,36.35939320363726],[127.40698300909312,36.35939320363726]]]}},{"type":"Feature","properties":{"jobs":1835,"pop":23,"pointCount":1,"homeWorkCommuteMedian":3065,"workHomeCommuteMedian":3565},"geometry":{"type":"Polygon","coordinates":[[[127.40698300909312,36.36838640727451],[127.40698300909312,36.37737961091175],[127.41597621273037,36.37737961091175],[127.41597621273037,36.36838640727451],[127.40698300909312,36.36838640727451]]]}},{"type":"Feature","properties":{"jobs":7806,"pop":1101,"pointCount":3,"homeWorkCommuteMedian":6993,"workHomeCommuteMedian":5981},"geometry":{"type":"Polygon","coordinates":[[[127.40698300909312,36.386372814549],[127.40698300909312,36.395366018186245],[127.41597621273037,36.395366018186245],[127.41597621273037,36.386372814549],[127.40698300909312,36.386372814549]]]}},{"type":"Feature","properties":{"jobs":13341,"pop":3508,"pointCount":3,"homeWorkCommuteMedian":7247,"workHomeCommuteMedian":7026},"geometry":{"type":"Polygon","coordinates":[[[127.40698300909312,36.395366018186245],[127.40698300909312,36.40435922182349],[127.41597621273037,36.40435922182349],[127.41597621273037,36.395366018186245],[127.40698300909312,36.395366018186245]]]}},{"type":"Feature","properties":{"jobs":35544,"pop":9325,"pointCount":7,"homeWorkCommuteMedian":5530,"workHomeCommuteMedian":7505},"geometry":{"type":"Polygon","coordinates":[[[127.40698300909312,36.440332036372475],[127.40698300909312,36.44932524000972],[127.41597621273037,36.44932524000972],[127.41597621273037,36.440332036372475],[127.40698300909312,36.440332036372475]]]}},{"type":"Feature","properties":{"jobs":579,"pop":23,"pointCount":1,"homeWorkCommuteMedian":8155,"workHomeCommuteMedian":8111},"geometry":{"type":"Polygon","coordinates":[[[127.40698300909312,36.485298054558704],[127.40698300909312,36.49429125819595],[127.41597621273037,36.49429125819595],[127.41597621273037,36.485298054558704],[127.40698300909312,36.485298054558704]]]}},{"type":"Feature","properties":{"jobs":707,"pop":28,"pointCount":2,"homeWorkCommuteMedian":7298,"workHomeCommuteMedian":7298},"geometry":{"type":"Polygon","coordinates":[[[127.40698300909312,36.49429125819595],[127.40698300909312,36.503284461833196],[127.41597621273037,36.503284461833196],[127.41597621273037,36.49429125819595],[127.40698300909312,36.49429125819595]]]}},{"type":"Feature","properties":{"jobs":3478,"pop":864,"pointCount":1,"homeWorkCommuteMedian":13138,"workHomeCommuteMedian":12761},"geometry":{"type":"Polygon","coordinates":[[[127.41597621273037,36.23348835271582],[127.41597621273037,36.24248155635306],[127.42496941636762,36.24248155635306],[127.42496941636762,36.23348835271582],[127.41597621273037,36.23348835271582]]]}},{"type":"Feature","properties":{"jobs":1623,"pop":217,"pointCount":1,"homeWorkCommuteMedian":12162,"workHomeCommuteMedian":11383},"geometry":{"type":"Polygon","coordinates":[[[127.41597621273037,36.24248155635306],[127.41597621273037,36.25147475999031],[127.42496941636762,36.25147475999031],[127.42496941636762,36.24248155635306],[127.41597621273037,36.24248155635306]]]}},{"type":"Feature","properties":{"jobs":3941,"pop":646,"pointCount":2,"homeWorkCommuteMedian":8548,"workHomeCommuteMedian":8007},"geometry":{"type":"Polygon","coordinates":[[[127.41597621273037,36.27845437090205],[127.41597621273037,36.28744757453929],[127.42496941636762,36.28744757453929],[127.42496941636762,36.27845437090205],[127.41597621273037,36.27845437090205]]]}},{"type":"Feature","properties":{"jobs":6148,"pop":2070,"pointCount":4,"homeWorkCommuteMedian":4293,"workHomeCommuteMedian":2211},"geometry":{"type":"Polygon","coordinates":[[[127.41597621273037,36.305433981813785],[127.41597621273037,36.31442718545103],[127.42496941636762,36.31442718545103],[127.42496941636762,36.305433981813785],[127.41597621273037,36.305433981813785]]]}},{"type":"Feature","properties":{"jobs":52589,"pop":10373,"pointCount":12,"homeWorkCommuteMedian":2934,"workHomeCommuteMedian":3127},"geometry":{"type":"Polygon","coordinates":[[[127.41597621273037,36.31442718545103],[127.41597621273037,36.32342038908828],[127.42496941636762,36.32342038908828],[127.42496941636762,36.31442718545103],[127.41597621273037,36.31442718545103]]]}},{"type":"Feature","properties":{"jobs":57402,"pop":23594,"pointCount":4,"homeWorkCommuteMedian":3776,"workHomeCommuteMedian":3955},"geometry":{"type":"Polygon","coordinates":[[[127.41597621273037,36.32342038908828],[127.41597621273037,36.33241359272552],[127.42496941636762,36.33241359272552],[127.42496941636762,36.32342038908828],[127.41597621273037,36.32342038908828]]]}},{"type":"Feature","properties":{"jobs":63841,"pop":41824,"pointCount":9,"homeWorkCommuteMedian":4016,"workHomeCommuteMedian":3955},"geometry":{"type":"Polygon","coordinates":[[[127.41597621273037,36.33241359272552],[127.41597621273037,36.34140679636277],[127.42496941636762,36.34140679636277],[127.42496941636762,36.33241359272552],[127.41597621273037,36.33241359272552]]]}},{"type":"Feature","properties":{"jobs":27541,"pop":9023,"pointCount":11,"homeWorkCommuteMedian":2931,"workHomeCommuteMedian":2883},"geometry":{"type":"Polygon","coordinates":[[[127.41597621273037,36.34140679636277],[127.41597621273037,36.350400000000015],[127.42496941636762,36.350400000000015],[127.42496941636762,36.34140679636277],[127.41597621273037,36.34140679636277]]]}},{"type":"Feature","properties":{"jobs":23558,"pop":3083,"pointCount":7,"homeWorkCommuteMedian":3318,"workHomeCommuteMedian":3613},"geometry":{"type":"Polygon","coordinates":[[[127.41597621273037,36.350400000000015],[127.41597621273037,36.35939320363726],[127.42496941636762,36.35939320363726],[127.42496941636762,36.350400000000015],[127.41597621273037,36.350400000000015]]]}},{"type":"Feature","properties":{"jobs":49079,"pop":12976,"pointCount":10,"homeWorkCommuteMedian":3765,"workHomeCommuteMedian":4077},"geometry":{"type":"Polygon","coordinates":[[[127.41597621273037,36.35939320363726],[127.41597621273037,36.36838640727451],[127.42496941636762,36.36838640727451],[127.42496941636762,36.35939320363726],[127.41597621273037,36.35939320363726]]]}},{"type":"Feature","properties":{"jobs":6678,"pop":1608,"pointCount":4,"homeWorkCommuteMedian":3496,"workHomeCommuteMedian":3258},"geometry":{"type":"Polygon","coordinates":[[[127.41597621273037,36.36838640727451],[127.41597621273037,36.37737961091175],[127.42496941636762,36.37737961091175],[127.42496941636762,36.36838640727451],[127.41597621273037,36.36838640727451]]]}},{"type":"Feature","properties":{"jobs":5346,"pop":1014,"pointCount":3,"homeWorkCommuteMedian":3065,"workHomeCommuteMedian":3765},"geometry":{"type":"Polygon","coordinates":[[[127.41597621273037,36.37737961091175],[127.41597621273037,36.386372814549],[127.42496941636762,36.386372814549],[127.42496941636762,36.37737961091175],[127.41597621273037,36.37737961091175]]]}},{"type":"Feature","properties":{"jobs":11696,"pop":2529,"pointCount":3,"homeWorkCommuteMedian":6993,"workHomeCommuteMedian":7581},"geometry":{"type":"Polygon","coordinates":[[[127.41597621273037,36.386372814549],[127.41597621273037,36.395366018186245],[127.42496941636762,36.395366018186245],[127.42496941636762,36.386372814549],[127.41597621273037,36.386372814549]]]}},{"type":"Feature","properties":{"jobs":35873,"pop":17925,"pointCount":4,"homeWorkCommuteMedian":6468,"workHomeCommuteMedian":6560},"geometry":{"type":"Polygon","coordinates":[[[127.41597621273037,36.395366018186245],[127.41597621273037,36.40435922182349],[127.42496941636762,36.40435922182349],[127.42496941636762,36.395366018186245],[127.41597621273037,36.395366018186245]]]}},{"type":"Feature","properties":{"jobs":6106,"pop":905,"pointCount":3,"homeWorkCommuteMedian":5805,"workHomeCommuteMedian":5528},"geometry":{"type":"Polygon","coordinates":[[[127.41597621273037,36.42234562909798],[127.41597621273037,36.43133883273523],[127.42496941636762,36.43133883273523],[127.42496941636762,36.42234562909798],[127.41597621273037,36.42234562909798]]]}},{"type":"Feature","properties":{"jobs":60135,"pop":31900,"pointCount":6,"homeWorkCommuteMedian":6332,"workHomeCommuteMedian":6775},"geometry":{"type":"Polygon","coordinates":[[[127.41597621273037,36.43133883273523],[127.41597621273037,36.440332036372475],[127.42496941636762,36.440332036372475],[127.42496941636762,36.43133883273523],[127.41597621273037,36.43133883273523]]]}},{"type":"Feature","properties":{"jobs":8553,"pop":1515,"pointCount":9,"homeWorkCommuteMedian":2857,"workHomeCommuteMedian":5176},"geometry":{"type":"Polygon","coordinates":[[[127.41597621273037,36.440332036372475],[127.41597621273037,36.44932524000972],[127.42496941636762,36.44932524000972],[127.42496941636762,36.440332036372475],[127.41597621273037,36.440332036372475]]]}},{"type":"Feature","properties":{"jobs":13407,"pop":26521,"pointCount":5,"homeWorkCommuteMedian":5504,"workHomeCommuteMedian":5258},"geometry":{"type":"Polygon","coordinates":[[[127.41597621273037,36.44932524000972],[127.41597621273037,36.45831844364697],[127.42496941636762,36.45831844364697],[127.42496941636762,36.44932524000972],[127.41597621273037,36.44932524000972]]]}},{"type":"Feature","properties":{"jobs":1284,"pop":251,"pointCount":1,"homeWorkCommuteMedian":22312,"workHomeCommuteMedian":9127},"geometry":{"type":"Polygon","coordinates":[[[127.41597621273037,36.46731164728421],[127.41597621273037,36.47630485092146],[127.42496941636762,36.47630485092146],[127.42496941636762,36.46731164728421],[127.41597621273037,36.46731164728421]]]}},{"type":"Feature","properties":{"jobs":654,"pop":26,"pointCount":1,"homeWorkCommuteMedian":8123,"workHomeCommuteMedian":8123},"geometry":{"type":"Polygon","coordinates":[[[127.41597621273037,36.49429125819595],[127.41597621273037,36.503284461833196],[127.42496941636762,36.503284461833196],[127.42496941636762,36.49429125819595],[127.41597621273037,36.49429125819595]]]}},{"type":"Feature","properties":{"jobs":6145,"pop":2191,"pointCount":1,"homeWorkCommuteMedian":12606,"workHomeCommuteMedian":12664},"geometry":{"type":"Polygon","coordinates":[[[127.42496941636762,36.24248155635306],[127.42496941636762,36.25147475999031],[127.43396262000486,36.25147475999031],[127.43396262000486,36.24248155635306],[127.42496941636762,36.24248155635306]]]}},{"type":"Feature","properties":{"jobs":17131,"pop":6656,"pointCount":11,"homeWorkCommuteMedian":3426,"workHomeCommuteMedian":3339},"geometry":{"type":"Polygon","coordinates":[[[127.42496941636762,36.305433981813785],[127.42496941636762,36.31442718545103],[127.43396262000486,36.31442718545103],[127.43396262000486,36.305433981813785],[127.42496941636762,36.305433981813785]]]}},{"type":"Feature","properties":{"jobs":29302,"pop":10273,"pointCount":7,"homeWorkCommuteMedian":3565,"workHomeCommuteMedian":4253},"geometry":{"type":"Polygon","coordinates":[[[127.42496941636762,36.31442718545103],[127.42496941636762,36.32342038908828],[127.43396262000486,36.32342038908828],[127.43396262000486,36.31442718545103],[127.42496941636762,36.31442718545103]]]}},{"type":"Feature","properties":{"jobs":49569,"pop":19548,"pointCount":16,"homeWorkCommuteMedian":3565,"workHomeCommuteMedian":3500},"geometry":{"type":"Polygon","coordinates":[[[127.42496941636762,36.32342038908828],[127.42496941636762,36.33241359272552],[127.43396262000486,36.33241359272552],[127.43396262000486,36.32342038908828],[127.42496941636762,36.32342038908828]]]}},{"type":"Feature","properties":{"jobs":29573,"pop":55478,"pointCount":7,"homeWorkCommuteMedian":4124,"workHomeCommuteMedian":3496},"geometry":{"type":"Polygon","coordinates":[[[127.42496941636762,36.33241359272552],[127.42496941636762,36.34140679636277],[127.43396262000486,36.34140679636277],[127.43396262000486,36.33241359272552],[127.42496941636762,36.33241359272552]]]}},{"type":"Feature","properties":{"jobs":32332,"pop":16747,"pointCount":7,"homeWorkCommuteMedian":2883,"workHomeCommuteMedian":2817},"geometry":{"type":"Polygon","coordinates":[[[127.42496941636762,36.34140679636277],[127.42496941636762,36.350400000000015],[127.43396262000486,36.350400000000015],[127.43396262000486,36.34140679636277],[127.42496941636762,36.34140679636277]]]}},{"type":"Feature","properties":{"jobs":60818,"pop":30389,"pointCount":9,"homeWorkCommuteMedian":3294,"workHomeCommuteMedian":3496},"geometry":{"type":"Polygon","coordinates":[[[127.42496941636762,36.350400000000015],[127.42496941636762,36.35939320363726],[127.43396262000486,36.35939320363726],[127.43396262000486,36.350400000000015],[127.42496941636762,36.350400000000015]]]}},{"type":"Feature","properties":{"jobs":33951,"pop":28977,"pointCount":17,"homeWorkCommuteMedian":4080,"workHomeCommuteMedian":3228},"geometry":{"type":"Polygon","coordinates":[[[127.42496941636762,36.35939320363726],[127.42496941636762,36.36838640727451],[127.43396262000486,36.36838640727451],[127.43396262000486,36.35939320363726],[127.42496941636762,36.35939320363726]]]}},{"type":"Feature","properties":{"jobs":18500,"pop":8621,"pointCount":12,"homeWorkCommuteMedian":4424,"workHomeCommuteMedian":3890},"geometry":{"type":"Polygon","coordinates":[[[127.42496941636762,36.36838640727451],[127.42496941636762,36.37737961091175],[127.43396262000486,36.37737961091175],[127.43396262000486,36.36838640727451],[127.42496941636762,36.36838640727451]]]}},{"type":"Feature","properties":{"jobs":829,"pop":0,"pointCount":2,"homeWorkCommuteMedian":-1,"workHomeCommuteMedian":5348},"geometry":{"type":"Polygon","coordinates":[[[127.42496941636762,36.37737961091175],[127.42496941636762,36.386372814549],[127.43396262000486,36.386372814549],[127.43396262000486,36.37737961091175],[127.42496941636762,36.37737961091175]]]}},{"type":"Feature","properties":{"jobs":1098,"pop":0,"pointCount":1,"homeWorkCommuteMedian":-1,"workHomeCommuteMedian":4067},"geometry":{"type":"Polygon","coordinates":[[[127.42496941636762,36.386372814549],[127.42496941636762,36.395366018186245],[127.43396262000486,36.395366018186245],[127.43396262000486,36.386372814549],[127.42496941636762,36.386372814549]]]}},{"type":"Feature","properties":{"jobs":1290,"pop":7342,"pointCount":4,"homeWorkCommuteMedian":7058,"workHomeCommuteMedian":4896},"geometry":{"type":"Polygon","coordinates":[[[127.42496941636762,36.395366018186245],[127.42496941636762,36.40435922182349],[127.43396262000486,36.40435922182349],[127.43396262000486,36.395366018186245],[127.42496941636762,36.395366018186245]]]}},{"type":"Feature","properties":{"jobs":4384,"pop":15414,"pointCount":3,"homeWorkCommuteMedian":6583,"workHomeCommuteMedian":7027},"geometry":{"type":"Polygon","coordinates":[[[127.42496941636762,36.43133883273523],[127.42496941636762,36.440332036372475],[127.43396262000486,36.440332036372475],[127.43396262000486,36.43133883273523],[127.42496941636762,36.43133883273523]]]}},{"type":"Feature","properties":{"jobs":6036,"pop":2135,"pointCount":4,"homeWorkCommuteMedian":3413,"workHomeCommuteMedian":3476},"geometry":{"type":"Polygon","coordinates":[[[127.42496941636762,36.440332036372475],[127.42496941636762,36.44932524000972],[127.43396262000486,36.44932524000972],[127.43396262000486,36.440332036372475],[127.42496941636762,36.440332036372475]]]}},{"type":"Feature","properties":{"jobs":11612,"pop":4379,"pointCount":8,"homeWorkCommuteMedian":4422,"workHomeCommuteMedian":4885},"geometry":{"type":"Polygon","coordinates":[[[127.42496941636762,36.44932524000972],[127.42496941636762,36.45831844364697],[127.43396262000486,36.45831844364697],[127.43396262000486,36.44932524000972],[127.42496941636762,36.44932524000972]]]}},{"type":"Feature","properties":{"jobs":1567,"pop":32,"pointCount":3,"homeWorkCommuteMedian":9461,"workHomeCommuteMedian":8802},"geometry":{"type":"Polygon","coordinates":[[[127.42496941636762,36.46731164728421],[127.42496941636762,36.47630485092146],[127.43396262000486,36.47630485092146],[127.43396262000486,36.46731164728421],[127.42496941636762,36.46731164728421]]]}},{"type":"Feature","properties":{"jobs":7,"pop":0,"pointCount":2,"homeWorkCommuteMedian":-1,"workHomeCommuteMedian":5177},"geometry":{"type":"Polygon","coordinates":[[[127.42496941636762,36.47630485092146],[127.42496941636762,36.485298054558704],[127.43396262000486,36.485298054558704],[127.43396262000486,36.47630485092146],[127.42496941636762,36.47630485092146]]]}},{"type":"Feature","properties":{"jobs":894,"pop":235,"pointCount":1,"homeWorkCommuteMedian":42034,"workHomeCommuteMedian":7430},"geometry":{"type":"Polygon","coordinates":[[[127.42496941636762,36.485298054558704],[127.42496941636762,36.49429125819595],[127.43396262000486,36.49429125819595],[127.43396262000486,36.485298054558704],[127.42496941636762,36.485298054558704]]]}},{"type":"Feature","properties":{"jobs":919,"pop":36,"pointCount":1,"homeWorkCommuteMedian":5826,"workHomeCommuteMedian":5979},"geometry":{"type":"Polygon","coordinates":[[[127.42496941636762,36.49429125819595],[127.42496941636762,36.503284461833196],[127.43396262000486,36.503284461833196],[127.43396262000486,36.49429125819595],[127.42496941636762,36.49429125819595]]]}},{"type":"Feature","properties":{"jobs":503,"pop":20,"pointCount":1,"homeWorkCommuteMedian":4896,"workHomeCommuteMedian":-1},"geometry":{"type":"Polygon","coordinates":[[[127.42496941636762,36.503284461833196],[127.42496941636762,36.51227766547044],[127.43396262000486,36.51227766547044],[127.43396262000486,36.503284461833196],[127.42496941636762,36.503284461833196]]]}},{"type":"Feature","properties":{"jobs":1345,"pop":198,"pointCount":2,"homeWorkCommuteMedian":17785,"workHomeCommuteMedian":4400},"geometry":{"type":"Polygon","coordinates":[[[127.43396262000486,36.215501945441325],[127.43396262000486,36.22449514907857],[127.44295582364211,36.22449514907857],[127.44295582364211,36.215501945441325],[127.43396262000486,36.215501945441325]]]}},{"type":"Feature","properties":{"jobs":203,"pop":200,"pointCount":1,"homeWorkCommuteMedian":12512,"workHomeCommuteMedian":-1},"geometry":{"type":"Polygon","coordinates":[[[127.43396262000486,36.25147475999031],[127.43396262000486,36.260467963627555],[127.44295582364211,36.260467963627555],[127.44295582364211,36.25147475999031],[127.43396262000486,36.25147475999031]]]}},{"type":"Feature","properties":{"jobs":3550,"pop":10145,"pointCount":2,"homeWorkCommuteMedian":6351,"workHomeCommuteMedian":3230},"geometry":{"type":"Polygon","coordinates":[[[127.43396262000486,36.29644077817654],[127.43396262000486,36.305433981813785],[127.44295582364211,36.305433981813785],[127.44295582364211,36.29644077817654],[127.43396262000486,36.29644077817654]]]}},{"type":"Feature","properties":{"jobs":19874,"pop":5815,"pointCount":8,"homeWorkCommuteMedian":3279,"workHomeCommuteMedian":3496},"geometry":{"type":"Polygon","coordinates":[[[127.43396262000486,36.305433981813785],[127.43396262000486,36.31442718545103],[127.44295582364211,36.31442718545103],[127.44295582364211,36.305433981813785],[127.43396262000486,36.305433981813785]]]}},{"type":"Feature","properties":{"jobs":23930,"pop":10166,"pointCount":5,"homeWorkCommuteMedian":2892,"workHomeCommuteMedian":3065},"geometry":{"type":"Polygon","coordinates":[[[127.43396262000486,36.31442718545103],[127.43396262000486,36.32342038908828],[127.44295582364211,36.32342038908828],[127.44295582364211,36.31442718545103],[127.43396262000486,36.31442718545103]]]}},{"type":"Feature","properties":{"jobs":40606,"pop":20609,"pointCount":6,"homeWorkCommuteMedian":3591,"workHomeCommuteMedian":3565},"geometry":{"type":"Polygon","coordinates":[[[127.43396262000486,36.32342038908828],[127.43396262000486,36.33241359272552],[127.44295582364211,36.33241359272552],[127.44295582364211,36.32342038908828],[127.43396262000486,36.32342038908828]]]}},{"type":"Feature","properties":{"jobs":122163,"pop":211812,"pointCount":11,"homeWorkCommuteMedian":4870,"workHomeCommuteMedian":5548},"geometry":{"type":"Polygon","coordinates":[[[127.43396262000486,36.33241359272552],[127.43396262000486,36.34140679636277],[127.44295582364211,36.34140679636277],[127.44295582364211,36.33241359272552],[127.43396262000486,36.33241359272552]]]}},{"type":"Feature","properties":{"jobs":54723,"pop":31692,"pointCount":9,"homeWorkCommuteMedian":3496,"workHomeCommuteMedian":3810},"geometry":{"type":"Polygon","coordinates":[[[127.43396262000486,36.34140679636277],[127.43396262000486,36.350400000000015],[127.44295582364211,36.350400000000015],[127.44295582364211,36.34140679636277],[127.43396262000486,36.34140679636277]]]}},{"type":"Feature","properties":{"jobs":62778,"pop":36916,"pointCount":6,"homeWorkCommuteMedian":3496,"workHomeCommuteMedian":3484},"geometry":{"type":"Polygon","coordinates":[[[127.43396262000486,36.350400000000015],[127.43396262000486,36.35939320363726],[127.44295582364211,36.35939320363726],[127.44295582364211,36.350400000000015],[127.43396262000486,36.350400000000015]]]}},{"type":"Feature","properties":{"jobs":50423,"pop":18022,"pointCount":13,"homeWorkCommuteMedian":4477,"workHomeCommuteMedian":4296},"geometry":{"type":"Polygon","coordinates":[[[127.43396262000486,36.35939320363726],[127.43396262000486,36.36838640727451],[127.44295582364211,36.36838640727451],[127.44295582364211,36.35939320363726],[127.43396262000486,36.35939320363726]]]}},{"type":"Feature","properties":{"jobs":33211,"pop":23444,"pointCount":4,"homeWorkCommuteMedian":5042,"workHomeCommuteMedian":3486},"geometry":{"type":"Polygon","coordinates":[[[127.43396262000486,36.36838640727451],[127.43396262000486,36.37737961091175],[127.44295582364211,36.37737961091175],[127.44295582364211,36.36838640727451],[127.43396262000486,36.36838640727451]]]}},{"type":"Feature","properties":{"jobs":12501,"pop":0,"pointCount":1,"homeWorkCommuteMedian":-1,"workHomeCommuteMedian":6455},"geometry":{"type":"Polygon","coordinates":[[[127.43396262000486,36.40435922182349],[127.43396262000486,36.41335242546074],[127.44295582364211,36.41335242546074],[127.44295582364211,36.40435922182349],[127.43396262000486,36.40435922182349]]]}},{"type":"Feature","properties":{"jobs":1915,"pop":190,"pointCount":3,"homeWorkCommuteMedian":9813,"workHomeCommuteMedian":7239},"geometry":{"type":"Polygon","coordinates":[[[127.43396262000486,36.41335242546074],[127.43396262000486,36.42234562909798],[127.44295582364211,36.42234562909798],[127.44295582364211,36.41335242546074],[127.43396262000486,36.41335242546074]]]}},{"type":"Feature","properties":{"jobs":1538,"pop":67,"pointCount":3,"homeWorkCommuteMedian":7097,"workHomeCommuteMedian":6099},"geometry":{"type":"Polygon","coordinates":[[[127.43396262000486,36.43133883273523],[127.43396262000486,36.440332036372475],[127.44295582364211,36.440332036372475],[127.44295582364211,36.43133883273523],[127.43396262000486,36.43133883273523]]]}},{"type":"Feature","properties":{"jobs":10512,"pop":146,"pointCount":5,"homeWorkCommuteMedian":3496,"workHomeCommuteMedian":5595},"geometry":{"type":"Polygon","coordinates":[[[127.43396262000486,36.440332036372475],[127.43396262000486,36.44932524000972],[127.44295582364211,36.44932524000972],[127.44295582364211,36.440332036372475],[127.43396262000486,36.440332036372475]]]}},{"type":"Feature","properties":{"jobs":3679,"pop":1036,"pointCount":5,"homeWorkCommuteMedian":4438,"workHomeCommuteMedian":4633},"geometry":{"type":"Polygon","coordinates":[[[127.43396262000486,36.44932524000972],[127.43396262000486,36.45831844364697],[127.44295582364211,36.45831844364697],[127.44295582364211,36.44932524000972],[127.43396262000486,36.44932524000972]]]}},{"type":"Feature","properties":{"jobs":75,"pop":868,"pointCount":1,"homeWorkCommuteMedian":8569,"workHomeCommuteMedian":-1},"geometry":{"type":"Polygon","coordinates":[[[127.43396262000486,36.485298054558704],[127.43396262000486,36.49429125819595],[127.44295582364211,36.49429125819595],[127.44295582364211,36.485298054558704],[127.43396262000486,36.485298054558704]]]}},{"type":"Feature","properties":{"jobs":5592,"pop":20,"pointCount":2,"homeWorkCommuteMedian":13577,"workHomeCommuteMedian":23681},"geometry":{"type":"Polygon","coordinates":[[[127.44295582364211,36.18852233452959],[127.44295582364211,36.19751553816683],[127.45194902727935,36.19751553816683],[127.45194902727935,36.18852233452959],[127.44295582364211,36.18852233452959]]]}},{"type":"Feature","properties":{"jobs":1215,"pop":146,"pointCount":1,"homeWorkCommuteMedian":3955,"workHomeCommuteMedian":4083},"geometry":{"type":"Polygon","coordinates":[[[127.44295582364211,36.28744757453929],[127.44295582364211,36.29644077817654],[127.45194902727935,36.29644077817654],[127.45194902727935,36.28744757453929],[127.44295582364211,36.28744757453929]]]}},{"type":"Feature","properties":{"jobs":15141,"pop":5773,"pointCount":5,"homeWorkCommuteMedian":4005,"workHomeCommuteMedian":3773},"geometry":{"type":"Polygon","coordinates":[[[127.44295582364211,36.29644077817654],[127.44295582364211,36.305433981813785],[127.45194902727935,36.305433981813785],[127.45194902727935,36.29644077817654],[127.44295582364211,36.29644077817654]]]}},{"type":"Feature","properties":{"jobs":13712,"pop":4365,"pointCount":6,"homeWorkCommuteMedian":3438,"workHomeCommuteMedian":3496},"geometry":{"type":"Polygon","coordinates":[[[127.44295582364211,36.305433981813785],[127.44295582364211,36.31442718545103],[127.45194902727935,36.31442718545103],[127.45194902727935,36.305433981813785],[127.44295582364211,36.305433981813785]]]}},{"type":"Feature","properties":{"jobs":18469,"pop":5180,"pointCount":7,"homeWorkCommuteMedian":2883,"workHomeCommuteMedian":3094},"geometry":{"type":"Polygon","coordinates":[[[127.44295582364211,36.31442718545103],[127.44295582364211,36.32342038908828],[127.45194902727935,36.32342038908828],[127.45194902727935,36.31442718545103],[127.44295582364211,36.31442718545103]]]}},{"type":"Feature","properties":{"jobs":28524,"pop":16007,"pointCount":13,"homeWorkCommuteMedian":3589,"workHomeCommuteMedian":3125},"geometry":{"type":"Polygon","coordinates":[[[127.44295582364211,36.32342038908828],[127.44295582364211,36.33241359272552],[127.45194902727935,36.33241359272552],[127.45194902727935,36.32342038908828],[127.44295582364211,36.32342038908828]]]}},{"type":"Feature","properties":{"jobs":44540,"pop":22889,"pointCount":9,"homeWorkCommuteMedian":3133,"workHomeCommuteMedian":3045},"geometry":{"type":"Polygon","coordinates":[[[127.44295582364211,36.33241359272552],[127.44295582364211,36.34140679636277],[127.45194902727935,36.34140679636277],[127.45194902727935,36.33241359272552],[127.44295582364211,36.33241359272552]]]}},{"type":"Feature","properties":{"jobs":43672,"pop":17520,"pointCount":9,"homeWorkCommuteMedian":3218,"workHomeCommuteMedian":3000},"geometry":{"type":"Polygon","coordinates":[[[127.44295582364211,36.34140679636277],[127.44295582364211,36.350400000000015],[127.45194902727935,36.350400000000015],[127.45194902727935,36.34140679636277],[127.44295582364211,36.34140679636277]]]}},{"type":"Feature","properties":{"jobs":61543,"pop":24618,"pointCount":11,"homeWorkCommuteMedian":4077,"workHomeCommuteMedian":3721},"geometry":{"type":"Polygon","coordinates":[[[127.44295582364211,36.350400000000015],[127.44295582364211,36.35939320363726],[127.45194902727935,36.35939320363726],[127.45194902727935,36.350400000000015],[127.44295582364211,36.350400000000015]]]}},{"type":"Feature","properties":{"jobs":22487,"pop":27314,"pointCount":11,"homeWorkCommuteMedian":4944,"workHomeCommuteMedian":3602},"geometry":{"type":"Polygon","coordinates":[[[127.44295582364211,36.35939320363726],[127.44295582364211,36.36838640727451],[127.45194902727935,36.36838640727451],[127.45194902727935,36.35939320363726],[127.44295582364211,36.35939320363726]]]}},{"type":"Feature","properties":{"jobs":2748,"pop":789,"pointCount":2,"homeWorkCommuteMedian":6075,"workHomeCommuteMedian":5974},"geometry":{"type":"Polygon","coordinates":[[[127.44295582364211,36.43133883273523],[127.44295582364211,36.440332036372475],[127.45194902727935,36.440332036372475],[127.45194902727935,36.43133883273523],[127.44295582364211,36.43133883273523]]]}},{"type":"Feature","properties":{"jobs":704,"pop":138,"pointCount":1,"homeWorkCommuteMedian":6345,"workHomeCommuteMedian":5325},"geometry":{"type":"Polygon","coordinates":[[[127.44295582364211,36.440332036372475],[127.44295582364211,36.44932524000972],[127.45194902727935,36.44932524000972],[127.45194902727935,36.440332036372475],[127.44295582364211,36.440332036372475]]]}},{"type":"Feature","properties":{"jobs":1550,"pop":414,"pointCount":1,"homeWorkCommuteMedian":5964,"workHomeCommuteMedian":5375},"geometry":{"type":"Polygon","coordinates":[[[127.44295582364211,36.44932524000972],[127.44295582364211,36.45831844364697],[127.45194902727935,36.45831844364697],[127.45194902727935,36.44932524000972],[127.44295582364211,36.44932524000972]]]}},{"type":"Feature","properties":{"jobs":729,"pop":52,"pointCount":2,"homeWorkCommuteMedian":7445,"workHomeCommuteMedian":4434},"geometry":{"type":"Polygon","coordinates":[[[127.44295582364211,36.45831844364697],[127.44295582364211,36.46731164728421],[127.45194902727935,36.46731164728421],[127.45194902727935,36.45831844364697],[127.44295582364211,36.45831844364697]]]}},{"type":"Feature","properties":{"jobs":75,"pop":200,"pointCount":1,"homeWorkCommuteMedian":19617,"workHomeCommuteMedian":-1},"geometry":{"type":"Polygon","coordinates":[[[127.44295582364211,36.47630485092146],[127.44295582364211,36.485298054558704],[127.45194902727935,36.485298054558704],[127.45194902727935,36.47630485092146],[127.44295582364211,36.47630485092146]]]}},{"type":"Feature","properties":{"jobs":1158,"pop":46,"pointCount":1,"homeWorkCommuteMedian":5584,"workHomeCommuteMedian":8631},"geometry":{"type":"Polygon","coordinates":[[[127.44295582364211,36.485298054558704],[127.44295582364211,36.49429125819595],[127.45194902727935,36.49429125819595],[127.45194902727935,36.485298054558704],[127.44295582364211,36.485298054558704]]]}},{"type":"Feature","properties":{"jobs":629,"pop":25,"pointCount":1,"homeWorkCommuteMedian":3912,"workHomeCommuteMedian":7028},"geometry":{"type":"Polygon","coordinates":[[[127.44295582364211,36.503284461833196],[127.44295582364211,36.51227766547044],[127.45194902727935,36.51227766547044],[127.45194902727935,36.503284461833196],[127.44295582364211,36.503284461833196]]]}},{"type":"Feature","properties":{"jobs":5251,"pop":397,"pointCount":3,"homeWorkCommuteMedian":13811,"workHomeCommuteMedian":13823},"geometry":{"type":"Polygon","coordinates":[[[127.45194902727935,36.18852233452959],[127.45194902727935,36.19751553816683],[127.4609422309166,36.19751553816683],[127.4609422309166,36.18852233452959],[127.45194902727935,36.18852233452959]]]}},{"type":"Feature","properties":{"jobs":114,"pop":20061,"pointCount":1,"homeWorkCommuteMedian":4570,"workHomeCommuteMedian":-1},"geometry":{"type":"Polygon","coordinates":[[[127.45194902727935,36.24248155635306],[127.45194902727935,36.25147475999031],[127.4609422309166,36.25147475999031],[127.4609422309166,36.24248155635306],[127.45194902727935,36.24248155635306]]]}},{"type":"Feature","properties":{"jobs":916,"pop":51,"pointCount":2,"homeWorkCommuteMedian":3182,"workHomeCommuteMedian":3185},"geometry":{"type":"Polygon","coordinates":[[[127.45194902727935,36.27845437090205],[127.45194902727935,36.28744757453929],[127.4609422309166,36.28744757453929],[127.4609422309166,36.27845437090205],[127.45194902727935,36.27845437090205]]]}},{"type":"Feature","properties":{"jobs":4975,"pop":1781,"pointCount":2,"homeWorkCommuteMedian":4259,"workHomeCommuteMedian":3800},"geometry":{"type":"Polygon","coordinates":[[[127.45194902727935,36.28744757453929],[127.45194902727935,36.29644077817654],[127.4609422309166,36.29644077817654],[127.4609422309166,36.28744757453929],[127.45194902727935,36.28744757453929]]]}},{"type":"Feature","properties":{"jobs":33924,"pop":9124,"pointCount":9,"homeWorkCommuteMedian":3914,"workHomeCommuteMedian":4477},"geometry":{"type":"Polygon","coordinates":[[[127.45194902727935,36.29644077817654],[127.45194902727935,36.305433981813785],[127.4609422309166,36.305433981813785],[127.4609422309166,36.29644077817654],[127.45194902727935,36.29644077817654]]]}},{"type":"Feature","properties":{"jobs":48917,"pop":26445,"pointCount":12,"homeWorkCommuteMedian":4740,"workHomeCommuteMedian":5352},"geometry":{"type":"Polygon","coordinates":[[[127.45194902727935,36.305433981813785],[127.45194902727935,36.31442718545103],[127.4609422309166,36.31442718545103],[127.4609422309166,36.305433981813785],[127.45194902727935,36.305433981813785]]]}},{"type":"Feature","properties":{"jobs":15232,"pop":5916,"pointCount":8,"homeWorkCommuteMedian":3496,"workHomeCommuteMedian":3342},"geometry":{"type":"Polygon","coordinates":[[[127.45194902727935,36.31442718545103],[127.45194902727935,36.32342038908828],[127.4609422309166,36.32342038908828],[127.4609422309166,36.31442718545103],[127.45194902727935,36.31442718545103]]]}},{"type":"Feature","properties":{"jobs":27650,"pop":4703,"pointCount":9,"homeWorkCommuteMedian":3539,"workHomeCommuteMedian":3173},"geometry":{"type":"Polygon","coordinates":[[[127.45194902727935,36.32342038908828],[127.45194902727935,36.33241359272552],[127.4609422309166,36.33241359272552],[127.4609422309166,36.32342038908828],[127.45194902727935,36.32342038908828]]]}},{"type":"Feature","properties":{"jobs":11563,"pop":1463,"pointCount":7,"homeWorkCommuteMedian":3127,"workHomeCommuteMedian":3696},"geometry":{"type":"Polygon","coordinates":[[[127.45194902727935,36.33241359272552],[127.45194902727935,36.34140679636277],[127.4609422309166,36.34140679636277],[127.4609422309166,36.33241359272552],[127.45194902727935,36.33241359272552]]]}},{"type":"Feature","properties":{"jobs":19870,"pop":1977,"pointCount":5,"homeWorkCommuteMedian":3109,"workHomeCommuteMedian":3751},"geometry":{"type":"Polygon","coordinates":[[[127.45194902727935,36.34140679636277],[127.45194902727935,36.350400000000015],[127.4609422309166,36.350400000000015],[127.4609422309166,36.34140679636277],[127.45194902727935,36.34140679636277]]]}},{"type":"Feature","properties":{"jobs":15243,"pop":13337,"pointCount":4,"homeWorkCommuteMedian":4324,"workHomeCommuteMedian":3316},"geometry":{"type":"Polygon","coordinates":[[[127.45194902727935,36.350400000000015],[127.45194902727935,36.35939320363726],[127.4609422309166,36.35939320363726],[127.4609422309166,36.350400000000015],[127.45194902727935,36.350400000000015]]]}},{"type":"Feature","properties":{"jobs":1268,"pop":304,"pointCount":1,"homeWorkCommuteMedian":6126,"workHomeCommuteMedian":4987},"geometry":{"type":"Polygon","coordinates":[[[127.45194902727935,36.440332036372475],[127.45194902727935,36.44932524000972],[127.4609422309166,36.44932524000972],[127.4609422309166,36.440332036372475],[127.45194902727935,36.440332036372475]]]}},{"type":"Feature","properties":{"jobs":4228,"pop":1402,"pointCount":2,"homeWorkCommuteMedian":6887,"workHomeCommuteMedian":6597},"geometry":{"type":"Polygon","coordinates":[[[127.45194902727935,36.44932524000972],[127.45194902727935,36.45831844364697],[127.4609422309166,36.45831844364697],[127.4609422309166,36.44932524000972],[127.45194902727935,36.44932524000972]]]}},{"type":"Feature","properties":{"jobs":634,"pop":124,"pointCount":1,"homeWorkCommuteMedian":6597,"workHomeCommuteMedian":6359},"geometry":{"type":"Polygon","coordinates":[[[127.45194902727935,36.45831844364697],[127.45194902727935,36.46731164728421],[127.4609422309166,36.46731164728421],[127.4609422309166,36.45831844364697],[127.45194902727935,36.45831844364697]]]}},{"type":"Feature","properties":{"jobs":931,"pop":87,"pointCount":1,"homeWorkCommuteMedian":47390,"workHomeCommuteMedian":2284},"geometry":{"type":"Polygon","coordinates":[[[127.45194902727935,36.51227766547044],[127.45194902727935,36.52127086910769],[127.4609422309166,36.52127086910769],[127.4609422309166,36.51227766547044],[127.45194902727935,36.51227766547044]]]}},{"type":"Feature","properties":{"jobs":1562,"pop":24,"pointCount":2,"homeWorkCommuteMedian":12330,"workHomeCommuteMedian":4821},"geometry":{"type":"Polygon","coordinates":[[[127.4609422309166,36.17952913089234],[127.4609422309166,36.18852233452959],[127.46993543455385,36.18852233452959],[127.46993543455385,36.17952913089234],[127.4609422309166,36.17952913089234]]]}},{"type":"Feature","properties":{"jobs":30824,"pop":3956,"pointCount":5,"homeWorkCommuteMedian":30725,"workHomeCommuteMedian":41551},"geometry":{"type":"Polygon","coordinates":[[[127.4609422309166,36.18852233452959],[127.4609422309166,36.19751553816683],[127.46993543455385,36.19751553816683],[127.46993543455385,36.18852233452959],[127.4609422309166,36.18852233452959]]]}},{"type":"Feature","properties":{"jobs":10839,"pop":0,"pointCount":2,"homeWorkCommuteMedian":-1,"workHomeCommuteMedian":2474},"geometry":{"type":"Polygon","coordinates":[[[127.4609422309166,36.23348835271582],[127.4609422309166,36.24248155635306],[127.46993543455385,36.24248155635306],[127.46993543455385,36.23348835271582],[127.4609422309166,36.23348835271582]]]}},{"type":"Feature","properties":{"jobs":20219,"pop":14033,"pointCount":5,"homeWorkCommuteMedian":8307,"workHomeCommuteMedian":6700},"geometry":{"type":"Polygon","coordinates":[[[127.4609422309166,36.2694611672648],[127.4609422309166,36.27845437090205],[127.46993543455385,36.27845437090205],[127.46993543455385,36.2694611672648],[127.4609422309166,36.2694611672648]]]}},{"type":"Feature","properties":{"jobs":29053,"pop":11979,"pointCount":6,"homeWorkCommuteMedian":7137,"workHomeCommuteMedian":6957},"geometry":{"type":"Polygon","coordinates":[[[127.4609422309166,36.27845437090205],[127.4609422309166,36.28744757453929],[127.46993543455385,36.28744757453929],[127.46993543455385,36.27845437090205],[127.4609422309166,36.27845437090205]]]}},{"type":"Feature","properties":{"jobs":484,"pop":66,"pointCount":1,"homeWorkCommuteMedian":3168,"workHomeCommuteMedian":2269},"geometry":{"type":"Polygon","coordinates":[[[127.4609422309166,36.28744757453929],[127.4609422309166,36.29644077817654],[127.46993543455385,36.29644077817654],[127.46993543455385,36.28744757453929],[127.4609422309166,36.28744757453929]]]}},{"type":"Feature","properties":{"jobs":255,"pop":0,"pointCount":1,"homeWorkCommuteMedian":-1,"workHomeCommuteMedian":6968},"geometry":{"type":"Polygon","coordinates":[[[127.4609422309166,36.29644077817654],[127.4609422309166,36.305433981813785],[127.46993543455385,36.305433981813785],[127.46993543455385,36.29644077817654],[127.4609422309166,36.29644077817654]]]}},{"type":"Feature","properties":{"jobs":44989,"pop":20300,"pointCount":5,"homeWorkCommuteMedian":5196,"workHomeCommuteMedian":4247},"geometry":{"type":"Polygon","coordinates":[[[127.4609422309166,36.31442718545103],[127.4609422309166,36.32342038908828],[127.46993543455385,36.32342038908828],[127.46993543455385,36.31442718545103],[127.4609422309166,36.31442718545103]]]}},{"type":"Feature","properties":{"jobs":37264,"pop":18337,"pointCount":8,"homeWorkCommuteMedian":4694,"workHomeCommuteMedian":4422},"geometry":{"type":"Polygon","coordinates":[[[127.4609422309166,36.32342038908828],[127.4609422309166,36.33241359272552],[127.46993543455385,36.33241359272552],[127.46993543455385,36.32342038908828],[127.4609422309166,36.32342038908828]]]}},{"type":"Feature","properties":{"jobs":45,"pop":11172,"pointCount":1,"homeWorkCommuteMedian":6086,"workHomeCommuteMedian":-1},"geometry":{"type":"Polygon","coordinates":[[[127.4609422309166,36.33241359272552],[127.4609422309166,36.34140679636277],[127.46993543455385,36.34140679636277],[127.46993543455385,36.33241359272552],[127.4609422309166,36.33241359272552]]]}},{"type":"Feature","properties":{"jobs":3734,"pop":1245,"pointCount":3,"homeWorkCommuteMedian":12272,"workHomeCommuteMedian":12260},"geometry":{"type":"Polygon","coordinates":[[[127.4609422309166,36.40435922182349],[127.4609422309166,36.41335242546074],[127.46993543455385,36.41335242546074],[127.46993543455385,36.40435922182349],[127.4609422309166,36.40435922182349]]]}},{"type":"Feature","properties":{"jobs":1409,"pop":359,"pointCount":1,"homeWorkCommuteMedian":12588,"workHomeCommuteMedian":9511},"geometry":{"type":"Polygon","coordinates":[[[127.4609422309166,36.41335242546074],[127.4609422309166,36.42234562909798],[127.46993543455385,36.42234562909798],[127.46993543455385,36.41335242546074],[127.4609422309166,36.41335242546074]]]}},{"type":"Feature","properties":{"jobs":1549,"pop":313,"pointCount":2,"homeWorkCommuteMedian":10170,"workHomeCommuteMedian":10295},"geometry":{"type":"Polygon","coordinates":[[[127.4609422309166,36.42234562909798],[127.4609422309166,36.43133883273523],[127.46993543455385,36.43133883273523],[127.46993543455385,36.42234562909798],[127.4609422309166,36.42234562909798]]]}},{"type":"Feature","properties":{"jobs":563,"pop":93,"pointCount":1,"homeWorkCommuteMedian":9200,"workHomeCommuteMedian":7837},"geometry":{"type":"Polygon","coordinates":[[[127.4609422309166,36.43133883273523],[127.4609422309166,36.440332036372475],[127.46993543455385,36.440332036372475],[127.46993543455385,36.43133883273523],[127.4609422309166,36.43133883273523]]]}},{"type":"Feature","properties":{"jobs":2748,"pop":19532,"pointCount":2,"homeWorkCommuteMedian":4885,"workHomeCommuteMedian":7215},"geometry":{"type":"Polygon","coordinates":[[[127.4609422309166,36.440332036372475],[127.4609422309166,36.44932524000972],[127.46993543455385,36.44932524000972],[127.46993543455385,36.440332036372475],[127.4609422309166,36.440332036372475]]]}},{"type":"Feature","properties":{"jobs":3594,"pop":1105,"pointCount":2,"homeWorkCommuteMedian":7724,"workHomeCommuteMedian":7973},"geometry":{"type":"Polygon","coordinates":[[[127.4609422309166,36.44932524000972],[127.4609422309166,36.45831844364697],[127.46993543455385,36.45831844364697],[127.46993543455385,36.44932524000972],[127.4609422309166,36.44932524000972]]]}},{"type":"Feature","properties":{"jobs":20879,"pop":3671,"pointCount":2,"homeWorkCommuteMedian":9535,"workHomeCommuteMedian":6772},"geometry":{"type":"Polygon","coordinates":[[[127.4609422309166,36.45831844364697],[127.4609422309166,36.46731164728421],[127.46993543455385,36.46731164728421],[127.46993543455385,36.45831844364697],[127.4609422309166,36.45831844364697]]]}},{"type":"Feature","properties":{"jobs":422,"pop":52,"pointCount":1,"homeWorkCommuteMedian":9874,"workHomeCommuteMedian":8955},"geometry":{"type":"Polygon","coordinates":[[[127.4609422309166,36.46731164728421],[127.4609422309166,36.47630485092146],[127.46993543455385,36.47630485092146],[127.46993543455385,36.46731164728421],[127.4609422309166,36.46731164728421]]]}},{"type":"Feature","properties":{"jobs":3621,"pop":337,"pointCount":1,"homeWorkCommuteMedian":14003,"workHomeCommuteMedian":14003},"geometry":{"type":"Polygon","coordinates":[[[127.46993543455385,36.18852233452959],[127.46993543455385,36.19751553816683],[127.47892863819109,36.19751553816683],[127.47892863819109,36.18852233452959],[127.46993543455385,36.18852233452959]]]}},{"type":"Feature","properties":{"jobs":1101,"pop":21,"pointCount":1,"homeWorkCommuteMedian":9298,"workHomeCommuteMedian":9345},"geometry":{"type":"Polygon","coordinates":[[[127.46993543455385,36.25147475999031],[127.46993543455385,36.260467963627555],[127.47892863819109,36.260467963627555],[127.47892863819109,36.25147475999031],[127.46993543455385,36.25147475999031]]]}},{"type":"Feature","properties":{"jobs":1294,"pop":0,"pointCount":2,"homeWorkCommuteMedian":-1,"workHomeCommuteMedian":5910},"geometry":{"type":"Polygon","coordinates":[[[127.46993543455385,36.2694611672648],[127.46993543455385,36.27845437090205],[127.47892863819109,36.27845437090205],[127.47892863819109,36.2694611672648],[127.46993543455385,36.2694611672648]]]}},{"type":"Feature","properties":{"jobs":58,"pop":6551,"pointCount":1,"homeWorkCommuteMedian":6336,"workHomeCommuteMedian":-1},"geometry":{"type":"Polygon","coordinates":[[[127.46993543455385,36.31442718545103],[127.46993543455385,36.32342038908828],[127.47892863819109,36.32342038908828],[127.47892863819109,36.31442718545103],[127.46993543455385,36.31442718545103]]]}},{"type":"Feature","properties":{"jobs":421,"pop":26,"pointCount":2,"homeWorkCommuteMedian":4077,"workHomeCommuteMedian":6302},"geometry":{"type":"Polygon","coordinates":[[[127.46993543455385,36.33241359272552],[127.46993543455385,36.34140679636277],[127.47892863819109,36.34140679636277],[127.47892863819109,36.33241359272552],[127.46993543455385,36.33241359272552]]]}},{"type":"Feature","properties":{"jobs":6032,"pop":23,"pointCount":3,"homeWorkCommuteMedian":7984,"workHomeCommuteMedian":7185},"geometry":{"type":"Polygon","coordinates":[[[127.46993543455385,36.36838640727451],[127.46993543455385,36.37737961091175],[127.47892863819109,36.37737961091175],[127.47892863819109,36.36838640727451],[127.46993543455385,36.36838640727451]]]}},{"type":"Feature","properties":{"jobs":436,"pop":32,"pointCount":1,"homeWorkCommuteMedian":10012,"workHomeCommuteMedian":9427},"geometry":{"type":"Polygon","coordinates":[[[127.46993543455385,36.37737961091175],[127.46993543455385,36.386372814549],[127.47892863819109,36.386372814549],[127.47892863819109,36.37737961091175],[127.46993543455385,36.37737961091175]]]}},{"type":"Feature","properties":{"jobs":1902,"pop":428,"pointCount":2,"homeWorkCommuteMedian":14485,"workHomeCommuteMedian":14265},"geometry":{"type":"Polygon","coordinates":[[[127.46993543455385,36.40435922182349],[127.46993543455385,36.41335242546074],[127.47892863819109,36.41335242546074],[127.47892863819109,36.40435922182349],[127.46993543455385,36.40435922182349]]]}},{"type":"Feature","properties":{"jobs":2396,"pop":765,"pointCount":1,"homeWorkCommuteMedian":14492,"workHomeCommuteMedian":14600},"geometry":{"type":"Polygon","coordinates":[[[127.46993543455385,36.41335242546074],[127.46993543455385,36.42234562909798],[127.47892863819109,36.42234562909798],[127.47892863819109,36.41335242546074],[127.46993543455385,36.41335242546074]]]}},{"type":"Feature","properties":{"jobs":8551,"pop":0,"pointCount":1,"homeWorkCommuteMedian":-1,"workHomeCommuteMedian":3015},"geometry":{"type":"Polygon","coordinates":[[[127.46993543455385,36.44932524000972],[127.46993543455385,36.45831844364697],[127.47892863819109,36.45831844364697],[127.47892863819109,36.44932524000972],[127.46993543455385,36.44932524000972]]]}},{"type":"Feature","properties":{"jobs":2537,"pop":1026,"pointCount":1,"homeWorkCommuteMedian":8786,"workHomeCommuteMedian":9382},"geometry":{"type":"Polygon","coordinates":[[[127.46993543455385,36.45831844364697],[127.46993543455385,36.46731164728421],[127.47892863819109,36.46731164728421],[127.47892863819109,36.45831844364697],[127.46993543455385,36.45831844364697]]]}},{"type":"Feature","properties":{"jobs":1408,"pop":280,"pointCount":2,"homeWorkCommuteMedian":10395,"workHomeCommuteMedian":9538},"geometry":{"type":"Polygon","coordinates":[[[127.46993543455385,36.46731164728421],[127.46993543455385,36.47630485092146],[127.47892863819109,36.47630485092146],[127.47892863819109,36.46731164728421],[127.46993543455385,36.46731164728421]]]}},{"type":"Feature","properties":{"jobs":934,"pop":21,"pointCount":1,"homeWorkCommuteMedian":14142,"workHomeCommuteMedian":12421},"geometry":{"type":"Polygon","coordinates":[[[127.47892863819109,36.17952913089234],[127.47892863819109,36.18852233452959],[127.48792184182834,36.18852233452959],[127.48792184182834,36.17952913089234],[127.47892863819109,36.17952913089234]]]}},{"type":"Feature","properties":{"jobs":12499,"pop":0,"pointCount":1,"homeWorkCommuteMedian":-1,"workHomeCommuteMedian":8542},"geometry":{"type":"Polygon","coordinates":[[[127.47892863819109,36.29644077817654],[127.47892863819109,36.305433981813785],[127.48792184182834,36.305433981813785],[127.48792184182834,36.29644077817654],[127.47892863819109,36.29644077817654]]]}},{"type":"Feature","properties":{"jobs":13026,"pop":20,"pointCount":2,"homeWorkCommuteMedian":3834,"workHomeCommuteMedian":7584},"geometry":{"type":"Polygon","coordinates":[[[127.47892863819109,36.32342038908828],[127.47892863819109,36.33241359272552],[127.48792184182834,36.33241359272552],[127.48792184182834,36.32342038908828],[127.47892863819109,36.32342038908828]]]}},{"type":"Feature","properties":{"jobs":366,"pop":31,"pointCount":1,"homeWorkCommuteMedian":5353,"workHomeCommuteMedian":25666},"geometry":{"type":"Polygon","coordinates":[[[127.47892863819109,36.34140679636277],[127.47892863819109,36.350400000000015],[127.48792184182834,36.350400000000015],[127.48792184182834,36.34140679636277],[127.47892863819109,36.34140679636277]]]}},{"type":"Feature","properties":{"jobs":305,"pop":23,"pointCount":1,"homeWorkCommuteMedian":6254,"workHomeCommuteMedian":6729},"geometry":{"type":"Polygon","coordinates":[[[127.47892863819109,36.350400000000015],[127.47892863819109,36.35939320363726],[127.48792184182834,36.35939320363726],[127.48792184182834,36.350400000000015],[127.47892863819109,36.350400000000015]]]}},{"type":"Feature","properties":{"jobs":450,"pop":34,"pointCount":1,"homeWorkCommuteMedian":10856,"workHomeCommuteMedian":10151},"geometry":{"type":"Polygon","coordinates":[[[127.47892863819109,36.37737961091175],[127.47892863819109,36.386372814549],[127.48792184182834,36.386372814549],[127.48792184182834,36.37737961091175],[127.47892863819109,36.37737961091175]]]}},{"type":"Feature","properties":{"jobs":16,"pop":0,"pointCount":1,"homeWorkCommuteMedian":-1,"workHomeCommuteMedian":17121},"geometry":{"type":"Polygon","coordinates":[[[127.47892863819109,36.41335242546074],[127.47892863819109,36.42234562909798],[127.48792184182834,36.42234562909798],[127.48792184182834,36.41335242546074],[127.47892863819109,36.41335242546074]]]}},{"type":"Feature","properties":{"jobs":159,"pop":3067,"pointCount":1,"homeWorkCommuteMedian":5778,"workHomeCommuteMedian":-1},"geometry":{"type":"Polygon","coordinates":[[[127.48792184182834,36.20650874180408],[127.48792184182834,36.215501945441325],[127.49691504546558,36.215501945441325],[127.49691504546558,36.20650874180408],[127.48792184182834,36.20650874180408]]]}},{"type":"Feature","properties":{"jobs":418,"pop":0,"pointCount":1,"homeWorkCommuteMedian":-1,"workHomeCommuteMedian":4151},"geometry":{"type":"Polygon","coordinates":[[[127.48792184182834,36.32342038908828],[127.48792184182834,36.33241359272552],[127.49691504546558,36.33241359272552],[127.49691504546558,36.32342038908828],[127.48792184182834,36.32342038908828]]]}},{"type":"Feature","properties":{"jobs":893,"pop":75,"pointCount":1,"homeWorkCommuteMedian":5461,"workHomeCommuteMedian":5461},"geometry":{"type":"Polygon","coordinates":[[[127.48792184182834,36.33241359272552],[127.48792184182834,36.34140679636277],[127.49691504546558,36.34140679636277],[127.49691504546558,36.33241359272552],[127.48792184182834,36.33241359272552]]]}},{"type":"Feature","properties":{"jobs":407,"pop":34,"pointCount":1,"homeWorkCommuteMedian":5933,"workHomeCommuteMedian":5426},"geometry":{"type":"Polygon","coordinates":[[[127.48792184182834,36.34140679636277],[127.48792184182834,36.350400000000015],[127.49691504546558,36.350400000000015],[127.49691504546558,36.34140679636277],[127.48792184182834,36.34140679636277]]]}},{"type":"Feature","properties":{"jobs":493,"pop":81,"pointCount":1,"homeWorkCommuteMedian":17143,"workHomeCommuteMedian":11056},"geometry":{"type":"Polygon","coordinates":[[[127.48792184182834,36.41335242546074],[127.48792184182834,36.42234562909798],[127.49691504546558,36.42234562909798],[127.49691504546558,36.41335242546074],[127.48792184182834,36.41335242546074]]]}},{"type":"Feature","properties":{"jobs":2348,"pop":0,"pointCount":1,"homeWorkCommuteMedian":-1,"workHomeCommuteMedian":39032},"geometry":{"type":"Polygon","coordinates":[[[127.48792184182834,36.45831844364697],[127.48792184182834,36.46731164728421],[127.49691504546558,36.46731164728421],[127.49691504546558,36.45831844364697],[127.48792184182834,36.45831844364697]]]}},{"type":"Feature","properties":{"jobs":152,"pop":0,"pointCount":1,"homeWorkCommuteMedian":-1,"workHomeCommuteMedian":27788},"geometry":{"type":"Polygon","coordinates":[[[127.48792184182834,36.503284461833196],[127.48792184182834,36.51227766547044],[127.49691504546558,36.51227766547044],[127.49691504546558,36.503284461833196],[127.48792184182834,36.503284461833196]]]}},{"type":"Feature","properties":{"jobs":5767,"pop":2192,"pointCount":3,"homeWorkCommuteMedian":27610,"workHomeCommuteMedian":6325},"geometry":{"type":"Polygon","coordinates":[[[127.48792184182834,36.51227766547044],[127.48792184182834,36.52127086910769],[127.49691504546558,36.52127086910769],[127.49691504546558,36.51227766547044],[127.48792184182834,36.51227766547044]]]}},{"type":"Feature","properties":{"jobs":876,"pop":0,"pointCount":1,"homeWorkCommuteMedian":-1,"workHomeCommuteMedian":9511},"geometry":{"type":"Polygon","coordinates":[[[127.49691504546558,36.22449514907857],[127.49691504546558,36.23348835271582],[127.50590824910283,36.23348835271582],[127.50590824910283,36.22449514907857],[127.49691504546558,36.22449514907857]]]}},{"type":"Feature","properties":{"jobs":856,"pop":64,"pointCount":2,"homeWorkCommuteMedian":24265,"workHomeCommuteMedian":8420},"geometry":{"type":"Polygon","coordinates":[[[127.49691504546558,36.350400000000015],[127.49691504546558,36.35939320363726],[127.50590824910283,36.35939320363726],[127.50590824910283,36.350400000000015],[127.49691504546558,36.350400000000015]]]}},{"type":"Feature","properties":{"jobs":1279,"pop":1017,"pointCount":2,"homeWorkCommuteMedian":8368,"workHomeCommuteMedian":7870},"geometry":{"type":"Polygon","coordinates":[[[127.49691504546558,36.35939320363726],[127.49691504546558,36.36838640727451],[127.50590824910283,36.36838640727451],[127.50590824910283,36.35939320363726],[127.49691504546558,36.35939320363726]]]}},{"type":"Feature","properties":{"jobs":2535,"pop":559,"pointCount":3,"homeWorkCommuteMedian":6309,"workHomeCommuteMedian":5114},"geometry":{"type":"Polygon","coordinates":[[[127.49691504546558,36.51227766547044],[127.49691504546558,36.52127086910769],[127.50590824910283,36.52127086910769],[127.50590824910283,36.51227766547044],[127.49691504546558,36.51227766547044]]]}},{"type":"Feature","properties":{"jobs":1099,"pop":115,"pointCount":1,"homeWorkCommuteMedian":11210,"workHomeCommuteMedian":10534},"geometry":{"type":"Polygon","coordinates":[[[127.50590824910283,36.32342038908828],[127.50590824910283,36.33241359272552],[127.51490145274008,36.33241359272552],[127.51490145274008,36.32342038908828],[127.50590824910283,36.32342038908828]]]}},{"type":"Feature","properties":{"jobs":1439,"pop":131,"pointCount":1,"homeWorkCommuteMedian":8256,"workHomeCommuteMedian":8412},"geometry":{"type":"Polygon","coordinates":[[[127.50590824910283,36.33241359272552],[127.50590824910283,36.34140679636277],[127.51490145274008,36.34140679636277],[127.51490145274008,36.33241359272552],[127.50590824910283,36.33241359272552]]]}},{"type":"Feature","properties":{"jobs":290,"pop":84,"pointCount":1,"homeWorkCommuteMedian":10923,"workHomeCommuteMedian":8728},"geometry":{"type":"Polygon","coordinates":[[[127.50590824910283,36.36838640727451],[127.50590824910283,36.37737961091175],[127.51490145274008,36.37737961091175],[127.51490145274008,36.36838640727451],[127.50590824910283,36.36838640727451]]]}},{"type":"Feature","properties":{"jobs":45,"pop":212,"pointCount":1,"homeWorkCommuteMedian":12028,"workHomeCommuteMedian":-1},"geometry":{"type":"Polygon","coordinates":[[[127.50590824910283,36.485298054558704],[127.50590824910283,36.49429125819595],[127.51490145274008,36.49429125819595],[127.51490145274008,36.485298054558704],[127.50590824910283,36.485298054558704]]]}},{"type":"Feature","properties":{"jobs":2440,"pop":415,"pointCount":2,"homeWorkCommuteMedian":22798,"workHomeCommuteMedian":-1},"geometry":{"type":"Polygon","coordinates":[[[127.51490145274008,36.18852233452959],[127.51490145274008,36.19751553816683],[127.52389465637732,36.19751553816683],[127.52389465637732,36.18852233452959],[127.51490145274008,36.18852233452959]]]}},{"type":"Feature","properties":{"jobs":1017,"pop":76,"pointCount":1,"homeWorkCommuteMedian":9090,"workHomeCommuteMedian":9090},"geometry":{"type":"Polygon","coordinates":[[[127.51490145274008,36.33241359272552],[127.51490145274008,36.34140679636277],[127.52389465637732,36.34140679636277],[127.52389465637732,36.33241359272552],[127.51490145274008,36.33241359272552]]]}},{"type":"Feature","properties":{"jobs":363,"pop":27,"pointCount":1,"homeWorkCommuteMedian":11231,"workHomeCommuteMedian":8100},"geometry":{"type":"Polygon","coordinates":[[[127.51490145274008,36.350400000000015],[127.51490145274008,36.35939320363726],[127.52389465637732,36.35939320363726],[127.52389465637732,36.350400000000015],[127.51490145274008,36.350400000000015]]]}},{"type":"Feature","properties":{"jobs":436,"pop":32,"pointCount":1,"homeWorkCommuteMedian":9144,"workHomeCommuteMedian":9097},"geometry":{"type":"Polygon","coordinates":[[[127.51490145274008,36.35939320363726],[127.51490145274008,36.36838640727451],[127.52389465637732,36.36838640727451],[127.52389465637732,36.35939320363726],[127.51490145274008,36.35939320363726]]]}},{"type":"Feature","properties":{"jobs":82,"pop":198,"pointCount":1,"homeWorkCommuteMedian":31464,"workHomeCommuteMedian":-1},"geometry":{"type":"Polygon","coordinates":[[[127.51490145274008,36.51227766547044],[127.51490145274008,36.52127086910769],[127.52389465637732,36.52127086910769],[127.52389465637732,36.51227766547044],[127.51490145274008,36.51227766547044]]]}},{"type":"Feature","properties":{"jobs":661,"pop":1268,"pointCount":1,"homeWorkCommuteMedian":9680,"workHomeCommuteMedian":-1},"geometry":{"type":"Polygon","coordinates":[[[127.52389465637732,36.2694611672648],[127.52389465637732,36.27845437090205],[127.53288786001457,36.27845437090205],[127.53288786001457,36.2694611672648],[127.52389465637732,36.2694611672648]]]}},{"type":"Feature","properties":{"jobs":4,"pop":0,"pointCount":1,"homeWorkCommuteMedian":-1,"workHomeCommuteMedian":1525},"geometry":{"type":"Polygon","coordinates":[[[127.52389465637732,36.27845437090205],[127.52389465637732,36.28744757453929],[127.53288786001457,36.28744757453929],[127.53288786001457,36.27845437090205],[127.52389465637732,36.27845437090205]]]}},{"type":"Feature","properties":{"jobs":717,"pop":200,"pointCount":1,"homeWorkCommuteMedian":14353,"workHomeCommuteMedian":-1},"geometry":{"type":"Polygon","coordinates":[[[127.52389465637732,36.34140679636277],[127.52389465637732,36.350400000000015],[127.53288786001457,36.350400000000015],[127.53288786001457,36.34140679636277],[127.52389465637732,36.34140679636277]]]}},{"type":"Feature","properties":{"jobs":378,"pop":28,"pointCount":1,"homeWorkCommuteMedian":15336,"workHomeCommuteMedian":15336},"geometry":{"type":"Polygon","coordinates":[[[127.52389465637732,36.386372814549],[127.52389465637732,36.395366018186245],[127.53288786001457,36.395366018186245],[127.53288786001457,36.386372814549],[127.52389465637732,36.386372814549]]]}},{"type":"Feature","properties":{"jobs":202,"pop":196,"pointCount":1,"homeWorkCommuteMedian":34857,"workHomeCommuteMedian":-1},"geometry":{"type":"Polygon","coordinates":[[[127.52389465637732,36.49429125819595],[127.52389465637732,36.503284461833196],[127.53288786001457,36.503284461833196],[127.53288786001457,36.49429125819595],[127.52389465637732,36.49429125819595]]]}},{"type":"Feature","properties":{"jobs":12,"pop":0,"pointCount":1,"homeWorkCommuteMedian":-1,"workHomeCommuteMedian":18481},"geometry":{"type":"Polygon","coordinates":[[[127.53288786001457,36.37737961091175],[127.53288786001457,36.386372814549],[127.54188106365181,36.386372814549],[127.54188106365181,36.37737961091175],[127.53288786001457,36.37737961091175]]]}},{"type":"Feature","properties":{"jobs":285,"pop":208,"pointCount":1,"homeWorkCommuteMedian":34447,"workHomeCommuteMedian":-1},"geometry":{"type":"Polygon","coordinates":[[[127.54188106365181,36.18852233452959],[127.54188106365181,36.19751553816683],[127.55087426728906,36.19751553816683],[127.55087426728906,36.18852233452959],[127.54188106365181,36.18852233452959]]]}},{"type":"Feature","properties":{"jobs":1267,"pop":490,"pointCount":2,"homeWorkCommuteMedian":29951,"workHomeCommuteMedian":-1},"geometry":{"type":"Polygon","coordinates":[[[127.55087426728906,36.18852233452959],[127.55087426728906,36.19751553816683],[127.5598674709263,36.19751553816683],[127.5598674709263,36.18852233452959],[127.55087426728906,36.18852233452959]]]}},{"type":"Feature","properties":{"jobs":402,"pop":0,"pointCount":1,"homeWorkCommuteMedian":-1,"workHomeCommuteMedian":32673},"geometry":{"type":"Polygon","coordinates":[[[127.55087426728906,36.24248155635306],[127.55087426728906,36.25147475999031],[127.5598674709263,36.25147475999031],[127.5598674709263,36.24248155635306],[127.55087426728906,36.24248155635306]]]}},{"type":"Feature","properties":{"jobs":3052,"pop":384,"pointCount":2,"homeWorkCommuteMedian":18635,"workHomeCommuteMedian":12893},"geometry":{"type":"Polygon","coordinates":[[[127.55087426728906,36.29644077817654],[127.55087426728906,36.305433981813785],[127.5598674709263,36.305433981813785],[127.5598674709263,36.29644077817654],[127.55087426728906,36.29644077817654]]]}},{"type":"Feature","properties":{"jobs":301,"pop":398,"pointCount":1,"homeWorkCommuteMedian":17717,"workHomeCommuteMedian":-1},"geometry":{"type":"Polygon","coordinates":[[[127.55087426728906,36.305433981813785],[127.55087426728906,36.31442718545103],[127.5598674709263,36.31442718545103],[127.5598674709263,36.305433981813785],[127.55087426728906,36.305433981813785]]]}},{"type":"Feature","properties":{"jobs":181,"pop":3222,"pointCount":1,"homeWorkCommuteMedian":10917,"workHomeCommuteMedian":-1},"geometry":{"type":"Polygon","coordinates":[[[127.55087426728906,36.350400000000015],[127.55087426728906,36.35939320363726],[127.5598674709263,36.35939320363726],[127.5598674709263,36.350400000000015],[127.55087426728906,36.350400000000015]]]}},{"type":"Feature","properties":{"jobs":393,"pop":0,"pointCount":1,"homeWorkCommuteMedian":-1,"workHomeCommuteMedian":23092},"geometry":{"type":"Polygon","coordinates":[[[127.55087426728906,36.386372814549],[127.55087426728906,36.395366018186245],[127.5598674709263,36.395366018186245],[127.5598674709263,36.386372814549],[127.55087426728906,36.386372814549]]]}},{"type":"Feature","properties":{"jobs":2746,"pop":63,"pointCount":1,"homeWorkCommuteMedian":14369,"workHomeCommuteMedian":13603},"geometry":{"type":"Polygon","coordinates":[[[127.5598674709263,36.28744757453929],[127.5598674709263,36.29644077817654],[127.56886067456355,36.29644077817654],[127.56886067456355,36.28744757453929],[127.5598674709263,36.28744757453929]]]}},{"type":"Feature","properties":{"jobs":15316,"pop":1571,"pointCount":5,"homeWorkCommuteMedian":13700,"workHomeCommuteMedian":12491},"geometry":{"type":"Polygon","coordinates":[[[127.5598674709263,36.29644077817654],[127.5598674709263,36.305433981813785],[127.56886067456355,36.305433981813785],[127.56886067456355,36.29644077817654],[127.5598674709263,36.29644077817654]]]}},{"type":"Feature","properties":{"jobs":111,"pop":4,"pointCount":1,"homeWorkCommuteMedian":24149,"workHomeCommuteMedian":-1},"geometry":{"type":"Polygon","coordinates":[[[127.5598674709263,36.43133883273523],[127.5598674709263,36.440332036372475],[127.56886067456355,36.440332036372475],[127.56886067456355,36.43133883273523],[127.5598674709263,36.43133883273523]]]}},{"type":"Feature","properties":{"jobs":189,"pop":200,"pointCount":1,"homeWorkCommuteMedian":22966,"workHomeCommuteMedian":-1},"geometry":{"type":"Polygon","coordinates":[[[127.56886067456355,36.260467963627555],[127.56886067456355,36.2694611672648],[127.5778538782008,36.2694611672648],[127.5778538782008,36.260467963627555],[127.56886067456355,36.260467963627555]]]}},{"type":"Feature","properties":{"jobs":27344,"pop":2357,"pointCount":6,"homeWorkCommuteMedian":19176,"workHomeCommuteMedian":1593},"geometry":{"type":"Polygon","coordinates":[[[127.56886067456355,36.28744757453929],[127.56886067456355,36.29644077817654],[127.5778538782008,36.29644077817654],[127.5778538782008,36.28744757453929],[127.56886067456355,36.28744757453929]]]}},{"type":"Feature","properties":{"jobs":19768,"pop":1356,"pointCount":7,"homeWorkCommuteMedian":11143,"workHomeCommuteMedian":7766},"geometry":{"type":"Polygon","coordinates":[[[127.56886067456355,36.29644077817654],[127.56886067456355,36.305433981813785],[127.5778538782008,36.305433981813785],[127.5778538782008,36.29644077817654],[127.56886067456355,36.29644077817654]]]}},{"type":"Feature","properties":{"jobs":3798,"pop":0,"pointCount":6,"homeWorkCommuteMedian":-1,"workHomeCommuteMedian":2072},"geometry":{"type":"Polygon","coordinates":[[[127.56886067456355,36.305433981813785],[127.56886067456355,36.31442718545103],[127.5778538782008,36.31442718545103],[127.5778538782008,36.305433981813785],[127.56886067456355,36.305433981813785]]]}},{"type":"Feature","properties":{"jobs":3577,"pop":270,"pointCount":1,"homeWorkCommuteMedian":11143,"workHomeCommuteMedian":11143},"geometry":{"type":"Polygon","coordinates":[[[127.56886067456355,36.31442718545103],[127.56886067456355,36.32342038908828],[127.5778538782008,36.32342038908828],[127.5778538782008,36.31442718545103],[127.56886067456355,36.31442718545103]]]}},{"type":"Feature","properties":{"jobs":2228,"pop":106,"pointCount":1,"homeWorkCommuteMedian":9828,"workHomeCommuteMedian":9117},"geometry":{"type":"Polygon","coordinates":[[[127.5778538782008,36.24248155635306],[127.5778538782008,36.25147475999031],[127.58684708183804,36.25147475999031],[127.58684708183804,36.24248155635306],[127.5778538782008,36.24248155635306]]]}},{"type":"Feature","properties":{"jobs":2553,"pop":58,"pointCount":1,"homeWorkCommuteMedian":12954,"workHomeCommuteMedian":13808},"geometry":{"type":"Polygon","coordinates":[[[127.5778538782008,36.28744757453929],[127.5778538782008,36.29644077817654],[127.58684708183804,36.29644077817654],[127.58684708183804,36.28744757453929],[127.5778538782008,36.28744757453929]]]}},{"type":"Feature","properties":{"jobs":63,"pop":39171,"pointCount":2,"homeWorkCommuteMedian":2275,"workHomeCommuteMedian":615},"geometry":{"type":"Polygon","coordinates":[[[127.5778538782008,36.29644077817654],[127.5778538782008,36.305433981813785],[127.58684708183804,36.305433981813785],[127.58684708183804,36.29644077817654],[127.5778538782008,36.29644077817654]]]}},{"type":"Feature","properties":{"jobs":10404,"pop":0,"pointCount":4,"homeWorkCommuteMedian":-1,"workHomeCommuteMedian":3616},"geometry":{"type":"Polygon","coordinates":[[[127.5778538782008,36.31442718545103],[127.5778538782008,36.32342038908828],[127.58684708183804,36.32342038908828],[127.58684708183804,36.31442718545103],[127.5778538782008,36.31442718545103]]]}},{"type":"Feature","properties":{"jobs":1,"pop":0,"pointCount":1,"homeWorkCommuteMedian":-1,"workHomeCommuteMedian":2518},"geometry":{"type":"Polygon","coordinates":[[[127.5778538782008,36.440332036372475],[127.5778538782008,36.44932524000972],[127.58684708183804,36.44932524000972],[127.58684708183804,36.440332036372475],[127.5778538782008,36.440332036372475]]]}},{"type":"Feature","properties":{"jobs":7461,"pop":0,"pointCount":1,"homeWorkCommuteMedian":-1,"workHomeCommuteMedian":3715},"geometry":{"type":"Polygon","coordinates":[[[127.58684708183804,36.2694611672648],[127.58684708183804,36.27845437090205],[127.59584028547529,36.27845437090205],[127.59584028547529,36.2694611672648],[127.58684708183804,36.2694611672648]]]}},{"type":"Feature","properties":{"jobs":3,"pop":0,"pointCount":1,"homeWorkCommuteMedian":-1,"workHomeCommuteMedian":1200},"geometry":{"type":"Polygon","coordinates":[[[127.58684708183804,36.485298054558704],[127.58684708183804,36.49429125819595],[127.59584028547529,36.49429125819595],[127.59584028547529,36.485298054558704],[127.58684708183804,36.485298054558704]]]}},{"type":"Feature","properties":{"jobs":227,"pop":198,"pointCount":1,"homeWorkCommuteMedian":36900,"workHomeCommuteMedian":-1},"geometry":{"type":"Polygon","coordinates":[[[127.58684708183804,36.51227766547044],[127.58684708183804,36.52127086910769],[127.59584028547529,36.52127086910769],[127.59584028547529,36.51227766547044],[127.58684708183804,36.51227766547044]]]}}],"properties":{"residentWeightedNearestNeighborKm":{"p10":0.08376019071756242,"p25":0.1154653724263182,"p50":0.18498284411627294,"p75":0.336454806017263,"p90":0.4032609145659819,"mean":0.2521440088358644},"workerWeightedNearestNeighborKm":{"p10":0.06749566772208346,"p25":0.11322665162134954,"p50":0.18569563406786788,"p75":0.3039088237909157,"p90":0.4030048303854087,"mean":0.23280704143068592},"commuteDistanceKm":{"p10":2097,"p25":3059,"p50":4944,"p75":7352,"p90":11326,"mean":6178.380822931114},"residentCellDensity":{"p10":63,"p25":245,"p50":2171,"p75":12976,"p90":32844,"mean":11346.384279475982},"workerCellDensity":{"p10":301,"p25":1094,"p50":5293,"p75":22348,"p90":41712,"mean":15130.431271477662},"detail":{"radiusKm":0.18533889642988832,"expectedPointSpacingKm":0.49419627905568053,"normalizedRadius":0.37503094273400306,"activityPerPoint":2903.690854768631,"playableAreaKm2":1284,"playableAreaPerPointKm2":0.5388166177087704,"playableCatchmentRadiusKm":0.41413845058967147,"localityScore":0.9268626893950929,"deaggregationScore":1,"score":0.9627370821751351},"polycentrism":{"activity":{"score":0.6066440942285722,"continuousScore":0.6623064397134625,"detectedCenterCount":2,"effectiveCenterCount":1.43538344490147,"largestCenterShare":0.8135904597446436,"bandwidthKm":1.3,"reliabilityScore":1,"supportLevel":"high","usedFallback":false,"topCenters":[{"longitude":127.37690547706376,"latitude":36.347191272517925,"massShare":0.8135904597446436,"assignedMass":11675137,"assignedPointCount":1891,"prominenceRatio":1},{"longitude":127.26796197352682,"latitude":36.49195135481976,"massShare":0.1864095402553564,"assignedMass":2675003,"assignedPointCount":492,"prominenceRatio":1}],"debug":{"rawPeakCount":29,"mergedPeakCount":27,"filteredPeakCount":2,"prominenceThreshold":0.22,"minPointsPerCenter":10,"rejectedCenters":[{"longitude":127.4316243128643,"latitude":36.331803922693744,"massShare":0.20905468518077175,"assignedMass":2999964,"assignedPointCount":469,"prominenceRatio":0.9830650313733353,"strongestCompetitorDistanceKm":3.7955603752193774,"strongestCompetitorPotential":1304912.0199969846,"localConsolidatedShare":0.20905468518077175,"localConsolidatedMass":2999964,"localContributorCount":1,"localContributorDistancesKm":[],"rejectionReasons":["too_close_for_protected_share_center"]},{"longitude":127.30781140500679,"latitude":36.37634308313034,"massShare":0.17668057593863196,"assignedMass":2535391,"assignedPointCount":397,"prominenceRatio":0.9999999826638459,"strongestCompetitorDistanceKm":7.928416440278647,"strongestCompetitorPotential":1304912.0199969846,"localConsolidatedShare":0.17668057593863196,"localConsolidatedMass":2535391,"localContributorCount":1,"localContributorDistancesKm":[],"rejectionReasons":["too_close_for_protected_share_center"]},{"longitude":127.40361006182337,"latitude":36.425518150623404,"massShare":0.07199372270932548,"assignedMass":1033120,"assignedPointCount":202,"prominenceRatio":0.9999999964193492,"strongestCompetitorDistanceKm":8.420428710061307,"strongestCompetitorPotential":1304912.0199969846,"localConsolidatedShare":0.07199372270932548,"localConsolidatedMass":1033120,"localContributorCount":1,"localContributorDistancesKm":[],"rejectionReasons":["not_dominant_local_peak","too_close_for_low_share_center"]},{"longitude":127.2644583919595,"latitude":36.28278567385421,"massShare":0.037075038989166656,"assignedMass":532032,"assignedPointCount":134,"prominenceRatio":1,"strongestCompetitorDistanceKm":14.696701147623171,"strongestCompetitorPotential":1304912.0199969846,"localConsolidatedShare":0.037075038989166656,"localConsolidatedMass":532032,"localContributorCount":1,"localContributorDistancesKm":[],"rejectionReasons":["below_secondary_share_floor"]},{"longitude":127.57544234485532,"latitude":36.29762907185466,"massShare":0.010057950654139959,"assignedMass":144333,"assignedPointCount":40,"prominenceRatio":1,"strongestCompetitorDistanceKm":17.651447707167122,"strongestCompetitorPotential":1304912.0199969846,"localConsolidatedShare":0.010057950654139959,"localConsolidatedMass":144333,"localContributorCount":1,"localContributorDistancesKm":[],"rejectionReasons":["below_secondary_share_floor"]},{"longitude":127.46188015983762,"latitude":36.190870065558826,"massShare":0.004583439604073549,"assignedMass":65773,"assignedPointCount":19,"prominenceRatio":1,"strongestCompetitorDistanceKm":18.823389008863767,"strongestCompetitorPotential":1304912.0199969846,"localConsolidatedShare":0.004583439604073549,"localConsolidatedMass":65773,"localContributorCount":1,"localContributorDistancesKm":[],"rejectionReasons":["below_secondary_share_floor"]},{"longitude":127.46630920339193,"latitude":36.49552196025007,"massShare":0.007445432588114123,"assignedMass":106843,"assignedPointCount":31,"prominenceRatio":1,"strongestCompetitorDistanceKm":18.590211835272157,"strongestCompetitorPotential":882029.227436094,"localConsolidatedShare":0.007445432588114123,"localConsolidatedMass":106843,"localContributorCount":1,"localContributorDistancesKm":[],"rejectionReasons":["below_secondary_share_floor"]},{"longitude":127.4480450519644,"latitude":36.261843975245746,"massShare":0.011066163814429686,"assignedMass":158801,"assignedPointCount":32,"prominenceRatio":1,"strongestCompetitorDistanceKm":13.182438503380647,"strongestCompetitorPotential":1304912.0199969846,"localConsolidatedShare":0.011066163814429686,"localConsolidatedMass":158801,"localContributorCount":1,"localContributorDistancesKm":[],"rejectionReasons":["below_secondary_share_floor"]},{"longitude":127.33663283122313,"latitude":36.50587125233494,"massShare":0.005580990847476052,"assignedMass":80088,"assignedPointCount":21,"prominenceRatio":0.9999999999804664,"strongestCompetitorDistanceKm":9.778523884606809,"strongestCompetitorPotential":882029.227436094,"localConsolidatedShare":0.005580990847476052,"localConsolidatedMass":80088,"localContributorCount":1,"localContributorDistancesKm":[],"rejectionReasons":["below_secondary_share_floor"]},{"longitude":127.18901571997417,"latitude":36.217430299741935,"massShare":0.002700322087450018,"assignedMass":38750,"assignedPointCount":18,"prominenceRatio":1,"strongestCompetitorDistanceKm":23.729108419728895,"strongestCompetitorPotential":1304912.0199969846,"localConsolidatedShare":0.002700322087450018,"localConsolidatedMass":38750,"localContributorCount":1,"localContributorDistancesKm":[],"rejectionReasons":["below_secondary_share_floor"]},{"longitude":127.53506972182596,"latitude":36.520192902995724,"massShare":0.0009769939526722388,"assignedMass":14020,"assignedPointCount":5,"prominenceRatio":1,"strongestCompetitorDistanceKm":23.402146495705672,"strongestCompetitorPotential":1304912.0199969846,"localConsolidatedShare":0.0009769939526722388,"localConsolidatedMass":14020,"localContributorCount":1,"localContributorDistancesKm":[],"rejectionReasons":["below_min_points_per_center"]},{"longitude":127.2342373848434,"latitude":36.4355287593437,"massShare":0.007687381447149645,"assignedMass":110315,"assignedPointCount":28,"prominenceRatio":0.9999999008483057,"strongestCompetitorDistanceKm":8.289456874761044,"strongestCompetitorPotential":882029.227436094,"localConsolidatedShare":0.007687381447149645,"localConsolidatedMass":110315,"localContributorCount":1,"localContributorDistancesKm":[],"rejectionReasons":["below_secondary_share_floor"]},{"longitude":127.59532111341842,"latitude":36.2429833481952,"massShare":0.0011409644783953326,"assignedMass":16373,"assignedPointCount":4,"prominenceRatio":1,"strongestCompetitorDistanceKm":21.92447664900178,"strongestCompetitorPotential":1304912.0199969846,"localConsolidatedShare":0.0011409644783953326,"localConsolidatedMass":16373,"localContributorCount":1,"localContributorDistancesKm":[],"rejectionReasons":["below_min_points_per_center"]},{"longitude":127.21100931928686,"latitude":36.18103322528363,"massShare":0.0007739297316959974,"assignedMass":11106,"assignedPointCount":3,"prominenceRatio":1,"strongestCompetitorDistanceKm":24.467077822836067,"strongestCompetitorPotential":1304912.0199969846,"localConsolidatedShare":0.0007739297316959974,"localConsolidatedMass":11106,"localContributorCount":1,"localContributorDistancesKm":[],"rejectionReasons":["below_min_points_per_center"]},{"longitude":127.18839650423972,"latitude":36.40031526769054,"massShare":0.002785965851204239,"assignedMass":39979,"assignedPointCount":11,"prominenceRatio":0.9999999999999987,"strongestCompetitorDistanceKm":11.443671524229812,"strongestCompetitorPotential":882029.227436094,"localConsolidatedShare":0.002785965851204239,"localConsolidatedMass":39979,"localContributorCount":1,"localContributorDistancesKm":[],"rejectionReasons":["below_secondary_share_floor"]},{"longitude":127.35859725011993,"latitude":36.243975665297434,"massShare":0.0023241585099518193,"assignedMass":33352,"assignedPointCount":17,"prominenceRatio":1,"strongestCompetitorDistanceKm":14.736142763525727,"strongestCompetitorPotential":1304912.0199969846,"localConsolidatedShare":0.0023241585099518193,"localConsolidatedMass":33352,"localContributorCount":1,"localContributorDistancesKm":[],"rejectionReasons":["below_secondary_share_floor"]},{"longitude":127.59680000992984,"latitude":36.381514919634576,"massShare":0.0005263363284260641,"assignedMass":7553,"assignedPointCount":3,"prominenceRatio":1,"strongestCompetitorDistanceKm":19.131666903065312,"strongestCompetitorPotential":1304912.0199969846,"localConsolidatedShare":0.0005263363284260641,"localConsolidatedMass":7553,"localContributorCount":1,"localContributorDistancesKm":[],"rejectionReasons":["below_min_points_per_center"]},{"longitude":127.35231901341623,"latitude":36.18385756953534,"massShare":0.000425919189638568,"assignedMass":6112,"assignedPointCount":5,"prominenceRatio":1,"strongestCompetitorDistanceKm":18.99909225776555,"strongestCompetitorPotential":1304912.0199969846,"localConsolidatedShare":0.000425919189638568,"localConsolidatedMass":6112,"localContributorCount":1,"localContributorDistancesKm":[],"rejectionReasons":["below_min_points_per_center"]},{"longitude":127.53052056017061,"latitude":36.34679324992384,"massShare":0.0006861953960031052,"assignedMass":9847,"assignedPointCount":10,"prominenceRatio":1,"strongestCompetitorDistanceKm":15.135907177718055,"strongestCompetitorPotential":1304912.0199969846,"localConsolidatedShare":0.0006861953960031052,"localConsolidatedMass":9847,"localContributorCount":1,"localContributorDistancesKm":[],"rejectionReasons":["below_secondary_share_floor"]},{"longitude":127.18080821962126,"latitude":36.33206425986323,"massShare":0.0005298903007218048,"assignedMass":7604,"assignedPointCount":7,"prominenceRatio":1,"strongestCompetitorDistanceKm":19.846136204555567,"strongestCompetitorPotential":1304912.0199969846,"localConsolidatedShare":0.0005298903007218048,"localConsolidatedMass":7604,"localContributorCount":1,"localContributorDistancesKm":[],"rejectionReasons":["below_min_points_per_center"]},{"longitude":127.51988563922943,"latitude":36.189,"massShare":0.0001989527628301884,"assignedMass":2855,"assignedPointCount":2,"prominenceRatio":1,"strongestCompetitorDistanceKm":21.251296155990858,"strongestCompetitorPotential":1304912.0199969846,"localConsolidatedShare":0.0001989527628301884,"localConsolidatedMass":2855,"localContributorCount":1,"localContributorDistancesKm":[],"rejectionReasons":["below_min_points_per_center"]},{"longitude":127.552844,"latitude":36.192514,"massShare":0.00015679289540032363,"assignedMass":2250,"assignedPointCount":3,"prominenceRatio":1,"strongestCompetitorDistanceKm":22.69424882174754,"strongestCompetitorPotential":1304912.0199969846,"localConsolidatedShare":0.00015679289540032363,"localConsolidatedMass":2250,"localContributorCount":1,"localContributorDistancesKm":[],"rejectionReasons":["below_min_points_per_center"]},{"longitude":127.27847492923576,"latitude":36.201466437525276,"massShare":0.00017233281347777793,"assignedMass":2473,"assignedPointCount":3,"prominenceRatio":1,"strongestCompetitorDistanceKm":19.608475495461583,"strongestCompetitorPotential":1304912.0199969846,"localConsolidatedShare":0.00017233281347777793,"localConsolidatedMass":2473,"localContributorCount":1,"localContributorDistancesKm":[],"rejectionReasons":["below_min_points_per_center"]},{"longitude":127.5910732,"latitude":36.50881419166666,"massShare":0.00004181143877341963,"assignedMass":600,"assignedPointCount":5,"prominenceRatio":1,"strongestCompetitorDistanceKm":25.723612048607652,"strongestCompetitorPotential":1304912.0199969846,"localConsolidatedShare":0.00004181143877341963,"localConsolidatedMass":600,"localContributorCount":1,"localContributorDistancesKm":[],"rejectionReasons":["below_min_points_per_center"]},{"longitude":127.56611875,"latitude":36.436583706896556,"massShare":0.000008083544829527795,"assignedMass":116,"assignedPointCount":2,"prominenceRatio":1,"strongestCompetitorDistanceKm":18.770666415866145,"strongestCompetitorPotential":1304912.0199969846,"localConsolidatedShare":0.000008083544829527795,"localConsolidatedMass":116,"localContributorCount":1,"localContributorDistancesKm":[],"rejectionReasons":["below_min_points_per_center"]}]}}}}}
