{"type":"FeatureCollection","features":[{"type":"Feature","properties":{"jobs":11110,"pop":134,"pointCount":1,"homeWorkCommuteMedian":21779,"workHomeCommuteMedian":23868},"geometry":{"type":"Polygon","coordinates":[[[126.48936311270612,37.48327961091175],[126.48936311270612,37.492272814549],[126.49835631634336,37.492272814549],[126.49835631634336,37.48327961091175],[126.48936311270612,37.48327961091175]]]}},{"type":"Feature","properties":{"jobs":19887,"pop":190,"pointCount":2,"homeWorkCommuteMedian":20279,"workHomeCommuteMedian":22146},"geometry":{"type":"Polygon","coordinates":[[[126.49835631634336,37.474286407274505],[126.49835631634336,37.48327961091175],[126.50734951998061,37.48327961091175],[126.50734951998061,37.474286407274505],[126.49835631634336,37.474286407274505]]]}},{"type":"Feature","properties":{"jobs":278,"pop":47,"pointCount":1,"homeWorkCommuteMedian":26290,"workHomeCommuteMedian":24479},"geometry":{"type":"Polygon","coordinates":[[[126.49835631634336,37.61817766547044],[126.49835631634336,37.62717086910769],[126.50734951998061,37.62717086910769],[126.50734951998061,37.61817766547044],[126.49835631634336,37.61817766547044]]]}},{"type":"Feature","properties":{"jobs":7824,"pop":50,"pointCount":1,"homeWorkCommuteMedian":16722,"workHomeCommuteMedian":21850},"geometry":{"type":"Polygon","coordinates":[[[126.50734951998061,37.474286407274505],[126.50734951998061,37.48327961091175],[126.51634272361785,37.48327961091175],[126.51634272361785,37.474286407274505],[126.50734951998061,37.474286407274505]]]}},{"type":"Feature","properties":{"jobs":681,"pop":55,"pointCount":2,"homeWorkCommuteMedian":23081,"workHomeCommuteMedian":23780},"geometry":{"type":"Polygon","coordinates":[[[126.50734951998061,37.61817766547044],[126.50734951998061,37.62717086910769],[126.51634272361785,37.62717086910769],[126.51634272361785,37.61817766547044],[126.50734951998061,37.61817766547044]]]}},{"type":"Feature","properties":{"jobs":306,"pop":25,"pointCount":1,"homeWorkCommuteMedian":16660,"workHomeCommuteMedian":22382},"geometry":{"type":"Polygon","coordinates":[[[126.51634272361785,37.61817766547044],[126.51634272361785,37.62717086910769],[126.5253359272551,37.62717086910769],[126.5253359272551,37.61817766547044],[126.51634272361785,37.61817766547044]]]}},{"type":"Feature","properties":{"jobs":385,"pop":178,"pointCount":1,"homeWorkCommuteMedian":42194,"workHomeCommuteMedian":-1},"geometry":{"type":"Polygon","coordinates":[[[126.53432913089235,37.50126601818624],[126.53432913089235,37.51025922182349],[126.54332233452959,37.51025922182349],[126.54332233452959,37.50126601818624],[126.53432913089235,37.50126601818624]]]}},{"type":"Feature","properties":{"jobs":27221,"pop":393,"pointCount":2,"homeWorkCommuteMedian":13451,"workHomeCommuteMedian":13451},"geometry":{"type":"Polygon","coordinates":[[[126.54332233452959,37.48327961091175],[126.54332233452959,37.492272814549],[126.55231553816684,37.492272814549],[126.55231553816684,37.48327961091175],[126.54332233452959,37.48327961091175]]]}},{"type":"Feature","properties":{"jobs":49032,"pop":1577,"pointCount":4,"homeWorkCommuteMedian":17009,"workHomeCommuteMedian":17107},"geometry":{"type":"Polygon","coordinates":[[[126.55231553816684,37.48327961091175],[126.55231553816684,37.492272814549],[126.56130874180408,37.492272814549],[126.56130874180408,37.48327961091175],[126.55231553816684,37.48327961091175]]]}},{"type":"Feature","properties":{"jobs":7305,"pop":25,"pointCount":1,"homeWorkCommuteMedian":12894,"workHomeCommuteMedian":17228},"geometry":{"type":"Polygon","coordinates":[[[126.55231553816684,37.492272814549],[126.55231553816684,37.50126601818624],[126.56130874180408,37.50126601818624],[126.56130874180408,37.492272814549],[126.55231553816684,37.492272814549]]]}},{"type":"Feature","properties":{"jobs":40050,"pop":327,"pointCount":2,"homeWorkCommuteMedian":7371,"workHomeCommuteMedian":6487},"geometry":{"type":"Polygon","coordinates":[[[126.56130874180408,37.48327961091175],[126.56130874180408,37.492272814549],[126.57030194544133,37.492272814549],[126.57030194544133,37.48327961091175],[126.56130874180408,37.48327961091175]]]}},{"type":"Feature","properties":{"jobs":255,"pop":21,"pointCount":1,"homeWorkCommuteMedian":12660,"workHomeCommuteMedian":12698},"geometry":{"type":"Polygon","coordinates":[[[126.56130874180408,37.61817766547044],[126.56130874180408,37.62717086910769],[126.57030194544133,37.62717086910769],[126.57030194544133,37.61817766547044],[126.56130874180408,37.61817766547044]]]}},{"type":"Feature","properties":{"jobs":1165,"pop":186,"pointCount":1,"homeWorkCommuteMedian":26624,"workHomeCommuteMedian":26618},"geometry":{"type":"Polygon","coordinates":[[[126.57030194544133,37.28542913089234],[126.57030194544133,37.294422334529585],[126.57929514907858,37.294422334529585],[126.57929514907858,37.28542913089234],[126.57030194544133,37.28542913089234]]]}},{"type":"Feature","properties":{"jobs":160,"pop":170,"pointCount":1,"homeWorkCommuteMedian":37213,"workHomeCommuteMedian":-1},"geometry":{"type":"Polygon","coordinates":[[[126.57030194544133,37.492272814549],[126.57030194544133,37.50126601818624],[126.57929514907858,37.50126601818624],[126.57929514907858,37.492272814549],[126.57030194544133,37.492272814549]]]}},{"type":"Feature","properties":{"jobs":306,"pop":25,"pointCount":1,"homeWorkCommuteMedian":13294,"workHomeCommuteMedian":12618},"geometry":{"type":"Polygon","coordinates":[[[126.57030194544133,37.61817766547044],[126.57030194544133,37.62717086910769],[126.57929514907858,37.62717086910769],[126.57929514907858,37.61817766547044],[126.57030194544133,37.61817766547044]]]}},{"type":"Feature","properties":{"jobs":271,"pop":22,"pointCount":1,"homeWorkCommuteMedian":12845,"workHomeCommuteMedian":12845},"geometry":{"type":"Polygon","coordinates":[[[126.57929514907858,37.609184461833195],[126.57929514907858,37.61817766547044],[126.58828835271582,37.61817766547044],[126.58828835271582,37.609184461833195],[126.57929514907858,37.609184461833195]]]}},{"type":"Feature","properties":{"jobs":387,"pop":31,"pointCount":1,"homeWorkCommuteMedian":11897,"workHomeCommuteMedian":9804},"geometry":{"type":"Polygon","coordinates":[[[126.57929514907858,37.61817766547044],[126.57929514907858,37.62717086910769],[126.58828835271582,37.62717086910769],[126.58828835271582,37.61817766547044],[126.57929514907858,37.61817766547044]]]}},{"type":"Feature","properties":{"jobs":595,"pop":48,"pointCount":2,"homeWorkCommuteMedian":9996,"workHomeCommuteMedian":11213},"geometry":{"type":"Polygon","coordinates":[[[126.58828835271582,37.60019125819595],[126.58828835271582,37.609184461833195],[126.59728155635307,37.609184461833195],[126.59728155635307,37.60019125819595],[126.58828835271582,37.60019125819595]]]}},{"type":"Feature","properties":{"jobs":4286,"pop":1656,"pointCount":1,"homeWorkCommuteMedian":9661,"workHomeCommuteMedian":9765},"geometry":{"type":"Polygon","coordinates":[[[126.59728155635307,37.44730679636277],[126.59728155635307,37.45630000000001],[126.60627475999031,37.45630000000001],[126.60627475999031,37.44730679636277],[126.59728155635307,37.44730679636277]]]}},{"type":"Feature","properties":{"jobs":1066,"pop":107,"pointCount":1,"homeWorkCommuteMedian":12790,"workHomeCommuteMedian":12238},"geometry":{"type":"Polygon","coordinates":[[[126.59728155635307,37.609184461833195],[126.59728155635307,37.61817766547044],[126.60627475999031,37.61817766547044],[126.60627475999031,37.609184461833195],[126.59728155635307,37.609184461833195]]]}},{"type":"Feature","properties":{"jobs":326,"pop":26,"pointCount":1,"homeWorkCommuteMedian":9124,"workHomeCommuteMedian":9454},"geometry":{"type":"Polygon","coordinates":[[[126.59728155635307,37.61817766547044],[126.59728155635307,37.62717086910769],[126.60627475999031,37.62717086910769],[126.60627475999031,37.61817766547044],[126.59728155635307,37.61817766547044]]]}},{"type":"Feature","properties":{"jobs":4783,"pop":1427,"pointCount":2,"homeWorkCommuteMedian":6634,"workHomeCommuteMedian":6086},"geometry":{"type":"Polygon","coordinates":[[[126.60627475999031,37.384354370902045],[126.60627475999031,37.39334757453929],[126.61526796362756,37.39334757453929],[126.61526796362756,37.384354370902045],[126.60627475999031,37.384354370902045]]]}},{"type":"Feature","properties":{"jobs":4139,"pop":2568,"pointCount":1,"homeWorkCommuteMedian":8550,"workHomeCommuteMedian":8395},"geometry":{"type":"Polygon","coordinates":[[[126.60627475999031,37.40234077817654],[126.60627475999031,37.41133398181378],[126.61526796362756,37.41133398181378],[126.61526796362756,37.40234077817654],[126.60627475999031,37.40234077817654]]]}},{"type":"Feature","properties":{"jobs":7350,"pop":4487,"pointCount":1,"homeWorkCommuteMedian":6992,"workHomeCommuteMedian":7724},"geometry":{"type":"Polygon","coordinates":[[[126.60627475999031,37.41133398181378],[126.60627475999031,37.42032718545103],[126.61526796362756,37.42032718545103],[126.61526796362756,37.41133398181378],[126.60627475999031,37.41133398181378]]]}},{"type":"Feature","properties":{"jobs":895,"pop":202,"pointCount":1,"homeWorkCommuteMedian":35682,"workHomeCommuteMedian":-1},"geometry":{"type":"Polygon","coordinates":[[[126.60627475999031,37.474286407274505],[126.60627475999031,37.48327961091175],[126.61526796362756,37.48327961091175],[126.61526796362756,37.474286407274505],[126.60627475999031,37.474286407274505]]]}},{"type":"Feature","properties":{"jobs":1441,"pop":170,"pointCount":1,"homeWorkCommuteMedian":9869,"workHomeCommuteMedian":9611},"geometry":{"type":"Polygon","coordinates":[[[126.60627475999031,37.5911980545587],[126.60627475999031,37.60019125819595],[126.61526796362756,37.60019125819595],[126.61526796362756,37.5911980545587],[126.60627475999031,37.5911980545587]]]}},{"type":"Feature","properties":{"jobs":505,"pop":41,"pointCount":1,"homeWorkCommuteMedian":10696,"workHomeCommuteMedian":8596},"geometry":{"type":"Polygon","coordinates":[[[126.60627475999031,37.609184461833195],[126.60627475999031,37.61817766547044],[126.61526796362756,37.61817766547044],[126.61526796362756,37.609184461833195],[126.60627475999031,37.609184461833195]]]}},{"type":"Feature","properties":{"jobs":480,"pop":39,"pointCount":1,"homeWorkCommuteMedian":6809,"workHomeCommuteMedian":8655},"geometry":{"type":"Polygon","coordinates":[[[126.60627475999031,37.61817766547044],[126.60627475999031,37.62717086910769],[126.61526796362756,37.62717086910769],[126.61526796362756,37.61817766547044],[126.60627475999031,37.61817766547044]]]}},{"type":"Feature","properties":{"jobs":5029,"pop":2221,"pointCount":1,"homeWorkCommuteMedian":6887,"workHomeCommuteMedian":6922},"geometry":{"type":"Polygon","coordinates":[[[126.61526796362756,37.384354370902045],[126.61526796362756,37.39334757453929],[126.6242611672648,37.39334757453929],[126.6242611672648,37.384354370902045],[126.61526796362756,37.384354370902045]]]}},{"type":"Feature","properties":{"jobs":9519,"pop":3612,"pointCount":4,"homeWorkCommuteMedian":6542,"workHomeCommuteMedian":6656},"geometry":{"type":"Polygon","coordinates":[[[126.61526796362756,37.39334757453929],[126.61526796362756,37.40234077817654],[126.6242611672648,37.40234077817654],[126.6242611672648,37.39334757453929],[126.61526796362756,37.39334757453929]]]}},{"type":"Feature","properties":{"jobs":6790,"pop":3400,"pointCount":1,"homeWorkCommuteMedian":6526,"workHomeCommuteMedian":7200},"geometry":{"type":"Polygon","coordinates":[[[126.61526796362756,37.40234077817654],[126.61526796362756,37.41133398181378],[126.6242611672648,37.41133398181378],[126.6242611672648,37.40234077817654],[126.61526796362756,37.40234077817654]]]}},{"type":"Feature","properties":{"jobs":20826,"pop":12188,"pointCount":2,"homeWorkCommuteMedian":6634,"workHomeCommuteMedian":7131},"geometry":{"type":"Polygon","coordinates":[[[126.61526796362756,37.41133398181378],[126.61526796362756,37.42032718545103],[126.6242611672648,37.42032718545103],[126.6242611672648,37.41133398181378],[126.61526796362756,37.41133398181378]]]}},{"type":"Feature","properties":{"jobs":13711,"pop":101,"pointCount":1,"homeWorkCommuteMedian":9116,"workHomeCommuteMedian":10782},"geometry":{"type":"Polygon","coordinates":[[[126.61526796362756,37.519252425460735],[126.61526796362756,37.52824562909798],[126.6242611672648,37.52824562909798],[126.6242611672648,37.519252425460735],[126.61526796362756,37.519252425460735]]]}},{"type":"Feature","properties":{"jobs":674,"pop":779,"pointCount":1,"homeWorkCommuteMedian":29104,"workHomeCommuteMedian":-1},"geometry":{"type":"Polygon","coordinates":[[[126.61526796362756,37.52824562909798],[126.61526796362756,37.53723883273523],[126.6242611672648,37.53723883273523],[126.6242611672648,37.52824562909798],[126.61526796362756,37.52824562909798]]]}},{"type":"Feature","properties":{"jobs":159,"pop":350,"pointCount":1,"homeWorkCommuteMedian":23737,"workHomeCommuteMedian":-1},"geometry":{"type":"Polygon","coordinates":[[[126.61526796362756,37.58220485092146],[126.61526796362756,37.5911980545587],[126.6242611672648,37.5911980545587],[126.6242611672648,37.58220485092146],[126.61526796362756,37.58220485092146]]]}},{"type":"Feature","properties":{"jobs":7351,"pop":4266,"pointCount":2,"homeWorkCommuteMedian":11003,"workHomeCommuteMedian":11188},"geometry":{"type":"Polygon","coordinates":[[[126.61526796362756,37.609184461833195],[126.61526796362756,37.61817766547044],[126.6242611672648,37.61817766547044],[126.6242611672648,37.609184461833195],[126.61526796362756,37.609184461833195]]]}},{"type":"Feature","properties":{"jobs":819,"pop":66,"pointCount":1,"homeWorkCommuteMedian":6508,"workHomeCommuteMedian":6677},"geometry":{"type":"Polygon","coordinates":[[[126.61526796362756,37.61817766547044],[126.61526796362756,37.62717086910769],[126.6242611672648,37.62717086910769],[126.6242611672648,37.61817766547044],[126.61526796362756,37.61817766547044]]]}},{"type":"Feature","properties":{"jobs":24868,"pop":8070,"pointCount":4,"homeWorkCommuteMedian":6819,"workHomeCommuteMedian":7364},"geometry":{"type":"Polygon","coordinates":[[[126.6242611672648,37.3753611672648],[126.6242611672648,37.384354370902045],[126.63325437090205,37.384354370902045],[126.63325437090205,37.3753611672648],[126.6242611672648,37.3753611672648]]]}},{"type":"Feature","properties":{"jobs":19477,"pop":9460,"pointCount":3,"homeWorkCommuteMedian":6167,"workHomeCommuteMedian":5555},"geometry":{"type":"Polygon","coordinates":[[[126.6242611672648,37.384354370902045],[126.6242611672648,37.39334757453929],[126.63325437090205,37.39334757453929],[126.63325437090205,37.384354370902045],[126.6242611672648,37.384354370902045]]]}},{"type":"Feature","properties":{"jobs":934,"pop":45,"pointCount":1,"homeWorkCommuteMedian":3201,"workHomeCommuteMedian":2721},"geometry":{"type":"Polygon","coordinates":[[[126.6242611672648,37.39334757453929],[126.6242611672648,37.40234077817654],[126.63325437090205,37.40234077817654],[126.63325437090205,37.39334757453929],[126.6242611672648,37.39334757453929]]]}},{"type":"Feature","properties":{"jobs":13391,"pop":10779,"pointCount":2,"homeWorkCommuteMedian":5974,"workHomeCommuteMedian":5778},"geometry":{"type":"Polygon","coordinates":[[[126.6242611672648,37.40234077817654],[126.6242611672648,37.41133398181378],[126.63325437090205,37.41133398181378],[126.63325437090205,37.40234077817654],[126.6242611672648,37.40234077817654]]]}},{"type":"Feature","properties":{"jobs":10736,"pop":5986,"pointCount":1,"homeWorkCommuteMedian":6268,"workHomeCommuteMedian":6518},"geometry":{"type":"Polygon","coordinates":[[[126.6242611672648,37.41133398181378],[126.6242611672648,37.42032718545103],[126.63325437090205,37.42032718545103],[126.63325437090205,37.41133398181378],[126.6242611672648,37.41133398181378]]]}},{"type":"Feature","properties":{"jobs":30,"pop":1295,"pointCount":1,"homeWorkCommuteMedian":8147,"workHomeCommuteMedian":7818},"geometry":{"type":"Polygon","coordinates":[[[126.6242611672648,37.43831359272552],[126.6242611672648,37.44730679636277],[126.63325437090205,37.44730679636277],[126.63325437090205,37.43831359272552],[126.6242611672648,37.43831359272552]]]}},{"type":"Feature","properties":{"jobs":9656,"pop":2835,"pointCount":3,"homeWorkCommuteMedian":6438,"workHomeCommuteMedian":6254},"geometry":{"type":"Polygon","coordinates":[[[126.6242611672648,37.44730679636277],[126.6242611672648,37.45630000000001],[126.63325437090205,37.45630000000001],[126.63325437090205,37.44730679636277],[126.6242611672648,37.44730679636277]]]}},{"type":"Feature","properties":{"jobs":3277,"pop":819,"pointCount":1,"homeWorkCommuteMedian":6293,"workHomeCommuteMedian":5157},"geometry":{"type":"Polygon","coordinates":[[[126.6242611672648,37.45630000000001],[126.6242611672648,37.46529320363726],[126.63325437090205,37.46529320363726],[126.63325437090205,37.45630000000001],[126.6242611672648,37.45630000000001]]]}},{"type":"Feature","properties":{"jobs":2563,"pop":398,"pointCount":2,"homeWorkCommuteMedian":5409,"workHomeCommuteMedian":6969},"geometry":{"type":"Polygon","coordinates":[[[126.6242611672648,37.46529320363726],[126.6242611672648,37.474286407274505],[126.63325437090205,37.474286407274505],[126.63325437090205,37.46529320363726],[126.6242611672648,37.46529320363726]]]}},{"type":"Feature","properties":{"jobs":35547,"pop":621,"pointCount":3,"homeWorkCommuteMedian":18362,"workHomeCommuteMedian":17564},"geometry":{"type":"Polygon","coordinates":[[[126.6242611672648,37.474286407274505],[126.6242611672648,37.48327961091175],[126.63325437090205,37.48327961091175],[126.63325437090205,37.474286407274505],[126.6242611672648,37.474286407274505]]]}},{"type":"Feature","properties":{"jobs":1182,"pop":4,"pointCount":1,"homeWorkCommuteMedian":37157,"workHomeCommuteMedian":-1},"geometry":{"type":"Polygon","coordinates":[[[126.6242611672648,37.48327961091175],[126.6242611672648,37.492272814549],[126.63325437090205,37.492272814549],[126.63325437090205,37.48327961091175],[126.6242611672648,37.48327961091175]]]}},{"type":"Feature","properties":{"jobs":379,"pop":340,"pointCount":1,"homeWorkCommuteMedian":28217,"workHomeCommuteMedian":-1},"geometry":{"type":"Polygon","coordinates":[[[126.6242611672648,37.51025922182349],[126.6242611672648,37.519252425460735],[126.63325437090205,37.519252425460735],[126.63325437090205,37.51025922182349],[126.6242611672648,37.51025922182349]]]}},{"type":"Feature","properties":{"jobs":10155,"pop":6342,"pointCount":1,"homeWorkCommuteMedian":10651,"workHomeCommuteMedian":9888},"geometry":{"type":"Polygon","coordinates":[[[126.6242611672648,37.609184461833195],[126.6242611672648,37.61817766547044],[126.63325437090205,37.61817766547044],[126.63325437090205,37.609184461833195],[126.6242611672648,37.609184461833195]]]}},{"type":"Feature","properties":{"jobs":3192,"pop":1272,"pointCount":1,"homeWorkCommuteMedian":9538,"workHomeCommuteMedian":9197},"geometry":{"type":"Polygon","coordinates":[[[126.6242611672648,37.61817766547044],[126.6242611672648,37.62717086910769],[126.63325437090205,37.62717086910769],[126.63325437090205,37.61817766547044],[126.6242611672648,37.61817766547044]]]}},{"type":"Feature","properties":{"jobs":8165,"pop":4939,"pointCount":1,"homeWorkCommuteMedian":6668,"workHomeCommuteMedian":6345},"geometry":{"type":"Polygon","coordinates":[[[126.63325437090205,37.36636796362755],[126.63325437090205,37.3753611672648],[126.6422475745393,37.3753611672648],[126.6422475745393,37.36636796362755],[126.63325437090205,37.36636796362755]]]}},{"type":"Feature","properties":{"jobs":51349,"pop":27170,"pointCount":3,"homeWorkCommuteMedian":6167,"workHomeCommuteMedian":6096},"geometry":{"type":"Polygon","coordinates":[[[126.63325437090205,37.3753611672648],[126.63325437090205,37.384354370902045],[126.6422475745393,37.384354370902045],[126.6422475745393,37.3753611672648],[126.63325437090205,37.3753611672648]]]}},{"type":"Feature","properties":{"jobs":5952,"pop":1983,"pointCount":3,"homeWorkCommuteMedian":5815,"workHomeCommuteMedian":5626},"geometry":{"type":"Polygon","coordinates":[[[126.63325437090205,37.384354370902045],[126.63325437090205,37.39334757453929],[126.6422475745393,37.39334757453929],[126.6422475745393,37.384354370902045],[126.63325437090205,37.384354370902045]]]}},{"type":"Feature","properties":{"jobs":15620,"pop":7638,"pointCount":3,"homeWorkCommuteMedian":4358,"workHomeCommuteMedian":4422},"geometry":{"type":"Polygon","coordinates":[[[126.63325437090205,37.39334757453929],[126.63325437090205,37.40234077817654],[126.6422475745393,37.40234077817654],[126.6422475745393,37.39334757453929],[126.63325437090205,37.39334757453929]]]}},{"type":"Feature","properties":{"jobs":7479,"pop":3001,"pointCount":2,"homeWorkCommuteMedian":5570,"workHomeCommuteMedian":5637},"geometry":{"type":"Polygon","coordinates":[[[126.63325437090205,37.42032718545103],[126.63325437090205,37.429320389088275],[126.6422475745393,37.429320389088275],[126.6422475745393,37.42032718545103],[126.63325437090205,37.42032718545103]]]}},{"type":"Feature","properties":{"jobs":7860,"pop":2397,"pointCount":2,"homeWorkCommuteMedian":7724,"workHomeCommuteMedian":6307},"geometry":{"type":"Polygon","coordinates":[[[126.63325437090205,37.43831359272552],[126.63325437090205,37.44730679636277],[126.6422475745393,37.44730679636277],[126.6422475745393,37.43831359272552],[126.63325437090205,37.43831359272552]]]}},{"type":"Feature","properties":{"jobs":24174,"pop":11138,"pointCount":4,"homeWorkCommuteMedian":5325,"workHomeCommuteMedian":5400},"geometry":{"type":"Polygon","coordinates":[[[126.63325437090205,37.44730679636277],[126.63325437090205,37.45630000000001],[126.6422475745393,37.45630000000001],[126.6422475745393,37.44730679636277],[126.63325437090205,37.44730679636277]]]}},{"type":"Feature","properties":{"jobs":9788,"pop":1742,"pointCount":5,"homeWorkCommuteMedian":4944,"workHomeCommuteMedian":5124},"geometry":{"type":"Polygon","coordinates":[[[126.63325437090205,37.45630000000001],[126.63325437090205,37.46529320363726],[126.6422475745393,37.46529320363726],[126.6422475745393,37.45630000000001],[126.63325437090205,37.45630000000001]]]}},{"type":"Feature","properties":{"jobs":18522,"pop":1139,"pointCount":3,"homeWorkCommuteMedian":8449,"workHomeCommuteMedian":7973},"geometry":{"type":"Polygon","coordinates":[[[126.63325437090205,37.46529320363726],[126.63325437090205,37.474286407274505],[126.6422475745393,37.474286407274505],[126.6422475745393,37.46529320363726],[126.63325437090205,37.46529320363726]]]}},{"type":"Feature","properties":{"jobs":28214,"pop":990,"pointCount":1,"homeWorkCommuteMedian":21779,"workHomeCommuteMedian":16722},"geometry":{"type":"Polygon","coordinates":[[[126.63325437090205,37.474286407274505],[126.63325437090205,37.48327961091175],[126.6422475745393,37.48327961091175],[126.6422475745393,37.474286407274505],[126.63325437090205,37.474286407274505]]]}},{"type":"Feature","properties":{"jobs":10892,"pop":581,"pointCount":1,"homeWorkCommuteMedian":21033,"workHomeCommuteMedian":-1},"geometry":{"type":"Polygon","coordinates":[[[126.63325437090205,37.52824562909798],[126.63325437090205,37.53723883273523],[126.6422475745393,37.53723883273523],[126.6422475745393,37.52824562909798],[126.63325437090205,37.52824562909798]]]}},{"type":"Feature","properties":{"jobs":18804,"pop":9456,"pointCount":2,"homeWorkCommuteMedian":6672,"workHomeCommuteMedian":6957},"geometry":{"type":"Polygon","coordinates":[[[126.6422475745393,37.36636796362755],[126.6422475745393,37.3753611672648],[126.65124077817654,37.3753611672648],[126.65124077817654,37.36636796362755],[126.6422475745393,37.36636796362755]]]}},{"type":"Feature","properties":{"jobs":8434,"pop":3015,"pointCount":2,"homeWorkCommuteMedian":6209,"workHomeCommuteMedian":6235},"geometry":{"type":"Polygon","coordinates":[[[126.6422475745393,37.3753611672648],[126.6422475745393,37.384354370902045],[126.65124077817654,37.384354370902045],[126.65124077817654,37.3753611672648],[126.6422475745393,37.3753611672648]]]}},{"type":"Feature","properties":{"jobs":4748,"pop":3457,"pointCount":2,"homeWorkCommuteMedian":4646,"workHomeCommuteMedian":4604},"geometry":{"type":"Polygon","coordinates":[[[126.6422475745393,37.384354370902045],[126.6422475745393,37.39334757453929],[126.65124077817654,37.39334757453929],[126.65124077817654,37.384354370902045],[126.6422475745393,37.384354370902045]]]}},{"type":"Feature","properties":{"jobs":11761,"pop":3788,"pointCount":4,"homeWorkCommuteMedian":4350,"workHomeCommuteMedian":4306},"geometry":{"type":"Polygon","coordinates":[[[126.6422475745393,37.39334757453929],[126.6422475745393,37.40234077817654],[126.65124077817654,37.40234077817654],[126.65124077817654,37.39334757453929],[126.6422475745393,37.39334757453929]]]}},{"type":"Feature","properties":{"jobs":1013,"pop":48,"pointCount":1,"homeWorkCommuteMedian":4468,"workHomeCommuteMedian":4253},"geometry":{"type":"Polygon","coordinates":[[[126.6422475745393,37.40234077817654],[126.6422475745393,37.41133398181378],[126.65124077817654,37.41133398181378],[126.65124077817654,37.40234077817654],[126.6422475745393,37.40234077817654]]]}},{"type":"Feature","properties":{"jobs":870,"pop":42,"pointCount":1,"homeWorkCommuteMedian":6447,"workHomeCommuteMedian":6447},"geometry":{"type":"Polygon","coordinates":[[[126.6422475745393,37.41133398181378],[126.6422475745393,37.42032718545103],[126.65124077817654,37.42032718545103],[126.65124077817654,37.41133398181378],[126.6422475745393,37.41133398181378]]]}},{"type":"Feature","properties":{"jobs":33289,"pop":18276,"pointCount":4,"homeWorkCommuteMedian":5506,"workHomeCommuteMedian":5393},"geometry":{"type":"Polygon","coordinates":[[[126.6422475745393,37.42032718545103],[126.6422475745393,37.429320389088275],[126.65124077817654,37.429320389088275],[126.65124077817654,37.42032718545103],[126.6422475745393,37.42032718545103]]]}},{"type":"Feature","properties":{"jobs":19503,"pop":7047,"pointCount":4,"homeWorkCommuteMedian":6634,"workHomeCommuteMedian":5637},"geometry":{"type":"Polygon","coordinates":[[[126.6422475745393,37.43831359272552],[126.6422475745393,37.44730679636277],[126.65124077817654,37.44730679636277],[126.65124077817654,37.43831359272552],[126.6422475745393,37.43831359272552]]]}},{"type":"Feature","properties":{"jobs":16172,"pop":7074,"pointCount":3,"homeWorkCommuteMedian":5120,"workHomeCommuteMedian":4946},"geometry":{"type":"Polygon","coordinates":[[[126.6422475745393,37.44730679636277],[126.6422475745393,37.45630000000001],[126.65124077817654,37.45630000000001],[126.65124077817654,37.44730679636277],[126.6422475745393,37.44730679636277]]]}},{"type":"Feature","properties":{"jobs":15313,"pop":4789,"pointCount":5,"homeWorkCommuteMedian":4081,"workHomeCommuteMedian":4195},"geometry":{"type":"Polygon","coordinates":[[[126.6422475745393,37.45630000000001],[126.6422475745393,37.46529320363726],[126.65124077817654,37.46529320363726],[126.65124077817654,37.45630000000001],[126.6422475745393,37.45630000000001]]]}},{"type":"Feature","properties":{"jobs":6464,"pop":2011,"pointCount":3,"homeWorkCommuteMedian":4445,"workHomeCommuteMedian":4282},"geometry":{"type":"Polygon","coordinates":[[[126.6422475745393,37.46529320363726],[126.6422475745393,37.474286407274505],[126.65124077817654,37.474286407274505],[126.65124077817654,37.46529320363726],[126.6422475745393,37.46529320363726]]]}},{"type":"Feature","properties":{"jobs":30147,"pop":680,"pointCount":3,"homeWorkCommuteMedian":16841,"workHomeCommuteMedian":17286},"geometry":{"type":"Polygon","coordinates":[[[126.6422475745393,37.474286407274505],[126.6422475745393,37.48327961091175],[126.65124077817654,37.48327961091175],[126.65124077817654,37.474286407274505],[126.6422475745393,37.474286407274505]]]}},{"type":"Feature","properties":{"jobs":8654,"pop":5014,"pointCount":2,"homeWorkCommuteMedian":7300,"workHomeCommuteMedian":7961},"geometry":{"type":"Polygon","coordinates":[[[126.6422475745393,37.60019125819595],[126.6422475745393,37.609184461833195],[126.65124077817654,37.609184461833195],[126.65124077817654,37.60019125819595],[126.6422475745393,37.60019125819595]]]}},{"type":"Feature","properties":{"jobs":1154,"pop":55,"pointCount":1,"homeWorkCommuteMedian":2141,"workHomeCommuteMedian":2966},"geometry":{"type":"Polygon","coordinates":[[[126.65124077817654,37.35737475999031],[126.65124077817654,37.36636796362755],[126.66023398181379,37.36636796362755],[126.66023398181379,37.35737475999031],[126.65124077817654,37.35737475999031]]]}},{"type":"Feature","properties":{"jobs":29871,"pop":15604,"pointCount":4,"homeWorkCommuteMedian":6887,"workHomeCommuteMedian":6597},"geometry":{"type":"Polygon","coordinates":[[[126.65124077817654,37.36636796362755],[126.65124077817654,37.3753611672648],[126.66023398181379,37.3753611672648],[126.66023398181379,37.36636796362755],[126.65124077817654,37.36636796362755]]]}},{"type":"Feature","properties":{"jobs":8486,"pop":3226,"pointCount":3,"homeWorkCommuteMedian":5371,"workHomeCommuteMedian":6172},"geometry":{"type":"Polygon","coordinates":[[[126.65124077817654,37.3753611672648],[126.65124077817654,37.384354370902045],[126.66023398181379,37.384354370902045],[126.66023398181379,37.3753611672648],[126.65124077817654,37.3753611672648]]]}},{"type":"Feature","properties":{"jobs":9283,"pop":3095,"pointCount":4,"homeWorkCommuteMedian":4422,"workHomeCommuteMedian":4558},"geometry":{"type":"Polygon","coordinates":[[[126.65124077817654,37.384354370902045],[126.65124077817654,37.39334757453929],[126.66023398181379,37.39334757453929],[126.66023398181379,37.384354370902045],[126.65124077817654,37.384354370902045]]]}},{"type":"Feature","properties":{"jobs":1805,"pop":322,"pointCount":1,"homeWorkCommuteMedian":4369,"workHomeCommuteMedian":4838},"geometry":{"type":"Polygon","coordinates":[[[126.65124077817654,37.39334757453929],[126.65124077817654,37.40234077817654],[126.66023398181379,37.40234077817654],[126.66023398181379,37.39334757453929],[126.65124077817654,37.39334757453929]]]}},{"type":"Feature","properties":{"jobs":14030,"pop":5787,"pointCount":4,"homeWorkCommuteMedian":4265,"workHomeCommuteMedian":4422},"geometry":{"type":"Polygon","coordinates":[[[126.65124077817654,37.40234077817654],[126.65124077817654,37.41133398181378],[126.66023398181379,37.41133398181378],[126.66023398181379,37.40234077817654],[126.65124077817654,37.40234077817654]]]}},{"type":"Feature","properties":{"jobs":1126,"pop":54,"pointCount":2,"homeWorkCommuteMedian":6634,"workHomeCommuteMedian":5974},"geometry":{"type":"Polygon","coordinates":[[[126.65124077817654,37.41133398181378],[126.65124077817654,37.42032718545103],[126.66023398181379,37.42032718545103],[126.66023398181379,37.41133398181378],[126.65124077817654,37.41133398181378]]]}},{"type":"Feature","properties":{"jobs":10944,"pop":3735,"pointCount":4,"homeWorkCommuteMedian":5855,"workHomeCommuteMedian":5720},"geometry":{"type":"Polygon","coordinates":[[[126.65124077817654,37.42032718545103],[126.65124077817654,37.429320389088275],[126.66023398181379,37.429320389088275],[126.66023398181379,37.42032718545103],[126.65124077817654,37.42032718545103]]]}},{"type":"Feature","properties":{"jobs":11638,"pop":4036,"pointCount":3,"homeWorkCommuteMedian":9863,"workHomeCommuteMedian":7470},"geometry":{"type":"Polygon","coordinates":[[[126.65124077817654,37.429320389088275],[126.65124077817654,37.43831359272552],[126.66023398181379,37.43831359272552],[126.66023398181379,37.429320389088275],[126.65124077817654,37.429320389088275]]]}},{"type":"Feature","properties":{"jobs":32072,"pop":16130,"pointCount":4,"homeWorkCommuteMedian":4422,"workHomeCommuteMedian":4266},"geometry":{"type":"Polygon","coordinates":[[[126.65124077817654,37.43831359272552],[126.65124077817654,37.44730679636277],[126.66023398181379,37.44730679636277],[126.66023398181379,37.43831359272552],[126.65124077817654,37.43831359272552]]]}},{"type":"Feature","properties":{"jobs":16867,"pop":2697,"pointCount":4,"homeWorkCommuteMedian":13627,"workHomeCommuteMedian":13172},"geometry":{"type":"Polygon","coordinates":[[[126.65124077817654,37.44730679636277],[126.65124077817654,37.45630000000001],[126.66023398181379,37.45630000000001],[126.66023398181379,37.44730679636277],[126.65124077817654,37.44730679636277]]]}},{"type":"Feature","properties":{"jobs":9228,"pop":1467,"pointCount":4,"homeWorkCommuteMedian":3679,"workHomeCommuteMedian":3613},"geometry":{"type":"Polygon","coordinates":[[[126.65124077817654,37.45630000000001],[126.65124077817654,37.46529320363726],[126.66023398181379,37.46529320363726],[126.66023398181379,37.45630000000001],[126.65124077817654,37.45630000000001]]]}},{"type":"Feature","properties":{"jobs":2369,"pop":270,"pointCount":1,"homeWorkCommuteMedian":5649,"workHomeCommuteMedian":5649},"geometry":{"type":"Polygon","coordinates":[[[126.65124077817654,37.474286407274505],[126.65124077817654,37.48327961091175],[126.66023398181379,37.48327961091175],[126.66023398181379,37.474286407274505],[126.65124077817654,37.474286407274505]]]}},{"type":"Feature","properties":{"jobs":7911,"pop":802,"pointCount":1,"homeWorkCommuteMedian":25910,"workHomeCommuteMedian":-1},"geometry":{"type":"Polygon","coordinates":[[[126.65124077817654,37.52824562909798],[126.65124077817654,37.53723883273523],[126.66023398181379,37.53723883273523],[126.66023398181379,37.52824562909798],[126.65124077817654,37.52824562909798]]]}},{"type":"Feature","properties":{"jobs":6819,"pop":3912,"pointCount":1,"homeWorkCommuteMedian":7531,"workHomeCommuteMedian":7708},"geometry":{"type":"Polygon","coordinates":[[[126.65124077817654,37.5911980545587],[126.65124077817654,37.60019125819595],[126.66023398181379,37.60019125819595],[126.66023398181379,37.5911980545587],[126.65124077817654,37.5911980545587]]]}},{"type":"Feature","properties":{"jobs":17229,"pop":9376,"pointCount":4,"homeWorkCommuteMedian":6692,"workHomeCommuteMedian":6932},"geometry":{"type":"Polygon","coordinates":[[[126.65124077817654,37.60019125819595],[126.65124077817654,37.609184461833195],[126.66023398181379,37.609184461833195],[126.66023398181379,37.60019125819595],[126.65124077817654,37.60019125819595]]]}},{"type":"Feature","properties":{"jobs":11187,"pop":6509,"pointCount":2,"homeWorkCommuteMedian":6795,"workHomeCommuteMedian":6795},"geometry":{"type":"Polygon","coordinates":[[[126.65124077817654,37.609184461833195],[126.65124077817654,37.61817766547044],[126.66023398181379,37.61817766547044],[126.66023398181379,37.609184461833195],[126.65124077817654,37.609184461833195]]]}},{"type":"Feature","properties":{"jobs":408,"pop":798,"pointCount":2,"homeWorkCommuteMedian":25601,"workHomeCommuteMedian":23917},"geometry":{"type":"Polygon","coordinates":[[[126.66023398181379,37.36636796362755],[126.66023398181379,37.3753611672648],[126.66922718545104,37.3753611672648],[126.66922718545104,37.36636796362755],[126.66023398181379,37.36636796362755]]]}},{"type":"Feature","properties":{"jobs":6055,"pop":2536,"pointCount":2,"homeWorkCommuteMedian":5544,"workHomeCommuteMedian":5545},"geometry":{"type":"Polygon","coordinates":[[[126.66023398181379,37.3753611672648],[126.66023398181379,37.384354370902045],[126.66922718545104,37.384354370902045],[126.66922718545104,37.3753611672648],[126.66023398181379,37.3753611672648]]]}},{"type":"Feature","properties":{"jobs":4591,"pop":1117,"pointCount":2,"homeWorkCommuteMedian":5042,"workHomeCommuteMedian":5042},"geometry":{"type":"Polygon","coordinates":[[[126.66023398181379,37.384354370902045],[126.66023398181379,37.39334757453929],[126.66922718545104,37.39334757453929],[126.66922718545104,37.384354370902045],[126.66023398181379,37.384354370902045]]]}},{"type":"Feature","properties":{"jobs":4883,"pop":1211,"pointCount":2,"homeWorkCommuteMedian":5637,"workHomeCommuteMedian":5350},"geometry":{"type":"Polygon","coordinates":[[[126.66023398181379,37.39334757453929],[126.66023398181379,37.40234077817654],[126.66922718545104,37.40234077817654],[126.66922718545104,37.39334757453929],[126.66023398181379,37.39334757453929]]]}},{"type":"Feature","properties":{"jobs":22931,"pop":11517,"pointCount":4,"homeWorkCommuteMedian":4864,"workHomeCommuteMedian":4477},"geometry":{"type":"Polygon","coordinates":[[[126.66023398181379,37.40234077817654],[126.66023398181379,37.41133398181378],[126.66922718545104,37.41133398181378],[126.66922718545104,37.40234077817654],[126.66023398181379,37.40234077817654]]]}},{"type":"Feature","properties":{"jobs":5521,"pop":1604,"pointCount":2,"homeWorkCommuteMedian":5569,"workHomeCommuteMedian":6072},"geometry":{"type":"Polygon","coordinates":[[[126.66023398181379,37.41133398181378],[126.66023398181379,37.42032718545103],[126.66922718545104,37.42032718545103],[126.66922718545104,37.41133398181378],[126.66023398181379,37.41133398181378]]]}},{"type":"Feature","properties":{"jobs":18422,"pop":8146,"pointCount":4,"homeWorkCommuteMedian":6254,"workHomeCommuteMedian":5974},"geometry":{"type":"Polygon","coordinates":[[[126.66023398181379,37.42032718545103],[126.66023398181379,37.429320389088275],[126.66922718545104,37.429320389088275],[126.66922718545104,37.42032718545103],[126.66023398181379,37.42032718545103]]]}},{"type":"Feature","properties":{"jobs":5438,"pop":1038,"pointCount":2,"homeWorkCommuteMedian":4117,"workHomeCommuteMedian":4077},"geometry":{"type":"Polygon","coordinates":[[[126.66023398181379,37.429320389088275],[126.66023398181379,37.43831359272552],[126.66922718545104,37.43831359272552],[126.66922718545104,37.429320389088275],[126.66023398181379,37.429320389088275]]]}},{"type":"Feature","properties":{"jobs":8693,"pop":909,"pointCount":4,"homeWorkCommuteMedian":3497,"workHomeCommuteMedian":3152},"geometry":{"type":"Polygon","coordinates":[[[126.66023398181379,37.43831359272552],[126.66023398181379,37.44730679636277],[126.66922718545104,37.44730679636277],[126.66922718545104,37.43831359272552],[126.66023398181379,37.43831359272552]]]}},{"type":"Feature","properties":{"jobs":13715,"pop":2808,"pointCount":4,"homeWorkCommuteMedian":3319,"workHomeCommuteMedian":3116},"geometry":{"type":"Polygon","coordinates":[[[126.66023398181379,37.44730679636277],[126.66023398181379,37.45630000000001],[126.66922718545104,37.45630000000001],[126.66922718545104,37.44730679636277],[126.66023398181379,37.44730679636277]]]}},{"type":"Feature","properties":{"jobs":13605,"pop":4338,"pointCount":3,"homeWorkCommuteMedian":3733,"workHomeCommuteMedian":3676},"geometry":{"type":"Polygon","coordinates":[[[126.66023398181379,37.45630000000001],[126.66023398181379,37.46529320363726],[126.66922718545104,37.46529320363726],[126.66922718545104,37.45630000000001],[126.66023398181379,37.45630000000001]]]}},{"type":"Feature","properties":{"jobs":16787,"pop":5648,"pointCount":4,"homeWorkCommuteMedian":4361,"workHomeCommuteMedian":4147},"geometry":{"type":"Polygon","coordinates":[[[126.66023398181379,37.46529320363726],[126.66023398181379,37.474286407274505],[126.66922718545104,37.474286407274505],[126.66922718545104,37.46529320363726],[126.66023398181379,37.46529320363726]]]}},{"type":"Feature","properties":{"jobs":33,"pop":0,"pointCount":1,"homeWorkCommuteMedian":-1,"workHomeCommuteMedian":7112},"geometry":{"type":"Polygon","coordinates":[[[126.66023398181379,37.474286407274505],[126.66023398181379,37.48327961091175],[126.66922718545104,37.48327961091175],[126.66922718545104,37.474286407274505],[126.66023398181379,37.474286407274505]]]}},{"type":"Feature","properties":{"jobs":3919,"pop":308,"pointCount":2,"homeWorkCommuteMedian":7818,"workHomeCommuteMedian":7151},"geometry":{"type":"Polygon","coordinates":[[[126.66023398181379,37.492272814549],[126.66023398181379,37.50126601818624],[126.66922718545104,37.50126601818624],[126.66922718545104,37.492272814549],[126.66023398181379,37.492272814549]]]}},{"type":"Feature","properties":{"jobs":55,"pop":135,"pointCount":1,"homeWorkCommuteMedian":20488,"workHomeCommuteMedian":-1},"geometry":{"type":"Polygon","coordinates":[[[126.66023398181379,37.50126601818624],[126.66023398181379,37.51025922182349],[126.66922718545104,37.51025922182349],[126.66922718545104,37.50126601818624],[126.66023398181379,37.50126601818624]]]}},{"type":"Feature","properties":{"jobs":4961,"pop":2534,"pointCount":1,"homeWorkCommuteMedian":6566,"workHomeCommuteMedian":6887},"geometry":{"type":"Polygon","coordinates":[[[126.66023398181379,37.5911980545587],[126.66023398181379,37.60019125819595],[126.66922718545104,37.60019125819595],[126.66922718545104,37.5911980545587],[126.66023398181379,37.5911980545587]]]}},{"type":"Feature","properties":{"jobs":7243,"pop":2056,"pointCount":3,"homeWorkCommuteMedian":5211,"workHomeCommuteMedian":5305},"geometry":{"type":"Polygon","coordinates":[[[126.66023398181379,37.60019125819595],[126.66023398181379,37.609184461833195],[126.66922718545104,37.609184461833195],[126.66922718545104,37.60019125819595],[126.66023398181379,37.60019125819595]]]}},{"type":"Feature","properties":{"jobs":2262,"pop":358,"pointCount":2,"homeWorkCommuteMedian":5525,"workHomeCommuteMedian":4767},"geometry":{"type":"Polygon","coordinates":[[[126.66023398181379,37.609184461833195],[126.66023398181379,37.61817766547044],[126.66922718545104,37.61817766547044],[126.66922718545104,37.609184461833195],[126.66023398181379,37.609184461833195]]]}},{"type":"Feature","properties":{"jobs":2697,"pop":152,"pointCount":2,"homeWorkCommuteMedian":4189,"workHomeCommuteMedian":3794},"geometry":{"type":"Polygon","coordinates":[[[126.66922718545104,37.3753611672648],[126.66922718545104,37.384354370902045],[126.67822038908828,37.384354370902045],[126.67822038908828,37.3753611672648],[126.66922718545104,37.3753611672648]]]}},{"type":"Feature","properties":{"jobs":3697,"pop":878,"pointCount":2,"homeWorkCommuteMedian":5461,"workHomeCommuteMedian":5089},"geometry":{"type":"Polygon","coordinates":[[[126.66922718545104,37.39334757453929],[126.66922718545104,37.40234077817654],[126.67822038908828,37.40234077817654],[126.67822038908828,37.39334757453929],[126.66922718545104,37.39334757453929]]]}},{"type":"Feature","properties":{"jobs":16910,"pop":6463,"pointCount":5,"homeWorkCommuteMedian":5536,"workHomeCommuteMedian":5637},"geometry":{"type":"Polygon","coordinates":[[[126.66922718545104,37.40234077817654],[126.66922718545104,37.41133398181378],[126.67822038908828,37.41133398181378],[126.67822038908828,37.40234077817654],[126.66922718545104,37.40234077817654]]]}},{"type":"Feature","properties":{"jobs":11508,"pop":3433,"pointCount":4,"homeWorkCommuteMedian":6323,"workHomeCommuteMedian":6215},"geometry":{"type":"Polygon","coordinates":[[[126.66922718545104,37.41133398181378],[126.66922718545104,37.42032718545103],[126.67822038908828,37.42032718545103],[126.67822038908828,37.41133398181378],[126.66922718545104,37.41133398181378]]]}},{"type":"Feature","properties":{"jobs":8248,"pop":3179,"pointCount":2,"homeWorkCommuteMedian":6709,"workHomeCommuteMedian":6421},"geometry":{"type":"Polygon","coordinates":[[[126.66922718545104,37.42032718545103],[126.66922718545104,37.429320389088275],[126.67822038908828,37.429320389088275],[126.67822038908828,37.42032718545103],[126.66922718545104,37.42032718545103]]]}},{"type":"Feature","properties":{"jobs":4124,"pop":369,"pointCount":2,"homeWorkCommuteMedian":4991,"workHomeCommuteMedian":3496},"geometry":{"type":"Polygon","coordinates":[[[126.66922718545104,37.429320389088275],[126.66922718545104,37.43831359272552],[126.67822038908828,37.43831359272552],[126.67822038908828,37.429320389088275],[126.66922718545104,37.429320389088275]]]}},{"type":"Feature","properties":{"jobs":17281,"pop":4551,"pointCount":4,"homeWorkCommuteMedian":3832,"workHomeCommuteMedian":3765},"geometry":{"type":"Polygon","coordinates":[[[126.66922718545104,37.43831359272552],[126.66922718545104,37.44730679636277],[126.67822038908828,37.44730679636277],[126.67822038908828,37.43831359272552],[126.66922718545104,37.43831359272552]]]}},{"type":"Feature","properties":{"jobs":18358,"pop":4722,"pointCount":4,"homeWorkCommuteMedian":3565,"workHomeCommuteMedian":3481},"geometry":{"type":"Polygon","coordinates":[[[126.66922718545104,37.44730679636277],[126.66922718545104,37.45630000000001],[126.67822038908828,37.45630000000001],[126.67822038908828,37.44730679636277],[126.66922718545104,37.44730679636277]]]}},{"type":"Feature","properties":{"jobs":28602,"pop":10317,"pointCount":4,"homeWorkCommuteMedian":3781,"workHomeCommuteMedian":3850},"geometry":{"type":"Polygon","coordinates":[[[126.66922718545104,37.45630000000001],[126.66922718545104,37.46529320363726],[126.67822038908828,37.46529320363726],[126.67822038908828,37.45630000000001],[126.66922718545104,37.45630000000001]]]}},{"type":"Feature","properties":{"jobs":8572,"pop":2912,"pointCount":2,"homeWorkCommuteMedian":4078,"workHomeCommuteMedian":3991},"geometry":{"type":"Polygon","coordinates":[[[126.66922718545104,37.46529320363726],[126.66922718545104,37.474286407274505],[126.67822038908828,37.474286407274505],[126.67822038908828,37.46529320363726],[126.66922718545104,37.46529320363726]]]}},{"type":"Feature","properties":{"jobs":12186,"pop":3908,"pointCount":3,"homeWorkCommuteMedian":6703,"workHomeCommuteMedian":6634},"geometry":{"type":"Polygon","coordinates":[[[126.66922718545104,37.48327961091175],[126.66922718545104,37.492272814549],[126.67822038908828,37.492272814549],[126.67822038908828,37.48327961091175],[126.66922718545104,37.48327961091175]]]}},{"type":"Feature","properties":{"jobs":2977,"pop":87,"pointCount":2,"homeWorkCommuteMedian":6384,"workHomeCommuteMedian":6384},"geometry":{"type":"Polygon","coordinates":[[[126.66922718545104,37.492272814549],[126.66922718545104,37.50126601818624],[126.67822038908828,37.50126601818624],[126.67822038908828,37.492272814549],[126.66922718545104,37.492272814549]]]}},{"type":"Feature","properties":{"jobs":1355,"pop":20,"pointCount":2,"homeWorkCommuteMedian":3901,"workHomeCommuteMedian":9825},"geometry":{"type":"Polygon","coordinates":[[[126.66922718545104,37.50126601818624],[126.66922718545104,37.51025922182349],[126.67822038908828,37.51025922182349],[126.67822038908828,37.50126601818624],[126.66922718545104,37.50126601818624]]]}},{"type":"Feature","properties":{"jobs":3665,"pop":165,"pointCount":3,"homeWorkCommuteMedian":5962,"workHomeCommuteMedian":5699},"geometry":{"type":"Polygon","coordinates":[[[126.66922718545104,37.51025922182349],[126.66922718545104,37.519252425460735],[126.67822038908828,37.519252425460735],[126.67822038908828,37.51025922182349],[126.66922718545104,37.51025922182349]]]}},{"type":"Feature","properties":{"jobs":1871,"pop":116,"pointCount":1,"homeWorkCommuteMedian":7430,"workHomeCommuteMedian":7430},"geometry":{"type":"Polygon","coordinates":[[[126.66922718545104,37.519252425460735],[126.66922718545104,37.52824562909798],[126.67822038908828,37.52824562909798],[126.67822038908828,37.519252425460735],[126.66922718545104,37.519252425460735]]]}},{"type":"Feature","properties":{"jobs":57,"pop":474,"pointCount":1,"homeWorkCommuteMedian":18783,"workHomeCommuteMedian":-1},"geometry":{"type":"Polygon","coordinates":[[[126.66922718545104,37.52824562909798],[126.66922718545104,37.53723883273523],[126.67822038908828,37.53723883273523],[126.67822038908828,37.52824562909798],[126.66922718545104,37.52824562909798]]]}},{"type":"Feature","properties":{"jobs":5694,"pop":2088,"pointCount":2,"homeWorkCommuteMedian":8085,"workHomeCommuteMedian":7357},"geometry":{"type":"Polygon","coordinates":[[[126.66922718545104,37.53723883273523],[126.66922718545104,37.54623203637247],[126.67822038908828,37.54623203637247],[126.67822038908828,37.53723883273523],[126.66922718545104,37.53723883273523]]]}},{"type":"Feature","properties":{"jobs":965,"pop":848,"pointCount":1,"homeWorkCommuteMedian":20530,"workHomeCommuteMedian":-1},"geometry":{"type":"Polygon","coordinates":[[[126.66922718545104,37.564218443646965],[126.66922718545104,37.57321164728421],[126.67822038908828,37.57321164728421],[126.67822038908828,37.564218443646965],[126.66922718545104,37.564218443646965]]]}},{"type":"Feature","properties":{"jobs":3125,"pop":1353,"pointCount":2,"homeWorkCommuteMedian":6759,"workHomeCommuteMedian":6548},"geometry":{"type":"Polygon","coordinates":[[[126.66922718545104,37.5911980545587],[126.66922718545104,37.60019125819595],[126.67822038908828,37.60019125819595],[126.67822038908828,37.5911980545587],[126.66922718545104,37.5911980545587]]]}},{"type":"Feature","properties":{"jobs":2386,"pop":641,"pointCount":1,"homeWorkCommuteMedian":4937,"workHomeCommuteMedian":4427},"geometry":{"type":"Polygon","coordinates":[[[126.66922718545104,37.60019125819595],[126.66922718545104,37.609184461833195],[126.67822038908828,37.609184461833195],[126.67822038908828,37.60019125819595],[126.66922718545104,37.60019125819595]]]}},{"type":"Feature","properties":{"jobs":843,"pop":68,"pointCount":1,"homeWorkCommuteMedian":3964,"workHomeCommuteMedian":3964},"geometry":{"type":"Polygon","coordinates":[[[126.66922718545104,37.609184461833195],[126.66922718545104,37.61817766547044],[126.67822038908828,37.61817766547044],[126.67822038908828,37.609184461833195],[126.66922718545104,37.609184461833195]]]}},{"type":"Feature","properties":{"jobs":4746,"pop":1012,"pointCount":1,"homeWorkCommuteMedian":19172,"workHomeCommuteMedian":19683},"geometry":{"type":"Polygon","coordinates":[[[126.67822038908828,37.32140194544132],[126.67822038908828,37.33039514907857],[126.68721359272553,37.33039514907857],[126.68721359272553,37.32140194544132],[126.67822038908828,37.32140194544132]]]}},{"type":"Feature","properties":{"jobs":14867,"pop":6687,"pointCount":3,"homeWorkCommuteMedian":6508,"workHomeCommuteMedian":6163},"geometry":{"type":"Polygon","coordinates":[[[126.67822038908828,37.40234077817654],[126.67822038908828,37.41133398181378],[126.68721359272553,37.41133398181378],[126.68721359272553,37.40234077817654],[126.67822038908828,37.40234077817654]]]}},{"type":"Feature","properties":{"jobs":26280,"pop":12599,"pointCount":4,"homeWorkCommuteMedian":6254,"workHomeCommuteMedian":5974},"geometry":{"type":"Polygon","coordinates":[[[126.67822038908828,37.41133398181378],[126.67822038908828,37.42032718545103],[126.68721359272553,37.42032718545103],[126.68721359272553,37.41133398181378],[126.67822038908828,37.41133398181378]]]}},{"type":"Feature","properties":{"jobs":10443,"pop":3932,"pointCount":3,"homeWorkCommuteMedian":7433,"workHomeCommuteMedian":7427},"geometry":{"type":"Polygon","coordinates":[[[126.67822038908828,37.42032718545103],[126.67822038908828,37.429320389088275],[126.68721359272553,37.429320389088275],[126.68721359272553,37.42032718545103],[126.67822038908828,37.42032718545103]]]}},{"type":"Feature","properties":{"jobs":19151,"pop":6445,"pointCount":4,"homeWorkCommuteMedian":4624,"workHomeCommuteMedian":5325},"geometry":{"type":"Polygon","coordinates":[[[126.67822038908828,37.429320389088275],[126.67822038908828,37.43831359272552],[126.68721359272553,37.43831359272552],[126.68721359272553,37.429320389088275],[126.67822038908828,37.429320389088275]]]}},{"type":"Feature","properties":{"jobs":14714,"pop":4432,"pointCount":3,"homeWorkCommuteMedian":4319,"workHomeCommuteMedian":4477},"geometry":{"type":"Polygon","coordinates":[[[126.67822038908828,37.43831359272552],[126.67822038908828,37.44730679636277],[126.68721359272553,37.44730679636277],[126.68721359272553,37.43831359272552],[126.67822038908828,37.43831359272552]]]}},{"type":"Feature","properties":{"jobs":23099,"pop":6679,"pointCount":4,"homeWorkCommuteMedian":4435,"workHomeCommuteMedian":4435},"geometry":{"type":"Polygon","coordinates":[[[126.67822038908828,37.44730679636277],[126.67822038908828,37.45630000000001],[126.68721359272553,37.45630000000001],[126.68721359272553,37.44730679636277],[126.67822038908828,37.44730679636277]]]}},{"type":"Feature","properties":{"jobs":21634,"pop":6467,"pointCount":5,"homeWorkCommuteMedian":4220,"workHomeCommuteMedian":4286},"geometry":{"type":"Polygon","coordinates":[[[126.67822038908828,37.45630000000001],[126.67822038908828,37.46529320363726],[126.68721359272553,37.46529320363726],[126.68721359272553,37.45630000000001],[126.67822038908828,37.45630000000001]]]}},{"type":"Feature","properties":{"jobs":7613,"pop":2449,"pointCount":2,"homeWorkCommuteMedian":4422,"workHomeCommuteMedian":4072},"geometry":{"type":"Polygon","coordinates":[[[126.67822038908828,37.46529320363726],[126.67822038908828,37.474286407274505],[126.68721359272553,37.474286407274505],[126.68721359272553,37.46529320363726],[126.67822038908828,37.46529320363726]]]}},{"type":"Feature","properties":{"jobs":2069,"pop":175,"pointCount":1,"homeWorkCommuteMedian":5827,"workHomeCommuteMedian":6128},"geometry":{"type":"Polygon","coordinates":[[[126.67822038908828,37.474286407274505],[126.67822038908828,37.48327961091175],[126.68721359272553,37.48327961091175],[126.68721359272553,37.474286407274505],[126.67822038908828,37.474286407274505]]]}},{"type":"Feature","properties":{"jobs":15184,"pop":3634,"pointCount":5,"homeWorkCommuteMedian":5637,"workHomeCommuteMedian":5612},"geometry":{"type":"Polygon","coordinates":[[[126.67822038908828,37.48327961091175],[126.67822038908828,37.492272814549],[126.68721359272553,37.492272814549],[126.68721359272553,37.48327961091175],[126.67822038908828,37.48327961091175]]]}},{"type":"Feature","properties":{"jobs":3384,"pop":260,"pointCount":2,"homeWorkCommuteMedian":5119,"workHomeCommuteMedian":5542},"geometry":{"type":"Polygon","coordinates":[[[126.67822038908828,37.492272814549],[126.67822038908828,37.50126601818624],[126.68721359272553,37.50126601818624],[126.68721359272553,37.492272814549],[126.67822038908828,37.492272814549]]]}},{"type":"Feature","properties":{"jobs":473,"pop":195,"pointCount":1,"homeWorkCommuteMedian":17146,"workHomeCommuteMedian":-1},"geometry":{"type":"Polygon","coordinates":[[[126.67822038908828,37.51025922182349],[126.67822038908828,37.519252425460735],[126.68721359272553,37.519252425460735],[126.68721359272553,37.51025922182349],[126.67822038908828,37.51025922182349]]]}},{"type":"Feature","properties":{"jobs":2807,"pop":528,"pointCount":2,"homeWorkCommuteMedian":8797,"workHomeCommuteMedian":6887},"geometry":{"type":"Polygon","coordinates":[[[126.67822038908828,37.519252425460735],[126.67822038908828,37.52824562909798],[126.68721359272553,37.52824562909798],[126.68721359272553,37.519252425460735],[126.67822038908828,37.519252425460735]]]}},{"type":"Feature","properties":{"jobs":8905,"pop":3023,"pointCount":5,"homeWorkCommuteMedian":7520,"workHomeCommuteMedian":7631},"geometry":{"type":"Polygon","coordinates":[[[126.67822038908828,37.53723883273523],[126.67822038908828,37.54623203637247],[126.68721359272553,37.54623203637247],[126.68721359272553,37.53723883273523],[126.67822038908828,37.53723883273523]]]}},{"type":"Feature","properties":{"jobs":7230,"pop":4417,"pointCount":2,"homeWorkCommuteMedian":7550,"workHomeCommuteMedian":7300},"geometry":{"type":"Polygon","coordinates":[[[126.67822038908828,37.54623203637247],[126.67822038908828,37.55522524000972],[126.68721359272553,37.55522524000972],[126.68721359272553,37.54623203637247],[126.67822038908828,37.54623203637247]]]}},{"type":"Feature","properties":{"jobs":5730,"pop":312,"pointCount":1,"homeWorkCommuteMedian":19683,"workHomeCommuteMedian":-1},"geometry":{"type":"Polygon","coordinates":[[[126.67822038908828,37.58220485092146],[126.67822038908828,37.5911980545587],[126.68721359272553,37.5911980545587],[126.68721359272553,37.58220485092146],[126.67822038908828,37.58220485092146]]]}},{"type":"Feature","properties":{"jobs":2739,"pop":932,"pointCount":1,"homeWorkCommuteMedian":5529,"workHomeCommuteMedian":5529},"geometry":{"type":"Polygon","coordinates":[[[126.67822038908828,37.60019125819595],[126.67822038908828,37.609184461833195],[126.68721359272553,37.609184461833195],[126.68721359272553,37.60019125819595],[126.67822038908828,37.60019125819595]]]}},{"type":"Feature","properties":{"jobs":8493,"pop":4861,"pointCount":4,"homeWorkCommuteMedian":5208,"workHomeCommuteMedian":5090},"geometry":{"type":"Polygon","coordinates":[[[126.67822038908828,37.609184461833195],[126.67822038908828,37.61817766547044],[126.68721359272553,37.61817766547044],[126.68721359272553,37.609184461833195],[126.67822038908828,37.609184461833195]]]}},{"type":"Feature","properties":{"jobs":8148,"pop":2425,"pointCount":2,"homeWorkCommuteMedian":18581,"workHomeCommuteMedian":18921},"geometry":{"type":"Polygon","coordinates":[[[126.68721359272553,37.31240874180408],[126.68721359272553,37.32140194544132],[126.69620679636277,37.32140194544132],[126.69620679636277,37.31240874180408],[126.68721359272553,37.31240874180408]]]}},{"type":"Feature","properties":{"jobs":21359,"pop":11866,"pointCount":2,"homeWorkCommuteMedian":15017,"workHomeCommuteMedian":15479},"geometry":{"type":"Polygon","coordinates":[[[126.68721359272553,37.339388352715815],[126.68721359272553,37.34838155635306],[126.69620679636277,37.34838155635306],[126.69620679636277,37.339388352715815],[126.68721359272553,37.339388352715815]]]}},{"type":"Feature","properties":{"jobs":3730,"pop":1072,"pointCount":1,"homeWorkCommuteMedian":9356,"workHomeCommuteMedian":9541},"geometry":{"type":"Polygon","coordinates":[[[126.68721359272553,37.39334757453929],[126.68721359272553,37.40234077817654],[126.69620679636277,37.40234077817654],[126.69620679636277,37.39334757453929],[126.68721359272553,37.39334757453929]]]}},{"type":"Feature","properties":{"jobs":1070,"pop":51,"pointCount":1,"homeWorkCommuteMedian":7952,"workHomeCommuteMedian":7563},"geometry":{"type":"Polygon","coordinates":[[[126.68721359272553,37.40234077817654],[126.68721359272553,37.41133398181378],[126.69620679636277,37.41133398181378],[126.69620679636277,37.40234077817654],[126.68721359272553,37.40234077817654]]]}},{"type":"Feature","properties":{"jobs":11998,"pop":4319,"pointCount":4,"homeWorkCommuteMedian":7989,"workHomeCommuteMedian":8053},"geometry":{"type":"Polygon","coordinates":[[[126.68721359272553,37.41133398181378],[126.68721359272553,37.42032718545103],[126.69620679636277,37.42032718545103],[126.69620679636277,37.41133398181378],[126.68721359272553,37.41133398181378]]]}},{"type":"Feature","properties":{"jobs":9118,"pop":3385,"pointCount":3,"homeWorkCommuteMedian":7552,"workHomeCommuteMedian":7663},"geometry":{"type":"Polygon","coordinates":[[[126.68721359272553,37.42032718545103],[126.68721359272553,37.429320389088275],[126.69620679636277,37.429320389088275],[126.69620679636277,37.42032718545103],[126.68721359272553,37.42032718545103]]]}},{"type":"Feature","properties":{"jobs":4042,"pop":1694,"pointCount":1,"homeWorkCommuteMedian":9117,"workHomeCommuteMedian":9117},"geometry":{"type":"Polygon","coordinates":[[[126.68721359272553,37.429320389088275],[126.68721359272553,37.43831359272552],[126.69620679636277,37.43831359272552],[126.69620679636277,37.429320389088275],[126.68721359272553,37.429320389088275]]]}},{"type":"Feature","properties":{"jobs":16523,"pop":4997,"pointCount":3,"homeWorkCommuteMedian":4853,"workHomeCommuteMedian":4838},"geometry":{"type":"Polygon","coordinates":[[[126.68721359272553,37.43831359272552],[126.68721359272553,37.44730679636277],[126.69620679636277,37.44730679636277],[126.69620679636277,37.43831359272552],[126.68721359272553,37.43831359272552]]]}},{"type":"Feature","properties":{"jobs":30411,"pop":10872,"pointCount":4,"homeWorkCommuteMedian":4691,"workHomeCommuteMedian":4617},"geometry":{"type":"Polygon","coordinates":[[[126.68721359272553,37.44730679636277],[126.68721359272553,37.45630000000001],[126.69620679636277,37.45630000000001],[126.69620679636277,37.44730679636277],[126.68721359272553,37.44730679636277]]]}},{"type":"Feature","properties":{"jobs":20938,"pop":7281,"pointCount":4,"homeWorkCommuteMedian":4295,"workHomeCommuteMedian":4422},"geometry":{"type":"Polygon","coordinates":[[[126.68721359272553,37.45630000000001],[126.68721359272553,37.46529320363726],[126.69620679636277,37.46529320363726],[126.69620679636277,37.45630000000001],[126.68721359272553,37.45630000000001]]]}},{"type":"Feature","properties":{"jobs":23223,"pop":10002,"pointCount":3,"homeWorkCommuteMedian":6433,"workHomeCommuteMedian":6257},"geometry":{"type":"Polygon","coordinates":[[[126.68721359272553,37.46529320363726],[126.68721359272553,37.474286407274505],[126.69620679636277,37.474286407274505],[126.69620679636277,37.46529320363726],[126.68721359272553,37.46529320363726]]]}},{"type":"Feature","properties":{"jobs":3293,"pop":699,"pointCount":1,"homeWorkCommuteMedian":4418,"workHomeCommuteMedian":4807},"geometry":{"type":"Polygon","coordinates":[[[126.68721359272553,37.474286407274505],[126.68721359272553,37.48327961091175],[126.69620679636277,37.48327961091175],[126.69620679636277,37.474286407274505],[126.68721359272553,37.474286407274505]]]}},{"type":"Feature","properties":{"jobs":126,"pop":151,"pointCount":1,"homeWorkCommuteMedian":20988,"workHomeCommuteMedian":-1},"geometry":{"type":"Polygon","coordinates":[[[126.68721359272553,37.48327961091175],[126.68721359272553,37.492272814549],[126.69620679636277,37.492272814549],[126.69620679636277,37.48327961091175],[126.68721359272553,37.48327961091175]]]}},{"type":"Feature","properties":{"jobs":1531,"pop":23,"pointCount":1,"homeWorkCommuteMedian":2521,"workHomeCommuteMedian":2311},"geometry":{"type":"Polygon","coordinates":[[[126.68721359272553,37.50126601818624],[126.68721359272553,37.51025922182349],[126.69620679636277,37.51025922182349],[126.69620679636277,37.50126601818624],[126.68721359272553,37.50126601818624]]]}},{"type":"Feature","properties":{"jobs":115,"pop":165,"pointCount":1,"homeWorkCommuteMedian":16322,"workHomeCommuteMedian":-1},"geometry":{"type":"Polygon","coordinates":[[[126.68721359272553,37.51025922182349],[126.68721359272553,37.519252425460735],[126.69620679636277,37.519252425460735],[126.69620679636277,37.51025922182349],[126.68721359272553,37.51025922182349]]]}},{"type":"Feature","properties":{"jobs":350,"pop":20,"pointCount":1,"homeWorkCommuteMedian":7692,"workHomeCommuteMedian":4834},"geometry":{"type":"Polygon","coordinates":[[[126.68721359272553,37.519252425460735],[126.68721359272553,37.52824562909798],[126.69620679636277,37.52824562909798],[126.69620679636277,37.519252425460735],[126.68721359272553,37.519252425460735]]]}},{"type":"Feature","properties":{"jobs":5771,"pop":3047,"pointCount":2,"homeWorkCommuteMedian":6597,"workHomeCommuteMedian":6447},"geometry":{"type":"Polygon","coordinates":[[[126.68721359272553,37.58220485092146],[126.68721359272553,37.5911980545587],[126.69620679636277,37.5911980545587],[126.69620679636277,37.58220485092146],[126.68721359272553,37.58220485092146]]]}},{"type":"Feature","properties":{"jobs":4071,"pop":1272,"pointCount":3,"homeWorkCommuteMedian":6807,"workHomeCommuteMedian":6807},"geometry":{"type":"Polygon","coordinates":[[[126.68721359272553,37.5911980545587],[126.68721359272553,37.60019125819595],[126.69620679636277,37.60019125819595],[126.69620679636277,37.5911980545587],[126.68721359272553,37.5911980545587]]]}},{"type":"Feature","properties":{"jobs":508,"pop":41,"pointCount":1,"homeWorkCommuteMedian":5315,"workHomeCommuteMedian":5369},"geometry":{"type":"Polygon","coordinates":[[[126.68721359272553,37.60019125819595],[126.68721359272553,37.609184461833195],[126.69620679636277,37.609184461833195],[126.69620679636277,37.60019125819595],[126.68721359272553,37.60019125819595]]]}},{"type":"Feature","properties":{"jobs":13590,"pop":7093,"pointCount":3,"homeWorkCommuteMedian":5238,"workHomeCommuteMedian":5074},"geometry":{"type":"Polygon","coordinates":[[[126.68721359272553,37.609184461833195],[126.68721359272553,37.61817766547044],[126.69620679636277,37.61817766547044],[126.69620679636277,37.609184461833195],[126.68721359272553,37.609184461833195]]]}},{"type":"Feature","properties":{"jobs":8444,"pop":2829,"pointCount":3,"homeWorkCommuteMedian":5640,"workHomeCommuteMedian":5282},"geometry":{"type":"Polygon","coordinates":[[[126.68721359272553,37.61817766547044],[126.68721359272553,37.62717086910769],[126.69620679636277,37.62717086910769],[126.69620679636277,37.61817766547044],[126.68721359272553,37.61817766547044]]]}},{"type":"Feature","properties":{"jobs":2309,"pop":338,"pointCount":1,"homeWorkCommuteMedian":10377,"workHomeCommuteMedian":10617},"geometry":{"type":"Polygon","coordinates":[[[126.69620679636277,37.384354370902045],[126.69620679636277,37.39334757453929],[126.70520000000002,37.39334757453929],[126.70520000000002,37.384354370902045],[126.69620679636277,37.384354370902045]]]}},{"type":"Feature","properties":{"jobs":3553,"pop":2006,"pointCount":1,"homeWorkCommuteMedian":9117,"workHomeCommuteMedian":9062},"geometry":{"type":"Polygon","coordinates":[[[126.69620679636277,37.39334757453929],[126.69620679636277,37.40234077817654],[126.70520000000002,37.40234077817654],[126.70520000000002,37.39334757453929],[126.69620679636277,37.39334757453929]]]}},{"type":"Feature","properties":{"jobs":1732,"pop":211,"pointCount":1,"homeWorkCommuteMedian":9811,"workHomeCommuteMedian":7910},"geometry":{"type":"Polygon","coordinates":[[[126.69620679636277,37.41133398181378],[126.69620679636277,37.42032718545103],[126.70520000000002,37.42032718545103],[126.70520000000002,37.41133398181378],[126.69620679636277,37.41133398181378]]]}},{"type":"Feature","properties":{"jobs":12253,"pop":6425,"pointCount":2,"homeWorkCommuteMedian":7960,"workHomeCommuteMedian":8227},"geometry":{"type":"Polygon","coordinates":[[[126.69620679636277,37.42032718545103],[126.69620679636277,37.429320389088275],[126.70520000000002,37.429320389088275],[126.70520000000002,37.42032718545103],[126.69620679636277,37.42032718545103]]]}},{"type":"Feature","properties":{"jobs":527,"pop":514,"pointCount":1,"homeWorkCommuteMedian":9573,"workHomeCommuteMedian":12371},"geometry":{"type":"Polygon","coordinates":[[[126.69620679636277,37.429320389088275],[126.69620679636277,37.43831359272552],[126.70520000000002,37.43831359272552],[126.70520000000002,37.429320389088275],[126.69620679636277,37.429320389088275]]]}},{"type":"Feature","properties":{"jobs":63314,"pop":3606,"pointCount":5,"homeWorkCommuteMedian":5094,"workHomeCommuteMedian":24510},"geometry":{"type":"Polygon","coordinates":[[[126.69620679636277,37.43831359272552],[126.69620679636277,37.44730679636277],[126.70520000000002,37.44730679636277],[126.70520000000002,37.43831359272552],[126.69620679636277,37.43831359272552]]]}},{"type":"Feature","properties":{"jobs":33387,"pop":15298,"pointCount":4,"homeWorkCommuteMedian":5766,"workHomeCommuteMedian":5637},"geometry":{"type":"Polygon","coordinates":[[[126.69620679636277,37.44730679636277],[126.69620679636277,37.45630000000001],[126.70520000000002,37.45630000000001],[126.70520000000002,37.44730679636277],[126.69620679636277,37.44730679636277]]]}},{"type":"Feature","properties":{"jobs":26611,"pop":10949,"pointCount":4,"homeWorkCommuteMedian":5974,"workHomeCommuteMedian":5766},"geometry":{"type":"Polygon","coordinates":[[[126.69620679636277,37.45630000000001],[126.69620679636277,37.46529320363726],[126.70520000000002,37.46529320363726],[126.70520000000002,37.45630000000001],[126.69620679636277,37.45630000000001]]]}},{"type":"Feature","properties":{"jobs":27673,"pop":10810,"pointCount":4,"homeWorkCommuteMedian":6015,"workHomeCommuteMedian":6143},"geometry":{"type":"Polygon","coordinates":[[[126.69620679636277,37.46529320363726],[126.69620679636277,37.474286407274505],[126.70520000000002,37.474286407274505],[126.70520000000002,37.46529320363726],[126.69620679636277,37.46529320363726]]]}},{"type":"Feature","properties":{"jobs":13024,"pop":3149,"pointCount":3,"homeWorkCommuteMedian":5007,"workHomeCommuteMedian":5070},"geometry":{"type":"Polygon","coordinates":[[[126.69620679636277,37.474286407274505],[126.69620679636277,37.48327961091175],[126.70520000000002,37.48327961091175],[126.70520000000002,37.474286407274505],[126.69620679636277,37.474286407274505]]]}},{"type":"Feature","properties":{"jobs":9508,"pop":2047,"pointCount":2,"homeWorkCommuteMedian":3264,"workHomeCommuteMedian":3563},"geometry":{"type":"Polygon","coordinates":[[[126.69620679636277,37.48327961091175],[126.69620679636277,37.492272814549],[126.70520000000002,37.492272814549],[126.70520000000002,37.48327961091175],[126.69620679636277,37.48327961091175]]]}},{"type":"Feature","properties":{"jobs":14881,"pop":5624,"pointCount":2,"homeWorkCommuteMedian":4466,"workHomeCommuteMedian":4382},"geometry":{"type":"Polygon","coordinates":[[[126.69620679636277,37.492272814549],[126.69620679636277,37.50126601818624],[126.70520000000002,37.50126601818624],[126.70520000000002,37.492272814549],[126.69620679636277,37.492272814549]]]}},{"type":"Feature","properties":{"jobs":8441,"pop":2095,"pointCount":2,"homeWorkCommuteMedian":4018,"workHomeCommuteMedian":3963},"geometry":{"type":"Polygon","coordinates":[[[126.69620679636277,37.50126601818624],[126.69620679636277,37.51025922182349],[126.70520000000002,37.51025922182349],[126.70520000000002,37.50126601818624],[126.69620679636277,37.50126601818624]]]}},{"type":"Feature","properties":{"jobs":6928,"pop":1260,"pointCount":2,"homeWorkCommuteMedian":4232,"workHomeCommuteMedian":4243},"geometry":{"type":"Polygon","coordinates":[[[126.69620679636277,37.51025922182349],[126.69620679636277,37.519252425460735],[126.70520000000002,37.519252425460735],[126.70520000000002,37.51025922182349],[126.69620679636277,37.51025922182349]]]}},{"type":"Feature","properties":{"jobs":8660,"pop":3924,"pointCount":2,"homeWorkCommuteMedian":4494,"workHomeCommuteMedian":4585},"geometry":{"type":"Polygon","coordinates":[[[126.69620679636277,37.519252425460735],[126.69620679636277,37.52824562909798],[126.70520000000002,37.52824562909798],[126.70520000000002,37.519252425460735],[126.69620679636277,37.519252425460735]]]}},{"type":"Feature","properties":{"jobs":3919,"pop":1675,"pointCount":2,"homeWorkCommuteMedian":4895,"workHomeCommuteMedian":4680},"geometry":{"type":"Polygon","coordinates":[[[126.69620679636277,37.52824562909798],[126.69620679636277,37.53723883273523],[126.70520000000002,37.53723883273523],[126.70520000000002,37.52824562909798],[126.69620679636277,37.52824562909798]]]}},{"type":"Feature","properties":{"jobs":790,"pop":46,"pointCount":1,"homeWorkCommuteMedian":10489,"workHomeCommuteMedian":10489},"geometry":{"type":"Polygon","coordinates":[[[126.69620679636277,37.57321164728421],[126.69620679636277,37.58220485092146],[126.70520000000002,37.58220485092146],[126.70520000000002,37.57321164728421],[126.69620679636277,37.57321164728421]]]}},{"type":"Feature","properties":{"jobs":7766,"pop":3575,"pointCount":3,"homeWorkCommuteMedian":7300,"workHomeCommuteMedian":7531},"geometry":{"type":"Polygon","coordinates":[[[126.69620679636277,37.58220485092146],[126.69620679636277,37.5911980545587],[126.70520000000002,37.5911980545587],[126.70520000000002,37.58220485092146],[126.69620679636277,37.58220485092146]]]}},{"type":"Feature","properties":{"jobs":4844,"pop":1654,"pointCount":4,"homeWorkCommuteMedian":6963,"workHomeCommuteMedian":7179},"geometry":{"type":"Polygon","coordinates":[[[126.69620679636277,37.5911980545587],[126.69620679636277,37.60019125819595],[126.70520000000002,37.60019125819595],[126.70520000000002,37.5911980545587],[126.69620679636277,37.5911980545587]]]}},{"type":"Feature","properties":{"jobs":11110,"pop":6281,"pointCount":2,"homeWorkCommuteMedian":5824,"workHomeCommuteMedian":5766},"geometry":{"type":"Polygon","coordinates":[[[126.69620679636277,37.609184461833195],[126.69620679636277,37.61817766547044],[126.70520000000002,37.61817766547044],[126.70520000000002,37.609184461833195],[126.69620679636277,37.609184461833195]]]}},{"type":"Feature","properties":{"jobs":24390,"pop":16075,"pointCount":3,"homeWorkCommuteMedian":6254,"workHomeCommuteMedian":5637},"geometry":{"type":"Polygon","coordinates":[[[126.69620679636277,37.61817766547044],[126.69620679636277,37.62717086910769],[126.70520000000002,37.62717086910769],[126.70520000000002,37.61817766547044],[126.69620679636277,37.61817766547044]]]}},{"type":"Feature","properties":{"jobs":88,"pop":302,"pointCount":1,"homeWorkCommuteMedian":36178,"workHomeCommuteMedian":-1},"geometry":{"type":"Polygon","coordinates":[[[126.70520000000002,37.339388352715815],[126.70520000000002,37.34838155635306],[126.71419320363727,37.34838155635306],[126.71419320363727,37.339388352715815],[126.70520000000002,37.339388352715815]]]}},{"type":"Feature","properties":{"jobs":6184,"pop":952,"pointCount":2,"homeWorkCommuteMedian":11297,"workHomeCommuteMedian":11004},"geometry":{"type":"Polygon","coordinates":[[[126.70520000000002,37.34838155635306],[126.70520000000002,37.35737475999031],[126.71419320363727,37.35737475999031],[126.71419320363727,37.34838155635306],[126.70520000000002,37.34838155635306]]]}},{"type":"Feature","properties":{"jobs":20381,"pop":10615,"pointCount":2,"homeWorkCommuteMedian":12194,"workHomeCommuteMedian":12138},"geometry":{"type":"Polygon","coordinates":[[[126.70520000000002,37.35737475999031],[126.70520000000002,37.36636796362755],[126.71419320363727,37.36636796362755],[126.71419320363727,37.35737475999031],[126.70520000000002,37.35737475999031]]]}},{"type":"Feature","properties":{"jobs":31977,"pop":16497,"pointCount":3,"homeWorkCommuteMedian":9090,"workHomeCommuteMedian":9090},"geometry":{"type":"Polygon","coordinates":[[[126.70520000000002,37.384354370902045],[126.70520000000002,37.39334757453929],[126.71419320363727,37.39334757453929],[126.71419320363727,37.384354370902045],[126.70520000000002,37.384354370902045]]]}},{"type":"Feature","properties":{"jobs":17344,"pop":6941,"pointCount":3,"homeWorkCommuteMedian":7737,"workHomeCommuteMedian":7759},"geometry":{"type":"Polygon","coordinates":[[[126.70520000000002,37.39334757453929],[126.70520000000002,37.40234077817654],[126.71419320363727,37.40234077817654],[126.71419320363727,37.39334757453929],[126.70520000000002,37.39334757453929]]]}},{"type":"Feature","properties":{"jobs":16029,"pop":7241,"pointCount":4,"homeWorkCommuteMedian":6332,"workHomeCommuteMedian":6359},"geometry":{"type":"Polygon","coordinates":[[[126.70520000000002,37.40234077817654],[126.70520000000002,37.41133398181378],[126.71419320363727,37.41133398181378],[126.71419320363727,37.40234077817654],[126.70520000000002,37.40234077817654]]]}},{"type":"Feature","properties":{"jobs":4847,"pop":1586,"pointCount":1,"homeWorkCommuteMedian":4882,"workHomeCommuteMedian":4678},"geometry":{"type":"Polygon","coordinates":[[[126.70520000000002,37.42032718545103],[126.70520000000002,37.429320389088275],[126.71419320363727,37.429320389088275],[126.71419320363727,37.42032718545103],[126.70520000000002,37.42032718545103]]]}},{"type":"Feature","properties":{"jobs":4170,"pop":581,"pointCount":2,"homeWorkCommuteMedian":5461,"workHomeCommuteMedian":5461},"geometry":{"type":"Polygon","coordinates":[[[126.70520000000002,37.429320389088275],[126.70520000000002,37.43831359272552],[126.71419320363727,37.43831359272552],[126.71419320363727,37.429320389088275],[126.70520000000002,37.429320389088275]]]}},{"type":"Feature","properties":{"jobs":23116,"pop":9832,"pointCount":4,"homeWorkCommuteMedian":4377,"workHomeCommuteMedian":4355},"geometry":{"type":"Polygon","coordinates":[[[126.70520000000002,37.43831359272552],[126.70520000000002,37.44730679636277],[126.71419320363727,37.44730679636277],[126.71419320363727,37.43831359272552],[126.70520000000002,37.43831359272552]]]}},{"type":"Feature","properties":{"jobs":47446,"pop":19457,"pointCount":5,"homeWorkCommuteMedian":6015,"workHomeCommuteMedian":6106},"geometry":{"type":"Polygon","coordinates":[[[126.70520000000002,37.44730679636277],[126.70520000000002,37.45630000000001],[126.71419320363727,37.45630000000001],[126.71419320363727,37.44730679636277],[126.70520000000002,37.44730679636277]]]}},{"type":"Feature","properties":{"jobs":33300,"pop":11157,"pointCount":4,"homeWorkCommuteMedian":6523,"workHomeCommuteMedian":6217},"geometry":{"type":"Polygon","coordinates":[[[126.70520000000002,37.45630000000001],[126.70520000000002,37.46529320363726],[126.71419320363727,37.46529320363726],[126.71419320363727,37.45630000000001],[126.70520000000002,37.45630000000001]]]}},{"type":"Feature","properties":{"jobs":16196,"pop":4903,"pointCount":3,"homeWorkCommuteMedian":5325,"workHomeCommuteMedian":5325},"geometry":{"type":"Polygon","coordinates":[[[126.70520000000002,37.46529320363726],[126.70520000000002,37.474286407274505],[126.71419320363727,37.474286407274505],[126.71419320363727,37.46529320363726],[126.70520000000002,37.46529320363726]]]}},{"type":"Feature","properties":{"jobs":6530,"pop":873,"pointCount":2,"homeWorkCommuteMedian":3955,"workHomeCommuteMedian":3778},"geometry":{"type":"Polygon","coordinates":[[[126.70520000000002,37.474286407274505],[126.70520000000002,37.48327961091175],[126.71419320363727,37.48327961091175],[126.71419320363727,37.474286407274505],[126.70520000000002,37.474286407274505]]]}},{"type":"Feature","properties":{"jobs":12944,"pop":2700,"pointCount":3,"homeWorkCommuteMedian":3348,"workHomeCommuteMedian":3496},"geometry":{"type":"Polygon","coordinates":[[[126.70520000000002,37.48327961091175],[126.70520000000002,37.492272814549],[126.71419320363727,37.492272814549],[126.71419320363727,37.48327961091175],[126.70520000000002,37.48327961091175]]]}},{"type":"Feature","properties":{"jobs":14244,"pop":3358,"pointCount":3,"homeWorkCommuteMedian":4077,"workHomeCommuteMedian":3994},"geometry":{"type":"Polygon","coordinates":[[[126.70520000000002,37.492272814549],[126.70520000000002,37.50126601818624],[126.71419320363727,37.50126601818624],[126.71419320363727,37.492272814549],[126.70520000000002,37.492272814549]]]}},{"type":"Feature","properties":{"jobs":18678,"pop":5149,"pointCount":3,"homeWorkCommuteMedian":4018,"workHomeCommuteMedian":3840},"geometry":{"type":"Polygon","coordinates":[[[126.70520000000002,37.50126601818624],[126.70520000000002,37.51025922182349],[126.71419320363727,37.51025922182349],[126.71419320363727,37.50126601818624],[126.70520000000002,37.50126601818624]]]}},{"type":"Feature","properties":{"jobs":25510,"pop":13947,"pointCount":2,"homeWorkCommuteMedian":5405,"workHomeCommuteMedian":5342},"geometry":{"type":"Polygon","coordinates":[[[126.70520000000002,37.51025922182349],[126.70520000000002,37.519252425460735],[126.71419320363727,37.519252425460735],[126.71419320363727,37.51025922182349],[126.70520000000002,37.51025922182349]]]}},{"type":"Feature","properties":{"jobs":20410,"pop":7388,"pointCount":4,"homeWorkCommuteMedian":4691,"workHomeCommuteMedian":4691},"geometry":{"type":"Polygon","coordinates":[[[126.70520000000002,37.519252425460735],[126.70520000000002,37.52824562909798],[126.71419320363727,37.52824562909798],[126.71419320363727,37.519252425460735],[126.70520000000002,37.519252425460735]]]}},{"type":"Feature","properties":{"jobs":18441,"pop":8376,"pointCount":4,"homeWorkCommuteMedian":4151,"workHomeCommuteMedian":4144},"geometry":{"type":"Polygon","coordinates":[[[126.70520000000002,37.52824562909798],[126.70520000000002,37.53723883273523],[126.71419320363727,37.53723883273523],[126.71419320363727,37.52824562909798],[126.70520000000002,37.52824562909798]]]}},{"type":"Feature","properties":{"jobs":7266,"pop":3322,"pointCount":2,"homeWorkCommuteMedian":8507,"workHomeCommuteMedian":8628},"geometry":{"type":"Polygon","coordinates":[[[126.70520000000002,37.57321164728421],[126.70520000000002,37.58220485092146],[126.71419320363727,37.58220485092146],[126.71419320363727,37.57321164728421],[126.70520000000002,37.57321164728421]]]}},{"type":"Feature","properties":{"jobs":8726,"pop":3652,"pointCount":3,"homeWorkCommuteMedian":9090,"workHomeCommuteMedian":9084},"geometry":{"type":"Polygon","coordinates":[[[126.70520000000002,37.58220485092146],[126.70520000000002,37.5911980545587],[126.71419320363727,37.5911980545587],[126.71419320363727,37.58220485092146],[126.70520000000002,37.58220485092146]]]}},{"type":"Feature","properties":{"jobs":14914,"pop":9334,"pointCount":4,"homeWorkCommuteMedian":7282,"workHomeCommuteMedian":6405},"geometry":{"type":"Polygon","coordinates":[[[126.70520000000002,37.5911980545587],[126.70520000000002,37.60019125819595],[126.71419320363727,37.60019125819595],[126.71419320363727,37.5911980545587],[126.70520000000002,37.5911980545587]]]}},{"type":"Feature","properties":{"jobs":5829,"pop":2892,"pointCount":2,"homeWorkCommuteMedian":6497,"workHomeCommuteMedian":6019},"geometry":{"type":"Polygon","coordinates":[[[126.70520000000002,37.60019125819595],[126.70520000000002,37.609184461833195],[126.71419320363727,37.609184461833195],[126.71419320363727,37.60019125819595],[126.70520000000002,37.60019125819595]]]}},{"type":"Feature","properties":{"jobs":5658,"pop":2483,"pointCount":2,"homeWorkCommuteMedian":7973,"workHomeCommuteMedian":7645},"geometry":{"type":"Polygon","coordinates":[[[126.70520000000002,37.609184461833195],[126.70520000000002,37.61817766547044],[126.71419320363727,37.61817766547044],[126.71419320363727,37.609184461833195],[126.70520000000002,37.609184461833195]]]}},{"type":"Feature","properties":{"jobs":13921,"pop":5348,"pointCount":5,"homeWorkCommuteMedian":8415,"workHomeCommuteMedian":7529},"geometry":{"type":"Polygon","coordinates":[[[126.70520000000002,37.61817766547044],[126.70520000000002,37.62717086910769],[126.71419320363727,37.62717086910769],[126.71419320363727,37.61817766547044],[126.70520000000002,37.61817766547044]]]}},{"type":"Feature","properties":{"jobs":29,"pop":504,"pointCount":1,"homeWorkCommuteMedian":27958,"workHomeCommuteMedian":-1},"geometry":{"type":"Polygon","coordinates":[[[126.71419320363727,37.33039514907857],[126.71419320363727,37.339388352715815],[126.72318640727451,37.339388352715815],[126.72318640727451,37.33039514907857],[126.71419320363727,37.33039514907857]]]}},{"type":"Feature","properties":{"jobs":20719,"pop":6845,"pointCount":4,"homeWorkCommuteMedian":11931,"workHomeCommuteMedian":12291},"geometry":{"type":"Polygon","coordinates":[[[126.71419320363727,37.34838155635306],[126.71419320363727,37.35737475999031],[126.72318640727451,37.35737475999031],[126.72318640727451,37.34838155635306],[126.71419320363727,37.34838155635306]]]}},{"type":"Feature","properties":{"jobs":17015,"pop":8513,"pointCount":3,"homeWorkCommuteMedian":11530,"workHomeCommuteMedian":11498},"geometry":{"type":"Polygon","coordinates":[[[126.71419320363727,37.35737475999031],[126.71419320363727,37.36636796362755],[126.72318640727451,37.36636796362755],[126.72318640727451,37.35737475999031],[126.71419320363727,37.35737475999031]]]}},{"type":"Feature","properties":{"jobs":1451,"pop":63,"pointCount":1,"homeWorkCommuteMedian":7415,"workHomeCommuteMedian":7027},"geometry":{"type":"Polygon","coordinates":[[[126.71419320363727,37.3753611672648],[126.71419320363727,37.384354370902045],[126.72318640727451,37.384354370902045],[126.72318640727451,37.3753611672648],[126.71419320363727,37.3753611672648]]]}},{"type":"Feature","properties":{"jobs":11833,"pop":4041,"pointCount":3,"homeWorkCommuteMedian":8526,"workHomeCommuteMedian":8622},"geometry":{"type":"Polygon","coordinates":[[[126.71419320363727,37.384354370902045],[126.71419320363727,37.39334757453929],[126.72318640727451,37.39334757453929],[126.72318640727451,37.384354370902045],[126.71419320363727,37.384354370902045]]]}},{"type":"Feature","properties":{"jobs":27208,"pop":11341,"pointCount":5,"homeWorkCommuteMedian":7919,"workHomeCommuteMedian":7692},"geometry":{"type":"Polygon","coordinates":[[[126.71419320363727,37.39334757453929],[126.71419320363727,37.40234077817654],[126.72318640727451,37.40234077817654],[126.72318640727451,37.39334757453929],[126.71419320363727,37.39334757453929]]]}},{"type":"Feature","properties":{"jobs":5085,"pop":1895,"pointCount":1,"homeWorkCommuteMedian":7027,"workHomeCommuteMedian":7027},"geometry":{"type":"Polygon","coordinates":[[[126.71419320363727,37.40234077817654],[126.71419320363727,37.41133398181378],[126.72318640727451,37.41133398181378],[126.72318640727451,37.40234077817654],[126.71419320363727,37.40234077817654]]]}},{"type":"Feature","properties":{"jobs":7023,"pop":3435,"pointCount":2,"homeWorkCommuteMedian":4422,"workHomeCommuteMedian":4352},"geometry":{"type":"Polygon","coordinates":[[[126.71419320363727,37.42032718545103],[126.71419320363727,37.429320389088275],[126.72318640727451,37.429320389088275],[126.72318640727451,37.42032718545103],[126.71419320363727,37.42032718545103]]]}},{"type":"Feature","properties":{"jobs":3916,"pop":618,"pointCount":2,"homeWorkCommuteMedian":4944,"workHomeCommuteMedian":4944},"geometry":{"type":"Polygon","coordinates":[[[126.71419320363727,37.429320389088275],[126.71419320363727,37.43831359272552],[126.72318640727451,37.43831359272552],[126.72318640727451,37.429320389088275],[126.71419320363727,37.429320389088275]]]}},{"type":"Feature","properties":{"jobs":7182,"pop":1970,"pointCount":2,"homeWorkCommuteMedian":3439,"workHomeCommuteMedian":3496},"geometry":{"type":"Polygon","coordinates":[[[126.71419320363727,37.43831359272552],[126.71419320363727,37.44730679636277],[126.72318640727451,37.44730679636277],[126.72318640727451,37.43831359272552],[126.71419320363727,37.43831359272552]]]}},{"type":"Feature","properties":{"jobs":43003,"pop":16591,"pointCount":4,"homeWorkCommuteMedian":5637,"workHomeCommuteMedian":5461},"geometry":{"type":"Polygon","coordinates":[[[126.71419320363727,37.44730679636277],[126.71419320363727,37.45630000000001],[126.72318640727451,37.45630000000001],[126.72318640727451,37.44730679636277],[126.71419320363727,37.44730679636277]]]}},{"type":"Feature","properties":{"jobs":62145,"pop":27587,"pointCount":4,"homeWorkCommuteMedian":6090,"workHomeCommuteMedian":6217},"geometry":{"type":"Polygon","coordinates":[[[126.71419320363727,37.45630000000001],[126.71419320363727,37.46529320363726],[126.72318640727451,37.46529320363726],[126.72318640727451,37.45630000000001],[126.71419320363727,37.45630000000001]]]}},{"type":"Feature","properties":{"jobs":198,"pop":511,"pointCount":1,"homeWorkCommuteMedian":17591,"workHomeCommuteMedian":-1},"geometry":{"type":"Polygon","coordinates":[[[126.71419320363727,37.46529320363726],[126.71419320363727,37.474286407274505],[126.72318640727451,37.474286407274505],[126.72318640727451,37.46529320363726],[126.71419320363727,37.46529320363726]]]}},{"type":"Feature","properties":{"jobs":6938,"pop":1873,"pointCount":2,"homeWorkCommuteMedian":4422,"workHomeCommuteMedian":4511},"geometry":{"type":"Polygon","coordinates":[[[126.71419320363727,37.474286407274505],[126.71419320363727,37.48327961091175],[126.72318640727451,37.48327961091175],[126.72318640727451,37.474286407274505],[126.71419320363727,37.474286407274505]]]}},{"type":"Feature","properties":{"jobs":24281,"pop":6837,"pointCount":4,"homeWorkCommuteMedian":4691,"workHomeCommuteMedian":4691},"geometry":{"type":"Polygon","coordinates":[[[126.71419320363727,37.48327961091175],[126.71419320363727,37.492272814549],[126.72318640727451,37.492272814549],[126.72318640727451,37.48327961091175],[126.71419320363727,37.48327961091175]]]}},{"type":"Feature","properties":{"jobs":28269,"pop":10992,"pointCount":4,"homeWorkCommuteMedian":4122,"workHomeCommuteMedian":4029},"geometry":{"type":"Polygon","coordinates":[[[126.71419320363727,37.492272814549],[126.71419320363727,37.50126601818624],[126.72318640727451,37.50126601818624],[126.72318640727451,37.492272814549],[126.71419320363727,37.492272814549]]]}},{"type":"Feature","properties":{"jobs":21059,"pop":6803,"pointCount":4,"homeWorkCommuteMedian":3765,"workHomeCommuteMedian":3771},"geometry":{"type":"Polygon","coordinates":[[[126.71419320363727,37.50126601818624],[126.71419320363727,37.51025922182349],[126.72318640727451,37.51025922182349],[126.72318640727451,37.50126601818624],[126.71419320363727,37.50126601818624]]]}},{"type":"Feature","properties":{"jobs":6090,"pop":1389,"pointCount":3,"homeWorkCommuteMedian":2966,"workHomeCommuteMedian":2713},"geometry":{"type":"Polygon","coordinates":[[[126.71419320363727,37.51025922182349],[126.71419320363727,37.519252425460735],[126.72318640727451,37.519252425460735],[126.72318640727451,37.51025922182349],[126.71419320363727,37.51025922182349]]]}},{"type":"Feature","properties":{"jobs":9901,"pop":2795,"pointCount":3,"homeWorkCommuteMedian":3496,"workHomeCommuteMedian":3565},"geometry":{"type":"Polygon","coordinates":[[[126.71419320363727,37.519252425460735],[126.71419320363727,37.52824562909798],[126.72318640727451,37.52824562909798],[126.72318640727451,37.519252425460735],[126.71419320363727,37.519252425460735]]]}},{"type":"Feature","properties":{"jobs":11141,"pop":3579,"pointCount":4,"homeWorkCommuteMedian":2989,"workHomeCommuteMedian":2977},"geometry":{"type":"Polygon","coordinates":[[[126.71419320363727,37.52824562909798],[126.71419320363727,37.53723883273523],[126.72318640727451,37.53723883273523],[126.72318640727451,37.52824562909798],[126.71419320363727,37.52824562909798]]]}},{"type":"Feature","properties":{"jobs":24278,"pop":10113,"pointCount":4,"homeWorkCommuteMedian":3565,"workHomeCommuteMedian":3592},"geometry":{"type":"Polygon","coordinates":[[[126.71419320363727,37.53723883273523],[126.71419320363727,37.54623203637247],[126.72318640727451,37.54623203637247],[126.72318640727451,37.53723883273523],[126.71419320363727,37.53723883273523]]]}},{"type":"Feature","properties":{"jobs":56,"pop":183,"pointCount":1,"homeWorkCommuteMedian":18986,"workHomeCommuteMedian":-1},"geometry":{"type":"Polygon","coordinates":[[[126.71419320363727,37.54623203637247],[126.71419320363727,37.55522524000972],[126.72318640727451,37.55522524000972],[126.72318640727451,37.54623203637247],[126.71419320363727,37.54623203637247]]]}},{"type":"Feature","properties":{"jobs":1567,"pop":281,"pointCount":1,"homeWorkCommuteMedian":8441,"workHomeCommuteMedian":8447},"geometry":{"type":"Polygon","coordinates":[[[126.71419320363727,37.57321164728421],[126.71419320363727,37.58220485092146],[126.72318640727451,37.58220485092146],[126.72318640727451,37.57321164728421],[126.71419320363727,37.57321164728421]]]}},{"type":"Feature","properties":{"jobs":4837,"pop":1541,"pointCount":3,"homeWorkCommuteMedian":10012,"workHomeCommuteMedian":9740},"geometry":{"type":"Polygon","coordinates":[[[126.71419320363727,37.58220485092146],[126.71419320363727,37.5911980545587],[126.72318640727451,37.5911980545587],[126.72318640727451,37.58220485092146],[126.71419320363727,37.58220485092146]]]}},{"type":"Feature","properties":{"jobs":10573,"pop":4698,"pointCount":4,"homeWorkCommuteMedian":6859,"workHomeCommuteMedian":6764},"geometry":{"type":"Polygon","coordinates":[[[126.71419320363727,37.5911980545587],[126.71419320363727,37.60019125819595],[126.72318640727451,37.60019125819595],[126.72318640727451,37.5911980545587],[126.71419320363727,37.5911980545587]]]}},{"type":"Feature","properties":{"jobs":8679,"pop":4292,"pointCount":3,"homeWorkCommuteMedian":6149,"workHomeCommuteMedian":6282},"geometry":{"type":"Polygon","coordinates":[[[126.71419320363727,37.60019125819595],[126.71419320363727,37.609184461833195],[126.72318640727451,37.609184461833195],[126.72318640727451,37.60019125819595],[126.71419320363727,37.60019125819595]]]}},{"type":"Feature","properties":{"jobs":2813,"pop":304,"pointCount":4,"homeWorkCommuteMedian":9458,"workHomeCommuteMedian":8774},"geometry":{"type":"Polygon","coordinates":[[[126.71419320363727,37.609184461833195],[126.71419320363727,37.61817766547044],[126.72318640727451,37.61817766547044],[126.72318640727451,37.609184461833195],[126.71419320363727,37.609184461833195]]]}},{"type":"Feature","properties":{"jobs":11001,"pop":6764,"pointCount":4,"homeWorkCommuteMedian":7081,"workHomeCommuteMedian":6017},"geometry":{"type":"Polygon","coordinates":[[[126.71419320363727,37.61817766547044],[126.71419320363727,37.62717086910769],[126.72318640727451,37.62717086910769],[126.72318640727451,37.61817766547044],[126.71419320363727,37.61817766547044]]]}},{"type":"Feature","properties":{"jobs":45,"pop":0,"pointCount":1,"homeWorkCommuteMedian":-1,"workHomeCommuteMedian":12120},"geometry":{"type":"Polygon","coordinates":[[[126.72318640727451,37.33039514907857],[126.72318640727451,37.339388352715815],[126.73217961091176,37.339388352715815],[126.73217961091176,37.33039514907857],[126.72318640727451,37.33039514907857]]]}},{"type":"Feature","properties":{"jobs":21477,"pop":10971,"pointCount":2,"homeWorkCommuteMedian":10674,"workHomeCommuteMedian":10101},"geometry":{"type":"Polygon","coordinates":[[[126.72318640727451,37.339388352715815],[126.72318640727451,37.34838155635306],[126.73217961091176,37.34838155635306],[126.73217961091176,37.339388352715815],[126.72318640727451,37.339388352715815]]]}},{"type":"Feature","properties":{"jobs":21774,"pop":8854,"pointCount":4,"homeWorkCommuteMedian":10945,"workHomeCommuteMedian":10341},"geometry":{"type":"Polygon","coordinates":[[[126.72318640727451,37.34838155635306],[126.72318640727451,37.35737475999031],[126.73217961091176,37.35737475999031],[126.73217961091176,37.34838155635306],[126.72318640727451,37.34838155635306]]]}},{"type":"Feature","properties":{"jobs":6540,"pop":695,"pointCount":3,"homeWorkCommuteMedian":6373,"workHomeCommuteMedian":6887},"geometry":{"type":"Polygon","coordinates":[[[126.72318640727451,37.35737475999031],[126.72318640727451,37.36636796362755],[126.73217961091176,37.36636796362755],[126.73217961091176,37.35737475999031],[126.72318640727451,37.35737475999031]]]}},{"type":"Feature","properties":{"jobs":16784,"pop":5031,"pointCount":4,"homeWorkCommuteMedian":9790,"workHomeCommuteMedian":10146},"geometry":{"type":"Polygon","coordinates":[[[126.72318640727451,37.36636796362755],[126.72318640727451,37.3753611672648],[126.73217961091176,37.3753611672648],[126.73217961091176,37.36636796362755],[126.72318640727451,37.36636796362755]]]}},{"type":"Feature","properties":{"jobs":4320,"pop":1893,"pointCount":2,"homeWorkCommuteMedian":9759,"workHomeCommuteMedian":9197},"geometry":{"type":"Polygon","coordinates":[[[126.72318640727451,37.3753611672648],[126.72318640727451,37.384354370902045],[126.73217961091176,37.384354370902045],[126.73217961091176,37.3753611672648],[126.72318640727451,37.3753611672648]]]}},{"type":"Feature","properties":{"jobs":12073,"pop":3715,"pointCount":3,"homeWorkCommuteMedian":11446,"workHomeCommuteMedian":11625},"geometry":{"type":"Polygon","coordinates":[[[126.72318640727451,37.384354370902045],[126.72318640727451,37.39334757453929],[126.73217961091176,37.39334757453929],[126.73217961091176,37.384354370902045],[126.72318640727451,37.384354370902045]]]}},{"type":"Feature","properties":{"jobs":21054,"pop":7959,"pointCount":4,"homeWorkCommuteMedian":7948,"workHomeCommuteMedian":7818},"geometry":{"type":"Polygon","coordinates":[[[126.72318640727451,37.39334757453929],[126.72318640727451,37.40234077817654],[126.73217961091176,37.40234077817654],[126.73217961091176,37.39334757453929],[126.72318640727451,37.39334757453929]]]}},{"type":"Feature","properties":{"jobs":9467,"pop":3425,"pointCount":2,"homeWorkCommuteMedian":7072,"workHomeCommuteMedian":7199},"geometry":{"type":"Polygon","coordinates":[[[126.72318640727451,37.40234077817654],[126.72318640727451,37.41133398181378],[126.73217961091176,37.41133398181378],[126.73217961091176,37.40234077817654],[126.72318640727451,37.40234077817654]]]}},{"type":"Feature","properties":{"jobs":12448,"pop":3840,"pointCount":3,"homeWorkCommuteMedian":5515,"workHomeCommuteMedian":5515},"geometry":{"type":"Polygon","coordinates":[[[126.72318640727451,37.41133398181378],[126.72318640727451,37.42032718545103],[126.73217961091176,37.42032718545103],[126.73217961091176,37.41133398181378],[126.72318640727451,37.41133398181378]]]}},{"type":"Feature","properties":{"jobs":1180,"pop":48,"pointCount":1,"homeWorkCommuteMedian":6447,"workHomeCommuteMedian":5849},"geometry":{"type":"Polygon","coordinates":[[[126.72318640727451,37.42032718545103],[126.72318640727451,37.429320389088275],[126.73217961091176,37.429320389088275],[126.73217961091176,37.42032718545103],[126.72318640727451,37.42032718545103]]]}},{"type":"Feature","properties":{"jobs":25966,"pop":6178,"pointCount":4,"homeWorkCommuteMedian":5042,"workHomeCommuteMedian":5071},"geometry":{"type":"Polygon","coordinates":[[[126.72318640727451,37.44730679636277],[126.72318640727451,37.45630000000001],[126.73217961091176,37.45630000000001],[126.73217961091176,37.44730679636277],[126.72318640727451,37.44730679636277]]]}},{"type":"Feature","properties":{"jobs":39658,"pop":10930,"pointCount":4,"homeWorkCommuteMedian":6254,"workHomeCommuteMedian":6207},"geometry":{"type":"Polygon","coordinates":[[[126.72318640727451,37.45630000000001],[126.72318640727451,37.46529320363726],[126.73217961091176,37.46529320363726],[126.73217961091176,37.45630000000001],[126.72318640727451,37.45630000000001]]]}},{"type":"Feature","properties":{"jobs":3770,"pop":588,"pointCount":1,"homeWorkCommuteMedian":3205,"workHomeCommuteMedian":6588},"geometry":{"type":"Polygon","coordinates":[[[126.72318640727451,37.474286407274505],[126.72318640727451,37.48327961091175],[126.73217961091176,37.48327961091175],[126.73217961091176,37.474286407274505],[126.72318640727451,37.474286407274505]]]}},{"type":"Feature","properties":{"jobs":23844,"pop":6622,"pointCount":5,"homeWorkCommuteMedian":4668,"workHomeCommuteMedian":4275},"geometry":{"type":"Polygon","coordinates":[[[126.72318640727451,37.48327961091175],[126.72318640727451,37.492272814549],[126.73217961091176,37.492272814549],[126.73217961091176,37.48327961091175],[126.72318640727451,37.48327961091175]]]}},{"type":"Feature","properties":{"jobs":46269,"pop":22221,"pointCount":4,"homeWorkCommuteMedian":4316,"workHomeCommuteMedian":4203},"geometry":{"type":"Polygon","coordinates":[[[126.72318640727451,37.492272814549],[126.72318640727451,37.50126601818624],[126.73217961091176,37.50126601818624],[126.73217961091176,37.492272814549],[126.72318640727451,37.492272814549]]]}},{"type":"Feature","properties":{"jobs":22862,"pop":6913,"pointCount":4,"homeWorkCommuteMedian":3496,"workHomeCommuteMedian":3478},"geometry":{"type":"Polygon","coordinates":[[[126.72318640727451,37.50126601818624],[126.72318640727451,37.51025922182349],[126.73217961091176,37.51025922182349],[126.73217961091176,37.50126601818624],[126.72318640727451,37.50126601818624]]]}},{"type":"Feature","properties":{"jobs":13072,"pop":2392,"pointCount":4,"homeWorkCommuteMedian":3062,"workHomeCommuteMedian":3127},"geometry":{"type":"Polygon","coordinates":[[[126.72318640727451,37.51025922182349],[126.72318640727451,37.519252425460735],[126.73217961091176,37.519252425460735],[126.73217961091176,37.51025922182349],[126.72318640727451,37.51025922182349]]]}},{"type":"Feature","properties":{"jobs":17808,"pop":6441,"pointCount":4,"homeWorkCommuteMedian":3020,"workHomeCommuteMedian":3127},"geometry":{"type":"Polygon","coordinates":[[[126.72318640727451,37.519252425460735],[126.72318640727451,37.52824562909798],[126.73217961091176,37.52824562909798],[126.73217961091176,37.519252425460735],[126.72318640727451,37.519252425460735]]]}},{"type":"Feature","properties":{"jobs":22122,"pop":9958,"pointCount":4,"homeWorkCommuteMedian":2890,"workHomeCommuteMedian":2875},"geometry":{"type":"Polygon","coordinates":[[[126.72318640727451,37.52824562909798],[126.72318640727451,37.53723883273523],[126.73217961091176,37.53723883273523],[126.73217961091176,37.52824562909798],[126.72318640727451,37.52824562909798]]]}},{"type":"Feature","properties":{"jobs":24424,"pop":9913,"pointCount":4,"homeWorkCommuteMedian":3496,"workHomeCommuteMedian":3496},"geometry":{"type":"Polygon","coordinates":[[[126.72318640727451,37.53723883273523],[126.72318640727451,37.54623203637247],[126.73217961091176,37.54623203637247],[126.73217961091176,37.53723883273523],[126.72318640727451,37.53723883273523]]]}},{"type":"Feature","properties":{"jobs":378,"pop":22,"pointCount":1,"homeWorkCommuteMedian":4260,"workHomeCommuteMedian":4477},"geometry":{"type":"Polygon","coordinates":[[[126.72318640727451,37.54623203637247],[126.72318640727451,37.55522524000972],[126.73217961091176,37.55522524000972],[126.73217961091176,37.54623203637247],[126.72318640727451,37.54623203637247]]]}},{"type":"Feature","properties":{"jobs":19,"pop":213,"pointCount":1,"homeWorkCommuteMedian":12054,"workHomeCommuteMedian":-1},"geometry":{"type":"Polygon","coordinates":[[[126.72318640727451,37.564218443646965],[126.72318640727451,37.57321164728421],[126.73217961091176,37.57321164728421],[126.73217961091176,37.564218443646965],[126.72318640727451,37.564218443646965]]]}},{"type":"Feature","properties":{"jobs":1770,"pop":126,"pointCount":2,"homeWorkCommuteMedian":7549,"workHomeCommuteMedian":7191},"geometry":{"type":"Polygon","coordinates":[[[126.72318640727451,37.57321164728421],[126.72318640727451,37.58220485092146],[126.73217961091176,37.58220485092146],[126.73217961091176,37.57321164728421],[126.72318640727451,37.57321164728421]]]}},{"type":"Feature","properties":{"jobs":6715,"pop":3105,"pointCount":3,"homeWorkCommuteMedian":8322,"workHomeCommuteMedian":7369},"geometry":{"type":"Polygon","coordinates":[[[126.72318640727451,37.5911980545587],[126.72318640727451,37.60019125819595],[126.73217961091176,37.60019125819595],[126.73217961091176,37.5911980545587],[126.72318640727451,37.5911980545587]]]}},{"type":"Feature","properties":{"jobs":13238,"pop":8018,"pointCount":4,"homeWorkCommuteMedian":8144,"workHomeCommuteMedian":7027},"geometry":{"type":"Polygon","coordinates":[[[126.72318640727451,37.60019125819595],[126.72318640727451,37.609184461833195],[126.73217961091176,37.609184461833195],[126.73217961091176,37.60019125819595],[126.72318640727451,37.60019125819595]]]}},{"type":"Feature","properties":{"jobs":3340,"pop":1448,"pointCount":3,"homeWorkCommuteMedian":8661,"workHomeCommuteMedian":9253},"geometry":{"type":"Polygon","coordinates":[[[126.72318640727451,37.609184461833195],[126.72318640727451,37.61817766547044],[126.73217961091176,37.61817766547044],[126.73217961091176,37.609184461833195],[126.72318640727451,37.609184461833195]]]}},{"type":"Feature","properties":{"jobs":5668,"pop":3693,"pointCount":2,"homeWorkCommuteMedian":7247,"workHomeCommuteMedian":6447},"geometry":{"type":"Polygon","coordinates":[[[126.72318640727451,37.61817766547044],[126.72318640727451,37.62717086910769],[126.73217961091176,37.62717086910769],[126.73217961091176,37.61817766547044],[126.72318640727451,37.61817766547044]]]}},{"type":"Feature","properties":{"jobs":4732,"pop":1134,"pointCount":2,"homeWorkCommuteMedian":7991,"workHomeCommuteMedian":7192},"geometry":{"type":"Polygon","coordinates":[[[126.73217961091176,37.33039514907857],[126.73217961091176,37.339388352715815],[126.741172814549,37.339388352715815],[126.741172814549,37.33039514907857],[126.73217961091176,37.33039514907857]]]}},{"type":"Feature","properties":{"jobs":14055,"pop":2237,"pointCount":4,"homeWorkCommuteMedian":9117,"workHomeCommuteMedian":11081},"geometry":{"type":"Polygon","coordinates":[[[126.73217961091176,37.339388352715815],[126.73217961091176,37.34838155635306],[126.741172814549,37.34838155635306],[126.741172814549,37.339388352715815],[126.73217961091176,37.339388352715815]]]}},{"type":"Feature","properties":{"jobs":2350,"pop":214,"pointCount":2,"homeWorkCommuteMedian":8155,"workHomeCommuteMedian":11319},"geometry":{"type":"Polygon","coordinates":[[[126.73217961091176,37.34838155635306],[126.73217961091176,37.35737475999031],[126.741172814549,37.35737475999031],[126.741172814549,37.34838155635306],[126.73217961091176,37.34838155635306]]]}},{"type":"Feature","properties":{"jobs":3922,"pop":845,"pointCount":2,"homeWorkCommuteMedian":5325,"workHomeCommuteMedian":4438},"geometry":{"type":"Polygon","coordinates":[[[126.73217961091176,37.35737475999031],[126.73217961091176,37.36636796362755],[126.741172814549,37.36636796362755],[126.741172814549,37.35737475999031],[126.73217961091176,37.35737475999031]]]}},{"type":"Feature","properties":{"jobs":6242,"pop":1215,"pointCount":2,"homeWorkCommuteMedian":8391,"workHomeCommuteMedian":8155},"geometry":{"type":"Polygon","coordinates":[[[126.73217961091176,37.36636796362755],[126.73217961091176,37.3753611672648],[126.741172814549,37.3753611672648],[126.741172814549,37.36636796362755],[126.73217961091176,37.36636796362755]]]}},{"type":"Feature","properties":{"jobs":2757,"pop":1055,"pointCount":1,"homeWorkCommuteMedian":7932,"workHomeCommuteMedian":10573},"geometry":{"type":"Polygon","coordinates":[[[126.73217961091176,37.3753611672648],[126.73217961091176,37.384354370902045],[126.741172814549,37.384354370902045],[126.741172814549,37.3753611672648],[126.73217961091176,37.3753611672648]]]}},{"type":"Feature","properties":{"jobs":4823,"pop":2054,"pointCount":1,"homeWorkCommuteMedian":8814,"workHomeCommuteMedian":9104},"geometry":{"type":"Polygon","coordinates":[[[126.73217961091176,37.384354370902045],[126.73217961091176,37.39334757453929],[126.741172814549,37.39334757453929],[126.741172814549,37.384354370902045],[126.73217961091176,37.384354370902045]]]}},{"type":"Feature","properties":{"jobs":8309,"pop":1976,"pointCount":3,"homeWorkCommuteMedian":8413,"workHomeCommuteMedian":8449},"geometry":{"type":"Polygon","coordinates":[[[126.73217961091176,37.39334757453929],[126.73217961091176,37.40234077817654],[126.741172814549,37.40234077817654],[126.741172814549,37.39334757453929],[126.73217961091176,37.39334757453929]]]}},{"type":"Feature","properties":{"jobs":13256,"pop":5861,"pointCount":3,"homeWorkCommuteMedian":7433,"workHomeCommuteMedian":7383},"geometry":{"type":"Polygon","coordinates":[[[126.73217961091176,37.40234077817654],[126.73217961091176,37.41133398181378],[126.741172814549,37.41133398181378],[126.741172814549,37.40234077817654],[126.73217961091176,37.40234077817654]]]}},{"type":"Feature","properties":{"jobs":6241,"pop":1600,"pointCount":2,"homeWorkCommuteMedian":6597,"workHomeCommuteMedian":13711},"geometry":{"type":"Polygon","coordinates":[[[126.73217961091176,37.42032718545103],[126.73217961091176,37.429320389088275],[126.741172814549,37.429320389088275],[126.741172814549,37.42032718545103],[126.73217961091176,37.42032718545103]]]}},{"type":"Feature","properties":{"jobs":2643,"pop":466,"pointCount":1,"homeWorkCommuteMedian":4014,"workHomeCommuteMedian":4015},"geometry":{"type":"Polygon","coordinates":[[[126.73217961091176,37.429320389088275],[126.73217961091176,37.43831359272552],[126.741172814549,37.43831359272552],[126.741172814549,37.429320389088275],[126.73217961091176,37.429320389088275]]]}},{"type":"Feature","properties":{"jobs":30240,"pop":13209,"pointCount":4,"homeWorkCommuteMedian":4325,"workHomeCommuteMedian":4167},"geometry":{"type":"Polygon","coordinates":[[[126.73217961091176,37.43831359272552],[126.73217961091176,37.44730679636277],[126.741172814549,37.44730679636277],[126.741172814549,37.43831359272552],[126.73217961091176,37.43831359272552]]]}},{"type":"Feature","properties":{"jobs":16276,"pop":3818,"pointCount":4,"homeWorkCommuteMedian":3765,"workHomeCommuteMedian":4056},"geometry":{"type":"Polygon","coordinates":[[[126.73217961091176,37.44730679636277],[126.73217961091176,37.45630000000001],[126.741172814549,37.45630000000001],[126.741172814549,37.44730679636277],[126.73217961091176,37.44730679636277]]]}},{"type":"Feature","properties":{"jobs":61156,"pop":26509,"pointCount":4,"homeWorkCommuteMedian":5637,"workHomeCommuteMedian":5409},"geometry":{"type":"Polygon","coordinates":[[[126.73217961091176,37.45630000000001],[126.73217961091176,37.46529320363726],[126.741172814549,37.46529320363726],[126.741172814549,37.45630000000001],[126.73217961091176,37.45630000000001]]]}},{"type":"Feature","properties":{"jobs":4947,"pop":1088,"pointCount":2,"homeWorkCommuteMedian":4444,"workHomeCommuteMedian":4077},"geometry":{"type":"Polygon","coordinates":[[[126.73217961091176,37.46529320363726],[126.73217961091176,37.474286407274505],[126.741172814549,37.474286407274505],[126.741172814549,37.46529320363726],[126.73217961091176,37.46529320363726]]]}},{"type":"Feature","properties":{"jobs":5150,"pop":551,"pointCount":2,"homeWorkCommuteMedian":5136,"workHomeCommuteMedian":5446},"geometry":{"type":"Polygon","coordinates":[[[126.73217961091176,37.474286407274505],[126.73217961091176,37.48327961091175],[126.741172814549,37.48327961091175],[126.741172814549,37.474286407274505],[126.73217961091176,37.474286407274505]]]}},{"type":"Feature","properties":{"jobs":13665,"pop":2374,"pointCount":4,"homeWorkCommuteMedian":3565,"workHomeCommuteMedian":3478},"geometry":{"type":"Polygon","coordinates":[[[126.73217961091176,37.48327961091175],[126.73217961091176,37.492272814549],[126.741172814549,37.492272814549],[126.741172814549,37.48327961091175],[126.73217961091176,37.48327961091175]]]}},{"type":"Feature","properties":{"jobs":23052,"pop":8032,"pointCount":4,"homeWorkCommuteMedian":3748,"workHomeCommuteMedian":3604},"geometry":{"type":"Polygon","coordinates":[[[126.73217961091176,37.492272814549],[126.73217961091176,37.50126601818624],[126.741172814549,37.50126601818624],[126.741172814549,37.492272814549],[126.73217961091176,37.492272814549]]]}},{"type":"Feature","properties":{"jobs":15047,"pop":3375,"pointCount":4,"homeWorkCommuteMedian":3696,"workHomeCommuteMedian":3562},"geometry":{"type":"Polygon","coordinates":[[[126.73217961091176,37.50126601818624],[126.73217961091176,37.51025922182349],[126.741172814549,37.51025922182349],[126.741172814549,37.50126601818624],[126.73217961091176,37.50126601818624]]]}},{"type":"Feature","properties":{"jobs":19828,"pop":5783,"pointCount":4,"homeWorkCommuteMedian":4205,"workHomeCommuteMedian":4129},"geometry":{"type":"Polygon","coordinates":[[[126.73217961091176,37.51025922182349],[126.73217961091176,37.519252425460735],[126.741172814549,37.519252425460735],[126.741172814549,37.51025922182349],[126.73217961091176,37.51025922182349]]]}},{"type":"Feature","properties":{"jobs":17558,"pop":4402,"pointCount":4,"homeWorkCommuteMedian":3939,"workHomeCommuteMedian":3939},"geometry":{"type":"Polygon","coordinates":[[[126.73217961091176,37.519252425460735],[126.73217961091176,37.52824562909798],[126.741172814549,37.52824562909798],[126.741172814549,37.519252425460735],[126.73217961091176,37.519252425460735]]]}},{"type":"Feature","properties":{"jobs":17924,"pop":6416,"pointCount":6,"homeWorkCommuteMedian":3592,"workHomeCommuteMedian":3565},"geometry":{"type":"Polygon","coordinates":[[[126.73217961091176,37.52824562909798],[126.73217961091176,37.53723883273523],[126.741172814549,37.53723883273523],[126.741172814549,37.52824562909798],[126.73217961091176,37.52824562909798]]]}},{"type":"Feature","properties":{"jobs":21388,"pop":9267,"pointCount":4,"homeWorkCommuteMedian":3534,"workHomeCommuteMedian":3540},"geometry":{"type":"Polygon","coordinates":[[[126.73217961091176,37.53723883273523],[126.73217961091176,37.54623203637247],[126.741172814549,37.54623203637247],[126.741172814549,37.53723883273523],[126.73217961091176,37.53723883273523]]]}},{"type":"Feature","properties":{"jobs":8221,"pop":2810,"pointCount":3,"homeWorkCommuteMedian":3506,"workHomeCommuteMedian":3641},"geometry":{"type":"Polygon","coordinates":[[[126.73217961091176,37.54623203637247],[126.73217961091176,37.55522524000972],[126.741172814549,37.55522524000972],[126.741172814549,37.54623203637247],[126.73217961091176,37.54623203637247]]]}},{"type":"Feature","properties":{"jobs":2783,"pop":533,"pointCount":2,"homeWorkCommuteMedian":7027,"workHomeCommuteMedian":7421},"geometry":{"type":"Polygon","coordinates":[[[126.73217961091176,37.57321164728421],[126.73217961091176,37.58220485092146],[126.741172814549,37.58220485092146],[126.741172814549,37.57321164728421],[126.73217961091176,37.57321164728421]]]}},{"type":"Feature","properties":{"jobs":2891,"pop":2012,"pointCount":1,"homeWorkCommuteMedian":11655,"workHomeCommuteMedian":10035},"geometry":{"type":"Polygon","coordinates":[[[126.73217961091176,37.60019125819595],[126.73217961091176,37.609184461833195],[126.741172814549,37.609184461833195],[126.741172814549,37.60019125819595],[126.73217961091176,37.60019125819595]]]}},{"type":"Feature","properties":{"jobs":698,"pop":56,"pointCount":1,"homeWorkCommuteMedian":10502,"workHomeCommuteMedian":9905},"geometry":{"type":"Polygon","coordinates":[[[126.73217961091176,37.609184461833195],[126.73217961091176,37.61817766547044],[126.741172814549,37.61817766547044],[126.741172814549,37.609184461833195],[126.73217961091176,37.609184461833195]]]}},{"type":"Feature","properties":{"jobs":386,"pop":31,"pointCount":1,"homeWorkCommuteMedian":11945,"workHomeCommuteMedian":11945},"geometry":{"type":"Polygon","coordinates":[[[126.73217961091176,37.61817766547044],[126.73217961091176,37.62717086910769],[126.741172814549,37.62717086910769],[126.741172814549,37.61817766547044],[126.73217961091176,37.61817766547044]]]}},{"type":"Feature","properties":{"jobs":10357,"pop":2748,"pointCount":3,"homeWorkCommuteMedian":9359,"workHomeCommuteMedian":9117},"geometry":{"type":"Polygon","coordinates":[[[126.741172814549,37.33039514907857],[126.741172814549,37.339388352715815],[126.75016601818625,37.339388352715815],[126.75016601818625,37.33039514907857],[126.741172814549,37.33039514907857]]]}},{"type":"Feature","properties":{"jobs":12115,"pop":2228,"pointCount":4,"homeWorkCommuteMedian":7947,"workHomeCommuteMedian":7483},"geometry":{"type":"Polygon","coordinates":[[[126.741172814549,37.339388352715815],[126.741172814549,37.34838155635306],[126.75016601818625,37.34838155635306],[126.75016601818625,37.339388352715815],[126.741172814549,37.339388352715815]]]}},{"type":"Feature","properties":{"jobs":4062,"pop":929,"pointCount":1,"homeWorkCommuteMedian":7583,"workHomeCommuteMedian":7792},"geometry":{"type":"Polygon","coordinates":[[[126.741172814549,37.34838155635306],[126.741172814549,37.35737475999031],[126.75016601818625,37.35737475999031],[126.75016601818625,37.34838155635306],[126.741172814549,37.34838155635306]]]}},{"type":"Feature","properties":{"jobs":9505,"pop":3152,"pointCount":2,"homeWorkCommuteMedian":8391,"workHomeCommuteMedian":8649},"geometry":{"type":"Polygon","coordinates":[[[126.741172814549,37.384354370902045],[126.741172814549,37.39334757453929],[126.75016601818625,37.39334757453929],[126.75016601818625,37.384354370902045],[126.741172814549,37.384354370902045]]]}},{"type":"Feature","properties":{"jobs":3594,"pop":1060,"pointCount":1,"homeWorkCommuteMedian":8921,"workHomeCommuteMedian":7083},"geometry":{"type":"Polygon","coordinates":[[[126.741172814549,37.41133398181378],[126.741172814549,37.42032718545103],[126.75016601818625,37.42032718545103],[126.75016601818625,37.41133398181378],[126.741172814549,37.41133398181378]]]}},{"type":"Feature","properties":{"jobs":23846,"pop":10545,"pointCount":4,"homeWorkCommuteMedian":6207,"workHomeCommuteMedian":6078},"geometry":{"type":"Polygon","coordinates":[[[126.741172814549,37.42032718545103],[126.741172814549,37.429320389088275],[126.75016601818625,37.429320389088275],[126.75016601818625,37.42032718545103],[126.741172814549,37.42032718545103]]]}},{"type":"Feature","properties":{"jobs":18989,"pop":7111,"pointCount":4,"homeWorkCommuteMedian":5599,"workHomeCommuteMedian":5671},"geometry":{"type":"Polygon","coordinates":[[[126.741172814549,37.429320389088275],[126.741172814549,37.43831359272552],[126.75016601818625,37.43831359272552],[126.75016601818625,37.429320389088275],[126.741172814549,37.429320389088275]]]}},{"type":"Feature","properties":{"jobs":3246,"pop":670,"pointCount":1,"homeWorkCommuteMedian":3878,"workHomeCommuteMedian":4051},"geometry":{"type":"Polygon","coordinates":[[[126.741172814549,37.44730679636277],[126.741172814549,37.45630000000001],[126.75016601818625,37.45630000000001],[126.75016601818625,37.44730679636277],[126.741172814549,37.44730679636277]]]}},{"type":"Feature","properties":{"jobs":4126,"pop":731,"pointCount":2,"homeWorkCommuteMedian":5533,"workHomeCommuteMedian":5042},"geometry":{"type":"Polygon","coordinates":[[[126.741172814549,37.474286407274505],[126.741172814549,37.48327961091175],[126.75016601818625,37.48327961091175],[126.75016601818625,37.474286407274505],[126.741172814549,37.474286407274505]]]}},{"type":"Feature","properties":{"jobs":4847,"pop":483,"pointCount":2,"homeWorkCommuteMedian":4714,"workHomeCommuteMedian":4691},"geometry":{"type":"Polygon","coordinates":[[[126.741172814549,37.48327961091175],[126.741172814549,37.492272814549],[126.75016601818625,37.492272814549],[126.75016601818625,37.48327961091175],[126.741172814549,37.48327961091175]]]}},{"type":"Feature","properties":{"jobs":9138,"pop":2279,"pointCount":3,"homeWorkCommuteMedian":4868,"workHomeCommuteMedian":3995},"geometry":{"type":"Polygon","coordinates":[[[126.741172814549,37.492272814549],[126.741172814549,37.50126601818624],[126.75016601818625,37.50126601818624],[126.75016601818625,37.492272814549],[126.741172814549,37.492272814549]]]}},{"type":"Feature","properties":{"jobs":8285,"pop":1172,"pointCount":3,"homeWorkCommuteMedian":3953,"workHomeCommuteMedian":4323},"geometry":{"type":"Polygon","coordinates":[[[126.741172814549,37.50126601818624],[126.741172814549,37.51025922182349],[126.75016601818625,37.51025922182349],[126.75016601818625,37.50126601818624],[126.741172814549,37.50126601818624]]]}},{"type":"Feature","properties":{"jobs":3974,"pop":1014,"pointCount":2,"homeWorkCommuteMedian":5325,"workHomeCommuteMedian":3853},"geometry":{"type":"Polygon","coordinates":[[[126.741172814549,37.51025922182349],[126.741172814549,37.519252425460735],[126.75016601818625,37.519252425460735],[126.75016601818625,37.51025922182349],[126.741172814549,37.51025922182349]]]}},{"type":"Feature","properties":{"jobs":36497,"pop":19046,"pointCount":2,"homeWorkCommuteMedian":4944,"workHomeCommuteMedian":4895},"geometry":{"type":"Polygon","coordinates":[[[126.741172814549,37.519252425460735],[126.741172814549,37.52824562909798],[126.75016601818625,37.52824562909798],[126.75016601818625,37.519252425460735],[126.741172814549,37.519252425460735]]]}},{"type":"Feature","properties":{"jobs":6391,"pop":2216,"pointCount":3,"homeWorkCommuteMedian":3423,"workHomeCommuteMedian":3050},"geometry":{"type":"Polygon","coordinates":[[[126.741172814549,37.52824562909798],[126.741172814549,37.53723883273523],[126.75016601818625,37.53723883273523],[126.75016601818625,37.52824562909798],[126.741172814549,37.52824562909798]]]}},{"type":"Feature","properties":{"jobs":6523,"pop":2599,"pointCount":2,"homeWorkCommuteMedian":3262,"workHomeCommuteMedian":3127},"geometry":{"type":"Polygon","coordinates":[[[126.741172814549,37.53723883273523],[126.741172814549,37.54623203637247],[126.75016601818625,37.54623203637247],[126.75016601818625,37.53723883273523],[126.741172814549,37.53723883273523]]]}},{"type":"Feature","properties":{"jobs":8453,"pop":3737,"pointCount":3,"homeWorkCommuteMedian":3765,"workHomeCommuteMedian":3764},"geometry":{"type":"Polygon","coordinates":[[[126.741172814549,37.54623203637247],[126.741172814549,37.55522524000972],[126.75016601818625,37.55522524000972],[126.75016601818625,37.54623203637247],[126.741172814549,37.54623203637247]]]}},{"type":"Feature","properties":{"jobs":2728,"pop":424,"pointCount":3,"homeWorkCommuteMedian":4255,"workHomeCommuteMedian":4442},"geometry":{"type":"Polygon","coordinates":[[[126.741172814549,37.55522524000972],[126.741172814549,37.564218443646965],[126.75016601818625,37.564218443646965],[126.75016601818625,37.55522524000972],[126.741172814549,37.55522524000972]]]}},{"type":"Feature","properties":{"jobs":11434,"pop":5232,"pointCount":2,"homeWorkCommuteMedian":5645,"workHomeCommuteMedian":5637},"geometry":{"type":"Polygon","coordinates":[[[126.741172814549,37.564218443646965],[126.741172814549,37.57321164728421],[126.75016601818625,37.57321164728421],[126.75016601818625,37.564218443646965],[126.741172814549,37.564218443646965]]]}},{"type":"Feature","properties":{"jobs":2498,"pop":370,"pointCount":2,"homeWorkCommuteMedian":10101,"workHomeCommuteMedian":10558},"geometry":{"type":"Polygon","coordinates":[[[126.741172814549,37.609184461833195],[126.741172814549,37.61817766547044],[126.75016601818625,37.61817766547044],[126.75016601818625,37.609184461833195],[126.741172814549,37.609184461833195]]]}},{"type":"Feature","properties":{"jobs":6663,"pop":3366,"pointCount":2,"homeWorkCommuteMedian":10125,"workHomeCommuteMedian":8420},"geometry":{"type":"Polygon","coordinates":[[[126.741172814549,37.61817766547044],[126.741172814549,37.62717086910769],[126.75016601818625,37.62717086910769],[126.75016601818625,37.61817766547044],[126.741172814549,37.61817766547044]]]}},{"type":"Feature","properties":{"jobs":4635,"pop":1908,"pointCount":1,"homeWorkCommuteMedian":9197,"workHomeCommuteMedian":9568},"geometry":{"type":"Polygon","coordinates":[[[126.75016601818625,37.31240874180408],[126.75016601818625,37.32140194544132],[126.7591592218235,37.32140194544132],[126.7591592218235,37.31240874180408],[126.75016601818625,37.31240874180408]]]}},{"type":"Feature","properties":{"jobs":4343,"pop":764,"pointCount":2,"homeWorkCommuteMedian":7837,"workHomeCommuteMedian":11912},"geometry":{"type":"Polygon","coordinates":[[[126.75016601818625,37.33039514907857],[126.75016601818625,37.339388352715815],[126.7591592218235,37.339388352715815],[126.7591592218235,37.33039514907857],[126.75016601818625,37.33039514907857]]]}},{"type":"Feature","properties":{"jobs":9302,"pop":2262,"pointCount":3,"homeWorkCommuteMedian":7911,"workHomeCommuteMedian":7989},"geometry":{"type":"Polygon","coordinates":[[[126.75016601818625,37.339388352715815],[126.75016601818625,37.34838155635306],[126.7591592218235,37.34838155635306],[126.7591592218235,37.339388352715815],[126.75016601818625,37.339388352715815]]]}},{"type":"Feature","properties":{"jobs":109,"pop":117,"pointCount":1,"homeWorkCommuteMedian":31867,"workHomeCommuteMedian":-1},"geometry":{"type":"Polygon","coordinates":[[[126.75016601818625,37.35737475999031],[126.75016601818625,37.36636796362755],[126.7591592218235,37.36636796362755],[126.7591592218235,37.35737475999031],[126.75016601818625,37.35737475999031]]]}},{"type":"Feature","properties":{"jobs":3306,"pop":844,"pointCount":1,"homeWorkCommuteMedian":9180,"workHomeCommuteMedian":7973},"geometry":{"type":"Polygon","coordinates":[[[126.75016601818625,37.41133398181378],[126.75016601818625,37.42032718545103],[126.7591592218235,37.42032718545103],[126.7591592218235,37.41133398181378],[126.75016601818625,37.41133398181378]]]}},{"type":"Feature","properties":{"jobs":4627,"pop":1655,"pointCount":1,"homeWorkCommuteMedian":7198,"workHomeCommuteMedian":7098},"geometry":{"type":"Polygon","coordinates":[[[126.75016601818625,37.42032718545103],[126.75016601818625,37.429320389088275],[126.7591592218235,37.429320389088275],[126.7591592218235,37.42032718545103],[126.75016601818625,37.42032718545103]]]}},{"type":"Feature","properties":{"jobs":5142,"pop":632,"pointCount":3,"homeWorkCommuteMedian":6447,"workHomeCommuteMedian":5800},"geometry":{"type":"Polygon","coordinates":[[[126.75016601818625,37.429320389088275],[126.75016601818625,37.43831359272552],[126.7591592218235,37.43831359272552],[126.7591592218235,37.429320389088275],[126.75016601818625,37.429320389088275]]]}},{"type":"Feature","properties":{"jobs":28731,"pop":12933,"pointCount":1,"homeWorkCommuteMedian":5974,"workHomeCommuteMedian":6887},"geometry":{"type":"Polygon","coordinates":[[[126.75016601818625,37.44730679636277],[126.75016601818625,37.45630000000001],[126.7591592218235,37.45630000000001],[126.7591592218235,37.44730679636277],[126.75016601818625,37.44730679636277]]]}},{"type":"Feature","properties":{"jobs":11,"pop":0,"pointCount":1,"homeWorkCommuteMedian":-1,"workHomeCommuteMedian":34630},"geometry":{"type":"Polygon","coordinates":[[[126.75016601818625,37.474286407274505],[126.75016601818625,37.48327961091175],[126.7591592218235,37.48327961091175],[126.7591592218235,37.474286407274505],[126.75016601818625,37.474286407274505]]]}},{"type":"Feature","properties":{"jobs":2396,"pop":443,"pointCount":2,"homeWorkCommuteMedian":5325,"workHomeCommuteMedian":3765},"geometry":{"type":"Polygon","coordinates":[[[126.75016601818625,37.48327961091175],[126.75016601818625,37.492272814549],[126.7591592218235,37.492272814549],[126.7591592218235,37.48327961091175],[126.75016601818625,37.48327961091175]]]}},{"type":"Feature","properties":{"jobs":13817,"pop":2873,"pointCount":4,"homeWorkCommuteMedian":4944,"workHomeCommuteMedian":5317},"geometry":{"type":"Polygon","coordinates":[[[126.75016601818625,37.492272814549],[126.75016601818625,37.50126601818624],[126.7591592218235,37.50126601818624],[126.7591592218235,37.492272814549],[126.75016601818625,37.492272814549]]]}},{"type":"Feature","properties":{"jobs":6575,"pop":574,"pointCount":3,"homeWorkCommuteMedian":4906,"workHomeCommuteMedian":4867},"geometry":{"type":"Polygon","coordinates":[[[126.75016601818625,37.50126601818624],[126.75016601818625,37.51025922182349],[126.7591592218235,37.51025922182349],[126.7591592218235,37.50126601818624],[126.75016601818625,37.50126601818624]]]}},{"type":"Feature","properties":{"jobs":5609,"pop":960,"pointCount":2,"homeWorkCommuteMedian":5090,"workHomeCommuteMedian":5342},"geometry":{"type":"Polygon","coordinates":[[[126.75016601818625,37.51025922182349],[126.75016601818625,37.519252425460735],[126.7591592218235,37.519252425460735],[126.7591592218235,37.51025922182349],[126.75016601818625,37.51025922182349]]]}},{"type":"Feature","properties":{"jobs":19455,"pop":8740,"pointCount":4,"homeWorkCommuteMedian":6219,"workHomeCommuteMedian":5977},"geometry":{"type":"Polygon","coordinates":[[[126.75016601818625,37.55522524000972],[126.75016601818625,37.564218443646965],[126.7591592218235,37.564218443646965],[126.7591592218235,37.55522524000972],[126.75016601818625,37.55522524000972]]]}},{"type":"Feature","properties":{"jobs":2902,"pop":862,"pointCount":2,"homeWorkCommuteMedian":14338,"workHomeCommuteMedian":15526},"geometry":{"type":"Polygon","coordinates":[[[126.75016601818625,37.58220485092146],[126.75016601818625,37.5911980545587],[126.7591592218235,37.5911980545587],[126.7591592218235,37.58220485092146],[126.75016601818625,37.58220485092146]]]}},{"type":"Feature","properties":{"jobs":7942,"pop":4560,"pointCount":2,"homeWorkCommuteMedian":9715,"workHomeCommuteMedian":8911},"geometry":{"type":"Polygon","coordinates":[[[126.75016601818625,37.5911980545587],[126.75016601818625,37.60019125819595],[126.7591592218235,37.60019125819595],[126.7591592218235,37.5911980545587],[126.75016601818625,37.5911980545587]]]}},{"type":"Feature","properties":{"jobs":12746,"pop":26684,"pointCount":1,"homeWorkCommuteMedian":10881,"workHomeCommuteMedian":10923},"geometry":{"type":"Polygon","coordinates":[[[126.7591592218235,37.294422334529585],[126.7591592218235,37.30341553816683],[126.76815242546074,37.30341553816683],[126.76815242546074,37.294422334529585],[126.7591592218235,37.294422334529585]]]}},{"type":"Feature","properties":{"jobs":6330,"pop":2328,"pointCount":3,"homeWorkCommuteMedian":7594,"workHomeCommuteMedian":7131},"geometry":{"type":"Polygon","coordinates":[[[126.7591592218235,37.33039514907857],[126.7591592218235,37.339388352715815],[126.76815242546074,37.339388352715815],[126.76815242546074,37.33039514907857],[126.7591592218235,37.33039514907857]]]}},{"type":"Feature","properties":{"jobs":5393,"pop":1817,"pointCount":1,"homeWorkCommuteMedian":9889,"workHomeCommuteMedian":9223},"geometry":{"type":"Polygon","coordinates":[[[126.7591592218235,37.339388352715815],[126.7591592218235,37.34838155635306],[126.76815242546074,37.34838155635306],[126.76815242546074,37.339388352715815],[126.7591592218235,37.339388352715815]]]}},{"type":"Feature","properties":{"jobs":2133,"pop":240,"pointCount":1,"homeWorkCommuteMedian":7818,"workHomeCommuteMedian":7818},"geometry":{"type":"Polygon","coordinates":[[[126.7591592218235,37.34838155635306],[126.7591592218235,37.35737475999031],[126.76815242546074,37.35737475999031],[126.76815242546074,37.34838155635306],[126.7591592218235,37.34838155635306]]]}},{"type":"Feature","properties":{"jobs":18384,"pop":10814,"pointCount":2,"homeWorkCommuteMedian":7259,"workHomeCommuteMedian":7300},"geometry":{"type":"Polygon","coordinates":[[[126.7591592218235,37.3753611672648],[126.7591592218235,37.384354370902045],[126.76815242546074,37.384354370902045],[126.76815242546074,37.3753611672648],[126.7591592218235,37.3753611672648]]]}},{"type":"Feature","properties":{"jobs":1543,"pop":327,"pointCount":2,"homeWorkCommuteMedian":19813,"workHomeCommuteMedian":5616},"geometry":{"type":"Polygon","coordinates":[[[126.7591592218235,37.43831359272552],[126.7591592218235,37.44730679636277],[126.76815242546074,37.44730679636277],[126.76815242546074,37.43831359272552],[126.7591592218235,37.43831359272552]]]}},{"type":"Feature","properties":{"jobs":2199,"pop":1524,"pointCount":2,"homeWorkCommuteMedian":12429,"workHomeCommuteMedian":-1},"geometry":{"type":"Polygon","coordinates":[[[126.7591592218235,37.48327961091175],[126.7591592218235,37.492272814549],[126.76815242546074,37.492272814549],[126.76815242546074,37.48327961091175],[126.7591592218235,37.48327961091175]]]}},{"type":"Feature","properties":{"jobs":20949,"pop":690,"pointCount":4,"homeWorkCommuteMedian":5594,"workHomeCommuteMedian":5766},"geometry":{"type":"Polygon","coordinates":[[[126.7591592218235,37.492272814549],[126.7591592218235,37.50126601818624],[126.76815242546074,37.50126601818624],[126.76815242546074,37.492272814549],[126.7591592218235,37.492272814549]]]}},{"type":"Feature","properties":{"jobs":39728,"pop":4697,"pointCount":4,"homeWorkCommuteMedian":6658,"workHomeCommuteMedian":7008},"geometry":{"type":"Polygon","coordinates":[[[126.7591592218235,37.50126601818624],[126.7591592218235,37.51025922182349],[126.76815242546074,37.51025922182349],[126.76815242546074,37.50126601818624],[126.7591592218235,37.50126601818624]]]}},{"type":"Feature","properties":{"jobs":4833,"pop":602,"pointCount":2,"homeWorkCommuteMedian":6478,"workHomeCommuteMedian":6583},"geometry":{"type":"Polygon","coordinates":[[[126.7591592218235,37.51025922182349],[126.7591592218235,37.519252425460735],[126.76815242546074,37.519252425460735],[126.76815242546074,37.51025922182349],[126.7591592218235,37.51025922182349]]]}},{"type":"Feature","properties":{"jobs":1043,"pop":82,"pointCount":1,"homeWorkCommuteMedian":5974,"workHomeCommuteMedian":5637},"geometry":{"type":"Polygon","coordinates":[[[126.7591592218235,37.55522524000972],[126.7591592218235,37.564218443646965],[126.76815242546074,37.564218443646965],[126.76815242546074,37.55522524000972],[126.7591592218235,37.55522524000972]]]}},{"type":"Feature","properties":{"jobs":2239,"pop":1170,"pointCount":1,"homeWorkCommuteMedian":14194,"workHomeCommuteMedian":12391},"geometry":{"type":"Polygon","coordinates":[[[126.7591592218235,37.58220485092146],[126.7591592218235,37.5911980545587],[126.76815242546074,37.5911980545587],[126.76815242546074,37.58220485092146],[126.7591592218235,37.58220485092146]]]}},{"type":"Feature","properties":{"jobs":9661,"pop":5561,"pointCount":3,"homeWorkCommuteMedian":11427,"workHomeCommuteMedian":10843},"geometry":{"type":"Polygon","coordinates":[[[126.7591592218235,37.5911980545587],[126.7591592218235,37.60019125819595],[126.76815242546074,37.60019125819595],[126.76815242546074,37.5911980545587],[126.7591592218235,37.5911980545587]]]}},{"type":"Feature","properties":{"jobs":4288,"pop":3315,"pointCount":2,"homeWorkCommuteMedian":10561,"workHomeCommuteMedian":10395},"geometry":{"type":"Polygon","coordinates":[[[126.7591592218235,37.60019125819595],[126.7591592218235,37.609184461833195],[126.76815242546074,37.609184461833195],[126.76815242546074,37.60019125819595],[126.7591592218235,37.60019125819595]]]}},{"type":"Feature","properties":{"jobs":2607,"pop":630,"pointCount":1,"homeWorkCommuteMedian":8536,"workHomeCommuteMedian":8582},"geometry":{"type":"Polygon","coordinates":[[[126.76815242546074,37.294422334529585],[126.76815242546074,37.30341553816683],[126.77714562909799,37.30341553816683],[126.77714562909799,37.294422334529585],[126.76815242546074,37.294422334529585]]]}},{"type":"Feature","properties":{"jobs":26480,"pop":15813,"pointCount":3,"homeWorkCommuteMedian":7446,"workHomeCommuteMedian":7131},"geometry":{"type":"Polygon","coordinates":[[[126.76815242546074,37.33039514907857],[126.76815242546074,37.339388352715815],[126.77714562909799,37.339388352715815],[126.77714562909799,37.33039514907857],[126.76815242546074,37.33039514907857]]]}},{"type":"Feature","properties":{"jobs":6153,"pop":1183,"pointCount":2,"homeWorkCommuteMedian":7692,"workHomeCommuteMedian":6992},"geometry":{"type":"Polygon","coordinates":[[[126.76815242546074,37.34838155635306],[126.76815242546074,37.35737475999031],[126.77714562909799,37.35737475999031],[126.77714562909799,37.34838155635306],[126.76815242546074,37.34838155635306]]]}},{"type":"Feature","properties":{"jobs":5053,"pop":1495,"pointCount":1,"homeWorkCommuteMedian":7564,"workHomeCommuteMedian":7888},"geometry":{"type":"Polygon","coordinates":[[[126.76815242546074,37.35737475999031],[126.76815242546074,37.36636796362755],[126.77714562909799,37.36636796362755],[126.77714562909799,37.35737475999031],[126.76815242546074,37.35737475999031]]]}},{"type":"Feature","properties":{"jobs":3080,"pop":556,"pointCount":1,"homeWorkCommuteMedian":9846,"workHomeCommuteMedian":9364},"geometry":{"type":"Polygon","coordinates":[[[126.76815242546074,37.429320389088275],[126.76815242546074,37.43831359272552],[126.77714562909799,37.43831359272552],[126.77714562909799,37.429320389088275],[126.76815242546074,37.429320389088275]]]}},{"type":"Feature","properties":{"jobs":1886,"pop":552,"pointCount":2,"homeWorkCommuteMedian":13606,"workHomeCommuteMedian":-1},"geometry":{"type":"Polygon","coordinates":[[[126.76815242546074,37.474286407274505],[126.76815242546074,37.48327961091175],[126.77714562909799,37.48327961091175],[126.77714562909799,37.474286407274505],[126.76815242546074,37.474286407274505]]]}},{"type":"Feature","properties":{"jobs":55340,"pop":986,"pointCount":3,"homeWorkCommuteMedian":7131,"workHomeCommuteMedian":7632},"geometry":{"type":"Polygon","coordinates":[[[126.76815242546074,37.48327961091175],[126.76815242546074,37.492272814549],[126.77714562909799,37.492272814549],[126.77714562909799,37.48327961091175],[126.76815242546074,37.48327961091175]]]}},{"type":"Feature","properties":{"jobs":98836,"pop":4336,"pointCount":4,"homeWorkCommuteMedian":8845,"workHomeCommuteMedian":9566},"geometry":{"type":"Polygon","coordinates":[[[126.76815242546074,37.492272814549],[126.76815242546074,37.50126601818624],[126.77714562909799,37.50126601818624],[126.77714562909799,37.492272814549],[126.76815242546074,37.492272814549]]]}},{"type":"Feature","properties":{"jobs":79928,"pop":3070,"pointCount":4,"homeWorkCommuteMedian":8845,"workHomeCommuteMedian":8792},"geometry":{"type":"Polygon","coordinates":[[[126.76815242546074,37.50126601818624],[126.76815242546074,37.51025922182349],[126.77714562909799,37.51025922182349],[126.77714562909799,37.50126601818624],[126.76815242546074,37.50126601818624]]]}},{"type":"Feature","properties":{"jobs":21492,"pop":814,"pointCount":3,"homeWorkCommuteMedian":7531,"workHomeCommuteMedian":7230},"geometry":{"type":"Polygon","coordinates":[[[126.76815242546074,37.51025922182349],[126.76815242546074,37.519252425460735],[126.77714562909799,37.519252425460735],[126.77714562909799,37.51025922182349],[126.76815242546074,37.51025922182349]]]}},{"type":"Feature","properties":{"jobs":185,"pop":1098,"pointCount":1,"homeWorkCommuteMedian":8737,"workHomeCommuteMedian":-1},"geometry":{"type":"Polygon","coordinates":[[[126.76815242546074,37.519252425460735],[126.76815242546074,37.52824562909798],[126.77714562909799,37.52824562909798],[126.77714562909799,37.519252425460735],[126.76815242546074,37.519252425460735]]]}},{"type":"Feature","properties":{"jobs":14,"pop":172,"pointCount":1,"homeWorkCommuteMedian":5772,"workHomeCommuteMedian":-1},"geometry":{"type":"Polygon","coordinates":[[[126.76815242546074,37.57321164728421],[126.76815242546074,37.58220485092146],[126.77714562909799,37.58220485092146],[126.77714562909799,37.57321164728421],[126.76815242546074,37.57321164728421]]]}},{"type":"Feature","properties":{"jobs":3637,"pop":1467,"pointCount":2,"homeWorkCommuteMedian":14417,"workHomeCommuteMedian":13676},"geometry":{"type":"Polygon","coordinates":[[[126.76815242546074,37.5911980545587],[126.76815242546074,37.60019125819595],[126.77714562909799,37.60019125819595],[126.77714562909799,37.5911980545587],[126.76815242546074,37.5911980545587]]]}},{"type":"Feature","properties":{"jobs":6749,"pop":4235,"pointCount":3,"homeWorkCommuteMedian":12241,"workHomeCommuteMedian":11857},"geometry":{"type":"Polygon","coordinates":[[[126.76815242546074,37.60019125819595],[126.76815242546074,37.609184461833195],[126.77714562909799,37.609184461833195],[126.77714562909799,37.60019125819595],[126.76815242546074,37.60019125819595]]]}},{"type":"Feature","properties":{"jobs":4635,"pop":1908,"pointCount":1,"homeWorkCommuteMedian":6737,"workHomeCommuteMedian":7105},"geometry":{"type":"Polygon","coordinates":[[[126.77714562909799,37.294422334529585],[126.77714562909799,37.30341553816683],[126.78613883273523,37.30341553816683],[126.78613883273523,37.294422334529585],[126.77714562909799,37.294422334529585]]]}},{"type":"Feature","properties":{"jobs":1738,"pop":1072,"pointCount":1,"homeWorkCommuteMedian":8155,"workHomeCommuteMedian":7122},"geometry":{"type":"Polygon","coordinates":[[[126.77714562909799,37.30341553816683],[126.77714562909799,37.31240874180408],[126.78613883273523,37.31240874180408],[126.78613883273523,37.30341553816683],[126.77714562909799,37.30341553816683]]]}},{"type":"Feature","properties":{"jobs":11514,"pop":4976,"pointCount":4,"homeWorkCommuteMedian":5120,"workHomeCommuteMedian":4944},"geometry":{"type":"Polygon","coordinates":[[[126.77714562909799,37.33039514907857],[126.77714562909799,37.339388352715815],[126.78613883273523,37.339388352715815],[126.78613883273523,37.33039514907857],[126.77714562909799,37.33039514907857]]]}},{"type":"Feature","properties":{"jobs":24777,"pop":10420,"pointCount":4,"homeWorkCommuteMedian":8633,"workHomeCommuteMedian":8955},"geometry":{"type":"Polygon","coordinates":[[[126.77714562909799,37.339388352715815],[126.77714562909799,37.34838155635306],[126.78613883273523,37.34838155635306],[126.78613883273523,37.339388352715815],[126.77714562909799,37.339388352715815]]]}},{"type":"Feature","properties":{"jobs":20,"pop":573,"pointCount":1,"homeWorkCommuteMedian":29648,"workHomeCommuteMedian":-1},"geometry":{"type":"Polygon","coordinates":[[[126.77714562909799,37.34838155635306],[126.77714562909799,37.35737475999031],[126.78613883273523,37.35737475999031],[126.78613883273523,37.34838155635306],[126.77714562909799,37.34838155635306]]]}},{"type":"Feature","properties":{"jobs":5678,"pop":806,"pointCount":2,"homeWorkCommuteMedian":9511,"workHomeCommuteMedian":9073},"geometry":{"type":"Polygon","coordinates":[[[126.77714562909799,37.36636796362755],[126.77714562909799,37.3753611672648],[126.78613883273523,37.3753611672648],[126.78613883273523,37.36636796362755],[126.77714562909799,37.36636796362755]]]}},{"type":"Feature","properties":{"jobs":26105,"pop":14040,"pointCount":3,"homeWorkCommuteMedian":8155,"workHomeCommuteMedian":7991},"geometry":{"type":"Polygon","coordinates":[[[126.77714562909799,37.3753611672648],[126.77714562909799,37.384354370902045],[126.78613883273523,37.384354370902045],[126.78613883273523,37.3753611672648],[126.77714562909799,37.3753611672648]]]}},{"type":"Feature","properties":{"jobs":7451,"pop":1381,"pointCount":2,"homeWorkCommuteMedian":6254,"workHomeCommuteMedian":6447},"geometry":{"type":"Polygon","coordinates":[[[126.77714562909799,37.40234077817654],[126.77714562909799,37.41133398181378],[126.78613883273523,37.41133398181378],[126.78613883273523,37.40234077817654],[126.77714562909799,37.40234077817654]]]}},{"type":"Feature","properties":{"jobs":12,"pop":999,"pointCount":1,"homeWorkCommuteMedian":22133,"workHomeCommuteMedian":-1},"geometry":{"type":"Polygon","coordinates":[[[126.77714562909799,37.41133398181378],[126.77714562909799,37.42032718545103],[126.78613883273523,37.42032718545103],[126.78613883273523,37.41133398181378],[126.77714562909799,37.41133398181378]]]}},{"type":"Feature","properties":{"jobs":8231,"pop":2170,"pointCount":2,"homeWorkCommuteMedian":9889,"workHomeCommuteMedian":10004},"geometry":{"type":"Polygon","coordinates":[[[126.77714562909799,37.429320389088275],[126.77714562909799,37.43831359272552],[126.78613883273523,37.43831359272552],[126.78613883273523,37.429320389088275],[126.77714562909799,37.429320389088275]]]}},{"type":"Feature","properties":{"jobs":9692,"pop":2346,"pointCount":3,"homeWorkCommuteMedian":11256,"workHomeCommuteMedian":10489},"geometry":{"type":"Polygon","coordinates":[[[126.77714562909799,37.43831359272552],[126.77714562909799,37.44730679636277],[126.78613883273523,37.44730679636277],[126.78613883273523,37.43831359272552],[126.77714562909799,37.43831359272552]]]}},{"type":"Feature","properties":{"jobs":59444,"pop":1846,"pointCount":3,"homeWorkCommuteMedian":9319,"workHomeCommuteMedian":9072},"geometry":{"type":"Polygon","coordinates":[[[126.77714562909799,37.474286407274505],[126.77714562909799,37.48327961091175],[126.78613883273523,37.48327961091175],[126.78613883273523,37.474286407274505],[126.77714562909799,37.474286407274505]]]}},{"type":"Feature","properties":{"jobs":82505,"pop":2477,"pointCount":4,"homeWorkCommuteMedian":8900,"workHomeCommuteMedian":8507},"geometry":{"type":"Polygon","coordinates":[[[126.77714562909799,37.48327961091175],[126.77714562909799,37.492272814549],[126.78613883273523,37.492272814549],[126.78613883273523,37.48327961091175],[126.77714562909799,37.48327961091175]]]}},{"type":"Feature","properties":{"jobs":88056,"pop":2822,"pointCount":5,"homeWorkCommuteMedian":9815,"workHomeCommuteMedian":9117},"geometry":{"type":"Polygon","coordinates":[[[126.77714562909799,37.492272814549],[126.77714562909799,37.50126601818624],[126.78613883273523,37.50126601818624],[126.78613883273523,37.492272814549],[126.77714562909799,37.492272814549]]]}},{"type":"Feature","properties":{"jobs":36862,"pop":571,"pointCount":2,"homeWorkCommuteMedian":7818,"workHomeCommuteMedian":7801},"geometry":{"type":"Polygon","coordinates":[[[126.77714562909799,37.50126601818624],[126.77714562909799,37.51025922182349],[126.78613883273523,37.51025922182349],[126.78613883273523,37.50126601818624],[126.77714562909799,37.50126601818624]]]}},{"type":"Feature","properties":{"jobs":9148,"pop":22,"pointCount":1,"homeWorkCommuteMedian":4826,"workHomeCommuteMedian":4826},"geometry":{"type":"Polygon","coordinates":[[[126.77714562909799,37.51025922182349],[126.77714562909799,37.519252425460735],[126.78613883273523,37.519252425460735],[126.78613883273523,37.51025922182349],[126.77714562909799,37.51025922182349]]]}},{"type":"Feature","properties":{"jobs":32670,"pop":396,"pointCount":2,"homeWorkCommuteMedian":8762,"workHomeCommuteMedian":9740},"geometry":{"type":"Polygon","coordinates":[[[126.77714562909799,37.519252425460735],[126.77714562909799,37.52824562909798],[126.78613883273523,37.52824562909798],[126.78613883273523,37.519252425460735],[126.77714562909799,37.519252425460735]]]}},{"type":"Feature","properties":{"jobs":10825,"pop":46,"pointCount":1,"homeWorkCommuteMedian":8706,"workHomeCommuteMedian":12212},"geometry":{"type":"Polygon","coordinates":[[[126.77714562909799,37.52824562909798],[126.77714562909799,37.53723883273523],[126.78613883273523,37.53723883273523],[126.78613883273523,37.52824562909798],[126.77714562909799,37.52824562909798]]]}},{"type":"Feature","properties":{"jobs":135,"pop":535,"pointCount":1,"homeWorkCommuteMedian":7751,"workHomeCommuteMedian":-1},"geometry":{"type":"Polygon","coordinates":[[[126.77714562909799,37.53723883273523],[126.77714562909799,37.54623203637247],[126.78613883273523,37.54623203637247],[126.78613883273523,37.53723883273523],[126.77714562909799,37.53723883273523]]]}},{"type":"Feature","properties":{"jobs":26651,"pop":18752,"pointCount":1,"homeWorkCommuteMedian":7755,"workHomeCommuteMedian":7678},"geometry":{"type":"Polygon","coordinates":[[[126.78613883273523,37.294422334529585],[126.78613883273523,37.30341553816683],[126.79513203637248,37.30341553816683],[126.79513203637248,37.294422334529585],[126.78613883273523,37.294422334529585]]]}},{"type":"Feature","properties":{"jobs":24044,"pop":16844,"pointCount":1,"homeWorkCommuteMedian":7348,"workHomeCommuteMedian":7146},"geometry":{"type":"Polygon","coordinates":[[[126.78613883273523,37.30341553816683],[126.78613883273523,37.31240874180408],[126.79513203637248,37.31240874180408],[126.79513203637248,37.30341553816683],[126.78613883273523,37.30341553816683]]]}},{"type":"Feature","properties":{"jobs":1188,"pop":45,"pointCount":2,"homeWorkCommuteMedian":4219,"workHomeCommuteMedian":4219},"geometry":{"type":"Polygon","coordinates":[[[126.78613883273523,37.32140194544132],[126.78613883273523,37.33039514907857],[126.79513203637248,37.33039514907857],[126.79513203637248,37.32140194544132],[126.78613883273523,37.32140194544132]]]}},{"type":"Feature","properties":{"jobs":3732,"pop":453,"pointCount":4,"homeWorkCommuteMedian":4099,"workHomeCommuteMedian":3921},"geometry":{"type":"Polygon","coordinates":[[[126.78613883273523,37.33039514907857],[126.78613883273523,37.339388352715815],[126.79513203637248,37.339388352715815],[126.79513203637248,37.33039514907857],[126.78613883273523,37.33039514907857]]]}},{"type":"Feature","properties":{"jobs":527,"pop":20,"pointCount":1,"homeWorkCommuteMedian":4944,"workHomeCommuteMedian":4944},"geometry":{"type":"Polygon","coordinates":[[[126.78613883273523,37.339388352715815],[126.78613883273523,37.34838155635306],[126.79513203637248,37.34838155635306],[126.79513203637248,37.339388352715815],[126.78613883273523,37.339388352715815]]]}},{"type":"Feature","properties":{"jobs":20216,"pop":8217,"pointCount":3,"homeWorkCommuteMedian":9889,"workHomeCommuteMedian":9359},"geometry":{"type":"Polygon","coordinates":[[[126.78613883273523,37.36636796362755],[126.78613883273523,37.3753611672648],[126.79513203637248,37.3753611672648],[126.79513203637248,37.36636796362755],[126.78613883273523,37.36636796362755]]]}},{"type":"Feature","properties":{"jobs":19946,"pop":6586,"pointCount":4,"homeWorkCommuteMedian":8649,"workHomeCommuteMedian":8507},"geometry":{"type":"Polygon","coordinates":[[[126.78613883273523,37.3753611672648],[126.78613883273523,37.384354370902045],[126.79513203637248,37.384354370902045],[126.79513203637248,37.3753611672648],[126.78613883273523,37.3753611672648]]]}},{"type":"Feature","properties":{"jobs":2936,"pop":324,"pointCount":1,"homeWorkCommuteMedian":5191,"workHomeCommuteMedian":6447},"geometry":{"type":"Polygon","coordinates":[[[126.78613883273523,37.41133398181378],[126.78613883273523,37.42032718545103],[126.79513203637248,37.42032718545103],[126.79513203637248,37.41133398181378],[126.78613883273523,37.41133398181378]]]}},{"type":"Feature","properties":{"jobs":5456,"pop":1782,"pointCount":1,"homeWorkCommuteMedian":10181,"workHomeCommuteMedian":10258},"geometry":{"type":"Polygon","coordinates":[[[126.78613883273523,37.42032718545103],[126.78613883273523,37.429320389088275],[126.79513203637248,37.429320389088275],[126.79513203637248,37.42032718545103],[126.78613883273523,37.42032718545103]]]}},{"type":"Feature","properties":{"jobs":14656,"pop":3036,"pointCount":4,"homeWorkCommuteMedian":11569,"workHomeCommuteMedian":12371},"geometry":{"type":"Polygon","coordinates":[[[126.78613883273523,37.429320389088275],[126.78613883273523,37.43831359272552],[126.79513203637248,37.43831359272552],[126.79513203637248,37.429320389088275],[126.78613883273523,37.429320389088275]]]}},{"type":"Feature","properties":{"jobs":19602,"pop":5827,"pointCount":5,"homeWorkCommuteMedian":12325,"workHomeCommuteMedian":12279},"geometry":{"type":"Polygon","coordinates":[[[126.78613883273523,37.43831359272552],[126.78613883273523,37.44730679636277],[126.79513203637248,37.44730679636277],[126.79513203637248,37.43831359272552],[126.78613883273523,37.43831359272552]]]}},{"type":"Feature","properties":{"jobs":2532,"pop":370,"pointCount":1,"homeWorkCommuteMedian":12922,"workHomeCommuteMedian":12927},"geometry":{"type":"Polygon","coordinates":[[[126.78613883273523,37.44730679636277],[126.78613883273523,37.45630000000001],[126.79513203637248,37.45630000000001],[126.79513203637248,37.44730679636277],[126.78613883273523,37.44730679636277]]]}},{"type":"Feature","properties":{"jobs":3770,"pop":868,"pointCount":1,"homeWorkCommuteMedian":15400,"workHomeCommuteMedian":15770},"geometry":{"type":"Polygon","coordinates":[[[126.78613883273523,37.46529320363726],[126.78613883273523,37.474286407274505],[126.79513203637248,37.474286407274505],[126.79513203637248,37.46529320363726],[126.78613883273523,37.46529320363726]]]}},{"type":"Feature","properties":{"jobs":32857,"pop":1597,"pointCount":5,"homeWorkCommuteMedian":10856,"workHomeCommuteMedian":12920},"geometry":{"type":"Polygon","coordinates":[[[126.78613883273523,37.474286407274505],[126.78613883273523,37.48327961091175],[126.79513203637248,37.48327961091175],[126.79513203637248,37.474286407274505],[126.78613883273523,37.474286407274505]]]}},{"type":"Feature","properties":{"jobs":59816,"pop":1425,"pointCount":4,"homeWorkCommuteMedian":9750,"workHomeCommuteMedian":10012},"geometry":{"type":"Polygon","coordinates":[[[126.78613883273523,37.48327961091175],[126.78613883273523,37.492272814549],[126.79513203637248,37.492272814549],[126.79513203637248,37.48327961091175],[126.78613883273523,37.48327961091175]]]}},{"type":"Feature","properties":{"jobs":55116,"pop":1242,"pointCount":4,"homeWorkCommuteMedian":9117,"workHomeCommuteMedian":9269},"geometry":{"type":"Polygon","coordinates":[[[126.78613883273523,37.492272814549],[126.78613883273523,37.50126601818624],[126.79513203637248,37.50126601818624],[126.79513203637248,37.492272814549],[126.78613883273523,37.492272814549]]]}},{"type":"Feature","properties":{"jobs":45415,"pop":1282,"pointCount":3,"homeWorkCommuteMedian":10181,"workHomeCommuteMedian":10004},"geometry":{"type":"Polygon","coordinates":[[[126.78613883273523,37.51025922182349],[126.78613883273523,37.519252425460735],[126.79513203637248,37.519252425460735],[126.79513203637248,37.51025922182349],[126.78613883273523,37.51025922182349]]]}},{"type":"Feature","properties":{"jobs":40277,"pop":349,"pointCount":3,"homeWorkCommuteMedian":10395,"workHomeCommuteMedian":9181},"geometry":{"type":"Polygon","coordinates":[[[126.78613883273523,37.519252425460735],[126.78613883273523,37.52824562909798],[126.79513203637248,37.52824562909798],[126.79513203637248,37.519252425460735],[126.78613883273523,37.519252425460735]]]}},{"type":"Feature","properties":{"jobs":9295,"pop":23,"pointCount":1,"homeWorkCommuteMedian":7027,"workHomeCommuteMedian":7027},"geometry":{"type":"Polygon","coordinates":[[[126.78613883273523,37.52824562909798],[126.78613883273523,37.53723883273523],[126.79513203637248,37.53723883273523],[126.79513203637248,37.52824562909798],[126.78613883273523,37.52824562909798]]]}},{"type":"Feature","properties":{"jobs":722,"pop":48,"pointCount":1,"homeWorkCommuteMedian":6882,"workHomeCommuteMedian":6015},"geometry":{"type":"Polygon","coordinates":[[[126.79513203637248,37.31240874180408],[126.79513203637248,37.32140194544132],[126.80412524000972,37.32140194544132],[126.80412524000972,37.31240874180408],[126.79513203637248,37.31240874180408]]]}},{"type":"Feature","properties":{"jobs":39252,"pop":23823,"pointCount":4,"homeWorkCommuteMedian":4428,"workHomeCommuteMedian":4477},"geometry":{"type":"Polygon","coordinates":[[[126.79513203637248,37.32140194544132],[126.79513203637248,37.33039514907857],[126.80412524000972,37.33039514907857],[126.80412524000972,37.32140194544132],[126.79513203637248,37.32140194544132]]]}},{"type":"Feature","properties":{"jobs":8517,"pop":3225,"pointCount":3,"homeWorkCommuteMedian":4422,"workHomeCommuteMedian":4663},"geometry":{"type":"Polygon","coordinates":[[[126.79513203637248,37.33039514907857],[126.79513203637248,37.339388352715815],[126.80412524000972,37.339388352715815],[126.80412524000972,37.33039514907857],[126.79513203637248,37.33039514907857]]]}},{"type":"Feature","properties":{"jobs":10479,"pop":5616,"pointCount":2,"homeWorkCommuteMedian":4948,"workHomeCommuteMedian":4926},"geometry":{"type":"Polygon","coordinates":[[[126.79513203637248,37.339388352715815],[126.79513203637248,37.34838155635306],[126.80412524000972,37.34838155635306],[126.80412524000972,37.339388352715815],[126.79513203637248,37.339388352715815]]]}},{"type":"Feature","properties":{"jobs":4159,"pop":1013,"pointCount":1,"homeWorkCommuteMedian":9075,"workHomeCommuteMedian":9144},"geometry":{"type":"Polygon","coordinates":[[[126.79513203637248,37.35737475999031],[126.79513203637248,37.36636796362755],[126.80412524000972,37.36636796362755],[126.80412524000972,37.35737475999031],[126.79513203637248,37.35737475999031]]]}},{"type":"Feature","properties":{"jobs":7898,"pop":1756,"pointCount":2,"homeWorkCommuteMedian":9560,"workHomeCommuteMedian":9199},"geometry":{"type":"Polygon","coordinates":[[[126.79513203637248,37.36636796362755],[126.79513203637248,37.3753611672648],[126.80412524000972,37.3753611672648],[126.80412524000972,37.36636796362755],[126.79513203637248,37.36636796362755]]]}},{"type":"Feature","properties":{"jobs":16236,"pop":5129,"pointCount":4,"homeWorkCommuteMedian":8649,"workHomeCommuteMedian":8492},"geometry":{"type":"Polygon","coordinates":[[[126.79513203637248,37.3753611672648],[126.79513203637248,37.384354370902045],[126.80412524000972,37.384354370902045],[126.80412524000972,37.3753611672648],[126.79513203637248,37.3753611672648]]]}},{"type":"Feature","properties":{"jobs":2534,"pop":371,"pointCount":1,"homeWorkCommuteMedian":7027,"workHomeCommuteMedian":7531},"geometry":{"type":"Polygon","coordinates":[[[126.79513203637248,37.384354370902045],[126.79513203637248,37.39334757453929],[126.80412524000972,37.39334757453929],[126.80412524000972,37.384354370902045],[126.79513203637248,37.384354370902045]]]}},{"type":"Feature","properties":{"jobs":3564,"pop":706,"pointCount":1,"homeWorkCommuteMedian":6332,"workHomeCommuteMedian":7689},"geometry":{"type":"Polygon","coordinates":[[[126.79513203637248,37.39334757453929],[126.79513203637248,37.40234077817654],[126.80412524000972,37.40234077817654],[126.80412524000972,37.39334757453929],[126.79513203637248,37.39334757453929]]]}},{"type":"Feature","properties":{"jobs":47335,"pop":25126,"pointCount":4,"homeWorkCommuteMedian":11506,"workHomeCommuteMedian":11556},"geometry":{"type":"Polygon","coordinates":[[[126.79513203637248,37.429320389088275],[126.79513203637248,37.43831359272552],[126.80412524000972,37.43831359272552],[126.80412524000972,37.429320389088275],[126.79513203637248,37.429320389088275]]]}},{"type":"Feature","properties":{"jobs":25325,"pop":12283,"pointCount":3,"homeWorkCommuteMedian":11867,"workHomeCommuteMedian":12077},"geometry":{"type":"Polygon","coordinates":[[[126.79513203637248,37.43831359272552],[126.79513203637248,37.44730679636277],[126.80412524000972,37.44730679636277],[126.80412524000972,37.43831359272552],[126.79513203637248,37.43831359272552]]]}},{"type":"Feature","properties":{"jobs":2226,"pop":1150,"pointCount":2,"homeWorkCommuteMedian":14985,"workHomeCommuteMedian":12212},"geometry":{"type":"Polygon","coordinates":[[[126.79513203637248,37.44730679636277],[126.79513203637248,37.45630000000001],[126.80412524000972,37.45630000000001],[126.80412524000972,37.44730679636277],[126.79513203637248,37.44730679636277]]]}},{"type":"Feature","properties":{"jobs":13760,"pop":3122,"pointCount":4,"homeWorkCommuteMedian":15095,"workHomeCommuteMedian":15757},"geometry":{"type":"Polygon","coordinates":[[[126.79513203637248,37.46529320363726],[126.79513203637248,37.474286407274505],[126.80412524000972,37.474286407274505],[126.80412524000972,37.46529320363726],[126.79513203637248,37.46529320363726]]]}},{"type":"Feature","properties":{"jobs":28495,"pop":2147,"pointCount":3,"homeWorkCommuteMedian":15476,"workHomeCommuteMedian":14817},"geometry":{"type":"Polygon","coordinates":[[[126.79513203637248,37.474286407274505],[126.79513203637248,37.48327961091175],[126.80412524000972,37.48327961091175],[126.80412524000972,37.474286407274505],[126.79513203637248,37.474286407274505]]]}},{"type":"Feature","properties":{"jobs":5747,"pop":0,"pointCount":1,"homeWorkCommuteMedian":-1,"workHomeCommuteMedian":16221},"geometry":{"type":"Polygon","coordinates":[[[126.79513203637248,37.48327961091175],[126.79513203637248,37.492272814549],[126.80412524000972,37.492272814549],[126.80412524000972,37.48327961091175],[126.79513203637248,37.48327961091175]]]}},{"type":"Feature","properties":{"jobs":52601,"pop":942,"pointCount":3,"homeWorkCommuteMedian":10368,"workHomeCommuteMedian":10727},"geometry":{"type":"Polygon","coordinates":[[[126.79513203637248,37.51025922182349],[126.79513203637248,37.519252425460735],[126.80412524000972,37.519252425460735],[126.80412524000972,37.51025922182349],[126.79513203637248,37.51025922182349]]]}},{"type":"Feature","properties":{"jobs":75693,"pop":1909,"pointCount":4,"homeWorkCommuteMedian":11056,"workHomeCommuteMedian":10325},"geometry":{"type":"Polygon","coordinates":[[[126.79513203637248,37.519252425460735],[126.79513203637248,37.52824562909798],[126.80412524000972,37.52824562909798],[126.80412524000972,37.519252425460735],[126.79513203637248,37.519252425460735]]]}},{"type":"Feature","properties":{"jobs":50755,"pop":0,"pointCount":2,"homeWorkCommuteMedian":-1,"workHomeCommuteMedian":21033},"geometry":{"type":"Polygon","coordinates":[[[126.79513203637248,37.55522524000972],[126.79513203637248,37.564218443646965],[126.80412524000972,37.564218443646965],[126.80412524000972,37.55522524000972],[126.79513203637248,37.55522524000972]]]}},{"type":"Feature","properties":{"jobs":12147,"pop":0,"pointCount":1,"homeWorkCommuteMedian":-1,"workHomeCommuteMedian":23254},"geometry":{"type":"Polygon","coordinates":[[[126.79513203637248,37.564218443646965],[126.79513203637248,37.57321164728421],[126.80412524000972,37.57321164728421],[126.80412524000972,37.564218443646965],[126.79513203637248,37.564218443646965]]]}},{"type":"Feature","properties":{"jobs":888,"pop":43,"pointCount":1,"homeWorkCommuteMedian":9938,"workHomeCommuteMedian":9369},"geometry":{"type":"Polygon","coordinates":[[[126.80412524000972,37.28542913089234],[126.80412524000972,37.294422334529585],[126.81311844364697,37.294422334529585],[126.81311844364697,37.28542913089234],[126.80412524000972,37.28542913089234]]]}},{"type":"Feature","properties":{"jobs":2335,"pop":307,"pointCount":2,"homeWorkCommuteMedian":6763,"workHomeCommuteMedian":6527},"geometry":{"type":"Polygon","coordinates":[[[126.80412524000972,37.294422334529585],[126.80412524000972,37.30341553816683],[126.81311844364697,37.30341553816683],[126.81311844364697,37.294422334529585],[126.80412524000972,37.294422334529585]]]}},{"type":"Feature","properties":{"jobs":12395,"pop":6447,"pointCount":2,"homeWorkCommuteMedian":5497,"workHomeCommuteMedian":5634},"geometry":{"type":"Polygon","coordinates":[[[126.80412524000972,37.30341553816683],[126.80412524000972,37.31240874180408],[126.81311844364697,37.31240874180408],[126.81311844364697,37.30341553816683],[126.80412524000972,37.30341553816683]]]}},{"type":"Feature","properties":{"jobs":3991,"pop":1347,"pointCount":2,"homeWorkCommuteMedian":3989,"workHomeCommuteMedian":3998},"geometry":{"type":"Polygon","coordinates":[[[126.80412524000972,37.31240874180408],[126.80412524000972,37.32140194544132],[126.81311844364697,37.32140194544132],[126.81311844364697,37.31240874180408],[126.80412524000972,37.31240874180408]]]}},{"type":"Feature","properties":{"jobs":12707,"pop":5876,"pointCount":3,"homeWorkCommuteMedian":3817,"workHomeCommuteMedian":3913},"geometry":{"type":"Polygon","coordinates":[[[126.80412524000972,37.32140194544132],[126.80412524000972,37.33039514907857],[126.81311844364697,37.33039514907857],[126.81311844364697,37.32140194544132],[126.80412524000972,37.32140194544132]]]}},{"type":"Feature","properties":{"jobs":19746,"pop":8925,"pointCount":5,"homeWorkCommuteMedian":4261,"workHomeCommuteMedian":4253},"geometry":{"type":"Polygon","coordinates":[[[126.80412524000972,37.33039514907857],[126.80412524000972,37.339388352715815],[126.81311844364697,37.339388352715815],[126.81311844364697,37.33039514907857],[126.80412524000972,37.33039514907857]]]}},{"type":"Feature","properties":{"jobs":20282,"pop":9179,"pointCount":4,"homeWorkCommuteMedian":5299,"workHomeCommuteMedian":5237},"geometry":{"type":"Polygon","coordinates":[[[126.80412524000972,37.339388352715815],[126.80412524000972,37.34838155635306],[126.81311844364697,37.34838155635306],[126.81311844364697,37.339388352715815],[126.80412524000972,37.339388352715815]]]}},{"type":"Feature","properties":{"jobs":8369,"pop":2888,"pointCount":2,"homeWorkCommuteMedian":9505,"workHomeCommuteMedian":9502},"geometry":{"type":"Polygon","coordinates":[[[126.80412524000972,37.35737475999031],[126.80412524000972,37.36636796362755],[126.81311844364697,37.36636796362755],[126.81311844364697,37.35737475999031],[126.80412524000972,37.35737475999031]]]}},{"type":"Feature","properties":{"jobs":11674,"pop":2265,"pointCount":4,"homeWorkCommuteMedian":8619,"workHomeCommuteMedian":8990},"geometry":{"type":"Polygon","coordinates":[[[126.80412524000972,37.36636796362755],[126.80412524000972,37.3753611672648],[126.81311844364697,37.3753611672648],[126.81311844364697,37.36636796362755],[126.80412524000972,37.36636796362755]]]}},{"type":"Feature","properties":{"jobs":13163,"pop":4255,"pointCount":3,"homeWorkCommuteMedian":7531,"workHomeCommuteMedian":7448},"geometry":{"type":"Polygon","coordinates":[[[126.80412524000972,37.384354370902045],[126.80412524000972,37.39334757453929],[126.81311844364697,37.39334757453929],[126.81311844364697,37.384354370902045],[126.80412524000972,37.384354370902045]]]}},{"type":"Feature","properties":{"jobs":5084,"pop":1529,"pointCount":1,"homeWorkCommuteMedian":7838,"workHomeCommuteMedian":7875},"geometry":{"type":"Polygon","coordinates":[[[126.80412524000972,37.39334757453929],[126.80412524000972,37.40234077817654],[126.81311844364697,37.40234077817654],[126.81311844364697,37.39334757453929],[126.80412524000972,37.39334757453929]]]}},{"type":"Feature","properties":{"jobs":10493,"pop":1881,"pointCount":3,"homeWorkCommuteMedian":8262,"workHomeCommuteMedian":9408},"geometry":{"type":"Polygon","coordinates":[[[126.80412524000972,37.41133398181378],[126.80412524000972,37.42032718545103],[126.81311844364697,37.42032718545103],[126.81311844364697,37.41133398181378],[126.80412524000972,37.41133398181378]]]}},{"type":"Feature","properties":{"jobs":5597,"pop":2915,"pointCount":2,"homeWorkCommuteMedian":11867,"workHomeCommuteMedian":11383},"geometry":{"type":"Polygon","coordinates":[[[126.80412524000972,37.429320389088275],[126.80412524000972,37.43831359272552],[126.81311844364697,37.43831359272552],[126.81311844364697,37.429320389088275],[126.80412524000972,37.429320389088275]]]}},{"type":"Feature","properties":{"jobs":1921,"pop":338,"pointCount":1,"homeWorkCommuteMedian":14460,"workHomeCommuteMedian":15001},"geometry":{"type":"Polygon","coordinates":[[[126.80412524000972,37.43831359272552],[126.80412524000972,37.44730679636277],[126.81311844364697,37.44730679636277],[126.81311844364697,37.43831359272552],[126.80412524000972,37.43831359272552]]]}},{"type":"Feature","properties":{"jobs":7017,"pop":998,"pointCount":3,"homeWorkCommuteMedian":14867,"workHomeCommuteMedian":15276},"geometry":{"type":"Polygon","coordinates":[[[126.80412524000972,37.45630000000001],[126.80412524000972,37.46529320363726],[126.81311844364697,37.46529320363726],[126.81311844364697,37.45630000000001],[126.80412524000972,37.45630000000001]]]}},{"type":"Feature","properties":{"jobs":12066,"pop":4167,"pointCount":3,"homeWorkCommuteMedian":15246,"workHomeCommuteMedian":15946},"geometry":{"type":"Polygon","coordinates":[[[126.80412524000972,37.46529320363726],[126.80412524000972,37.474286407274505],[126.81311844364697,37.474286407274505],[126.81311844364697,37.46529320363726],[126.80412524000972,37.46529320363726]]]}},{"type":"Feature","properties":{"jobs":825,"pop":121,"pointCount":1,"homeWorkCommuteMedian":12000,"workHomeCommuteMedian":-1},"geometry":{"type":"Polygon","coordinates":[[[126.80412524000972,37.474286407274505],[126.80412524000972,37.48327961091175],[126.81311844364697,37.48327961091175],[126.81311844364697,37.474286407274505],[126.80412524000972,37.474286407274505]]]}},{"type":"Feature","properties":{"jobs":2103,"pop":919,"pointCount":3,"homeWorkCommuteMedian":15244,"workHomeCommuteMedian":-1},"geometry":{"type":"Polygon","coordinates":[[[126.80412524000972,37.48327961091175],[126.80412524000972,37.492272814549],[126.81311844364697,37.492272814549],[126.81311844364697,37.48327961091175],[126.80412524000972,37.48327961091175]]]}},{"type":"Feature","properties":{"jobs":11513,"pop":49,"pointCount":1,"homeWorkCommuteMedian":15400,"workHomeCommuteMedian":12172},"geometry":{"type":"Polygon","coordinates":[[[126.80412524000972,37.50126601818624],[126.80412524000972,37.51025922182349],[126.81311844364697,37.51025922182349],[126.81311844364697,37.50126601818624],[126.80412524000972,37.50126601818624]]]}},{"type":"Feature","properties":{"jobs":33527,"pop":1423,"pointCount":3,"homeWorkCommuteMedian":10479,"workHomeCommuteMedian":10619},"geometry":{"type":"Polygon","coordinates":[[[126.80412524000972,37.51025922182349],[126.80412524000972,37.519252425460735],[126.81311844364697,37.519252425460735],[126.81311844364697,37.51025922182349],[126.80412524000972,37.51025922182349]]]}},{"type":"Feature","properties":{"jobs":4276,"pop":320,"pointCount":5,"homeWorkCommuteMedian":5766,"workHomeCommuteMedian":5415},"geometry":{"type":"Polygon","coordinates":[[[126.80412524000972,37.519252425460735],[126.80412524000972,37.52824562909798],[126.81311844364697,37.52824562909798],[126.81311844364697,37.519252425460735],[126.80412524000972,37.519252425460735]]]}},{"type":"Feature","properties":{"jobs":318,"pop":174,"pointCount":1,"homeWorkCommuteMedian":4326,"workHomeCommuteMedian":-1},"geometry":{"type":"Polygon","coordinates":[[[126.80412524000972,37.52824562909798],[126.80412524000972,37.53723883273523],[126.81311844364697,37.53723883273523],[126.81311844364697,37.52824562909798],[126.80412524000972,37.52824562909798]]]}},{"type":"Feature","properties":{"jobs":330,"pop":27,"pointCount":1,"homeWorkCommuteMedian":22407,"workHomeCommuteMedian":22407},"geometry":{"type":"Polygon","coordinates":[[[126.80412524000972,37.61817766547044],[126.80412524000972,37.62717086910769],[126.81311844364697,37.62717086910769],[126.81311844364697,37.61817766547044],[126.80412524000972,37.61817766547044]]]}},{"type":"Feature","properties":{"jobs":6377,"pop":2224,"pointCount":3,"homeWorkCommuteMedian":7818,"workHomeCommuteMedian":7531},"geometry":{"type":"Polygon","coordinates":[[[126.81311844364697,37.28542913089234],[126.81311844364697,37.294422334529585],[126.82211164728422,37.294422334529585],[126.82211164728422,37.28542913089234],[126.81311844364697,37.28542913089234]]]}},{"type":"Feature","properties":{"jobs":8224,"pop":3005,"pointCount":4,"homeWorkCommuteMedian":6696,"workHomeCommuteMedian":6509},"geometry":{"type":"Polygon","coordinates":[[[126.81311844364697,37.294422334529585],[126.81311844364697,37.30341553816683],[126.82211164728422,37.30341553816683],[126.82211164728422,37.294422334529585],[126.81311844364697,37.294422334529585]]]}},{"type":"Feature","properties":{"jobs":22898,"pop":11852,"pointCount":4,"homeWorkCommuteMedian":4691,"workHomeCommuteMedian":4841},"geometry":{"type":"Polygon","coordinates":[[[126.81311844364697,37.30341553816683],[126.81311844364697,37.31240874180408],[126.82211164728422,37.31240874180408],[126.82211164728422,37.30341553816683],[126.81311844364697,37.30341553816683]]]}},{"type":"Feature","properties":{"jobs":4858,"pop":1150,"pointCount":3,"homeWorkCommuteMedian":3974,"workHomeCommuteMedian":4094},"geometry":{"type":"Polygon","coordinates":[[[126.81311844364697,37.31240874180408],[126.81311844364697,37.32140194544132],[126.82211164728422,37.32140194544132],[126.82211164728422,37.31240874180408],[126.81311844364697,37.31240874180408]]]}},{"type":"Feature","properties":{"jobs":10215,"pop":4363,"pointCount":3,"homeWorkCommuteMedian":3137,"workHomeCommuteMedian":3052},"geometry":{"type":"Polygon","coordinates":[[[126.81311844364697,37.32140194544132],[126.81311844364697,37.33039514907857],[126.82211164728422,37.33039514907857],[126.82211164728422,37.32140194544132],[126.81311844364697,37.32140194544132]]]}},{"type":"Feature","properties":{"jobs":23702,"pop":11764,"pointCount":4,"homeWorkCommuteMedian":4077,"workHomeCommuteMedian":3981},"geometry":{"type":"Polygon","coordinates":[[[126.81311844364697,37.33039514907857],[126.81311844364697,37.339388352715815],[126.82211164728422,37.339388352715815],[126.82211164728422,37.33039514907857],[126.81311844364697,37.33039514907857]]]}},{"type":"Feature","properties":{"jobs":102288,"pop":68777,"pointCount":4,"homeWorkCommuteMedian":6634,"workHomeCommuteMedian":6597},"geometry":{"type":"Polygon","coordinates":[[[126.81311844364697,37.339388352715815],[126.81311844364697,37.34838155635306],[126.82211164728422,37.34838155635306],[126.82211164728422,37.339388352715815],[126.81311844364697,37.339388352715815]]]}},{"type":"Feature","properties":{"jobs":1331,"pop":144,"pointCount":1,"homeWorkCommuteMedian":8979,"workHomeCommuteMedian":8202},"geometry":{"type":"Polygon","coordinates":[[[126.81311844364697,37.34838155635306],[126.81311844364697,37.35737475999031],[126.82211164728422,37.35737475999031],[126.82211164728422,37.34838155635306],[126.81311844364697,37.34838155635306]]]}},{"type":"Feature","properties":{"jobs":2426,"pop":314,"pointCount":1,"homeWorkCommuteMedian":9957,"workHomeCommuteMedian":11533},"geometry":{"type":"Polygon","coordinates":[[[126.81311844364697,37.35737475999031],[126.81311844364697,37.36636796362755],[126.82211164728422,37.36636796362755],[126.82211164728422,37.35737475999031],[126.81311844364697,37.35737475999031]]]}},{"type":"Feature","properties":{"jobs":6571,"pop":2022,"pointCount":1,"homeWorkCommuteMedian":8019,"workHomeCommuteMedian":7911},"geometry":{"type":"Polygon","coordinates":[[[126.81311844364697,37.40234077817654],[126.81311844364697,37.41133398181378],[126.82211164728422,37.41133398181378],[126.82211164728422,37.40234077817654],[126.81311844364697,37.40234077817654]]]}},{"type":"Feature","properties":{"jobs":4638,"pop":970,"pointCount":1,"homeWorkCommuteMedian":6891,"workHomeCommuteMedian":7433},"geometry":{"type":"Polygon","coordinates":[[[126.81311844364697,37.41133398181378],[126.81311844364697,37.42032718545103],[126.82211164728422,37.42032718545103],[126.82211164728422,37.41133398181378],[126.81311844364697,37.41133398181378]]]}},{"type":"Feature","properties":{"jobs":2476,"pop":665,"pointCount":1,"homeWorkCommuteMedian":7868,"workHomeCommuteMedian":7973},"geometry":{"type":"Polygon","coordinates":[[[126.81311844364697,37.45630000000001],[126.81311844364697,37.46529320363726],[126.82211164728422,37.46529320363726],[126.82211164728422,37.45630000000001],[126.81311844364697,37.45630000000001]]]}},{"type":"Feature","properties":{"jobs":993,"pop":148,"pointCount":1,"homeWorkCommuteMedian":13196,"workHomeCommuteMedian":-1},"geometry":{"type":"Polygon","coordinates":[[[126.81311844364697,37.474286407274505],[126.81311844364697,37.48327961091175],[126.82211164728422,37.48327961091175],[126.82211164728422,37.474286407274505],[126.81311844364697,37.474286407274505]]]}},{"type":"Feature","properties":{"jobs":4984,"pop":937,"pointCount":2,"homeWorkCommuteMedian":6447,"workHomeCommuteMedian":5637},"geometry":{"type":"Polygon","coordinates":[[[126.81311844364697,37.492272814549],[126.81311844364697,37.50126601818624],[126.82211164728422,37.50126601818624],[126.82211164728422,37.492272814549],[126.81311844364697,37.492272814549]]]}},{"type":"Feature","properties":{"jobs":3555,"pop":346,"pointCount":3,"homeWorkCommuteMedian":4557,"workHomeCommuteMedian":4691},"geometry":{"type":"Polygon","coordinates":[[[126.81311844364697,37.519252425460735],[126.81311844364697,37.52824562909798],[126.82211164728422,37.52824562909798],[126.82211164728422,37.519252425460735],[126.81311844364697,37.519252425460735]]]}},{"type":"Feature","properties":{"jobs":374,"pop":1118,"pointCount":2,"homeWorkCommuteMedian":6694,"workHomeCommuteMedian":-1},"geometry":{"type":"Polygon","coordinates":[[[126.81311844364697,37.52824562909798],[126.81311844364697,37.53723883273523],[126.82211164728422,37.53723883273523],[126.82211164728422,37.52824562909798],[126.81311844364697,37.52824562909798]]]}},{"type":"Feature","properties":{"jobs":132,"pop":530,"pointCount":1,"homeWorkCommuteMedian":7991,"workHomeCommuteMedian":-1},"geometry":{"type":"Polygon","coordinates":[[[126.81311844364697,37.60019125819595],[126.81311844364697,37.609184461833195],[126.82211164728422,37.609184461833195],[126.82211164728422,37.60019125819595],[126.81311844364697,37.60019125819595]]]}},{"type":"Feature","properties":{"jobs":19420,"pop":11987,"pointCount":4,"homeWorkCommuteMedian":17746,"workHomeCommuteMedian":17692},"geometry":{"type":"Polygon","coordinates":[[[126.81311844364697,37.61817766547044],[126.81311844364697,37.62717086910769],[126.82211164728422,37.62717086910769],[126.82211164728422,37.61817766547044],[126.81311844364697,37.61817766547044]]]}},{"type":"Feature","properties":{"jobs":2198,"pop":1267,"pointCount":1,"homeWorkCommuteMedian":6871,"workHomeCommuteMedian":6450},"geometry":{"type":"Polygon","coordinates":[[[126.82211164728422,37.28542913089234],[126.82211164728422,37.294422334529585],[126.83110485092146,37.294422334529585],[126.83110485092146,37.28542913089234],[126.82211164728422,37.28542913089234]]]}},{"type":"Feature","properties":{"jobs":2786,"pop":504,"pointCount":2,"homeWorkCommuteMedian":6242,"workHomeCommuteMedian":6673},"geometry":{"type":"Polygon","coordinates":[[[126.82211164728422,37.294422334529585],[126.82211164728422,37.30341553816683],[126.83110485092146,37.30341553816683],[126.83110485092146,37.294422334529585],[126.82211164728422,37.294422334529585]]]}},{"type":"Feature","properties":{"jobs":16374,"pop":7198,"pointCount":4,"homeWorkCommuteMedian":4809,"workHomeCommuteMedian":4912},"geometry":{"type":"Polygon","coordinates":[[[126.82211164728422,37.30341553816683],[126.82211164728422,37.31240874180408],[126.83110485092146,37.31240874180408],[126.83110485092146,37.30341553816683],[126.82211164728422,37.30341553816683]]]}},{"type":"Feature","properties":{"jobs":11883,"pop":4244,"pointCount":5,"homeWorkCommuteMedian":3569,"workHomeCommuteMedian":3565},"geometry":{"type":"Polygon","coordinates":[[[126.82211164728422,37.31240874180408],[126.82211164728422,37.32140194544132],[126.83110485092146,37.32140194544132],[126.83110485092146,37.31240874180408],[126.82211164728422,37.31240874180408]]]}},{"type":"Feature","properties":{"jobs":13311,"pop":6762,"pointCount":3,"homeWorkCommuteMedian":3325,"workHomeCommuteMedian":3304},"geometry":{"type":"Polygon","coordinates":[[[126.82211164728422,37.32140194544132],[126.82211164728422,37.33039514907857],[126.83110485092146,37.33039514907857],[126.83110485092146,37.32140194544132],[126.82211164728422,37.32140194544132]]]}},{"type":"Feature","properties":{"jobs":33371,"pop":18981,"pointCount":4,"homeWorkCommuteMedian":4477,"workHomeCommuteMedian":4422},"geometry":{"type":"Polygon","coordinates":[[[126.82211164728422,37.33039514907857],[126.82211164728422,37.339388352715815],[126.83110485092146,37.339388352715815],[126.83110485092146,37.33039514907857],[126.82211164728422,37.33039514907857]]]}},{"type":"Feature","properties":{"jobs":8701,"pop":3552,"pointCount":2,"homeWorkCommuteMedian":4691,"workHomeCommuteMedian":4673},"geometry":{"type":"Polygon","coordinates":[[[126.82211164728422,37.339388352715815],[126.82211164728422,37.34838155635306],[126.83110485092146,37.34838155635306],[126.83110485092146,37.339388352715815],[126.82211164728422,37.339388352715815]]]}},{"type":"Feature","properties":{"jobs":868,"pop":804,"pointCount":2,"homeWorkCommuteMedian":21031,"workHomeCommuteMedian":11639},"geometry":{"type":"Polygon","coordinates":[[[126.82211164728422,37.34838155635306],[126.82211164728422,37.35737475999031],[126.83110485092146,37.35737475999031],[126.83110485092146,37.34838155635306],[126.82211164728422,37.34838155635306]]]}},{"type":"Feature","properties":{"jobs":57,"pop":396,"pointCount":1,"homeWorkCommuteMedian":23254,"workHomeCommuteMedian":-1},"geometry":{"type":"Polygon","coordinates":[[[126.82211164728422,37.40234077817654],[126.82211164728422,37.41133398181378],[126.83110485092146,37.41133398181378],[126.83110485092146,37.40234077817654],[126.82211164728422,37.40234077817654]]]}},{"type":"Feature","properties":{"jobs":13173,"pop":4494,"pointCount":2,"homeWorkCommuteMedian":8942,"workHomeCommuteMedian":8276},"geometry":{"type":"Polygon","coordinates":[[[126.82211164728422,37.45630000000001],[126.82211164728422,37.46529320363726],[126.83110485092146,37.46529320363726],[126.83110485092146,37.45630000000001],[126.82211164728422,37.45630000000001]]]}},{"type":"Feature","properties":{"jobs":2,"pop":373,"pointCount":1,"homeWorkCommuteMedian":14466,"workHomeCommuteMedian":-1},"geometry":{"type":"Polygon","coordinates":[[[126.82211164728422,37.46529320363726],[126.82211164728422,37.474286407274505],[126.83110485092146,37.474286407274505],[126.83110485092146,37.46529320363726],[126.82211164728422,37.46529320363726]]]}},{"type":"Feature","properties":{"jobs":3968,"pop":364,"pointCount":2,"homeWorkCommuteMedian":5974,"workHomeCommuteMedian":6166},"geometry":{"type":"Polygon","coordinates":[[[126.82211164728422,37.48327961091175],[126.82211164728422,37.492272814549],[126.83110485092146,37.492272814549],[126.83110485092146,37.48327961091175],[126.82211164728422,37.48327961091175]]]}},{"type":"Feature","properties":{"jobs":10597,"pop":2586,"pointCount":3,"homeWorkCommuteMedian":4944,"workHomeCommuteMedian":4201},"geometry":{"type":"Polygon","coordinates":[[[126.82211164728422,37.492272814549],[126.82211164728422,37.50126601818624],[126.83110485092146,37.50126601818624],[126.83110485092146,37.492272814549],[126.82211164728422,37.492272814549]]]}},{"type":"Feature","properties":{"jobs":1299,"pop":94,"pointCount":1,"homeWorkCommuteMedian":4997,"workHomeCommuteMedian":5065},"geometry":{"type":"Polygon","coordinates":[[[126.82211164728422,37.50126601818624],[126.82211164728422,37.51025922182349],[126.83110485092146,37.51025922182349],[126.83110485092146,37.50126601818624],[126.82211164728422,37.50126601818624]]]}},{"type":"Feature","properties":{"jobs":2249,"pop":140,"pointCount":2,"homeWorkCommuteMedian":4234,"workHomeCommuteMedian":4944},"geometry":{"type":"Polygon","coordinates":[[[126.82211164728422,37.51025922182349],[126.82211164728422,37.519252425460735],[126.83110485092146,37.519252425460735],[126.83110485092146,37.51025922182349],[126.82211164728422,37.51025922182349]]]}},{"type":"Feature","properties":{"jobs":4149,"pop":697,"pointCount":2,"homeWorkCommuteMedian":5602,"workHomeCommuteMedian":5411},"geometry":{"type":"Polygon","coordinates":[[[126.82211164728422,37.519252425460735],[126.82211164728422,37.52824562909798],[126.83110485092146,37.52824562909798],[126.83110485092146,37.519252425460735],[126.82211164728422,37.519252425460735]]]}},{"type":"Feature","properties":{"jobs":2899,"pop":68,"pointCount":3,"homeWorkCommuteMedian":2958,"workHomeCommuteMedian":3470},"geometry":{"type":"Polygon","coordinates":[[[126.82211164728422,37.52824562909798],[126.82211164728422,37.53723883273523],[126.83110485092146,37.53723883273523],[126.83110485092146,37.52824562909798],[126.82211164728422,37.52824562909798]]]}},{"type":"Feature","properties":{"jobs":5886,"pop":4106,"pointCount":1,"homeWorkCommuteMedian":18886,"workHomeCommuteMedian":18829},"geometry":{"type":"Polygon","coordinates":[[[126.82211164728422,37.61817766547044],[126.82211164728422,37.62717086910769],[126.83110485092146,37.62717086910769],[126.83110485092146,37.61817766547044],[126.82211164728422,37.61817766547044]]]}},{"type":"Feature","properties":{"jobs":3858,"pop":2538,"pointCount":2,"homeWorkCommuteMedian":6254,"workHomeCommuteMedian":7018},"geometry":{"type":"Polygon","coordinates":[[[126.83110485092146,37.294422334529585],[126.83110485092146,37.30341553816683],[126.84009805455871,37.30341553816683],[126.84009805455871,37.294422334529585],[126.83110485092146,37.294422334529585]]]}},{"type":"Feature","properties":{"jobs":29070,"pop":15660,"pointCount":4,"homeWorkCommuteMedian":5122,"workHomeCommuteMedian":5225},"geometry":{"type":"Polygon","coordinates":[[[126.83110485092146,37.30341553816683],[126.83110485092146,37.31240874180408],[126.84009805455871,37.31240874180408],[126.84009805455871,37.30341553816683],[126.83110485092146,37.30341553816683]]]}},{"type":"Feature","properties":{"jobs":17258,"pop":8275,"pointCount":4,"homeWorkCommuteMedian":4477,"workHomeCommuteMedian":4359},"geometry":{"type":"Polygon","coordinates":[[[126.83110485092146,37.31240874180408],[126.83110485092146,37.32140194544132],[126.84009805455871,37.32140194544132],[126.84009805455871,37.31240874180408],[126.83110485092146,37.31240874180408]]]}},{"type":"Feature","properties":{"jobs":16191,"pop":13582,"pointCount":4,"homeWorkCommuteMedian":5364,"workHomeCommuteMedian":4400},"geometry":{"type":"Polygon","coordinates":[[[126.83110485092146,37.32140194544132],[126.83110485092146,37.33039514907857],[126.84009805455871,37.33039514907857],[126.84009805455871,37.32140194544132],[126.83110485092146,37.32140194544132]]]}},{"type":"Feature","properties":{"jobs":608,"pop":158,"pointCount":1,"homeWorkCommuteMedian":15046,"workHomeCommuteMedian":3496},"geometry":{"type":"Polygon","coordinates":[[[126.83110485092146,37.33039514907857],[126.83110485092146,37.339388352715815],[126.84009805455871,37.339388352715815],[126.84009805455871,37.33039514907857],[126.83110485092146,37.33039514907857]]]}},{"type":"Feature","properties":{"jobs":2449,"pop":318,"pointCount":1,"homeWorkCommuteMedian":11499,"workHomeCommuteMedian":11638},"geometry":{"type":"Polygon","coordinates":[[[126.83110485092146,37.36636796362755],[126.83110485092146,37.3753611672648],[126.84009805455871,37.3753611672648],[126.84009805455871,37.36636796362755],[126.83110485092146,37.36636796362755]]]}},{"type":"Feature","properties":{"jobs":253,"pop":165,"pointCount":1,"homeWorkCommuteMedian":13552,"workHomeCommuteMedian":-1},"geometry":{"type":"Polygon","coordinates":[[[126.83110485092146,37.46529320363726],[126.83110485092146,37.474286407274505],[126.84009805455871,37.474286407274505],[126.84009805455871,37.46529320363726],[126.83110485092146,37.46529320363726]]]}},{"type":"Feature","properties":{"jobs":12151,"pop":4346,"pointCount":2,"homeWorkCommuteMedian":5933,"workHomeCommuteMedian":5671},"geometry":{"type":"Polygon","coordinates":[[[126.83110485092146,37.474286407274505],[126.83110485092146,37.48327961091175],[126.84009805455871,37.48327961091175],[126.84009805455871,37.474286407274505],[126.83110485092146,37.474286407274505]]]}},{"type":"Feature","properties":{"jobs":19111,"pop":7130,"pointCount":3,"homeWorkCommuteMedian":5637,"workHomeCommuteMedian":5130},"geometry":{"type":"Polygon","coordinates":[[[126.83110485092146,37.48327961091175],[126.83110485092146,37.492272814549],[126.84009805455871,37.492272814549],[126.84009805455871,37.48327961091175],[126.83110485092146,37.48327961091175]]]}},{"type":"Feature","properties":{"jobs":12726,"pop":3618,"pointCount":3,"homeWorkCommuteMedian":5047,"workHomeCommuteMedian":4654},"geometry":{"type":"Polygon","coordinates":[[[126.83110485092146,37.492272814549],[126.83110485092146,37.50126601818624],[126.84009805455871,37.50126601818624],[126.84009805455871,37.492272814549],[126.83110485092146,37.492272814549]]]}},{"type":"Feature","properties":{"jobs":14620,"pop":5367,"pointCount":3,"homeWorkCommuteMedian":5257,"workHomeCommuteMedian":4773},"geometry":{"type":"Polygon","coordinates":[[[126.83110485092146,37.50126601818624],[126.83110485092146,37.51025922182349],[126.84009805455871,37.51025922182349],[126.84009805455871,37.50126601818624],[126.83110485092146,37.50126601818624]]]}},{"type":"Feature","properties":{"jobs":8134,"pop":489,"pointCount":5,"homeWorkCommuteMedian":5436,"workHomeCommuteMedian":5133},"geometry":{"type":"Polygon","coordinates":[[[126.83110485092146,37.51025922182349],[126.83110485092146,37.519252425460735],[126.84009805455871,37.519252425460735],[126.84009805455871,37.51025922182349],[126.83110485092146,37.51025922182349]]]}},{"type":"Feature","properties":{"jobs":9302,"pop":1986,"pointCount":4,"homeWorkCommuteMedian":4586,"workHomeCommuteMedian":4053},"geometry":{"type":"Polygon","coordinates":[[[126.83110485092146,37.519252425460735],[126.83110485092146,37.52824562909798],[126.84009805455871,37.52824562909798],[126.84009805455871,37.519252425460735],[126.83110485092146,37.519252425460735]]]}},{"type":"Feature","properties":{"jobs":7507,"pop":1280,"pointCount":4,"homeWorkCommuteMedian":4836,"workHomeCommuteMedian":4942},"geometry":{"type":"Polygon","coordinates":[[[126.83110485092146,37.52824562909798],[126.83110485092146,37.53723883273523],[126.84009805455871,37.53723883273523],[126.84009805455871,37.52824562909798],[126.83110485092146,37.52824562909798]]]}},{"type":"Feature","properties":{"jobs":2774,"pop":66,"pointCount":3,"homeWorkCommuteMedian":4459,"workHomeCommuteMedian":4927},"geometry":{"type":"Polygon","coordinates":[[[126.83110485092146,37.53723883273523],[126.83110485092146,37.54623203637247],[126.84009805455871,37.54623203637247],[126.84009805455871,37.53723883273523],[126.83110485092146,37.53723883273523]]]}},{"type":"Feature","properties":{"jobs":3103,"pop":71,"pointCount":4,"homeWorkCommuteMedian":5885,"workHomeCommuteMedian":6332},"geometry":{"type":"Polygon","coordinates":[[[126.83110485092146,37.54623203637247],[126.83110485092146,37.55522524000972],[126.84009805455871,37.55522524000972],[126.84009805455871,37.54623203637247],[126.83110485092146,37.54623203637247]]]}},{"type":"Feature","properties":{"jobs":558,"pop":0,"pointCount":1,"homeWorkCommuteMedian":-1,"workHomeCommuteMedian":11716},"geometry":{"type":"Polygon","coordinates":[[[126.83110485092146,37.55522524000972],[126.83110485092146,37.564218443646965],[126.84009805455871,37.564218443646965],[126.84009805455871,37.55522524000972],[126.83110485092146,37.55522524000972]]]}},{"type":"Feature","properties":{"jobs":3561,"pop":508,"pointCount":2,"homeWorkCommuteMedian":9193,"workHomeCommuteMedian":40280},"geometry":{"type":"Polygon","coordinates":[[[126.83110485092146,37.61817766547044],[126.83110485092146,37.62717086910769],[126.84009805455871,37.62717086910769],[126.84009805455871,37.61817766547044],[126.83110485092146,37.61817766547044]]]}},{"type":"Feature","properties":{"jobs":6189,"pop":1002,"pointCount":4,"homeWorkCommuteMedian":6067,"workHomeCommuteMedian":5778},"geometry":{"type":"Polygon","coordinates":[[[126.84009805455871,37.28542913089234],[126.84009805455871,37.294422334529585],[126.84909125819595,37.294422334529585],[126.84909125819595,37.28542913089234],[126.84009805455871,37.28542913089234]]]}},{"type":"Feature","properties":{"jobs":7964,"pop":1988,"pointCount":4,"homeWorkCommuteMedian":4651,"workHomeCommuteMedian":4370},"geometry":{"type":"Polygon","coordinates":[[[126.84009805455871,37.294422334529585],[126.84009805455871,37.30341553816683],[126.84909125819595,37.30341553816683],[126.84909125819595,37.294422334529585],[126.84009805455871,37.294422334529585]]]}},{"type":"Feature","properties":{"jobs":11699,"pop":4129,"pointCount":4,"homeWorkCommuteMedian":4367,"workHomeCommuteMedian":4477},"geometry":{"type":"Polygon","coordinates":[[[126.84009805455871,37.30341553816683],[126.84009805455871,37.31240874180408],[126.84909125819595,37.31240874180408],[126.84909125819595,37.30341553816683],[126.84009805455871,37.30341553816683]]]}},{"type":"Feature","properties":{"jobs":12143,"pop":4672,"pointCount":3,"homeWorkCommuteMedian":4667,"workHomeCommuteMedian":5050},"geometry":{"type":"Polygon","coordinates":[[[126.84009805455871,37.31240874180408],[126.84009805455871,37.32140194544132],[126.84909125819595,37.32140194544132],[126.84909125819595,37.31240874180408],[126.84009805455871,37.31240874180408]]]}},{"type":"Feature","properties":{"jobs":16551,"pop":8731,"pointCount":4,"homeWorkCommuteMedian":4791,"workHomeCommuteMedian":4796},"geometry":{"type":"Polygon","coordinates":[[[126.84009805455871,37.32140194544132],[126.84009805455871,37.33039514907857],[126.84909125819595,37.33039514907857],[126.84909125819595,37.32140194544132],[126.84009805455871,37.32140194544132]]]}},{"type":"Feature","properties":{"jobs":25181,"pop":17271,"pointCount":2,"homeWorkCommuteMedian":5461,"workHomeCommuteMedian":5760},"geometry":{"type":"Polygon","coordinates":[[[126.84009805455871,37.33039514907857],[126.84009805455871,37.339388352715815],[126.84909125819595,37.339388352715815],[126.84909125819595,37.33039514907857],[126.84009805455871,37.33039514907857]]]}},{"type":"Feature","properties":{"jobs":137,"pop":396,"pointCount":1,"homeWorkCommuteMedian":34913,"workHomeCommuteMedian":-1},"geometry":{"type":"Polygon","coordinates":[[[126.84009805455871,37.339388352715815],[126.84009805455871,37.34838155635306],[126.84909125819595,37.34838155635306],[126.84909125819595,37.339388352715815],[126.84009805455871,37.339388352715815]]]}},{"type":"Feature","properties":{"jobs":17538,"pop":6662,"pointCount":3,"homeWorkCommuteMedian":12111,"workHomeCommuteMedian":12031},"geometry":{"type":"Polygon","coordinates":[[[126.84009805455871,37.36636796362755],[126.84009805455871,37.3753611672648],[126.84909125819595,37.3753611672648],[126.84909125819595,37.36636796362755],[126.84009805455871,37.36636796362755]]]}},{"type":"Feature","properties":{"jobs":1155,"pop":143,"pointCount":1,"homeWorkCommuteMedian":4232,"workHomeCommuteMedian":4691},"geometry":{"type":"Polygon","coordinates":[[[126.84009805455871,37.45630000000001],[126.84009805455871,37.46529320363726],[126.84909125819595,37.46529320363726],[126.84909125819595,37.45630000000001],[126.84009805455871,37.45630000000001]]]}},{"type":"Feature","properties":{"jobs":7764,"pop":2893,"pointCount":2,"homeWorkCommuteMedian":4980,"workHomeCommuteMedian":4980},"geometry":{"type":"Polygon","coordinates":[[[126.84009805455871,37.46529320363726],[126.84009805455871,37.474286407274505],[126.84909125819595,37.474286407274505],[126.84909125819595,37.46529320363726],[126.84009805455871,37.46529320363726]]]}},{"type":"Feature","properties":{"jobs":6154,"pop":1945,"pointCount":2,"homeWorkCommuteMedian":5090,"workHomeCommuteMedian":5090},"geometry":{"type":"Polygon","coordinates":[[[126.84009805455871,37.474286407274505],[126.84009805455871,37.48327961091175],[126.84909125819595,37.48327961091175],[126.84909125819595,37.474286407274505],[126.84009805455871,37.474286407274505]]]}},{"type":"Feature","properties":{"jobs":7761,"pop":1780,"pointCount":2,"homeWorkCommuteMedian":5144,"workHomeCommuteMedian":4899},"geometry":{"type":"Polygon","coordinates":[[[126.84009805455871,37.48327961091175],[126.84009805455871,37.492272814549],[126.84909125819595,37.492272814549],[126.84909125819595,37.48327961091175],[126.84009805455871,37.48327961091175]]]}},{"type":"Feature","properties":{"jobs":23288,"pop":7155,"pointCount":4,"homeWorkCommuteMedian":4699,"workHomeCommuteMedian":4264},"geometry":{"type":"Polygon","coordinates":[[[126.84009805455871,37.492272814549],[126.84009805455871,37.50126601818624],[126.84909125819595,37.50126601818624],[126.84909125819595,37.492272814549],[126.84009805455871,37.492272814549]]]}},{"type":"Feature","properties":{"jobs":23175,"pop":8231,"pointCount":4,"homeWorkCommuteMedian":4253,"workHomeCommuteMedian":4020},"geometry":{"type":"Polygon","coordinates":[[[126.84009805455871,37.50126601818624],[126.84009805455871,37.51025922182349],[126.84909125819595,37.51025922182349],[126.84909125819595,37.50126601818624],[126.84009805455871,37.50126601818624]]]}},{"type":"Feature","properties":{"jobs":21552,"pop":8271,"pointCount":3,"homeWorkCommuteMedian":4645,"workHomeCommuteMedian":4459},"geometry":{"type":"Polygon","coordinates":[[[126.84009805455871,37.51025922182349],[126.84009805455871,37.519252425460735],[126.84909125819595,37.519252425460735],[126.84909125819595,37.51025922182349],[126.84009805455871,37.51025922182349]]]}},{"type":"Feature","properties":{"jobs":13085,"pop":3161,"pointCount":4,"homeWorkCommuteMedian":3505,"workHomeCommuteMedian":3280},"geometry":{"type":"Polygon","coordinates":[[[126.84009805455871,37.519252425460735],[126.84009805455871,37.52824562909798],[126.84909125819595,37.52824562909798],[126.84909125819595,37.519252425460735],[126.84009805455871,37.519252425460735]]]}},{"type":"Feature","properties":{"jobs":11063,"pop":2579,"pointCount":4,"homeWorkCommuteMedian":4083,"workHomeCommuteMedian":4083},"geometry":{"type":"Polygon","coordinates":[[[126.84009805455871,37.52824562909798],[126.84009805455871,37.53723883273523],[126.84909125819595,37.53723883273523],[126.84909125819595,37.52824562909798],[126.84009805455871,37.52824562909798]]]}},{"type":"Feature","properties":{"jobs":5944,"pop":748,"pointCount":4,"homeWorkCommuteMedian":4550,"workHomeCommuteMedian":4889},"geometry":{"type":"Polygon","coordinates":[[[126.84009805455871,37.53723883273523],[126.84009805455871,37.54623203637247],[126.84909125819595,37.54623203637247],[126.84909125819595,37.53723883273523],[126.84009805455871,37.53723883273523]]]}},{"type":"Feature","properties":{"jobs":164,"pop":233,"pointCount":1,"homeWorkCommuteMedian":10138,"workHomeCommuteMedian":-1},"geometry":{"type":"Polygon","coordinates":[[[126.84009805455871,37.60019125819595],[126.84009805455871,37.609184461833195],[126.84909125819595,37.609184461833195],[126.84909125819595,37.60019125819595],[126.84009805455871,37.60019125819595]]]}},{"type":"Feature","properties":{"jobs":3339,"pop":918,"pointCount":2,"homeWorkCommuteMedian":14640,"workHomeCommuteMedian":12566},"geometry":{"type":"Polygon","coordinates":[[[126.84009805455871,37.609184461833195],[126.84009805455871,37.61817766547044],[126.84909125819595,37.61817766547044],[126.84909125819595,37.609184461833195],[126.84009805455871,37.609184461833195]]]}},{"type":"Feature","properties":{"jobs":1566,"pop":1025,"pointCount":2,"homeWorkCommuteMedian":12704,"workHomeCommuteMedian":10908},"geometry":{"type":"Polygon","coordinates":[[[126.84009805455871,37.61817766547044],[126.84009805455871,37.62717086910769],[126.84909125819595,37.62717086910769],[126.84909125819595,37.61817766547044],[126.84009805455871,37.61817766547044]]]}},{"type":"Feature","properties":{"jobs":15282,"pop":5868,"pointCount":4,"homeWorkCommuteMedian":5766,"workHomeCommuteMedian":5926},"geometry":{"type":"Polygon","coordinates":[[[126.84909125819595,37.28542913089234],[126.84909125819595,37.294422334529585],[126.8580844618332,37.294422334529585],[126.8580844618332,37.28542913089234],[126.84909125819595,37.28542913089234]]]}},{"type":"Feature","properties":{"jobs":12051,"pop":4901,"pointCount":4,"homeWorkCommuteMedian":4756,"workHomeCommuteMedian":4461},"geometry":{"type":"Polygon","coordinates":[[[126.84909125819595,37.294422334529585],[126.84909125819595,37.30341553816683],[126.8580844618332,37.30341553816683],[126.8580844618332,37.294422334529585],[126.84909125819595,37.294422334529585]]]}},{"type":"Feature","properties":{"jobs":6968,"pop":2504,"pointCount":3,"homeWorkCommuteMedian":4041,"workHomeCommuteMedian":3855},"geometry":{"type":"Polygon","coordinates":[[[126.84909125819595,37.30341553816683],[126.84909125819595,37.31240874180408],[126.8580844618332,37.31240874180408],[126.8580844618332,37.30341553816683],[126.84909125819595,37.30341553816683]]]}},{"type":"Feature","properties":{"jobs":835,"pop":21,"pointCount":1,"homeWorkCommuteMedian":3496,"workHomeCommuteMedian":3496},"geometry":{"type":"Polygon","coordinates":[[[126.84909125819595,37.31240874180408],[126.84909125819595,37.32140194544132],[126.8580844618332,37.32140194544132],[126.8580844618332,37.31240874180408],[126.84909125819595,37.31240874180408]]]}},{"type":"Feature","properties":{"jobs":3142,"pop":548,"pointCount":2,"homeWorkCommuteMedian":6053,"workHomeCommuteMedian":5688},"geometry":{"type":"Polygon","coordinates":[[[126.84909125819595,37.32140194544132],[126.84909125819595,37.33039514907857],[126.8580844618332,37.33039514907857],[126.8580844618332,37.32140194544132],[126.84909125819595,37.32140194544132]]]}},{"type":"Feature","properties":{"jobs":32550,"pop":21796,"pointCount":4,"homeWorkCommuteMedian":6117,"workHomeCommuteMedian":6182},"geometry":{"type":"Polygon","coordinates":[[[126.84909125819595,37.33039514907857],[126.84909125819595,37.339388352715815],[126.8580844618332,37.339388352715815],[126.8580844618332,37.33039514907857],[126.84909125819595,37.33039514907857]]]}},{"type":"Feature","properties":{"jobs":14348,"pop":4120,"pointCount":4,"homeWorkCommuteMedian":12856,"workHomeCommuteMedian":12664},"geometry":{"type":"Polygon","coordinates":[[[126.84909125819595,37.36636796362755],[126.84909125819595,37.3753611672648],[126.8580844618332,37.3753611672648],[126.8580844618332,37.36636796362755],[126.84909125819595,37.36636796362755]]]}},{"type":"Feature","properties":{"jobs":8756,"pop":3005,"pointCount":2,"homeWorkCommuteMedian":11874,"workHomeCommuteMedian":11369},"geometry":{"type":"Polygon","coordinates":[[[126.84909125819595,37.3753611672648],[126.84909125819595,37.384354370902045],[126.8580844618332,37.384354370902045],[126.8580844618332,37.3753611672648],[126.84909125819595,37.3753611672648]]]}},{"type":"Feature","properties":{"jobs":2306,"pop":754,"pointCount":1,"homeWorkCommuteMedian":4908,"workHomeCommuteMedian":4533},"geometry":{"type":"Polygon","coordinates":[[[126.84909125819595,37.45630000000001],[126.84909125819595,37.46529320363726],[126.8580844618332,37.46529320363726],[126.8580844618332,37.45630000000001],[126.84909125819595,37.45630000000001]]]}},{"type":"Feature","properties":{"jobs":34084,"pop":13875,"pointCount":4,"homeWorkCommuteMedian":5325,"workHomeCommuteMedian":5063},"geometry":{"type":"Polygon","coordinates":[[[126.84909125819595,37.46529320363726],[126.84909125819595,37.474286407274505],[126.8580844618332,37.474286407274505],[126.8580844618332,37.46529320363726],[126.84909125819595,37.46529320363726]]]}},{"type":"Feature","properties":{"jobs":13671,"pop":3520,"pointCount":4,"homeWorkCommuteMedian":5296,"workHomeCommuteMedian":5461},"geometry":{"type":"Polygon","coordinates":[[[126.84909125819595,37.474286407274505],[126.84909125819595,37.48327961091175],[126.8580844618332,37.48327961091175],[126.8580844618332,37.474286407274505],[126.84909125819595,37.474286407274505]]]}},{"type":"Feature","properties":{"jobs":32507,"pop":12426,"pointCount":3,"homeWorkCommuteMedian":4895,"workHomeCommuteMedian":4114},"geometry":{"type":"Polygon","coordinates":[[[126.84909125819595,37.48327961091175],[126.84909125819595,37.492272814549],[126.8580844618332,37.492272814549],[126.8580844618332,37.48327961091175],[126.84909125819595,37.48327961091175]]]}},{"type":"Feature","properties":{"jobs":30556,"pop":10871,"pointCount":5,"homeWorkCommuteMedian":4310,"workHomeCommuteMedian":4154},"geometry":{"type":"Polygon","coordinates":[[[126.84909125819595,37.492272814549],[126.84909125819595,37.50126601818624],[126.8580844618332,37.50126601818624],[126.8580844618332,37.492272814549],[126.84909125819595,37.492272814549]]]}},{"type":"Feature","properties":{"jobs":21683,"pop":6975,"pointCount":4,"homeWorkCommuteMedian":3955,"workHomeCommuteMedian":3765},"geometry":{"type":"Polygon","coordinates":[[[126.84909125819595,37.50126601818624],[126.84909125819595,37.51025922182349],[126.8580844618332,37.51025922182349],[126.8580844618332,37.50126601818624],[126.84909125819595,37.50126601818624]]]}},{"type":"Feature","properties":{"jobs":15127,"pop":4057,"pointCount":4,"homeWorkCommuteMedian":4070,"workHomeCommuteMedian":4016},"geometry":{"type":"Polygon","coordinates":[[[126.84909125819595,37.51025922182349],[126.84909125819595,37.519252425460735],[126.8580844618332,37.519252425460735],[126.8580844618332,37.51025922182349],[126.84909125819595,37.51025922182349]]]}},{"type":"Feature","properties":{"jobs":11230,"pop":3223,"pointCount":4,"homeWorkCommuteMedian":2966,"workHomeCommuteMedian":2797},"geometry":{"type":"Polygon","coordinates":[[[126.84909125819595,37.519252425460735],[126.84909125819595,37.52824562909798],[126.8580844618332,37.52824562909798],[126.8580844618332,37.519252425460735],[126.84909125819595,37.519252425460735]]]}},{"type":"Feature","properties":{"jobs":14192,"pop":5593,"pointCount":4,"homeWorkCommuteMedian":3565,"workHomeCommuteMedian":3496},"geometry":{"type":"Polygon","coordinates":[[[126.84909125819595,37.52824562909798],[126.84909125819595,37.53723883273523],[126.8580844618332,37.53723883273523],[126.8580844618332,37.52824562909798],[126.84909125819595,37.52824562909798]]]}},{"type":"Feature","properties":{"jobs":2414,"pop":592,"pointCount":2,"homeWorkCommuteMedian":11831,"workHomeCommuteMedian":18336},"geometry":{"type":"Polygon","coordinates":[[[126.84909125819595,37.54623203637247],[126.84909125819595,37.55522524000972],[126.8580844618332,37.55522524000972],[126.8580844618332,37.54623203637247],[126.84909125819595,37.54623203637247]]]}},{"type":"Feature","properties":{"jobs":3004,"pop":69,"pointCount":4,"homeWorkCommuteMedian":7309,"workHomeCommuteMedian":7973},"geometry":{"type":"Polygon","coordinates":[[[126.84909125819595,37.55522524000972],[126.84909125819595,37.564218443646965],[126.8580844618332,37.564218443646965],[126.8580844618332,37.55522524000972],[126.84909125819595,37.55522524000972]]]}},{"type":"Feature","properties":{"jobs":109,"pop":335,"pointCount":1,"homeWorkCommuteMedian":38121,"workHomeCommuteMedian":-1},"geometry":{"type":"Polygon","coordinates":[[[126.84909125819595,37.58220485092146],[126.84909125819595,37.5911980545587],[126.8580844618332,37.5911980545587],[126.8580844618332,37.58220485092146],[126.84909125819595,37.58220485092146]]]}},{"type":"Feature","properties":{"jobs":364,"pop":56,"pointCount":1,"homeWorkCommuteMedian":11297,"workHomeCommuteMedian":11450},"geometry":{"type":"Polygon","coordinates":[[[126.84909125819595,37.609184461833195],[126.84909125819595,37.61817766547044],[126.8580844618332,37.61817766547044],[126.8580844618332,37.609184461833195],[126.84909125819595,37.609184461833195]]]}},{"type":"Feature","properties":{"jobs":362,"pop":186,"pointCount":1,"homeWorkCommuteMedian":10981,"workHomeCommuteMedian":10538},"geometry":{"type":"Polygon","coordinates":[[[126.84909125819595,37.61817766547044],[126.84909125819595,37.62717086910769],[126.8580844618332,37.62717086910769],[126.8580844618332,37.61817766547044],[126.84909125819595,37.61817766547044]]]}},{"type":"Feature","properties":{"jobs":37462,"pop":22817,"pointCount":4,"homeWorkCommuteMedian":6226,"workHomeCommuteMedian":6087},"geometry":{"type":"Polygon","coordinates":[[[126.8580844618332,37.28542913089234],[126.8580844618332,37.294422334529585],[126.86707766547045,37.294422334529585],[126.86707766547045,37.28542913089234],[126.8580844618332,37.28542913089234]]]}},{"type":"Feature","properties":{"jobs":19910,"pop":9485,"pointCount":4,"homeWorkCommuteMedian":5022,"workHomeCommuteMedian":4944},"geometry":{"type":"Polygon","coordinates":[[[126.8580844618332,37.294422334529585],[126.8580844618332,37.30341553816683],[126.86707766547045,37.30341553816683],[126.86707766547045,37.294422334529585],[126.8580844618332,37.294422334529585]]]}},{"type":"Feature","properties":{"jobs":15439,"pop":6642,"pointCount":4,"homeWorkCommuteMedian":4077,"workHomeCommuteMedian":4216},"geometry":{"type":"Polygon","coordinates":[[[126.8580844618332,37.30341553816683],[126.8580844618332,37.31240874180408],[126.86707766547045,37.31240874180408],[126.86707766547045,37.30341553816683],[126.8580844618332,37.30341553816683]]]}},{"type":"Feature","properties":{"jobs":15615,"pop":8307,"pointCount":3,"homeWorkCommuteMedian":4422,"workHomeCommuteMedian":4597},"geometry":{"type":"Polygon","coordinates":[[[126.8580844618332,37.31240874180408],[126.8580844618332,37.32140194544132],[126.86707766547045,37.32140194544132],[126.86707766547045,37.31240874180408],[126.8580844618332,37.31240874180408]]]}},{"type":"Feature","properties":{"jobs":8996,"pop":3361,"pointCount":3,"homeWorkCommuteMedian":5723,"workHomeCommuteMedian":5846},"geometry":{"type":"Polygon","coordinates":[[[126.8580844618332,37.32140194544132],[126.8580844618332,37.33039514907857],[126.86707766547045,37.33039514907857],[126.86707766547045,37.32140194544132],[126.8580844618332,37.32140194544132]]]}},{"type":"Feature","properties":{"jobs":11382,"pop":5809,"pointCount":2,"homeWorkCommuteMedian":6332,"workHomeCommuteMedian":6538},"geometry":{"type":"Polygon","coordinates":[[[126.8580844618332,37.33039514907857],[126.8580844618332,37.339388352715815],[126.86707766547045,37.339388352715815],[126.86707766547045,37.33039514907857],[126.8580844618332,37.33039514907857]]]}},{"type":"Feature","properties":{"jobs":13497,"pop":4296,"pointCount":3,"homeWorkCommuteMedian":12220,"workHomeCommuteMedian":12587},"geometry":{"type":"Polygon","coordinates":[[[126.8580844618332,37.3753611672648],[126.8580844618332,37.384354370902045],[126.86707766547045,37.384354370902045],[126.86707766547045,37.3753611672648],[126.8580844618332,37.3753611672648]]]}},{"type":"Feature","properties":{"jobs":4339,"pop":1076,"pointCount":1,"homeWorkCommuteMedian":11970,"workHomeCommuteMedian":12031},"geometry":{"type":"Polygon","coordinates":[[[126.8580844618332,37.384354370902045],[126.8580844618332,37.39334757453929],[126.86707766547045,37.39334757453929],[126.86707766547045,37.384354370902045],[126.8580844618332,37.384354370902045]]]}},{"type":"Feature","properties":{"jobs":24961,"pop":12180,"pointCount":1,"homeWorkCommuteMedian":4920,"workHomeCommuteMedian":4858},"geometry":{"type":"Polygon","coordinates":[[[126.8580844618332,37.45630000000001],[126.8580844618332,37.46529320363726],[126.86707766547045,37.46529320363726],[126.86707766547045,37.45630000000001],[126.8580844618332,37.45630000000001]]]}},{"type":"Feature","properties":{"jobs":9557,"pop":723,"pointCount":3,"homeWorkCommuteMedian":4944,"workHomeCommuteMedian":5042},"geometry":{"type":"Polygon","coordinates":[[[126.8580844618332,37.46529320363726],[126.8580844618332,37.474286407274505],[126.86707766547045,37.474286407274505],[126.86707766547045,37.46529320363726],[126.8580844618332,37.46529320363726]]]}},{"type":"Feature","properties":{"jobs":19940,"pop":5258,"pointCount":3,"homeWorkCommuteMedian":4774,"workHomeCommuteMedian":4907},"geometry":{"type":"Polygon","coordinates":[[[126.8580844618332,37.474286407274505],[126.8580844618332,37.48327961091175],[126.86707766547045,37.48327961091175],[126.86707766547045,37.474286407274505],[126.8580844618332,37.474286407274505]]]}},{"type":"Feature","properties":{"jobs":27636,"pop":9483,"pointCount":4,"homeWorkCommuteMedian":5862,"workHomeCommuteMedian":5943},"geometry":{"type":"Polygon","coordinates":[[[126.8580844618332,37.48327961091175],[126.8580844618332,37.492272814549],[126.86707766547045,37.492272814549],[126.86707766547045,37.48327961091175],[126.8580844618332,37.48327961091175]]]}},{"type":"Feature","properties":{"jobs":29482,"pop":10112,"pointCount":5,"homeWorkCommuteMedian":3993,"workHomeCommuteMedian":3836},"geometry":{"type":"Polygon","coordinates":[[[126.8580844618332,37.492272814549],[126.8580844618332,37.50126601818624],[126.86707766547045,37.50126601818624],[126.86707766547045,37.492272814549],[126.8580844618332,37.492272814549]]]}},{"type":"Feature","properties":{"jobs":34613,"pop":13405,"pointCount":4,"homeWorkCommuteMedian":3765,"workHomeCommuteMedian":3689},"geometry":{"type":"Polygon","coordinates":[[[126.8580844618332,37.50126601818624],[126.8580844618332,37.51025922182349],[126.86707766547045,37.51025922182349],[126.86707766547045,37.50126601818624],[126.8580844618332,37.50126601818624]]]}},{"type":"Feature","properties":{"jobs":13981,"pop":3694,"pointCount":4,"homeWorkCommuteMedian":3541,"workHomeCommuteMedian":3931},"geometry":{"type":"Polygon","coordinates":[[[126.8580844618332,37.51025922182349],[126.8580844618332,37.519252425460735],[126.86707766547045,37.519252425460735],[126.86707766547045,37.51025922182349],[126.8580844618332,37.51025922182349]]]}},{"type":"Feature","properties":{"jobs":9914,"pop":1510,"pointCount":4,"homeWorkCommuteMedian":3049,"workHomeCommuteMedian":3092},"geometry":{"type":"Polygon","coordinates":[[[126.8580844618332,37.519252425460735],[126.8580844618332,37.52824562909798],[126.86707766547045,37.52824562909798],[126.86707766547045,37.519252425460735],[126.8580844618332,37.519252425460735]]]}},{"type":"Feature","properties":{"jobs":11725,"pop":2911,"pointCount":5,"homeWorkCommuteMedian":2966,"workHomeCommuteMedian":2966},"geometry":{"type":"Polygon","coordinates":[[[126.8580844618332,37.52824562909798],[126.8580844618332,37.53723883273523],[126.86707766547045,37.53723883273523],[126.86707766547045,37.52824562909798],[126.8580844618332,37.52824562909798]]]}},{"type":"Feature","properties":{"jobs":5885,"pop":1366,"pointCount":3,"homeWorkCommuteMedian":3127,"workHomeCommuteMedian":3278},"geometry":{"type":"Polygon","coordinates":[[[126.8580844618332,37.53723883273523],[126.8580844618332,37.54623203637247],[126.86707766547045,37.54623203637247],[126.86707766547045,37.53723883273523],[126.8580844618332,37.53723883273523]]]}},{"type":"Feature","properties":{"jobs":2626,"pop":802,"pointCount":3,"homeWorkCommuteMedian":7466,"workHomeCommuteMedian":6578},"geometry":{"type":"Polygon","coordinates":[[[126.8580844618332,37.54623203637247],[126.8580844618332,37.55522524000972],[126.86707766547045,37.55522524000972],[126.86707766547045,37.54623203637247],[126.8580844618332,37.54623203637247]]]}},{"type":"Feature","properties":{"jobs":548,"pop":517,"pointCount":1,"homeWorkCommuteMedian":9370,"workHomeCommuteMedian":-1},"geometry":{"type":"Polygon","coordinates":[[[126.8580844618332,37.55522524000972],[126.8580844618332,37.564218443646965],[126.86707766547045,37.564218443646965],[126.86707766547045,37.55522524000972],[126.8580844618332,37.55522524000972]]]}},{"type":"Feature","properties":{"jobs":7052,"pop":1942,"pointCount":3,"homeWorkCommuteMedian":7169,"workHomeCommuteMedian":7167},"geometry":{"type":"Polygon","coordinates":[[[126.8580844618332,37.57321164728421],[126.8580844618332,37.58220485092146],[126.86707766547045,37.58220485092146],[126.86707766547045,37.57321164728421],[126.8580844618332,37.57321164728421]]]}},{"type":"Feature","properties":{"jobs":2993,"pop":198,"pointCount":2,"homeWorkCommuteMedian":24383,"workHomeCommuteMedian":23435},"geometry":{"type":"Polygon","coordinates":[[[126.8580844618332,37.5911980545587],[126.8580844618332,37.60019125819595],[126.86707766547045,37.60019125819595],[126.86707766547045,37.5911980545587],[126.8580844618332,37.5911980545587]]]}},{"type":"Feature","properties":{"jobs":1247,"pop":548,"pointCount":1,"homeWorkCommuteMedian":9090,"workHomeCommuteMedian":7814},"geometry":{"type":"Polygon","coordinates":[[[126.8580844618332,37.61817766547044],[126.8580844618332,37.62717086910769],[126.86707766547045,37.62717086910769],[126.86707766547045,37.61817766547044],[126.8580844618332,37.61817766547044]]]}},{"type":"Feature","properties":{"jobs":10311,"pop":3931,"pointCount":3,"homeWorkCommuteMedian":5968,"workHomeCommuteMedian":6052},"geometry":{"type":"Polygon","coordinates":[[[126.86707766547045,37.28542913089234],[126.86707766547045,37.294422334529585],[126.87607086910769,37.294422334529585],[126.87607086910769,37.28542913089234],[126.86707766547045,37.28542913089234]]]}},{"type":"Feature","properties":{"jobs":7183,"pop":2072,"pointCount":4,"homeWorkCommuteMedian":6253,"workHomeCommuteMedian":5912},"geometry":{"type":"Polygon","coordinates":[[[126.86707766547045,37.294422334529585],[126.86707766547045,37.30341553816683],[126.87607086910769,37.30341553816683],[126.87607086910769,37.294422334529585],[126.86707766547045,37.294422334529585]]]}},{"type":"Feature","properties":{"jobs":13524,"pop":6167,"pointCount":4,"homeWorkCommuteMedian":4667,"workHomeCommuteMedian":4277},"geometry":{"type":"Polygon","coordinates":[[[126.86707766547045,37.30341553816683],[126.86707766547045,37.31240874180408],[126.87607086910769,37.31240874180408],[126.87607086910769,37.30341553816683],[126.86707766547045,37.30341553816683]]]}},{"type":"Feature","properties":{"jobs":2643,"pop":996,"pointCount":2,"homeWorkCommuteMedian":4621,"workHomeCommuteMedian":4703},"geometry":{"type":"Polygon","coordinates":[[[126.86707766547045,37.31240874180408],[126.86707766547045,37.32140194544132],[126.87607086910769,37.32140194544132],[126.87607086910769,37.31240874180408],[126.86707766547045,37.31240874180408]]]}},{"type":"Feature","properties":{"jobs":18,"pop":452,"pointCount":1,"homeWorkCommuteMedian":35872,"workHomeCommuteMedian":-1},"geometry":{"type":"Polygon","coordinates":[[[126.86707766547045,37.33039514907857],[126.86707766547045,37.339388352715815],[126.87607086910769,37.339388352715815],[126.87607086910769,37.33039514907857],[126.86707766547045,37.33039514907857]]]}},{"type":"Feature","properties":{"jobs":3849,"pop":475,"pointCount":2,"homeWorkCommuteMedian":11210,"workHomeCommuteMedian":11254},"geometry":{"type":"Polygon","coordinates":[[[126.86707766547045,37.35737475999031],[126.86707766547045,37.36636796362755],[126.87607086910769,37.36636796362755],[126.87607086910769,37.35737475999031],[126.86707766547045,37.35737475999031]]]}},{"type":"Feature","properties":{"jobs":7216,"pop":2943,"pointCount":2,"homeWorkCommuteMedian":7541,"workHomeCommuteMedian":7230},"geometry":{"type":"Polygon","coordinates":[[[126.86707766547045,37.429320389088275],[126.86707766547045,37.43831359272552],[126.87607086910769,37.43831359272552],[126.87607086910769,37.429320389088275],[126.86707766547045,37.429320389088275]]]}},{"type":"Feature","properties":{"jobs":15567,"pop":5939,"pointCount":4,"homeWorkCommuteMedian":4215,"workHomeCommuteMedian":4157},"geometry":{"type":"Polygon","coordinates":[[[126.86707766547045,37.45630000000001],[126.86707766547045,37.46529320363726],[126.87607086910769,37.46529320363726],[126.87607086910769,37.45630000000001],[126.86707766547045,37.45630000000001]]]}},{"type":"Feature","properties":{"jobs":36007,"pop":14635,"pointCount":5,"homeWorkCommuteMedian":3600,"workHomeCommuteMedian":3608},"geometry":{"type":"Polygon","coordinates":[[[126.86707766547045,37.46529320363726],[126.86707766547045,37.474286407274505],[126.87607086910769,37.474286407274505],[126.87607086910769,37.46529320363726],[126.86707766547045,37.46529320363726]]]}},{"type":"Feature","properties":{"jobs":18336,"pop":7706,"pointCount":4,"homeWorkCommuteMedian":3955,"workHomeCommuteMedian":3713},"geometry":{"type":"Polygon","coordinates":[[[126.86707766547045,37.474286407274505],[126.86707766547045,37.48327961091175],[126.87607086910769,37.48327961091175],[126.87607086910769,37.474286407274505],[126.86707766547045,37.474286407274505]]]}},{"type":"Feature","properties":{"jobs":12621,"pop":4737,"pointCount":3,"homeWorkCommuteMedian":4851,"workHomeCommuteMedian":4783},"geometry":{"type":"Polygon","coordinates":[[[126.86707766547045,37.48327961091175],[126.86707766547045,37.492272814549],[126.87607086910769,37.492272814549],[126.87607086910769,37.48327961091175],[126.86707766547045,37.48327961091175]]]}},{"type":"Feature","properties":{"jobs":10640,"pop":3055,"pointCount":2,"homeWorkCommuteMedian":3630,"workHomeCommuteMedian":3767},"geometry":{"type":"Polygon","coordinates":[[[126.86707766547045,37.492272814549],[126.86707766547045,37.50126601818624],[126.87607086910769,37.50126601818624],[126.87607086910769,37.492272814549],[126.86707766547045,37.492272814549]]]}},{"type":"Feature","properties":{"jobs":3257,"pop":251,"pointCount":2,"homeWorkCommuteMedian":3472,"workHomeCommuteMedian":3496},"geometry":{"type":"Polygon","coordinates":[[[126.86707766547045,37.50126601818624],[126.86707766547045,37.51025922182349],[126.87607086910769,37.51025922182349],[126.87607086910769,37.50126601818624],[126.86707766547045,37.50126601818624]]]}},{"type":"Feature","properties":{"jobs":20832,"pop":5596,"pointCount":4,"homeWorkCommuteMedian":3542,"workHomeCommuteMedian":3642},"geometry":{"type":"Polygon","coordinates":[[[126.86707766547045,37.51025922182349],[126.86707766547045,37.519252425460735],[126.87607086910769,37.519252425460735],[126.87607086910769,37.51025922182349],[126.86707766547045,37.51025922182349]]]}},{"type":"Feature","properties":{"jobs":36969,"pop":13243,"pointCount":4,"homeWorkCommuteMedian":3127,"workHomeCommuteMedian":3127},"geometry":{"type":"Polygon","coordinates":[[[126.86707766547045,37.519252425460735],[126.86707766547045,37.52824562909798],[126.87607086910769,37.52824562909798],[126.87607086910769,37.519252425460735],[126.86707766547045,37.519252425460735]]]}},{"type":"Feature","properties":{"jobs":18097,"pop":5848,"pointCount":4,"homeWorkCommuteMedian":3496,"workHomeCommuteMedian":3513},"geometry":{"type":"Polygon","coordinates":[[[126.86707766547045,37.52824562909798],[126.86707766547045,37.53723883273523],[126.87607086910769,37.53723883273523],[126.87607086910769,37.52824562909798],[126.86707766547045,37.52824562909798]]]}},{"type":"Feature","properties":{"jobs":13810,"pop":4390,"pointCount":4,"homeWorkCommuteMedian":3812,"workHomeCommuteMedian":3918},"geometry":{"type":"Polygon","coordinates":[[[126.86707766547045,37.53723883273523],[126.86707766547045,37.54623203637247],[126.87607086910769,37.54623203637247],[126.87607086910769,37.53723883273523],[126.86707766547045,37.53723883273523]]]}},{"type":"Feature","properties":{"jobs":14760,"pop":5437,"pointCount":4,"homeWorkCommuteMedian":5273,"workHomeCommuteMedian":5248},"geometry":{"type":"Polygon","coordinates":[[[126.86707766547045,37.54623203637247],[126.86707766547045,37.55522524000972],[126.87607086910769,37.55522524000972],[126.87607086910769,37.54623203637247],[126.86707766547045,37.54623203637247]]]}},{"type":"Feature","properties":{"jobs":2167,"pop":439,"pointCount":2,"homeWorkCommuteMedian":6437,"workHomeCommuteMedian":7434},"geometry":{"type":"Polygon","coordinates":[[[126.86707766547045,37.57321164728421],[126.86707766547045,37.58220485092146],[126.87607086910769,37.58220485092146],[126.87607086910769,37.57321164728421],[126.86707766547045,37.57321164728421]]]}},{"type":"Feature","properties":{"jobs":1194,"pop":74,"pointCount":1,"homeWorkCommuteMedian":9002,"workHomeCommuteMedian":10419},"geometry":{"type":"Polygon","coordinates":[[[126.86707766547045,37.58220485092146],[126.86707766547045,37.5911980545587],[126.87607086910769,37.5911980545587],[126.87607086910769,37.58220485092146],[126.86707766547045,37.58220485092146]]]}},{"type":"Feature","properties":{"jobs":2199,"pop":1177,"pointCount":1,"homeWorkCommuteMedian":7199,"workHomeCommuteMedian":7003},"geometry":{"type":"Polygon","coordinates":[[[126.86707766547045,37.61817766547044],[126.86707766547045,37.62717086910769],[126.87607086910769,37.62717086910769],[126.87607086910769,37.61817766547044],[126.86707766547045,37.61817766547044]]]}},{"type":"Feature","properties":{"jobs":1031,"pop":69,"pointCount":1,"homeWorkCommuteMedian":8536,"workHomeCommuteMedian":7417},"geometry":{"type":"Polygon","coordinates":[[[126.87607086910769,37.28542913089234],[126.87607086910769,37.294422334529585],[126.88506407274494,37.294422334529585],[126.88506407274494,37.28542913089234],[126.87607086910769,37.28542913089234]]]}},{"type":"Feature","properties":{"jobs":876,"pop":42,"pointCount":1,"homeWorkCommuteMedian":9218,"workHomeCommuteMedian":8531},"geometry":{"type":"Polygon","coordinates":[[[126.87607086910769,37.294422334529585],[126.87607086910769,37.30341553816683],[126.88506407274494,37.30341553816683],[126.88506407274494,37.294422334529585],[126.87607086910769,37.294422334529585]]]}},{"type":"Feature","properties":{"jobs":5719,"pop":959,"pointCount":2,"homeWorkCommuteMedian":11819,"workHomeCommuteMedian":11153},"geometry":{"type":"Polygon","coordinates":[[[126.87607086910769,37.35737475999031],[126.87607086910769,37.36636796362755],[126.88506407274494,37.36636796362755],[126.88506407274494,37.35737475999031],[126.87607086910769,37.35737475999031]]]}},{"type":"Feature","properties":{"jobs":896,"pop":107,"pointCount":1,"homeWorkCommuteMedian":9889,"workHomeCommuteMedian":10860},"geometry":{"type":"Polygon","coordinates":[[[126.87607086910769,37.40234077817654],[126.87607086910769,37.41133398181378],[126.88506407274494,37.41133398181378],[126.88506407274494,37.40234077817654],[126.87607086910769,37.40234077817654]]]}},{"type":"Feature","properties":{"jobs":49245,"pop":8921,"pointCount":5,"homeWorkCommuteMedian":7181,"workHomeCommuteMedian":11383},"geometry":{"type":"Polygon","coordinates":[[[126.87607086910769,37.41133398181378],[126.87607086910769,37.42032718545103],[126.88506407274494,37.42032718545103],[126.88506407274494,37.41133398181378],[126.87607086910769,37.41133398181378]]]}},{"type":"Feature","properties":{"jobs":6032,"pop":2304,"pointCount":3,"homeWorkCommuteMedian":15742,"workHomeCommuteMedian":6565},"geometry":{"type":"Polygon","coordinates":[[[126.87607086910769,37.42032718545103],[126.87607086910769,37.429320389088275],[126.88506407274494,37.429320389088275],[126.88506407274494,37.42032718545103],[126.87607086910769,37.42032718545103]]]}},{"type":"Feature","properties":{"jobs":19739,"pop":9619,"pointCount":4,"homeWorkCommuteMedian":5346,"workHomeCommuteMedian":5090},"geometry":{"type":"Polygon","coordinates":[[[126.87607086910769,37.429320389088275],[126.87607086910769,37.43831359272552],[126.88506407274494,37.43831359272552],[126.88506407274494,37.429320389088275],[126.87607086910769,37.429320389088275]]]}},{"type":"Feature","properties":{"jobs":2202,"pop":356,"pointCount":2,"homeWorkCommuteMedian":5325,"workHomeCommuteMedian":4944},"geometry":{"type":"Polygon","coordinates":[[[126.87607086910769,37.43831359272552],[126.87607086910769,37.44730679636277],[126.88506407274494,37.44730679636277],[126.88506407274494,37.43831359272552],[126.87607086910769,37.43831359272552]]]}},{"type":"Feature","properties":{"jobs":9982,"pop":4079,"pointCount":3,"homeWorkCommuteMedian":4081,"workHomeCommuteMedian":4429},"geometry":{"type":"Polygon","coordinates":[[[126.87607086910769,37.44730679636277],[126.87607086910769,37.45630000000001],[126.88506407274494,37.45630000000001],[126.88506407274494,37.44730679636277],[126.87607086910769,37.44730679636277]]]}},{"type":"Feature","properties":{"jobs":17365,"pop":5745,"pointCount":4,"homeWorkCommuteMedian":4195,"workHomeCommuteMedian":4058},"geometry":{"type":"Polygon","coordinates":[[[126.87607086910769,37.45630000000001],[126.87607086910769,37.46529320363726],[126.88506407274494,37.46529320363726],[126.88506407274494,37.45630000000001],[126.87607086910769,37.45630000000001]]]}},{"type":"Feature","properties":{"jobs":15466,"pop":3913,"pointCount":1,"homeWorkCommuteMedian":4855,"workHomeCommuteMedian":4794},"geometry":{"type":"Polygon","coordinates":[[[126.87607086910769,37.46529320363726],[126.87607086910769,37.474286407274505],[126.88506407274494,37.474286407274505],[126.88506407274494,37.46529320363726],[126.87607086910769,37.46529320363726]]]}},{"type":"Feature","properties":{"jobs":7718,"pop":757,"pointCount":4,"homeWorkCommuteMedian":3490,"workHomeCommuteMedian":3565},"geometry":{"type":"Polygon","coordinates":[[[126.87607086910769,37.48327961091175],[126.87607086910769,37.492272814549],[126.88506407274494,37.492272814549],[126.88506407274494,37.48327961091175],[126.87607086910769,37.48327961091175]]]}},{"type":"Feature","properties":{"jobs":24358,"pop":7714,"pointCount":4,"homeWorkCommuteMedian":4422,"workHomeCommuteMedian":4632},"geometry":{"type":"Polygon","coordinates":[[[126.87607086910769,37.492272814549],[126.87607086910769,37.50126601818624],[126.88506407274494,37.50126601818624],[126.88506407274494,37.492272814549],[126.87607086910769,37.492272814549]]]}},{"type":"Feature","properties":{"jobs":26116,"pop":9243,"pointCount":4,"homeWorkCommuteMedian":4274,"workHomeCommuteMedian":4253},"geometry":{"type":"Polygon","coordinates":[[[126.87607086910769,37.50126601818624],[126.87607086910769,37.51025922182349],[126.88506407274494,37.51025922182349],[126.88506407274494,37.50126601818624],[126.87607086910769,37.50126601818624]]]}},{"type":"Feature","properties":{"jobs":12348,"pop":4576,"pointCount":2,"homeWorkCommuteMedian":5151,"workHomeCommuteMedian":5325},"geometry":{"type":"Polygon","coordinates":[[[126.87607086910769,37.51025922182349],[126.87607086910769,37.519252425460735],[126.88506407274494,37.519252425460735],[126.88506407274494,37.51025922182349],[126.87607086910769,37.51025922182349]]]}},{"type":"Feature","properties":{"jobs":10326,"pop":2356,"pointCount":3,"homeWorkCommuteMedian":3496,"workHomeCommuteMedian":3565},"geometry":{"type":"Polygon","coordinates":[[[126.87607086910769,37.519252425460735],[126.87607086910769,37.52824562909798],[126.88506407274494,37.52824562909798],[126.88506407274494,37.519252425460735],[126.87607086910769,37.519252425460735]]]}},{"type":"Feature","properties":{"jobs":18655,"pop":6555,"pointCount":4,"homeWorkCommuteMedian":4097,"workHomeCommuteMedian":3775},"geometry":{"type":"Polygon","coordinates":[[[126.87607086910769,37.52824562909798],[126.87607086910769,37.53723883273523],[126.88506407274494,37.53723883273523],[126.88506407274494,37.52824562909798],[126.87607086910769,37.52824562909798]]]}},{"type":"Feature","properties":{"jobs":13170,"pop":4493,"pointCount":3,"homeWorkCommuteMedian":4463,"workHomeCommuteMedian":4569},"geometry":{"type":"Polygon","coordinates":[[[126.87607086910769,37.53723883273523],[126.87607086910769,37.54623203637247],[126.88506407274494,37.54623203637247],[126.88506407274494,37.53723883273523],[126.87607086910769,37.53723883273523]]]}},{"type":"Feature","properties":{"jobs":1172,"pop":248,"pointCount":1,"homeWorkCommuteMedian":5285,"workHomeCommuteMedian":7911},"geometry":{"type":"Polygon","coordinates":[[[126.87607086910769,37.54623203637247],[126.87607086910769,37.55522524000972],[126.88506407274494,37.55522524000972],[126.88506407274494,37.54623203637247],[126.87607086910769,37.54623203637247]]]}},{"type":"Feature","properties":{"jobs":7344,"pop":1674,"pointCount":3,"homeWorkCommuteMedian":5061,"workHomeCommuteMedian":4964},"geometry":{"type":"Polygon","coordinates":[[[126.87607086910769,37.57321164728421],[126.87607086910769,37.58220485092146],[126.88506407274494,37.58220485092146],[126.88506407274494,37.57321164728421],[126.87607086910769,37.57321164728421]]]}},{"type":"Feature","properties":{"jobs":3822,"pop":1238,"pointCount":2,"homeWorkCommuteMedian":5791,"workHomeCommuteMedian":5675},"geometry":{"type":"Polygon","coordinates":[[[126.87607086910769,37.58220485092146],[126.87607086910769,37.5911980545587],[126.88506407274494,37.5911980545587],[126.88506407274494,37.58220485092146],[126.87607086910769,37.58220485092146]]]}},{"type":"Feature","properties":{"jobs":30,"pop":205,"pointCount":1,"homeWorkCommuteMedian":13839,"workHomeCommuteMedian":-1},"geometry":{"type":"Polygon","coordinates":[[[126.87607086910769,37.5911980545587],[126.87607086910769,37.60019125819595],[126.88506407274494,37.60019125819595],[126.88506407274494,37.5911980545587],[126.87607086910769,37.5911980545587]]]}},{"type":"Feature","properties":{"jobs":909,"pop":44,"pointCount":1,"homeWorkCommuteMedian":9408,"workHomeCommuteMedian":8420},"geometry":{"type":"Polygon","coordinates":[[[126.88506407274494,37.294422334529585],[126.88506407274494,37.30341553816683],[126.89405727638218,37.30341553816683],[126.89405727638218,37.294422334529585],[126.88506407274494,37.294422334529585]]]}},{"type":"Feature","properties":{"jobs":602,"pop":868,"pointCount":1,"homeWorkCommuteMedian":3575,"workHomeCommuteMedian":3565},"geometry":{"type":"Polygon","coordinates":[[[126.88506407274494,37.40234077817654],[126.88506407274494,37.41133398181378],[126.89405727638218,37.41133398181378],[126.89405727638218,37.40234077817654],[126.88506407274494,37.40234077817654]]]}},{"type":"Feature","properties":{"jobs":5649,"pop":1999,"pointCount":2,"homeWorkCommuteMedian":7531,"workHomeCommuteMedian":7668},"geometry":{"type":"Polygon","coordinates":[[[126.88506407274494,37.41133398181378],[126.88506407274494,37.42032718545103],[126.89405727638218,37.42032718545103],[126.89405727638218,37.41133398181378],[126.88506407274494,37.41133398181378]]]}},{"type":"Feature","properties":{"jobs":404,"pop":0,"pointCount":1,"homeWorkCommuteMedian":-1,"workHomeCommuteMedian":20607},"geometry":{"type":"Polygon","coordinates":[[[126.88506407274494,37.42032718545103],[126.88506407274494,37.429320389088275],[126.89405727638218,37.429320389088275],[126.89405727638218,37.42032718545103],[126.88506407274494,37.42032718545103]]]}},{"type":"Feature","properties":{"jobs":3940,"pop":1113,"pointCount":2,"homeWorkCommuteMedian":6143,"workHomeCommuteMedian":6143},"geometry":{"type":"Polygon","coordinates":[[[126.88506407274494,37.429320389088275],[126.88506407274494,37.43831359272552],[126.89405727638218,37.43831359272552],[126.89405727638218,37.429320389088275],[126.88506407274494,37.429320389088275]]]}},{"type":"Feature","properties":{"jobs":13081,"pop":6180,"pointCount":3,"homeWorkCommuteMedian":5090,"workHomeCommuteMedian":5042},"geometry":{"type":"Polygon","coordinates":[[[126.88506407274494,37.43831359272552],[126.88506407274494,37.44730679636277],[126.89405727638218,37.44730679636277],[126.89405727638218,37.43831359272552],[126.88506407274494,37.43831359272552]]]}},{"type":"Feature","properties":{"jobs":22064,"pop":10323,"pointCount":3,"homeWorkCommuteMedian":4808,"workHomeCommuteMedian":4841},"geometry":{"type":"Polygon","coordinates":[[[126.88506407274494,37.44730679636277],[126.88506407274494,37.45630000000001],[126.89405727638218,37.45630000000001],[126.89405727638218,37.44730679636277],[126.88506407274494,37.44730679636277]]]}},{"type":"Feature","properties":{"jobs":13627,"pop":4024,"pointCount":3,"homeWorkCommuteMedian":3120,"workHomeCommuteMedian":2966},"geometry":{"type":"Polygon","coordinates":[[[126.88506407274494,37.45630000000001],[126.88506407274494,37.46529320363726],[126.89405727638218,37.46529320363726],[126.89405727638218,37.45630000000001],[126.88506407274494,37.45630000000001]]]}},{"type":"Feature","properties":{"jobs":34253,"pop":10021,"pointCount":4,"homeWorkCommuteMedian":3765,"workHomeCommuteMedian":3796},"geometry":{"type":"Polygon","coordinates":[[[126.88506407274494,37.46529320363726],[126.88506407274494,37.474286407274505],[126.89405727638218,37.474286407274505],[126.89405727638218,37.46529320363726],[126.88506407274494,37.46529320363726]]]}},{"type":"Feature","properties":{"jobs":10023,"pop":3507,"pointCount":1,"homeWorkCommuteMedian":4185,"workHomeCommuteMedian":4145},"geometry":{"type":"Polygon","coordinates":[[[126.88506407274494,37.474286407274505],[126.88506407274494,37.48327961091175],[126.89405727638218,37.48327961091175],[126.89405727638218,37.474286407274505],[126.88506407274494,37.474286407274505]]]}},{"type":"Feature","properties":{"jobs":16668,"pop":5123,"pointCount":3,"homeWorkCommuteMedian":5445,"workHomeCommuteMedian":5425},"geometry":{"type":"Polygon","coordinates":[[[126.88506407274494,37.48327961091175],[126.88506407274494,37.492272814549],[126.89405727638218,37.492272814549],[126.89405727638218,37.48327961091175],[126.88506407274494,37.48327961091175]]]}},{"type":"Feature","properties":{"jobs":21134,"pop":6135,"pointCount":4,"homeWorkCommuteMedian":4823,"workHomeCommuteMedian":4944},"geometry":{"type":"Polygon","coordinates":[[[126.88506407274494,37.492272814549],[126.88506407274494,37.50126601818624],[126.89405727638218,37.50126601818624],[126.89405727638218,37.492272814549],[126.88506407274494,37.492272814549]]]}},{"type":"Feature","properties":{"jobs":18908,"pop":5735,"pointCount":4,"homeWorkCommuteMedian":4886,"workHomeCommuteMedian":4944},"geometry":{"type":"Polygon","coordinates":[[[126.88506407274494,37.50126601818624],[126.88506407274494,37.51025922182349],[126.89405727638218,37.51025922182349],[126.89405727638218,37.50126601818624],[126.88506407274494,37.50126601818624]]]}},{"type":"Feature","properties":{"jobs":23929,"pop":9159,"pointCount":4,"homeWorkCommuteMedian":3496,"workHomeCommuteMedian":3427},"geometry":{"type":"Polygon","coordinates":[[[126.88506407274494,37.51025922182349],[126.88506407274494,37.519252425460735],[126.89405727638218,37.519252425460735],[126.89405727638218,37.51025922182349],[126.88506407274494,37.51025922182349]]]}},{"type":"Feature","properties":{"jobs":19917,"pop":6484,"pointCount":4,"homeWorkCommuteMedian":3127,"workHomeCommuteMedian":3085},"geometry":{"type":"Polygon","coordinates":[[[126.88506407274494,37.519252425460735],[126.88506407274494,37.52824562909798],[126.89405727638218,37.52824562909798],[126.89405727638218,37.519252425460735],[126.88506407274494,37.519252425460735]]]}},{"type":"Feature","properties":{"jobs":13852,"pop":3812,"pointCount":4,"homeWorkCommuteMedian":5637,"workHomeCommuteMedian":5393},"geometry":{"type":"Polygon","coordinates":[[[126.88506407274494,37.52824562909798],[126.88506407274494,37.53723883273523],[126.89405727638218,37.53723883273523],[126.89405727638218,37.52824562909798],[126.88506407274494,37.52824562909798]]]}},{"type":"Feature","properties":{"jobs":20872,"pop":7795,"pointCount":3,"homeWorkCommuteMedian":4691,"workHomeCommuteMedian":4885},"geometry":{"type":"Polygon","coordinates":[[[126.88506407274494,37.53723883273523],[126.88506407274494,37.54623203637247],[126.89405727638218,37.54623203637247],[126.89405727638218,37.53723883273523],[126.88506407274494,37.53723883273523]]]}},{"type":"Feature","properties":{"jobs":2095,"pop":271,"pointCount":2,"homeWorkCommuteMedian":4276,"workHomeCommuteMedian":4511},"geometry":{"type":"Polygon","coordinates":[[[126.88506407274494,37.564218443646965],[126.88506407274494,37.57321164728421],[126.89405727638218,37.57321164728421],[126.89405727638218,37.564218443646965],[126.88506407274494,37.564218443646965]]]}},{"type":"Feature","properties":{"jobs":3389,"pop":567,"pointCount":3,"homeWorkCommuteMedian":4832,"workHomeCommuteMedian":4837},"geometry":{"type":"Polygon","coordinates":[[[126.88506407274494,37.57321164728421],[126.88506407274494,37.58220485092146],[126.89405727638218,37.58220485092146],[126.89405727638218,37.57321164728421],[126.88506407274494,37.57321164728421]]]}},{"type":"Feature","properties":{"jobs":2246,"pop":773,"pointCount":2,"homeWorkCommuteMedian":4944,"workHomeCommuteMedian":4691},"geometry":{"type":"Polygon","coordinates":[[[126.88506407274494,37.58220485092146],[126.88506407274494,37.5911980545587],[126.89405727638218,37.5911980545587],[126.89405727638218,37.58220485092146],[126.88506407274494,37.58220485092146]]]}},{"type":"Feature","properties":{"jobs":2208,"pop":428,"pointCount":3,"homeWorkCommuteMedian":6912,"workHomeCommuteMedian":7738},"geometry":{"type":"Polygon","coordinates":[[[126.88506407274494,37.5911980545587],[126.88506407274494,37.60019125819595],[126.89405727638218,37.60019125819595],[126.89405727638218,37.5911980545587],[126.88506407274494,37.5911980545587]]]}},{"type":"Feature","properties":{"jobs":1230,"pop":546,"pointCount":1,"homeWorkCommuteMedian":5826,"workHomeCommuteMedian":6806},"geometry":{"type":"Polygon","coordinates":[[[126.88506407274494,37.60019125819595],[126.88506407274494,37.609184461833195],[126.89405727638218,37.609184461833195],[126.89405727638218,37.60019125819595],[126.88506407274494,37.60019125819595]]]}},{"type":"Feature","properties":{"jobs":2145,"pop":511,"pointCount":1,"homeWorkCommuteMedian":13232,"workHomeCommuteMedian":12091},"geometry":{"type":"Polygon","coordinates":[[[126.89405727638218,37.294422334529585],[126.89405727638218,37.30341553816683],[126.90305048001943,37.30341553816683],[126.90305048001943,37.294422334529585],[126.89405727638218,37.294422334529585]]]}},{"type":"Feature","properties":{"jobs":2942,"pop":1228,"pointCount":1,"homeWorkCommuteMedian":7448,"workHomeCommuteMedian":7012},"geometry":{"type":"Polygon","coordinates":[[[126.89405727638218,37.30341553816683],[126.89405727638218,37.31240874180408],[126.90305048001943,37.31240874180408],[126.90305048001943,37.30341553816683],[126.89405727638218,37.30341553816683]]]}},{"type":"Feature","properties":{"jobs":140,"pop":791,"pointCount":1,"homeWorkCommuteMedian":37569,"workHomeCommuteMedian":-1},"geometry":{"type":"Polygon","coordinates":[[[126.89405727638218,37.33039514907857],[126.89405727638218,37.339388352715815],[126.90305048001943,37.339388352715815],[126.90305048001943,37.33039514907857],[126.89405727638218,37.33039514907857]]]}},{"type":"Feature","properties":{"jobs":8775,"pop":4407,"pointCount":1,"homeWorkCommuteMedian":3979,"workHomeCommuteMedian":3979},"geometry":{"type":"Polygon","coordinates":[[[126.89405727638218,37.3753611672648],[126.89405727638218,37.384354370902045],[126.90305048001943,37.384354370902045],[126.90305048001943,37.3753611672648],[126.89405727638218,37.3753611672648]]]}},{"type":"Feature","properties":{"jobs":958,"pop":400,"pointCount":1,"homeWorkCommuteMedian":4253,"workHomeCommuteMedian":3855},"geometry":{"type":"Polygon","coordinates":[[[126.89405727638218,37.384354370902045],[126.89405727638218,37.39334757453929],[126.90305048001943,37.39334757453929],[126.90305048001943,37.384354370902045],[126.89405727638218,37.384354370902045]]]}},{"type":"Feature","properties":{"jobs":4401,"pop":1492,"pointCount":3,"homeWorkCommuteMedian":3496,"workHomeCommuteMedian":3376},"geometry":{"type":"Polygon","coordinates":[[[126.89405727638218,37.39334757453929],[126.89405727638218,37.40234077817654],[126.90305048001943,37.40234077817654],[126.90305048001943,37.39334757453929],[126.89405727638218,37.39334757453929]]]}},{"type":"Feature","properties":{"jobs":676,"pop":83,"pointCount":1,"homeWorkCommuteMedian":5545,"workHomeCommuteMedian":5441},"geometry":{"type":"Polygon","coordinates":[[[126.89405727638218,37.40234077817654],[126.89405727638218,37.41133398181378],[126.90305048001943,37.41133398181378],[126.90305048001943,37.40234077817654],[126.89405727638218,37.40234077817654]]]}},{"type":"Feature","properties":{"jobs":7696,"pop":3933,"pointCount":3,"homeWorkCommuteMedian":5207,"workHomeCommuteMedian":4143},"geometry":{"type":"Polygon","coordinates":[[[126.89405727638218,37.42032718545103],[126.89405727638218,37.429320389088275],[126.90305048001943,37.429320389088275],[126.90305048001943,37.42032718545103],[126.89405727638218,37.42032718545103]]]}},{"type":"Feature","properties":{"jobs":1901,"pop":254,"pointCount":1,"homeWorkCommuteMedian":5050,"workHomeCommuteMedian":5090},"geometry":{"type":"Polygon","coordinates":[[[126.89405727638218,37.429320389088275],[126.89405727638218,37.43831359272552],[126.90305048001943,37.43831359272552],[126.90305048001943,37.429320389088275],[126.89405727638218,37.429320389088275]]]}},{"type":"Feature","properties":{"jobs":5056,"pop":909,"pointCount":2,"homeWorkCommuteMedian":3565,"workHomeCommuteMedian":3565},"geometry":{"type":"Polygon","coordinates":[[[126.89405727638218,37.43831359272552],[126.89405727638218,37.44730679636277],[126.90305048001943,37.44730679636277],[126.90305048001943,37.43831359272552],[126.89405727638218,37.43831359272552]]]}},{"type":"Feature","properties":{"jobs":11970,"pop":2684,"pointCount":4,"homeWorkCommuteMedian":2831,"workHomeCommuteMedian":2797},"geometry":{"type":"Polygon","coordinates":[[[126.89405727638218,37.44730679636277],[126.89405727638218,37.45630000000001],[126.90305048001943,37.45630000000001],[126.90305048001943,37.44730679636277],[126.89405727638218,37.44730679636277]]]}},{"type":"Feature","properties":{"jobs":28592,"pop":10037,"pointCount":4,"homeWorkCommuteMedian":3565,"workHomeCommuteMedian":3496},"geometry":{"type":"Polygon","coordinates":[[[126.89405727638218,37.45630000000001],[126.89405727638218,37.46529320363726],[126.90305048001943,37.46529320363726],[126.90305048001943,37.45630000000001],[126.89405727638218,37.45630000000001]]]}},{"type":"Feature","properties":{"jobs":20495,"pop":4326,"pointCount":4,"homeWorkCommuteMedian":2797,"workHomeCommuteMedian":2765},"geometry":{"type":"Polygon","coordinates":[[[126.89405727638218,37.46529320363726],[126.89405727638218,37.474286407274505],[126.90305048001943,37.474286407274505],[126.90305048001943,37.46529320363726],[126.89405727638218,37.46529320363726]]]}},{"type":"Feature","properties":{"jobs":12451,"pop":4890,"pointCount":3,"homeWorkCommuteMedian":6221,"workHomeCommuteMedian":6023},"geometry":{"type":"Polygon","coordinates":[[[126.89405727638218,37.474286407274505],[126.89405727638218,37.48327961091175],[126.90305048001943,37.48327961091175],[126.90305048001943,37.474286407274505],[126.89405727638218,37.474286407274505]]]}},{"type":"Feature","properties":{"jobs":18833,"pop":6726,"pointCount":4,"homeWorkCommuteMedian":6071,"workHomeCommuteMedian":6082},"geometry":{"type":"Polygon","coordinates":[[[126.89405727638218,37.48327961091175],[126.89405727638218,37.492272814549],[126.90305048001943,37.492272814549],[126.90305048001943,37.48327961091175],[126.89405727638218,37.48327961091175]]]}},{"type":"Feature","properties":{"jobs":14084,"pop":3438,"pointCount":5,"homeWorkCommuteMedian":4234,"workHomeCommuteMedian":4260},"geometry":{"type":"Polygon","coordinates":[[[126.89405727638218,37.492272814549],[126.89405727638218,37.50126601818624],[126.90305048001943,37.50126601818624],[126.90305048001943,37.492272814549],[126.89405727638218,37.492272814549]]]}},{"type":"Feature","properties":{"jobs":31092,"pop":10705,"pointCount":4,"homeWorkCommuteMedian":3565,"workHomeCommuteMedian":3431},"geometry":{"type":"Polygon","coordinates":[[[126.89405727638218,37.50126601818624],[126.89405727638218,37.51025922182349],[126.90305048001943,37.51025922182349],[126.90305048001943,37.50126601818624],[126.89405727638218,37.50126601818624]]]}},{"type":"Feature","properties":{"jobs":16156,"pop":4523,"pointCount":4,"homeWorkCommuteMedian":3089,"workHomeCommuteMedian":2983},"geometry":{"type":"Polygon","coordinates":[[[126.89405727638218,37.51025922182349],[126.89405727638218,37.519252425460735],[126.90305048001943,37.519252425460735],[126.90305048001943,37.51025922182349],[126.89405727638218,37.51025922182349]]]}},{"type":"Feature","properties":{"jobs":22734,"pop":6529,"pointCount":4,"homeWorkCommuteMedian":2966,"workHomeCommuteMedian":2907},"geometry":{"type":"Polygon","coordinates":[[[126.89405727638218,37.519252425460735],[126.89405727638218,37.52824562909798],[126.90305048001943,37.52824562909798],[126.90305048001943,37.519252425460735],[126.89405727638218,37.519252425460735]]]}},{"type":"Feature","properties":{"jobs":39389,"pop":15887,"pointCount":4,"homeWorkCommuteMedian":4125,"workHomeCommuteMedian":3955},"geometry":{"type":"Polygon","coordinates":[[[126.89405727638218,37.52824562909798],[126.89405727638218,37.53723883273523],[126.90305048001943,37.53723883273523],[126.90305048001943,37.52824562909798],[126.89405727638218,37.52824562909798]]]}},{"type":"Feature","properties":{"jobs":8881,"pop":2980,"pointCount":1,"homeWorkCommuteMedian":4827,"workHomeCommuteMedian":10974},"geometry":{"type":"Polygon","coordinates":[[[126.89405727638218,37.54623203637247],[126.89405727638218,37.55522524000972],[126.90305048001943,37.55522524000972],[126.90305048001943,37.54623203637247],[126.89405727638218,37.54623203637247]]]}},{"type":"Feature","properties":{"jobs":11516,"pop":3338,"pointCount":3,"homeWorkCommuteMedian":3584,"workHomeCommuteMedian":3496},"geometry":{"type":"Polygon","coordinates":[[[126.89405727638218,37.55522524000972],[126.89405727638218,37.564218443646965],[126.90305048001943,37.564218443646965],[126.90305048001943,37.55522524000972],[126.89405727638218,37.55522524000972]]]}},{"type":"Feature","properties":{"jobs":6506,"pop":1750,"pointCount":2,"homeWorkCommuteMedian":3176,"workHomeCommuteMedian":3070},"geometry":{"type":"Polygon","coordinates":[[[126.89405727638218,37.564218443646965],[126.89405727638218,37.57321164728421],[126.90305048001943,37.57321164728421],[126.90305048001943,37.564218443646965],[126.89405727638218,37.564218443646965]]]}},{"type":"Feature","properties":{"jobs":4227,"pop":1293,"pointCount":4,"homeWorkCommuteMedian":5446,"workHomeCommuteMedian":5185},"geometry":{"type":"Polygon","coordinates":[[[126.89405727638218,37.57321164728421],[126.89405727638218,37.58220485092146],[126.90305048001943,37.58220485092146],[126.90305048001943,37.57321164728421],[126.89405727638218,37.57321164728421]]]}},{"type":"Feature","properties":{"jobs":2293,"pop":373,"pointCount":3,"homeWorkCommuteMedian":4913,"workHomeCommuteMedian":5531},"geometry":{"type":"Polygon","coordinates":[[[126.89405727638218,37.58220485092146],[126.89405727638218,37.5911980545587],[126.90305048001943,37.5911980545587],[126.90305048001943,37.58220485092146],[126.89405727638218,37.58220485092146]]]}},{"type":"Feature","properties":{"jobs":359,"pop":55,"pointCount":1,"homeWorkCommuteMedian":6345,"workHomeCommuteMedian":6345},"geometry":{"type":"Polygon","coordinates":[[[126.89405727638218,37.5911980545587],[126.89405727638218,37.60019125819595],[126.90305048001943,37.60019125819595],[126.90305048001943,37.5911980545587],[126.89405727638218,37.5911980545587]]]}},{"type":"Feature","properties":{"jobs":1761,"pop":856,"pointCount":2,"homeWorkCommuteMedian":5237,"workHomeCommuteMedian":5411},"geometry":{"type":"Polygon","coordinates":[[[126.89405727638218,37.60019125819595],[126.89405727638218,37.609184461833195],[126.90305048001943,37.609184461833195],[126.90305048001943,37.60019125819595],[126.89405727638218,37.60019125819595]]]}},{"type":"Feature","properties":{"jobs":219,"pop":21,"pointCount":1,"homeWorkCommuteMedian":3114,"workHomeCommuteMedian":3157},"geometry":{"type":"Polygon","coordinates":[[[126.89405727638218,37.609184461833195],[126.89405727638218,37.61817766547044],[126.90305048001943,37.61817766547044],[126.90305048001943,37.609184461833195],[126.89405727638218,37.609184461833195]]]}},{"type":"Feature","properties":{"jobs":1662,"pop":262,"pointCount":1,"homeWorkCommuteMedian":9511,"workHomeCommuteMedian":8004},"geometry":{"type":"Polygon","coordinates":[[[126.90305048001943,37.294422334529585],[126.90305048001943,37.30341553816683],[126.91204368365668,37.30341553816683],[126.91204368365668,37.294422334529585],[126.90305048001943,37.294422334529585]]]}},{"type":"Feature","properties":{"jobs":11174,"pop":7295,"pointCount":2,"homeWorkCommuteMedian":7818,"workHomeCommuteMedian":7973},"geometry":{"type":"Polygon","coordinates":[[[126.90305048001943,37.30341553816683],[126.90305048001943,37.31240874180408],[126.91204368365668,37.31240874180408],[126.91204368365668,37.30341553816683],[126.90305048001943,37.30341553816683]]]}},{"type":"Feature","properties":{"jobs":3607,"pop":1588,"pointCount":2,"homeWorkCommuteMedian":4033,"workHomeCommuteMedian":4077},"geometry":{"type":"Polygon","coordinates":[[[126.90305048001943,37.3753611672648],[126.90305048001943,37.384354370902045],[126.91204368365668,37.384354370902045],[126.91204368365668,37.3753611672648],[126.90305048001943,37.3753611672648]]]}},{"type":"Feature","properties":{"jobs":6977,"pop":2782,"pointCount":3,"homeWorkCommuteMedian":3496,"workHomeCommuteMedian":3364},"geometry":{"type":"Polygon","coordinates":[[[126.90305048001943,37.384354370902045],[126.90305048001943,37.39334757453929],[126.91204368365668,37.39334757453929],[126.91204368365668,37.384354370902045],[126.90305048001943,37.384354370902045]]]}},{"type":"Feature","properties":{"jobs":4455,"pop":1597,"pointCount":3,"homeWorkCommuteMedian":2797,"workHomeCommuteMedian":2541},"geometry":{"type":"Polygon","coordinates":[[[126.90305048001943,37.39334757453929],[126.90305048001943,37.40234077817654],[126.91204368365668,37.40234077817654],[126.91204368365668,37.39334757453929],[126.90305048001943,37.39334757453929]]]}},{"type":"Feature","properties":{"jobs":9050,"pop":3525,"pointCount":4,"homeWorkCommuteMedian":2883,"workHomeCommuteMedian":2969},"geometry":{"type":"Polygon","coordinates":[[[126.90305048001943,37.40234077817654],[126.90305048001943,37.41133398181378],[126.91204368365668,37.41133398181378],[126.91204368365668,37.40234077817654],[126.90305048001943,37.40234077817654]]]}},{"type":"Feature","properties":{"jobs":21620,"pop":9505,"pointCount":4,"homeWorkCommuteMedian":3127,"workHomeCommuteMedian":3127},"geometry":{"type":"Polygon","coordinates":[[[126.90305048001943,37.41133398181378],[126.90305048001943,37.42032718545103],[126.91204368365668,37.42032718545103],[126.91204368365668,37.41133398181378],[126.90305048001943,37.41133398181378]]]}},{"type":"Feature","properties":{"jobs":2161,"pop":309,"pointCount":3,"homeWorkCommuteMedian":5596,"workHomeCommuteMedian":5596},"geometry":{"type":"Polygon","coordinates":[[[126.90305048001943,37.42032718545103],[126.90305048001943,37.429320389088275],[126.91204368365668,37.429320389088275],[126.91204368365668,37.42032718545103],[126.90305048001943,37.42032718545103]]]}},{"type":"Feature","properties":{"jobs":2064,"pop":317,"pointCount":1,"homeWorkCommuteMedian":4691,"workHomeCommuteMedian":5325},"geometry":{"type":"Polygon","coordinates":[[[126.90305048001943,37.429320389088275],[126.90305048001943,37.43831359272552],[126.91204368365668,37.43831359272552],[126.91204368365668,37.429320389088275],[126.90305048001943,37.429320389088275]]]}},{"type":"Feature","properties":{"jobs":7085,"pop":1232,"pointCount":3,"homeWorkCommuteMedian":3496,"workHomeCommuteMedian":3496},"geometry":{"type":"Polygon","coordinates":[[[126.90305048001943,37.43831359272552],[126.90305048001943,37.44730679636277],[126.91204368365668,37.44730679636277],[126.91204368365668,37.43831359272552],[126.90305048001943,37.43831359272552]]]}},{"type":"Feature","properties":{"jobs":22296,"pop":5995,"pointCount":4,"homeWorkCommuteMedian":3155,"workHomeCommuteMedian":3266},"geometry":{"type":"Polygon","coordinates":[[[126.90305048001943,37.44730679636277],[126.90305048001943,37.45630000000001],[126.91204368365668,37.45630000000001],[126.91204368365668,37.44730679636277],[126.90305048001943,37.44730679636277]]]}},{"type":"Feature","properties":{"jobs":13878,"pop":3422,"pointCount":4,"homeWorkCommuteMedian":2254,"workHomeCommuteMedian":2417},"geometry":{"type":"Polygon","coordinates":[[[126.90305048001943,37.45630000000001],[126.90305048001943,37.46529320363726],[126.91204368365668,37.46529320363726],[126.91204368365668,37.45630000000001],[126.90305048001943,37.45630000000001]]]}},{"type":"Feature","properties":{"jobs":10511,"pop":2624,"pointCount":3,"homeWorkCommuteMedian":2883,"workHomeCommuteMedian":2638},"geometry":{"type":"Polygon","coordinates":[[[126.90305048001943,37.46529320363726],[126.90305048001943,37.474286407274505],[126.91204368365668,37.474286407274505],[126.91204368365668,37.46529320363726],[126.90305048001943,37.46529320363726]]]}},{"type":"Feature","properties":{"jobs":7472,"pop":1931,"pointCount":4,"homeWorkCommuteMedian":3441,"workHomeCommuteMedian":3127},"geometry":{"type":"Polygon","coordinates":[[[126.90305048001943,37.474286407274505],[126.90305048001943,37.48327961091175],[126.91204368365668,37.48327961091175],[126.91204368365668,37.474286407274505],[126.90305048001943,37.474286407274505]]]}},{"type":"Feature","properties":{"jobs":6387,"pop":1929,"pointCount":4,"homeWorkCommuteMedian":5718,"workHomeCommuteMedian":5637},"geometry":{"type":"Polygon","coordinates":[[[126.90305048001943,37.48327961091175],[126.90305048001943,37.492272814549],[126.91204368365668,37.492272814549],[126.91204368365668,37.48327961091175],[126.90305048001943,37.48327961091175]]]}},{"type":"Feature","properties":{"jobs":20765,"pop":2797,"pointCount":5,"homeWorkCommuteMedian":4546,"workHomeCommuteMedian":4559},"geometry":{"type":"Polygon","coordinates":[[[126.90305048001943,37.492272814549],[126.90305048001943,37.50126601818624],[126.91204368365668,37.50126601818624],[126.91204368365668,37.492272814549],[126.90305048001943,37.492272814549]]]}},{"type":"Feature","properties":{"jobs":27870,"pop":7365,"pointCount":4,"homeWorkCommuteMedian":3387,"workHomeCommuteMedian":3187},"geometry":{"type":"Polygon","coordinates":[[[126.90305048001943,37.50126601818624],[126.90305048001943,37.51025922182349],[126.91204368365668,37.51025922182349],[126.91204368365668,37.50126601818624],[126.90305048001943,37.50126601818624]]]}},{"type":"Feature","properties":{"jobs":40541,"pop":6748,"pointCount":6,"homeWorkCommuteMedian":2966,"workHomeCommuteMedian":3751},"geometry":{"type":"Polygon","coordinates":[[[126.90305048001943,37.51025922182349],[126.90305048001943,37.519252425460735],[126.91204368365668,37.519252425460735],[126.91204368365668,37.51025922182349],[126.90305048001943,37.51025922182349]]]}},{"type":"Feature","properties":{"jobs":39386,"pop":15824,"pointCount":5,"homeWorkCommuteMedian":3127,"workHomeCommuteMedian":3121},"geometry":{"type":"Polygon","coordinates":[[[126.90305048001943,37.519252425460735],[126.90305048001943,37.52824562909798],[126.91204368365668,37.52824562909798],[126.91204368365668,37.519252425460735],[126.90305048001943,37.519252425460735]]]}},{"type":"Feature","properties":{"jobs":12530,"pop":5398,"pointCount":2,"homeWorkCommuteMedian":3565,"workHomeCommuteMedian":3558},"geometry":{"type":"Polygon","coordinates":[[[126.90305048001943,37.52824562909798],[126.90305048001943,37.53723883273523],[126.91204368365668,37.53723883273523],[126.91204368365668,37.52824562909798],[126.90305048001943,37.52824562909798]]]}},{"type":"Feature","properties":{"jobs":18865,"pop":3616,"pointCount":4,"homeWorkCommuteMedian":3726,"workHomeCommuteMedian":3955},"geometry":{"type":"Polygon","coordinates":[[[126.90305048001943,37.54623203637247],[126.90305048001943,37.55522524000972],[126.91204368365668,37.55522524000972],[126.91204368365668,37.54623203637247],[126.90305048001943,37.54623203637247]]]}},{"type":"Feature","properties":{"jobs":11207,"pop":2230,"pointCount":4,"homeWorkCommuteMedian":2403,"workHomeCommuteMedian":2491},"geometry":{"type":"Polygon","coordinates":[[[126.90305048001943,37.55522524000972],[126.90305048001943,37.564218443646965],[126.91204368365668,37.564218443646965],[126.91204368365668,37.55522524000972],[126.90305048001943,37.55522524000972]]]}},{"type":"Feature","properties":{"jobs":24227,"pop":11175,"pointCount":4,"homeWorkCommuteMedian":3496,"workHomeCommuteMedian":3052},"geometry":{"type":"Polygon","coordinates":[[[126.90305048001943,37.564218443646965],[126.90305048001943,37.57321164728421],[126.91204368365668,37.57321164728421],[126.91204368365668,37.564218443646965],[126.90305048001943,37.564218443646965]]]}},{"type":"Feature","properties":{"jobs":9094,"pop":3114,"pointCount":4,"homeWorkCommuteMedian":4276,"workHomeCommuteMedian":3948},"geometry":{"type":"Polygon","coordinates":[[[126.90305048001943,37.57321164728421],[126.90305048001943,37.58220485092146],[126.91204368365668,37.58220485092146],[126.91204368365668,37.57321164728421],[126.90305048001943,37.57321164728421]]]}},{"type":"Feature","properties":{"jobs":5337,"pop":3097,"pointCount":4,"homeWorkCommuteMedian":3005,"workHomeCommuteMedian":3127},"geometry":{"type":"Polygon","coordinates":[[[126.90305048001943,37.58220485092146],[126.90305048001943,37.5911980545587],[126.91204368365668,37.5911980545587],[126.91204368365668,37.58220485092146],[126.90305048001943,37.58220485092146]]]}},{"type":"Feature","properties":{"jobs":13897,"pop":9271,"pointCount":4,"homeWorkCommuteMedian":2883,"workHomeCommuteMedian":2749},"geometry":{"type":"Polygon","coordinates":[[[126.90305048001943,37.5911980545587],[126.90305048001943,37.60019125819595],[126.91204368365668,37.60019125819595],[126.91204368365668,37.5911980545587],[126.90305048001943,37.5911980545587]]]}},{"type":"Feature","properties":{"jobs":9589,"pop":4260,"pointCount":4,"homeWorkCommuteMedian":2521,"workHomeCommuteMedian":2460},"geometry":{"type":"Polygon","coordinates":[[[126.90305048001943,37.60019125819595],[126.90305048001943,37.609184461833195],[126.91204368365668,37.609184461833195],[126.91204368365668,37.60019125819595],[126.90305048001943,37.60019125819595]]]}},{"type":"Feature","properties":{"jobs":9896,"pop":4684,"pointCount":4,"homeWorkCommuteMedian":2719,"workHomeCommuteMedian":2789},"geometry":{"type":"Polygon","coordinates":[[[126.90305048001943,37.609184461833195],[126.90305048001943,37.61817766547044],[126.91204368365668,37.61817766547044],[126.91204368365668,37.609184461833195],[126.90305048001943,37.609184461833195]]]}},{"type":"Feature","properties":{"jobs":1496,"pop":421,"pointCount":1,"homeWorkCommuteMedian":3127,"workHomeCommuteMedian":2931},"geometry":{"type":"Polygon","coordinates":[[[126.90305048001943,37.61817766547044],[126.90305048001943,37.62717086910769],[126.91204368365668,37.62717086910769],[126.91204368365668,37.61817766547044],[126.90305048001943,37.61817766547044]]]}},{"type":"Feature","properties":{"jobs":1722,"pop":268,"pointCount":1,"homeWorkCommuteMedian":10161,"workHomeCommuteMedian":10273},"geometry":{"type":"Polygon","coordinates":[[[126.91204368365668,37.28542913089234],[126.91204368365668,37.294422334529585],[126.92103688729392,37.294422334529585],[126.92103688729392,37.28542913089234],[126.91204368365668,37.28542913089234]]]}},{"type":"Feature","properties":{"jobs":6756,"pop":3296,"pointCount":4,"homeWorkCommuteMedian":6441,"workHomeCommuteMedian":6206},"geometry":{"type":"Polygon","coordinates":[[[126.91204368365668,37.31240874180408],[126.91204368365668,37.32140194544132],[126.92103688729392,37.32140194544132],[126.92103688729392,37.31240874180408],[126.91204368365668,37.31240874180408]]]}},{"type":"Feature","properties":{"jobs":12126,"pop":6525,"pointCount":4,"homeWorkCommuteMedian":4982,"workHomeCommuteMedian":4812},"geometry":{"type":"Polygon","coordinates":[[[126.91204368365668,37.32140194544132],[126.91204368365668,37.33039514907857],[126.92103688729392,37.33039514907857],[126.92103688729392,37.32140194544132],[126.91204368365668,37.32140194544132]]]}},{"type":"Feature","properties":{"jobs":4457,"pop":2146,"pointCount":1,"homeWorkCommuteMedian":5503,"workHomeCommuteMedian":4458},"geometry":{"type":"Polygon","coordinates":[[[126.91204368365668,37.33039514907857],[126.91204368365668,37.339388352715815],[126.92103688729392,37.339388352715815],[126.92103688729392,37.33039514907857],[126.91204368365668,37.33039514907857]]]}},{"type":"Feature","properties":{"jobs":12890,"pop":5315,"pointCount":2,"homeWorkCommuteMedian":3889,"workHomeCommuteMedian":3362},"geometry":{"type":"Polygon","coordinates":[[[126.91204368365668,37.34838155635306],[126.91204368365668,37.35737475999031],[126.92103688729392,37.35737475999031],[126.92103688729392,37.34838155635306],[126.91204368365668,37.34838155635306]]]}},{"type":"Feature","properties":{"jobs":23582,"pop":10347,"pointCount":2,"homeWorkCommuteMedian":4272,"workHomeCommuteMedian":4071},"geometry":{"type":"Polygon","coordinates":[[[126.91204368365668,37.35737475999031],[126.91204368365668,37.36636796362755],[126.92103688729392,37.36636796362755],[126.92103688729392,37.35737475999031],[126.91204368365668,37.35737475999031]]]}},{"type":"Feature","properties":{"jobs":1714,"pop":545,"pointCount":1,"homeWorkCommuteMedian":4699,"workHomeCommuteMedian":4943},"geometry":{"type":"Polygon","coordinates":[[[126.91204368365668,37.3753611672648],[126.91204368365668,37.384354370902045],[126.92103688729392,37.384354370902045],[126.92103688729392,37.3753611672648],[126.91204368365668,37.3753611672648]]]}},{"type":"Feature","properties":{"jobs":8265,"pop":1385,"pointCount":4,"homeWorkCommuteMedian":3765,"workHomeCommuteMedian":5594},"geometry":{"type":"Polygon","coordinates":[[[126.91204368365668,37.384354370902045],[126.91204368365668,37.39334757453929],[126.92103688729392,37.39334757453929],[126.92103688729392,37.384354370902045],[126.91204368365668,37.384354370902045]]]}},{"type":"Feature","properties":{"jobs":10520,"pop":2239,"pointCount":4,"homeWorkCommuteMedian":2521,"workHomeCommuteMedian":2563},"geometry":{"type":"Polygon","coordinates":[[[126.91204368365668,37.39334757453929],[126.91204368365668,37.40234077817654],[126.92103688729392,37.40234077817654],[126.92103688729392,37.39334757453929],[126.91204368365668,37.39334757453929]]]}},{"type":"Feature","properties":{"jobs":8180,"pop":3035,"pointCount":4,"homeWorkCommuteMedian":2531,"workHomeCommuteMedian":2583},"geometry":{"type":"Polygon","coordinates":[[[126.91204368365668,37.40234077817654],[126.91204368365668,37.41133398181378],[126.92103688729392,37.41133398181378],[126.92103688729392,37.40234077817654],[126.91204368365668,37.40234077817654]]]}},{"type":"Feature","properties":{"jobs":12794,"pop":5148,"pointCount":4,"homeWorkCommuteMedian":3662,"workHomeCommuteMedian":3496},"geometry":{"type":"Polygon","coordinates":[[[126.91204368365668,37.41133398181378],[126.91204368365668,37.42032718545103],[126.92103688729392,37.42032718545103],[126.92103688729392,37.41133398181378],[126.91204368365668,37.41133398181378]]]}},{"type":"Feature","properties":{"jobs":10758,"pop":4827,"pointCount":2,"homeWorkCommuteMedian":5594,"workHomeCommuteMedian":8804},"geometry":{"type":"Polygon","coordinates":[[[126.91204368365668,37.42032718545103],[126.91204368365668,37.429320389088275],[126.92103688729392,37.429320389088275],[126.92103688729392,37.42032718545103],[126.91204368365668,37.42032718545103]]]}},{"type":"Feature","properties":{"jobs":2580,"pop":1112,"pointCount":1,"homeWorkCommuteMedian":5793,"workHomeCommuteMedian":5078},"geometry":{"type":"Polygon","coordinates":[[[126.91204368365668,37.429320389088275],[126.91204368365668,37.43831359272552],[126.92103688729392,37.43831359272552],[126.92103688729392,37.429320389088275],[126.91204368365668,37.429320389088275]]]}},{"type":"Feature","properties":{"jobs":4777,"pop":958,"pointCount":2,"homeWorkCommuteMedian":4691,"workHomeCommuteMedian":4993},"geometry":{"type":"Polygon","coordinates":[[[126.91204368365668,37.43831359272552],[126.91204368365668,37.44730679636277],[126.92103688729392,37.44730679636277],[126.92103688729392,37.43831359272552],[126.91204368365668,37.43831359272552]]]}},{"type":"Feature","properties":{"jobs":13899,"pop":3742,"pointCount":3,"homeWorkCommuteMedian":3565,"workHomeCommuteMedian":3720},"geometry":{"type":"Polygon","coordinates":[[[126.91204368365668,37.44730679636277],[126.91204368365668,37.45630000000001],[126.92103688729392,37.45630000000001],[126.92103688729392,37.44730679636277],[126.91204368365668,37.44730679636277]]]}},{"type":"Feature","properties":{"jobs":9183,"pop":2164,"pointCount":3,"homeWorkCommuteMedian":4366,"workHomeCommuteMedian":4253},"geometry":{"type":"Polygon","coordinates":[[[126.91204368365668,37.45630000000001],[126.91204368365668,37.46529320363726],[126.92103688729392,37.46529320363726],[126.92103688729392,37.45630000000001],[126.91204368365668,37.45630000000001]]]}},{"type":"Feature","properties":{"jobs":7995,"pop":1574,"pointCount":4,"homeWorkCommuteMedian":4187,"workHomeCommuteMedian":3956},"geometry":{"type":"Polygon","coordinates":[[[126.91204368365668,37.46529320363726],[126.91204368365668,37.474286407274505],[126.92103688729392,37.474286407274505],[126.92103688729392,37.46529320363726],[126.91204368365668,37.46529320363726]]]}},{"type":"Feature","properties":{"jobs":5667,"pop":733,"pointCount":4,"homeWorkCommuteMedian":4253,"workHomeCommuteMedian":3703},"geometry":{"type":"Polygon","coordinates":[[[126.91204368365668,37.474286407274505],[126.91204368365668,37.48327961091175],[126.92103688729392,37.48327961091175],[126.92103688729392,37.474286407274505],[126.91204368365668,37.474286407274505]]]}},{"type":"Feature","properties":{"jobs":4624,"pop":1046,"pointCount":2,"homeWorkCommuteMedian":6038,"workHomeCommuteMedian":6108},"geometry":{"type":"Polygon","coordinates":[[[126.91204368365668,37.48327961091175],[126.91204368365668,37.492272814549],[126.92103688729392,37.492272814549],[126.92103688729392,37.48327961091175],[126.91204368365668,37.48327961091175]]]}},{"type":"Feature","properties":{"jobs":4683,"pop":593,"pointCount":3,"homeWorkCommuteMedian":4631,"workHomeCommuteMedian":4528},"geometry":{"type":"Polygon","coordinates":[[[126.91204368365668,37.492272814549],[126.91204368365668,37.50126601818624],[126.92103688729392,37.50126601818624],[126.92103688729392,37.492272814549],[126.91204368365668,37.492272814549]]]}},{"type":"Feature","properties":{"jobs":13834,"pop":3041,"pointCount":4,"homeWorkCommuteMedian":3356,"workHomeCommuteMedian":3530},"geometry":{"type":"Polygon","coordinates":[[[126.91204368365668,37.50126601818624],[126.91204368365668,37.51025922182349],[126.92103688729392,37.51025922182349],[126.92103688729392,37.50126601818624],[126.91204368365668,37.50126601818624]]]}},{"type":"Feature","properties":{"jobs":14012,"pop":3612,"pointCount":4,"homeWorkCommuteMedian":3203,"workHomeCommuteMedian":3302},"geometry":{"type":"Polygon","coordinates":[[[126.91204368365668,37.51025922182349],[126.91204368365668,37.519252425460735],[126.92103688729392,37.519252425460735],[126.92103688729392,37.51025922182349],[126.91204368365668,37.51025922182349]]]}},{"type":"Feature","properties":{"jobs":7587,"pop":2151,"pointCount":3,"homeWorkCommuteMedian":3377,"workHomeCommuteMedian":3360},"geometry":{"type":"Polygon","coordinates":[[[126.91204368365668,37.519252425460735],[126.91204368365668,37.52824562909798],[126.92103688729392,37.52824562909798],[126.92103688729392,37.519252425460735],[126.91204368365668,37.519252425460735]]]}},{"type":"Feature","properties":{"jobs":1854,"pop":443,"pointCount":1,"homeWorkCommuteMedian":4284,"workHomeCommuteMedian":3238},"geometry":{"type":"Polygon","coordinates":[[[126.91204368365668,37.52824562909798],[126.91204368365668,37.53723883273523],[126.92103688729392,37.53723883273523],[126.92103688729392,37.52824562909798],[126.91204368365668,37.52824562909798]]]}},{"type":"Feature","properties":{"jobs":5018,"pop":1678,"pointCount":2,"homeWorkCommuteMedian":4253,"workHomeCommuteMedian":3717},"geometry":{"type":"Polygon","coordinates":[[[126.91204368365668,37.53723883273523],[126.91204368365668,37.54623203637247],[126.92103688729392,37.54623203637247],[126.92103688729392,37.53723883273523],[126.91204368365668,37.53723883273523]]]}},{"type":"Feature","properties":{"jobs":11030,"pop":2930,"pointCount":4,"homeWorkCommuteMedian":3221,"workHomeCommuteMedian":3127},"geometry":{"type":"Polygon","coordinates":[[[126.91204368365668,37.54623203637247],[126.91204368365668,37.55522524000972],[126.92103688729392,37.55522524000972],[126.92103688729392,37.54623203637247],[126.91204368365668,37.54623203637247]]]}},{"type":"Feature","properties":{"jobs":11351,"pop":2451,"pointCount":4,"homeWorkCommuteMedian":2445,"workHomeCommuteMedian":2521},"geometry":{"type":"Polygon","coordinates":[[[126.91204368365668,37.55522524000972],[126.91204368365668,37.564218443646965],[126.92103688729392,37.564218443646965],[126.92103688729392,37.55522524000972],[126.91204368365668,37.55522524000972]]]}},{"type":"Feature","properties":{"jobs":8633,"pop":1494,"pointCount":3,"homeWorkCommuteMedian":5095,"workHomeCommuteMedian":3853},"geometry":{"type":"Polygon","coordinates":[[[126.91204368365668,37.564218443646965],[126.91204368365668,37.57321164728421],[126.92103688729392,37.57321164728421],[126.92103688729392,37.564218443646965],[126.91204368365668,37.564218443646965]]]}},{"type":"Feature","properties":{"jobs":7695,"pop":2716,"pointCount":4,"homeWorkCommuteMedian":3852,"workHomeCommuteMedian":3710},"geometry":{"type":"Polygon","coordinates":[[[126.91204368365668,37.57321164728421],[126.91204368365668,37.58220485092146],[126.92103688729392,37.58220485092146],[126.92103688729392,37.57321164728421],[126.91204368365668,37.57321164728421]]]}},{"type":"Feature","properties":{"jobs":4970,"pop":1811,"pointCount":3,"homeWorkCommuteMedian":2797,"workHomeCommuteMedian":2606},"geometry":{"type":"Polygon","coordinates":[[[126.91204368365668,37.58220485092146],[126.91204368365668,37.5911980545587],[126.92103688729392,37.5911980545587],[126.92103688729392,37.58220485092146],[126.91204368365668,37.58220485092146]]]}},{"type":"Feature","properties":{"jobs":13556,"pop":6031,"pointCount":4,"homeWorkCommuteMedian":2653,"workHomeCommuteMedian":2740},"geometry":{"type":"Polygon","coordinates":[[[126.91204368365668,37.5911980545587],[126.91204368365668,37.60019125819595],[126.92103688729392,37.60019125819595],[126.92103688729392,37.5911980545587],[126.91204368365668,37.5911980545587]]]}},{"type":"Feature","properties":{"jobs":24410,"pop":12241,"pointCount":5,"homeWorkCommuteMedian":2797,"workHomeCommuteMedian":2883},"geometry":{"type":"Polygon","coordinates":[[[126.91204368365668,37.60019125819595],[126.91204368365668,37.609184461833195],[126.92103688729392,37.609184461833195],[126.92103688729392,37.60019125819595],[126.91204368365668,37.60019125819595]]]}},{"type":"Feature","properties":{"jobs":12787,"pop":6441,"pointCount":4,"homeWorkCommuteMedian":2583,"workHomeCommuteMedian":2388},"geometry":{"type":"Polygon","coordinates":[[[126.91204368365668,37.609184461833195],[126.91204368365668,37.61817766547044],[126.92103688729392,37.61817766547044],[126.92103688729392,37.609184461833195],[126.91204368365668,37.609184461833195]]]}},{"type":"Feature","properties":{"jobs":8376,"pop":2818,"pointCount":5,"homeWorkCommuteMedian":3110,"workHomeCommuteMedian":2886},"geometry":{"type":"Polygon","coordinates":[[[126.91204368365668,37.61817766547044],[126.91204368365668,37.62717086910769],[126.92103688729392,37.62717086910769],[126.92103688729392,37.61817766547044],[126.91204368365668,37.61817766547044]]]}}],"properties":{"residentWeightedNearestNeighborKm":{"p10":0.3323419489160237,"p25":0.39679295759596445,"p50":0.39719963209343895,"p75":0.3977248655275368,"p90":0.39810610774564903,"mean":0.39395627218185064},"workerWeightedNearestNeighborKm":{"p10":0.25070597212024837,"p25":0.39681689921326124,"p50":0.3970800954184828,"p75":0.3975101407374824,"p90":0.39801085610486003,"mean":0.38651138487561426},"commuteDistanceKm":{"p10":2418,"p25":3496,"p50":5448,"p75":8338,"p90":12853,"mean":6904.376103904507},"residentCellDensity":{"p10":152,"p25":592,"p50":2230,"p75":5367,"p90":10002,"mean":3911.9957983193276},"workerCellDensity":{"p10":843,"p25":3103,"p50":8248,"p75":16374,"p90":26480,"mean":12010.454293628809},"detail":{"radiusKm":0.39713985925848466,"expectedPointSpacingKm":0.5981471225195307,"normalizedRadius":0.6639501291682921,"activityPerPoint":2709.33159300345,"playableAreaKm2":1112,"playableAreaPerPointKm2":0.5510406342913776,"playableCatchmentRadiusKm":0.4188098394067793,"localityScore":0.3220752654161521,"deaggregationScore":1,"score":0.567516753423326},"polycentrism":{"activity":{"score":0.7918589203167681,"continuousScore":0.796656277782337,"detectedCenterCount":2,"effectiveCenterCount":1.6554358043386699,"largestCenterShare":0.7281124063281258,"bandwidthKm":1.3,"reliabilityScore":1,"supportLevel":"high","usedFallback":false,"topCenters":[{"longitude":126.7731224838917,"latitude":37.50249515823996,"massShare":0.7281124063281258,"assignedMass":9208782,"assignedPointCount":1490,"prominenceRatio":1},{"longitude":126.80764769328117,"latitude":37.34903853511929,"massShare":0.2718875936718742,"assignedMass":3438691,"assignedPointCount":528,"prominenceRatio":1}],"debug":{"rawPeakCount":31,"mergedPeakCount":25,"filteredPeakCount":2,"prominenceThreshold":0.22,"minPointsPerCenter":10,"rejectedCenters":[{"longitude":126.69517466823937,"latitude":37.45159474014657,"massShare":0.1343634416139888,"assignedMass":1699358,"assignedPointCount":224,"prominenceRatio":0.9999999218995592,"strongestCompetitorDistanceKm":7.467851023182918,"strongestCompetitorPotential":557051.8716083585,"localConsolidatedShare":0.2465222894723713,"localConsolidatedMass":3117884,"localContributorCount":4,"localContributorDistancesKm":[6.553226963534218,10.221273513331466,11.072600465898878],"rejectionReasons":["too_close_for_low_share_center"]},{"longitude":126.8993567152419,"latitude":37.52009900500542,"massShare":0.09356177317002377,"assignedMass":1183320,"assignedPointCount":216,"prominenceRatio":0.9999999999999953,"strongestCompetitorDistanceKm":10.624580797637845,"strongestCompetitorPotential":557051.8716083585,"localConsolidatedShare":0.09356177317002377,"localConsolidatedMass":1183320,"localContributorCount":1,"localContributorDistancesKm":[],"rejectionReasons":["not_dominant_local_peak","too_close_for_low_share_center"]},{"longitude":126.8656311082641,"latitude":37.48489382007924,"massShare":0.10484885004300859,"assignedMass":1326073,"assignedPointCount":211,"prominenceRatio":0.9999996018210825,"strongestCompetitorDistanceKm":7.166125735675475,"strongestCompetitorPotential":557051.8716083585,"localConsolidatedShare":0.10484885004300859,"localConsolidatedMass":1326073,"localContributorCount":1,"localContributorDistancesKm":[],"rejectionReasons":["not_dominant_local_peak","too_close_for_low_share_center"]},{"longitude":126.72019648728966,"latitude":37.5125815733585,"massShare":0.08063919171837726,"assignedMass":1019882,"assignedPointCount":179,"prominenceRatio":0.9980534398392898,"strongestCompetitorDistanceKm":4.791953003122842,"strongestCompetitorPotential":557051.8716083585,"localConsolidatedShare":0.08063919171837726,"localConsolidatedMass":1019882,"localContributorCount":1,"localContributorDistancesKm":[],"rejectionReasons":["not_dominant_local_peak","too_close_for_low_share_center"]},{"longitude":126.91317068995765,"latitude":37.59989770743723,"massShare":0.04199985246064569,"assignedMass":531192,"assignedPointCount":120,"prominenceRatio":1,"strongestCompetitorDistanceKm":17.55164422049526,"strongestCompetitorPotential":557051.8716083585,"localConsolidatedShare":0.04199985246064569,"localConsolidatedMass":531192,"localContributorCount":1,"localContributorDistancesKm":[],"rejectionReasons":["below_secondary_share_floor"]},{"longitude":126.6418553372742,"latitude":37.39542004831107,"massShare":0.05155045596855593,"assignedMass":651983,"assignedPointCount":100,"prominenceRatio":1,"strongestCompetitorDistanceKm":16.655275312037627,"strongestCompetitorPotential":371251.4337384207,"localConsolidatedShare":0.05155045596855593,"localConsolidatedMass":651983,"localContributorCount":1,"localContributorDistancesKm":[],"rejectionReasons":["below_secondary_share_floor"]},{"longitude":126.71390016169902,"latitude":37.40134045238448,"massShare":0.03321232628842141,"assignedMass":420052,"assignedPointCount":68,"prominenceRatio":0.9999999999999989,"strongestCompetitorDistanceKm":10.892791296844614,"strongestCompetitorPotential":371251.4337384207,"localConsolidatedShare":0.03321232628842141,"localConsolidatedMass":420052,"localContributorCount":1,"localContributorDistancesKm":[],"rejectionReasons":["below_secondary_share_floor"]},{"longitude":126.70544444077954,"latitude":37.60970641130545,"massShare":0.03266067458693132,"assignedMass":413075,"assignedPointCount":93,"prominenceRatio":1,"strongestCompetitorDistanceKm":15.728933055306003,"strongestCompetitorPotential":557051.8716083585,"localConsolidatedShare":0.03266067458693132,"localConsolidatedMass":413075,"localContributorCount":1,"localContributorDistancesKm":[],"rejectionReasons":["below_secondary_share_floor"]},{"longitude":126.79781969914076,"latitude":37.43604472336154,"massShare":0.021976247745300583,"assignedMass":277944,"assignedPointCount":50,"prominenceRatio":0.9999943503545335,"strongestCompetitorDistanceKm":6.6960799428182805,"strongestCompetitorPotential":557051.8716083585,"localConsolidatedShare":0.021976247745300583,"localConsolidatedMass":277944,"localContributorCount":1,"localContributorDistancesKm":[],"rejectionReasons":["below_secondary_share_floor"]},{"longitude":126.72397740364686,"latitude":37.34818284399594,"massShare":0.027396065601405117,"assignedMass":346491,"assignedPointCount":64,"prominenceRatio":0.9999999991820646,"strongestCompetitorDistanceKm":8.576880669915257,"strongestCompetitorPotential":371251.4337384207,"localConsolidatedShare":0.027396065601405117,"localConsolidatedMass":346491,"localContributorCount":1,"localContributorDistancesKm":[],"rejectionReasons":["below_secondary_share_floor"]},{"longitude":126.9049834636634,"latitude":37.40955190255954,"massShare":0.03437263712679996,"assignedMass":434727,"assignedPointCount":94,"prominenceRatio":0.999999999999953,"strongestCompetitorDistanceKm":10.326410705216718,"strongestCompetitorPotential":371251.4337384207,"localConsolidatedShare":0.03437263712679996,"localConsolidatedMass":434727,"localContributorCount":1,"localContributorDistancesKm":[],"rejectionReasons":["below_secondary_share_floor"]},{"longitude":126.91963532199156,"latitude":37.34224074781127,"massShare":0.02671411119043306,"assignedMass":337866,"assignedPointCount":43,"prominenceRatio":0.9999999999968339,"strongestCompetitorDistanceKm":9.615106023653048,"strongestCompetitorPotential":371251.4337384207,"localConsolidatedShare":0.02671411119043306,"localConsolidatedMass":337866,"localContributorCount":1,"localContributorDistancesKm":[],"rejectionReasons":["below_secondary_share_floor"]},{"longitude":126.64960285465934,"latitude":37.61877493597023,"massShare":0.024395703394662318,"assignedMass":308544,"assignedPointCount":46,"prominenceRatio":1,"strongestCompetitorDistanceKm":18.082663802058516,"strongestCompetitorPotential":557051.8716083585,"localConsolidatedShare":0.024395703394662318,"localConsolidatedMass":308544,"localContributorCount":1,"localContributorDistancesKm":[],"rejectionReasons":["below_secondary_share_floor"]},{"longitude":126.78823302124096,"latitude":37.37719795213173,"massShare":0.018671555970113555,"assignedMass":236148,"assignedPointCount":37,"prominenceRatio":0.9993367196994413,"strongestCompetitorDistanceKm":5.292367657051923,"strongestCompetitorPotential":371251.4337384207,"localConsolidatedShare":0.018671555970113555,"localConsolidatedMass":236148,"localContributorCount":1,"localContributorDistancesKm":[],"rejectionReasons":["below_secondary_share_floor"]},{"longitude":126.5590675658514,"latitude":37.48669256771898,"massShare":0.010584090592642498,"assignedMass":133862,"assignedPointCount":13,"prominenceRatio":1,"strongestCompetitorDistanceKm":19.466604641181245,"strongestCompetitorPotential":557051.8716083585,"localConsolidatedShare":0.010584090592642498,"localConsolidatedMass":133862,"localContributorCount":1,"localContributorDistancesKm":[],"rejectionReasons":["below_secondary_share_floor"]},{"longitude":126.85476895936813,"latitude":37.373565996761705,"massShare":0.007227214479920218,"assignedMass":91406,"assignedPointCount":18,"prominenceRatio":0.9950494950186829,"strongestCompetitorDistanceKm":4.873677189998532,"strongestCompetitorPotential":371251.4337384207,"localConsolidatedShare":0.007227214479920218,"localConsolidatedMass":91406,"localContributorCount":1,"localContributorDistancesKm":[],"rejectionReasons":["below_secondary_share_floor"]},{"longitude":126.82949500640467,"latitude":37.62363892639122,"massShare":0.007061489674656748,"assignedMass":89310,"assignedPointCount":24,"prominenceRatio":1,"strongestCompetitorDistanceKm":15.044614515814654,"strongestCompetitorPotential":557051.8716083585,"localConsolidatedShare":0.007061489674656748,"localConsolidatedMass":89310,"localContributorCount":1,"localContributorDistancesKm":[],"rejectionReasons":["below_secondary_share_floor"]},{"longitude":126.80252984432784,"latitude":37.55638276136327,"massShare":0.007307783934387526,"assignedMass":92425,"assignedPointCount":26,"prominenceRatio":0.9999991195665547,"strongestCompetitorDistanceKm":7.385217170257338,"strongestCompetitorPotential":557051.8716083585,"localConsolidatedShare":0.007307783934387526,"localConsolidatedMass":92425,"localContributorCount":1,"localContributorDistancesKm":[],"rejectionReasons":["below_secondary_share_floor"]},{"longitude":126.75450727815972,"latitude":37.58157011834812,"massShare":0.009500237715470908,"assignedMass":120154,"assignedPointCount":35,"prominenceRatio":0.9999999999999987,"strongestCompetitorDistanceKm":11.122344977883182,"strongestCompetitorPotential":557051.8716083585,"localConsolidatedShare":0.009500237715470908,"localConsolidatedMass":120154,"localContributorCount":1,"localContributorDistancesKm":[],"rejectionReasons":["below_secondary_share_floor"]},{"longitude":126.49547488509872,"latitude":37.48603411155731,"massShare":0.005178188559880697,"assignedMass":65491,"assignedPointCount":6,"prominenceRatio":1,"strongestCompetitorDistanceKm":25.0252249477622,"strongestCompetitorPotential":557051.8716083585,"localConsolidatedShare":0.005178188559880697,"localConsolidatedMass":65491,"localContributorCount":1,"localContributorDistancesKm":[],"rejectionReasons":["below_min_points_per_center"]},{"longitude":126.63408281943389,"latitude":37.49350425917202,"massShare":0.009902768719095111,"assignedMass":125245,"assignedPointCount":17,"prominenceRatio":1,"strongestCompetitorDistanceKm":14.220655252750406,"strongestCompetitorPotential":557051.8716083585,"localConsolidatedShare":0.009902768719095111,"localConsolidatedMass":125245,"localContributorCount":1,"localContributorDistancesKm":[],"rejectionReasons":["below_secondary_share_floor"]},{"longitude":126.5721005630742,"latitude":37.285353571075774,"massShare":0.0008003970437414652,"assignedMass":10123,"assignedPointCount":2,"prominenceRatio":1,"strongestCompetitorDistanceKm":22.578418448671716,"strongestCompetitorPotential":371251.4337384207,"localConsolidatedShare":0.0008003970437414652,"localConsolidatedMass":10123,"localContributorCount":1,"localContributorDistancesKm":[],"rejectionReasons":["below_min_points_per_center"]},{"longitude":126.52129626542181,"latitude":37.62550033344448,"massShare":0.0002371224670730667,"assignedMass":2999,"assignedPointCount":8,"prominenceRatio":1,"strongestCompetitorDistanceKm":27.899440688455083,"strongestCompetitorPotential":557051.8716083585,"localConsolidatedShare":0.0002371224670730667,"localConsolidatedMass":2999,"localContributorCount":1,"localContributorDistancesKm":[],"rejectionReasons":["below_min_points_per_center"]}]}}}}}
