{"type":"FeatureCollection","features":[{"type":"Feature","properties":{"jobs":0,"pop":25,"pointCount":1,"homeWorkCommuteMedian":48391,"workHomeCommuteMedian":-1},"geometry":{"type":"Polygon","coordinates":[[[120.71245336808909,24.57224771438783],[120.71245336808909,24.581240918025077],[120.72144657172633,24.581240918025077],[120.72144657172633,24.57224771438783],[120.71245336808909,24.57224771438783]]]}},{"type":"Feature","properties":{"jobs":0,"pop":130,"pointCount":2,"homeWorkCommuteMedian":17034,"workHomeCommuteMedian":-1},"geometry":{"type":"Polygon","coordinates":[[[120.71245336808909,24.581240918025077],[120.71245336808909,24.590234121662323],[120.72144657172633,24.590234121662323],[120.72144657172633,24.581240918025077],[120.71245336808909,24.581240918025077]]]}},{"type":"Feature","properties":{"jobs":0,"pop":21,"pointCount":1,"homeWorkCommuteMedian":1746,"workHomeCommuteMedian":-1},"geometry":{"type":"Polygon","coordinates":[[[120.72144657172633,24.55426130711334],[120.72144657172633,24.563254510750586],[120.73043977536358,24.563254510750586],[120.73043977536358,24.55426130711334],[120.72144657172633,24.55426130711334]]]}},{"type":"Feature","properties":{"jobs":48,"pop":79,"pointCount":3,"homeWorkCommuteMedian":52391,"workHomeCommuteMedian":13219},"geometry":{"type":"Polygon","coordinates":[[[120.72144657172633,24.563254510750586],[120.72144657172633,24.57224771438783],[120.73043977536358,24.57224771438783],[120.73043977536358,24.563254510750586],[120.72144657172633,24.563254510750586]]]}},{"type":"Feature","properties":{"jobs":177,"pop":88,"pointCount":7,"homeWorkCommuteMedian":41172,"workHomeCommuteMedian":11743},"geometry":{"type":"Polygon","coordinates":[[[120.72144657172633,24.57224771438783],[120.72144657172633,24.581240918025077],[120.73043977536358,24.581240918025077],[120.73043977536358,24.57224771438783],[120.72144657172633,24.57224771438783]]]}},{"type":"Feature","properties":{"jobs":0,"pop":69,"pointCount":2,"homeWorkCommuteMedian":11383,"workHomeCommuteMedian":-1},"geometry":{"type":"Polygon","coordinates":[[[120.72144657172633,24.581240918025077],[120.72144657172633,24.590234121662323],[120.73043977536358,24.590234121662323],[120.73043977536358,24.581240918025077],[120.72144657172633,24.581240918025077]]]}},{"type":"Feature","properties":{"jobs":64,"pop":127,"pointCount":4,"homeWorkCommuteMedian":8540,"workHomeCommuteMedian":21660},"geometry":{"type":"Polygon","coordinates":[[[120.73043977536358,24.563254510750586],[120.73043977536358,24.57224771438783],[120.73943297900082,24.57224771438783],[120.73943297900082,24.563254510750586],[120.73043977536358,24.563254510750586]]]}},{"type":"Feature","properties":{"jobs":95,"pop":26,"pointCount":2,"homeWorkCommuteMedian":10645,"workHomeCommuteMedian":13103},"geometry":{"type":"Polygon","coordinates":[[[120.73043977536358,24.57224771438783],[120.73043977536358,24.581240918025077],[120.73943297900082,24.581240918025077],[120.73943297900082,24.57224771438783],[120.73043977536358,24.57224771438783]]]}},{"type":"Feature","properties":{"jobs":75,"pop":191,"pointCount":5,"homeWorkCommuteMedian":19832,"workHomeCommuteMedian":11341},"geometry":{"type":"Polygon","coordinates":[[[120.73043977536358,24.581240918025077],[120.73043977536358,24.590234121662323],[120.73943297900082,24.590234121662323],[120.73943297900082,24.581240918025077],[120.73043977536358,24.581240918025077]]]}},{"type":"Feature","properties":{"jobs":19,"pop":51,"pointCount":3,"homeWorkCommuteMedian":47761,"workHomeCommuteMedian":9554},"geometry":{"type":"Polygon","coordinates":[[[120.73043977536358,24.590234121662323],[120.73043977536358,24.59922732529957],[120.73943297900082,24.59922732529957],[120.73943297900082,24.590234121662323],[120.73043977536358,24.590234121662323]]]}},{"type":"Feature","properties":{"jobs":0,"pop":50,"pointCount":1,"homeWorkCommuteMedian":7549,"workHomeCommuteMedian":-1},"geometry":{"type":"Polygon","coordinates":[[[120.73043977536358,24.59922732529957],[120.73043977536358,24.608220528936815],[120.73943297900082,24.608220528936815],[120.73943297900082,24.59922732529957],[120.73043977536358,24.59922732529957]]]}},{"type":"Feature","properties":{"jobs":0,"pop":106,"pointCount":2,"homeWorkCommuteMedian":7438,"workHomeCommuteMedian":-1},"geometry":{"type":"Polygon","coordinates":[[[120.73943297900082,24.5272816962016],[120.73943297900082,24.536274899838848],[120.74842618263807,24.536274899838848],[120.74842618263807,24.5272816962016],[120.73943297900082,24.5272816962016]]]}},{"type":"Feature","properties":{"jobs":0,"pop":39,"pointCount":1,"homeWorkCommuteMedian":45153,"workHomeCommuteMedian":-1},"geometry":{"type":"Polygon","coordinates":[[[120.73943297900082,24.536274899838848],[120.73943297900082,24.545268103476094],[120.74842618263807,24.545268103476094],[120.74842618263807,24.536274899838848],[120.73943297900082,24.536274899838848]]]}},{"type":"Feature","properties":{"jobs":0,"pop":135,"pointCount":4,"homeWorkCommuteMedian":44751,"workHomeCommuteMedian":-1},"geometry":{"type":"Polygon","coordinates":[[[120.73943297900082,24.545268103476094],[120.73943297900082,24.55426130711334],[120.74842618263807,24.55426130711334],[120.74842618263807,24.545268103476094],[120.73943297900082,24.545268103476094]]]}},{"type":"Feature","properties":{"jobs":24,"pop":72,"pointCount":3,"homeWorkCommuteMedian":8589,"workHomeCommuteMedian":31654},"geometry":{"type":"Polygon","coordinates":[[[120.73943297900082,24.55426130711334],[120.73943297900082,24.563254510750586],[120.74842618263807,24.563254510750586],[120.74842618263807,24.55426130711334],[120.73943297900082,24.55426130711334]]]}},{"type":"Feature","properties":{"jobs":1128,"pop":150,"pointCount":6,"homeWorkCommuteMedian":30679,"workHomeCommuteMedian":6176},"geometry":{"type":"Polygon","coordinates":[[[120.73943297900082,24.563254510750586],[120.73943297900082,24.57224771438783],[120.74842618263807,24.57224771438783],[120.74842618263807,24.563254510750586],[120.73943297900082,24.563254510750586]]]}},{"type":"Feature","properties":{"jobs":0,"pop":100,"pointCount":2,"homeWorkCommuteMedian":12279,"workHomeCommuteMedian":-1},"geometry":{"type":"Polygon","coordinates":[[[120.73943297900082,24.57224771438783],[120.73943297900082,24.581240918025077],[120.74842618263807,24.581240918025077],[120.74842618263807,24.57224771438783],[120.73943297900082,24.57224771438783]]]}},{"type":"Feature","properties":{"jobs":0,"pop":49,"pointCount":1,"homeWorkCommuteMedian":8350,"workHomeCommuteMedian":-1},"geometry":{"type":"Polygon","coordinates":[[[120.73943297900082,24.581240918025077],[120.73943297900082,24.590234121662323],[120.74842618263807,24.590234121662323],[120.74842618263807,24.581240918025077],[120.73943297900082,24.581240918025077]]]}},{"type":"Feature","properties":{"jobs":0,"pop":102,"pointCount":2,"homeWorkCommuteMedian":9489,"workHomeCommuteMedian":-1},"geometry":{"type":"Polygon","coordinates":[[[120.73943297900082,24.590234121662323],[120.73943297900082,24.59922732529957],[120.74842618263807,24.59922732529957],[120.74842618263807,24.590234121662323],[120.73943297900082,24.590234121662323]]]}},{"type":"Feature","properties":{"jobs":378,"pop":0,"pointCount":1,"homeWorkCommuteMedian":-1,"workHomeCommuteMedian":14711},"geometry":{"type":"Polygon","coordinates":[[[120.74842618263807,24.446342863466388],[120.74842618263807,24.455336067103634],[120.75741938627532,24.455336067103634],[120.75741938627532,24.446342863466388],[120.74842618263807,24.446342863466388]]]}},{"type":"Feature","properties":{"jobs":55,"pop":0,"pointCount":1,"homeWorkCommuteMedian":-1,"workHomeCommuteMedian":6776},"geometry":{"type":"Polygon","coordinates":[[[120.74842618263807,24.46432927074088],[120.74842618263807,24.473322474378126],[120.75741938627532,24.473322474378126],[120.75741938627532,24.46432927074088],[120.74842618263807,24.46432927074088]]]}},{"type":"Feature","properties":{"jobs":0,"pop":37,"pointCount":2,"homeWorkCommuteMedian":54116,"workHomeCommuteMedian":-1},"geometry":{"type":"Polygon","coordinates":[[[120.74842618263807,24.50929528892711],[120.74842618263807,24.518288492564356],[120.75741938627532,24.518288492564356],[120.75741938627532,24.50929528892711],[120.74842618263807,24.50929528892711]]]}},{"type":"Feature","properties":{"jobs":0,"pop":31,"pointCount":1,"homeWorkCommuteMedian":34904,"workHomeCommuteMedian":-1},"geometry":{"type":"Polygon","coordinates":[[[120.74842618263807,24.518288492564356],[120.74842618263807,24.5272816962016],[120.75741938627532,24.5272816962016],[120.75741938627532,24.518288492564356],[120.74842618263807,24.518288492564356]]]}},{"type":"Feature","properties":{"jobs":11,"pop":80,"pointCount":4,"homeWorkCommuteMedian":10162,"workHomeCommuteMedian":2768},"geometry":{"type":"Polygon","coordinates":[[[120.74842618263807,24.5272816962016],[120.74842618263807,24.536274899838848],[120.75741938627532,24.536274899838848],[120.75741938627532,24.5272816962016],[120.74842618263807,24.5272816962016]]]}},{"type":"Feature","properties":{"jobs":0,"pop":152,"pointCount":4,"homeWorkCommuteMedian":8666,"workHomeCommuteMedian":-1},"geometry":{"type":"Polygon","coordinates":[[[120.74842618263807,24.536274899838848],[120.74842618263807,24.545268103476094],[120.75741938627532,24.545268103476094],[120.75741938627532,24.536274899838848],[120.74842618263807,24.536274899838848]]]}},{"type":"Feature","properties":{"jobs":0,"pop":73,"pointCount":2,"homeWorkCommuteMedian":3198,"workHomeCommuteMedian":-1},"geometry":{"type":"Polygon","coordinates":[[[120.74842618263807,24.545268103476094],[120.74842618263807,24.55426130711334],[120.75741938627532,24.55426130711334],[120.75741938627532,24.545268103476094],[120.74842618263807,24.545268103476094]]]}},{"type":"Feature","properties":{"jobs":38,"pop":150,"pointCount":2,"homeWorkCommuteMedian":8898,"workHomeCommuteMedian":5447},"geometry":{"type":"Polygon","coordinates":[[[120.74842618263807,24.55426130711334],[120.74842618263807,24.563254510750586],[120.75741938627532,24.563254510750586],[120.75741938627532,24.55426130711334],[120.74842618263807,24.55426130711334]]]}},{"type":"Feature","properties":{"jobs":0,"pop":311,"pointCount":4,"homeWorkCommuteMedian":16012,"workHomeCommuteMedian":-1},"geometry":{"type":"Polygon","coordinates":[[[120.74842618263807,24.563254510750586],[120.74842618263807,24.57224771438783],[120.75741938627532,24.57224771438783],[120.75741938627532,24.563254510750586],[120.74842618263807,24.563254510750586]]]}},{"type":"Feature","properties":{"jobs":0,"pop":212,"pointCount":5,"homeWorkCommuteMedian":19040,"workHomeCommuteMedian":-1},"geometry":{"type":"Polygon","coordinates":[[[120.74842618263807,24.57224771438783],[120.74842618263807,24.581240918025077],[120.75741938627532,24.581240918025077],[120.75741938627532,24.57224771438783],[120.74842618263807,24.57224771438783]]]}},{"type":"Feature","properties":{"jobs":0,"pop":48,"pointCount":1,"homeWorkCommuteMedian":9956,"workHomeCommuteMedian":-1},"geometry":{"type":"Polygon","coordinates":[[[120.74842618263807,24.581240918025077],[120.74842618263807,24.590234121662323],[120.75741938627532,24.590234121662323],[120.75741938627532,24.581240918025077],[120.74842618263807,24.581240918025077]]]}},{"type":"Feature","properties":{"jobs":153,"pop":134,"pointCount":4,"homeWorkCommuteMedian":13177,"workHomeCommuteMedian":8668},"geometry":{"type":"Polygon","coordinates":[[[120.74842618263807,24.590234121662323],[120.74842618263807,24.59922732529957],[120.75741938627532,24.59922732529957],[120.75741938627532,24.590234121662323],[120.74842618263807,24.590234121662323]]]}},{"type":"Feature","properties":{"jobs":0,"pop":94,"pointCount":3,"homeWorkCommuteMedian":6324,"workHomeCommuteMedian":-1},"geometry":{"type":"Polygon","coordinates":[[[120.74842618263807,24.59922732529957],[120.74842618263807,24.608220528936815],[120.75741938627532,24.608220528936815],[120.75741938627532,24.59922732529957],[120.74842618263807,24.59922732529957]]]}},{"type":"Feature","properties":{"jobs":39,"pop":0,"pointCount":1,"homeWorkCommuteMedian":-1,"workHomeCommuteMedian":6871},"geometry":{"type":"Polygon","coordinates":[[[120.75741938627532,24.43734965982914],[120.75741938627532,24.446342863466388],[120.76641258991256,24.446342863466388],[120.76641258991256,24.43734965982914],[120.75741938627532,24.43734965982914]]]}},{"type":"Feature","properties":{"jobs":23,"pop":34,"pointCount":2,"homeWorkCommuteMedian":60343,"workHomeCommuteMedian":64386},"geometry":{"type":"Polygon","coordinates":[[[120.75741938627532,24.446342863466388],[120.75741938627532,24.455336067103634],[120.76641258991256,24.455336067103634],[120.76641258991256,24.446342863466388],[120.75741938627532,24.446342863466388]]]}},{"type":"Feature","properties":{"jobs":1473,"pop":0,"pointCount":2,"homeWorkCommuteMedian":-1,"workHomeCommuteMedian":10338},"geometry":{"type":"Polygon","coordinates":[[[120.75741938627532,24.455336067103634],[120.75741938627532,24.46432927074088],[120.76641258991256,24.46432927074088],[120.76641258991256,24.455336067103634],[120.75741938627532,24.455336067103634]]]}},{"type":"Feature","properties":{"jobs":1863,"pop":68,"pointCount":3,"homeWorkCommuteMedian":6659,"workHomeCommuteMedian":13002},"geometry":{"type":"Polygon","coordinates":[[[120.75741938627532,24.46432927074088],[120.75741938627532,24.473322474378126],[120.76641258991256,24.473322474378126],[120.76641258991256,24.46432927074088],[120.75741938627532,24.46432927074088]]]}},{"type":"Feature","properties":{"jobs":74,"pop":45,"pointCount":4,"homeWorkCommuteMedian":40758,"workHomeCommuteMedian":7484},"geometry":{"type":"Polygon","coordinates":[[[120.75741938627532,24.491308881652618],[120.75741938627532,24.500302085289864],[120.76641258991256,24.500302085289864],[120.76641258991256,24.491308881652618],[120.75741938627532,24.491308881652618]]]}},{"type":"Feature","properties":{"jobs":0,"pop":24,"pointCount":1,"homeWorkCommuteMedian":9293,"workHomeCommuteMedian":-1},"geometry":{"type":"Polygon","coordinates":[[[120.75741938627532,24.500302085289864],[120.75741938627532,24.50929528892711],[120.76641258991256,24.50929528892711],[120.76641258991256,24.500302085289864],[120.75741938627532,24.500302085289864]]]}},{"type":"Feature","properties":{"jobs":0,"pop":128,"pointCount":4,"homeWorkCommuteMedian":29665,"workHomeCommuteMedian":-1},"geometry":{"type":"Polygon","coordinates":[[[120.75741938627532,24.518288492564356],[120.75741938627532,24.5272816962016],[120.76641258991256,24.5272816962016],[120.76641258991256,24.518288492564356],[120.75741938627532,24.518288492564356]]]}},{"type":"Feature","properties":{"jobs":0,"pop":58,"pointCount":2,"homeWorkCommuteMedian":3994,"workHomeCommuteMedian":-1},"geometry":{"type":"Polygon","coordinates":[[[120.75741938627532,24.5272816962016],[120.75741938627532,24.536274899838848],[120.76641258991256,24.536274899838848],[120.76641258991256,24.5272816962016],[120.75741938627532,24.5272816962016]]]}},{"type":"Feature","properties":{"jobs":0,"pop":44,"pointCount":2,"homeWorkCommuteMedian":20977,"workHomeCommuteMedian":-1},"geometry":{"type":"Polygon","coordinates":[[[120.75741938627532,24.545268103476094],[120.75741938627532,24.55426130711334],[120.76641258991256,24.55426130711334],[120.76641258991256,24.545268103476094],[120.75741938627532,24.545268103476094]]]}},{"type":"Feature","properties":{"jobs":68,"pop":159,"pointCount":4,"homeWorkCommuteMedian":21983,"workHomeCommuteMedian":7365},"geometry":{"type":"Polygon","coordinates":[[[120.75741938627532,24.55426130711334],[120.75741938627532,24.563254510750586],[120.76641258991256,24.563254510750586],[120.76641258991256,24.55426130711334],[120.75741938627532,24.55426130711334]]]}},{"type":"Feature","properties":{"jobs":95,"pop":115,"pointCount":3,"homeWorkCommuteMedian":10033,"workHomeCommuteMedian":58226},"geometry":{"type":"Polygon","coordinates":[[[120.75741938627532,24.563254510750586],[120.75741938627532,24.57224771438783],[120.76641258991256,24.57224771438783],[120.76641258991256,24.563254510750586],[120.75741938627532,24.563254510750586]]]}},{"type":"Feature","properties":{"jobs":0,"pop":85,"pointCount":2,"homeWorkCommuteMedian":29102,"workHomeCommuteMedian":-1},"geometry":{"type":"Polygon","coordinates":[[[120.75741938627532,24.57224771438783],[120.75741938627532,24.581240918025077],[120.76641258991256,24.581240918025077],[120.76641258991256,24.57224771438783],[120.75741938627532,24.57224771438783]]]}},{"type":"Feature","properties":{"jobs":43,"pop":49,"pointCount":4,"homeWorkCommuteMedian":16907,"workHomeCommuteMedian":44648},"geometry":{"type":"Polygon","coordinates":[[[120.75741938627532,24.581240918025077],[120.75741938627532,24.590234121662323],[120.76641258991256,24.590234121662323],[120.76641258991256,24.581240918025077],[120.75741938627532,24.581240918025077]]]}},{"type":"Feature","properties":{"jobs":98,"pop":123,"pointCount":3,"homeWorkCommuteMedian":35719,"workHomeCommuteMedian":6833},"geometry":{"type":"Polygon","coordinates":[[[120.75741938627532,24.608220528936815],[120.75741938627532,24.61721373257406],[120.76641258991256,24.61721373257406],[120.76641258991256,24.608220528936815],[120.75741938627532,24.608220528936815]]]}},{"type":"Feature","properties":{"jobs":82,"pop":655,"pointCount":7,"homeWorkCommuteMedian":9554,"workHomeCommuteMedian":5512},"geometry":{"type":"Polygon","coordinates":[[[120.75741938627532,24.626206936211307],[120.75741938627532,24.635200139848553],[120.76641258991256,24.635200139848553],[120.76641258991256,24.626206936211307],[120.75741938627532,24.626206936211307]]]}},{"type":"Feature","properties":{"jobs":35,"pop":113,"pointCount":2,"homeWorkCommuteMedian":21502,"workHomeCommuteMedian":52648},"geometry":{"type":"Polygon","coordinates":[[[120.75741938627532,24.635200139848553],[120.75741938627532,24.6441933434858],[120.76641258991256,24.6441933434858],[120.76641258991256,24.635200139848553],[120.75741938627532,24.635200139848553]]]}},{"type":"Feature","properties":{"jobs":0,"pop":36,"pointCount":1,"homeWorkCommuteMedian":65324,"workHomeCommuteMedian":-1},"geometry":{"type":"Polygon","coordinates":[[[120.76641258991256,24.428356456191896],[120.76641258991256,24.43734965982914],[120.77540579354981,24.43734965982914],[120.77540579354981,24.428356456191896],[120.76641258991256,24.428356456191896]]]}},{"type":"Feature","properties":{"jobs":0,"pop":94,"pointCount":3,"homeWorkCommuteMedian":37688,"workHomeCommuteMedian":-1},"geometry":{"type":"Polygon","coordinates":[[[120.76641258991256,24.446342863466388],[120.76641258991256,24.455336067103634],[120.77540579354981,24.455336067103634],[120.77540579354981,24.446342863466388],[120.76641258991256,24.446342863466388]]]}},{"type":"Feature","properties":{"jobs":460,"pop":82,"pointCount":3,"homeWorkCommuteMedian":40707,"workHomeCommuteMedian":5979},"geometry":{"type":"Polygon","coordinates":[[[120.76641258991256,24.455336067103634],[120.76641258991256,24.46432927074088],[120.77540579354981,24.46432927074088],[120.77540579354981,24.455336067103634],[120.76641258991256,24.455336067103634]]]}},{"type":"Feature","properties":{"jobs":2365,"pop":54,"pointCount":2,"homeWorkCommuteMedian":36094,"workHomeCommuteMedian":12683},"geometry":{"type":"Polygon","coordinates":[[[120.76641258991256,24.46432927074088],[120.76641258991256,24.473322474378126],[120.77540579354981,24.473322474378126],[120.77540579354981,24.46432927074088],[120.76641258991256,24.46432927074088]]]}},{"type":"Feature","properties":{"jobs":0,"pop":264,"pointCount":2,"homeWorkCommuteMedian":39476,"workHomeCommuteMedian":-1},"geometry":{"type":"Polygon","coordinates":[[[120.76641258991256,24.473322474378126],[120.76641258991256,24.48231567801537],[120.77540579354981,24.48231567801537],[120.77540579354981,24.473322474378126],[120.76641258991256,24.473322474378126]]]}},{"type":"Feature","properties":{"jobs":0,"pop":103,"pointCount":3,"homeWorkCommuteMedian":5352,"workHomeCommuteMedian":-1},"geometry":{"type":"Polygon","coordinates":[[[120.76641258991256,24.48231567801537],[120.76641258991256,24.491308881652618],[120.77540579354981,24.491308881652618],[120.77540579354981,24.48231567801537],[120.76641258991256,24.48231567801537]]]}},{"type":"Feature","properties":{"jobs":28,"pop":0,"pointCount":1,"homeWorkCommuteMedian":-1,"workHomeCommuteMedian":9900},"geometry":{"type":"Polygon","coordinates":[[[120.76641258991256,24.491308881652618],[120.76641258991256,24.500302085289864],[120.77540579354981,24.500302085289864],[120.77540579354981,24.491308881652618],[120.76641258991256,24.491308881652618]]]}},{"type":"Feature","properties":{"jobs":24,"pop":173,"pointCount":4,"homeWorkCommuteMedian":10716,"workHomeCommuteMedian":17205},"geometry":{"type":"Polygon","coordinates":[[[120.76641258991256,24.500302085289864],[120.76641258991256,24.50929528892711],[120.77540579354981,24.50929528892711],[120.77540579354981,24.500302085289864],[120.76641258991256,24.500302085289864]]]}},{"type":"Feature","properties":{"jobs":0,"pop":220,"pointCount":4,"homeWorkCommuteMedian":9574,"workHomeCommuteMedian":-1},"geometry":{"type":"Polygon","coordinates":[[[120.76641258991256,24.50929528892711],[120.76641258991256,24.518288492564356],[120.77540579354981,24.518288492564356],[120.77540579354981,24.50929528892711],[120.76641258991256,24.50929528892711]]]}},{"type":"Feature","properties":{"jobs":8,"pop":180,"pointCount":4,"homeWorkCommuteMedian":8820,"workHomeCommuteMedian":3143},"geometry":{"type":"Polygon","coordinates":[[[120.76641258991256,24.518288492564356],[120.76641258991256,24.5272816962016],[120.77540579354981,24.5272816962016],[120.77540579354981,24.518288492564356],[120.76641258991256,24.518288492564356]]]}},{"type":"Feature","properties":{"jobs":32,"pop":19,"pointCount":2,"homeWorkCommuteMedian":5337,"workHomeCommuteMedian":11367},"geometry":{"type":"Polygon","coordinates":[[[120.76641258991256,24.5272816962016],[120.76641258991256,24.536274899838848],[120.77540579354981,24.536274899838848],[120.77540579354981,24.5272816962016],[120.76641258991256,24.5272816962016]]]}},{"type":"Feature","properties":{"jobs":64,"pop":71,"pointCount":3,"homeWorkCommuteMedian":16108,"workHomeCommuteMedian":14222},"geometry":{"type":"Polygon","coordinates":[[[120.76641258991256,24.536274899838848],[120.76641258991256,24.545268103476094],[120.77540579354981,24.545268103476094],[120.77540579354981,24.536274899838848],[120.76641258991256,24.536274899838848]]]}},{"type":"Feature","properties":{"jobs":0,"pop":80,"pointCount":2,"homeWorkCommuteMedian":12886,"workHomeCommuteMedian":-1},"geometry":{"type":"Polygon","coordinates":[[[120.76641258991256,24.545268103476094],[120.76641258991256,24.55426130711334],[120.77540579354981,24.55426130711334],[120.77540579354981,24.545268103476094],[120.76641258991256,24.545268103476094]]]}},{"type":"Feature","properties":{"jobs":0,"pop":45,"pointCount":1,"homeWorkCommuteMedian":17337,"workHomeCommuteMedian":-1},"geometry":{"type":"Polygon","coordinates":[[[120.76641258991256,24.55426130711334],[120.76641258991256,24.563254510750586],[120.77540579354981,24.563254510750586],[120.77540579354981,24.55426130711334],[120.76641258991256,24.55426130711334]]]}},{"type":"Feature","properties":{"jobs":0,"pop":19,"pointCount":1,"homeWorkCommuteMedian":9933,"workHomeCommuteMedian":-1},"geometry":{"type":"Polygon","coordinates":[[[120.76641258991256,24.563254510750586],[120.76641258991256,24.57224771438783],[120.77540579354981,24.57224771438783],[120.77540579354981,24.563254510750586],[120.76641258991256,24.563254510750586]]]}},{"type":"Feature","properties":{"jobs":0,"pop":34,"pointCount":1,"homeWorkCommuteMedian":10470,"workHomeCommuteMedian":-1},"geometry":{"type":"Polygon","coordinates":[[[120.76641258991256,24.57224771438783],[120.76641258991256,24.581240918025077],[120.77540579354981,24.581240918025077],[120.77540579354981,24.57224771438783],[120.76641258991256,24.57224771438783]]]}},{"type":"Feature","properties":{"jobs":165,"pop":68,"pointCount":3,"homeWorkCommuteMedian":45950,"workHomeCommuteMedian":8761},"geometry":{"type":"Polygon","coordinates":[[[120.76641258991256,24.581240918025077],[120.76641258991256,24.590234121662323],[120.77540579354981,24.590234121662323],[120.77540579354981,24.581240918025077],[120.76641258991256,24.581240918025077]]]}},{"type":"Feature","properties":{"jobs":108,"pop":0,"pointCount":2,"homeWorkCommuteMedian":-1,"workHomeCommuteMedian":6487},"geometry":{"type":"Polygon","coordinates":[[[120.76641258991256,24.590234121662323],[120.76641258991256,24.59922732529957],[120.77540579354981,24.59922732529957],[120.77540579354981,24.590234121662323],[120.76641258991256,24.590234121662323]]]}},{"type":"Feature","properties":{"jobs":71,"pop":170,"pointCount":2,"homeWorkCommuteMedian":4068,"workHomeCommuteMedian":8712},"geometry":{"type":"Polygon","coordinates":[[[120.76641258991256,24.59922732529957],[120.76641258991256,24.608220528936815],[120.77540579354981,24.608220528936815],[120.77540579354981,24.59922732529957],[120.76641258991256,24.59922732529957]]]}},{"type":"Feature","properties":{"jobs":46,"pop":170,"pointCount":2,"homeWorkCommuteMedian":11358,"workHomeCommuteMedian":7292},"geometry":{"type":"Polygon","coordinates":[[[120.76641258991256,24.608220528936815],[120.76641258991256,24.61721373257406],[120.77540579354981,24.61721373257406],[120.77540579354981,24.608220528936815],[120.76641258991256,24.608220528936815]]]}},{"type":"Feature","properties":{"jobs":41,"pop":180,"pointCount":4,"homeWorkCommuteMedian":6209,"workHomeCommuteMedian":2069},"geometry":{"type":"Polygon","coordinates":[[[120.76641258991256,24.61721373257406],[120.76641258991256,24.626206936211307],[120.77540579354981,24.626206936211307],[120.77540579354981,24.61721373257406],[120.76641258991256,24.61721373257406]]]}},{"type":"Feature","properties":{"jobs":0,"pop":80,"pointCount":2,"homeWorkCommuteMedian":13946,"workHomeCommuteMedian":-1},"geometry":{"type":"Polygon","coordinates":[[[120.76641258991256,24.626206936211307],[120.76641258991256,24.635200139848553],[120.77540579354981,24.635200139848553],[120.77540579354981,24.626206936211307],[120.76641258991256,24.626206936211307]]]}},{"type":"Feature","properties":{"jobs":0,"pop":109,"pointCount":1,"homeWorkCommuteMedian":8902,"workHomeCommuteMedian":-1},"geometry":{"type":"Polygon","coordinates":[[[120.76641258991256,24.635200139848553],[120.76641258991256,24.6441933434858],[120.77540579354981,24.6441933434858],[120.77540579354981,24.635200139848553],[120.76641258991256,24.635200139848553]]]}},{"type":"Feature","properties":{"jobs":284,"pop":361,"pointCount":5,"homeWorkCommuteMedian":6269,"workHomeCommuteMedian":7158},"geometry":{"type":"Polygon","coordinates":[[[120.76641258991256,24.6441933434858],[120.76641258991256,24.653186547123045],[120.77540579354981,24.653186547123045],[120.77540579354981,24.6441933434858],[120.76641258991256,24.6441933434858]]]}},{"type":"Feature","properties":{"jobs":30,"pop":0,"pointCount":1,"homeWorkCommuteMedian":-1,"workHomeCommuteMedian":15527},"geometry":{"type":"Polygon","coordinates":[[[120.77540579354981,24.347417623456682],[120.77540579354981,24.356410827093928],[120.78439899718705,24.356410827093928],[120.78439899718705,24.347417623456682],[120.77540579354981,24.347417623456682]]]}},{"type":"Feature","properties":{"jobs":19,"pop":0,"pointCount":1,"homeWorkCommuteMedian":-1,"workHomeCommuteMedian":8891},"geometry":{"type":"Polygon","coordinates":[[[120.77540579354981,24.428356456191896],[120.77540579354981,24.43734965982914],[120.78439899718705,24.43734965982914],[120.78439899718705,24.428356456191896],[120.77540579354981,24.428356456191896]]]}},{"type":"Feature","properties":{"jobs":15,"pop":33,"pointCount":1,"homeWorkCommuteMedian":55425,"workHomeCommuteMedian":14313},"geometry":{"type":"Polygon","coordinates":[[[120.77540579354981,24.43734965982914],[120.77540579354981,24.446342863466388],[120.78439899718705,24.446342863466388],[120.78439899718705,24.43734965982914],[120.77540579354981,24.43734965982914]]]}},{"type":"Feature","properties":{"jobs":166,"pop":111,"pointCount":5,"homeWorkCommuteMedian":4804,"workHomeCommuteMedian":7867},"geometry":{"type":"Polygon","coordinates":[[[120.77540579354981,24.446342863466388],[120.77540579354981,24.455336067103634],[120.78439899718705,24.455336067103634],[120.78439899718705,24.446342863466388],[120.77540579354981,24.446342863466388]]]}},{"type":"Feature","properties":{"jobs":0,"pop":160,"pointCount":2,"homeWorkCommuteMedian":11274,"workHomeCommuteMedian":-1},"geometry":{"type":"Polygon","coordinates":[[[120.77540579354981,24.455336067103634],[120.77540579354981,24.46432927074088],[120.78439899718705,24.46432927074088],[120.78439899718705,24.455336067103634],[120.77540579354981,24.455336067103634]]]}},{"type":"Feature","properties":{"jobs":67,"pop":59,"pointCount":2,"homeWorkCommuteMedian":48951,"workHomeCommuteMedian":1374},"geometry":{"type":"Polygon","coordinates":[[[120.77540579354981,24.46432927074088],[120.77540579354981,24.473322474378126],[120.78439899718705,24.473322474378126],[120.78439899718705,24.46432927074088],[120.77540579354981,24.46432927074088]]]}},{"type":"Feature","properties":{"jobs":33,"pop":80,"pointCount":2,"homeWorkCommuteMedian":52411,"workHomeCommuteMedian":15715},"geometry":{"type":"Polygon","coordinates":[[[120.77540579354981,24.473322474378126],[120.77540579354981,24.48231567801537],[120.78439899718705,24.48231567801537],[120.78439899718705,24.473322474378126],[120.77540579354981,24.473322474378126]]]}},{"type":"Feature","properties":{"jobs":15,"pop":245,"pointCount":4,"homeWorkCommuteMedian":30730,"workHomeCommuteMedian":29465},"geometry":{"type":"Polygon","coordinates":[[[120.77540579354981,24.48231567801537],[120.77540579354981,24.491308881652618],[120.78439899718705,24.491308881652618],[120.78439899718705,24.48231567801537],[120.77540579354981,24.48231567801537]]]}},{"type":"Feature","properties":{"jobs":31,"pop":131,"pointCount":4,"homeWorkCommuteMedian":34345,"workHomeCommuteMedian":7624},"geometry":{"type":"Polygon","coordinates":[[[120.77540579354981,24.491308881652618],[120.77540579354981,24.500302085289864],[120.78439899718705,24.500302085289864],[120.78439899718705,24.491308881652618],[120.77540579354981,24.491308881652618]]]}},{"type":"Feature","properties":{"jobs":20,"pop":100,"pointCount":2,"homeWorkCommuteMedian":7928,"workHomeCommuteMedian":658},"geometry":{"type":"Polygon","coordinates":[[[120.77540579354981,24.500302085289864],[120.77540579354981,24.50929528892711],[120.78439899718705,24.50929528892711],[120.78439899718705,24.500302085289864],[120.77540579354981,24.500302085289864]]]}},{"type":"Feature","properties":{"jobs":37,"pop":179,"pointCount":3,"homeWorkCommuteMedian":11363,"workHomeCommuteMedian":18099},"geometry":{"type":"Polygon","coordinates":[[[120.77540579354981,24.50929528892711],[120.77540579354981,24.518288492564356],[120.78439899718705,24.518288492564356],[120.78439899718705,24.50929528892711],[120.77540579354981,24.50929528892711]]]}},{"type":"Feature","properties":{"jobs":0,"pop":24,"pointCount":1,"homeWorkCommuteMedian":27024,"workHomeCommuteMedian":-1},"geometry":{"type":"Polygon","coordinates":[[[120.77540579354981,24.518288492564356],[120.77540579354981,24.5272816962016],[120.78439899718705,24.5272816962016],[120.78439899718705,24.518288492564356],[120.77540579354981,24.518288492564356]]]}},{"type":"Feature","properties":{"jobs":0,"pop":16,"pointCount":1,"homeWorkCommuteMedian":11372,"workHomeCommuteMedian":-1},"geometry":{"type":"Polygon","coordinates":[[[120.77540579354981,24.536274899838848],[120.77540579354981,24.545268103476094],[120.78439899718705,24.545268103476094],[120.78439899718705,24.536274899838848],[120.77540579354981,24.536274899838848]]]}},{"type":"Feature","properties":{"jobs":0,"pop":22,"pointCount":1,"homeWorkCommuteMedian":6058,"workHomeCommuteMedian":-1},"geometry":{"type":"Polygon","coordinates":[[[120.77540579354981,24.545268103476094],[120.77540579354981,24.55426130711334],[120.78439899718705,24.55426130711334],[120.78439899718705,24.545268103476094],[120.77540579354981,24.545268103476094]]]}},{"type":"Feature","properties":{"jobs":0,"pop":16,"pointCount":1,"homeWorkCommuteMedian":47471,"workHomeCommuteMedian":-1},"geometry":{"type":"Polygon","coordinates":[[[120.77540579354981,24.55426130711334],[120.77540579354981,24.563254510750586],[120.78439899718705,24.563254510750586],[120.78439899718705,24.55426130711334],[120.77540579354981,24.55426130711334]]]}},{"type":"Feature","properties":{"jobs":19,"pop":35,"pointCount":2,"homeWorkCommuteMedian":32670,"workHomeCommuteMedian":5263},"geometry":{"type":"Polygon","coordinates":[[[120.77540579354981,24.581240918025077],[120.77540579354981,24.590234121662323],[120.78439899718705,24.590234121662323],[120.78439899718705,24.581240918025077],[120.77540579354981,24.581240918025077]]]}},{"type":"Feature","properties":{"jobs":27,"pop":45,"pointCount":2,"homeWorkCommuteMedian":8443,"workHomeCommuteMedian":9359},"geometry":{"type":"Polygon","coordinates":[[[120.77540579354981,24.590234121662323],[120.77540579354981,24.59922732529957],[120.78439899718705,24.59922732529957],[120.78439899718705,24.590234121662323],[120.77540579354981,24.590234121662323]]]}},{"type":"Feature","properties":{"jobs":299,"pop":333,"pointCount":9,"homeWorkCommuteMedian":33975,"workHomeCommuteMedian":7676},"geometry":{"type":"Polygon","coordinates":[[[120.77540579354981,24.59922732529957],[120.77540579354981,24.608220528936815],[120.78439899718705,24.608220528936815],[120.78439899718705,24.59922732529957],[120.77540579354981,24.59922732529957]]]}},{"type":"Feature","properties":{"jobs":61,"pop":345,"pointCount":3,"homeWorkCommuteMedian":10840,"workHomeCommuteMedian":8915},"geometry":{"type":"Polygon","coordinates":[[[120.77540579354981,24.608220528936815],[120.77540579354981,24.61721373257406],[120.78439899718705,24.61721373257406],[120.78439899718705,24.608220528936815],[120.77540579354981,24.608220528936815]]]}},{"type":"Feature","properties":{"jobs":4479,"pop":496,"pointCount":11,"homeWorkCommuteMedian":6856,"workHomeCommuteMedian":11280},"geometry":{"type":"Polygon","coordinates":[[[120.77540579354981,24.61721373257406],[120.77540579354981,24.626206936211307],[120.78439899718705,24.626206936211307],[120.78439899718705,24.61721373257406],[120.77540579354981,24.61721373257406]]]}},{"type":"Feature","properties":{"jobs":33,"pop":96,"pointCount":4,"homeWorkCommuteMedian":12729,"workHomeCommuteMedian":2073},"geometry":{"type":"Polygon","coordinates":[[[120.77540579354981,24.626206936211307],[120.77540579354981,24.635200139848553],[120.78439899718705,24.635200139848553],[120.78439899718705,24.626206936211307],[120.77540579354981,24.626206936211307]]]}},{"type":"Feature","properties":{"jobs":0,"pop":549,"pointCount":2,"homeWorkCommuteMedian":6833,"workHomeCommuteMedian":-1},"geometry":{"type":"Polygon","coordinates":[[[120.77540579354981,24.6441933434858],[120.77540579354981,24.653186547123045],[120.78439899718705,24.653186547123045],[120.78439899718705,24.6441933434858],[120.77540579354981,24.6441933434858]]]}},{"type":"Feature","properties":{"jobs":0,"pop":67,"pointCount":2,"homeWorkCommuteMedian":47962,"workHomeCommuteMedian":-1},"geometry":{"type":"Polygon","coordinates":[[[120.78439899718705,24.347417623456682],[120.78439899718705,24.356410827093928],[120.7933922008243,24.356410827093928],[120.7933922008243,24.347417623456682],[120.78439899718705,24.347417623456682]]]}},{"type":"Feature","properties":{"jobs":0,"pop":32,"pointCount":1,"homeWorkCommuteMedian":62208,"workHomeCommuteMedian":-1},"geometry":{"type":"Polygon","coordinates":[[[120.78439899718705,24.455336067103634],[120.78439899718705,24.46432927074088],[120.7933922008243,24.46432927074088],[120.7933922008243,24.455336067103634],[120.78439899718705,24.455336067103634]]]}},{"type":"Feature","properties":{"jobs":191,"pop":285,"pointCount":6,"homeWorkCommuteMedian":5731,"workHomeCommuteMedian":6506},"geometry":{"type":"Polygon","coordinates":[[[120.78439899718705,24.46432927074088],[120.78439899718705,24.473322474378126],[120.7933922008243,24.473322474378126],[120.7933922008243,24.46432927074088],[120.78439899718705,24.46432927074088]]]}},{"type":"Feature","properties":{"jobs":186,"pop":430,"pointCount":4,"homeWorkCommuteMedian":3801,"workHomeCommuteMedian":10834},"geometry":{"type":"Polygon","coordinates":[[[120.78439899718705,24.473322474378126],[120.78439899718705,24.48231567801537],[120.7933922008243,24.48231567801537],[120.7933922008243,24.473322474378126],[120.78439899718705,24.473322474378126]]]}},{"type":"Feature","properties":{"jobs":677,"pop":2063,"pointCount":12,"homeWorkCommuteMedian":32229,"workHomeCommuteMedian":4804},"geometry":{"type":"Polygon","coordinates":[[[120.78439899718705,24.48231567801537],[120.78439899718705,24.491308881652618],[120.7933922008243,24.491308881652618],[120.7933922008243,24.48231567801537],[120.78439899718705,24.48231567801537]]]}},{"type":"Feature","properties":{"jobs":92,"pop":560,"pointCount":7,"homeWorkCommuteMedian":7068,"workHomeCommuteMedian":6777},"geometry":{"type":"Polygon","coordinates":[[[120.78439899718705,24.491308881652618],[120.78439899718705,24.500302085289864],[120.7933922008243,24.500302085289864],[120.7933922008243,24.491308881652618],[120.78439899718705,24.491308881652618]]]}},{"type":"Feature","properties":{"jobs":0,"pop":156,"pointCount":2,"homeWorkCommuteMedian":6475,"workHomeCommuteMedian":-1},"geometry":{"type":"Polygon","coordinates":[[[120.78439899718705,24.500302085289864],[120.78439899718705,24.50929528892711],[120.7933922008243,24.50929528892711],[120.7933922008243,24.500302085289864],[120.78439899718705,24.500302085289864]]]}},{"type":"Feature","properties":{"jobs":85,"pop":0,"pointCount":1,"homeWorkCommuteMedian":-1,"workHomeCommuteMedian":6941},"geometry":{"type":"Polygon","coordinates":[[[120.78439899718705,24.50929528892711],[120.78439899718705,24.518288492564356],[120.7933922008243,24.518288492564356],[120.7933922008243,24.50929528892711],[120.78439899718705,24.50929528892711]]]}},{"type":"Feature","properties":{"jobs":1022,"pop":234,"pointCount":5,"homeWorkCommuteMedian":2889,"workHomeCommuteMedian":7425},"geometry":{"type":"Polygon","coordinates":[[[120.78439899718705,24.518288492564356],[120.78439899718705,24.5272816962016],[120.7933922008243,24.5272816962016],[120.7933922008243,24.518288492564356],[120.78439899718705,24.518288492564356]]]}},{"type":"Feature","properties":{"jobs":296,"pop":58,"pointCount":3,"homeWorkCommuteMedian":49011,"workHomeCommuteMedian":9512},"geometry":{"type":"Polygon","coordinates":[[[120.78439899718705,24.5272816962016],[120.78439899718705,24.536274899838848],[120.7933922008243,24.536274899838848],[120.7933922008243,24.5272816962016],[120.78439899718705,24.5272816962016]]]}},{"type":"Feature","properties":{"jobs":5824,"pop":0,"pointCount":3,"homeWorkCommuteMedian":-1,"workHomeCommuteMedian":10622},"geometry":{"type":"Polygon","coordinates":[[[120.78439899718705,24.536274899838848],[120.78439899718705,24.545268103476094],[120.7933922008243,24.545268103476094],[120.7933922008243,24.536274899838848],[120.78439899718705,24.536274899838848]]]}},{"type":"Feature","properties":{"jobs":0,"pop":41,"pointCount":1,"homeWorkCommuteMedian":53287,"workHomeCommuteMedian":-1},"geometry":{"type":"Polygon","coordinates":[[[120.78439899718705,24.55426130711334],[120.78439899718705,24.563254510750586],[120.7933922008243,24.563254510750586],[120.7933922008243,24.55426130711334],[120.78439899718705,24.55426130711334]]]}},{"type":"Feature","properties":{"jobs":0,"pop":40,"pointCount":2,"homeWorkCommuteMedian":50684,"workHomeCommuteMedian":-1},"geometry":{"type":"Polygon","coordinates":[[[120.78439899718705,24.563254510750586],[120.78439899718705,24.57224771438783],[120.7933922008243,24.57224771438783],[120.7933922008243,24.563254510750586],[120.78439899718705,24.563254510750586]]]}},{"type":"Feature","properties":{"jobs":0,"pop":61,"pointCount":2,"homeWorkCommuteMedian":27891,"workHomeCommuteMedian":-1},"geometry":{"type":"Polygon","coordinates":[[[120.78439899718705,24.57224771438783],[120.78439899718705,24.581240918025077],[120.7933922008243,24.581240918025077],[120.7933922008243,24.57224771438783],[120.78439899718705,24.57224771438783]]]}},{"type":"Feature","properties":{"jobs":0,"pop":68,"pointCount":2,"homeWorkCommuteMedian":11980,"workHomeCommuteMedian":-1},"geometry":{"type":"Polygon","coordinates":[[[120.78439899718705,24.581240918025077],[120.78439899718705,24.590234121662323],[120.7933922008243,24.590234121662323],[120.7933922008243,24.581240918025077],[120.78439899718705,24.581240918025077]]]}},{"type":"Feature","properties":{"jobs":47,"pop":39,"pointCount":3,"homeWorkCommuteMedian":8426,"workHomeCommuteMedian":6324},"geometry":{"type":"Polygon","coordinates":[[[120.78439899718705,24.590234121662323],[120.78439899718705,24.59922732529957],[120.7933922008243,24.59922732529957],[120.7933922008243,24.590234121662323],[120.78439899718705,24.590234121662323]]]}},{"type":"Feature","properties":{"jobs":44,"pop":28,"pointCount":3,"homeWorkCommuteMedian":19193,"workHomeCommuteMedian":35369},"geometry":{"type":"Polygon","coordinates":[[[120.78439899718705,24.59922732529957],[120.78439899718705,24.608220528936815],[120.7933922008243,24.608220528936815],[120.7933922008243,24.59922732529957],[120.78439899718705,24.59922732529957]]]}},{"type":"Feature","properties":{"jobs":1662,"pop":1805,"pointCount":8,"homeWorkCommuteMedian":13606,"workHomeCommuteMedian":3799},"geometry":{"type":"Polygon","coordinates":[[[120.78439899718705,24.608220528936815],[120.78439899718705,24.61721373257406],[120.7933922008243,24.61721373257406],[120.7933922008243,24.608220528936815],[120.78439899718705,24.608220528936815]]]}},{"type":"Feature","properties":{"jobs":142,"pop":243,"pointCount":5,"homeWorkCommuteMedian":4387,"workHomeCommuteMedian":22978},"geometry":{"type":"Polygon","coordinates":[[[120.78439899718705,24.61721373257406],[120.78439899718705,24.626206936211307],[120.7933922008243,24.626206936211307],[120.7933922008243,24.61721373257406],[120.78439899718705,24.61721373257406]]]}},{"type":"Feature","properties":{"jobs":0,"pop":100,"pointCount":2,"homeWorkCommuteMedian":2970,"workHomeCommuteMedian":-1},"geometry":{"type":"Polygon","coordinates":[[[120.78439899718705,24.626206936211307],[120.78439899718705,24.635200139848553],[120.7933922008243,24.635200139848553],[120.7933922008243,24.626206936211307],[120.78439899718705,24.626206936211307]]]}},{"type":"Feature","properties":{"jobs":0,"pop":73,"pointCount":2,"homeWorkCommuteMedian":13353,"workHomeCommuteMedian":-1},"geometry":{"type":"Polygon","coordinates":[[[120.78439899718705,24.635200139848553],[120.78439899718705,24.6441933434858],[120.7933922008243,24.6441933434858],[120.7933922008243,24.635200139848553],[120.78439899718705,24.635200139848553]]]}},{"type":"Feature","properties":{"jobs":0,"pop":25,"pointCount":1,"homeWorkCommuteMedian":6878,"workHomeCommuteMedian":-1},"geometry":{"type":"Polygon","coordinates":[[[120.78439899718705,24.6441933434858],[120.78439899718705,24.653186547123045],[120.7933922008243,24.653186547123045],[120.7933922008243,24.6441933434858],[120.78439899718705,24.6441933434858]]]}},{"type":"Feature","properties":{"jobs":1,"pop":0,"pointCount":1,"homeWorkCommuteMedian":-1,"workHomeCommuteMedian":7102},"geometry":{"type":"Polygon","coordinates":[[[120.78439899718705,24.653186547123045],[120.78439899718705,24.66217975076029],[120.7933922008243,24.66217975076029],[120.7933922008243,24.653186547123045],[120.78439899718705,24.653186547123045]]]}},{"type":"Feature","properties":{"jobs":0,"pop":15,"pointCount":1,"homeWorkCommuteMedian":11973,"workHomeCommuteMedian":-1},"geometry":{"type":"Polygon","coordinates":[[[120.7933922008243,24.410370048917404],[120.7933922008243,24.41936325255465],[120.80238540446155,24.41936325255465],[120.80238540446155,24.410370048917404],[120.7933922008243,24.410370048917404]]]}},{"type":"Feature","properties":{"jobs":0,"pop":28,"pointCount":1,"homeWorkCommuteMedian":10726,"workHomeCommuteMedian":-1},"geometry":{"type":"Polygon","coordinates":[[[120.7933922008243,24.41936325255465],[120.7933922008243,24.428356456191896],[120.80238540446155,24.428356456191896],[120.80238540446155,24.41936325255465],[120.7933922008243,24.41936325255465]]]}},{"type":"Feature","properties":{"jobs":0,"pop":16,"pointCount":1,"homeWorkCommuteMedian":9339,"workHomeCommuteMedian":-1},"geometry":{"type":"Polygon","coordinates":[[[120.7933922008243,24.455336067103634],[120.7933922008243,24.46432927074088],[120.80238540446155,24.46432927074088],[120.80238540446155,24.455336067103634],[120.7933922008243,24.455336067103634]]]}},{"type":"Feature","properties":{"jobs":953,"pop":350,"pointCount":5,"homeWorkCommuteMedian":11634,"workHomeCommuteMedian":12746},"geometry":{"type":"Polygon","coordinates":[[[120.7933922008243,24.473322474378126],[120.7933922008243,24.48231567801537],[120.80238540446155,24.48231567801537],[120.80238540446155,24.473322474378126],[120.7933922008243,24.473322474378126]]]}},{"type":"Feature","properties":{"jobs":569,"pop":319,"pointCount":4,"homeWorkCommuteMedian":47532,"workHomeCommuteMedian":7107},"geometry":{"type":"Polygon","coordinates":[[[120.7933922008243,24.48231567801537],[120.7933922008243,24.491308881652618],[120.80238540446155,24.491308881652618],[120.80238540446155,24.48231567801537],[120.7933922008243,24.48231567801537]]]}},{"type":"Feature","properties":{"jobs":892,"pop":213,"pointCount":6,"homeWorkCommuteMedian":2851,"workHomeCommuteMedian":7404},"geometry":{"type":"Polygon","coordinates":[[[120.7933922008243,24.491308881652618],[120.7933922008243,24.500302085289864],[120.80238540446155,24.500302085289864],[120.80238540446155,24.491308881652618],[120.7933922008243,24.491308881652618]]]}},{"type":"Feature","properties":{"jobs":239,"pop":0,"pointCount":1,"homeWorkCommuteMedian":-1,"workHomeCommuteMedian":10416},"geometry":{"type":"Polygon","coordinates":[[[120.7933922008243,24.500302085289864],[120.7933922008243,24.50929528892711],[120.80238540446155,24.50929528892711],[120.80238540446155,24.500302085289864],[120.7933922008243,24.500302085289864]]]}},{"type":"Feature","properties":{"jobs":0,"pop":36,"pointCount":1,"homeWorkCommuteMedian":9993,"workHomeCommuteMedian":-1},"geometry":{"type":"Polygon","coordinates":[[[120.7933922008243,24.50929528892711],[120.7933922008243,24.518288492564356],[120.80238540446155,24.518288492564356],[120.80238540446155,24.50929528892711],[120.7933922008243,24.50929528892711]]]}},{"type":"Feature","properties":{"jobs":208,"pop":448,"pointCount":5,"homeWorkCommuteMedian":9242,"workHomeCommuteMedian":6250},"geometry":{"type":"Polygon","coordinates":[[[120.7933922008243,24.518288492564356],[120.7933922008243,24.5272816962016],[120.80238540446155,24.5272816962016],[120.80238540446155,24.518288492564356],[120.7933922008243,24.518288492564356]]]}},{"type":"Feature","properties":{"jobs":484,"pop":445,"pointCount":3,"homeWorkCommuteMedian":4609,"workHomeCommuteMedian":9293},"geometry":{"type":"Polygon","coordinates":[[[120.7933922008243,24.5272816962016],[120.7933922008243,24.536274899838848],[120.80238540446155,24.536274899838848],[120.80238540446155,24.5272816962016],[120.7933922008243,24.5272816962016]]]}},{"type":"Feature","properties":{"jobs":0,"pop":17,"pointCount":1,"homeWorkCommuteMedian":42297,"workHomeCommuteMedian":-1},"geometry":{"type":"Polygon","coordinates":[[[120.7933922008243,24.536274899838848],[120.7933922008243,24.545268103476094],[120.80238540446155,24.545268103476094],[120.80238540446155,24.536274899838848],[120.7933922008243,24.536274899838848]]]}},{"type":"Feature","properties":{"jobs":265,"pop":102,"pointCount":5,"homeWorkCommuteMedian":7816,"workHomeCommuteMedian":8589},"geometry":{"type":"Polygon","coordinates":[[[120.7933922008243,24.545268103476094],[120.7933922008243,24.55426130711334],[120.80238540446155,24.55426130711334],[120.80238540446155,24.545268103476094],[120.7933922008243,24.545268103476094]]]}},{"type":"Feature","properties":{"jobs":59,"pop":149,"pointCount":3,"homeWorkCommuteMedian":4046,"workHomeCommuteMedian":5616},"geometry":{"type":"Polygon","coordinates":[[[120.7933922008243,24.55426130711334],[120.7933922008243,24.563254510750586],[120.80238540446155,24.563254510750586],[120.80238540446155,24.55426130711334],[120.7933922008243,24.55426130711334]]]}},{"type":"Feature","properties":{"jobs":26,"pop":23,"pointCount":2,"homeWorkCommuteMedian":3909,"workHomeCommuteMedian":4091},"geometry":{"type":"Polygon","coordinates":[[[120.7933922008243,24.563254510750586],[120.7933922008243,24.57224771438783],[120.80238540446155,24.57224771438783],[120.80238540446155,24.563254510750586],[120.7933922008243,24.563254510750586]]]}},{"type":"Feature","properties":{"jobs":0,"pop":67,"pointCount":2,"homeWorkCommuteMedian":28188,"workHomeCommuteMedian":-1},"geometry":{"type":"Polygon","coordinates":[[[120.7933922008243,24.57224771438783],[120.7933922008243,24.581240918025077],[120.80238540446155,24.581240918025077],[120.80238540446155,24.57224771438783],[120.7933922008243,24.57224771438783]]]}},{"type":"Feature","properties":{"jobs":221,"pop":120,"pointCount":7,"homeWorkCommuteMedian":11366,"workHomeCommuteMedian":5454},"geometry":{"type":"Polygon","coordinates":[[[120.7933922008243,24.581240918025077],[120.7933922008243,24.590234121662323],[120.80238540446155,24.590234121662323],[120.80238540446155,24.581240918025077],[120.7933922008243,24.581240918025077]]]}},{"type":"Feature","properties":{"jobs":0,"pop":59,"pointCount":2,"homeWorkCommuteMedian":6344,"workHomeCommuteMedian":-1},"geometry":{"type":"Polygon","coordinates":[[[120.7933922008243,24.590234121662323],[120.7933922008243,24.59922732529957],[120.80238540446155,24.59922732529957],[120.80238540446155,24.590234121662323],[120.7933922008243,24.590234121662323]]]}},{"type":"Feature","properties":{"jobs":616,"pop":1839,"pointCount":10,"homeWorkCommuteMedian":4590,"workHomeCommuteMedian":4318},"geometry":{"type":"Polygon","coordinates":[[[120.7933922008243,24.608220528936815],[120.7933922008243,24.61721373257406],[120.80238540446155,24.61721373257406],[120.80238540446155,24.608220528936815],[120.7933922008243,24.608220528936815]]]}},{"type":"Feature","properties":{"jobs":242,"pop":124,"pointCount":4,"homeWorkCommuteMedian":3545,"workHomeCommuteMedian":3787},"geometry":{"type":"Polygon","coordinates":[[[120.7933922008243,24.61721373257406],[120.7933922008243,24.626206936211307],[120.80238540446155,24.626206936211307],[120.80238540446155,24.61721373257406],[120.7933922008243,24.61721373257406]]]}},{"type":"Feature","properties":{"jobs":751,"pop":324,"pointCount":7,"homeWorkCommuteMedian":23072,"workHomeCommuteMedian":5513},"geometry":{"type":"Polygon","coordinates":[[[120.7933922008243,24.626206936211307],[120.7933922008243,24.635200139848553],[120.80238540446155,24.635200139848553],[120.80238540446155,24.626206936211307],[120.7933922008243,24.626206936211307]]]}},{"type":"Feature","properties":{"jobs":153,"pop":115,"pointCount":5,"homeWorkCommuteMedian":8036,"workHomeCommuteMedian":7028},"geometry":{"type":"Polygon","coordinates":[[[120.7933922008243,24.635200139848553],[120.7933922008243,24.6441933434858],[120.80238540446155,24.6441933434858],[120.80238540446155,24.635200139848553],[120.7933922008243,24.635200139848553]]]}},{"type":"Feature","properties":{"jobs":16,"pop":152,"pointCount":5,"homeWorkCommuteMedian":17007,"workHomeCommuteMedian":2475},"geometry":{"type":"Polygon","coordinates":[[[120.7933922008243,24.6441933434858],[120.7933922008243,24.653186547123045],[120.80238540446155,24.653186547123045],[120.80238540446155,24.6441933434858],[120.7933922008243,24.6441933434858]]]}},{"type":"Feature","properties":{"jobs":0,"pop":38,"pointCount":1,"homeWorkCommuteMedian":74937,"workHomeCommuteMedian":-1},"geometry":{"type":"Polygon","coordinates":[[[120.80238540446155,24.347417623456682],[120.80238540446155,24.356410827093928],[120.81137860809879,24.356410827093928],[120.81137860809879,24.347417623456682],[120.80238540446155,24.347417623456682]]]}},{"type":"Feature","properties":{"jobs":0,"pop":19,"pointCount":1,"homeWorkCommuteMedian":52063,"workHomeCommuteMedian":-1},"geometry":{"type":"Polygon","coordinates":[[[120.80238540446155,24.410370048917404],[120.80238540446155,24.41936325255465],[120.81137860809879,24.41936325255465],[120.81137860809879,24.410370048917404],[120.80238540446155,24.410370048917404]]]}},{"type":"Feature","properties":{"jobs":58,"pop":198,"pointCount":4,"homeWorkCommuteMedian":14313,"workHomeCommuteMedian":10222},"geometry":{"type":"Polygon","coordinates":[[[120.80238540446155,24.428356456191896],[120.80238540446155,24.43734965982914],[120.81137860809879,24.43734965982914],[120.81137860809879,24.428356456191896],[120.80238540446155,24.428356456191896]]]}},{"type":"Feature","properties":{"jobs":0,"pop":22,"pointCount":1,"homeWorkCommuteMedian":10920,"workHomeCommuteMedian":-1},"geometry":{"type":"Polygon","coordinates":[[[120.80238540446155,24.43734965982914],[120.80238540446155,24.446342863466388],[120.81137860809879,24.446342863466388],[120.81137860809879,24.43734965982914],[120.80238540446155,24.43734965982914]]]}},{"type":"Feature","properties":{"jobs":0,"pop":21,"pointCount":1,"homeWorkCommuteMedian":60496,"workHomeCommuteMedian":-1},"geometry":{"type":"Polygon","coordinates":[[[120.80238540446155,24.455336067103634],[120.80238540446155,24.46432927074088],[120.81137860809879,24.46432927074088],[120.81137860809879,24.455336067103634],[120.80238540446155,24.455336067103634]]]}},{"type":"Feature","properties":{"jobs":0,"pop":44,"pointCount":1,"homeWorkCommuteMedian":4780,"workHomeCommuteMedian":-1},"geometry":{"type":"Polygon","coordinates":[[[120.80238540446155,24.46432927074088],[120.80238540446155,24.473322474378126],[120.81137860809879,24.473322474378126],[120.81137860809879,24.46432927074088],[120.80238540446155,24.46432927074088]]]}},{"type":"Feature","properties":{"jobs":0,"pop":56,"pointCount":2,"homeWorkCommuteMedian":33862,"workHomeCommuteMedian":-1},"geometry":{"type":"Polygon","coordinates":[[[120.80238540446155,24.473322474378126],[120.80238540446155,24.48231567801537],[120.81137860809879,24.48231567801537],[120.81137860809879,24.473322474378126],[120.80238540446155,24.473322474378126]]]}},{"type":"Feature","properties":{"jobs":444,"pop":374,"pointCount":6,"homeWorkCommuteMedian":10122,"workHomeCommuteMedian":12132},"geometry":{"type":"Polygon","coordinates":[[[120.80238540446155,24.48231567801537],[120.80238540446155,24.491308881652618],[120.81137860809879,24.491308881652618],[120.81137860809879,24.48231567801537],[120.80238540446155,24.48231567801537]]]}},{"type":"Feature","properties":{"jobs":197,"pop":396,"pointCount":6,"homeWorkCommuteMedian":10338,"workHomeCommuteMedian":7742},"geometry":{"type":"Polygon","coordinates":[[[120.80238540446155,24.491308881652618],[120.80238540446155,24.500302085289864],[120.81137860809879,24.500302085289864],[120.81137860809879,24.491308881652618],[120.80238540446155,24.491308881652618]]]}},{"type":"Feature","properties":{"jobs":47,"pop":498,"pointCount":7,"homeWorkCommuteMedian":10803,"workHomeCommuteMedian":3971},"geometry":{"type":"Polygon","coordinates":[[[120.80238540446155,24.500302085289864],[120.80238540446155,24.50929528892711],[120.81137860809879,24.50929528892711],[120.81137860809879,24.500302085289864],[120.80238540446155,24.500302085289864]]]}},{"type":"Feature","properties":{"jobs":0,"pop":188,"pointCount":4,"homeWorkCommuteMedian":12501,"workHomeCommuteMedian":-1},"geometry":{"type":"Polygon","coordinates":[[[120.80238540446155,24.50929528892711],[120.80238540446155,24.518288492564356],[120.81137860809879,24.518288492564356],[120.81137860809879,24.50929528892711],[120.80238540446155,24.50929528892711]]]}},{"type":"Feature","properties":{"jobs":27,"pop":114,"pointCount":3,"homeWorkCommuteMedian":29111,"workHomeCommuteMedian":24997},"geometry":{"type":"Polygon","coordinates":[[[120.80238540446155,24.518288492564356],[120.80238540446155,24.5272816962016],[120.81137860809879,24.5272816962016],[120.81137860809879,24.518288492564356],[120.80238540446155,24.518288492564356]]]}},{"type":"Feature","properties":{"jobs":33,"pop":243,"pointCount":2,"homeWorkCommuteMedian":7850,"workHomeCommuteMedian":5339},"geometry":{"type":"Polygon","coordinates":[[[120.80238540446155,24.5272816962016],[120.80238540446155,24.536274899838848],[120.81137860809879,24.536274899838848],[120.81137860809879,24.5272816962016],[120.80238540446155,24.5272816962016]]]}},{"type":"Feature","properties":{"jobs":115,"pop":187,"pointCount":3,"homeWorkCommuteMedian":41137,"workHomeCommuteMedian":6236},"geometry":{"type":"Polygon","coordinates":[[[120.80238540446155,24.536274899838848],[120.80238540446155,24.545268103476094],[120.81137860809879,24.545268103476094],[120.81137860809879,24.536274899838848],[120.80238540446155,24.536274899838848]]]}},{"type":"Feature","properties":{"jobs":254,"pop":1398,"pointCount":7,"homeWorkCommuteMedian":5850,"workHomeCommuteMedian":5343},"geometry":{"type":"Polygon","coordinates":[[[120.80238540446155,24.545268103476094],[120.80238540446155,24.55426130711334],[120.81137860809879,24.55426130711334],[120.81137860809879,24.545268103476094],[120.80238540446155,24.545268103476094]]]}},{"type":"Feature","properties":{"jobs":371,"pop":1215,"pointCount":9,"homeWorkCommuteMedian":7947,"workHomeCommuteMedian":4496},"geometry":{"type":"Polygon","coordinates":[[[120.80238540446155,24.55426130711334],[120.80238540446155,24.563254510750586],[120.81137860809879,24.563254510750586],[120.81137860809879,24.55426130711334],[120.80238540446155,24.55426130711334]]]}},{"type":"Feature","properties":{"jobs":382,"pop":1427,"pointCount":9,"homeWorkCommuteMedian":5831,"workHomeCommuteMedian":6115},"geometry":{"type":"Polygon","coordinates":[[[120.80238540446155,24.563254510750586],[120.80238540446155,24.57224771438783],[120.81137860809879,24.57224771438783],[120.81137860809879,24.563254510750586],[120.80238540446155,24.563254510750586]]]}},{"type":"Feature","properties":{"jobs":64,"pop":163,"pointCount":3,"homeWorkCommuteMedian":4563,"workHomeCommuteMedian":4402},"geometry":{"type":"Polygon","coordinates":[[[120.80238540446155,24.57224771438783],[120.80238540446155,24.581240918025077],[120.81137860809879,24.581240918025077],[120.81137860809879,24.57224771438783],[120.80238540446155,24.57224771438783]]]}},{"type":"Feature","properties":{"jobs":205,"pop":213,"pointCount":3,"homeWorkCommuteMedian":28095,"workHomeCommuteMedian":5333},"geometry":{"type":"Polygon","coordinates":[[[120.80238540446155,24.581240918025077],[120.80238540446155,24.590234121662323],[120.81137860809879,24.590234121662323],[120.81137860809879,24.581240918025077],[120.80238540446155,24.581240918025077]]]}},{"type":"Feature","properties":{"jobs":1593,"pop":0,"pointCount":4,"homeWorkCommuteMedian":-1,"workHomeCommuteMedian":5420},"geometry":{"type":"Polygon","coordinates":[[[120.80238540446155,24.590234121662323],[120.80238540446155,24.59922732529957],[120.81137860809879,24.59922732529957],[120.81137860809879,24.590234121662323],[120.80238540446155,24.590234121662323]]]}},{"type":"Feature","properties":{"jobs":35,"pop":106,"pointCount":2,"homeWorkCommuteMedian":4695,"workHomeCommuteMedian":8205},"geometry":{"type":"Polygon","coordinates":[[[120.80238540446155,24.59922732529957],[120.80238540446155,24.608220528936815],[120.81137860809879,24.608220528936815],[120.81137860809879,24.59922732529957],[120.80238540446155,24.59922732529957]]]}},{"type":"Feature","properties":{"jobs":82,"pop":414,"pointCount":5,"homeWorkCommuteMedian":6273,"workHomeCommuteMedian":8829},"geometry":{"type":"Polygon","coordinates":[[[120.80238540446155,24.608220528936815],[120.80238540446155,24.61721373257406],[120.81137860809879,24.61721373257406],[120.81137860809879,24.608220528936815],[120.80238540446155,24.608220528936815]]]}},{"type":"Feature","properties":{"jobs":600,"pop":598,"pointCount":9,"homeWorkCommuteMedian":5196,"workHomeCommuteMedian":5768},"geometry":{"type":"Polygon","coordinates":[[[120.80238540446155,24.61721373257406],[120.80238540446155,24.626206936211307],[120.81137860809879,24.626206936211307],[120.81137860809879,24.61721373257406],[120.80238540446155,24.61721373257406]]]}},{"type":"Feature","properties":{"jobs":0,"pop":151,"pointCount":3,"homeWorkCommuteMedian":6918,"workHomeCommuteMedian":-1},"geometry":{"type":"Polygon","coordinates":[[[120.80238540446155,24.626206936211307],[120.80238540446155,24.635200139848553],[120.81137860809879,24.635200139848553],[120.81137860809879,24.626206936211307],[120.80238540446155,24.626206936211307]]]}},{"type":"Feature","properties":{"jobs":166,"pop":289,"pointCount":7,"homeWorkCommuteMedian":13313,"workHomeCommuteMedian":3933},"geometry":{"type":"Polygon","coordinates":[[[120.80238540446155,24.635200139848553],[120.80238540446155,24.6441933434858],[120.81137860809879,24.6441933434858],[120.81137860809879,24.635200139848553],[120.80238540446155,24.635200139848553]]]}},{"type":"Feature","properties":{"jobs":51,"pop":679,"pointCount":6,"homeWorkCommuteMedian":10725,"workHomeCommuteMedian":6209},"geometry":{"type":"Polygon","coordinates":[[[120.80238540446155,24.6441933434858],[120.80238540446155,24.653186547123045],[120.81137860809879,24.653186547123045],[120.81137860809879,24.6441933434858],[120.80238540446155,24.6441933434858]]]}},{"type":"Feature","properties":{"jobs":0,"pop":35,"pointCount":2,"homeWorkCommuteMedian":42349,"workHomeCommuteMedian":-1},"geometry":{"type":"Polygon","coordinates":[[[120.80238540446155,24.653186547123045],[120.80238540446155,24.66217975076029],[120.81137860809879,24.66217975076029],[120.81137860809879,24.653186547123045],[120.80238540446155,24.653186547123045]]]}},{"type":"Feature","properties":{"jobs":0,"pop":181,"pointCount":1,"homeWorkCommuteMedian":37237,"workHomeCommuteMedian":-1},"geometry":{"type":"Polygon","coordinates":[[[120.81137860809879,24.347417623456682],[120.81137860809879,24.356410827093928],[120.82037181173604,24.356410827093928],[120.82037181173604,24.347417623456682],[120.81137860809879,24.347417623456682]]]}},{"type":"Feature","properties":{"jobs":0,"pop":39,"pointCount":1,"homeWorkCommuteMedian":77785,"workHomeCommuteMedian":-1},"geometry":{"type":"Polygon","coordinates":[[[120.81137860809879,24.365404030731174],[120.81137860809879,24.37439723436842],[120.82037181173604,24.37439723436842],[120.82037181173604,24.365404030731174],[120.81137860809879,24.365404030731174]]]}},{"type":"Feature","properties":{"jobs":0,"pop":40,"pointCount":1,"homeWorkCommuteMedian":33177,"workHomeCommuteMedian":-1},"geometry":{"type":"Polygon","coordinates":[[[120.81137860809879,24.410370048917404],[120.81137860809879,24.41936325255465],[120.82037181173604,24.41936325255465],[120.82037181173604,24.410370048917404],[120.81137860809879,24.410370048917404]]]}},{"type":"Feature","properties":{"jobs":0,"pop":36,"pointCount":1,"homeWorkCommuteMedian":40372,"workHomeCommuteMedian":-1},"geometry":{"type":"Polygon","coordinates":[[[120.81137860809879,24.41936325255465],[120.81137860809879,24.428356456191896],[120.82037181173604,24.428356456191896],[120.82037181173604,24.41936325255465],[120.81137860809879,24.41936325255465]]]}},{"type":"Feature","properties":{"jobs":0,"pop":18,"pointCount":1,"homeWorkCommuteMedian":55398,"workHomeCommuteMedian":-1},"geometry":{"type":"Polygon","coordinates":[[[120.81137860809879,24.428356456191896],[120.81137860809879,24.43734965982914],[120.82037181173604,24.43734965982914],[120.82037181173604,24.428356456191896],[120.81137860809879,24.428356456191896]]]}},{"type":"Feature","properties":{"jobs":0,"pop":36,"pointCount":1,"homeWorkCommuteMedian":21392,"workHomeCommuteMedian":-1},"geometry":{"type":"Polygon","coordinates":[[[120.81137860809879,24.43734965982914],[120.81137860809879,24.446342863466388],[120.82037181173604,24.446342863466388],[120.82037181173604,24.43734965982914],[120.81137860809879,24.43734965982914]]]}},{"type":"Feature","properties":{"jobs":29,"pop":46,"pointCount":2,"homeWorkCommuteMedian":50187,"workHomeCommuteMedian":6219},"geometry":{"type":"Polygon","coordinates":[[[120.81137860809879,24.446342863466388],[120.81137860809879,24.455336067103634],[120.82037181173604,24.455336067103634],[120.82037181173604,24.446342863466388],[120.81137860809879,24.446342863466388]]]}},{"type":"Feature","properties":{"jobs":33,"pop":161,"pointCount":3,"homeWorkCommuteMedian":46582,"workHomeCommuteMedian":10826},"geometry":{"type":"Polygon","coordinates":[[[120.81137860809879,24.455336067103634],[120.81137860809879,24.46432927074088],[120.82037181173604,24.46432927074088],[120.82037181173604,24.455336067103634],[120.81137860809879,24.455336067103634]]]}},{"type":"Feature","properties":{"jobs":0,"pop":115,"pointCount":1,"homeWorkCommuteMedian":5522,"workHomeCommuteMedian":-1},"geometry":{"type":"Polygon","coordinates":[[[120.81137860809879,24.46432927074088],[120.81137860809879,24.473322474378126],[120.82037181173604,24.473322474378126],[120.82037181173604,24.46432927074088],[120.81137860809879,24.46432927074088]]]}},{"type":"Feature","properties":{"jobs":0,"pop":276,"pointCount":4,"homeWorkCommuteMedian":7403,"workHomeCommuteMedian":-1},"geometry":{"type":"Polygon","coordinates":[[[120.81137860809879,24.473322474378126],[120.81137860809879,24.48231567801537],[120.82037181173604,24.48231567801537],[120.82037181173604,24.473322474378126],[120.81137860809879,24.473322474378126]]]}},{"type":"Feature","properties":{"jobs":0,"pop":341,"pointCount":5,"homeWorkCommuteMedian":31637,"workHomeCommuteMedian":-1},"geometry":{"type":"Polygon","coordinates":[[[120.81137860809879,24.48231567801537],[120.81137860809879,24.491308881652618],[120.82037181173604,24.491308881652618],[120.82037181173604,24.48231567801537],[120.81137860809879,24.48231567801537]]]}},{"type":"Feature","properties":{"jobs":71,"pop":337,"pointCount":6,"homeWorkCommuteMedian":31560,"workHomeCommuteMedian":4137},"geometry":{"type":"Polygon","coordinates":[[[120.81137860809879,24.491308881652618],[120.81137860809879,24.500302085289864],[120.82037181173604,24.500302085289864],[120.82037181173604,24.491308881652618],[120.81137860809879,24.491308881652618]]]}},{"type":"Feature","properties":{"jobs":296,"pop":513,"pointCount":7,"homeWorkCommuteMedian":7410,"workHomeCommuteMedian":4270},"geometry":{"type":"Polygon","coordinates":[[[120.81137860809879,24.500302085289864],[120.81137860809879,24.50929528892711],[120.82037181173604,24.50929528892711],[120.82037181173604,24.500302085289864],[120.81137860809879,24.500302085289864]]]}},{"type":"Feature","properties":{"jobs":140,"pop":493,"pointCount":8,"homeWorkCommuteMedian":17068,"workHomeCommuteMedian":2640},"geometry":{"type":"Polygon","coordinates":[[[120.81137860809879,24.50929528892711],[120.81137860809879,24.518288492564356],[120.82037181173604,24.518288492564356],[120.82037181173604,24.50929528892711],[120.81137860809879,24.50929528892711]]]}},{"type":"Feature","properties":{"jobs":103,"pop":330,"pointCount":4,"homeWorkCommuteMedian":26009,"workHomeCommuteMedian":2493},"geometry":{"type":"Polygon","coordinates":[[[120.81137860809879,24.518288492564356],[120.81137860809879,24.5272816962016],[120.82037181173604,24.5272816962016],[120.82037181173604,24.518288492564356],[120.81137860809879,24.518288492564356]]]}},{"type":"Feature","properties":{"jobs":600,"pop":313,"pointCount":4,"homeWorkCommuteMedian":24370,"workHomeCommuteMedian":5806},"geometry":{"type":"Polygon","coordinates":[[[120.81137860809879,24.5272816962016],[120.81137860809879,24.536274899838848],[120.82037181173604,24.536274899838848],[120.82037181173604,24.5272816962016],[120.81137860809879,24.5272816962016]]]}},{"type":"Feature","properties":{"jobs":1890,"pop":1986,"pointCount":10,"homeWorkCommuteMedian":5007,"workHomeCommuteMedian":4240},"geometry":{"type":"Polygon","coordinates":[[[120.81137860809879,24.536274899838848],[120.81137860809879,24.545268103476094],[120.82037181173604,24.545268103476094],[120.82037181173604,24.536274899838848],[120.81137860809879,24.536274899838848]]]}},{"type":"Feature","properties":{"jobs":4101,"pop":2616,"pointCount":12,"homeWorkCommuteMedian":6319,"workHomeCommuteMedian":3534},"geometry":{"type":"Polygon","coordinates":[[[120.81137860809879,24.545268103476094],[120.81137860809879,24.55426130711334],[120.82037181173604,24.55426130711334],[120.82037181173604,24.545268103476094],[120.81137860809879,24.545268103476094]]]}},{"type":"Feature","properties":{"jobs":2981,"pop":3369,"pointCount":13,"homeWorkCommuteMedian":4602,"workHomeCommuteMedian":2380},"geometry":{"type":"Polygon","coordinates":[[[120.81137860809879,24.55426130711334],[120.81137860809879,24.563254510750586],[120.82037181173604,24.563254510750586],[120.82037181173604,24.55426130711334],[120.81137860809879,24.55426130711334]]]}},{"type":"Feature","properties":{"jobs":2473,"pop":5204,"pointCount":18,"homeWorkCommuteMedian":7437,"workHomeCommuteMedian":3075},"geometry":{"type":"Polygon","coordinates":[[[120.81137860809879,24.563254510750586],[120.81137860809879,24.57224771438783],[120.82037181173604,24.57224771438783],[120.82037181173604,24.563254510750586],[120.81137860809879,24.563254510750586]]]}},{"type":"Feature","properties":{"jobs":972,"pop":2096,"pointCount":11,"homeWorkCommuteMedian":5646,"workHomeCommuteMedian":3035},"geometry":{"type":"Polygon","coordinates":[[[120.81137860809879,24.57224771438783],[120.81137860809879,24.581240918025077],[120.82037181173604,24.581240918025077],[120.82037181173604,24.57224771438783],[120.81137860809879,24.57224771438783]]]}},{"type":"Feature","properties":{"jobs":619,"pop":248,"pointCount":4,"homeWorkCommuteMedian":5182,"workHomeCommuteMedian":4442},"geometry":{"type":"Polygon","coordinates":[[[120.81137860809879,24.581240918025077],[120.81137860809879,24.590234121662323],[120.82037181173604,24.590234121662323],[120.82037181173604,24.581240918025077],[120.81137860809879,24.581240918025077]]]}},{"type":"Feature","properties":{"jobs":1456,"pop":0,"pointCount":5,"homeWorkCommuteMedian":-1,"workHomeCommuteMedian":4549},"geometry":{"type":"Polygon","coordinates":[[[120.81137860809879,24.590234121662323],[120.81137860809879,24.59922732529957],[120.82037181173604,24.59922732529957],[120.82037181173604,24.590234121662323],[120.81137860809879,24.590234121662323]]]}},{"type":"Feature","properties":{"jobs":39,"pop":215,"pointCount":3,"homeWorkCommuteMedian":6572,"workHomeCommuteMedian":5951},"geometry":{"type":"Polygon","coordinates":[[[120.81137860809879,24.59922732529957],[120.81137860809879,24.608220528936815],[120.82037181173604,24.608220528936815],[120.82037181173604,24.59922732529957],[120.81137860809879,24.59922732529957]]]}},{"type":"Feature","properties":{"jobs":351,"pop":960,"pointCount":7,"homeWorkCommuteMedian":7484,"workHomeCommuteMedian":12742},"geometry":{"type":"Polygon","coordinates":[[[120.81137860809879,24.608220528936815],[120.81137860809879,24.61721373257406],[120.82037181173604,24.61721373257406],[120.82037181173604,24.608220528936815],[120.81137860809879,24.608220528936815]]]}},{"type":"Feature","properties":{"jobs":42,"pop":286,"pointCount":4,"homeWorkCommuteMedian":6643,"workHomeCommuteMedian":4802},"geometry":{"type":"Polygon","coordinates":[[[120.81137860809879,24.61721373257406],[120.81137860809879,24.626206936211307],[120.82037181173604,24.626206936211307],[120.82037181173604,24.61721373257406],[120.81137860809879,24.61721373257406]]]}},{"type":"Feature","properties":{"jobs":413,"pop":45,"pointCount":6,"homeWorkCommuteMedian":22549,"workHomeCommuteMedian":10015},"geometry":{"type":"Polygon","coordinates":[[[120.81137860809879,24.626206936211307],[120.81137860809879,24.635200139848553],[120.82037181173604,24.635200139848553],[120.82037181173604,24.626206936211307],[120.81137860809879,24.626206936211307]]]}},{"type":"Feature","properties":{"jobs":55,"pop":66,"pointCount":4,"homeWorkCommuteMedian":10364,"workHomeCommuteMedian":5187},"geometry":{"type":"Polygon","coordinates":[[[120.81137860809879,24.635200139848553],[120.81137860809879,24.6441933434858],[120.82037181173604,24.6441933434858],[120.82037181173604,24.635200139848553],[120.81137860809879,24.635200139848553]]]}},{"type":"Feature","properties":{"jobs":24,"pop":140,"pointCount":4,"homeWorkCommuteMedian":13977,"workHomeCommuteMedian":6273},"geometry":{"type":"Polygon","coordinates":[[[120.81137860809879,24.6441933434858],[120.81137860809879,24.653186547123045],[120.82037181173604,24.653186547123045],[120.82037181173604,24.6441933434858],[120.81137860809879,24.6441933434858]]]}},{"type":"Feature","properties":{"jobs":70,"pop":118,"pointCount":3,"homeWorkCommuteMedian":14775,"workHomeCommuteMedian":6643},"geometry":{"type":"Polygon","coordinates":[[[120.81137860809879,24.653186547123045],[120.81137860809879,24.66217975076029],[120.82037181173604,24.66217975076029],[120.82037181173604,24.653186547123045],[120.81137860809879,24.653186547123045]]]}},{"type":"Feature","properties":{"jobs":0,"pop":86,"pointCount":2,"homeWorkCommuteMedian":38417,"workHomeCommuteMedian":-1},"geometry":{"type":"Polygon","coordinates":[[[120.81137860809879,24.66217975076029],[120.81137860809879,24.671172954397537],[120.82037181173604,24.671172954397537],[120.82037181173604,24.66217975076029],[120.81137860809879,24.66217975076029]]]}},{"type":"Feature","properties":{"jobs":0,"pop":114,"pointCount":1,"homeWorkCommuteMedian":70722,"workHomeCommuteMedian":-1},"geometry":{"type":"Polygon","coordinates":[[[120.82037181173604,24.347417623456682],[120.82037181173604,24.356410827093928],[120.82936501537328,24.356410827093928],[120.82936501537328,24.347417623456682],[120.82037181173604,24.347417623456682]]]}},{"type":"Feature","properties":{"jobs":0,"pop":33,"pointCount":1,"homeWorkCommuteMedian":66830,"workHomeCommuteMedian":-1},"geometry":{"type":"Polygon","coordinates":[[[120.82037181173604,24.356410827093928],[120.82037181173604,24.365404030731174],[120.82936501537328,24.365404030731174],[120.82936501537328,24.356410827093928],[120.82037181173604,24.356410827093928]]]}},{"type":"Feature","properties":{"jobs":0,"pop":44,"pointCount":2,"homeWorkCommuteMedian":80943,"workHomeCommuteMedian":-1},"geometry":{"type":"Polygon","coordinates":[[[120.82037181173604,24.365404030731174],[120.82037181173604,24.37439723436842],[120.82936501537328,24.37439723436842],[120.82936501537328,24.365404030731174],[120.82037181173604,24.365404030731174]]]}},{"type":"Feature","properties":{"jobs":0,"pop":43,"pointCount":1,"homeWorkCommuteMedian":71642,"workHomeCommuteMedian":-1},"geometry":{"type":"Polygon","coordinates":[[[120.82037181173604,24.37439723436842],[120.82037181173604,24.383390438005666],[120.82936501537328,24.383390438005666],[120.82936501537328,24.37439723436842],[120.82037181173604,24.37439723436842]]]}},{"type":"Feature","properties":{"jobs":42,"pop":39,"pointCount":1,"homeWorkCommuteMedian":54237,"workHomeCommuteMedian":11767},"geometry":{"type":"Polygon","coordinates":[[[120.82037181173604,24.383390438005666],[120.82037181173604,24.392383641642912],[120.82936501537328,24.392383641642912],[120.82936501537328,24.383390438005666],[120.82037181173604,24.383390438005666]]]}},{"type":"Feature","properties":{"jobs":0,"pop":49,"pointCount":2,"homeWorkCommuteMedian":48985,"workHomeCommuteMedian":-1},"geometry":{"type":"Polygon","coordinates":[[[120.82037181173604,24.392383641642912],[120.82037181173604,24.401376845280158],[120.82936501537328,24.401376845280158],[120.82936501537328,24.392383641642912],[120.82037181173604,24.392383641642912]]]}},{"type":"Feature","properties":{"jobs":0,"pop":44,"pointCount":1,"homeWorkCommuteMedian":57686,"workHomeCommuteMedian":-1},"geometry":{"type":"Polygon","coordinates":[[[120.82037181173604,24.428356456191896],[120.82037181173604,24.43734965982914],[120.82936501537328,24.43734965982914],[120.82936501537328,24.428356456191896],[120.82037181173604,24.428356456191896]]]}},{"type":"Feature","properties":{"jobs":0,"pop":26,"pointCount":1,"homeWorkCommuteMedian":7107,"workHomeCommuteMedian":-1},"geometry":{"type":"Polygon","coordinates":[[[120.82037181173604,24.455336067103634],[120.82037181173604,24.46432927074088],[120.82936501537328,24.46432927074088],[120.82936501537328,24.455336067103634],[120.82037181173604,24.455336067103634]]]}},{"type":"Feature","properties":{"jobs":113,"pop":193,"pointCount":5,"homeWorkCommuteMedian":11858,"workHomeCommuteMedian":7093},"geometry":{"type":"Polygon","coordinates":[[[120.82037181173604,24.46432927074088],[120.82037181173604,24.473322474378126],[120.82936501537328,24.473322474378126],[120.82936501537328,24.46432927074088],[120.82037181173604,24.46432927074088]]]}},{"type":"Feature","properties":{"jobs":119,"pop":392,"pointCount":8,"homeWorkCommuteMedian":43309,"workHomeCommuteMedian":4704},"geometry":{"type":"Polygon","coordinates":[[[120.82037181173604,24.473322474378126],[120.82037181173604,24.48231567801537],[120.82936501537328,24.48231567801537],[120.82936501537328,24.473322474378126],[120.82037181173604,24.473322474378126]]]}},{"type":"Feature","properties":{"jobs":198,"pop":808,"pointCount":8,"homeWorkCommuteMedian":8900,"workHomeCommuteMedian":2718},"geometry":{"type":"Polygon","coordinates":[[[120.82037181173604,24.48231567801537],[120.82037181173604,24.491308881652618],[120.82936501537328,24.491308881652618],[120.82936501537328,24.48231567801537],[120.82037181173604,24.48231567801537]]]}},{"type":"Feature","properties":{"jobs":639,"pop":639,"pointCount":8,"homeWorkCommuteMedian":18638,"workHomeCommuteMedian":3437},"geometry":{"type":"Polygon","coordinates":[[[120.82037181173604,24.491308881652618],[120.82037181173604,24.500302085289864],[120.82936501537328,24.500302085289864],[120.82936501537328,24.491308881652618],[120.82037181173604,24.491308881652618]]]}},{"type":"Feature","properties":{"jobs":912,"pop":3828,"pointCount":10,"homeWorkCommuteMedian":9900,"workHomeCommuteMedian":2371},"geometry":{"type":"Polygon","coordinates":[[[120.82037181173604,24.500302085289864],[120.82037181173604,24.50929528892711],[120.82936501537328,24.50929528892711],[120.82936501537328,24.500302085289864],[120.82037181173604,24.500302085289864]]]}},{"type":"Feature","properties":{"jobs":582,"pop":967,"pointCount":5,"homeWorkCommuteMedian":7331,"workHomeCommuteMedian":3219},"geometry":{"type":"Polygon","coordinates":[[[120.82037181173604,24.50929528892711],[120.82037181173604,24.518288492564356],[120.82936501537328,24.518288492564356],[120.82936501537328,24.50929528892711],[120.82037181173604,24.50929528892711]]]}},{"type":"Feature","properties":{"jobs":145,"pop":859,"pointCount":6,"homeWorkCommuteMedian":16458,"workHomeCommuteMedian":3250},"geometry":{"type":"Polygon","coordinates":[[[120.82037181173604,24.518288492564356],[120.82037181173604,24.5272816962016],[120.82936501537328,24.5272816962016],[120.82936501537328,24.518288492564356],[120.82037181173604,24.518288492564356]]]}},{"type":"Feature","properties":{"jobs":256,"pop":814,"pointCount":4,"homeWorkCommuteMedian":29661,"workHomeCommuteMedian":3731},"geometry":{"type":"Polygon","coordinates":[[[120.82037181173604,24.5272816962016],[120.82037181173604,24.536274899838848],[120.82936501537328,24.536274899838848],[120.82936501537328,24.5272816962016],[120.82037181173604,24.5272816962016]]]}},{"type":"Feature","properties":{"jobs":220,"pop":382,"pointCount":3,"homeWorkCommuteMedian":6242,"workHomeCommuteMedian":5413},"geometry":{"type":"Polygon","coordinates":[[[120.82037181173604,24.536274899838848],[120.82037181173604,24.545268103476094],[120.82936501537328,24.545268103476094],[120.82936501537328,24.536274899838848],[120.82037181173604,24.536274899838848]]]}},{"type":"Feature","properties":{"jobs":613,"pop":2476,"pointCount":11,"homeWorkCommuteMedian":7179,"workHomeCommuteMedian":4211},"geometry":{"type":"Polygon","coordinates":[[[120.82037181173604,24.545268103476094],[120.82037181173604,24.55426130711334],[120.82936501537328,24.55426130711334],[120.82936501537328,24.545268103476094],[120.82037181173604,24.545268103476094]]]}},{"type":"Feature","properties":{"jobs":1850,"pop":5133,"pointCount":15,"homeWorkCommuteMedian":5022,"workHomeCommuteMedian":3129},"geometry":{"type":"Polygon","coordinates":[[[120.82037181173604,24.55426130711334],[120.82037181173604,24.563254510750586],[120.82936501537328,24.563254510750586],[120.82936501537328,24.55426130711334],[120.82037181173604,24.55426130711334]]]}},{"type":"Feature","properties":{"jobs":4223,"pop":4113,"pointCount":17,"homeWorkCommuteMedian":6143,"workHomeCommuteMedian":2774},"geometry":{"type":"Polygon","coordinates":[[[120.82037181173604,24.563254510750586],[120.82037181173604,24.57224771438783],[120.82936501537328,24.57224771438783],[120.82936501537328,24.563254510750586],[120.82037181173604,24.563254510750586]]]}},{"type":"Feature","properties":{"jobs":722,"pop":2834,"pointCount":8,"homeWorkCommuteMedian":8304,"workHomeCommuteMedian":3459},"geometry":{"type":"Polygon","coordinates":[[[120.82037181173604,24.57224771438783],[120.82037181173604,24.581240918025077],[120.82936501537328,24.581240918025077],[120.82936501537328,24.57224771438783],[120.82037181173604,24.57224771438783]]]}},{"type":"Feature","properties":{"jobs":626,"pop":2157,"pointCount":8,"homeWorkCommuteMedian":4546,"workHomeCommuteMedian":4114},"geometry":{"type":"Polygon","coordinates":[[[120.82037181173604,24.581240918025077],[120.82037181173604,24.590234121662323],[120.82936501537328,24.590234121662323],[120.82936501537328,24.581240918025077],[120.82037181173604,24.581240918025077]]]}},{"type":"Feature","properties":{"jobs":584,"pop":0,"pointCount":4,"homeWorkCommuteMedian":-1,"workHomeCommuteMedian":5626},"geometry":{"type":"Polygon","coordinates":[[[120.82037181173604,24.590234121662323],[120.82037181173604,24.59922732529957],[120.82936501537328,24.59922732529957],[120.82936501537328,24.590234121662323],[120.82037181173604,24.590234121662323]]]}},{"type":"Feature","properties":{"jobs":400,"pop":142,"pointCount":5,"homeWorkCommuteMedian":39321,"workHomeCommuteMedian":6216},"geometry":{"type":"Polygon","coordinates":[[[120.82037181173604,24.59922732529957],[120.82037181173604,24.608220528936815],[120.82936501537328,24.608220528936815],[120.82936501537328,24.59922732529957],[120.82037181173604,24.59922732529957]]]}},{"type":"Feature","properties":{"jobs":246,"pop":469,"pointCount":8,"homeWorkCommuteMedian":8316,"workHomeCommuteMedian":7296},"geometry":{"type":"Polygon","coordinates":[[[120.82037181173604,24.608220528936815],[120.82037181173604,24.61721373257406],[120.82936501537328,24.61721373257406],[120.82936501537328,24.608220528936815],[120.82037181173604,24.608220528936815]]]}},{"type":"Feature","properties":{"jobs":0,"pop":127,"pointCount":1,"homeWorkCommuteMedian":21137,"workHomeCommuteMedian":-1},"geometry":{"type":"Polygon","coordinates":[[[120.82037181173604,24.61721373257406],[120.82037181173604,24.626206936211307],[120.82936501537328,24.626206936211307],[120.82936501537328,24.61721373257406],[120.82037181173604,24.61721373257406]]]}},{"type":"Feature","properties":{"jobs":23,"pop":105,"pointCount":4,"homeWorkCommuteMedian":35098,"workHomeCommuteMedian":33177},"geometry":{"type":"Polygon","coordinates":[[[120.82037181173604,24.626206936211307],[120.82037181173604,24.635200139848553],[120.82936501537328,24.635200139848553],[120.82936501537328,24.626206936211307],[120.82037181173604,24.626206936211307]]]}},{"type":"Feature","properties":{"jobs":46,"pop":34,"pointCount":2,"homeWorkCommuteMedian":38446,"workHomeCommuteMedian":11147},"geometry":{"type":"Polygon","coordinates":[[[120.82037181173604,24.635200139848553],[120.82037181173604,24.6441933434858],[120.82936501537328,24.6441933434858],[120.82936501537328,24.635200139848553],[120.82037181173604,24.635200139848553]]]}},{"type":"Feature","properties":{"jobs":194,"pop":42,"pointCount":3,"homeWorkCommuteMedian":27871,"workHomeCommuteMedian":8806},"geometry":{"type":"Polygon","coordinates":[[[120.82037181173604,24.6441933434858],[120.82037181173604,24.653186547123045],[120.82936501537328,24.653186547123045],[120.82936501537328,24.6441933434858],[120.82037181173604,24.6441933434858]]]}},{"type":"Feature","properties":{"jobs":34,"pop":160,"pointCount":4,"homeWorkCommuteMedian":14264,"workHomeCommuteMedian":3026},"geometry":{"type":"Polygon","coordinates":[[[120.82037181173604,24.653186547123045],[120.82037181173604,24.66217975076029],[120.82936501537328,24.66217975076029],[120.82936501537328,24.653186547123045],[120.82037181173604,24.653186547123045]]]}},{"type":"Feature","properties":{"jobs":19,"pop":33,"pointCount":2,"homeWorkCommuteMedian":33305,"workHomeCommuteMedian":9209},"geometry":{"type":"Polygon","coordinates":[[[120.82037181173604,24.66217975076029],[120.82037181173604,24.671172954397537],[120.82936501537328,24.671172954397537],[120.82936501537328,24.66217975076029],[120.82037181173604,24.66217975076029]]]}},{"type":"Feature","properties":{"jobs":0,"pop":181,"pointCount":4,"homeWorkCommuteMedian":65942,"workHomeCommuteMedian":-1},"geometry":{"type":"Polygon","coordinates":[[[120.82936501537328,24.347417623456682],[120.82936501537328,24.356410827093928],[120.83835821901053,24.356410827093928],[120.83835821901053,24.347417623456682],[120.82936501537328,24.347417623456682]]]}},{"type":"Feature","properties":{"jobs":0,"pop":138,"pointCount":2,"homeWorkCommuteMedian":70888,"workHomeCommuteMedian":-1},"geometry":{"type":"Polygon","coordinates":[[[120.82936501537328,24.356410827093928],[120.82936501537328,24.365404030731174],[120.83835821901053,24.365404030731174],[120.83835821901053,24.356410827093928],[120.82936501537328,24.356410827093928]]]}},{"type":"Feature","properties":{"jobs":15,"pop":41,"pointCount":2,"homeWorkCommuteMedian":68922,"workHomeCommuteMedian":6238},"geometry":{"type":"Polygon","coordinates":[[[120.82936501537328,24.37439723436842],[120.82936501537328,24.383390438005666],[120.83835821901053,24.383390438005666],[120.83835821901053,24.37439723436842],[120.82936501537328,24.37439723436842]]]}},{"type":"Feature","properties":{"jobs":0,"pop":47,"pointCount":2,"homeWorkCommuteMedian":70896,"workHomeCommuteMedian":-1},"geometry":{"type":"Polygon","coordinates":[[[120.82936501537328,24.383390438005666],[120.82936501537328,24.392383641642912],[120.83835821901053,24.392383641642912],[120.83835821901053,24.383390438005666],[120.82936501537328,24.383390438005666]]]}},{"type":"Feature","properties":{"jobs":0,"pop":45,"pointCount":2,"homeWorkCommuteMedian":62481,"workHomeCommuteMedian":-1},"geometry":{"type":"Polygon","coordinates":[[[120.82936501537328,24.41936325255465],[120.82936501537328,24.428356456191896],[120.83835821901053,24.428356456191896],[120.83835821901053,24.41936325255465],[120.82936501537328,24.41936325255465]]]}},{"type":"Feature","properties":{"jobs":151,"pop":580,"pointCount":6,"homeWorkCommuteMedian":31337,"workHomeCommuteMedian":5176},"geometry":{"type":"Polygon","coordinates":[[[120.82936501537328,24.46432927074088],[120.82936501537328,24.473322474378126],[120.83835821901053,24.473322474378126],[120.83835821901053,24.46432927074088],[120.82936501537328,24.46432927074088]]]}},{"type":"Feature","properties":{"jobs":31,"pop":186,"pointCount":3,"homeWorkCommuteMedian":9149,"workHomeCommuteMedian":5359},"geometry":{"type":"Polygon","coordinates":[[[120.82936501537328,24.473322474378126],[120.82936501537328,24.48231567801537],[120.83835821901053,24.48231567801537],[120.83835821901053,24.473322474378126],[120.82936501537328,24.473322474378126]]]}},{"type":"Feature","properties":{"jobs":103,"pop":238,"pointCount":5,"homeWorkCommuteMedian":37904,"workHomeCommuteMedian":4096},"geometry":{"type":"Polygon","coordinates":[[[120.82936501537328,24.48231567801537],[120.82936501537328,24.491308881652618],[120.83835821901053,24.491308881652618],[120.83835821901053,24.48231567801537],[120.82936501537328,24.48231567801537]]]}},{"type":"Feature","properties":{"jobs":47,"pop":303,"pointCount":4,"homeWorkCommuteMedian":43233,"workHomeCommuteMedian":1323},"geometry":{"type":"Polygon","coordinates":[[[120.82936501537328,24.491308881652618],[120.82936501537328,24.500302085289864],[120.83835821901053,24.500302085289864],[120.83835821901053,24.491308881652618],[120.82936501537328,24.491308881652618]]]}},{"type":"Feature","properties":{"jobs":57,"pop":659,"pointCount":6,"homeWorkCommuteMedian":7608,"workHomeCommuteMedian":3783},"geometry":{"type":"Polygon","coordinates":[[[120.82936501537328,24.500302085289864],[120.82936501537328,24.50929528892711],[120.83835821901053,24.50929528892711],[120.83835821901053,24.500302085289864],[120.82936501537328,24.500302085289864]]]}},{"type":"Feature","properties":{"jobs":51,"pop":634,"pointCount":8,"homeWorkCommuteMedian":24828,"workHomeCommuteMedian":4745},"geometry":{"type":"Polygon","coordinates":[[[120.82936501537328,24.50929528892711],[120.82936501537328,24.518288492564356],[120.83835821901053,24.518288492564356],[120.83835821901053,24.50929528892711],[120.82936501537328,24.50929528892711]]]}},{"type":"Feature","properties":{"jobs":176,"pop":411,"pointCount":6,"homeWorkCommuteMedian":5957,"workHomeCommuteMedian":3511},"geometry":{"type":"Polygon","coordinates":[[[120.82936501537328,24.518288492564356],[120.82936501537328,24.5272816962016],[120.83835821901053,24.5272816962016],[120.83835821901053,24.518288492564356],[120.82936501537328,24.518288492564356]]]}},{"type":"Feature","properties":{"jobs":256,"pop":1146,"pointCount":11,"homeWorkCommuteMedian":5054,"workHomeCommuteMedian":4516},"geometry":{"type":"Polygon","coordinates":[[[120.82936501537328,24.5272816962016],[120.82936501537328,24.536274899838848],[120.83835821901053,24.536274899838848],[120.83835821901053,24.5272816962016],[120.82936501537328,24.5272816962016]]]}},{"type":"Feature","properties":{"jobs":465,"pop":439,"pointCount":7,"homeWorkCommuteMedian":27384,"workHomeCommuteMedian":6077},"geometry":{"type":"Polygon","coordinates":[[[120.82936501537328,24.536274899838848],[120.82936501537328,24.545268103476094],[120.83835821901053,24.545268103476094],[120.83835821901053,24.536274899838848],[120.82936501537328,24.536274899838848]]]}},{"type":"Feature","properties":{"jobs":45,"pop":142,"pointCount":2,"homeWorkCommuteMedian":23895,"workHomeCommuteMedian":9487},"geometry":{"type":"Polygon","coordinates":[[[120.82936501537328,24.545268103476094],[120.82936501537328,24.55426130711334],[120.83835821901053,24.55426130711334],[120.83835821901053,24.545268103476094],[120.82936501537328,24.545268103476094]]]}},{"type":"Feature","properties":{"jobs":1244,"pop":489,"pointCount":6,"homeWorkCommuteMedian":3534,"workHomeCommuteMedian":3575},"geometry":{"type":"Polygon","coordinates":[[[120.82936501537328,24.55426130711334],[120.82936501537328,24.563254510750586],[120.83835821901053,24.563254510750586],[120.83835821901053,24.55426130711334],[120.82936501537328,24.55426130711334]]]}},{"type":"Feature","properties":{"jobs":851,"pop":2354,"pointCount":9,"homeWorkCommuteMedian":4913,"workHomeCommuteMedian":3614},"geometry":{"type":"Polygon","coordinates":[[[120.82936501537328,24.563254510750586],[120.82936501537328,24.57224771438783],[120.83835821901053,24.57224771438783],[120.83835821901053,24.563254510750586],[120.82936501537328,24.563254510750586]]]}},{"type":"Feature","properties":{"jobs":409,"pop":2210,"pointCount":9,"homeWorkCommuteMedian":4757,"workHomeCommuteMedian":2506},"geometry":{"type":"Polygon","coordinates":[[[120.82936501537328,24.57224771438783],[120.82936501537328,24.581240918025077],[120.83835821901053,24.581240918025077],[120.83835821901053,24.57224771438783],[120.82936501537328,24.57224771438783]]]}},{"type":"Feature","properties":{"jobs":637,"pop":353,"pointCount":5,"homeWorkCommuteMedian":4132,"workHomeCommuteMedian":6325},"geometry":{"type":"Polygon","coordinates":[[[120.82936501537328,24.581240918025077],[120.82936501537328,24.590234121662323],[120.83835821901053,24.590234121662323],[120.83835821901053,24.581240918025077],[120.82936501537328,24.581240918025077]]]}},{"type":"Feature","properties":{"jobs":48,"pop":356,"pointCount":6,"homeWorkCommuteMedian":9156,"workHomeCommuteMedian":8196},"geometry":{"type":"Polygon","coordinates":[[[120.82936501537328,24.590234121662323],[120.82936501537328,24.59922732529957],[120.83835821901053,24.59922732529957],[120.83835821901053,24.590234121662323],[120.82936501537328,24.590234121662323]]]}},{"type":"Feature","properties":{"jobs":71,"pop":122,"pointCount":4,"homeWorkCommuteMedian":11356,"workHomeCommuteMedian":8902},"geometry":{"type":"Polygon","coordinates":[[[120.82936501537328,24.59922732529957],[120.82936501537328,24.608220528936815],[120.83835821901053,24.608220528936815],[120.83835821901053,24.59922732529957],[120.82936501537328,24.59922732529957]]]}},{"type":"Feature","properties":{"jobs":65,"pop":331,"pointCount":6,"homeWorkCommuteMedian":8115,"workHomeCommuteMedian":14221},"geometry":{"type":"Polygon","coordinates":[[[120.82936501537328,24.608220528936815],[120.82936501537328,24.61721373257406],[120.83835821901053,24.61721373257406],[120.83835821901053,24.608220528936815],[120.82936501537328,24.608220528936815]]]}},{"type":"Feature","properties":{"jobs":30,"pop":44,"pointCount":3,"homeWorkCommuteMedian":11496,"workHomeCommuteMedian":14852},"geometry":{"type":"Polygon","coordinates":[[[120.82936501537328,24.61721373257406],[120.82936501537328,24.626206936211307],[120.83835821901053,24.626206936211307],[120.83835821901053,24.61721373257406],[120.82936501537328,24.61721373257406]]]}},{"type":"Feature","properties":{"jobs":0,"pop":22,"pointCount":1,"homeWorkCommuteMedian":45752,"workHomeCommuteMedian":-1},"geometry":{"type":"Polygon","coordinates":[[[120.82936501537328,24.626206936211307],[120.82936501537328,24.635200139848553],[120.83835821901053,24.635200139848553],[120.83835821901053,24.626206936211307],[120.82936501537328,24.626206936211307]]]}},{"type":"Feature","properties":{"jobs":42,"pop":223,"pointCount":2,"homeWorkCommuteMedian":9165,"workHomeCommuteMedian":9063},"geometry":{"type":"Polygon","coordinates":[[[120.82936501537328,24.635200139848553],[120.82936501537328,24.6441933434858],[120.83835821901053,24.6441933434858],[120.83835821901053,24.635200139848553],[120.82936501537328,24.635200139848553]]]}},{"type":"Feature","properties":{"jobs":148,"pop":93,"pointCount":4,"homeWorkCommuteMedian":29847,"workHomeCommuteMedian":7860},"geometry":{"type":"Polygon","coordinates":[[[120.82936501537328,24.6441933434858],[120.82936501537328,24.653186547123045],[120.83835821901053,24.653186547123045],[120.83835821901053,24.6441933434858],[120.82936501537328,24.6441933434858]]]}},{"type":"Feature","properties":{"jobs":155,"pop":70,"pointCount":4,"homeWorkCommuteMedian":7102,"workHomeCommuteMedian":8126},"geometry":{"type":"Polygon","coordinates":[[[120.82936501537328,24.653186547123045],[120.82936501537328,24.66217975076029],[120.83835821901053,24.66217975076029],[120.83835821901053,24.653186547123045],[120.82936501537328,24.653186547123045]]]}},{"type":"Feature","properties":{"jobs":22,"pop":0,"pointCount":1,"homeWorkCommuteMedian":-1,"workHomeCommuteMedian":7915},"geometry":{"type":"Polygon","coordinates":[[[120.82936501537328,24.66217975076029],[120.82936501537328,24.671172954397537],[120.83835821901053,24.671172954397537],[120.83835821901053,24.66217975076029],[120.82936501537328,24.66217975076029]]]}},{"type":"Feature","properties":{"jobs":132,"pop":0,"pointCount":1,"homeWorkCommuteMedian":-1,"workHomeCommuteMedian":18567},"geometry":{"type":"Polygon","coordinates":[[[120.82936501537328,24.671172954397537],[120.82936501537328,24.680166158034783],[120.83835821901053,24.680166158034783],[120.83835821901053,24.671172954397537],[120.82936501537328,24.671172954397537]]]}},{"type":"Feature","properties":{"jobs":0,"pop":39,"pointCount":1,"homeWorkCommuteMedian":30948,"workHomeCommuteMedian":-1},"geometry":{"type":"Polygon","coordinates":[[[120.83835821901053,24.347417623456682],[120.83835821901053,24.356410827093928],[120.84735142264778,24.356410827093928],[120.84735142264778,24.347417623456682],[120.83835821901053,24.347417623456682]]]}},{"type":"Feature","properties":{"jobs":0,"pop":75,"pointCount":2,"homeWorkCommuteMedian":28336,"workHomeCommuteMedian":-1},"geometry":{"type":"Polygon","coordinates":[[[120.83835821901053,24.356410827093928],[120.83835821901053,24.365404030731174],[120.84735142264778,24.365404030731174],[120.84735142264778,24.356410827093928],[120.83835821901053,24.356410827093928]]]}},{"type":"Feature","properties":{"jobs":39,"pop":114,"pointCount":3,"homeWorkCommuteMedian":66750,"workHomeCommuteMedian":65528},"geometry":{"type":"Polygon","coordinates":[[[120.83835821901053,24.365404030731174],[120.83835821901053,24.37439723436842],[120.84735142264778,24.37439723436842],[120.84735142264778,24.365404030731174],[120.83835821901053,24.365404030731174]]]}},{"type":"Feature","properties":{"jobs":0,"pop":66,"pointCount":2,"homeWorkCommuteMedian":62688,"workHomeCommuteMedian":-1},"geometry":{"type":"Polygon","coordinates":[[[120.83835821901053,24.37439723436842],[120.83835821901053,24.383390438005666],[120.84735142264778,24.383390438005666],[120.84735142264778,24.37439723436842],[120.83835821901053,24.37439723436842]]]}},{"type":"Feature","properties":{"jobs":0,"pop":42,"pointCount":1,"homeWorkCommuteMedian":62703,"workHomeCommuteMedian":-1},"geometry":{"type":"Polygon","coordinates":[[[120.83835821901053,24.383390438005666],[120.83835821901053,24.392383641642912],[120.84735142264778,24.392383641642912],[120.84735142264778,24.383390438005666],[120.83835821901053,24.383390438005666]]]}},{"type":"Feature","properties":{"jobs":0,"pop":16,"pointCount":1,"homeWorkCommuteMedian":63844,"workHomeCommuteMedian":-1},"geometry":{"type":"Polygon","coordinates":[[[120.83835821901053,24.392383641642912],[120.83835821901053,24.401376845280158],[120.84735142264778,24.401376845280158],[120.84735142264778,24.392383641642912],[120.83835821901053,24.392383641642912]]]}},{"type":"Feature","properties":{"jobs":0,"pop":16,"pointCount":1,"homeWorkCommuteMedian":65467,"workHomeCommuteMedian":-1},"geometry":{"type":"Polygon","coordinates":[[[120.83835821901053,24.410370048917404],[120.83835821901053,24.41936325255465],[120.84735142264778,24.41936325255465],[120.84735142264778,24.410370048917404],[120.83835821901053,24.410370048917404]]]}},{"type":"Feature","properties":{"jobs":36,"pop":34,"pointCount":2,"homeWorkCommuteMedian":34329,"workHomeCommuteMedian":8171},"geometry":{"type":"Polygon","coordinates":[[[120.83835821901053,24.455336067103634],[120.83835821901053,24.46432927074088],[120.84735142264778,24.46432927074088],[120.84735142264778,24.455336067103634],[120.83835821901053,24.455336067103634]]]}},{"type":"Feature","properties":{"jobs":0,"pop":27,"pointCount":1,"homeWorkCommuteMedian":55623,"workHomeCommuteMedian":-1},"geometry":{"type":"Polygon","coordinates":[[[120.83835821901053,24.473322474378126],[120.83835821901053,24.48231567801537],[120.84735142264778,24.48231567801537],[120.84735142264778,24.473322474378126],[120.83835821901053,24.473322474378126]]]}},{"type":"Feature","properties":{"jobs":18,"pop":0,"pointCount":1,"homeWorkCommuteMedian":-1,"workHomeCommuteMedian":5405},"geometry":{"type":"Polygon","coordinates":[[[120.83835821901053,24.48231567801537],[120.83835821901053,24.491308881652618],[120.84735142264778,24.491308881652618],[120.84735142264778,24.48231567801537],[120.83835821901053,24.48231567801537]]]}},{"type":"Feature","properties":{"jobs":83,"pop":238,"pointCount":3,"homeWorkCommuteMedian":29265,"workHomeCommuteMedian":3229},"geometry":{"type":"Polygon","coordinates":[[[120.83835821901053,24.491308881652618],[120.83835821901053,24.500302085289864],[120.84735142264778,24.500302085289864],[120.84735142264778,24.491308881652618],[120.83835821901053,24.491308881652618]]]}},{"type":"Feature","properties":{"jobs":22,"pop":16,"pointCount":1,"homeWorkCommuteMedian":28884,"workHomeCommuteMedian":2041},"geometry":{"type":"Polygon","coordinates":[[[120.83835821901053,24.500302085289864],[120.83835821901053,24.50929528892711],[120.84735142264778,24.50929528892711],[120.84735142264778,24.500302085289864],[120.83835821901053,24.500302085289864]]]}},{"type":"Feature","properties":{"jobs":65,"pop":103,"pointCount":3,"homeWorkCommuteMedian":47577,"workHomeCommuteMedian":4727},"geometry":{"type":"Polygon","coordinates":[[[120.83835821901053,24.50929528892711],[120.83835821901053,24.518288492564356],[120.84735142264778,24.518288492564356],[120.84735142264778,24.50929528892711],[120.83835821901053,24.50929528892711]]]}},{"type":"Feature","properties":{"jobs":0,"pop":96,"pointCount":2,"homeWorkCommuteMedian":26955,"workHomeCommuteMedian":-1},"geometry":{"type":"Polygon","coordinates":[[[120.83835821901053,24.518288492564356],[120.83835821901053,24.5272816962016],[120.84735142264778,24.5272816962016],[120.84735142264778,24.518288492564356],[120.83835821901053,24.518288492564356]]]}},{"type":"Feature","properties":{"jobs":29,"pop":228,"pointCount":4,"homeWorkCommuteMedian":25839,"workHomeCommuteMedian":3419},"geometry":{"type":"Polygon","coordinates":[[[120.83835821901053,24.5272816962016],[120.83835821901053,24.536274899838848],[120.84735142264778,24.536274899838848],[120.84735142264778,24.5272816962016],[120.83835821901053,24.5272816962016]]]}},{"type":"Feature","properties":{"jobs":20,"pop":223,"pointCount":3,"homeWorkCommuteMedian":24018,"workHomeCommuteMedian":4282},"geometry":{"type":"Polygon","coordinates":[[[120.83835821901053,24.536274899838848],[120.83835821901053,24.545268103476094],[120.84735142264778,24.545268103476094],[120.84735142264778,24.536274899838848],[120.83835821901053,24.536274899838848]]]}},{"type":"Feature","properties":{"jobs":0,"pop":89,"pointCount":3,"homeWorkCommuteMedian":5927,"workHomeCommuteMedian":-1},"geometry":{"type":"Polygon","coordinates":[[[120.83835821901053,24.545268103476094],[120.83835821901053,24.55426130711334],[120.84735142264778,24.55426130711334],[120.84735142264778,24.545268103476094],[120.83835821901053,24.545268103476094]]]}},{"type":"Feature","properties":{"jobs":73,"pop":0,"pointCount":1,"homeWorkCommuteMedian":-1,"workHomeCommuteMedian":6137},"geometry":{"type":"Polygon","coordinates":[[[120.83835821901053,24.55426130711334],[120.83835821901053,24.563254510750586],[120.84735142264778,24.563254510750586],[120.84735142264778,24.55426130711334],[120.83835821901053,24.55426130711334]]]}},{"type":"Feature","properties":{"jobs":76,"pop":431,"pointCount":2,"homeWorkCommuteMedian":20772,"workHomeCommuteMedian":25533},"geometry":{"type":"Polygon","coordinates":[[[120.83835821901053,24.563254510750586],[120.83835821901053,24.57224771438783],[120.84735142264778,24.57224771438783],[120.84735142264778,24.563254510750586],[120.83835821901053,24.563254510750586]]]}},{"type":"Feature","properties":{"jobs":1714,"pop":84,"pointCount":3,"homeWorkCommuteMedian":1949,"workHomeCommuteMedian":4072},"geometry":{"type":"Polygon","coordinates":[[[120.83835821901053,24.57224771438783],[120.83835821901053,24.581240918025077],[120.84735142264778,24.581240918025077],[120.84735142264778,24.57224771438783],[120.83835821901053,24.57224771438783]]]}},{"type":"Feature","properties":{"jobs":224,"pop":160,"pointCount":3,"homeWorkCommuteMedian":6838,"workHomeCommuteMedian":4347},"geometry":{"type":"Polygon","coordinates":[[[120.83835821901053,24.581240918025077],[120.83835821901053,24.590234121662323],[120.84735142264778,24.590234121662323],[120.84735142264778,24.581240918025077],[120.83835821901053,24.581240918025077]]]}},{"type":"Feature","properties":{"jobs":38,"pop":198,"pointCount":6,"homeWorkCommuteMedian":8018,"workHomeCommuteMedian":10463},"geometry":{"type":"Polygon","coordinates":[[[120.83835821901053,24.590234121662323],[120.83835821901053,24.59922732529957],[120.84735142264778,24.59922732529957],[120.84735142264778,24.590234121662323],[120.83835821901053,24.590234121662323]]]}},{"type":"Feature","properties":{"jobs":53,"pop":104,"pointCount":3,"homeWorkCommuteMedian":15838,"workHomeCommuteMedian":5807},"geometry":{"type":"Polygon","coordinates":[[[120.83835821901053,24.608220528936815],[120.83835821901053,24.61721373257406],[120.84735142264778,24.61721373257406],[120.84735142264778,24.608220528936815],[120.83835821901053,24.608220528936815]]]}},{"type":"Feature","properties":{"jobs":0,"pop":68,"pointCount":2,"homeWorkCommuteMedian":15381,"workHomeCommuteMedian":-1},"geometry":{"type":"Polygon","coordinates":[[[120.83835821901053,24.61721373257406],[120.83835821901053,24.626206936211307],[120.84735142264778,24.626206936211307],[120.84735142264778,24.61721373257406],[120.83835821901053,24.61721373257406]]]}},{"type":"Feature","properties":{"jobs":33,"pop":43,"pointCount":2,"homeWorkCommuteMedian":35352,"workHomeCommuteMedian":7445},"geometry":{"type":"Polygon","coordinates":[[[120.83835821901053,24.626206936211307],[120.83835821901053,24.635200139848553],[120.84735142264778,24.635200139848553],[120.84735142264778,24.626206936211307],[120.83835821901053,24.626206936211307]]]}},{"type":"Feature","properties":{"jobs":18,"pop":49,"pointCount":3,"homeWorkCommuteMedian":30657,"workHomeCommuteMedian":3104},"geometry":{"type":"Polygon","coordinates":[[[120.83835821901053,24.635200139848553],[120.83835821901053,24.6441933434858],[120.84735142264778,24.6441933434858],[120.84735142264778,24.635200139848553],[120.83835821901053,24.635200139848553]]]}},{"type":"Feature","properties":{"jobs":1808,"pop":157,"pointCount":6,"homeWorkCommuteMedian":9594,"workHomeCommuteMedian":12413},"geometry":{"type":"Polygon","coordinates":[[[120.83835821901053,24.6441933434858],[120.83835821901053,24.653186547123045],[120.84735142264778,24.653186547123045],[120.84735142264778,24.6441933434858],[120.83835821901053,24.6441933434858]]]}},{"type":"Feature","properties":{"jobs":185,"pop":39,"pointCount":4,"homeWorkCommuteMedian":44270,"workHomeCommuteMedian":8115},"geometry":{"type":"Polygon","coordinates":[[[120.83835821901053,24.653186547123045],[120.83835821901053,24.66217975076029],[120.84735142264778,24.66217975076029],[120.84735142264778,24.653186547123045],[120.83835821901053,24.653186547123045]]]}},{"type":"Feature","properties":{"jobs":0,"pop":22,"pointCount":1,"homeWorkCommuteMedian":36624,"workHomeCommuteMedian":-1},"geometry":{"type":"Polygon","coordinates":[[[120.83835821901053,24.66217975076029],[120.83835821901053,24.671172954397537],[120.84735142264778,24.671172954397537],[120.84735142264778,24.66217975076029],[120.83835821901053,24.66217975076029]]]}},{"type":"Feature","properties":{"jobs":90,"pop":0,"pointCount":2,"homeWorkCommuteMedian":-1,"workHomeCommuteMedian":18509},"geometry":{"type":"Polygon","coordinates":[[[120.83835821901053,24.671172954397537],[120.83835821901053,24.680166158034783],[120.84735142264778,24.680166158034783],[120.84735142264778,24.671172954397537],[120.83835821901053,24.671172954397537]]]}},{"type":"Feature","properties":{"jobs":0,"pop":90,"pointCount":3,"homeWorkCommuteMedian":65497,"workHomeCommuteMedian":-1},"geometry":{"type":"Polygon","coordinates":[[[120.84735142264778,24.365404030731174],[120.84735142264778,24.37439723436842],[120.85634462628502,24.37439723436842],[120.85634462628502,24.365404030731174],[120.84735142264778,24.365404030731174]]]}},{"type":"Feature","properties":{"jobs":0,"pop":108,"pointCount":3,"homeWorkCommuteMedian":63870,"workHomeCommuteMedian":-1},"geometry":{"type":"Polygon","coordinates":[[[120.84735142264778,24.37439723436842],[120.84735142264778,24.383390438005666],[120.85634462628502,24.383390438005666],[120.85634462628502,24.37439723436842],[120.84735142264778,24.37439723436842]]]}},{"type":"Feature","properties":{"jobs":0,"pop":95,"pointCount":1,"homeWorkCommuteMedian":66233,"workHomeCommuteMedian":-1},"geometry":{"type":"Polygon","coordinates":[[[120.84735142264778,24.383390438005666],[120.84735142264778,24.392383641642912],[120.85634462628502,24.392383641642912],[120.85634462628502,24.383390438005666],[120.84735142264778,24.383390438005666]]]}},{"type":"Feature","properties":{"jobs":0,"pop":61,"pointCount":2,"homeWorkCommuteMedian":69288,"workHomeCommuteMedian":-1},"geometry":{"type":"Polygon","coordinates":[[[120.84735142264778,24.392383641642912],[120.84735142264778,24.401376845280158],[120.85634462628502,24.401376845280158],[120.85634462628502,24.392383641642912],[120.84735142264778,24.392383641642912]]]}},{"type":"Feature","properties":{"jobs":0,"pop":84,"pointCount":3,"homeWorkCommuteMedian":61327,"workHomeCommuteMedian":-1},"geometry":{"type":"Polygon","coordinates":[[[120.84735142264778,24.401376845280158],[120.84735142264778,24.410370048917404],[120.85634462628502,24.410370048917404],[120.85634462628502,24.401376845280158],[120.84735142264778,24.401376845280158]]]}},{"type":"Feature","properties":{"jobs":0,"pop":39,"pointCount":1,"homeWorkCommuteMedian":58044,"workHomeCommuteMedian":-1},"geometry":{"type":"Polygon","coordinates":[[[120.84735142264778,24.428356456191896],[120.84735142264778,24.43734965982914],[120.85634462628502,24.43734965982914],[120.85634462628502,24.428356456191896],[120.84735142264778,24.428356456191896]]]}},{"type":"Feature","properties":{"jobs":21,"pop":132,"pointCount":2,"homeWorkCommuteMedian":9194,"workHomeCommuteMedian":8376},"geometry":{"type":"Polygon","coordinates":[[[120.84735142264778,24.446342863466388],[120.84735142264778,24.455336067103634],[120.85634462628502,24.455336067103634],[120.85634462628502,24.446342863466388],[120.84735142264778,24.446342863466388]]]}},{"type":"Feature","properties":{"jobs":26,"pop":0,"pointCount":1,"homeWorkCommuteMedian":-1,"workHomeCommuteMedian":4634},"geometry":{"type":"Polygon","coordinates":[[[120.84735142264778,24.455336067103634],[120.84735142264778,24.46432927074088],[120.85634462628502,24.46432927074088],[120.85634462628502,24.455336067103634],[120.84735142264778,24.455336067103634]]]}},{"type":"Feature","properties":{"jobs":52,"pop":16,"pointCount":1,"homeWorkCommuteMedian":14493,"workHomeCommuteMedian":5576},"geometry":{"type":"Polygon","coordinates":[[[120.84735142264778,24.46432927074088],[120.84735142264778,24.473322474378126],[120.85634462628502,24.473322474378126],[120.85634462628502,24.46432927074088],[120.84735142264778,24.46432927074088]]]}},{"type":"Feature","properties":{"jobs":111,"pop":0,"pointCount":1,"homeWorkCommuteMedian":-1,"workHomeCommuteMedian":26197},"geometry":{"type":"Polygon","coordinates":[[[120.84735142264778,24.473322474378126],[120.84735142264778,24.48231567801537],[120.85634462628502,24.48231567801537],[120.85634462628502,24.473322474378126],[120.84735142264778,24.473322474378126]]]}},{"type":"Feature","properties":{"jobs":0,"pop":22,"pointCount":1,"homeWorkCommuteMedian":30192,"workHomeCommuteMedian":-1},"geometry":{"type":"Polygon","coordinates":[[[120.84735142264778,24.491308881652618],[120.84735142264778,24.500302085289864],[120.85634462628502,24.500302085289864],[120.85634462628502,24.491308881652618],[120.84735142264778,24.491308881652618]]]}},{"type":"Feature","properties":{"jobs":0,"pop":21,"pointCount":1,"homeWorkCommuteMedian":4745,"workHomeCommuteMedian":-1},"geometry":{"type":"Polygon","coordinates":[[[120.84735142264778,24.50929528892711],[120.84735142264778,24.518288492564356],[120.85634462628502,24.518288492564356],[120.85634462628502,24.50929528892711],[120.84735142264778,24.50929528892711]]]}},{"type":"Feature","properties":{"jobs":0,"pop":56,"pointCount":1,"homeWorkCommuteMedian":19764,"workHomeCommuteMedian":-1},"geometry":{"type":"Polygon","coordinates":[[[120.84735142264778,24.5272816962016],[120.84735142264778,24.536274899838848],[120.85634462628502,24.536274899838848],[120.85634462628502,24.5272816962016],[120.84735142264778,24.5272816962016]]]}},{"type":"Feature","properties":{"jobs":0,"pop":32,"pointCount":1,"homeWorkCommuteMedian":12892,"workHomeCommuteMedian":-1},"geometry":{"type":"Polygon","coordinates":[[[120.84735142264778,24.536274899838848],[120.84735142264778,24.545268103476094],[120.85634462628502,24.545268103476094],[120.85634462628502,24.536274899838848],[120.84735142264778,24.536274899838848]]]}},{"type":"Feature","properties":{"jobs":0,"pop":46,"pointCount":1,"homeWorkCommuteMedian":24516,"workHomeCommuteMedian":-1},"geometry":{"type":"Polygon","coordinates":[[[120.84735142264778,24.545268103476094],[120.84735142264778,24.55426130711334],[120.85634462628502,24.55426130711334],[120.85634462628502,24.545268103476094],[120.84735142264778,24.545268103476094]]]}},{"type":"Feature","properties":{"jobs":0,"pop":147,"pointCount":5,"homeWorkCommuteMedian":22544,"workHomeCommuteMedian":-1},"geometry":{"type":"Polygon","coordinates":[[[120.84735142264778,24.55426130711334],[120.84735142264778,24.563254510750586],[120.85634462628502,24.563254510750586],[120.85634462628502,24.55426130711334],[120.84735142264778,24.55426130711334]]]}},{"type":"Feature","properties":{"jobs":31,"pop":364,"pointCount":2,"homeWorkCommuteMedian":5042,"workHomeCommuteMedian":20435},"geometry":{"type":"Polygon","coordinates":[[[120.84735142264778,24.563254510750586],[120.84735142264778,24.57224771438783],[120.85634462628502,24.57224771438783],[120.85634462628502,24.563254510750586],[120.84735142264778,24.563254510750586]]]}},{"type":"Feature","properties":{"jobs":300,"pop":1443,"pointCount":9,"homeWorkCommuteMedian":20078,"workHomeCommuteMedian":17254},"geometry":{"type":"Polygon","coordinates":[[[120.84735142264778,24.57224771438783],[120.84735142264778,24.581240918025077],[120.85634462628502,24.581240918025077],[120.85634462628502,24.57224771438783],[120.84735142264778,24.57224771438783]]]}},{"type":"Feature","properties":{"jobs":38,"pop":137,"pointCount":2,"homeWorkCommuteMedian":39950,"workHomeCommuteMedian":35793},"geometry":{"type":"Polygon","coordinates":[[[120.84735142264778,24.581240918025077],[120.84735142264778,24.590234121662323],[120.85634462628502,24.590234121662323],[120.85634462628502,24.581240918025077],[120.84735142264778,24.581240918025077]]]}},{"type":"Feature","properties":{"jobs":0,"pop":151,"pointCount":1,"homeWorkCommuteMedian":16704,"workHomeCommuteMedian":-1},"geometry":{"type":"Polygon","coordinates":[[[120.84735142264778,24.590234121662323],[120.84735142264778,24.59922732529957],[120.85634462628502,24.59922732529957],[120.85634462628502,24.590234121662323],[120.84735142264778,24.590234121662323]]]}},{"type":"Feature","properties":{"jobs":157,"pop":63,"pointCount":4,"homeWorkCommuteMedian":15961,"workHomeCommuteMedian":7366},"geometry":{"type":"Polygon","coordinates":[[[120.84735142264778,24.608220528936815],[120.84735142264778,24.61721373257406],[120.85634462628502,24.61721373257406],[120.85634462628502,24.608220528936815],[120.84735142264778,24.608220528936815]]]}},{"type":"Feature","properties":{"jobs":587,"pop":0,"pointCount":1,"homeWorkCommuteMedian":-1,"workHomeCommuteMedian":8458},"geometry":{"type":"Polygon","coordinates":[[[120.84735142264778,24.61721373257406],[120.84735142264778,24.626206936211307],[120.85634462628502,24.626206936211307],[120.85634462628502,24.61721373257406],[120.84735142264778,24.61721373257406]]]}},{"type":"Feature","properties":{"jobs":18,"pop":0,"pointCount":1,"homeWorkCommuteMedian":-1,"workHomeCommuteMedian":7650},"geometry":{"type":"Polygon","coordinates":[[[120.84735142264778,24.626206936211307],[120.84735142264778,24.635200139848553],[120.85634462628502,24.635200139848553],[120.85634462628502,24.626206936211307],[120.84735142264778,24.626206936211307]]]}},{"type":"Feature","properties":{"jobs":0,"pop":21,"pointCount":1,"homeWorkCommuteMedian":34093,"workHomeCommuteMedian":-1},"geometry":{"type":"Polygon","coordinates":[[[120.84735142264778,24.635200139848553],[120.84735142264778,24.6441933434858],[120.85634462628502,24.6441933434858],[120.85634462628502,24.635200139848553],[120.84735142264778,24.635200139848553]]]}},{"type":"Feature","properties":{"jobs":34,"pop":127,"pointCount":2,"homeWorkCommuteMedian":9866,"workHomeCommuteMedian":40684},"geometry":{"type":"Polygon","coordinates":[[[120.84735142264778,24.6441933434858],[120.84735142264778,24.653186547123045],[120.85634462628502,24.653186547123045],[120.85634462628502,24.6441933434858],[120.84735142264778,24.6441933434858]]]}},{"type":"Feature","properties":{"jobs":51,"pop":117,"pointCount":3,"homeWorkCommuteMedian":6348,"workHomeCommuteMedian":5914},"geometry":{"type":"Polygon","coordinates":[[[120.84735142264778,24.653186547123045],[120.84735142264778,24.66217975076029],[120.85634462628502,24.66217975076029],[120.85634462628502,24.653186547123045],[120.84735142264778,24.653186547123045]]]}},{"type":"Feature","properties":{"jobs":127,"pop":98,"pointCount":5,"homeWorkCommuteMedian":38175,"workHomeCommuteMedian":9125},"geometry":{"type":"Polygon","coordinates":[[[120.84735142264778,24.66217975076029],[120.84735142264778,24.671172954397537],[120.85634462628502,24.671172954397537],[120.85634462628502,24.66217975076029],[120.84735142264778,24.66217975076029]]]}},{"type":"Feature","properties":{"jobs":116,"pop":483,"pointCount":7,"homeWorkCommuteMedian":9993,"workHomeCommuteMedian":19400},"geometry":{"type":"Polygon","coordinates":[[[120.84735142264778,24.671172954397537],[120.84735142264778,24.680166158034783],[120.85634462628502,24.680166158034783],[120.85634462628502,24.671172954397537],[120.84735142264778,24.671172954397537]]]}},{"type":"Feature","properties":{"jobs":526,"pop":273,"pointCount":8,"homeWorkCommuteMedian":7798,"workHomeCommuteMedian":5821},"geometry":{"type":"Polygon","coordinates":[[[120.84735142264778,24.680166158034783],[120.84735142264778,24.68915936167203],[120.85634462628502,24.68915936167203],[120.85634462628502,24.680166158034783],[120.84735142264778,24.680166158034783]]]}},{"type":"Feature","properties":{"jobs":122,"pop":0,"pointCount":3,"homeWorkCommuteMedian":-1,"workHomeCommuteMedian":3709},"geometry":{"type":"Polygon","coordinates":[[[120.84735142264778,24.68915936167203],[120.84735142264778,24.698152565309275],[120.85634462628502,24.698152565309275],[120.85634462628502,24.68915936167203],[120.84735142264778,24.68915936167203]]]}},{"type":"Feature","properties":{"jobs":0,"pop":15,"pointCount":1,"homeWorkCommuteMedian":56956,"workHomeCommuteMedian":-1},"geometry":{"type":"Polygon","coordinates":[[[120.85634462628502,24.347417623456682],[120.85634462628502,24.356410827093928],[120.86533782992227,24.356410827093928],[120.86533782992227,24.347417623456682],[120.85634462628502,24.347417623456682]]]}},{"type":"Feature","properties":{"jobs":14,"pop":80,"pointCount":2,"homeWorkCommuteMedian":67735,"workHomeCommuteMedian":7401},"geometry":{"type":"Polygon","coordinates":[[[120.85634462628502,24.365404030731174],[120.85634462628502,24.37439723436842],[120.86533782992227,24.37439723436842],[120.86533782992227,24.365404030731174],[120.85634462628502,24.365404030731174]]]}},{"type":"Feature","properties":{"jobs":0,"pop":82,"pointCount":2,"homeWorkCommuteMedian":64736,"workHomeCommuteMedian":-1},"geometry":{"type":"Polygon","coordinates":[[[120.85634462628502,24.37439723436842],[120.85634462628502,24.383390438005666],[120.86533782992227,24.383390438005666],[120.86533782992227,24.37439723436842],[120.85634462628502,24.37439723436842]]]}},{"type":"Feature","properties":{"jobs":59,"pop":139,"pointCount":4,"homeWorkCommuteMedian":63272,"workHomeCommuteMedian":6902},"geometry":{"type":"Polygon","coordinates":[[[120.85634462628502,24.383390438005666],[120.85634462628502,24.392383641642912],[120.86533782992227,24.392383641642912],[120.86533782992227,24.383390438005666],[120.85634462628502,24.383390438005666]]]}},{"type":"Feature","properties":{"jobs":44,"pop":93,"pointCount":4,"homeWorkCommuteMedian":46645,"workHomeCommuteMedian":4100},"geometry":{"type":"Polygon","coordinates":[[[120.85634462628502,24.392383641642912],[120.85634462628502,24.401376845280158],[120.86533782992227,24.401376845280158],[120.86533782992227,24.392383641642912],[120.85634462628502,24.392383641642912]]]}},{"type":"Feature","properties":{"jobs":0,"pop":168,"pointCount":1,"homeWorkCommuteMedian":44900,"workHomeCommuteMedian":-1},"geometry":{"type":"Polygon","coordinates":[[[120.85634462628502,24.401376845280158],[120.85634462628502,24.410370048917404],[120.86533782992227,24.410370048917404],[120.86533782992227,24.401376845280158],[120.85634462628502,24.401376845280158]]]}},{"type":"Feature","properties":{"jobs":58,"pop":256,"pointCount":5,"homeWorkCommuteMedian":5900,"workHomeCommuteMedian":3363},"geometry":{"type":"Polygon","coordinates":[[[120.85634462628502,24.410370048917404],[120.85634462628502,24.41936325255465],[120.86533782992227,24.41936325255465],[120.86533782992227,24.410370048917404],[120.85634462628502,24.410370048917404]]]}},{"type":"Feature","properties":{"jobs":102,"pop":160,"pointCount":2,"homeWorkCommuteMedian":57510,"workHomeCommuteMedian":6106},"geometry":{"type":"Polygon","coordinates":[[[120.85634462628502,24.41936325255465],[120.85634462628502,24.428356456191896],[120.86533782992227,24.428356456191896],[120.86533782992227,24.41936325255465],[120.85634462628502,24.41936325255465]]]}},{"type":"Feature","properties":{"jobs":0,"pop":83,"pointCount":1,"homeWorkCommuteMedian":58511,"workHomeCommuteMedian":-1},"geometry":{"type":"Polygon","coordinates":[[[120.85634462628502,24.428356456191896],[120.85634462628502,24.43734965982914],[120.86533782992227,24.43734965982914],[120.86533782992227,24.428356456191896],[120.85634462628502,24.428356456191896]]]}},{"type":"Feature","properties":{"jobs":46,"pop":0,"pointCount":1,"homeWorkCommuteMedian":-1,"workHomeCommuteMedian":8034},"geometry":{"type":"Polygon","coordinates":[[[120.85634462628502,24.455336067103634],[120.85634462628502,24.46432927074088],[120.86533782992227,24.46432927074088],[120.86533782992227,24.455336067103634],[120.85634462628502,24.455336067103634]]]}},{"type":"Feature","properties":{"jobs":0,"pop":128,"pointCount":2,"homeWorkCommuteMedian":38136,"workHomeCommuteMedian":-1},"geometry":{"type":"Polygon","coordinates":[[[120.85634462628502,24.46432927074088],[120.85634462628502,24.473322474378126],[120.86533782992227,24.473322474378126],[120.86533782992227,24.46432927074088],[120.85634462628502,24.46432927074088]]]}},{"type":"Feature","properties":{"jobs":0,"pop":39,"pointCount":1,"homeWorkCommuteMedian":22558,"workHomeCommuteMedian":-1},"geometry":{"type":"Polygon","coordinates":[[[120.85634462628502,24.473322474378126],[120.85634462628502,24.48231567801537],[120.86533782992227,24.48231567801537],[120.86533782992227,24.473322474378126],[120.85634462628502,24.473322474378126]]]}},{"type":"Feature","properties":{"jobs":17,"pop":19,"pointCount":1,"homeWorkCommuteMedian":36404,"workHomeCommuteMedian":8040},"geometry":{"type":"Polygon","coordinates":[[[120.85634462628502,24.48231567801537],[120.85634462628502,24.491308881652618],[120.86533782992227,24.491308881652618],[120.86533782992227,24.48231567801537],[120.85634462628502,24.48231567801537]]]}},{"type":"Feature","properties":{"jobs":0,"pop":19,"pointCount":1,"homeWorkCommuteMedian":33474,"workHomeCommuteMedian":-1},"geometry":{"type":"Polygon","coordinates":[[[120.85634462628502,24.491308881652618],[120.85634462628502,24.500302085289864],[120.86533782992227,24.500302085289864],[120.86533782992227,24.491308881652618],[120.85634462628502,24.491308881652618]]]}},{"type":"Feature","properties":{"jobs":0,"pop":30,"pointCount":1,"homeWorkCommuteMedian":49588,"workHomeCommuteMedian":-1},"geometry":{"type":"Polygon","coordinates":[[[120.85634462628502,24.518288492564356],[120.85634462628502,24.5272816962016],[120.86533782992227,24.5272816962016],[120.86533782992227,24.518288492564356],[120.85634462628502,24.518288492564356]]]}},{"type":"Feature","properties":{"jobs":23,"pop":89,"pointCount":3,"homeWorkCommuteMedian":28040,"workHomeCommuteMedian":5057},"geometry":{"type":"Polygon","coordinates":[[[120.85634462628502,24.5272816962016],[120.85634462628502,24.536274899838848],[120.86533782992227,24.536274899838848],[120.86533782992227,24.5272816962016],[120.85634462628502,24.5272816962016]]]}},{"type":"Feature","properties":{"jobs":0,"pop":60,"pointCount":1,"homeWorkCommuteMedian":5890,"workHomeCommuteMedian":-1},"geometry":{"type":"Polygon","coordinates":[[[120.85634462628502,24.545268103476094],[120.85634462628502,24.55426130711334],[120.86533782992227,24.55426130711334],[120.86533782992227,24.545268103476094],[120.85634462628502,24.545268103476094]]]}},{"type":"Feature","properties":{"jobs":0,"pop":25,"pointCount":1,"homeWorkCommuteMedian":41001,"workHomeCommuteMedian":-1},"geometry":{"type":"Polygon","coordinates":[[[120.85634462628502,24.55426130711334],[120.85634462628502,24.563254510750586],[120.86533782992227,24.563254510750586],[120.86533782992227,24.55426130711334],[120.85634462628502,24.55426130711334]]]}},{"type":"Feature","properties":{"jobs":0,"pop":21,"pointCount":1,"homeWorkCommuteMedian":21547,"workHomeCommuteMedian":-1},"geometry":{"type":"Polygon","coordinates":[[[120.85634462628502,24.563254510750586],[120.85634462628502,24.57224771438783],[120.86533782992227,24.57224771438783],[120.86533782992227,24.563254510750586],[120.85634462628502,24.563254510750586]]]}},{"type":"Feature","properties":{"jobs":227,"pop":569,"pointCount":7,"homeWorkCommuteMedian":31818,"workHomeCommuteMedian":4906},"geometry":{"type":"Polygon","coordinates":[[[120.85634462628502,24.57224771438783],[120.85634462628502,24.581240918025077],[120.86533782992227,24.581240918025077],[120.86533782992227,24.57224771438783],[120.85634462628502,24.57224771438783]]]}},{"type":"Feature","properties":{"jobs":0,"pop":33,"pointCount":1,"homeWorkCommuteMedian":45999,"workHomeCommuteMedian":-1},"geometry":{"type":"Polygon","coordinates":[[[120.85634462628502,24.581240918025077],[120.85634462628502,24.590234121662323],[120.86533782992227,24.590234121662323],[120.86533782992227,24.581240918025077],[120.85634462628502,24.581240918025077]]]}},{"type":"Feature","properties":{"jobs":0,"pop":53,"pointCount":2,"homeWorkCommuteMedian":36049,"workHomeCommuteMedian":-1},"geometry":{"type":"Polygon","coordinates":[[[120.85634462628502,24.590234121662323],[120.85634462628502,24.59922732529957],[120.86533782992227,24.59922732529957],[120.86533782992227,24.590234121662323],[120.85634462628502,24.590234121662323]]]}},{"type":"Feature","properties":{"jobs":0,"pop":94,"pointCount":3,"homeWorkCommuteMedian":26423,"workHomeCommuteMedian":-1},"geometry":{"type":"Polygon","coordinates":[[[120.85634462628502,24.61721373257406],[120.85634462628502,24.626206936211307],[120.86533782992227,24.626206936211307],[120.86533782992227,24.61721373257406],[120.85634462628502,24.61721373257406]]]}},{"type":"Feature","properties":{"jobs":0,"pop":83,"pointCount":2,"homeWorkCommuteMedian":3728,"workHomeCommuteMedian":-1},"geometry":{"type":"Polygon","coordinates":[[[120.85634462628502,24.626206936211307],[120.85634462628502,24.635200139848553],[120.86533782992227,24.635200139848553],[120.86533782992227,24.626206936211307],[120.85634462628502,24.626206936211307]]]}},{"type":"Feature","properties":{"jobs":151,"pop":76,"pointCount":4,"homeWorkCommuteMedian":33103,"workHomeCommuteMedian":17402},"geometry":{"type":"Polygon","coordinates":[[[120.85634462628502,24.635200139848553],[120.85634462628502,24.6441933434858],[120.86533782992227,24.6441933434858],[120.86533782992227,24.635200139848553],[120.85634462628502,24.635200139848553]]]}},{"type":"Feature","properties":{"jobs":180,"pop":109,"pointCount":5,"homeWorkCommuteMedian":26255,"workHomeCommuteMedian":5468},"geometry":{"type":"Polygon","coordinates":[[[120.85634462628502,24.6441933434858],[120.85634462628502,24.653186547123045],[120.86533782992227,24.653186547123045],[120.86533782992227,24.6441933434858],[120.85634462628502,24.6441933434858]]]}},{"type":"Feature","properties":{"jobs":315,"pop":377,"pointCount":4,"homeWorkCommuteMedian":6284,"workHomeCommuteMedian":30636},"geometry":{"type":"Polygon","coordinates":[[[120.85634462628502,24.653186547123045],[120.85634462628502,24.66217975076029],[120.86533782992227,24.66217975076029],[120.86533782992227,24.653186547123045],[120.85634462628502,24.653186547123045]]]}},{"type":"Feature","properties":{"jobs":84,"pop":658,"pointCount":4,"homeWorkCommuteMedian":9502,"workHomeCommuteMedian":24142},"geometry":{"type":"Polygon","coordinates":[[[120.85634462628502,24.66217975076029],[120.85634462628502,24.671172954397537],[120.86533782992227,24.671172954397537],[120.86533782992227,24.66217975076029],[120.85634462628502,24.66217975076029]]]}},{"type":"Feature","properties":{"jobs":382,"pop":3157,"pointCount":15,"homeWorkCommuteMedian":8378,"workHomeCommuteMedian":11359},"geometry":{"type":"Polygon","coordinates":[[[120.85634462628502,24.671172954397537],[120.85634462628502,24.680166158034783],[120.86533782992227,24.680166158034783],[120.86533782992227,24.671172954397537],[120.85634462628502,24.671172954397537]]]}},{"type":"Feature","properties":{"jobs":227,"pop":2638,"pointCount":11,"homeWorkCommuteMedian":8465,"workHomeCommuteMedian":14960},"geometry":{"type":"Polygon","coordinates":[[[120.85634462628502,24.680166158034783],[120.85634462628502,24.68915936167203],[120.86533782992227,24.68915936167203],[120.86533782992227,24.680166158034783],[120.85634462628502,24.680166158034783]]]}},{"type":"Feature","properties":{"jobs":701,"pop":1492,"pointCount":9,"homeWorkCommuteMedian":13716,"workHomeCommuteMedian":11535},"geometry":{"type":"Polygon","coordinates":[[[120.85634462628502,24.68915936167203],[120.85634462628502,24.698152565309275],[120.86533782992227,24.698152565309275],[120.86533782992227,24.68915936167203],[120.85634462628502,24.68915936167203]]]}},{"type":"Feature","properties":{"jobs":393,"pop":65,"pointCount":3,"homeWorkCommuteMedian":34355,"workHomeCommuteMedian":6284},"geometry":{"type":"Polygon","coordinates":[[[120.85634462628502,24.698152565309275],[120.85634462628502,24.70714576894652],[120.86533782992227,24.70714576894652],[120.86533782992227,24.698152565309275],[120.85634462628502,24.698152565309275]]]}},{"type":"Feature","properties":{"jobs":0,"pop":31,"pointCount":1,"homeWorkCommuteMedian":36206,"workHomeCommuteMedian":-1},"geometry":{"type":"Polygon","coordinates":[[[120.86533782992227,24.356410827093928],[120.86533782992227,24.365404030731174],[120.87433103355951,24.365404030731174],[120.87433103355951,24.356410827093928],[120.86533782992227,24.356410827093928]]]}},{"type":"Feature","properties":{"jobs":0,"pop":27,"pointCount":1,"homeWorkCommuteMedian":63212,"workHomeCommuteMedian":-1},"geometry":{"type":"Polygon","coordinates":[[[120.86533782992227,24.37439723436842],[120.86533782992227,24.383390438005666],[120.87433103355951,24.383390438005666],[120.87433103355951,24.37439723436842],[120.86533782992227,24.37439723436842]]]}},{"type":"Feature","properties":{"jobs":0,"pop":155,"pointCount":3,"homeWorkCommuteMedian":64687,"workHomeCommuteMedian":-1},"geometry":{"type":"Polygon","coordinates":[[[120.86533782992227,24.383390438005666],[120.86533782992227,24.392383641642912],[120.87433103355951,24.392383641642912],[120.87433103355951,24.383390438005666],[120.86533782992227,24.383390438005666]]]}},{"type":"Feature","properties":{"jobs":90,"pop":320,"pointCount":6,"homeWorkCommuteMedian":15527,"workHomeCommuteMedian":3547},"geometry":{"type":"Polygon","coordinates":[[[120.86533782992227,24.392383641642912],[120.86533782992227,24.401376845280158],[120.87433103355951,24.401376845280158],[120.87433103355951,24.392383641642912],[120.86533782992227,24.392383641642912]]]}},{"type":"Feature","properties":{"jobs":119,"pop":177,"pointCount":4,"homeWorkCommuteMedian":59286,"workHomeCommuteMedian":3046},"geometry":{"type":"Polygon","coordinates":[[[120.86533782992227,24.401376845280158],[120.86533782992227,24.410370048917404],[120.87433103355951,24.410370048917404],[120.87433103355951,24.401376845280158],[120.86533782992227,24.401376845280158]]]}},{"type":"Feature","properties":{"jobs":0,"pop":113,"pointCount":3,"homeWorkCommuteMedian":9477,"workHomeCommuteMedian":-1},"geometry":{"type":"Polygon","coordinates":[[[120.86533782992227,24.410370048917404],[120.86533782992227,24.41936325255465],[120.87433103355951,24.41936325255465],[120.87433103355951,24.410370048917404],[120.86533782992227,24.410370048917404]]]}},{"type":"Feature","properties":{"jobs":567,"pop":2450,"pointCount":11,"homeWorkCommuteMedian":56867,"workHomeCommuteMedian":3351},"geometry":{"type":"Polygon","coordinates":[[[120.86533782992227,24.41936325255465],[120.86533782992227,24.428356456191896],[120.87433103355951,24.428356456191896],[120.87433103355951,24.41936325255465],[120.86533782992227,24.41936325255465]]]}},{"type":"Feature","properties":{"jobs":154,"pop":241,"pointCount":6,"homeWorkCommuteMedian":21475,"workHomeCommuteMedian":5093},"geometry":{"type":"Polygon","coordinates":[[[120.86533782992227,24.428356456191896],[120.86533782992227,24.43734965982914],[120.87433103355951,24.43734965982914],[120.87433103355951,24.428356456191896],[120.86533782992227,24.428356456191896]]]}},{"type":"Feature","properties":{"jobs":97,"pop":185,"pointCount":4,"homeWorkCommuteMedian":57720,"workHomeCommuteMedian":2867},"geometry":{"type":"Polygon","coordinates":[[[120.86533782992227,24.43734965982914],[120.86533782992227,24.446342863466388],[120.87433103355951,24.446342863466388],[120.87433103355951,24.43734965982914],[120.86533782992227,24.43734965982914]]]}},{"type":"Feature","properties":{"jobs":0,"pop":57,"pointCount":1,"homeWorkCommuteMedian":58124,"workHomeCommuteMedian":-1},"geometry":{"type":"Polygon","coordinates":[[[120.86533782992227,24.446342863466388],[120.86533782992227,24.455336067103634],[120.87433103355951,24.455336067103634],[120.87433103355951,24.446342863466388],[120.86533782992227,24.446342863466388]]]}},{"type":"Feature","properties":{"jobs":0,"pop":33,"pointCount":1,"homeWorkCommuteMedian":49301,"workHomeCommuteMedian":-1},"geometry":{"type":"Polygon","coordinates":[[[120.86533782992227,24.473322474378126],[120.86533782992227,24.48231567801537],[120.87433103355951,24.48231567801537],[120.87433103355951,24.473322474378126],[120.86533782992227,24.473322474378126]]]}},{"type":"Feature","properties":{"jobs":0,"pop":19,"pointCount":1,"homeWorkCommuteMedian":50285,"workHomeCommuteMedian":-1},"geometry":{"type":"Polygon","coordinates":[[[120.86533782992227,24.48231567801537],[120.86533782992227,24.491308881652618],[120.87433103355951,24.491308881652618],[120.87433103355951,24.48231567801537],[120.86533782992227,24.48231567801537]]]}},{"type":"Feature","properties":{"jobs":0,"pop":19,"pointCount":1,"homeWorkCommuteMedian":20921,"workHomeCommuteMedian":-1},"geometry":{"type":"Polygon","coordinates":[[[120.86533782992227,24.491308881652618],[120.86533782992227,24.500302085289864],[120.87433103355951,24.500302085289864],[120.87433103355951,24.491308881652618],[120.86533782992227,24.491308881652618]]]}},{"type":"Feature","properties":{"jobs":0,"pop":15,"pointCount":1,"homeWorkCommuteMedian":10200,"workHomeCommuteMedian":-1},"geometry":{"type":"Polygon","coordinates":[[[120.86533782992227,24.50929528892711],[120.86533782992227,24.518288492564356],[120.87433103355951,24.518288492564356],[120.87433103355951,24.50929528892711],[120.86533782992227,24.50929528892711]]]}},{"type":"Feature","properties":{"jobs":33,"pop":0,"pointCount":1,"homeWorkCommuteMedian":-1,"workHomeCommuteMedian":36206},"geometry":{"type":"Polygon","coordinates":[[[120.86533782992227,24.545268103476094],[120.86533782992227,24.55426130711334],[120.87433103355951,24.55426130711334],[120.87433103355951,24.545268103476094],[120.86533782992227,24.545268103476094]]]}},{"type":"Feature","properties":{"jobs":0,"pop":184,"pointCount":2,"homeWorkCommuteMedian":19182,"workHomeCommuteMedian":-1},"geometry":{"type":"Polygon","coordinates":[[[120.86533782992227,24.55426130711334],[120.86533782992227,24.563254510750586],[120.87433103355951,24.563254510750586],[120.87433103355951,24.55426130711334],[120.86533782992227,24.55426130711334]]]}},{"type":"Feature","properties":{"jobs":118,"pop":459,"pointCount":3,"homeWorkCommuteMedian":15303,"workHomeCommuteMedian":5950},"geometry":{"type":"Polygon","coordinates":[[[120.86533782992227,24.57224771438783],[120.86533782992227,24.581240918025077],[120.87433103355951,24.581240918025077],[120.87433103355951,24.57224771438783],[120.86533782992227,24.57224771438783]]]}},{"type":"Feature","properties":{"jobs":88,"pop":278,"pointCount":4,"homeWorkCommuteMedian":20782,"workHomeCommuteMedian":21002},"geometry":{"type":"Polygon","coordinates":[[[120.86533782992227,24.581240918025077],[120.86533782992227,24.590234121662323],[120.87433103355951,24.590234121662323],[120.87433103355951,24.581240918025077],[120.86533782992227,24.581240918025077]]]}},{"type":"Feature","properties":{"jobs":22,"pop":61,"pointCount":2,"homeWorkCommuteMedian":18099,"workHomeCommuteMedian":10782},"geometry":{"type":"Polygon","coordinates":[[[120.86533782992227,24.59922732529957],[120.86533782992227,24.608220528936815],[120.87433103355951,24.608220528936815],[120.87433103355951,24.59922732529957],[120.86533782992227,24.59922732529957]]]}},{"type":"Feature","properties":{"jobs":0,"pop":30,"pointCount":1,"homeWorkCommuteMedian":15222,"workHomeCommuteMedian":-1},"geometry":{"type":"Polygon","coordinates":[[[120.86533782992227,24.608220528936815],[120.86533782992227,24.61721373257406],[120.87433103355951,24.61721373257406],[120.87433103355951,24.608220528936815],[120.86533782992227,24.608220528936815]]]}},{"type":"Feature","properties":{"jobs":24,"pop":0,"pointCount":1,"homeWorkCommuteMedian":-1,"workHomeCommuteMedian":26460},"geometry":{"type":"Polygon","coordinates":[[[120.86533782992227,24.61721373257406],[120.86533782992227,24.626206936211307],[120.87433103355951,24.626206936211307],[120.87433103355951,24.61721373257406],[120.86533782992227,24.61721373257406]]]}},{"type":"Feature","properties":{"jobs":0,"pop":64,"pointCount":3,"homeWorkCommuteMedian":7792,"workHomeCommuteMedian":-1},"geometry":{"type":"Polygon","coordinates":[[[120.86533782992227,24.626206936211307],[120.86533782992227,24.635200139848553],[120.87433103355951,24.635200139848553],[120.87433103355951,24.626206936211307],[120.86533782992227,24.626206936211307]]]}},{"type":"Feature","properties":{"jobs":333,"pop":665,"pointCount":6,"homeWorkCommuteMedian":11405,"workHomeCommuteMedian":6866},"geometry":{"type":"Polygon","coordinates":[[[120.86533782992227,24.635200139848553],[120.86533782992227,24.6441933434858],[120.87433103355951,24.6441933434858],[120.87433103355951,24.635200139848553],[120.86533782992227,24.635200139848553]]]}},{"type":"Feature","properties":{"jobs":423,"pop":545,"pointCount":6,"homeWorkCommuteMedian":10680,"workHomeCommuteMedian":5895},"geometry":{"type":"Polygon","coordinates":[[[120.86533782992227,24.6441933434858],[120.86533782992227,24.653186547123045],[120.87433103355951,24.653186547123045],[120.87433103355951,24.6441933434858],[120.86533782992227,24.6441933434858]]]}},{"type":"Feature","properties":{"jobs":779,"pop":417,"pointCount":6,"homeWorkCommuteMedian":9658,"workHomeCommuteMedian":9156},"geometry":{"type":"Polygon","coordinates":[[[120.86533782992227,24.653186547123045],[120.86533782992227,24.66217975076029],[120.87433103355951,24.66217975076029],[120.87433103355951,24.653186547123045],[120.86533782992227,24.653186547123045]]]}},{"type":"Feature","properties":{"jobs":248,"pop":0,"pointCount":2,"homeWorkCommuteMedian":-1,"workHomeCommuteMedian":15303},"geometry":{"type":"Polygon","coordinates":[[[120.86533782992227,24.66217975076029],[120.86533782992227,24.671172954397537],[120.87433103355951,24.671172954397537],[120.87433103355951,24.66217975076029],[120.86533782992227,24.66217975076029]]]}},{"type":"Feature","properties":{"jobs":563,"pop":2236,"pointCount":8,"homeWorkCommuteMedian":8231,"workHomeCommuteMedian":9856},"geometry":{"type":"Polygon","coordinates":[[[120.86533782992227,24.671172954397537],[120.86533782992227,24.680166158034783],[120.87433103355951,24.680166158034783],[120.87433103355951,24.671172954397537],[120.86533782992227,24.671172954397537]]]}},{"type":"Feature","properties":{"jobs":1743,"pop":6505,"pointCount":20,"homeWorkCommuteMedian":7174,"workHomeCommuteMedian":6677},"geometry":{"type":"Polygon","coordinates":[[[120.86533782992227,24.680166158034783],[120.86533782992227,24.68915936167203],[120.87433103355951,24.68915936167203],[120.87433103355951,24.680166158034783],[120.86533782992227,24.680166158034783]]]}},{"type":"Feature","properties":{"jobs":1071,"pop":5279,"pointCount":14,"homeWorkCommuteMedian":6666,"workHomeCommuteMedian":13206},"geometry":{"type":"Polygon","coordinates":[[[120.86533782992227,24.68915936167203],[120.86533782992227,24.698152565309275],[120.87433103355951,24.698152565309275],[120.87433103355951,24.68915936167203],[120.86533782992227,24.68915936167203]]]}},{"type":"Feature","properties":{"jobs":469,"pop":1701,"pointCount":9,"homeWorkCommuteMedian":5813,"workHomeCommuteMedian":4351},"geometry":{"type":"Polygon","coordinates":[[[120.86533782992227,24.698152565309275],[120.86533782992227,24.70714576894652],[120.87433103355951,24.70714576894652],[120.87433103355951,24.698152565309275],[120.86533782992227,24.698152565309275]]]}},{"type":"Feature","properties":{"jobs":1504,"pop":210,"pointCount":8,"homeWorkCommuteMedian":6744,"workHomeCommuteMedian":11679},"geometry":{"type":"Polygon","coordinates":[[[120.86533782992227,24.70714576894652],[120.86533782992227,24.716138972583767],[120.87433103355951,24.716138972583767],[120.87433103355951,24.70714576894652],[120.86533782992227,24.70714576894652]]]}},{"type":"Feature","properties":{"jobs":169,"pop":464,"pointCount":7,"homeWorkCommuteMedian":5448,"workHomeCommuteMedian":15293},"geometry":{"type":"Polygon","coordinates":[[[120.86533782992227,24.716138972583767],[120.86533782992227,24.725132176221013],[120.87433103355951,24.725132176221013],[120.87433103355951,24.716138972583767],[120.86533782992227,24.716138972583767]]]}},{"type":"Feature","properties":{"jobs":0,"pop":101,"pointCount":3,"homeWorkCommuteMedian":64360,"workHomeCommuteMedian":-1},"geometry":{"type":"Polygon","coordinates":[[[120.87433103355951,24.365404030731174],[120.87433103355951,24.37439723436842],[120.88332423719676,24.37439723436842],[120.88332423719676,24.365404030731174],[120.87433103355951,24.365404030731174]]]}},{"type":"Feature","properties":{"jobs":0,"pop":179,"pointCount":2,"homeWorkCommuteMedian":64368,"workHomeCommuteMedian":-1},"geometry":{"type":"Polygon","coordinates":[[[120.87433103355951,24.37439723436842],[120.87433103355951,24.383390438005666],[120.88332423719676,24.383390438005666],[120.88332423719676,24.37439723436842],[120.87433103355951,24.37439723436842]]]}},{"type":"Feature","properties":{"jobs":0,"pop":34,"pointCount":1,"homeWorkCommuteMedian":51884,"workHomeCommuteMedian":-1},"geometry":{"type":"Polygon","coordinates":[[[120.87433103355951,24.383390438005666],[120.87433103355951,24.392383641642912],[120.88332423719676,24.392383641642912],[120.88332423719676,24.383390438005666],[120.87433103355951,24.383390438005666]]]}},{"type":"Feature","properties":{"jobs":0,"pop":19,"pointCount":1,"homeWorkCommuteMedian":65966,"workHomeCommuteMedian":-1},"geometry":{"type":"Polygon","coordinates":[[[120.87433103355951,24.392383641642912],[120.87433103355951,24.401376845280158],[120.88332423719676,24.401376845280158],[120.88332423719676,24.392383641642912],[120.87433103355951,24.392383641642912]]]}},{"type":"Feature","properties":{"jobs":0,"pop":43,"pointCount":1,"homeWorkCommuteMedian":49716,"workHomeCommuteMedian":-1},"geometry":{"type":"Polygon","coordinates":[[[120.87433103355951,24.401376845280158],[120.87433103355951,24.410370048917404],[120.88332423719676,24.410370048917404],[120.88332423719676,24.401376845280158],[120.87433103355951,24.401376845280158]]]}},{"type":"Feature","properties":{"jobs":0,"pop":45,"pointCount":1,"homeWorkCommuteMedian":25237,"workHomeCommuteMedian":-1},"geometry":{"type":"Polygon","coordinates":[[[120.87433103355951,24.41936325255465],[120.87433103355951,24.428356456191896],[120.88332423719676,24.428356456191896],[120.88332423719676,24.41936325255465],[120.87433103355951,24.41936325255465]]]}},{"type":"Feature","properties":{"jobs":0,"pop":27,"pointCount":1,"homeWorkCommuteMedian":62547,"workHomeCommuteMedian":-1},"geometry":{"type":"Polygon","coordinates":[[[120.87433103355951,24.428356456191896],[120.87433103355951,24.43734965982914],[120.88332423719676,24.43734965982914],[120.88332423719676,24.428356456191896],[120.87433103355951,24.428356456191896]]]}},{"type":"Feature","properties":{"jobs":50,"pop":0,"pointCount":1,"homeWorkCommuteMedian":-1,"workHomeCommuteMedian":2663},"geometry":{"type":"Polygon","coordinates":[[[120.87433103355951,24.43734965982914],[120.87433103355951,24.446342863466388],[120.88332423719676,24.446342863466388],[120.88332423719676,24.43734965982914],[120.87433103355951,24.43734965982914]]]}},{"type":"Feature","properties":{"jobs":248,"pop":235,"pointCount":6,"homeWorkCommuteMedian":59745,"workHomeCommuteMedian":6153},"geometry":{"type":"Polygon","coordinates":[[[120.87433103355951,24.446342863466388],[120.87433103355951,24.455336067103634],[120.88332423719676,24.455336067103634],[120.88332423719676,24.446342863466388],[120.87433103355951,24.446342863466388]]]}},{"type":"Feature","properties":{"jobs":32,"pop":92,"pointCount":1,"homeWorkCommuteMedian":67414,"workHomeCommuteMedian":4099},"geometry":{"type":"Polygon","coordinates":[[[120.87433103355951,24.455336067103634],[120.87433103355951,24.46432927074088],[120.88332423719676,24.46432927074088],[120.88332423719676,24.455336067103634],[120.87433103355951,24.455336067103634]]]}},{"type":"Feature","properties":{"jobs":0,"pop":69,"pointCount":1,"homeWorkCommuteMedian":22315,"workHomeCommuteMedian":-1},"geometry":{"type":"Polygon","coordinates":[[[120.87433103355951,24.5272816962016],[120.87433103355951,24.536274899838848],[120.88332423719676,24.536274899838848],[120.88332423719676,24.5272816962016],[120.87433103355951,24.5272816962016]]]}},{"type":"Feature","properties":{"jobs":0,"pop":42,"pointCount":1,"homeWorkCommuteMedian":53427,"workHomeCommuteMedian":-1},"geometry":{"type":"Polygon","coordinates":[[[120.87433103355951,24.545268103476094],[120.87433103355951,24.55426130711334],[120.88332423719676,24.55426130711334],[120.88332423719676,24.545268103476094],[120.87433103355951,24.545268103476094]]]}},{"type":"Feature","properties":{"jobs":24,"pop":126,"pointCount":4,"homeWorkCommuteMedian":20107,"workHomeCommuteMedian":11366},"geometry":{"type":"Polygon","coordinates":[[[120.87433103355951,24.581240918025077],[120.87433103355951,24.590234121662323],[120.88332423719676,24.590234121662323],[120.88332423719676,24.581240918025077],[120.87433103355951,24.581240918025077]]]}},{"type":"Feature","properties":{"jobs":0,"pop":55,"pointCount":2,"homeWorkCommuteMedian":18660,"workHomeCommuteMedian":-1},"geometry":{"type":"Polygon","coordinates":[[[120.87433103355951,24.590234121662323],[120.87433103355951,24.59922732529957],[120.88332423719676,24.59922732529957],[120.88332423719676,24.590234121662323],[120.87433103355951,24.590234121662323]]]}},{"type":"Feature","properties":{"jobs":0,"pop":18,"pointCount":1,"homeWorkCommuteMedian":4747,"workHomeCommuteMedian":-1},"geometry":{"type":"Polygon","coordinates":[[[120.87433103355951,24.608220528936815],[120.87433103355951,24.61721373257406],[120.88332423719676,24.61721373257406],[120.88332423719676,24.608220528936815],[120.87433103355951,24.608220528936815]]]}},{"type":"Feature","properties":{"jobs":0,"pop":33,"pointCount":1,"homeWorkCommuteMedian":4526,"workHomeCommuteMedian":-1},"geometry":{"type":"Polygon","coordinates":[[[120.87433103355951,24.61721373257406],[120.87433103355951,24.626206936211307],[120.88332423719676,24.626206936211307],[120.88332423719676,24.61721373257406],[120.87433103355951,24.61721373257406]]]}},{"type":"Feature","properties":{"jobs":55,"pop":130,"pointCount":3,"homeWorkCommuteMedian":12628,"workHomeCommuteMedian":23284},"geometry":{"type":"Polygon","coordinates":[[[120.87433103355951,24.626206936211307],[120.87433103355951,24.635200139848553],[120.88332423719676,24.635200139848553],[120.88332423719676,24.626206936211307],[120.87433103355951,24.626206936211307]]]}},{"type":"Feature","properties":{"jobs":511,"pop":487,"pointCount":7,"homeWorkCommuteMedian":10883,"workHomeCommuteMedian":7608},"geometry":{"type":"Polygon","coordinates":[[[120.87433103355951,24.635200139848553],[120.87433103355951,24.6441933434858],[120.88332423719676,24.6441933434858],[120.88332423719676,24.635200139848553],[120.87433103355951,24.635200139848553]]]}},{"type":"Feature","properties":{"jobs":156,"pop":210,"pointCount":5,"homeWorkCommuteMedian":22669,"workHomeCommuteMedian":7282},"geometry":{"type":"Polygon","coordinates":[[[120.87433103355951,24.6441933434858],[120.87433103355951,24.653186547123045],[120.88332423719676,24.653186547123045],[120.88332423719676,24.6441933434858],[120.87433103355951,24.6441933434858]]]}},{"type":"Feature","properties":{"jobs":155,"pop":940,"pointCount":6,"homeWorkCommuteMedian":8038,"workHomeCommuteMedian":7378},"geometry":{"type":"Polygon","coordinates":[[[120.87433103355951,24.653186547123045],[120.87433103355951,24.66217975076029],[120.88332423719676,24.66217975076029],[120.88332423719676,24.653186547123045],[120.87433103355951,24.653186547123045]]]}},{"type":"Feature","properties":{"jobs":636,"pop":967,"pointCount":9,"homeWorkCommuteMedian":6216,"workHomeCommuteMedian":10307},"geometry":{"type":"Polygon","coordinates":[[[120.87433103355951,24.66217975076029],[120.87433103355951,24.671172954397537],[120.88332423719676,24.671172954397537],[120.88332423719676,24.66217975076029],[120.87433103355951,24.66217975076029]]]}},{"type":"Feature","properties":{"jobs":1506,"pop":176,"pointCount":9,"homeWorkCommuteMedian":3847,"workHomeCommuteMedian":6183},"geometry":{"type":"Polygon","coordinates":[[[120.87433103355951,24.671172954397537],[120.87433103355951,24.680166158034783],[120.88332423719676,24.680166158034783],[120.88332423719676,24.671172954397537],[120.87433103355951,24.671172954397537]]]}},{"type":"Feature","properties":{"jobs":3765,"pop":6263,"pointCount":19,"homeWorkCommuteMedian":6652,"workHomeCommuteMedian":7696},"geometry":{"type":"Polygon","coordinates":[[[120.87433103355951,24.680166158034783],[120.87433103355951,24.68915936167203],[120.88332423719676,24.68915936167203],[120.88332423719676,24.680166158034783],[120.87433103355951,24.680166158034783]]]}},{"type":"Feature","properties":{"jobs":1438,"pop":5909,"pointCount":16,"homeWorkCommuteMedian":5749,"workHomeCommuteMedian":20511},"geometry":{"type":"Polygon","coordinates":[[[120.87433103355951,24.68915936167203],[120.87433103355951,24.698152565309275],[120.88332423719676,24.698152565309275],[120.88332423719676,24.68915936167203],[120.87433103355951,24.68915936167203]]]}},{"type":"Feature","properties":{"jobs":561,"pop":3703,"pointCount":9,"homeWorkCommuteMedian":4853,"workHomeCommuteMedian":9367},"geometry":{"type":"Polygon","coordinates":[[[120.87433103355951,24.698152565309275],[120.87433103355951,24.70714576894652],[120.88332423719676,24.70714576894652],[120.88332423719676,24.698152565309275],[120.87433103355951,24.698152565309275]]]}},{"type":"Feature","properties":{"jobs":1455,"pop":1032,"pointCount":11,"homeWorkCommuteMedian":4745,"workHomeCommuteMedian":9524},"geometry":{"type":"Polygon","coordinates":[[[120.87433103355951,24.70714576894652],[120.87433103355951,24.716138972583767],[120.88332423719676,24.716138972583767],[120.88332423719676,24.70714576894652],[120.87433103355951,24.70714576894652]]]}},{"type":"Feature","properties":{"jobs":133,"pop":420,"pointCount":6,"homeWorkCommuteMedian":6155,"workHomeCommuteMedian":17694},"geometry":{"type":"Polygon","coordinates":[[[120.87433103355951,24.716138972583767],[120.87433103355951,24.725132176221013],[120.88332423719676,24.725132176221013],[120.88332423719676,24.716138972583767],[120.87433103355951,24.716138972583767]]]}},{"type":"Feature","properties":{"jobs":48,"pop":44,"pointCount":1,"homeWorkCommuteMedian":7310,"workHomeCommuteMedian":5283},"geometry":{"type":"Polygon","coordinates":[[[120.87433103355951,24.725132176221013],[120.87433103355951,24.73412537985826],[120.88332423719676,24.73412537985826],[120.88332423719676,24.725132176221013],[120.87433103355951,24.725132176221013]]]}},{"type":"Feature","properties":{"jobs":0,"pop":35,"pointCount":1,"homeWorkCommuteMedian":71916,"workHomeCommuteMedian":-1},"geometry":{"type":"Polygon","coordinates":[[[120.88332423719676,24.365404030731174],[120.88332423719676,24.37439723436842],[120.892317440834,24.37439723436842],[120.892317440834,24.365404030731174],[120.88332423719676,24.365404030731174]]]}},{"type":"Feature","properties":{"jobs":0,"pop":42,"pointCount":1,"homeWorkCommuteMedian":66615,"workHomeCommuteMedian":-1},"geometry":{"type":"Polygon","coordinates":[[[120.88332423719676,24.37439723436842],[120.88332423719676,24.383390438005666],[120.892317440834,24.383390438005666],[120.892317440834,24.37439723436842],[120.88332423719676,24.37439723436842]]]}},{"type":"Feature","properties":{"jobs":0,"pop":75,"pointCount":1,"homeWorkCommuteMedian":71643,"workHomeCommuteMedian":-1},"geometry":{"type":"Polygon","coordinates":[[[120.88332423719676,24.383390438005666],[120.88332423719676,24.392383641642912],[120.892317440834,24.392383641642912],[120.892317440834,24.383390438005666],[120.88332423719676,24.383390438005666]]]}},{"type":"Feature","properties":{"jobs":0,"pop":35,"pointCount":1,"homeWorkCommuteMedian":6902,"workHomeCommuteMedian":-1},"geometry":{"type":"Polygon","coordinates":[[[120.88332423719676,24.392383641642912],[120.88332423719676,24.401376845280158],[120.892317440834,24.401376845280158],[120.892317440834,24.392383641642912],[120.88332423719676,24.392383641642912]]]}},{"type":"Feature","properties":{"jobs":0,"pop":21,"pointCount":1,"homeWorkCommuteMedian":3363,"workHomeCommuteMedian":-1},"geometry":{"type":"Polygon","coordinates":[[[120.88332423719676,24.41936325255465],[120.88332423719676,24.428356456191896],[120.892317440834,24.428356456191896],[120.892317440834,24.41936325255465],[120.88332423719676,24.41936325255465]]]}},{"type":"Feature","properties":{"jobs":0,"pop":57,"pointCount":1,"homeWorkCommuteMedian":40272,"workHomeCommuteMedian":-1},"geometry":{"type":"Polygon","coordinates":[[[120.88332423719676,24.43734965982914],[120.88332423719676,24.446342863466388],[120.892317440834,24.446342863466388],[120.892317440834,24.43734965982914],[120.88332423719676,24.43734965982914]]]}},{"type":"Feature","properties":{"jobs":30,"pop":59,"pointCount":2,"homeWorkCommuteMedian":42207,"workHomeCommuteMedian":10230},"geometry":{"type":"Polygon","coordinates":[[[120.88332423719676,24.46432927074088],[120.88332423719676,24.473322474378126],[120.892317440834,24.473322474378126],[120.892317440834,24.46432927074088],[120.88332423719676,24.46432927074088]]]}},{"type":"Feature","properties":{"jobs":0,"pop":25,"pointCount":1,"homeWorkCommuteMedian":61364,"workHomeCommuteMedian":-1},"geometry":{"type":"Polygon","coordinates":[[[120.88332423719676,24.473322474378126],[120.88332423719676,24.48231567801537],[120.892317440834,24.48231567801537],[120.892317440834,24.473322474378126],[120.88332423719676,24.473322474378126]]]}},{"type":"Feature","properties":{"jobs":0,"pop":25,"pointCount":1,"homeWorkCommuteMedian":52422,"workHomeCommuteMedian":-1},"geometry":{"type":"Polygon","coordinates":[[[120.88332423719676,24.48231567801537],[120.88332423719676,24.491308881652618],[120.892317440834,24.491308881652618],[120.892317440834,24.48231567801537],[120.88332423719676,24.48231567801537]]]}},{"type":"Feature","properties":{"jobs":27,"pop":0,"pointCount":1,"homeWorkCommuteMedian":-1,"workHomeCommuteMedian":48092},"geometry":{"type":"Polygon","coordinates":[[[120.88332423719676,24.518288492564356],[120.88332423719676,24.5272816962016],[120.892317440834,24.5272816962016],[120.892317440834,24.518288492564356],[120.88332423719676,24.518288492564356]]]}},{"type":"Feature","properties":{"jobs":0,"pop":20,"pointCount":1,"homeWorkCommuteMedian":4396,"workHomeCommuteMedian":-1},"geometry":{"type":"Polygon","coordinates":[[[120.88332423719676,24.563254510750586],[120.88332423719676,24.57224771438783],[120.892317440834,24.57224771438783],[120.892317440834,24.563254510750586],[120.88332423719676,24.563254510750586]]]}},{"type":"Feature","properties":{"jobs":258,"pop":270,"pointCount":4,"homeWorkCommuteMedian":17586,"workHomeCommuteMedian":28634},"geometry":{"type":"Polygon","coordinates":[[[120.88332423719676,24.581240918025077],[120.88332423719676,24.590234121662323],[120.892317440834,24.590234121662323],[120.892317440834,24.581240918025077],[120.88332423719676,24.581240918025077]]]}},{"type":"Feature","properties":{"jobs":0,"pop":41,"pointCount":2,"homeWorkCommuteMedian":35281,"workHomeCommuteMedian":-1},"geometry":{"type":"Polygon","coordinates":[[[120.88332423719676,24.590234121662323],[120.88332423719676,24.59922732529957],[120.892317440834,24.59922732529957],[120.892317440834,24.590234121662323],[120.88332423719676,24.590234121662323]]]}},{"type":"Feature","properties":{"jobs":217,"pop":126,"pointCount":3,"homeWorkCommuteMedian":9342,"workHomeCommuteMedian":11496},"geometry":{"type":"Polygon","coordinates":[[[120.88332423719676,24.59922732529957],[120.88332423719676,24.608220528936815],[120.892317440834,24.608220528936815],[120.892317440834,24.59922732529957],[120.88332423719676,24.59922732529957]]]}},{"type":"Feature","properties":{"jobs":114,"pop":239,"pointCount":5,"homeWorkCommuteMedian":9700,"workHomeCommuteMedian":7704},"geometry":{"type":"Polygon","coordinates":[[[120.88332423719676,24.608220528936815],[120.88332423719676,24.61721373257406],[120.892317440834,24.61721373257406],[120.892317440834,24.608220528936815],[120.88332423719676,24.608220528936815]]]}},{"type":"Feature","properties":{"jobs":237,"pop":763,"pointCount":6,"homeWorkCommuteMedian":12953,"workHomeCommuteMedian":12070},"geometry":{"type":"Polygon","coordinates":[[[120.88332423719676,24.61721373257406],[120.88332423719676,24.626206936211307],[120.892317440834,24.626206936211307],[120.892317440834,24.61721373257406],[120.88332423719676,24.61721373257406]]]}},{"type":"Feature","properties":{"jobs":162,"pop":558,"pointCount":7,"homeWorkCommuteMedian":11736,"workHomeCommuteMedian":8309},"geometry":{"type":"Polygon","coordinates":[[[120.88332423719676,24.626206936211307],[120.88332423719676,24.635200139848553],[120.892317440834,24.635200139848553],[120.892317440834,24.626206936211307],[120.88332423719676,24.626206936211307]]]}},{"type":"Feature","properties":{"jobs":123,"pop":766,"pointCount":4,"homeWorkCommuteMedian":10618,"workHomeCommuteMedian":7929},"geometry":{"type":"Polygon","coordinates":[[[120.88332423719676,24.635200139848553],[120.88332423719676,24.6441933434858],[120.892317440834,24.6441933434858],[120.892317440834,24.635200139848553],[120.88332423719676,24.635200139848553]]]}},{"type":"Feature","properties":{"jobs":202,"pop":870,"pointCount":5,"homeWorkCommuteMedian":9565,"workHomeCommuteMedian":7046},"geometry":{"type":"Polygon","coordinates":[[[120.88332423719676,24.6441933434858],[120.88332423719676,24.653186547123045],[120.892317440834,24.653186547123045],[120.892317440834,24.6441933434858],[120.88332423719676,24.6441933434858]]]}},{"type":"Feature","properties":{"jobs":172,"pop":549,"pointCount":8,"homeWorkCommuteMedian":7639,"workHomeCommuteMedian":7867},"geometry":{"type":"Polygon","coordinates":[[[120.88332423719676,24.653186547123045],[120.88332423719676,24.66217975076029],[120.892317440834,24.66217975076029],[120.892317440834,24.653186547123045],[120.88332423719676,24.653186547123045]]]}},{"type":"Feature","properties":{"jobs":115,"pop":149,"pointCount":3,"homeWorkCommuteMedian":7264,"workHomeCommuteMedian":4222},"geometry":{"type":"Polygon","coordinates":[[[120.88332423719676,24.66217975076029],[120.88332423719676,24.671172954397537],[120.892317440834,24.671172954397537],[120.892317440834,24.66217975076029],[120.88332423719676,24.66217975076029]]]}},{"type":"Feature","properties":{"jobs":1734,"pop":611,"pointCount":11,"homeWorkCommuteMedian":12617,"workHomeCommuteMedian":4521},"geometry":{"type":"Polygon","coordinates":[[[120.88332423719676,24.671172954397537],[120.88332423719676,24.680166158034783],[120.892317440834,24.680166158034783],[120.892317440834,24.671172954397537],[120.88332423719676,24.671172954397537]]]}},{"type":"Feature","properties":{"jobs":1949,"pop":2776,"pointCount":11,"homeWorkCommuteMedian":5468,"workHomeCommuteMedian":3651},"geometry":{"type":"Polygon","coordinates":[[[120.88332423719676,24.680166158034783],[120.88332423719676,24.68915936167203],[120.892317440834,24.68915936167203],[120.892317440834,24.680166158034783],[120.88332423719676,24.680166158034783]]]}},{"type":"Feature","properties":{"jobs":2031,"pop":2469,"pointCount":11,"homeWorkCommuteMedian":5568,"workHomeCommuteMedian":3577},"geometry":{"type":"Polygon","coordinates":[[[120.88332423719676,24.68915936167203],[120.88332423719676,24.698152565309275],[120.892317440834,24.698152565309275],[120.892317440834,24.68915936167203],[120.88332423719676,24.68915936167203]]]}},{"type":"Feature","properties":{"jobs":727,"pop":1364,"pointCount":7,"homeWorkCommuteMedian":4748,"workHomeCommuteMedian":25845},"geometry":{"type":"Polygon","coordinates":[[[120.88332423719676,24.698152565309275],[120.88332423719676,24.70714576894652],[120.892317440834,24.70714576894652],[120.892317440834,24.698152565309275],[120.88332423719676,24.698152565309275]]]}},{"type":"Feature","properties":{"jobs":456,"pop":699,"pointCount":8,"homeWorkCommuteMedian":3502,"workHomeCommuteMedian":8356},"geometry":{"type":"Polygon","coordinates":[[[120.88332423719676,24.70714576894652],[120.88332423719676,24.716138972583767],[120.892317440834,24.716138972583767],[120.892317440834,24.70714576894652],[120.88332423719676,24.70714576894652]]]}},{"type":"Feature","properties":{"jobs":88,"pop":172,"pointCount":4,"homeWorkCommuteMedian":25770,"workHomeCommuteMedian":22968},"geometry":{"type":"Polygon","coordinates":[[[120.88332423719676,24.716138972583767],[120.88332423719676,24.725132176221013],[120.892317440834,24.725132176221013],[120.892317440834,24.716138972583767],[120.88332423719676,24.716138972583767]]]}},{"type":"Feature","properties":{"jobs":0,"pop":103,"pointCount":3,"homeWorkCommuteMedian":5918,"workHomeCommuteMedian":-1},"geometry":{"type":"Polygon","coordinates":[[[120.88332423719676,24.725132176221013],[120.88332423719676,24.73412537985826],[120.892317440834,24.73412537985826],[120.892317440834,24.725132176221013],[120.88332423719676,24.725132176221013]]]}},{"type":"Feature","properties":{"jobs":373,"pop":135,"pointCount":5,"homeWorkCommuteMedian":15568,"workHomeCommuteMedian":9586},"geometry":{"type":"Polygon","coordinates":[[[120.88332423719676,24.73412537985826],[120.88332423719676,24.743118583495505],[120.892317440834,24.743118583495505],[120.892317440834,24.73412537985826],[120.88332423719676,24.73412537985826]]]}},{"type":"Feature","properties":{"jobs":0,"pop":30,"pointCount":1,"homeWorkCommuteMedian":70587,"workHomeCommuteMedian":-1},"geometry":{"type":"Polygon","coordinates":[[[120.892317440834,24.365404030731174],[120.892317440834,24.37439723436842],[120.90131064447125,24.37439723436842],[120.90131064447125,24.365404030731174],[120.892317440834,24.365404030731174]]]}},{"type":"Feature","properties":{"jobs":29,"pop":57,"pointCount":2,"homeWorkCommuteMedian":53931,"workHomeCommuteMedian":7317},"geometry":{"type":"Polygon","coordinates":[[[120.892317440834,24.37439723436842],[120.892317440834,24.383390438005666],[120.90131064447125,24.383390438005666],[120.90131064447125,24.37439723436842],[120.892317440834,24.37439723436842]]]}},{"type":"Feature","properties":{"jobs":21,"pop":79,"pointCount":2,"homeWorkCommuteMedian":48016,"workHomeCommuteMedian":11333},"geometry":{"type":"Polygon","coordinates":[[[120.892317440834,24.410370048917404],[120.892317440834,24.41936325255465],[120.90131064447125,24.41936325255465],[120.90131064447125,24.410370048917404],[120.892317440834,24.410370048917404]]]}},{"type":"Feature","properties":{"jobs":0,"pop":27,"pointCount":1,"homeWorkCommuteMedian":61539,"workHomeCommuteMedian":-1},"geometry":{"type":"Polygon","coordinates":[[[120.892317440834,24.41936325255465],[120.892317440834,24.428356456191896],[120.90131064447125,24.428356456191896],[120.90131064447125,24.41936325255465],[120.892317440834,24.41936325255465]]]}},{"type":"Feature","properties":{"jobs":0,"pop":25,"pointCount":1,"homeWorkCommuteMedian":64222,"workHomeCommuteMedian":-1},"geometry":{"type":"Polygon","coordinates":[[[120.892317440834,24.428356456191896],[120.892317440834,24.43734965982914],[120.90131064447125,24.43734965982914],[120.90131064447125,24.428356456191896],[120.892317440834,24.428356456191896]]]}},{"type":"Feature","properties":{"jobs":0,"pop":47,"pointCount":1,"homeWorkCommuteMedian":56840,"workHomeCommuteMedian":-1},"geometry":{"type":"Polygon","coordinates":[[[120.892317440834,24.455336067103634],[120.892317440834,24.46432927074088],[120.90131064447125,24.46432927074088],[120.90131064447125,24.455336067103634],[120.892317440834,24.455336067103634]]]}},{"type":"Feature","properties":{"jobs":0,"pop":35,"pointCount":1,"homeWorkCommuteMedian":58561,"workHomeCommuteMedian":-1},"geometry":{"type":"Polygon","coordinates":[[[120.892317440834,24.46432927074088],[120.892317440834,24.473322474378126],[120.90131064447125,24.473322474378126],[120.90131064447125,24.46432927074088],[120.892317440834,24.46432927074088]]]}},{"type":"Feature","properties":{"jobs":27,"pop":86,"pointCount":4,"homeWorkCommuteMedian":55256,"workHomeCommuteMedian":9039},"geometry":{"type":"Polygon","coordinates":[[[120.892317440834,24.473322474378126],[120.892317440834,24.48231567801537],[120.90131064447125,24.48231567801537],[120.90131064447125,24.473322474378126],[120.892317440834,24.473322474378126]]]}},{"type":"Feature","properties":{"jobs":8,"pop":28,"pointCount":2,"homeWorkCommuteMedian":45821,"workHomeCommuteMedian":267},"geometry":{"type":"Polygon","coordinates":[[[120.892317440834,24.48231567801537],[120.892317440834,24.491308881652618],[120.90131064447125,24.491308881652618],[120.90131064447125,24.48231567801537],[120.892317440834,24.48231567801537]]]}},{"type":"Feature","properties":{"jobs":0,"pop":86,"pointCount":2,"homeWorkCommuteMedian":39551,"workHomeCommuteMedian":-1},"geometry":{"type":"Polygon","coordinates":[[[120.892317440834,24.491308881652618],[120.892317440834,24.500302085289864],[120.90131064447125,24.500302085289864],[120.90131064447125,24.491308881652618],[120.892317440834,24.491308881652618]]]}},{"type":"Feature","properties":{"jobs":0,"pop":19,"pointCount":1,"homeWorkCommuteMedian":51371,"workHomeCommuteMedian":-1},"geometry":{"type":"Polygon","coordinates":[[[120.892317440834,24.563254510750586],[120.892317440834,24.57224771438783],[120.90131064447125,24.57224771438783],[120.90131064447125,24.563254510750586],[120.892317440834,24.563254510750586]]]}},{"type":"Feature","properties":{"jobs":38,"pop":20,"pointCount":2,"homeWorkCommuteMedian":23980,"workHomeCommuteMedian":5652},"geometry":{"type":"Polygon","coordinates":[[[120.892317440834,24.57224771438783],[120.892317440834,24.581240918025077],[120.90131064447125,24.581240918025077],[120.90131064447125,24.57224771438783],[120.892317440834,24.57224771438783]]]}},{"type":"Feature","properties":{"jobs":17,"pop":0,"pointCount":1,"homeWorkCommuteMedian":-1,"workHomeCommuteMedian":41942},"geometry":{"type":"Polygon","coordinates":[[[120.892317440834,24.590234121662323],[120.892317440834,24.59922732529957],[120.90131064447125,24.59922732529957],[120.90131064447125,24.590234121662323],[120.892317440834,24.590234121662323]]]}},{"type":"Feature","properties":{"jobs":0,"pop":52,"pointCount":1,"homeWorkCommuteMedian":27728,"workHomeCommuteMedian":-1},"geometry":{"type":"Polygon","coordinates":[[[120.892317440834,24.608220528936815],[120.892317440834,24.61721373257406],[120.90131064447125,24.61721373257406],[120.90131064447125,24.608220528936815],[120.892317440834,24.608220528936815]]]}},{"type":"Feature","properties":{"jobs":111,"pop":847,"pointCount":5,"homeWorkCommuteMedian":13172,"workHomeCommuteMedian":1476},"geometry":{"type":"Polygon","coordinates":[[[120.892317440834,24.61721373257406],[120.892317440834,24.626206936211307],[120.90131064447125,24.626206936211307],[120.90131064447125,24.61721373257406],[120.892317440834,24.61721373257406]]]}},{"type":"Feature","properties":{"jobs":0,"pop":59,"pointCount":2,"homeWorkCommuteMedian":9282,"workHomeCommuteMedian":-1},"geometry":{"type":"Polygon","coordinates":[[[120.892317440834,24.635200139848553],[120.892317440834,24.6441933434858],[120.90131064447125,24.6441933434858],[120.90131064447125,24.635200139848553],[120.892317440834,24.635200139848553]]]}},{"type":"Feature","properties":{"jobs":0,"pop":58,"pointCount":1,"homeWorkCommuteMedian":8813,"workHomeCommuteMedian":-1},"geometry":{"type":"Polygon","coordinates":[[[120.892317440834,24.6441933434858],[120.892317440834,24.653186547123045],[120.90131064447125,24.653186547123045],[120.90131064447125,24.6441933434858],[120.892317440834,24.6441933434858]]]}},{"type":"Feature","properties":{"jobs":0,"pop":85,"pointCount":2,"homeWorkCommuteMedian":9524,"workHomeCommuteMedian":-1},"geometry":{"type":"Polygon","coordinates":[[[120.892317440834,24.653186547123045],[120.892317440834,24.66217975076029],[120.90131064447125,24.66217975076029],[120.90131064447125,24.653186547123045],[120.892317440834,24.653186547123045]]]}},{"type":"Feature","properties":{"jobs":1347,"pop":593,"pointCount":7,"homeWorkCommuteMedian":2891,"workHomeCommuteMedian":3420},"geometry":{"type":"Polygon","coordinates":[[[120.892317440834,24.671172954397537],[120.892317440834,24.680166158034783],[120.90131064447125,24.680166158034783],[120.90131064447125,24.671172954397537],[120.892317440834,24.671172954397537]]]}},{"type":"Feature","properties":{"jobs":2870,"pop":1721,"pointCount":9,"homeWorkCommuteMedian":7008,"workHomeCommuteMedian":3499},"geometry":{"type":"Polygon","coordinates":[[[120.892317440834,24.680166158034783],[120.892317440834,24.68915936167203],[120.90131064447125,24.68915936167203],[120.90131064447125,24.680166158034783],[120.892317440834,24.680166158034783]]]}},{"type":"Feature","properties":{"jobs":1277,"pop":4685,"pointCount":13,"homeWorkCommuteMedian":3765,"workHomeCommuteMedian":4686},"geometry":{"type":"Polygon","coordinates":[[[120.892317440834,24.68915936167203],[120.892317440834,24.698152565309275],[120.90131064447125,24.698152565309275],[120.90131064447125,24.68915936167203],[120.892317440834,24.68915936167203]]]}},{"type":"Feature","properties":{"jobs":324,"pop":4141,"pointCount":11,"homeWorkCommuteMedian":3549,"workHomeCommuteMedian":8095},"geometry":{"type":"Polygon","coordinates":[[[120.892317440834,24.698152565309275],[120.892317440834,24.70714576894652],[120.90131064447125,24.70714576894652],[120.90131064447125,24.698152565309275],[120.892317440834,24.698152565309275]]]}},{"type":"Feature","properties":{"jobs":265,"pop":240,"pointCount":2,"homeWorkCommuteMedian":1810,"workHomeCommuteMedian":5048},"geometry":{"type":"Polygon","coordinates":[[[120.892317440834,24.70714576894652],[120.892317440834,24.716138972583767],[120.90131064447125,24.716138972583767],[120.90131064447125,24.70714576894652],[120.892317440834,24.70714576894652]]]}},{"type":"Feature","properties":{"jobs":0,"pop":103,"pointCount":1,"homeWorkCommuteMedian":16267,"workHomeCommuteMedian":-1},"geometry":{"type":"Polygon","coordinates":[[[120.892317440834,24.716138972583767],[120.892317440834,24.725132176221013],[120.90131064447125,24.725132176221013],[120.90131064447125,24.716138972583767],[120.892317440834,24.716138972583767]]]}},{"type":"Feature","properties":{"jobs":0,"pop":88,"pointCount":2,"homeWorkCommuteMedian":25278,"workHomeCommuteMedian":-1},"geometry":{"type":"Polygon","coordinates":[[[120.892317440834,24.725132176221013],[120.892317440834,24.73412537985826],[120.90131064447125,24.73412537985826],[120.90131064447125,24.725132176221013],[120.892317440834,24.725132176221013]]]}},{"type":"Feature","properties":{"jobs":812,"pop":336,"pointCount":6,"homeWorkCommuteMedian":9859,"workHomeCommuteMedian":10121},"geometry":{"type":"Polygon","coordinates":[[[120.892317440834,24.73412537985826],[120.892317440834,24.743118583495505],[120.90131064447125,24.743118583495505],[120.90131064447125,24.73412537985826],[120.892317440834,24.73412537985826]]]}},{"type":"Feature","properties":{"jobs":0,"pop":51,"pointCount":1,"homeWorkCommuteMedian":69224,"workHomeCommuteMedian":-1},"geometry":{"type":"Polygon","coordinates":[[[120.90131064447125,24.365404030731174],[120.90131064447125,24.37439723436842],[120.9103038481085,24.37439723436842],[120.9103038481085,24.365404030731174],[120.90131064447125,24.365404030731174]]]}},{"type":"Feature","properties":{"jobs":16,"pop":0,"pointCount":1,"homeWorkCommuteMedian":-1,"workHomeCommuteMedian":9477},"geometry":{"type":"Polygon","coordinates":[[[120.90131064447125,24.37439723436842],[120.90131064447125,24.383390438005666],[120.9103038481085,24.383390438005666],[120.9103038481085,24.37439723436842],[120.90131064447125,24.37439723436842]]]}},{"type":"Feature","properties":{"jobs":0,"pop":104,"pointCount":2,"homeWorkCommuteMedian":9719,"workHomeCommuteMedian":-1},"geometry":{"type":"Polygon","coordinates":[[[120.90131064447125,24.401376845280158],[120.90131064447125,24.410370048917404],[120.9103038481085,24.410370048917404],[120.9103038481085,24.401376845280158],[120.90131064447125,24.401376845280158]]]}},{"type":"Feature","properties":{"jobs":0,"pop":54,"pointCount":2,"homeWorkCommuteMedian":38294,"workHomeCommuteMedian":-1},"geometry":{"type":"Polygon","coordinates":[[[120.90131064447125,24.410370048917404],[120.90131064447125,24.41936325255465],[120.9103038481085,24.41936325255465],[120.9103038481085,24.410370048917404],[120.90131064447125,24.410370048917404]]]}},{"type":"Feature","properties":{"jobs":0,"pop":44,"pointCount":1,"homeWorkCommuteMedian":62095,"workHomeCommuteMedian":-1},"geometry":{"type":"Polygon","coordinates":[[[120.90131064447125,24.41936325255465],[120.90131064447125,24.428356456191896],[120.9103038481085,24.428356456191896],[120.9103038481085,24.41936325255465],[120.90131064447125,24.41936325255465]]]}},{"type":"Feature","properties":{"jobs":0,"pop":23,"pointCount":1,"homeWorkCommuteMedian":61606,"workHomeCommuteMedian":-1},"geometry":{"type":"Polygon","coordinates":[[[120.90131064447125,24.473322474378126],[120.90131064447125,24.48231567801537],[120.9103038481085,24.48231567801537],[120.9103038481085,24.473322474378126],[120.90131064447125,24.473322474378126]]]}},{"type":"Feature","properties":{"jobs":0,"pop":64,"pointCount":1,"homeWorkCommuteMedian":23296,"workHomeCommuteMedian":-1},"geometry":{"type":"Polygon","coordinates":[[[120.90131064447125,24.48231567801537],[120.90131064447125,24.491308881652618],[120.9103038481085,24.491308881652618],[120.9103038481085,24.48231567801537],[120.90131064447125,24.48231567801537]]]}},{"type":"Feature","properties":{"jobs":0,"pop":42,"pointCount":1,"homeWorkCommuteMedian":6256,"workHomeCommuteMedian":-1},"geometry":{"type":"Polygon","coordinates":[[[120.90131064447125,24.491308881652618],[120.90131064447125,24.500302085289864],[120.9103038481085,24.500302085289864],[120.9103038481085,24.491308881652618],[120.90131064447125,24.491308881652618]]]}},{"type":"Feature","properties":{"jobs":0,"pop":56,"pointCount":2,"homeWorkCommuteMedian":44673,"workHomeCommuteMedian":-1},"geometry":{"type":"Polygon","coordinates":[[[120.90131064447125,24.50929528892711],[120.90131064447125,24.518288492564356],[120.9103038481085,24.518288492564356],[120.9103038481085,24.50929528892711],[120.90131064447125,24.50929528892711]]]}},{"type":"Feature","properties":{"jobs":0,"pop":22,"pointCount":1,"homeWorkCommuteMedian":40688,"workHomeCommuteMedian":-1},"geometry":{"type":"Polygon","coordinates":[[[120.90131064447125,24.518288492564356],[120.90131064447125,24.5272816962016],[120.9103038481085,24.5272816962016],[120.9103038481085,24.518288492564356],[120.90131064447125,24.518288492564356]]]}},{"type":"Feature","properties":{"jobs":30,"pop":60,"pointCount":3,"homeWorkCommuteMedian":29154,"workHomeCommuteMedian":10104},"geometry":{"type":"Polygon","coordinates":[[[120.90131064447125,24.545268103476094],[120.90131064447125,24.55426130711334],[120.9103038481085,24.55426130711334],[120.9103038481085,24.545268103476094],[120.90131064447125,24.545268103476094]]]}},{"type":"Feature","properties":{"jobs":0,"pop":41,"pointCount":1,"homeWorkCommuteMedian":26786,"workHomeCommuteMedian":-1},"geometry":{"type":"Polygon","coordinates":[[[120.90131064447125,24.55426130711334],[120.90131064447125,24.563254510750586],[120.9103038481085,24.563254510750586],[120.9103038481085,24.55426130711334],[120.90131064447125,24.55426130711334]]]}},{"type":"Feature","properties":{"jobs":0,"pop":37,"pointCount":1,"homeWorkCommuteMedian":16680,"workHomeCommuteMedian":-1},"geometry":{"type":"Polygon","coordinates":[[[120.90131064447125,24.581240918025077],[120.90131064447125,24.590234121662323],[120.9103038481085,24.590234121662323],[120.9103038481085,24.581240918025077],[120.90131064447125,24.581240918025077]]]}},{"type":"Feature","properties":{"jobs":0,"pop":24,"pointCount":1,"homeWorkCommuteMedian":8241,"workHomeCommuteMedian":-1},"geometry":{"type":"Polygon","coordinates":[[[120.90131064447125,24.590234121662323],[120.90131064447125,24.59922732529957],[120.9103038481085,24.59922732529957],[120.9103038481085,24.590234121662323],[120.90131064447125,24.590234121662323]]]}},{"type":"Feature","properties":{"jobs":0,"pop":21,"pointCount":1,"homeWorkCommuteMedian":10584,"workHomeCommuteMedian":-1},"geometry":{"type":"Polygon","coordinates":[[[120.90131064447125,24.608220528936815],[120.90131064447125,24.61721373257406],[120.9103038481085,24.61721373257406],[120.9103038481085,24.608220528936815],[120.90131064447125,24.608220528936815]]]}},{"type":"Feature","properties":{"jobs":22,"pop":202,"pointCount":3,"homeWorkCommuteMedian":27772,"workHomeCommuteMedian":10871},"geometry":{"type":"Polygon","coordinates":[[[120.90131064447125,24.61721373257406],[120.90131064447125,24.626206936211307],[120.9103038481085,24.626206936211307],[120.9103038481085,24.61721373257406],[120.90131064447125,24.61721373257406]]]}},{"type":"Feature","properties":{"jobs":0,"pop":40,"pointCount":1,"homeWorkCommuteMedian":28359,"workHomeCommuteMedian":-1},"geometry":{"type":"Polygon","coordinates":[[[120.90131064447125,24.626206936211307],[120.90131064447125,24.635200139848553],[120.9103038481085,24.635200139848553],[120.9103038481085,24.626206936211307],[120.90131064447125,24.626206936211307]]]}},{"type":"Feature","properties":{"jobs":0,"pop":16,"pointCount":1,"homeWorkCommuteMedian":25131,"workHomeCommuteMedian":-1},"geometry":{"type":"Polygon","coordinates":[[[120.90131064447125,24.635200139848553],[120.90131064447125,24.6441933434858],[120.9103038481085,24.6441933434858],[120.9103038481085,24.635200139848553],[120.90131064447125,24.635200139848553]]]}},{"type":"Feature","properties":{"jobs":17,"pop":15,"pointCount":1,"homeWorkCommuteMedian":28182,"workHomeCommuteMedian":8244},"geometry":{"type":"Polygon","coordinates":[[[120.90131064447125,24.6441933434858],[120.90131064447125,24.653186547123045],[120.9103038481085,24.653186547123045],[120.9103038481085,24.6441933434858],[120.90131064447125,24.6441933434858]]]}},{"type":"Feature","properties":{"jobs":0,"pop":66,"pointCount":1,"homeWorkCommuteMedian":3625,"workHomeCommuteMedian":-1},"geometry":{"type":"Polygon","coordinates":[[[120.90131064447125,24.66217975076029],[120.90131064447125,24.671172954397537],[120.9103038481085,24.671172954397537],[120.9103038481085,24.66217975076029],[120.90131064447125,24.66217975076029]]]}},{"type":"Feature","properties":{"jobs":168,"pop":397,"pointCount":4,"homeWorkCommuteMedian":9494,"workHomeCommuteMedian":8013},"geometry":{"type":"Polygon","coordinates":[[[120.90131064447125,24.671172954397537],[120.90131064447125,24.680166158034783],[120.9103038481085,24.680166158034783],[120.9103038481085,24.671172954397537],[120.90131064447125,24.671172954397537]]]}},{"type":"Feature","properties":{"jobs":10554,"pop":5664,"pointCount":17,"homeWorkCommuteMedian":4875,"workHomeCommuteMedian":2340},"geometry":{"type":"Polygon","coordinates":[[[120.90131064447125,24.680166158034783],[120.90131064447125,24.68915936167203],[120.9103038481085,24.68915936167203],[120.9103038481085,24.680166158034783],[120.90131064447125,24.680166158034783]]]}},{"type":"Feature","properties":{"jobs":1532,"pop":6479,"pointCount":17,"homeWorkCommuteMedian":6484,"workHomeCommuteMedian":2891},"geometry":{"type":"Polygon","coordinates":[[[120.90131064447125,24.68915936167203],[120.90131064447125,24.698152565309275],[120.9103038481085,24.698152565309275],[120.9103038481085,24.68915936167203],[120.90131064447125,24.68915936167203]]]}},{"type":"Feature","properties":{"jobs":290,"pop":1310,"pointCount":5,"homeWorkCommuteMedian":5064,"workHomeCommuteMedian":4765},"geometry":{"type":"Polygon","coordinates":[[[120.90131064447125,24.698152565309275],[120.90131064447125,24.70714576894652],[120.9103038481085,24.70714576894652],[120.9103038481085,24.698152565309275],[120.90131064447125,24.698152565309275]]]}},{"type":"Feature","properties":{"jobs":3510,"pop":1225,"pointCount":15,"homeWorkCommuteMedian":2229,"workHomeCommuteMedian":9954},"geometry":{"type":"Polygon","coordinates":[[[120.90131064447125,24.70714576894652],[120.90131064447125,24.716138972583767],[120.9103038481085,24.716138972583767],[120.9103038481085,24.70714576894652],[120.90131064447125,24.70714576894652]]]}},{"type":"Feature","properties":{"jobs":1408,"pop":229,"pointCount":10,"homeWorkCommuteMedian":2385,"workHomeCommuteMedian":9494},"geometry":{"type":"Polygon","coordinates":[[[120.90131064447125,24.716138972583767],[120.90131064447125,24.725132176221013],[120.9103038481085,24.725132176221013],[120.9103038481085,24.716138972583767],[120.90131064447125,24.716138972583767]]]}},{"type":"Feature","properties":{"jobs":265,"pop":84,"pointCount":3,"homeWorkCommuteMedian":26609,"workHomeCommuteMedian":15586},"geometry":{"type":"Polygon","coordinates":[[[120.90131064447125,24.725132176221013],[120.90131064447125,24.73412537985826],[120.9103038481085,24.73412537985826],[120.9103038481085,24.725132176221013],[120.90131064447125,24.725132176221013]]]}},{"type":"Feature","properties":{"jobs":337,"pop":1238,"pointCount":6,"homeWorkCommuteMedian":9147,"workHomeCommuteMedian":11541},"geometry":{"type":"Polygon","coordinates":[[[120.90131064447125,24.73412537985826],[120.90131064447125,24.743118583495505],[120.9103038481085,24.743118583495505],[120.9103038481085,24.73412537985826],[120.90131064447125,24.73412537985826]]]}},{"type":"Feature","properties":{"jobs":1034,"pop":1269,"pointCount":9,"homeWorkCommuteMedian":9043,"workHomeCommuteMedian":7555},"geometry":{"type":"Polygon","coordinates":[[[120.90131064447125,24.743118583495505],[120.90131064447125,24.75211178713275],[120.9103038481085,24.75211178713275],[120.9103038481085,24.743118583495505],[120.90131064447125,24.743118583495505]]]}},{"type":"Feature","properties":{"jobs":17,"pop":796,"pointCount":4,"homeWorkCommuteMedian":6832,"workHomeCommuteMedian":9643},"geometry":{"type":"Polygon","coordinates":[[[120.90131064447125,24.75211178713275],[120.90131064447125,24.761104990769997],[120.9103038481085,24.761104990769997],[120.9103038481085,24.75211178713275],[120.90131064447125,24.75211178713275]]]}},{"type":"Feature","properties":{"jobs":23,"pop":0,"pointCount":1,"homeWorkCommuteMedian":-1,"workHomeCommuteMedian":11975},"geometry":{"type":"Polygon","coordinates":[[[120.90131064447125,24.761104990769997],[120.90131064447125,24.770098194407243],[120.9103038481085,24.770098194407243],[120.9103038481085,24.761104990769997],[120.90131064447125,24.761104990769997]]]}},{"type":"Feature","properties":{"jobs":0,"pop":22,"pointCount":1,"homeWorkCommuteMedian":66466,"workHomeCommuteMedian":-1},"geometry":{"type":"Polygon","coordinates":[[[120.9103038481085,24.383390438005666],[120.9103038481085,24.392383641642912],[120.91929705174574,24.392383641642912],[120.91929705174574,24.383390438005666],[120.9103038481085,24.383390438005666]]]}},{"type":"Feature","properties":{"jobs":0,"pop":20,"pointCount":1,"homeWorkCommuteMedian":78230,"workHomeCommuteMedian":-1},"geometry":{"type":"Polygon","coordinates":[[[120.9103038481085,24.392383641642912],[120.9103038481085,24.401376845280158],[120.91929705174574,24.401376845280158],[120.91929705174574,24.392383641642912],[120.9103038481085,24.392383641642912]]]}},{"type":"Feature","properties":{"jobs":0,"pop":20,"pointCount":1,"homeWorkCommuteMedian":70445,"workHomeCommuteMedian":-1},"geometry":{"type":"Polygon","coordinates":[[[120.9103038481085,24.401376845280158],[120.9103038481085,24.410370048917404],[120.91929705174574,24.410370048917404],[120.91929705174574,24.401376845280158],[120.9103038481085,24.401376845280158]]]}},{"type":"Feature","properties":{"jobs":0,"pop":18,"pointCount":1,"homeWorkCommuteMedian":61480,"workHomeCommuteMedian":-1},"geometry":{"type":"Polygon","coordinates":[[[120.9103038481085,24.46432927074088],[120.9103038481085,24.473322474378126],[120.91929705174574,24.473322474378126],[120.91929705174574,24.46432927074088],[120.9103038481085,24.46432927074088]]]}},{"type":"Feature","properties":{"jobs":74,"pop":215,"pointCount":3,"homeWorkCommuteMedian":30276,"workHomeCommuteMedian":17285},"geometry":{"type":"Polygon","coordinates":[[[120.9103038481085,24.518288492564356],[120.9103038481085,24.5272816962016],[120.91929705174574,24.5272816962016],[120.91929705174574,24.518288492564356],[120.9103038481085,24.518288492564356]]]}},{"type":"Feature","properties":{"jobs":0,"pop":85,"pointCount":2,"homeWorkCommuteMedian":40744,"workHomeCommuteMedian":-1},"geometry":{"type":"Polygon","coordinates":[[[120.9103038481085,24.5272816962016],[120.9103038481085,24.536274899838848],[120.91929705174574,24.536274899838848],[120.91929705174574,24.5272816962016],[120.9103038481085,24.5272816962016]]]}},{"type":"Feature","properties":{"jobs":16,"pop":59,"pointCount":2,"homeWorkCommuteMedian":13832,"workHomeCommuteMedian":3829},"geometry":{"type":"Polygon","coordinates":[[[120.9103038481085,24.536274899838848],[120.9103038481085,24.545268103476094],[120.91929705174574,24.545268103476094],[120.91929705174574,24.536274899838848],[120.9103038481085,24.536274899838848]]]}},{"type":"Feature","properties":{"jobs":0,"pop":31,"pointCount":1,"homeWorkCommuteMedian":46758,"workHomeCommuteMedian":-1},"geometry":{"type":"Polygon","coordinates":[[[120.9103038481085,24.545268103476094],[120.9103038481085,24.55426130711334],[120.91929705174574,24.55426130711334],[120.91929705174574,24.545268103476094],[120.9103038481085,24.545268103476094]]]}},{"type":"Feature","properties":{"jobs":67,"pop":0,"pointCount":1,"homeWorkCommuteMedian":-1,"workHomeCommuteMedian":4822},"geometry":{"type":"Polygon","coordinates":[[[120.9103038481085,24.581240918025077],[120.9103038481085,24.590234121662323],[120.91929705174574,24.590234121662323],[120.91929705174574,24.581240918025077],[120.9103038481085,24.581240918025077]]]}},{"type":"Feature","properties":{"jobs":0,"pop":42,"pointCount":1,"homeWorkCommuteMedian":26460,"workHomeCommuteMedian":-1},"geometry":{"type":"Polygon","coordinates":[[[120.9103038481085,24.59922732529957],[120.9103038481085,24.608220528936815],[120.91929705174574,24.608220528936815],[120.91929705174574,24.59922732529957],[120.9103038481085,24.59922732529957]]]}},{"type":"Feature","properties":{"jobs":0,"pop":71,"pointCount":3,"homeWorkCommuteMedian":18125,"workHomeCommuteMedian":-1},"geometry":{"type":"Polygon","coordinates":[[[120.9103038481085,24.608220528936815],[120.9103038481085,24.61721373257406],[120.91929705174574,24.61721373257406],[120.91929705174574,24.608220528936815],[120.9103038481085,24.608220528936815]]]}},{"type":"Feature","properties":{"jobs":60,"pop":48,"pointCount":4,"homeWorkCommuteMedian":16070,"workHomeCommuteMedian":40317},"geometry":{"type":"Polygon","coordinates":[[[120.9103038481085,24.61721373257406],[120.9103038481085,24.626206936211307],[120.91929705174574,24.626206936211307],[120.91929705174574,24.61721373257406],[120.9103038481085,24.61721373257406]]]}},{"type":"Feature","properties":{"jobs":0,"pop":58,"pointCount":2,"homeWorkCommuteMedian":16971,"workHomeCommuteMedian":-1},"geometry":{"type":"Polygon","coordinates":[[[120.9103038481085,24.626206936211307],[120.9103038481085,24.635200139848553],[120.91929705174574,24.635200139848553],[120.91929705174574,24.626206936211307],[120.9103038481085,24.626206936211307]]]}},{"type":"Feature","properties":{"jobs":47,"pop":560,"pointCount":4,"homeWorkCommuteMedian":7218,"workHomeCommuteMedian":4295},"geometry":{"type":"Polygon","coordinates":[[[120.9103038481085,24.66217975076029],[120.9103038481085,24.671172954397537],[120.91929705174574,24.671172954397537],[120.91929705174574,24.66217975076029],[120.9103038481085,24.66217975076029]]]}},{"type":"Feature","properties":{"jobs":176,"pop":1084,"pointCount":8,"homeWorkCommuteMedian":5956,"workHomeCommuteMedian":3515},"geometry":{"type":"Polygon","coordinates":[[[120.9103038481085,24.671172954397537],[120.9103038481085,24.680166158034783],[120.91929705174574,24.680166158034783],[120.91929705174574,24.671172954397537],[120.9103038481085,24.671172954397537]]]}},{"type":"Feature","properties":{"jobs":821,"pop":1573,"pointCount":8,"homeWorkCommuteMedian":4863,"workHomeCommuteMedian":5265},"geometry":{"type":"Polygon","coordinates":[[[120.9103038481085,24.680166158034783],[120.9103038481085,24.68915936167203],[120.91929705174574,24.68915936167203],[120.91929705174574,24.680166158034783],[120.9103038481085,24.680166158034783]]]}},{"type":"Feature","properties":{"jobs":2215,"pop":5343,"pointCount":14,"homeWorkCommuteMedian":4092,"workHomeCommuteMedian":3053},"geometry":{"type":"Polygon","coordinates":[[[120.9103038481085,24.68915936167203],[120.9103038481085,24.698152565309275],[120.91929705174574,24.698152565309275],[120.91929705174574,24.68915936167203],[120.9103038481085,24.68915936167203]]]}},{"type":"Feature","properties":{"jobs":1872,"pop":421,"pointCount":5,"homeWorkCommuteMedian":16548,"workHomeCommuteMedian":6266},"geometry":{"type":"Polygon","coordinates":[[[120.9103038481085,24.698152565309275],[120.9103038481085,24.70714576894652],[120.91929705174574,24.70714576894652],[120.91929705174574,24.698152565309275],[120.9103038481085,24.698152565309275]]]}},{"type":"Feature","properties":{"jobs":43790,"pop":59,"pointCount":12,"homeWorkCommuteMedian":4437,"workHomeCommuteMedian":9565},"geometry":{"type":"Polygon","coordinates":[[[120.9103038481085,24.70714576894652],[120.9103038481085,24.716138972583767],[120.91929705174574,24.716138972583767],[120.91929705174574,24.70714576894652],[120.9103038481085,24.70714576894652]]]}},{"type":"Feature","properties":{"jobs":1133,"pop":69,"pointCount":5,"homeWorkCommuteMedian":15446,"workHomeCommuteMedian":10008},"geometry":{"type":"Polygon","coordinates":[[[120.9103038481085,24.716138972583767],[120.9103038481085,24.725132176221013],[120.91929705174574,24.725132176221013],[120.91929705174574,24.716138972583767],[120.9103038481085,24.716138972583767]]]}},{"type":"Feature","properties":{"jobs":478,"pop":478,"pointCount":7,"homeWorkCommuteMedian":14827,"workHomeCommuteMedian":12104},"geometry":{"type":"Polygon","coordinates":[[[120.9103038481085,24.725132176221013],[120.9103038481085,24.73412537985826],[120.91929705174574,24.73412537985826],[120.91929705174574,24.725132176221013],[120.9103038481085,24.725132176221013]]]}},{"type":"Feature","properties":{"jobs":249,"pop":909,"pointCount":6,"homeWorkCommuteMedian":10896,"workHomeCommuteMedian":13414},"geometry":{"type":"Polygon","coordinates":[[[120.9103038481085,24.73412537985826],[120.9103038481085,24.743118583495505],[120.91929705174574,24.743118583495505],[120.91929705174574,24.73412537985826],[120.9103038481085,24.73412537985826]]]}},{"type":"Feature","properties":{"jobs":51,"pop":546,"pointCount":3,"homeWorkCommuteMedian":7680,"workHomeCommuteMedian":11924},"geometry":{"type":"Polygon","coordinates":[[[120.9103038481085,24.743118583495505],[120.9103038481085,24.75211178713275],[120.91929705174574,24.75211178713275],[120.91929705174574,24.743118583495505],[120.9103038481085,24.743118583495505]]]}},{"type":"Feature","properties":{"jobs":178,"pop":411,"pointCount":5,"homeWorkCommuteMedian":11816,"workHomeCommuteMedian":16533},"geometry":{"type":"Polygon","coordinates":[[[120.9103038481085,24.75211178713275],[120.9103038481085,24.761104990769997],[120.91929705174574,24.761104990769997],[120.91929705174574,24.75211178713275],[120.9103038481085,24.75211178713275]]]}},{"type":"Feature","properties":{"jobs":554,"pop":1173,"pointCount":12,"homeWorkCommuteMedian":10021,"workHomeCommuteMedian":6804},"geometry":{"type":"Polygon","coordinates":[[[120.9103038481085,24.761104990769997],[120.9103038481085,24.770098194407243],[120.91929705174574,24.770098194407243],[120.91929705174574,24.761104990769997],[120.9103038481085,24.761104990769997]]]}},{"type":"Feature","properties":{"jobs":311,"pop":373,"pointCount":3,"homeWorkCommuteMedian":16118,"workHomeCommuteMedian":6277},"geometry":{"type":"Polygon","coordinates":[[[120.9103038481085,24.770098194407243],[120.9103038481085,24.77909139804449],[120.91929705174574,24.77909139804449],[120.91929705174574,24.770098194407243],[120.9103038481085,24.770098194407243]]]}},{"type":"Feature","properties":{"jobs":420,"pop":489,"pointCount":8,"homeWorkCommuteMedian":10970,"workHomeCommuteMedian":7412},"geometry":{"type":"Polygon","coordinates":[[[120.9103038481085,24.77909139804449],[120.9103038481085,24.788084601681735],[120.91929705174574,24.788084601681735],[120.91929705174574,24.77909139804449],[120.9103038481085,24.77909139804449]]]}},{"type":"Feature","properties":{"jobs":132,"pop":47,"pointCount":3,"homeWorkCommuteMedian":2194,"workHomeCommuteMedian":5170},"geometry":{"type":"Polygon","coordinates":[[[120.9103038481085,24.788084601681735],[120.9103038481085,24.79707780531898],[120.91929705174574,24.79707780531898],[120.91929705174574,24.788084601681735],[120.9103038481085,24.788084601681735]]]}},{"type":"Feature","properties":{"jobs":105,"pop":0,"pointCount":2,"homeWorkCommuteMedian":-1,"workHomeCommuteMedian":8342},"geometry":{"type":"Polygon","coordinates":[[[120.9103038481085,24.79707780531898],[120.9103038481085,24.806071008956227],[120.91929705174574,24.806071008956227],[120.91929705174574,24.79707780531898],[120.9103038481085,24.79707780531898]]]}},{"type":"Feature","properties":{"jobs":67,"pop":503,"pointCount":2,"homeWorkCommuteMedian":6804,"workHomeCommuteMedian":12811},"geometry":{"type":"Polygon","coordinates":[[[120.9103038481085,24.806071008956227],[120.9103038481085,24.815064212593473],[120.91929705174574,24.815064212593473],[120.91929705174574,24.806071008956227],[120.9103038481085,24.806071008956227]]]}},{"type":"Feature","properties":{"jobs":797,"pop":35,"pointCount":6,"homeWorkCommuteMedian":10216,"workHomeCommuteMedian":8267},"geometry":{"type":"Polygon","coordinates":[[[120.9103038481085,24.815064212593473],[120.9103038481085,24.82405741623072],[120.91929705174574,24.82405741623072],[120.91929705174574,24.815064212593473],[120.9103038481085,24.815064212593473]]]}},{"type":"Feature","properties":{"jobs":597,"pop":0,"pointCount":3,"homeWorkCommuteMedian":-1,"workHomeCommuteMedian":7863},"geometry":{"type":"Polygon","coordinates":[[[120.9103038481085,24.833050619867965],[120.9103038481085,24.84204382350521],[120.91929705174574,24.84204382350521],[120.91929705174574,24.833050619867965],[120.9103038481085,24.833050619867965]]]}},{"type":"Feature","properties":{"jobs":113,"pop":184,"pointCount":5,"homeWorkCommuteMedian":27302,"workHomeCommuteMedian":6256},"geometry":{"type":"Polygon","coordinates":[[[120.91929705174574,24.536274899838848],[120.91929705174574,24.545268103476094],[120.92829025538299,24.545268103476094],[120.92829025538299,24.536274899838848],[120.91929705174574,24.536274899838848]]]}},{"type":"Feature","properties":{"jobs":0,"pop":22,"pointCount":1,"homeWorkCommuteMedian":34427,"workHomeCommuteMedian":-1},"geometry":{"type":"Polygon","coordinates":[[[120.91929705174574,24.55426130711334],[120.91929705174574,24.563254510750586],[120.92829025538299,24.563254510750586],[120.92829025538299,24.55426130711334],[120.91929705174574,24.55426130711334]]]}},{"type":"Feature","properties":{"jobs":0,"pop":33,"pointCount":1,"homeWorkCommuteMedian":54943,"workHomeCommuteMedian":-1},"geometry":{"type":"Polygon","coordinates":[[[120.91929705174574,24.563254510750586],[120.91929705174574,24.57224771438783],[120.92829025538299,24.57224771438783],[120.92829025538299,24.563254510750586],[120.91929705174574,24.563254510750586]]]}},{"type":"Feature","properties":{"jobs":0,"pop":23,"pointCount":1,"homeWorkCommuteMedian":13601,"workHomeCommuteMedian":-1},"geometry":{"type":"Polygon","coordinates":[[[120.91929705174574,24.608220528936815],[120.91929705174574,24.61721373257406],[120.92829025538299,24.61721373257406],[120.92829025538299,24.608220528936815],[120.91929705174574,24.608220528936815]]]}},{"type":"Feature","properties":{"jobs":33,"pop":105,"pointCount":2,"homeWorkCommuteMedian":11348,"workHomeCommuteMedian":5035},"geometry":{"type":"Polygon","coordinates":[[[120.91929705174574,24.635200139848553],[120.91929705174574,24.6441933434858],[120.92829025538299,24.6441933434858],[120.92829025538299,24.635200139848553],[120.91929705174574,24.635200139848553]]]}},{"type":"Feature","properties":{"jobs":347,"pop":888,"pointCount":5,"homeWorkCommuteMedian":6428,"workHomeCommuteMedian":6758},"geometry":{"type":"Polygon","coordinates":[[[120.91929705174574,24.66217975076029],[120.91929705174574,24.671172954397537],[120.92829025538299,24.671172954397537],[120.92829025538299,24.66217975076029],[120.91929705174574,24.66217975076029]]]}},{"type":"Feature","properties":{"jobs":50,"pop":190,"pointCount":4,"homeWorkCommuteMedian":4222,"workHomeCommuteMedian":11961},"geometry":{"type":"Polygon","coordinates":[[[120.91929705174574,24.671172954397537],[120.91929705174574,24.680166158034783],[120.92829025538299,24.680166158034783],[120.92829025538299,24.671172954397537],[120.91929705174574,24.671172954397537]]]}},{"type":"Feature","properties":{"jobs":210,"pop":1740,"pointCount":7,"homeWorkCommuteMedian":9502,"workHomeCommuteMedian":6366},"geometry":{"type":"Polygon","coordinates":[[[120.91929705174574,24.680166158034783],[120.91929705174574,24.68915936167203],[120.92829025538299,24.68915936167203],[120.92829025538299,24.680166158034783],[120.91929705174574,24.680166158034783]]]}},{"type":"Feature","properties":{"jobs":43,"pop":974,"pointCount":3,"homeWorkCommuteMedian":9867,"workHomeCommuteMedian":4191},"geometry":{"type":"Polygon","coordinates":[[[120.91929705174574,24.68915936167203],[120.91929705174574,24.698152565309275],[120.92829025538299,24.698152565309275],[120.92829025538299,24.68915936167203],[120.91929705174574,24.68915936167203]]]}},{"type":"Feature","properties":{"jobs":887,"pop":635,"pointCount":9,"homeWorkCommuteMedian":17144,"workHomeCommuteMedian":7040},"geometry":{"type":"Polygon","coordinates":[[[120.91929705174574,24.698152565309275],[120.91929705174574,24.70714576894652],[120.92829025538299,24.70714576894652],[120.92829025538299,24.698152565309275],[120.91929705174574,24.698152565309275]]]}},{"type":"Feature","properties":{"jobs":4229,"pop":1029,"pointCount":10,"homeWorkCommuteMedian":2458,"workHomeCommuteMedian":7928},"geometry":{"type":"Polygon","coordinates":[[[120.91929705174574,24.70714576894652],[120.91929705174574,24.716138972583767],[120.92829025538299,24.716138972583767],[120.92829025538299,24.70714576894652],[120.91929705174574,24.70714576894652]]]}},{"type":"Feature","properties":{"jobs":528,"pop":363,"pointCount":6,"homeWorkCommuteMedian":8901,"workHomeCommuteMedian":8306},"geometry":{"type":"Polygon","coordinates":[[[120.91929705174574,24.716138972583767],[120.91929705174574,24.725132176221013],[120.92829025538299,24.725132176221013],[120.92829025538299,24.716138972583767],[120.91929705174574,24.716138972583767]]]}},{"type":"Feature","properties":{"jobs":0,"pop":191,"pointCount":1,"homeWorkCommuteMedian":14679,"workHomeCommuteMedian":-1},"geometry":{"type":"Polygon","coordinates":[[[120.91929705174574,24.725132176221013],[120.91929705174574,24.73412537985826],[120.92829025538299,24.73412537985826],[120.92829025538299,24.725132176221013],[120.91929705174574,24.725132176221013]]]}},{"type":"Feature","properties":{"jobs":0,"pop":30,"pointCount":1,"homeWorkCommuteMedian":14005,"workHomeCommuteMedian":-1},"geometry":{"type":"Polygon","coordinates":[[[120.91929705174574,24.73412537985826],[120.91929705174574,24.743118583495505],[120.92829025538299,24.743118583495505],[120.92829025538299,24.73412537985826],[120.91929705174574,24.73412537985826]]]}},{"type":"Feature","properties":{"jobs":192,"pop":291,"pointCount":6,"homeWorkCommuteMedian":16036,"workHomeCommuteMedian":9581},"geometry":{"type":"Polygon","coordinates":[[[120.91929705174574,24.743118583495505],[120.91929705174574,24.75211178713275],[120.92829025538299,24.75211178713275],[120.92829025538299,24.743118583495505],[120.91929705174574,24.743118583495505]]]}},{"type":"Feature","properties":{"jobs":74,"pop":359,"pointCount":3,"homeWorkCommuteMedian":8455,"workHomeCommuteMedian":3766},"geometry":{"type":"Polygon","coordinates":[[[120.91929705174574,24.75211178713275],[120.91929705174574,24.761104990769997],[120.92829025538299,24.761104990769997],[120.92829025538299,24.75211178713275],[120.91929705174574,24.75211178713275]]]}},{"type":"Feature","properties":{"jobs":20,"pop":160,"pointCount":3,"homeWorkCommuteMedian":18103,"workHomeCommuteMedian":7856},"geometry":{"type":"Polygon","coordinates":[[[120.91929705174574,24.761104990769997],[120.91929705174574,24.770098194407243],[120.92829025538299,24.770098194407243],[120.92829025538299,24.761104990769997],[120.91929705174574,24.761104990769997]]]}},{"type":"Feature","properties":{"jobs":138,"pop":366,"pointCount":4,"homeWorkCommuteMedian":5362,"workHomeCommuteMedian":4532},"geometry":{"type":"Polygon","coordinates":[[[120.91929705174574,24.770098194407243],[120.91929705174574,24.77909139804449],[120.92829025538299,24.77909139804449],[120.92829025538299,24.770098194407243],[120.91929705174574,24.770098194407243]]]}},{"type":"Feature","properties":{"jobs":524,"pop":1038,"pointCount":9,"homeWorkCommuteMedian":6434,"workHomeCommuteMedian":4563},"geometry":{"type":"Polygon","coordinates":[[[120.91929705174574,24.77909139804449],[120.91929705174574,24.788084601681735],[120.92829025538299,24.788084601681735],[120.92829025538299,24.77909139804449],[120.91929705174574,24.77909139804449]]]}},{"type":"Feature","properties":{"jobs":1120,"pop":4862,"pointCount":15,"homeWorkCommuteMedian":9828,"workHomeCommuteMedian":8042},"geometry":{"type":"Polygon","coordinates":[[[120.91929705174574,24.788084601681735],[120.91929705174574,24.79707780531898],[120.92829025538299,24.79707780531898],[120.92829025538299,24.788084601681735],[120.91929705174574,24.788084601681735]]]}},{"type":"Feature","properties":{"jobs":402,"pop":1317,"pointCount":9,"homeWorkCommuteMedian":6621,"workHomeCommuteMedian":4281},"geometry":{"type":"Polygon","coordinates":[[[120.91929705174574,24.79707780531898],[120.91929705174574,24.806071008956227],[120.92829025538299,24.806071008956227],[120.92829025538299,24.79707780531898],[120.91929705174574,24.79707780531898]]]}},{"type":"Feature","properties":{"jobs":737,"pop":1197,"pointCount":9,"homeWorkCommuteMedian":10152,"workHomeCommuteMedian":6654},"geometry":{"type":"Polygon","coordinates":[[[120.91929705174574,24.806071008956227],[120.91929705174574,24.815064212593473],[120.92829025538299,24.815064212593473],[120.92829025538299,24.806071008956227],[120.91929705174574,24.806071008956227]]]}},{"type":"Feature","properties":{"jobs":372,"pop":801,"pointCount":10,"homeWorkCommuteMedian":13711,"workHomeCommuteMedian":8455},"geometry":{"type":"Polygon","coordinates":[[[120.91929705174574,24.815064212593473],[120.91929705174574,24.82405741623072],[120.92829025538299,24.82405741623072],[120.92829025538299,24.815064212593473],[120.91929705174574,24.815064212593473]]]}},{"type":"Feature","properties":{"jobs":167,"pop":875,"pointCount":8,"homeWorkCommuteMedian":8219,"workHomeCommuteMedian":7388},"geometry":{"type":"Polygon","coordinates":[[[120.91929705174574,24.82405741623072],[120.91929705174574,24.833050619867965],[120.92829025538299,24.833050619867965],[120.92829025538299,24.82405741623072],[120.91929705174574,24.82405741623072]]]}},{"type":"Feature","properties":{"jobs":498,"pop":1176,"pointCount":5,"homeWorkCommuteMedian":6664,"workHomeCommuteMedian":7488},"geometry":{"type":"Polygon","coordinates":[[[120.91929705174574,24.833050619867965],[120.91929705174574,24.84204382350521],[120.92829025538299,24.84204382350521],[120.92829025538299,24.833050619867965],[120.91929705174574,24.833050619867965]]]}},{"type":"Feature","properties":{"jobs":758,"pop":525,"pointCount":4,"homeWorkCommuteMedian":6287,"workHomeCommuteMedian":7429},"geometry":{"type":"Polygon","coordinates":[[[120.91929705174574,24.84204382350521],[120.91929705174574,24.851037027142457],[120.92829025538299,24.851037027142457],[120.92829025538299,24.84204382350521],[120.91929705174574,24.84204382350521]]]}},{"type":"Feature","properties":{"jobs":0,"pop":47,"pointCount":1,"homeWorkCommuteMedian":28068,"workHomeCommuteMedian":-1},"geometry":{"type":"Polygon","coordinates":[[[120.92829025538299,24.5272816962016],[120.92829025538299,24.536274899838848],[120.93728345902024,24.536274899838848],[120.93728345902024,24.5272816962016],[120.92829025538299,24.5272816962016]]]}},{"type":"Feature","properties":{"jobs":0,"pop":49,"pointCount":1,"homeWorkCommuteMedian":42106,"workHomeCommuteMedian":-1},"geometry":{"type":"Polygon","coordinates":[[[120.92829025538299,24.536274899838848],[120.92829025538299,24.545268103476094],[120.93728345902024,24.545268103476094],[120.93728345902024,24.536274899838848],[120.92829025538299,24.536274899838848]]]}},{"type":"Feature","properties":{"jobs":0,"pop":37,"pointCount":1,"homeWorkCommuteMedian":39532,"workHomeCommuteMedian":-1},"geometry":{"type":"Polygon","coordinates":[[[120.92829025538299,24.545268103476094],[120.92829025538299,24.55426130711334],[120.93728345902024,24.55426130711334],[120.93728345902024,24.545268103476094],[120.92829025538299,24.545268103476094]]]}},{"type":"Feature","properties":{"jobs":55,"pop":21,"pointCount":3,"homeWorkCommuteMedian":20100,"workHomeCommuteMedian":6412},"geometry":{"type":"Polygon","coordinates":[[[120.92829025538299,24.55426130711334],[120.92829025538299,24.563254510750586],[120.93728345902024,24.563254510750586],[120.93728345902024,24.55426130711334],[120.92829025538299,24.55426130711334]]]}},{"type":"Feature","properties":{"jobs":0,"pop":85,"pointCount":2,"homeWorkCommuteMedian":21288,"workHomeCommuteMedian":-1},"geometry":{"type":"Polygon","coordinates":[[[120.92829025538299,24.563254510750586],[120.92829025538299,24.57224771438783],[120.93728345902024,24.57224771438783],[120.93728345902024,24.563254510750586],[120.92829025538299,24.563254510750586]]]}},{"type":"Feature","properties":{"jobs":0,"pop":50,"pointCount":1,"homeWorkCommuteMedian":15894,"workHomeCommuteMedian":-1},"geometry":{"type":"Polygon","coordinates":[[[120.92829025538299,24.608220528936815],[120.92829025538299,24.61721373257406],[120.93728345902024,24.61721373257406],[120.93728345902024,24.608220528936815],[120.92829025538299,24.608220528936815]]]}},{"type":"Feature","properties":{"jobs":0,"pop":21,"pointCount":1,"homeWorkCommuteMedian":17055,"workHomeCommuteMedian":-1},"geometry":{"type":"Polygon","coordinates":[[[120.92829025538299,24.61721373257406],[120.92829025538299,24.626206936211307],[120.93728345902024,24.626206936211307],[120.93728345902024,24.61721373257406],[120.92829025538299,24.61721373257406]]]}},{"type":"Feature","properties":{"jobs":39,"pop":64,"pointCount":3,"homeWorkCommuteMedian":26272,"workHomeCommuteMedian":2524},"geometry":{"type":"Polygon","coordinates":[[[120.92829025538299,24.6441933434858],[120.92829025538299,24.653186547123045],[120.93728345902024,24.653186547123045],[120.93728345902024,24.6441933434858],[120.92829025538299,24.6441933434858]]]}},{"type":"Feature","properties":{"jobs":0,"pop":16,"pointCount":1,"homeWorkCommuteMedian":8500,"workHomeCommuteMedian":-1},"geometry":{"type":"Polygon","coordinates":[[[120.92829025538299,24.653186547123045],[120.92829025538299,24.66217975076029],[120.93728345902024,24.66217975076029],[120.93728345902024,24.653186547123045],[120.92829025538299,24.653186547123045]]]}},{"type":"Feature","properties":{"jobs":301,"pop":1192,"pointCount":9,"homeWorkCommuteMedian":16701,"workHomeCommuteMedian":3944},"geometry":{"type":"Polygon","coordinates":[[[120.92829025538299,24.680166158034783],[120.92829025538299,24.68915936167203],[120.93728345902024,24.68915936167203],[120.93728345902024,24.680166158034783],[120.92829025538299,24.680166158034783]]]}},{"type":"Feature","properties":{"jobs":147,"pop":473,"pointCount":6,"homeWorkCommuteMedian":4781,"workHomeCommuteMedian":5722},"geometry":{"type":"Polygon","coordinates":[[[120.92829025538299,24.68915936167203],[120.92829025538299,24.698152565309275],[120.93728345902024,24.698152565309275],[120.93728345902024,24.68915936167203],[120.92829025538299,24.68915936167203]]]}},{"type":"Feature","properties":{"jobs":0,"pop":913,"pointCount":3,"homeWorkCommuteMedian":6095,"workHomeCommuteMedian":-1},"geometry":{"type":"Polygon","coordinates":[[[120.92829025538299,24.698152565309275],[120.92829025538299,24.70714576894652],[120.93728345902024,24.70714576894652],[120.93728345902024,24.698152565309275],[120.92829025538299,24.698152565309275]]]}},{"type":"Feature","properties":{"jobs":109,"pop":803,"pointCount":4,"homeWorkCommuteMedian":18837,"workHomeCommuteMedian":12315},"geometry":{"type":"Polygon","coordinates":[[[120.92829025538299,24.70714576894652],[120.92829025538299,24.716138972583767],[120.93728345902024,24.716138972583767],[120.93728345902024,24.70714576894652],[120.92829025538299,24.70714576894652]]]}},{"type":"Feature","properties":{"jobs":204,"pop":476,"pointCount":8,"homeWorkCommuteMedian":11500,"workHomeCommuteMedian":14909},"geometry":{"type":"Polygon","coordinates":[[[120.92829025538299,24.725132176221013],[120.92829025538299,24.73412537985826],[120.93728345902024,24.73412537985826],[120.93728345902024,24.725132176221013],[120.92829025538299,24.725132176221013]]]}},{"type":"Feature","properties":{"jobs":154,"pop":65,"pointCount":3,"homeWorkCommuteMedian":8881,"workHomeCommuteMedian":9234},"geometry":{"type":"Polygon","coordinates":[[[120.92829025538299,24.73412537985826],[120.92829025538299,24.743118583495505],[120.93728345902024,24.743118583495505],[120.93728345902024,24.73412537985826],[120.92829025538299,24.73412537985826]]]}},{"type":"Feature","properties":{"jobs":121,"pop":330,"pointCount":5,"homeWorkCommuteMedian":8342,"workHomeCommuteMedian":7394},"geometry":{"type":"Polygon","coordinates":[[[120.92829025538299,24.743118583495505],[120.92829025538299,24.75211178713275],[120.93728345902024,24.75211178713275],[120.93728345902024,24.743118583495505],[120.92829025538299,24.743118583495505]]]}},{"type":"Feature","properties":{"jobs":0,"pop":42,"pointCount":1,"homeWorkCommuteMedian":6456,"workHomeCommuteMedian":-1},"geometry":{"type":"Polygon","coordinates":[[[120.92829025538299,24.75211178713275],[120.92829025538299,24.761104990769997],[120.93728345902024,24.761104990769997],[120.93728345902024,24.75211178713275],[120.92829025538299,24.75211178713275]]]}},{"type":"Feature","properties":{"jobs":0,"pop":31,"pointCount":1,"homeWorkCommuteMedian":6494,"workHomeCommuteMedian":-1},"geometry":{"type":"Polygon","coordinates":[[[120.92829025538299,24.761104990769997],[120.92829025538299,24.770098194407243],[120.93728345902024,24.770098194407243],[120.93728345902024,24.761104990769997],[120.92829025538299,24.761104990769997]]]}},{"type":"Feature","properties":{"jobs":101,"pop":779,"pointCount":5,"homeWorkCommuteMedian":10838,"workHomeCommuteMedian":9974},"geometry":{"type":"Polygon","coordinates":[[[120.92829025538299,24.770098194407243],[120.92829025538299,24.77909139804449],[120.93728345902024,24.77909139804449],[120.93728345902024,24.770098194407243],[120.92829025538299,24.770098194407243]]]}},{"type":"Feature","properties":{"jobs":333,"pop":864,"pointCount":6,"homeWorkCommuteMedian":6543,"workHomeCommuteMedian":4547},"geometry":{"type":"Polygon","coordinates":[[[120.92829025538299,24.77909139804449],[120.92829025538299,24.788084601681735],[120.93728345902024,24.788084601681735],[120.93728345902024,24.77909139804449],[120.92829025538299,24.77909139804449]]]}},{"type":"Feature","properties":{"jobs":4824,"pop":678,"pointCount":14,"homeWorkCommuteMedian":6887,"workHomeCommuteMedian":5390},"geometry":{"type":"Polygon","coordinates":[[[120.92829025538299,24.788084601681735],[120.92829025538299,24.79707780531898],[120.93728345902024,24.79707780531898],[120.93728345902024,24.788084601681735],[120.92829025538299,24.788084601681735]]]}},{"type":"Feature","properties":{"jobs":400,"pop":2036,"pointCount":9,"homeWorkCommuteMedian":7582,"workHomeCommuteMedian":2678},"geometry":{"type":"Polygon","coordinates":[[[120.92829025538299,24.79707780531898],[120.92829025538299,24.806071008956227],[120.93728345902024,24.806071008956227],[120.93728345902024,24.79707780531898],[120.92829025538299,24.79707780531898]]]}},{"type":"Feature","properties":{"jobs":62,"pop":1370,"pointCount":3,"homeWorkCommuteMedian":5025,"workHomeCommuteMedian":2599},"geometry":{"type":"Polygon","coordinates":[[[120.92829025538299,24.806071008956227],[120.92829025538299,24.815064212593473],[120.93728345902024,24.815064212593473],[120.93728345902024,24.806071008956227],[120.92829025538299,24.806071008956227]]]}},{"type":"Feature","properties":{"jobs":142,"pop":1123,"pointCount":4,"homeWorkCommuteMedian":10676,"workHomeCommuteMedian":8142},"geometry":{"type":"Polygon","coordinates":[[[120.92829025538299,24.815064212593473],[120.92829025538299,24.82405741623072],[120.93728345902024,24.82405741623072],[120.93728345902024,24.815064212593473],[120.92829025538299,24.815064212593473]]]}},{"type":"Feature","properties":{"jobs":53,"pop":498,"pointCount":3,"homeWorkCommuteMedian":8554,"workHomeCommuteMedian":7404},"geometry":{"type":"Polygon","coordinates":[[[120.92829025538299,24.82405741623072],[120.92829025538299,24.833050619867965],[120.93728345902024,24.833050619867965],[120.93728345902024,24.82405741623072],[120.92829025538299,24.82405741623072]]]}},{"type":"Feature","properties":{"jobs":1092,"pop":4738,"pointCount":14,"homeWorkCommuteMedian":6510,"workHomeCommuteMedian":5442},"geometry":{"type":"Polygon","coordinates":[[[120.92829025538299,24.833050619867965],[120.92829025538299,24.84204382350521],[120.93728345902024,24.84204382350521],[120.93728345902024,24.833050619867965],[120.92829025538299,24.833050619867965]]]}},{"type":"Feature","properties":{"jobs":1190,"pop":1763,"pointCount":6,"homeWorkCommuteMedian":6765,"workHomeCommuteMedian":7241},"geometry":{"type":"Polygon","coordinates":[[[120.92829025538299,24.84204382350521],[120.92829025538299,24.851037027142457],[120.93728345902024,24.851037027142457],[120.93728345902024,24.84204382350521],[120.92829025538299,24.84204382350521]]]}},{"type":"Feature","properties":{"jobs":0,"pop":46,"pointCount":1,"homeWorkCommuteMedian":43256,"workHomeCommuteMedian":-1},"geometry":{"type":"Polygon","coordinates":[[[120.93728345902024,24.5272816962016],[120.93728345902024,24.536274899838848],[120.94627666265748,24.536274899838848],[120.94627666265748,24.5272816962016],[120.93728345902024,24.5272816962016]]]}},{"type":"Feature","properties":{"jobs":0,"pop":64,"pointCount":2,"homeWorkCommuteMedian":36087,"workHomeCommuteMedian":-1},"geometry":{"type":"Polygon","coordinates":[[[120.93728345902024,24.57224771438783],[120.93728345902024,24.581240918025077],[120.94627666265748,24.581240918025077],[120.94627666265748,24.57224771438783],[120.93728345902024,24.57224771438783]]]}},{"type":"Feature","properties":{"jobs":23,"pop":42,"pointCount":3,"homeWorkCommuteMedian":41333,"workHomeCommuteMedian":15849},"geometry":{"type":"Polygon","coordinates":[[[120.93728345902024,24.581240918025077],[120.93728345902024,24.590234121662323],[120.94627666265748,24.590234121662323],[120.94627666265748,24.581240918025077],[120.93728345902024,24.581240918025077]]]}},{"type":"Feature","properties":{"jobs":0,"pop":15,"pointCount":1,"homeWorkCommuteMedian":27148,"workHomeCommuteMedian":-1},"geometry":{"type":"Polygon","coordinates":[[[120.93728345902024,24.608220528936815],[120.93728345902024,24.61721373257406],[120.94627666265748,24.61721373257406],[120.94627666265748,24.608220528936815],[120.93728345902024,24.608220528936815]]]}},{"type":"Feature","properties":{"jobs":0,"pop":34,"pointCount":1,"homeWorkCommuteMedian":12752,"workHomeCommuteMedian":-1},"geometry":{"type":"Polygon","coordinates":[[[120.93728345902024,24.635200139848553],[120.93728345902024,24.6441933434858],[120.94627666265748,24.6441933434858],[120.94627666265748,24.635200139848553],[120.93728345902024,24.635200139848553]]]}},{"type":"Feature","properties":{"jobs":37,"pop":370,"pointCount":4,"homeWorkCommuteMedian":7766,"workHomeCommuteMedian":6350},"geometry":{"type":"Polygon","coordinates":[[[120.93728345902024,24.671172954397537],[120.93728345902024,24.680166158034783],[120.94627666265748,24.680166158034783],[120.94627666265748,24.671172954397537],[120.93728345902024,24.671172954397537]]]}},{"type":"Feature","properties":{"jobs":271,"pop":2013,"pointCount":8,"homeWorkCommuteMedian":6789,"workHomeCommuteMedian":4666},"geometry":{"type":"Polygon","coordinates":[[[120.93728345902024,24.680166158034783],[120.93728345902024,24.68915936167203],[120.94627666265748,24.68915936167203],[120.94627666265748,24.680166158034783],[120.93728345902024,24.680166158034783]]]}},{"type":"Feature","properties":{"jobs":382,"pop":362,"pointCount":2,"homeWorkCommuteMedian":24663,"workHomeCommuteMedian":5925},"geometry":{"type":"Polygon","coordinates":[[[120.93728345902024,24.68915936167203],[120.93728345902024,24.698152565309275],[120.94627666265748,24.698152565309275],[120.94627666265748,24.68915936167203],[120.93728345902024,24.68915936167203]]]}},{"type":"Feature","properties":{"jobs":229,"pop":255,"pointCount":5,"homeWorkCommuteMedian":9367,"workHomeCommuteMedian":6358},"geometry":{"type":"Polygon","coordinates":[[[120.93728345902024,24.698152565309275],[120.93728345902024,24.70714576894652],[120.94627666265748,24.70714576894652],[120.94627666265748,24.698152565309275],[120.93728345902024,24.698152565309275]]]}},{"type":"Feature","properties":{"jobs":0,"pop":37,"pointCount":1,"homeWorkCommuteMedian":26381,"workHomeCommuteMedian":-1},"geometry":{"type":"Polygon","coordinates":[[[120.93728345902024,24.70714576894652],[120.93728345902024,24.716138972583767],[120.94627666265748,24.716138972583767],[120.94627666265748,24.70714576894652],[120.93728345902024,24.70714576894652]]]}},{"type":"Feature","properties":{"jobs":0,"pop":80,"pointCount":2,"homeWorkCommuteMedian":8182,"workHomeCommuteMedian":-1},"geometry":{"type":"Polygon","coordinates":[[[120.93728345902024,24.716138972583767],[120.93728345902024,24.725132176221013],[120.94627666265748,24.725132176221013],[120.94627666265748,24.716138972583767],[120.93728345902024,24.716138972583767]]]}},{"type":"Feature","properties":{"jobs":0,"pop":241,"pointCount":4,"homeWorkCommuteMedian":13176,"workHomeCommuteMedian":-1},"geometry":{"type":"Polygon","coordinates":[[[120.93728345902024,24.725132176221013],[120.93728345902024,24.73412537985826],[120.94627666265748,24.73412537985826],[120.94627666265748,24.725132176221013],[120.93728345902024,24.725132176221013]]]}},{"type":"Feature","properties":{"jobs":0,"pop":55,"pointCount":2,"homeWorkCommuteMedian":27116,"workHomeCommuteMedian":-1},"geometry":{"type":"Polygon","coordinates":[[[120.93728345902024,24.73412537985826],[120.93728345902024,24.743118583495505],[120.94627666265748,24.743118583495505],[120.94627666265748,24.73412537985826],[120.93728345902024,24.73412537985826]]]}},{"type":"Feature","properties":{"jobs":0,"pop":55,"pointCount":2,"homeWorkCommuteMedian":19501,"workHomeCommuteMedian":-1},"geometry":{"type":"Polygon","coordinates":[[[120.93728345902024,24.743118583495505],[120.93728345902024,24.75211178713275],[120.94627666265748,24.75211178713275],[120.94627666265748,24.743118583495505],[120.93728345902024,24.743118583495505]]]}},{"type":"Feature","properties":{"jobs":43,"pop":258,"pointCount":4,"homeWorkCommuteMedian":11448,"workHomeCommuteMedian":9082},"geometry":{"type":"Polygon","coordinates":[[[120.93728345902024,24.75211178713275],[120.93728345902024,24.761104990769997],[120.94627666265748,24.761104990769997],[120.94627666265748,24.75211178713275],[120.93728345902024,24.75211178713275]]]}},{"type":"Feature","properties":{"jobs":20,"pop":310,"pointCount":2,"homeWorkCommuteMedian":8765,"workHomeCommuteMedian":5267},"geometry":{"type":"Polygon","coordinates":[[[120.93728345902024,24.761104990769997],[120.93728345902024,24.770098194407243],[120.94627666265748,24.770098194407243],[120.94627666265748,24.761104990769997],[120.93728345902024,24.761104990769997]]]}},{"type":"Feature","properties":{"jobs":4380,"pop":343,"pointCount":12,"homeWorkCommuteMedian":8515,"workHomeCommuteMedian":8470},"geometry":{"type":"Polygon","coordinates":[[[120.93728345902024,24.770098194407243],[120.93728345902024,24.77909139804449],[120.94627666265748,24.77909139804449],[120.94627666265748,24.770098194407243],[120.93728345902024,24.770098194407243]]]}},{"type":"Feature","properties":{"jobs":68,"pop":347,"pointCount":2,"homeWorkCommuteMedian":5518,"workHomeCommuteMedian":3327},"geometry":{"type":"Polygon","coordinates":[[[120.93728345902024,24.77909139804449],[120.93728345902024,24.788084601681735],[120.94627666265748,24.788084601681735],[120.94627666265748,24.77909139804449],[120.93728345902024,24.77909139804449]]]}},{"type":"Feature","properties":{"jobs":2266,"pop":2358,"pointCount":10,"homeWorkCommuteMedian":6893,"workHomeCommuteMedian":5272},"geometry":{"type":"Polygon","coordinates":[[[120.93728345902024,24.788084601681735],[120.93728345902024,24.79707780531898],[120.94627666265748,24.79707780531898],[120.94627666265748,24.788084601681735],[120.93728345902024,24.788084601681735]]]}},{"type":"Feature","properties":{"jobs":485,"pop":3913,"pointCount":10,"homeWorkCommuteMedian":7095,"workHomeCommuteMedian":2486},"geometry":{"type":"Polygon","coordinates":[[[120.93728345902024,24.79707780531898],[120.93728345902024,24.806071008956227],[120.94627666265748,24.806071008956227],[120.94627666265748,24.79707780531898],[120.93728345902024,24.79707780531898]]]}},{"type":"Feature","properties":{"jobs":504,"pop":834,"pointCount":5,"homeWorkCommuteMedian":10777,"workHomeCommuteMedian":5707},"geometry":{"type":"Polygon","coordinates":[[[120.93728345902024,24.806071008956227],[120.93728345902024,24.815064212593473],[120.94627666265748,24.815064212593473],[120.94627666265748,24.806071008956227],[120.93728345902024,24.806071008956227]]]}},{"type":"Feature","properties":{"jobs":258,"pop":2103,"pointCount":8,"homeWorkCommuteMedian":5466,"workHomeCommuteMedian":5074},"geometry":{"type":"Polygon","coordinates":[[[120.93728345902024,24.833050619867965],[120.93728345902024,24.84204382350521],[120.94627666265748,24.84204382350521],[120.94627666265748,24.833050619867965],[120.93728345902024,24.833050619867965]]]}},{"type":"Feature","properties":{"jobs":81,"pop":686,"pointCount":5,"homeWorkCommuteMedian":9998,"workHomeCommuteMedian":7507},"geometry":{"type":"Polygon","coordinates":[[[120.93728345902024,24.84204382350521],[120.93728345902024,24.851037027142457],[120.94627666265748,24.851037027142457],[120.94627666265748,24.84204382350521],[120.93728345902024,24.84204382350521]]]}},{"type":"Feature","properties":{"jobs":100,"pop":0,"pointCount":2,"homeWorkCommuteMedian":-1,"workHomeCommuteMedian":8639},"geometry":{"type":"Polygon","coordinates":[[[120.93728345902024,24.851037027142457],[120.93728345902024,24.860030230779703],[120.94627666265748,24.860030230779703],[120.94627666265748,24.851037027142457],[120.93728345902024,24.851037027142457]]]}},{"type":"Feature","properties":{"jobs":41,"pop":0,"pointCount":1,"homeWorkCommuteMedian":-1,"workHomeCommuteMedian":44714},"geometry":{"type":"Polygon","coordinates":[[[120.93728345902024,24.860030230779703],[120.93728345902024,24.86902343441695],[120.94627666265748,24.86902343441695],[120.94627666265748,24.860030230779703],[120.93728345902024,24.860030230779703]]]}},{"type":"Feature","properties":{"jobs":113,"pop":0,"pointCount":2,"homeWorkCommuteMedian":-1,"workHomeCommuteMedian":12352},"geometry":{"type":"Polygon","coordinates":[[[120.94627666265748,24.536274899838848],[120.94627666265748,24.545268103476094],[120.95526986629473,24.545268103476094],[120.95526986629473,24.536274899838848],[120.94627666265748,24.536274899838848]]]}},{"type":"Feature","properties":{"jobs":0,"pop":38,"pointCount":1,"homeWorkCommuteMedian":25715,"workHomeCommuteMedian":-1},"geometry":{"type":"Polygon","coordinates":[[[120.94627666265748,24.55426130711334],[120.94627666265748,24.563254510750586],[120.95526986629473,24.563254510750586],[120.95526986629473,24.55426130711334],[120.94627666265748,24.55426130711334]]]}},{"type":"Feature","properties":{"jobs":27,"pop":0,"pointCount":1,"homeWorkCommuteMedian":-1,"workHomeCommuteMedian":21614},"geometry":{"type":"Polygon","coordinates":[[[120.94627666265748,24.590234121662323],[120.94627666265748,24.59922732529957],[120.95526986629473,24.59922732529957],[120.95526986629473,24.590234121662323],[120.94627666265748,24.590234121662323]]]}},{"type":"Feature","properties":{"jobs":22,"pop":0,"pointCount":1,"homeWorkCommuteMedian":-1,"workHomeCommuteMedian":18059},"geometry":{"type":"Polygon","coordinates":[[[120.94627666265748,24.608220528936815],[120.94627666265748,24.61721373257406],[120.95526986629473,24.61721373257406],[120.95526986629473,24.608220528936815],[120.94627666265748,24.608220528936815]]]}},{"type":"Feature","properties":{"jobs":34,"pop":118,"pointCount":2,"homeWorkCommuteMedian":24734,"workHomeCommuteMedian":7707},"geometry":{"type":"Polygon","coordinates":[[[120.94627666265748,24.61721373257406],[120.94627666265748,24.626206936211307],[120.95526986629473,24.626206936211307],[120.95526986629473,24.61721373257406],[120.94627666265748,24.61721373257406]]]}},{"type":"Feature","properties":{"jobs":0,"pop":57,"pointCount":2,"homeWorkCommuteMedian":11756,"workHomeCommuteMedian":-1},"geometry":{"type":"Polygon","coordinates":[[[120.94627666265748,24.626206936211307],[120.94627666265748,24.635200139848553],[120.95526986629473,24.635200139848553],[120.95526986629473,24.626206936211307],[120.94627666265748,24.626206936211307]]]}},{"type":"Feature","properties":{"jobs":42,"pop":195,"pointCount":4,"homeWorkCommuteMedian":12103,"workHomeCommuteMedian":29182},"geometry":{"type":"Polygon","coordinates":[[[120.94627666265748,24.635200139848553],[120.94627666265748,24.6441933434858],[120.95526986629473,24.6441933434858],[120.95526986629473,24.635200139848553],[120.94627666265748,24.635200139848553]]]}},{"type":"Feature","properties":{"jobs":67,"pop":405,"pointCount":3,"homeWorkCommuteMedian":11780,"workHomeCommuteMedian":3466},"geometry":{"type":"Polygon","coordinates":[[[120.94627666265748,24.6441933434858],[120.94627666265748,24.653186547123045],[120.95526986629473,24.653186547123045],[120.95526986629473,24.6441933434858],[120.94627666265748,24.6441933434858]]]}},{"type":"Feature","properties":{"jobs":32,"pop":23,"pointCount":1,"homeWorkCommuteMedian":33764,"workHomeCommuteMedian":10768},"geometry":{"type":"Polygon","coordinates":[[[120.94627666265748,24.66217975076029],[120.94627666265748,24.671172954397537],[120.95526986629473,24.671172954397537],[120.95526986629473,24.66217975076029],[120.94627666265748,24.66217975076029]]]}},{"type":"Feature","properties":{"jobs":146,"pop":711,"pointCount":4,"homeWorkCommuteMedian":18982,"workHomeCommuteMedian":12250},"geometry":{"type":"Polygon","coordinates":[[[120.94627666265748,24.671172954397537],[120.94627666265748,24.680166158034783],[120.95526986629473,24.680166158034783],[120.95526986629473,24.671172954397537],[120.94627666265748,24.671172954397537]]]}},{"type":"Feature","properties":{"jobs":145,"pop":558,"pointCount":7,"homeWorkCommuteMedian":19492,"workHomeCommuteMedian":21802},"geometry":{"type":"Polygon","coordinates":[[[120.94627666265748,24.680166158034783],[120.94627666265748,24.68915936167203],[120.95526986629473,24.68915936167203],[120.95526986629473,24.680166158034783],[120.94627666265748,24.680166158034783]]]}},{"type":"Feature","properties":{"jobs":82,"pop":33,"pointCount":1,"homeWorkCommuteMedian":7074,"workHomeCommuteMedian":5658},"geometry":{"type":"Polygon","coordinates":[[[120.94627666265748,24.68915936167203],[120.94627666265748,24.698152565309275],[120.95526986629473,24.698152565309275],[120.95526986629473,24.68915936167203],[120.94627666265748,24.68915936167203]]]}},{"type":"Feature","properties":{"jobs":0,"pop":49,"pointCount":1,"homeWorkCommuteMedian":6844,"workHomeCommuteMedian":-1},"geometry":{"type":"Polygon","coordinates":[[[120.94627666265748,24.70714576894652],[120.94627666265748,24.716138972583767],[120.95526986629473,24.716138972583767],[120.95526986629473,24.70714576894652],[120.94627666265748,24.70714576894652]]]}},{"type":"Feature","properties":{"jobs":52,"pop":45,"pointCount":2,"homeWorkCommuteMedian":12519,"workHomeCommuteMedian":30094},"geometry":{"type":"Polygon","coordinates":[[[120.94627666265748,24.716138972583767],[120.94627666265748,24.725132176221013],[120.95526986629473,24.725132176221013],[120.95526986629473,24.716138972583767],[120.94627666265748,24.716138972583767]]]}},{"type":"Feature","properties":{"jobs":0,"pop":222,"pointCount":5,"homeWorkCommuteMedian":10636,"workHomeCommuteMedian":-1},"geometry":{"type":"Polygon","coordinates":[[[120.94627666265748,24.725132176221013],[120.94627666265748,24.73412537985826],[120.95526986629473,24.73412537985826],[120.95526986629473,24.725132176221013],[120.94627666265748,24.725132176221013]]]}},{"type":"Feature","properties":{"jobs":21,"pop":148,"pointCount":5,"homeWorkCommuteMedian":9499,"workHomeCommuteMedian":13152},"geometry":{"type":"Polygon","coordinates":[[[120.94627666265748,24.73412537985826],[120.94627666265748,24.743118583495505],[120.95526986629473,24.743118583495505],[120.95526986629473,24.73412537985826],[120.94627666265748,24.73412537985826]]]}},{"type":"Feature","properties":{"jobs":98,"pop":42,"pointCount":2,"homeWorkCommuteMedian":8813,"workHomeCommuteMedian":10889},"geometry":{"type":"Polygon","coordinates":[[[120.94627666265748,24.743118583495505],[120.94627666265748,24.75211178713275],[120.95526986629473,24.75211178713275],[120.95526986629473,24.743118583495505],[120.94627666265748,24.743118583495505]]]}},{"type":"Feature","properties":{"jobs":3781,"pop":255,"pointCount":11,"homeWorkCommuteMedian":8891,"workHomeCommuteMedian":8172},"geometry":{"type":"Polygon","coordinates":[[[120.94627666265748,24.75211178713275],[120.94627666265748,24.761104990769997],[120.95526986629473,24.761104990769997],[120.95526986629473,24.75211178713275],[120.94627666265748,24.75211178713275]]]}},{"type":"Feature","properties":{"jobs":50,"pop":532,"pointCount":4,"homeWorkCommuteMedian":9493,"workHomeCommuteMedian":7506},"geometry":{"type":"Polygon","coordinates":[[[120.94627666265748,24.761104990769997],[120.94627666265748,24.770098194407243],[120.95526986629473,24.770098194407243],[120.95526986629473,24.761104990769997],[120.94627666265748,24.761104990769997]]]}},{"type":"Feature","properties":{"jobs":0,"pop":481,"pointCount":4,"homeWorkCommuteMedian":5760,"workHomeCommuteMedian":-1},"geometry":{"type":"Polygon","coordinates":[[[120.94627666265748,24.770098194407243],[120.94627666265748,24.77909139804449],[120.95526986629473,24.77909139804449],[120.95526986629473,24.770098194407243],[120.94627666265748,24.770098194407243]]]}},{"type":"Feature","properties":{"jobs":0,"pop":23,"pointCount":1,"homeWorkCommuteMedian":10880,"workHomeCommuteMedian":-1},"geometry":{"type":"Polygon","coordinates":[[[120.94627666265748,24.77909139804449],[120.94627666265748,24.788084601681735],[120.95526986629473,24.788084601681735],[120.95526986629473,24.77909139804449],[120.94627666265748,24.77909139804449]]]}},{"type":"Feature","properties":{"jobs":956,"pop":4491,"pointCount":9,"homeWorkCommuteMedian":7237,"workHomeCommuteMedian":3677},"geometry":{"type":"Polygon","coordinates":[[[120.94627666265748,24.788084601681735],[120.94627666265748,24.79707780531898],[120.95526986629473,24.79707780531898],[120.95526986629473,24.788084601681735],[120.94627666265748,24.788084601681735]]]}},{"type":"Feature","properties":{"jobs":3392,"pop":9043,"pointCount":18,"homeWorkCommuteMedian":6974,"workHomeCommuteMedian":6445},"geometry":{"type":"Polygon","coordinates":[[[120.94627666265748,24.79707780531898],[120.94627666265748,24.806071008956227],[120.95526986629473,24.806071008956227],[120.95526986629473,24.79707780531898],[120.94627666265748,24.79707780531898]]]}},{"type":"Feature","properties":{"jobs":492,"pop":3307,"pointCount":11,"homeWorkCommuteMedian":3844,"workHomeCommuteMedian":2888},"geometry":{"type":"Polygon","coordinates":[[[120.94627666265748,24.806071008956227],[120.94627666265748,24.815064212593473],[120.95526986629473,24.815064212593473],[120.95526986629473,24.806071008956227],[120.94627666265748,24.806071008956227]]]}},{"type":"Feature","properties":{"jobs":244,"pop":397,"pointCount":3,"homeWorkCommuteMedian":5048,"workHomeCommuteMedian":3682},"geometry":{"type":"Polygon","coordinates":[[[120.94627666265748,24.815064212593473],[120.94627666265748,24.82405741623072],[120.95526986629473,24.82405741623072],[120.95526986629473,24.815064212593473],[120.94627666265748,24.815064212593473]]]}},{"type":"Feature","properties":{"jobs":186,"pop":284,"pointCount":2,"homeWorkCommuteMedian":13694,"workHomeCommuteMedian":3815},"geometry":{"type":"Polygon","coordinates":[[[120.94627666265748,24.82405741623072],[120.94627666265748,24.833050619867965],[120.95526986629473,24.833050619867965],[120.95526986629473,24.82405741623072],[120.94627666265748,24.82405741623072]]]}},{"type":"Feature","properties":{"jobs":149,"pop":702,"pointCount":4,"homeWorkCommuteMedian":9974,"workHomeCommuteMedian":12842},"geometry":{"type":"Polygon","coordinates":[[[120.94627666265748,24.833050619867965],[120.94627666265748,24.84204382350521],[120.95526986629473,24.84204382350521],[120.95526986629473,24.833050619867965],[120.94627666265748,24.833050619867965]]]}},{"type":"Feature","properties":{"jobs":214,"pop":341,"pointCount":7,"homeWorkCommuteMedian":8286,"workHomeCommuteMedian":12910},"geometry":{"type":"Polygon","coordinates":[[[120.94627666265748,24.84204382350521],[120.94627666265748,24.851037027142457],[120.95526986629473,24.851037027142457],[120.95526986629473,24.84204382350521],[120.94627666265748,24.84204382350521]]]}},{"type":"Feature","properties":{"jobs":386,"pop":570,"pointCount":6,"homeWorkCommuteMedian":9220,"workHomeCommuteMedian":9058},"geometry":{"type":"Polygon","coordinates":[[[120.94627666265748,24.851037027142457],[120.94627666265748,24.860030230779703],[120.95526986629473,24.860030230779703],[120.95526986629473,24.851037027142457],[120.94627666265748,24.851037027142457]]]}},{"type":"Feature","properties":{"jobs":370,"pop":873,"pointCount":12,"homeWorkCommuteMedian":10052,"workHomeCommuteMedian":9713},"geometry":{"type":"Polygon","coordinates":[[[120.94627666265748,24.860030230779703],[120.94627666265748,24.86902343441695],[120.95526986629473,24.86902343441695],[120.95526986629473,24.860030230779703],[120.94627666265748,24.860030230779703]]]}},{"type":"Feature","properties":{"jobs":170,"pop":38,"pointCount":3,"homeWorkCommuteMedian":9082,"workHomeCommuteMedian":15172},"geometry":{"type":"Polygon","coordinates":[[[120.94627666265748,24.86902343441695],[120.94627666265748,24.878016638054195],[120.95526986629473,24.878016638054195],[120.95526986629473,24.86902343441695],[120.94627666265748,24.86902343441695]]]}},{"type":"Feature","properties":{"jobs":0,"pop":36,"pointCount":1,"homeWorkCommuteMedian":38446,"workHomeCommuteMedian":-1},"geometry":{"type":"Polygon","coordinates":[[[120.95526986629473,24.518288492564356],[120.95526986629473,24.5272816962016],[120.96426306993197,24.5272816962016],[120.96426306993197,24.518288492564356],[120.95526986629473,24.518288492564356]]]}},{"type":"Feature","properties":{"jobs":140,"pop":0,"pointCount":3,"homeWorkCommuteMedian":-1,"workHomeCommuteMedian":11919},"geometry":{"type":"Polygon","coordinates":[[[120.95526986629473,24.5272816962016],[120.95526986629473,24.536274899838848],[120.96426306993197,24.536274899838848],[120.96426306993197,24.5272816962016],[120.95526986629473,24.5272816962016]]]}},{"type":"Feature","properties":{"jobs":0,"pop":34,"pointCount":1,"homeWorkCommuteMedian":24084,"workHomeCommuteMedian":-1},"geometry":{"type":"Polygon","coordinates":[[[120.95526986629473,24.57224771438783],[120.95526986629473,24.581240918025077],[120.96426306993197,24.581240918025077],[120.96426306993197,24.57224771438783],[120.95526986629473,24.57224771438783]]]}},{"type":"Feature","properties":{"jobs":0,"pop":15,"pointCount":1,"homeWorkCommuteMedian":22797,"workHomeCommuteMedian":-1},"geometry":{"type":"Polygon","coordinates":[[[120.95526986629473,24.590234121662323],[120.95526986629473,24.59922732529957],[120.96426306993197,24.59922732529957],[120.96426306993197,24.590234121662323],[120.95526986629473,24.590234121662323]]]}},{"type":"Feature","properties":{"jobs":25,"pop":46,"pointCount":2,"homeWorkCommuteMedian":38647,"workHomeCommuteMedian":11368},"geometry":{"type":"Polygon","coordinates":[[[120.95526986629473,24.59922732529957],[120.95526986629473,24.608220528936815],[120.96426306993197,24.608220528936815],[120.96426306993197,24.59922732529957],[120.95526986629473,24.59922732529957]]]}},{"type":"Feature","properties":{"jobs":0,"pop":33,"pointCount":1,"homeWorkCommuteMedian":10768,"workHomeCommuteMedian":-1},"geometry":{"type":"Polygon","coordinates":[[[120.95526986629473,24.608220528936815],[120.95526986629473,24.61721373257406],[120.96426306993197,24.61721373257406],[120.96426306993197,24.608220528936815],[120.95526986629473,24.608220528936815]]]}},{"type":"Feature","properties":{"jobs":0,"pop":33,"pointCount":1,"homeWorkCommuteMedian":46083,"workHomeCommuteMedian":-1},"geometry":{"type":"Polygon","coordinates":[[[120.95526986629473,24.61721373257406],[120.95526986629473,24.626206936211307],[120.96426306993197,24.626206936211307],[120.96426306993197,24.61721373257406],[120.95526986629473,24.61721373257406]]]}},{"type":"Feature","properties":{"jobs":0,"pop":130,"pointCount":1,"homeWorkCommuteMedian":13926,"workHomeCommuteMedian":-1},"geometry":{"type":"Polygon","coordinates":[[[120.95526986629473,24.626206936211307],[120.95526986629473,24.635200139848553],[120.96426306993197,24.635200139848553],[120.96426306993197,24.626206936211307],[120.95526986629473,24.626206936211307]]]}},{"type":"Feature","properties":{"jobs":44,"pop":107,"pointCount":3,"homeWorkCommuteMedian":11243,"workHomeCommuteMedian":24426},"geometry":{"type":"Polygon","coordinates":[[[120.95526986629473,24.635200139848553],[120.95526986629473,24.6441933434858],[120.96426306993197,24.6441933434858],[120.96426306993197,24.635200139848553],[120.95526986629473,24.635200139848553]]]}},{"type":"Feature","properties":{"jobs":0,"pop":146,"pointCount":2,"homeWorkCommuteMedian":19661,"workHomeCommuteMedian":-1},"geometry":{"type":"Polygon","coordinates":[[[120.95526986629473,24.6441933434858],[120.95526986629473,24.653186547123045],[120.96426306993197,24.653186547123045],[120.96426306993197,24.6441933434858],[120.95526986629473,24.6441933434858]]]}},{"type":"Feature","properties":{"jobs":270,"pop":797,"pointCount":6,"homeWorkCommuteMedian":10762,"workHomeCommuteMedian":10632},"geometry":{"type":"Polygon","coordinates":[[[120.95526986629473,24.653186547123045],[120.95526986629473,24.66217975076029],[120.96426306993197,24.66217975076029],[120.96426306993197,24.653186547123045],[120.95526986629473,24.653186547123045]]]}},{"type":"Feature","properties":{"jobs":20,"pop":98,"pointCount":3,"homeWorkCommuteMedian":13151,"workHomeCommuteMedian":11070},"geometry":{"type":"Polygon","coordinates":[[[120.95526986629473,24.66217975076029],[120.95526986629473,24.671172954397537],[120.96426306993197,24.671172954397537],[120.96426306993197,24.66217975076029],[120.95526986629473,24.66217975076029]]]}},{"type":"Feature","properties":{"jobs":0,"pop":69,"pointCount":3,"homeWorkCommuteMedian":12554,"workHomeCommuteMedian":-1},"geometry":{"type":"Polygon","coordinates":[[[120.95526986629473,24.671172954397537],[120.95526986629473,24.680166158034783],[120.96426306993197,24.680166158034783],[120.96426306993197,24.671172954397537],[120.95526986629473,24.671172954397537]]]}},{"type":"Feature","properties":{"jobs":164,"pop":1223,"pointCount":10,"homeWorkCommuteMedian":7232,"workHomeCommuteMedian":7540},"geometry":{"type":"Polygon","coordinates":[[[120.95526986629473,24.680166158034783],[120.95526986629473,24.68915936167203],[120.96426306993197,24.68915936167203],[120.96426306993197,24.680166158034783],[120.95526986629473,24.680166158034783]]]}},{"type":"Feature","properties":{"jobs":0,"pop":246,"pointCount":3,"homeWorkCommuteMedian":7672,"workHomeCommuteMedian":-1},"geometry":{"type":"Polygon","coordinates":[[[120.95526986629473,24.68915936167203],[120.95526986629473,24.698152565309275],[120.96426306993197,24.698152565309275],[120.96426306993197,24.68915936167203],[120.95526986629473,24.68915936167203]]]}},{"type":"Feature","properties":{"jobs":43,"pop":64,"pointCount":3,"homeWorkCommuteMedian":15304,"workHomeCommuteMedian":5804},"geometry":{"type":"Polygon","coordinates":[[[120.95526986629473,24.698152565309275],[120.95526986629473,24.70714576894652],[120.96426306993197,24.70714576894652],[120.96426306993197,24.698152565309275],[120.95526986629473,24.698152565309275]]]}},{"type":"Feature","properties":{"jobs":0,"pop":44,"pointCount":1,"homeWorkCommuteMedian":24854,"workHomeCommuteMedian":-1},"geometry":{"type":"Polygon","coordinates":[[[120.95526986629473,24.70714576894652],[120.95526986629473,24.716138972583767],[120.96426306993197,24.716138972583767],[120.96426306993197,24.70714576894652],[120.95526986629473,24.70714576894652]]]}},{"type":"Feature","properties":{"jobs":0,"pop":94,"pointCount":3,"homeWorkCommuteMedian":9504,"workHomeCommuteMedian":-1},"geometry":{"type":"Polygon","coordinates":[[[120.95526986629473,24.716138972583767],[120.95526986629473,24.725132176221013],[120.96426306993197,24.725132176221013],[120.96426306993197,24.716138972583767],[120.95526986629473,24.716138972583767]]]}},{"type":"Feature","properties":{"jobs":22,"pop":95,"pointCount":3,"homeWorkCommuteMedian":10712,"workHomeCommuteMedian":10834},"geometry":{"type":"Polygon","coordinates":[[[120.95526986629473,24.725132176221013],[120.95526986629473,24.73412537985826],[120.96426306993197,24.73412537985826],[120.96426306993197,24.725132176221013],[120.95526986629473,24.725132176221013]]]}},{"type":"Feature","properties":{"jobs":0,"pop":122,"pointCount":3,"homeWorkCommuteMedian":11215,"workHomeCommuteMedian":-1},"geometry":{"type":"Polygon","coordinates":[[[120.95526986629473,24.73412537985826],[120.95526986629473,24.743118583495505],[120.96426306993197,24.743118583495505],[120.96426306993197,24.73412537985826],[120.95526986629473,24.73412537985826]]]}},{"type":"Feature","properties":{"jobs":0,"pop":91,"pointCount":2,"homeWorkCommuteMedian":8352,"workHomeCommuteMedian":-1},"geometry":{"type":"Polygon","coordinates":[[[120.95526986629473,24.743118583495505],[120.95526986629473,24.75211178713275],[120.96426306993197,24.75211178713275],[120.96426306993197,24.743118583495505],[120.95526986629473,24.743118583495505]]]}},{"type":"Feature","properties":{"jobs":911,"pop":1033,"pointCount":7,"homeWorkCommuteMedian":8084,"workHomeCommuteMedian":7726},"geometry":{"type":"Polygon","coordinates":[[[120.95526986629473,24.761104990769997],[120.95526986629473,24.770098194407243],[120.96426306993197,24.770098194407243],[120.96426306993197,24.761104990769997],[120.95526986629473,24.761104990769997]]]}},{"type":"Feature","properties":{"jobs":94,"pop":1636,"pointCount":7,"homeWorkCommuteMedian":8458,"workHomeCommuteMedian":5435},"geometry":{"type":"Polygon","coordinates":[[[120.95526986629473,24.770098194407243],[120.95526986629473,24.77909139804449],[120.96426306993197,24.77909139804449],[120.96426306993197,24.770098194407243],[120.95526986629473,24.770098194407243]]]}},{"type":"Feature","properties":{"jobs":0,"pop":39,"pointCount":1,"homeWorkCommuteMedian":11582,"workHomeCommuteMedian":-1},"geometry":{"type":"Polygon","coordinates":[[[120.95526986629473,24.77909139804449],[120.95526986629473,24.788084601681735],[120.96426306993197,24.788084601681735],[120.96426306993197,24.77909139804449],[120.95526986629473,24.77909139804449]]]}},{"type":"Feature","properties":{"jobs":3111,"pop":6908,"pointCount":13,"homeWorkCommuteMedian":4846,"workHomeCommuteMedian":4664},"geometry":{"type":"Polygon","coordinates":[[[120.95526986629473,24.788084601681735],[120.95526986629473,24.79707780531898],[120.96426306993197,24.79707780531898],[120.96426306993197,24.788084601681735],[120.95526986629473,24.788084601681735]]]}},{"type":"Feature","properties":{"jobs":5697,"pop":10120,"pointCount":22,"homeWorkCommuteMedian":5349,"workHomeCommuteMedian":3022},"geometry":{"type":"Polygon","coordinates":[[[120.95526986629473,24.79707780531898],[120.95526986629473,24.806071008956227],[120.96426306993197,24.806071008956227],[120.96426306993197,24.79707780531898],[120.95526986629473,24.79707780531898]]]}},{"type":"Feature","properties":{"jobs":5427,"pop":12432,"pointCount":20,"homeWorkCommuteMedian":4978,"workHomeCommuteMedian":2260},"geometry":{"type":"Polygon","coordinates":[[[120.95526986629473,24.806071008956227],[120.95526986629473,24.815064212593473],[120.96426306993197,24.815064212593473],[120.96426306993197,24.806071008956227],[120.95526986629473,24.806071008956227]]]}},{"type":"Feature","properties":{"jobs":2669,"pop":6545,"pointCount":16,"homeWorkCommuteMedian":5465,"workHomeCommuteMedian":2164},"geometry":{"type":"Polygon","coordinates":[[[120.95526986629473,24.815064212593473],[120.95526986629473,24.82405741623072],[120.96426306993197,24.82405741623072],[120.96426306993197,24.815064212593473],[120.95526986629473,24.815064212593473]]]}},{"type":"Feature","properties":{"jobs":473,"pop":1035,"pointCount":7,"homeWorkCommuteMedian":8200,"workHomeCommuteMedian":2556},"geometry":{"type":"Polygon","coordinates":[[[120.95526986629473,24.82405741623072],[120.95526986629473,24.833050619867965],[120.96426306993197,24.833050619867965],[120.96426306993197,24.82405741623072],[120.95526986629473,24.82405741623072]]]}},{"type":"Feature","properties":{"jobs":180,"pop":185,"pointCount":4,"homeWorkCommuteMedian":11163,"workHomeCommuteMedian":8439},"geometry":{"type":"Polygon","coordinates":[[[120.95526986629473,24.833050619867965],[120.95526986629473,24.84204382350521],[120.96426306993197,24.84204382350521],[120.96426306993197,24.833050619867965],[120.95526986629473,24.833050619867965]]]}},{"type":"Feature","properties":{"jobs":249,"pop":936,"pointCount":7,"homeWorkCommuteMedian":7955,"workHomeCommuteMedian":7353},"geometry":{"type":"Polygon","coordinates":[[[120.95526986629473,24.84204382350521],[120.95526986629473,24.851037027142457],[120.96426306993197,24.851037027142457],[120.96426306993197,24.84204382350521],[120.95526986629473,24.84204382350521]]]}},{"type":"Feature","properties":{"jobs":1432,"pop":545,"pointCount":11,"homeWorkCommuteMedian":14855,"workHomeCommuteMedian":9700},"geometry":{"type":"Polygon","coordinates":[[[120.95526986629473,24.851037027142457],[120.95526986629473,24.860030230779703],[120.96426306993197,24.860030230779703],[120.96426306993197,24.851037027142457],[120.95526986629473,24.851037027142457]]]}},{"type":"Feature","properties":{"jobs":319,"pop":673,"pointCount":10,"homeWorkCommuteMedian":13392,"workHomeCommuteMedian":8632},"geometry":{"type":"Polygon","coordinates":[[[120.95526986629473,24.860030230779703],[120.95526986629473,24.86902343441695],[120.96426306993197,24.86902343441695],[120.96426306993197,24.860030230779703],[120.95526986629473,24.860030230779703]]]}},{"type":"Feature","properties":{"jobs":44,"pop":736,"pointCount":5,"homeWorkCommuteMedian":11452,"workHomeCommuteMedian":11948},"geometry":{"type":"Polygon","coordinates":[[[120.95526986629473,24.86902343441695],[120.95526986629473,24.878016638054195],[120.96426306993197,24.878016638054195],[120.96426306993197,24.86902343441695],[120.95526986629473,24.86902343441695]]]}},{"type":"Feature","properties":{"jobs":30,"pop":74,"pointCount":1,"homeWorkCommuteMedian":36676,"workHomeCommuteMedian":13475},"geometry":{"type":"Polygon","coordinates":[[[120.96426306993197,24.5272816962016],[120.96426306993197,24.536274899838848],[120.97325627356922,24.536274899838848],[120.97325627356922,24.5272816962016],[120.96426306993197,24.5272816962016]]]}},{"type":"Feature","properties":{"jobs":31,"pop":73,"pointCount":2,"homeWorkCommuteMedian":42010,"workHomeCommuteMedian":9822},"geometry":{"type":"Polygon","coordinates":[[[120.96426306993197,24.536274899838848],[120.96426306993197,24.545268103476094],[120.97325627356922,24.545268103476094],[120.97325627356922,24.536274899838848],[120.96426306993197,24.536274899838848]]]}},{"type":"Feature","properties":{"jobs":68,"pop":0,"pointCount":1,"homeWorkCommuteMedian":-1,"workHomeCommuteMedian":6331},"geometry":{"type":"Polygon","coordinates":[[[120.96426306993197,24.545268103476094],[120.96426306993197,24.55426130711334],[120.97325627356922,24.55426130711334],[120.97325627356922,24.545268103476094],[120.96426306993197,24.545268103476094]]]}},{"type":"Feature","properties":{"jobs":0,"pop":19,"pointCount":1,"homeWorkCommuteMedian":39941,"workHomeCommuteMedian":-1},"geometry":{"type":"Polygon","coordinates":[[[120.96426306993197,24.59922732529957],[120.96426306993197,24.608220528936815],[120.97325627356922,24.608220528936815],[120.97325627356922,24.59922732529957],[120.96426306993197,24.59922732529957]]]}},{"type":"Feature","properties":{"jobs":30,"pop":131,"pointCount":2,"homeWorkCommuteMedian":13331,"workHomeCommuteMedian":23121},"geometry":{"type":"Polygon","coordinates":[[[120.96426306993197,24.626206936211307],[120.96426306993197,24.635200139848553],[120.97325627356922,24.635200139848553],[120.97325627356922,24.626206936211307],[120.96426306993197,24.626206936211307]]]}},{"type":"Feature","properties":{"jobs":0,"pop":60,"pointCount":2,"homeWorkCommuteMedian":36863,"workHomeCommuteMedian":-1},"geometry":{"type":"Polygon","coordinates":[[[120.96426306993197,24.635200139848553],[120.96426306993197,24.6441933434858],[120.97325627356922,24.6441933434858],[120.97325627356922,24.635200139848553],[120.96426306993197,24.635200139848553]]]}},{"type":"Feature","properties":{"jobs":16,"pop":0,"pointCount":1,"homeWorkCommuteMedian":-1,"workHomeCommuteMedian":32763},"geometry":{"type":"Polygon","coordinates":[[[120.96426306993197,24.6441933434858],[120.96426306993197,24.653186547123045],[120.97325627356922,24.653186547123045],[120.97325627356922,24.6441933434858],[120.96426306993197,24.6441933434858]]]}},{"type":"Feature","properties":{"jobs":34,"pop":84,"pointCount":2,"homeWorkCommuteMedian":28777,"workHomeCommuteMedian":7394},"geometry":{"type":"Polygon","coordinates":[[[120.96426306993197,24.653186547123045],[120.96426306993197,24.66217975076029],[120.97325627356922,24.66217975076029],[120.97325627356922,24.653186547123045],[120.96426306993197,24.653186547123045]]]}},{"type":"Feature","properties":{"jobs":71,"pop":62,"pointCount":3,"homeWorkCommuteMedian":13206,"workHomeCommuteMedian":3151},"geometry":{"type":"Polygon","coordinates":[[[120.96426306993197,24.66217975076029],[120.96426306993197,24.671172954397537],[120.97325627356922,24.671172954397537],[120.97325627356922,24.66217975076029],[120.96426306993197,24.66217975076029]]]}},{"type":"Feature","properties":{"jobs":137,"pop":82,"pointCount":3,"homeWorkCommuteMedian":9557,"workHomeCommuteMedian":7930},"geometry":{"type":"Polygon","coordinates":[[[120.96426306993197,24.671172954397537],[120.96426306993197,24.680166158034783],[120.97325627356922,24.680166158034783],[120.97325627356922,24.671172954397537],[120.96426306993197,24.671172954397537]]]}},{"type":"Feature","properties":{"jobs":353,"pop":365,"pointCount":8,"homeWorkCommuteMedian":21582,"workHomeCommuteMedian":10973},"geometry":{"type":"Polygon","coordinates":[[[120.96426306993197,24.680166158034783],[120.96426306993197,24.68915936167203],[120.97325627356922,24.68915936167203],[120.97325627356922,24.680166158034783],[120.96426306993197,24.680166158034783]]]}},{"type":"Feature","properties":{"jobs":0,"pop":160,"pointCount":3,"homeWorkCommuteMedian":7137,"workHomeCommuteMedian":-1},"geometry":{"type":"Polygon","coordinates":[[[120.96426306993197,24.68915936167203],[120.96426306993197,24.698152565309275],[120.97325627356922,24.698152565309275],[120.97325627356922,24.68915936167203],[120.96426306993197,24.68915936167203]]]}},{"type":"Feature","properties":{"jobs":15,"pop":85,"pointCount":3,"homeWorkCommuteMedian":12835,"workHomeCommuteMedian":8991},"geometry":{"type":"Polygon","coordinates":[[[120.96426306993197,24.698152565309275],[120.96426306993197,24.70714576894652],[120.97325627356922,24.70714576894652],[120.97325627356922,24.698152565309275],[120.96426306993197,24.698152565309275]]]}},{"type":"Feature","properties":{"jobs":0,"pop":53,"pointCount":2,"homeWorkCommuteMedian":11607,"workHomeCommuteMedian":-1},"geometry":{"type":"Polygon","coordinates":[[[120.96426306993197,24.70714576894652],[120.96426306993197,24.716138972583767],[120.97325627356922,24.716138972583767],[120.97325627356922,24.70714576894652],[120.96426306993197,24.70714576894652]]]}},{"type":"Feature","properties":{"jobs":0,"pop":75,"pointCount":2,"homeWorkCommuteMedian":15476,"workHomeCommuteMedian":-1},"geometry":{"type":"Polygon","coordinates":[[[120.96426306993197,24.716138972583767],[120.96426306993197,24.725132176221013],[120.97325627356922,24.725132176221013],[120.97325627356922,24.716138972583767],[120.96426306993197,24.716138972583767]]]}},{"type":"Feature","properties":{"jobs":34,"pop":172,"pointCount":4,"homeWorkCommuteMedian":10718,"workHomeCommuteMedian":9374},"geometry":{"type":"Polygon","coordinates":[[[120.96426306993197,24.725132176221013],[120.96426306993197,24.73412537985826],[120.97325627356922,24.73412537985826],[120.97325627356922,24.725132176221013],[120.96426306993197,24.725132176221013]]]}},{"type":"Feature","properties":{"jobs":38,"pop":170,"pointCount":2,"homeWorkCommuteMedian":11924,"workHomeCommuteMedian":25371},"geometry":{"type":"Polygon","coordinates":[[[120.96426306993197,24.73412537985826],[120.96426306993197,24.743118583495505],[120.97325627356922,24.743118583495505],[120.97325627356922,24.73412537985826],[120.96426306993197,24.73412537985826]]]}},{"type":"Feature","properties":{"jobs":0,"pop":76,"pointCount":1,"homeWorkCommuteMedian":5383,"workHomeCommuteMedian":-1},"geometry":{"type":"Polygon","coordinates":[[[120.96426306993197,24.75211178713275],[120.96426306993197,24.761104990769997],[120.97325627356922,24.761104990769997],[120.97325627356922,24.75211178713275],[120.96426306993197,24.75211178713275]]]}},{"type":"Feature","properties":{"jobs":267,"pop":853,"pointCount":5,"homeWorkCommuteMedian":9100,"workHomeCommuteMedian":6790},"geometry":{"type":"Polygon","coordinates":[[[120.96426306993197,24.761104990769997],[120.96426306993197,24.770098194407243],[120.97325627356922,24.770098194407243],[120.97325627356922,24.761104990769997],[120.96426306993197,24.761104990769997]]]}},{"type":"Feature","properties":{"jobs":908,"pop":2612,"pointCount":9,"homeWorkCommuteMedian":7185,"workHomeCommuteMedian":6131},"geometry":{"type":"Polygon","coordinates":[[[120.96426306993197,24.770098194407243],[120.96426306993197,24.77909139804449],[120.97325627356922,24.77909139804449],[120.97325627356922,24.770098194407243],[120.96426306993197,24.770098194407243]]]}},{"type":"Feature","properties":{"jobs":559,"pop":3163,"pointCount":10,"homeWorkCommuteMedian":6819,"workHomeCommuteMedian":8401},"geometry":{"type":"Polygon","coordinates":[[[120.96426306993197,24.77909139804449],[120.96426306993197,24.788084601681735],[120.97325627356922,24.788084601681735],[120.97325627356922,24.77909139804449],[120.96426306993197,24.77909139804449]]]}},{"type":"Feature","properties":{"jobs":2220,"pop":7225,"pointCount":18,"homeWorkCommuteMedian":5002,"workHomeCommuteMedian":5850},"geometry":{"type":"Polygon","coordinates":[[[120.96426306993197,24.788084601681735],[120.96426306993197,24.79707780531898],[120.97325627356922,24.79707780531898],[120.97325627356922,24.788084601681735],[120.96426306993197,24.788084601681735]]]}},{"type":"Feature","properties":{"jobs":15810,"pop":7548,"pointCount":19,"homeWorkCommuteMedian":5525,"workHomeCommuteMedian":5373},"geometry":{"type":"Polygon","coordinates":[[[120.96426306993197,24.79707780531898],[120.96426306993197,24.806071008956227],[120.97325627356922,24.806071008956227],[120.97325627356922,24.79707780531898],[120.96426306993197,24.79707780531898]]]}},{"type":"Feature","properties":{"jobs":16068,"pop":8686,"pointCount":22,"homeWorkCommuteMedian":5290,"workHomeCommuteMedian":3303},"geometry":{"type":"Polygon","coordinates":[[[120.96426306993197,24.806071008956227],[120.96426306993197,24.815064212593473],[120.97325627356922,24.815064212593473],[120.97325627356922,24.806071008956227],[120.96426306993197,24.806071008956227]]]}},{"type":"Feature","properties":{"jobs":3992,"pop":14080,"pointCount":21,"homeWorkCommuteMedian":6219,"workHomeCommuteMedian":2370},"geometry":{"type":"Polygon","coordinates":[[[120.96426306993197,24.815064212593473],[120.96426306993197,24.82405741623072],[120.97325627356922,24.82405741623072],[120.97325627356922,24.815064212593473],[120.96426306993197,24.815064212593473]]]}},{"type":"Feature","properties":{"jobs":468,"pop":2761,"pointCount":5,"homeWorkCommuteMedian":4908,"workHomeCommuteMedian":4102},"geometry":{"type":"Polygon","coordinates":[[[120.96426306993197,24.82405741623072],[120.96426306993197,24.833050619867965],[120.97325627356922,24.833050619867965],[120.97325627356922,24.82405741623072],[120.96426306993197,24.82405741623072]]]}},{"type":"Feature","properties":{"jobs":321,"pop":616,"pointCount":5,"homeWorkCommuteMedian":7095,"workHomeCommuteMedian":25431},"geometry":{"type":"Polygon","coordinates":[[[120.96426306993197,24.833050619867965],[120.96426306993197,24.84204382350521],[120.97325627356922,24.84204382350521],[120.97325627356922,24.833050619867965],[120.96426306993197,24.833050619867965]]]}},{"type":"Feature","properties":{"jobs":246,"pop":585,"pointCount":5,"homeWorkCommuteMedian":7082,"workHomeCommuteMedian":8317},"geometry":{"type":"Polygon","coordinates":[[[120.96426306993197,24.84204382350521],[120.96426306993197,24.851037027142457],[120.97325627356922,24.851037027142457],[120.97325627356922,24.84204382350521],[120.96426306993197,24.84204382350521]]]}},{"type":"Feature","properties":{"jobs":122,"pop":79,"pointCount":3,"homeWorkCommuteMedian":10478,"workHomeCommuteMedian":11763},"geometry":{"type":"Polygon","coordinates":[[[120.96426306993197,24.851037027142457],[120.96426306993197,24.860030230779703],[120.97325627356922,24.860030230779703],[120.97325627356922,24.851037027142457],[120.96426306993197,24.851037027142457]]]}},{"type":"Feature","properties":{"jobs":185,"pop":1084,"pointCount":9,"homeWorkCommuteMedian":9709,"workHomeCommuteMedian":7786},"geometry":{"type":"Polygon","coordinates":[[[120.96426306993197,24.860030230779703],[120.96426306993197,24.86902343441695],[120.97325627356922,24.86902343441695],[120.97325627356922,24.860030230779703],[120.96426306993197,24.860030230779703]]]}},{"type":"Feature","properties":{"jobs":187,"pop":94,"pointCount":4,"homeWorkCommuteMedian":23286,"workHomeCommuteMedian":13577},"geometry":{"type":"Polygon","coordinates":[[[120.96426306993197,24.86902343441695],[120.96426306993197,24.878016638054195],[120.97325627356922,24.878016638054195],[120.97325627356922,24.86902343441695],[120.96426306993197,24.86902343441695]]]}},{"type":"Feature","properties":{"jobs":126,"pop":160,"pointCount":5,"homeWorkCommuteMedian":7333,"workHomeCommuteMedian":4580},"geometry":{"type":"Polygon","coordinates":[[[120.96426306993197,24.88700984169144],[120.96426306993197,24.896003045328687],[120.97325627356922,24.896003045328687],[120.97325627356922,24.88700984169144],[120.96426306993197,24.88700984169144]]]}},{"type":"Feature","properties":{"jobs":132,"pop":225,"pointCount":5,"homeWorkCommuteMedian":6193,"workHomeCommuteMedian":14382},"geometry":{"type":"Polygon","coordinates":[[[120.96426306993197,24.896003045328687],[120.96426306993197,24.904996248965933],[120.97325627356922,24.904996248965933],[120.97325627356922,24.896003045328687],[120.96426306993197,24.896003045328687]]]}},{"type":"Feature","properties":{"jobs":23,"pop":150,"pointCount":2,"homeWorkCommuteMedian":12080,"workHomeCommuteMedian":5343},"geometry":{"type":"Polygon","coordinates":[[[120.96426306993197,24.904996248965933],[120.96426306993197,24.91398945260318],[120.97325627356922,24.91398945260318],[120.97325627356922,24.904996248965933],[120.96426306993197,24.904996248965933]]]}},{"type":"Feature","properties":{"jobs":41,"pop":42,"pointCount":2,"homeWorkCommuteMedian":7814,"workHomeCommuteMedian":48707},"geometry":{"type":"Polygon","coordinates":[[[120.96426306993197,24.91398945260318],[120.96426306993197,24.922982656240425],[120.97325627356922,24.922982656240425],[120.97325627356922,24.91398945260318],[120.96426306993197,24.91398945260318]]]}},{"type":"Feature","properties":{"jobs":0,"pop":65,"pointCount":1,"homeWorkCommuteMedian":35562,"workHomeCommuteMedian":-1},"geometry":{"type":"Polygon","coordinates":[[[120.97325627356922,24.518288492564356],[120.97325627356922,24.5272816962016],[120.98224947720647,24.5272816962016],[120.98224947720647,24.518288492564356],[120.97325627356922,24.518288492564356]]]}},{"type":"Feature","properties":{"jobs":0,"pop":47,"pointCount":1,"homeWorkCommuteMedian":28853,"workHomeCommuteMedian":-1},"geometry":{"type":"Polygon","coordinates":[[[120.97325627356922,24.55426130711334],[120.97325627356922,24.563254510750586],[120.98224947720647,24.563254510750586],[120.98224947720647,24.55426130711334],[120.97325627356922,24.55426130711334]]]}},{"type":"Feature","properties":{"jobs":22,"pop":308,"pointCount":4,"homeWorkCommuteMedian":31589,"workHomeCommuteMedian":12446},"geometry":{"type":"Polygon","coordinates":[[[120.97325627356922,24.626206936211307],[120.97325627356922,24.635200139848553],[120.98224947720647,24.635200139848553],[120.98224947720647,24.626206936211307],[120.97325627356922,24.626206936211307]]]}},{"type":"Feature","properties":{"jobs":0,"pop":57,"pointCount":2,"homeWorkCommuteMedian":27150,"workHomeCommuteMedian":-1},"geometry":{"type":"Polygon","coordinates":[[[120.97325627356922,24.635200139848553],[120.97325627356922,24.6441933434858],[120.98224947720647,24.6441933434858],[120.98224947720647,24.635200139848553],[120.97325627356922,24.635200139848553]]]}},{"type":"Feature","properties":{"jobs":0,"pop":61,"pointCount":1,"homeWorkCommuteMedian":27836,"workHomeCommuteMedian":-1},"geometry":{"type":"Polygon","coordinates":[[[120.97325627356922,24.6441933434858],[120.97325627356922,24.653186547123045],[120.98224947720647,24.653186547123045],[120.98224947720647,24.6441933434858],[120.97325627356922,24.6441933434858]]]}},{"type":"Feature","properties":{"jobs":0,"pop":63,"pointCount":2,"homeWorkCommuteMedian":22106,"workHomeCommuteMedian":-1},"geometry":{"type":"Polygon","coordinates":[[[120.97325627356922,24.653186547123045],[120.97325627356922,24.66217975076029],[120.98224947720647,24.66217975076029],[120.98224947720647,24.653186547123045],[120.97325627356922,24.653186547123045]]]}},{"type":"Feature","properties":{"jobs":0,"pop":146,"pointCount":4,"homeWorkCommuteMedian":24448,"workHomeCommuteMedian":-1},"geometry":{"type":"Polygon","coordinates":[[[120.97325627356922,24.66217975076029],[120.97325627356922,24.671172954397537],[120.98224947720647,24.671172954397537],[120.98224947720647,24.66217975076029],[120.97325627356922,24.66217975076029]]]}},{"type":"Feature","properties":{"jobs":37,"pop":103,"pointCount":1,"homeWorkCommuteMedian":27102,"workHomeCommuteMedian":3202},"geometry":{"type":"Polygon","coordinates":[[[120.97325627356922,24.671172954397537],[120.97325627356922,24.680166158034783],[120.98224947720647,24.680166158034783],[120.98224947720647,24.671172954397537],[120.97325627356922,24.671172954397537]]]}},{"type":"Feature","properties":{"jobs":22,"pop":47,"pointCount":2,"homeWorkCommuteMedian":12894,"workHomeCommuteMedian":26112},"geometry":{"type":"Polygon","coordinates":[[[120.97325627356922,24.680166158034783],[120.97325627356922,24.68915936167203],[120.98224947720647,24.68915936167203],[120.98224947720647,24.680166158034783],[120.97325627356922,24.680166158034783]]]}},{"type":"Feature","properties":{"jobs":0,"pop":42,"pointCount":1,"homeWorkCommuteMedian":38758,"workHomeCommuteMedian":-1},"geometry":{"type":"Polygon","coordinates":[[[120.97325627356922,24.68915936167203],[120.97325627356922,24.698152565309275],[120.98224947720647,24.698152565309275],[120.98224947720647,24.68915936167203],[120.97325627356922,24.68915936167203]]]}},{"type":"Feature","properties":{"jobs":0,"pop":40,"pointCount":1,"homeWorkCommuteMedian":8773,"workHomeCommuteMedian":-1},"geometry":{"type":"Polygon","coordinates":[[[120.97325627356922,24.698152565309275],[120.97325627356922,24.70714576894652],[120.98224947720647,24.70714576894652],[120.98224947720647,24.698152565309275],[120.97325627356922,24.698152565309275]]]}},{"type":"Feature","properties":{"jobs":0,"pop":15,"pointCount":1,"homeWorkCommuteMedian":15790,"workHomeCommuteMedian":-1},"geometry":{"type":"Polygon","coordinates":[[[120.97325627356922,24.70714576894652],[120.97325627356922,24.716138972583767],[120.98224947720647,24.716138972583767],[120.98224947720647,24.70714576894652],[120.97325627356922,24.70714576894652]]]}},{"type":"Feature","properties":{"jobs":0,"pop":37,"pointCount":2,"homeWorkCommuteMedian":12775,"workHomeCommuteMedian":-1},"geometry":{"type":"Polygon","coordinates":[[[120.97325627356922,24.716138972583767],[120.97325627356922,24.725132176221013],[120.98224947720647,24.725132176221013],[120.98224947720647,24.716138972583767],[120.97325627356922,24.716138972583767]]]}},{"type":"Feature","properties":{"jobs":67,"pop":71,"pointCount":3,"homeWorkCommuteMedian":23856,"workHomeCommuteMedian":11016},"geometry":{"type":"Polygon","coordinates":[[[120.97325627356922,24.73412537985826],[120.97325627356922,24.743118583495505],[120.98224947720647,24.743118583495505],[120.98224947720647,24.73412537985826],[120.97325627356922,24.73412537985826]]]}},{"type":"Feature","properties":{"jobs":0,"pop":109,"pointCount":3,"homeWorkCommuteMedian":5572,"workHomeCommuteMedian":-1},"geometry":{"type":"Polygon","coordinates":[[[120.97325627356922,24.743118583495505],[120.97325627356922,24.75211178713275],[120.98224947720647,24.75211178713275],[120.98224947720647,24.743118583495505],[120.97325627356922,24.743118583495505]]]}},{"type":"Feature","properties":{"jobs":0,"pop":158,"pointCount":1,"homeWorkCommuteMedian":6037,"workHomeCommuteMedian":-1},"geometry":{"type":"Polygon","coordinates":[[[120.97325627356922,24.75211178713275],[120.97325627356922,24.761104990769997],[120.98224947720647,24.761104990769997],[120.98224947720647,24.75211178713275],[120.97325627356922,24.75211178713275]]]}},{"type":"Feature","properties":{"jobs":319,"pop":3917,"pointCount":10,"homeWorkCommuteMedian":6017,"workHomeCommuteMedian":8978},"geometry":{"type":"Polygon","coordinates":[[[120.97325627356922,24.761104990769997],[120.97325627356922,24.770098194407243],[120.98224947720647,24.770098194407243],[120.98224947720647,24.761104990769997],[120.97325627356922,24.761104990769997]]]}},{"type":"Feature","properties":{"jobs":37,"pop":542,"pointCount":2,"homeWorkCommuteMedian":6335,"workHomeCommuteMedian":9882},"geometry":{"type":"Polygon","coordinates":[[[120.97325627356922,24.770098194407243],[120.97325627356922,24.77909139804449],[120.98224947720647,24.77909139804449],[120.98224947720647,24.770098194407243],[120.97325627356922,24.770098194407243]]]}},{"type":"Feature","properties":{"jobs":178,"pop":1153,"pointCount":5,"homeWorkCommuteMedian":6383,"workHomeCommuteMedian":8515},"geometry":{"type":"Polygon","coordinates":[[[120.97325627356922,24.77909139804449],[120.97325627356922,24.788084601681735],[120.98224947720647,24.788084601681735],[120.98224947720647,24.77909139804449],[120.97325627356922,24.77909139804449]]]}},{"type":"Feature","properties":{"jobs":1385,"pop":4425,"pointCount":14,"homeWorkCommuteMedian":6008,"workHomeCommuteMedian":5843},"geometry":{"type":"Polygon","coordinates":[[[120.97325627356922,24.788084601681735],[120.97325627356922,24.79707780531898],[120.98224947720647,24.79707780531898],[120.98224947720647,24.788084601681735],[120.97325627356922,24.788084601681735]]]}},{"type":"Feature","properties":{"jobs":3328,"pop":6370,"pointCount":18,"homeWorkCommuteMedian":5592,"workHomeCommuteMedian":5568},"geometry":{"type":"Polygon","coordinates":[[[120.97325627356922,24.79707780531898],[120.97325627356922,24.806071008956227],[120.98224947720647,24.806071008956227],[120.98224947720647,24.79707780531898],[120.97325627356922,24.79707780531898]]]}},{"type":"Feature","properties":{"jobs":17799,"pop":10580,"pointCount":18,"homeWorkCommuteMedian":5869,"workHomeCommuteMedian":6844},"geometry":{"type":"Polygon","coordinates":[[[120.97325627356922,24.806071008956227],[120.97325627356922,24.815064212593473],[120.98224947720647,24.815064212593473],[120.98224947720647,24.806071008956227],[120.97325627356922,24.806071008956227]]]}},{"type":"Feature","properties":{"jobs":4541,"pop":9872,"pointCount":16,"homeWorkCommuteMedian":6068,"workHomeCommuteMedian":3605},"geometry":{"type":"Polygon","coordinates":[[[120.97325627356922,24.815064212593473],[120.97325627356922,24.82405741623072],[120.98224947720647,24.82405741623072],[120.98224947720647,24.815064212593473],[120.97325627356922,24.815064212593473]]]}},{"type":"Feature","properties":{"jobs":33,"pop":1309,"pointCount":4,"homeWorkCommuteMedian":6989,"workHomeCommuteMedian":22896},"geometry":{"type":"Polygon","coordinates":[[[120.97325627356922,24.82405741623072],[120.97325627356922,24.833050619867965],[120.98224947720647,24.833050619867965],[120.98224947720647,24.82405741623072],[120.97325627356922,24.82405741623072]]]}},{"type":"Feature","properties":{"jobs":206,"pop":1324,"pointCount":7,"homeWorkCommuteMedian":7872,"workHomeCommuteMedian":24957},"geometry":{"type":"Polygon","coordinates":[[[120.97325627356922,24.833050619867965],[120.97325627356922,24.84204382350521],[120.98224947720647,24.84204382350521],[120.98224947720647,24.833050619867965],[120.97325627356922,24.833050619867965]]]}},{"type":"Feature","properties":{"jobs":173,"pop":1054,"pointCount":7,"homeWorkCommuteMedian":6876,"workHomeCommuteMedian":11291},"geometry":{"type":"Polygon","coordinates":[[[120.97325627356922,24.84204382350521],[120.97325627356922,24.851037027142457],[120.98224947720647,24.851037027142457],[120.98224947720647,24.84204382350521],[120.97325627356922,24.84204382350521]]]}},{"type":"Feature","properties":{"jobs":375,"pop":551,"pointCount":7,"homeWorkCommuteMedian":7398,"workHomeCommuteMedian":7098},"geometry":{"type":"Polygon","coordinates":[[[120.97325627356922,24.851037027142457],[120.97325627356922,24.860030230779703],[120.98224947720647,24.860030230779703],[120.98224947720647,24.851037027142457],[120.97325627356922,24.851037027142457]]]}},{"type":"Feature","properties":{"jobs":1685,"pop":333,"pointCount":6,"homeWorkCommuteMedian":5869,"workHomeCommuteMedian":13237},"geometry":{"type":"Polygon","coordinates":[[[120.97325627356922,24.860030230779703],[120.97325627356922,24.86902343441695],[120.98224947720647,24.86902343441695],[120.98224947720647,24.860030230779703],[120.97325627356922,24.860030230779703]]]}},{"type":"Feature","properties":{"jobs":153,"pop":306,"pointCount":2,"homeWorkCommuteMedian":6654,"workHomeCommuteMedian":18250},"geometry":{"type":"Polygon","coordinates":[[[120.97325627356922,24.86902343441695],[120.97325627356922,24.878016638054195],[120.98224947720647,24.878016638054195],[120.98224947720647,24.86902343441695],[120.97325627356922,24.86902343441695]]]}},{"type":"Feature","properties":{"jobs":420,"pop":236,"pointCount":5,"homeWorkCommuteMedian":12905,"workHomeCommuteMedian":14412},"geometry":{"type":"Polygon","coordinates":[[[120.97325627356922,24.878016638054195],[120.97325627356922,24.88700984169144],[120.98224947720647,24.88700984169144],[120.98224947720647,24.878016638054195],[120.97325627356922,24.878016638054195]]]}},{"type":"Feature","properties":{"jobs":663,"pop":264,"pointCount":11,"homeWorkCommuteMedian":10207,"workHomeCommuteMedian":8068},"geometry":{"type":"Polygon","coordinates":[[[120.97325627356922,24.88700984169144],[120.97325627356922,24.896003045328687],[120.98224947720647,24.896003045328687],[120.98224947720647,24.88700984169144],[120.97325627356922,24.88700984169144]]]}},{"type":"Feature","properties":{"jobs":518,"pop":241,"pointCount":9,"homeWorkCommuteMedian":8543,"workHomeCommuteMedian":7212},"geometry":{"type":"Polygon","coordinates":[[[120.97325627356922,24.896003045328687],[120.97325627356922,24.904996248965933],[120.98224947720647,24.904996248965933],[120.98224947720647,24.896003045328687],[120.97325627356922,24.896003045328687]]]}},{"type":"Feature","properties":{"jobs":180,"pop":475,"pointCount":6,"homeWorkCommuteMedian":6722,"workHomeCommuteMedian":6174},"geometry":{"type":"Polygon","coordinates":[[[120.97325627356922,24.904996248965933],[120.97325627356922,24.91398945260318],[120.98224947720647,24.91398945260318],[120.98224947720647,24.904996248965933],[120.97325627356922,24.904996248965933]]]}},{"type":"Feature","properties":{"jobs":0,"pop":740,"pointCount":5,"homeWorkCommuteMedian":16642,"workHomeCommuteMedian":-1},"geometry":{"type":"Polygon","coordinates":[[[120.97325627356922,24.91398945260318],[120.97325627356922,24.922982656240425],[120.98224947720647,24.922982656240425],[120.98224947720647,24.91398945260318],[120.97325627356922,24.91398945260318]]]}},{"type":"Feature","properties":{"jobs":0,"pop":122,"pointCount":1,"homeWorkCommuteMedian":4461,"workHomeCommuteMedian":-1},"geometry":{"type":"Polygon","coordinates":[[[120.97325627356922,24.922982656240425],[120.97325627356922,24.93197585987767],[120.98224947720647,24.93197585987767],[120.98224947720647,24.922982656240425],[120.97325627356922,24.922982656240425]]]}},{"type":"Feature","properties":{"jobs":0,"pop":101,"pointCount":1,"homeWorkCommuteMedian":43967,"workHomeCommuteMedian":-1},"geometry":{"type":"Polygon","coordinates":[[[120.98224947720647,24.5272816962016],[120.98224947720647,24.536274899838848],[120.99124268084371,24.536274899838848],[120.99124268084371,24.5272816962016],[120.98224947720647,24.5272816962016]]]}},{"type":"Feature","properties":{"jobs":0,"pop":73,"pointCount":1,"homeWorkCommuteMedian":42642,"workHomeCommuteMedian":-1},"geometry":{"type":"Polygon","coordinates":[[[120.98224947720647,24.536274899838848],[120.98224947720647,24.545268103476094],[120.99124268084371,24.545268103476094],[120.99124268084371,24.536274899838848],[120.98224947720647,24.536274899838848]]]}},{"type":"Feature","properties":{"jobs":36,"pop":15,"pointCount":2,"homeWorkCommuteMedian":6979,"workHomeCommuteMedian":4128},"geometry":{"type":"Polygon","coordinates":[[[120.98224947720647,24.563254510750586],[120.98224947720647,24.57224771438783],[120.99124268084371,24.57224771438783],[120.99124268084371,24.563254510750586],[120.98224947720647,24.563254510750586]]]}},{"type":"Feature","properties":{"jobs":83,"pop":91,"pointCount":3,"homeWorkCommuteMedian":26416,"workHomeCommuteMedian":7735},"geometry":{"type":"Polygon","coordinates":[[[120.98224947720647,24.57224771438783],[120.98224947720647,24.581240918025077],[120.99124268084371,24.581240918025077],[120.99124268084371,24.57224771438783],[120.98224947720647,24.57224771438783]]]}},{"type":"Feature","properties":{"jobs":0,"pop":61,"pointCount":1,"homeWorkCommuteMedian":40925,"workHomeCommuteMedian":-1},"geometry":{"type":"Polygon","coordinates":[[[120.98224947720647,24.581240918025077],[120.98224947720647,24.590234121662323],[120.99124268084371,24.590234121662323],[120.99124268084371,24.581240918025077],[120.98224947720647,24.581240918025077]]]}},{"type":"Feature","properties":{"jobs":23,"pop":0,"pointCount":1,"homeWorkCommuteMedian":-1,"workHomeCommuteMedian":9034},"geometry":{"type":"Polygon","coordinates":[[[120.98224947720647,24.608220528936815],[120.98224947720647,24.61721373257406],[120.99124268084371,24.61721373257406],[120.99124268084371,24.608220528936815],[120.98224947720647,24.608220528936815]]]}},{"type":"Feature","properties":{"jobs":38,"pop":50,"pointCount":2,"homeWorkCommuteMedian":21074,"workHomeCommuteMedian":2955},"geometry":{"type":"Polygon","coordinates":[[[120.98224947720647,24.61721373257406],[120.98224947720647,24.626206936211307],[120.99124268084371,24.626206936211307],[120.99124268084371,24.61721373257406],[120.98224947720647,24.61721373257406]]]}},{"type":"Feature","properties":{"jobs":15,"pop":27,"pointCount":2,"homeWorkCommuteMedian":31978,"workHomeCommuteMedian":15908},"geometry":{"type":"Polygon","coordinates":[[[120.98224947720647,24.626206936211307],[120.98224947720647,24.635200139848553],[120.99124268084371,24.635200139848553],[120.99124268084371,24.626206936211307],[120.98224947720647,24.626206936211307]]]}},{"type":"Feature","properties":{"jobs":0,"pop":132,"pointCount":2,"homeWorkCommuteMedian":25841,"workHomeCommuteMedian":-1},"geometry":{"type":"Polygon","coordinates":[[[120.98224947720647,24.635200139848553],[120.98224947720647,24.6441933434858],[120.99124268084371,24.6441933434858],[120.99124268084371,24.635200139848553],[120.98224947720647,24.635200139848553]]]}},{"type":"Feature","properties":{"jobs":0,"pop":16,"pointCount":1,"homeWorkCommuteMedian":35175,"workHomeCommuteMedian":-1},"geometry":{"type":"Polygon","coordinates":[[[120.98224947720647,24.653186547123045],[120.98224947720647,24.66217975076029],[120.99124268084371,24.66217975076029],[120.99124268084371,24.653186547123045],[120.98224947720647,24.653186547123045]]]}},{"type":"Feature","properties":{"jobs":33,"pop":81,"pointCount":3,"homeWorkCommuteMedian":17636,"workHomeCommuteMedian":609},"geometry":{"type":"Polygon","coordinates":[[[120.98224947720647,24.66217975076029],[120.98224947720647,24.671172954397537],[120.99124268084371,24.671172954397537],[120.99124268084371,24.66217975076029],[120.98224947720647,24.66217975076029]]]}},{"type":"Feature","properties":{"jobs":64,"pop":31,"pointCount":2,"homeWorkCommuteMedian":25908,"workHomeCommuteMedian":20568},"geometry":{"type":"Polygon","coordinates":[[[120.98224947720647,24.671172954397537],[120.98224947720647,24.680166158034783],[120.99124268084371,24.680166158034783],[120.99124268084371,24.671172954397537],[120.98224947720647,24.671172954397537]]]}},{"type":"Feature","properties":{"jobs":119,"pop":457,"pointCount":8,"homeWorkCommuteMedian":14562,"workHomeCommuteMedian":4575},"geometry":{"type":"Polygon","coordinates":[[[120.98224947720647,24.680166158034783],[120.98224947720647,24.68915936167203],[120.99124268084371,24.68915936167203],[120.99124268084371,24.680166158034783],[120.98224947720647,24.680166158034783]]]}},{"type":"Feature","properties":{"jobs":46,"pop":125,"pointCount":2,"homeWorkCommuteMedian":11707,"workHomeCommuteMedian":26893},"geometry":{"type":"Polygon","coordinates":[[[120.98224947720647,24.68915936167203],[120.98224947720647,24.698152565309275],[120.99124268084371,24.698152565309275],[120.99124268084371,24.68915936167203],[120.98224947720647,24.68915936167203]]]}},{"type":"Feature","properties":{"jobs":0,"pop":52,"pointCount":2,"homeWorkCommuteMedian":22118,"workHomeCommuteMedian":-1},"geometry":{"type":"Polygon","coordinates":[[[120.98224947720647,24.698152565309275],[120.98224947720647,24.70714576894652],[120.99124268084371,24.70714576894652],[120.99124268084371,24.698152565309275],[120.98224947720647,24.698152565309275]]]}},{"type":"Feature","properties":{"jobs":19,"pop":16,"pointCount":1,"homeWorkCommuteMedian":8172,"workHomeCommuteMedian":4830},"geometry":{"type":"Polygon","coordinates":[[[120.98224947720647,24.70714576894652],[120.98224947720647,24.716138972583767],[120.99124268084371,24.716138972583767],[120.99124268084371,24.70714576894652],[120.98224947720647,24.70714576894652]]]}},{"type":"Feature","properties":{"jobs":0,"pop":130,"pointCount":4,"homeWorkCommuteMedian":14208,"workHomeCommuteMedian":-1},"geometry":{"type":"Polygon","coordinates":[[[120.98224947720647,24.716138972583767],[120.98224947720647,24.725132176221013],[120.99124268084371,24.725132176221013],[120.99124268084371,24.716138972583767],[120.98224947720647,24.716138972583767]]]}},{"type":"Feature","properties":{"jobs":0,"pop":85,"pointCount":2,"homeWorkCommuteMedian":24439,"workHomeCommuteMedian":-1},"geometry":{"type":"Polygon","coordinates":[[[120.98224947720647,24.725132176221013],[120.98224947720647,24.73412537985826],[120.99124268084371,24.73412537985826],[120.99124268084371,24.725132176221013],[120.98224947720647,24.725132176221013]]]}},{"type":"Feature","properties":{"jobs":0,"pop":252,"pointCount":4,"homeWorkCommuteMedian":9757,"workHomeCommuteMedian":-1},"geometry":{"type":"Polygon","coordinates":[[[120.98224947720647,24.73412537985826],[120.98224947720647,24.743118583495505],[120.99124268084371,24.743118583495505],[120.99124268084371,24.73412537985826],[120.98224947720647,24.73412537985826]]]}},{"type":"Feature","properties":{"jobs":0,"pop":22,"pointCount":1,"homeWorkCommuteMedian":6864,"workHomeCommuteMedian":-1},"geometry":{"type":"Polygon","coordinates":[[[120.98224947720647,24.743118583495505],[120.98224947720647,24.75211178713275],[120.99124268084371,24.75211178713275],[120.99124268084371,24.743118583495505],[120.98224947720647,24.743118583495505]]]}},{"type":"Feature","properties":{"jobs":19,"pop":0,"pointCount":1,"homeWorkCommuteMedian":-1,"workHomeCommuteMedian":10764},"geometry":{"type":"Polygon","coordinates":[[[120.98224947720647,24.75211178713275],[120.98224947720647,24.761104990769997],[120.99124268084371,24.761104990769997],[120.99124268084371,24.75211178713275],[120.98224947720647,24.75211178713275]]]}},{"type":"Feature","properties":{"jobs":747,"pop":2181,"pointCount":12,"homeWorkCommuteMedian":4627,"workHomeCommuteMedian":18555},"geometry":{"type":"Polygon","coordinates":[[[120.98224947720647,24.761104990769997],[120.98224947720647,24.770098194407243],[120.99124268084371,24.770098194407243],[120.99124268084371,24.761104990769997],[120.98224947720647,24.761104990769997]]]}},{"type":"Feature","properties":{"jobs":8022,"pop":541,"pointCount":6,"homeWorkCommuteMedian":4724,"workHomeCommuteMedian":10581},"geometry":{"type":"Polygon","coordinates":[[[120.98224947720647,24.770098194407243],[120.98224947720647,24.77909139804449],[120.99124268084371,24.77909139804449],[120.99124268084371,24.770098194407243],[120.98224947720647,24.770098194407243]]]}},{"type":"Feature","properties":{"jobs":4147,"pop":1887,"pointCount":9,"homeWorkCommuteMedian":3683,"workHomeCommuteMedian":7963},"geometry":{"type":"Polygon","coordinates":[[[120.98224947720647,24.77909139804449],[120.98224947720647,24.788084601681735],[120.99124268084371,24.788084601681735],[120.99124268084371,24.77909139804449],[120.98224947720647,24.77909139804449]]]}},{"type":"Feature","properties":{"jobs":1266,"pop":970,"pointCount":3,"homeWorkCommuteMedian":4231,"workHomeCommuteMedian":9129},"geometry":{"type":"Polygon","coordinates":[[[120.98224947720647,24.788084601681735],[120.98224947720647,24.79707780531898],[120.99124268084371,24.79707780531898],[120.99124268084371,24.788084601681735],[120.98224947720647,24.788084601681735]]]}},{"type":"Feature","properties":{"jobs":8352,"pop":7448,"pointCount":15,"homeWorkCommuteMedian":4339,"workHomeCommuteMedian":6947},"geometry":{"type":"Polygon","coordinates":[[[120.98224947720647,24.79707780531898],[120.98224947720647,24.806071008956227],[120.99124268084371,24.806071008956227],[120.99124268084371,24.79707780531898],[120.98224947720647,24.79707780531898]]]}},{"type":"Feature","properties":{"jobs":3826,"pop":5613,"pointCount":14,"homeWorkCommuteMedian":6370,"workHomeCommuteMedian":6496},"geometry":{"type":"Polygon","coordinates":[[[120.98224947720647,24.806071008956227],[120.98224947720647,24.815064212593473],[120.99124268084371,24.815064212593473],[120.99124268084371,24.806071008956227],[120.98224947720647,24.806071008956227]]]}},{"type":"Feature","properties":{"jobs":962,"pop":1019,"pointCount":5,"homeWorkCommuteMedian":8492,"workHomeCommuteMedian":6743},"geometry":{"type":"Polygon","coordinates":[[[120.98224947720647,24.815064212593473],[120.98224947720647,24.82405741623072],[120.99124268084371,24.82405741623072],[120.99124268084371,24.815064212593473],[120.98224947720647,24.815064212593473]]]}},{"type":"Feature","properties":{"jobs":379,"pop":72,"pointCount":2,"homeWorkCommuteMedian":12499,"workHomeCommuteMedian":7863},"geometry":{"type":"Polygon","coordinates":[[[120.98224947720647,24.82405741623072],[120.98224947720647,24.833050619867965],[120.99124268084371,24.833050619867965],[120.99124268084371,24.82405741623072],[120.98224947720647,24.82405741623072]]]}},{"type":"Feature","properties":{"jobs":634,"pop":1584,"pointCount":7,"homeWorkCommuteMedian":6702,"workHomeCommuteMedian":3312},"geometry":{"type":"Polygon","coordinates":[[[120.98224947720647,24.833050619867965],[120.98224947720647,24.84204382350521],[120.99124268084371,24.84204382350521],[120.99124268084371,24.833050619867965],[120.98224947720647,24.833050619867965]]]}},{"type":"Feature","properties":{"jobs":945,"pop":1771,"pointCount":11,"homeWorkCommuteMedian":5496,"workHomeCommuteMedian":4196},"geometry":{"type":"Polygon","coordinates":[[[120.98224947720647,24.84204382350521],[120.98224947720647,24.851037027142457],[120.99124268084371,24.851037027142457],[120.99124268084371,24.84204382350521],[120.98224947720647,24.84204382350521]]]}},{"type":"Feature","properties":{"jobs":55,"pop":398,"pointCount":3,"homeWorkCommuteMedian":7258,"workHomeCommuteMedian":30180},"geometry":{"type":"Polygon","coordinates":[[[120.98224947720647,24.851037027142457],[120.98224947720647,24.860030230779703],[120.99124268084371,24.860030230779703],[120.99124268084371,24.851037027142457],[120.98224947720647,24.851037027142457]]]}},{"type":"Feature","properties":{"jobs":6621,"pop":584,"pointCount":7,"homeWorkCommuteMedian":6134,"workHomeCommuteMedian":8341},"geometry":{"type":"Polygon","coordinates":[[[120.98224947720647,24.860030230779703],[120.98224947720647,24.86902343441695],[120.99124268084371,24.86902343441695],[120.99124268084371,24.860030230779703],[120.98224947720647,24.860030230779703]]]}},{"type":"Feature","properties":{"jobs":3253,"pop":2774,"pointCount":9,"homeWorkCommuteMedian":5453,"workHomeCommuteMedian":9043},"geometry":{"type":"Polygon","coordinates":[[[120.98224947720647,24.86902343441695],[120.98224947720647,24.878016638054195],[120.99124268084371,24.878016638054195],[120.99124268084371,24.86902343441695],[120.98224947720647,24.86902343441695]]]}},{"type":"Feature","properties":{"jobs":119,"pop":351,"pointCount":3,"homeWorkCommuteMedian":14695,"workHomeCommuteMedian":17743},"geometry":{"type":"Polygon","coordinates":[[[120.98224947720647,24.878016638054195],[120.98224947720647,24.88700984169144],[120.99124268084371,24.88700984169144],[120.99124268084371,24.878016638054195],[120.98224947720647,24.878016638054195]]]}},{"type":"Feature","properties":{"jobs":1396,"pop":826,"pointCount":8,"homeWorkCommuteMedian":6865,"workHomeCommuteMedian":8859},"geometry":{"type":"Polygon","coordinates":[[[120.98224947720647,24.88700984169144],[120.98224947720647,24.896003045328687],[120.99124268084371,24.896003045328687],[120.99124268084371,24.88700984169144],[120.98224947720647,24.88700984169144]]]}},{"type":"Feature","properties":{"jobs":775,"pop":3181,"pointCount":9,"homeWorkCommuteMedian":5413,"workHomeCommuteMedian":10681},"geometry":{"type":"Polygon","coordinates":[[[120.98224947720647,24.896003045328687],[120.98224947720647,24.904996248965933],[120.99124268084371,24.904996248965933],[120.99124268084371,24.896003045328687],[120.98224947720647,24.896003045328687]]]}},{"type":"Feature","properties":{"jobs":97,"pop":210,"pointCount":5,"homeWorkCommuteMedian":19794,"workHomeCommuteMedian":6944},"geometry":{"type":"Polygon","coordinates":[[[120.98224947720647,24.904996248965933],[120.98224947720647,24.91398945260318],[120.99124268084371,24.91398945260318],[120.99124268084371,24.904996248965933],[120.98224947720647,24.904996248965933]]]}},{"type":"Feature","properties":{"jobs":587,"pop":994,"pointCount":11,"homeWorkCommuteMedian":8047,"workHomeCommuteMedian":3759},"geometry":{"type":"Polygon","coordinates":[[[120.98224947720647,24.91398945260318],[120.98224947720647,24.922982656240425],[120.99124268084371,24.922982656240425],[120.99124268084371,24.91398945260318],[120.98224947720647,24.91398945260318]]]}},{"type":"Feature","properties":{"jobs":180,"pop":688,"pointCount":9,"homeWorkCommuteMedian":8678,"workHomeCommuteMedian":4231},"geometry":{"type":"Polygon","coordinates":[[[120.98224947720647,24.922982656240425],[120.98224947720647,24.93197585987767],[120.99124268084371,24.93197585987767],[120.99124268084371,24.922982656240425],[120.98224947720647,24.922982656240425]]]}},{"type":"Feature","properties":{"jobs":31,"pop":16,"pointCount":2,"homeWorkCommuteMedian":14207,"workHomeCommuteMedian":8640},"geometry":{"type":"Polygon","coordinates":[[[120.98224947720647,24.93197585987767],[120.98224947720647,24.940969063514917],[120.99124268084371,24.940969063514917],[120.99124268084371,24.93197585987767],[120.98224947720647,24.93197585987767]]]}},{"type":"Feature","properties":{"jobs":66,"pop":56,"pointCount":2,"homeWorkCommuteMedian":26676,"workHomeCommuteMedian":33856},"geometry":{"type":"Polygon","coordinates":[[[120.99124268084371,24.57224771438783],[120.99124268084371,24.581240918025077],[121.00023588448096,24.581240918025077],[121.00023588448096,24.57224771438783],[120.99124268084371,24.57224771438783]]]}},{"type":"Feature","properties":{"jobs":71,"pop":56,"pointCount":4,"homeWorkCommuteMedian":29296,"workHomeCommuteMedian":11243},"geometry":{"type":"Polygon","coordinates":[[[120.99124268084371,24.581240918025077],[120.99124268084371,24.590234121662323],[121.00023588448096,24.590234121662323],[121.00023588448096,24.581240918025077],[120.99124268084371,24.581240918025077]]]}},{"type":"Feature","properties":{"jobs":53,"pop":130,"pointCount":3,"homeWorkCommuteMedian":28209,"workHomeCommuteMedian":7462},"geometry":{"type":"Polygon","coordinates":[[[120.99124268084371,24.590234121662323],[120.99124268084371,24.59922732529957],[121.00023588448096,24.59922732529957],[121.00023588448096,24.590234121662323],[120.99124268084371,24.590234121662323]]]}},{"type":"Feature","properties":{"jobs":124,"pop":547,"pointCount":6,"homeWorkCommuteMedian":21928,"workHomeCommuteMedian":9797},"geometry":{"type":"Polygon","coordinates":[[[120.99124268084371,24.59922732529957],[120.99124268084371,24.608220528936815],[121.00023588448096,24.608220528936815],[121.00023588448096,24.59922732529957],[120.99124268084371,24.59922732529957]]]}},{"type":"Feature","properties":{"jobs":0,"pop":73,"pointCount":2,"homeWorkCommuteMedian":37043,"workHomeCommuteMedian":-1},"geometry":{"type":"Polygon","coordinates":[[[120.99124268084371,24.61721373257406],[120.99124268084371,24.626206936211307],[121.00023588448096,24.626206936211307],[121.00023588448096,24.61721373257406],[120.99124268084371,24.61721373257406]]]}},{"type":"Feature","properties":{"jobs":0,"pop":58,"pointCount":1,"homeWorkCommuteMedian":15033,"workHomeCommuteMedian":-1},"geometry":{"type":"Polygon","coordinates":[[[120.99124268084371,24.626206936211307],[120.99124268084371,24.635200139848553],[121.00023588448096,24.635200139848553],[121.00023588448096,24.626206936211307],[120.99124268084371,24.626206936211307]]]}},{"type":"Feature","properties":{"jobs":67,"pop":16,"pointCount":2,"homeWorkCommuteMedian":30912,"workHomeCommuteMedian":8954},"geometry":{"type":"Polygon","coordinates":[[[120.99124268084371,24.6441933434858],[120.99124268084371,24.653186547123045],[121.00023588448096,24.653186547123045],[121.00023588448096,24.6441933434858],[120.99124268084371,24.6441933434858]]]}},{"type":"Feature","properties":{"jobs":0,"pop":23,"pointCount":1,"homeWorkCommuteMedian":21091,"workHomeCommuteMedian":-1},"geometry":{"type":"Polygon","coordinates":[[[120.99124268084371,24.653186547123045],[120.99124268084371,24.66217975076029],[121.00023588448096,24.66217975076029],[121.00023588448096,24.653186547123045],[120.99124268084371,24.653186547123045]]]}},{"type":"Feature","properties":{"jobs":28,"pop":44,"pointCount":3,"homeWorkCommuteMedian":22517,"workHomeCommuteMedian":5334},"geometry":{"type":"Polygon","coordinates":[[[120.99124268084371,24.66217975076029],[120.99124268084371,24.671172954397537],[121.00023588448096,24.671172954397537],[121.00023588448096,24.66217975076029],[120.99124268084371,24.66217975076029]]]}},{"type":"Feature","properties":{"jobs":32,"pop":67,"pointCount":1,"homeWorkCommuteMedian":33314,"workHomeCommuteMedian":16839},"geometry":{"type":"Polygon","coordinates":[[[120.99124268084371,24.671172954397537],[120.99124268084371,24.680166158034783],[121.00023588448096,24.680166158034783],[121.00023588448096,24.671172954397537],[120.99124268084371,24.671172954397537]]]}},{"type":"Feature","properties":{"jobs":28,"pop":38,"pointCount":1,"homeWorkCommuteMedian":36133,"workHomeCommuteMedian":5813},"geometry":{"type":"Polygon","coordinates":[[[120.99124268084371,24.680166158034783],[120.99124268084371,24.68915936167203],[121.00023588448096,24.68915936167203],[121.00023588448096,24.680166158034783],[120.99124268084371,24.680166158034783]]]}},{"type":"Feature","properties":{"jobs":33,"pop":103,"pointCount":1,"homeWorkCommuteMedian":15538,"workHomeCommuteMedian":20233},"geometry":{"type":"Polygon","coordinates":[[[120.99124268084371,24.68915936167203],[120.99124268084371,24.698152565309275],[121.00023588448096,24.698152565309275],[121.00023588448096,24.68915936167203],[120.99124268084371,24.68915936167203]]]}},{"type":"Feature","properties":{"jobs":38,"pop":29,"pointCount":2,"homeWorkCommuteMedian":35455,"workHomeCommuteMedian":7161},"geometry":{"type":"Polygon","coordinates":[[[120.99124268084371,24.698152565309275],[120.99124268084371,24.70714576894652],[121.00023588448096,24.70714576894652],[121.00023588448096,24.698152565309275],[120.99124268084371,24.698152565309275]]]}},{"type":"Feature","properties":{"jobs":0,"pop":92,"pointCount":2,"homeWorkCommuteMedian":11030,"workHomeCommuteMedian":-1},"geometry":{"type":"Polygon","coordinates":[[[120.99124268084371,24.70714576894652],[120.99124268084371,24.716138972583767],[121.00023588448096,24.716138972583767],[121.00023588448096,24.70714576894652],[120.99124268084371,24.70714576894652]]]}},{"type":"Feature","properties":{"jobs":41,"pop":83,"pointCount":4,"homeWorkCommuteMedian":18243,"workHomeCommuteMedian":8213},"geometry":{"type":"Polygon","coordinates":[[[120.99124268084371,24.716138972583767],[120.99124268084371,24.725132176221013],[121.00023588448096,24.725132176221013],[121.00023588448096,24.716138972583767],[120.99124268084371,24.716138972583767]]]}},{"type":"Feature","properties":{"jobs":0,"pop":26,"pointCount":1,"homeWorkCommuteMedian":12330,"workHomeCommuteMedian":-1},"geometry":{"type":"Polygon","coordinates":[[[120.99124268084371,24.725132176221013],[120.99124268084371,24.73412537985826],[121.00023588448096,24.73412537985826],[121.00023588448096,24.725132176221013],[120.99124268084371,24.725132176221013]]]}},{"type":"Feature","properties":{"jobs":53,"pop":65,"pointCount":4,"homeWorkCommuteMedian":12074,"workHomeCommuteMedian":9507},"geometry":{"type":"Polygon","coordinates":[[[120.99124268084371,24.73412537985826],[120.99124268084371,24.743118583495505],[121.00023588448096,24.743118583495505],[121.00023588448096,24.73412537985826],[120.99124268084371,24.73412537985826]]]}},{"type":"Feature","properties":{"jobs":0,"pop":99,"pointCount":2,"homeWorkCommuteMedian":15586,"workHomeCommuteMedian":-1},"geometry":{"type":"Polygon","coordinates":[[[120.99124268084371,24.743118583495505],[120.99124268084371,24.75211178713275],[121.00023588448096,24.75211178713275],[121.00023588448096,24.743118583495505],[120.99124268084371,24.743118583495505]]]}},{"type":"Feature","properties":{"jobs":0,"pop":285,"pointCount":2,"homeWorkCommuteMedian":11966,"workHomeCommuteMedian":-1},"geometry":{"type":"Polygon","coordinates":[[[120.99124268084371,24.75211178713275],[120.99124268084371,24.761104990769997],[121.00023588448096,24.761104990769997],[121.00023588448096,24.75211178713275],[120.99124268084371,24.75211178713275]]]}},{"type":"Feature","properties":{"jobs":214,"pop":698,"pointCount":9,"homeWorkCommuteMedian":4190,"workHomeCommuteMedian":12662},"geometry":{"type":"Polygon","coordinates":[[[120.99124268084371,24.761104990769997],[120.99124268084371,24.770098194407243],[121.00023588448096,24.770098194407243],[121.00023588448096,24.761104990769997],[120.99124268084371,24.761104990769997]]]}},{"type":"Feature","properties":{"jobs":10129,"pop":0,"pointCount":6,"homeWorkCommuteMedian":-1,"workHomeCommuteMedian":14082},"geometry":{"type":"Polygon","coordinates":[[[120.99124268084371,24.770098194407243],[120.99124268084371,24.77909139804449],[121.00023588448096,24.77909139804449],[121.00023588448096,24.770098194407243],[120.99124268084371,24.770098194407243]]]}},{"type":"Feature","properties":{"jobs":30846,"pop":406,"pointCount":10,"homeWorkCommuteMedian":5483,"workHomeCommuteMedian":6984},"geometry":{"type":"Polygon","coordinates":[[[120.99124268084371,24.77909139804449],[120.99124268084371,24.788084601681735],[121.00023588448096,24.788084601681735],[121.00023588448096,24.77909139804449],[120.99124268084371,24.77909139804449]]]}},{"type":"Feature","properties":{"jobs":16459,"pop":1368,"pointCount":9,"homeWorkCommuteMedian":4170,"workHomeCommuteMedian":6878},"geometry":{"type":"Polygon","coordinates":[[[120.99124268084371,24.788084601681735],[120.99124268084371,24.79707780531898],[121.00023588448096,24.79707780531898],[121.00023588448096,24.788084601681735],[120.99124268084371,24.788084601681735]]]}},{"type":"Feature","properties":{"jobs":5007,"pop":9292,"pointCount":15,"homeWorkCommuteMedian":5012,"workHomeCommuteMedian":5812},"geometry":{"type":"Polygon","coordinates":[[[120.99124268084371,24.79707780531898],[120.99124268084371,24.806071008956227],[121.00023588448096,24.806071008956227],[121.00023588448096,24.79707780531898],[120.99124268084371,24.79707780531898]]]}},{"type":"Feature","properties":{"jobs":3211,"pop":1530,"pointCount":9,"homeWorkCommuteMedian":7548,"workHomeCommuteMedian":5960},"geometry":{"type":"Polygon","coordinates":[[[120.99124268084371,24.806071008956227],[120.99124268084371,24.815064212593473],[121.00023588448096,24.815064212593473],[121.00023588448096,24.806071008956227],[120.99124268084371,24.806071008956227]]]}},{"type":"Feature","properties":{"jobs":1773,"pop":476,"pointCount":4,"homeWorkCommuteMedian":8172,"workHomeCommuteMedian":7715},"geometry":{"type":"Polygon","coordinates":[[[120.99124268084371,24.815064212593473],[120.99124268084371,24.82405741623072],[121.00023588448096,24.82405741623072],[121.00023588448096,24.815064212593473],[120.99124268084371,24.815064212593473]]]}},{"type":"Feature","properties":{"jobs":1194,"pop":2662,"pointCount":6,"homeWorkCommuteMedian":6439,"workHomeCommuteMedian":4191},"geometry":{"type":"Polygon","coordinates":[[[120.99124268084371,24.82405741623072],[120.99124268084371,24.833050619867965],[121.00023588448096,24.833050619867965],[121.00023588448096,24.82405741623072],[120.99124268084371,24.82405741623072]]]}},{"type":"Feature","properties":{"jobs":1889,"pop":6383,"pointCount":14,"homeWorkCommuteMedian":5883,"workHomeCommuteMedian":4188},"geometry":{"type":"Polygon","coordinates":[[[120.99124268084371,24.833050619867965],[120.99124268084371,24.84204382350521],[121.00023588448096,24.84204382350521],[121.00023588448096,24.833050619867965],[120.99124268084371,24.833050619867965]]]}},{"type":"Feature","properties":{"jobs":1033,"pop":2418,"pointCount":9,"homeWorkCommuteMedian":6347,"workHomeCommuteMedian":6380},"geometry":{"type":"Polygon","coordinates":[[[120.99124268084371,24.84204382350521],[120.99124268084371,24.851037027142457],[121.00023588448096,24.851037027142457],[121.00023588448096,24.84204382350521],[120.99124268084371,24.84204382350521]]]}},{"type":"Feature","properties":{"jobs":415,"pop":1028,"pointCount":6,"homeWorkCommuteMedian":8328,"workHomeCommuteMedian":8888},"geometry":{"type":"Polygon","coordinates":[[[120.99124268084371,24.851037027142457],[120.99124268084371,24.860030230779703],[121.00023588448096,24.860030230779703],[121.00023588448096,24.851037027142457],[120.99124268084371,24.851037027142457]]]}},{"type":"Feature","properties":{"jobs":1866,"pop":1232,"pointCount":7,"homeWorkCommuteMedian":6051,"workHomeCommuteMedian":8742},"geometry":{"type":"Polygon","coordinates":[[[120.99124268084371,24.860030230779703],[120.99124268084371,24.86902343441695],[121.00023588448096,24.86902343441695],[121.00023588448096,24.860030230779703],[120.99124268084371,24.860030230779703]]]}},{"type":"Feature","properties":{"jobs":5815,"pop":6286,"pointCount":17,"homeWorkCommuteMedian":6443,"workHomeCommuteMedian":8295},"geometry":{"type":"Polygon","coordinates":[[[120.99124268084371,24.86902343441695],[120.99124268084371,24.878016638054195],[121.00023588448096,24.878016638054195],[121.00023588448096,24.86902343441695],[120.99124268084371,24.86902343441695]]]}},{"type":"Feature","properties":{"jobs":613,"pop":1551,"pointCount":6,"homeWorkCommuteMedian":6507,"workHomeCommuteMedian":8702},"geometry":{"type":"Polygon","coordinates":[[[120.99124268084371,24.878016638054195],[120.99124268084371,24.88700984169144],[121.00023588448096,24.88700984169144],[121.00023588448096,24.878016638054195],[120.99124268084371,24.878016638054195]]]}},{"type":"Feature","properties":{"jobs":75,"pop":671,"pointCount":5,"homeWorkCommuteMedian":8369,"workHomeCommuteMedian":3293},"geometry":{"type":"Polygon","coordinates":[[[120.99124268084371,24.88700984169144],[120.99124268084371,24.896003045328687],[121.00023588448096,24.896003045328687],[121.00023588448096,24.88700984169144],[120.99124268084371,24.88700984169144]]]}},{"type":"Feature","properties":{"jobs":206,"pop":513,"pointCount":5,"homeWorkCommuteMedian":5720,"workHomeCommuteMedian":19607},"geometry":{"type":"Polygon","coordinates":[[[120.99124268084371,24.896003045328687],[120.99124268084371,24.904996248965933],[121.00023588448096,24.904996248965933],[121.00023588448096,24.896003045328687],[120.99124268084371,24.896003045328687]]]}},{"type":"Feature","properties":{"jobs":25,"pop":398,"pointCount":6,"homeWorkCommuteMedian":8106,"workHomeCommuteMedian":3649},"geometry":{"type":"Polygon","coordinates":[[[120.99124268084371,24.904996248965933],[120.99124268084371,24.91398945260318],[121.00023588448096,24.91398945260318],[121.00023588448096,24.904996248965933],[120.99124268084371,24.904996248965933]]]}},{"type":"Feature","properties":{"jobs":0,"pop":160,"pointCount":2,"homeWorkCommuteMedian":7040,"workHomeCommuteMedian":-1},"geometry":{"type":"Polygon","coordinates":[[[120.99124268084371,24.91398945260318],[120.99124268084371,24.922982656240425],[121.00023588448096,24.922982656240425],[121.00023588448096,24.91398945260318],[120.99124268084371,24.91398945260318]]]}},{"type":"Feature","properties":{"jobs":235,"pop":371,"pointCount":6,"homeWorkCommuteMedian":9679,"workHomeCommuteMedian":6499},"geometry":{"type":"Polygon","coordinates":[[[120.99124268084371,24.922982656240425],[120.99124268084371,24.93197585987767],[121.00023588448096,24.93197585987767],[121.00023588448096,24.922982656240425],[120.99124268084371,24.922982656240425]]]}},{"type":"Feature","properties":{"jobs":0,"pop":105,"pointCount":2,"homeWorkCommuteMedian":23941,"workHomeCommuteMedian":-1},"geometry":{"type":"Polygon","coordinates":[[[120.99124268084371,24.93197585987767],[120.99124268084371,24.940969063514917],[121.00023588448096,24.940969063514917],[121.00023588448096,24.93197585987767],[120.99124268084371,24.93197585987767]]]}},{"type":"Feature","properties":{"jobs":26,"pop":0,"pointCount":1,"homeWorkCommuteMedian":-1,"workHomeCommuteMedian":22898},"geometry":{"type":"Polygon","coordinates":[[[121.00023588448096,24.563254510750586],[121.00023588448096,24.57224771438783],[121.0092290881182,24.57224771438783],[121.0092290881182,24.563254510750586],[121.00023588448096,24.563254510750586]]]}},{"type":"Feature","properties":{"jobs":0,"pop":52,"pointCount":1,"homeWorkCommuteMedian":20233,"workHomeCommuteMedian":-1},"geometry":{"type":"Polygon","coordinates":[[[121.00023588448096,24.581240918025077],[121.00023588448096,24.590234121662323],[121.0092290881182,24.590234121662323],[121.0092290881182,24.581240918025077],[121.00023588448096,24.581240918025077]]]}},{"type":"Feature","properties":{"jobs":129,"pop":294,"pointCount":4,"homeWorkCommuteMedian":9822,"workHomeCommuteMedian":40275},"geometry":{"type":"Polygon","coordinates":[[[121.00023588448096,24.590234121662323],[121.00023588448096,24.59922732529957],[121.0092290881182,24.59922732529957],[121.0092290881182,24.590234121662323],[121.00023588448096,24.590234121662323]]]}},{"type":"Feature","properties":{"jobs":97,"pop":188,"pointCount":4,"homeWorkCommuteMedian":23539,"workHomeCommuteMedian":1916},"geometry":{"type":"Polygon","coordinates":[[[121.00023588448096,24.59922732529957],[121.00023588448096,24.608220528936815],[121.0092290881182,24.608220528936815],[121.0092290881182,24.59922732529957],[121.00023588448096,24.59922732529957]]]}},{"type":"Feature","properties":{"jobs":55,"pop":74,"pointCount":4,"homeWorkCommuteMedian":11828,"workHomeCommuteMedian":8898},"geometry":{"type":"Polygon","coordinates":[[[121.00023588448096,24.608220528936815],[121.00023588448096,24.61721373257406],[121.0092290881182,24.61721373257406],[121.0092290881182,24.608220528936815],[121.00023588448096,24.608220528936815]]]}},{"type":"Feature","properties":{"jobs":0,"pop":121,"pointCount":1,"homeWorkCommuteMedian":38395,"workHomeCommuteMedian":-1},"geometry":{"type":"Polygon","coordinates":[[[121.00023588448096,24.61721373257406],[121.00023588448096,24.626206936211307],[121.0092290881182,24.626206936211307],[121.0092290881182,24.61721373257406],[121.00023588448096,24.61721373257406]]]}},{"type":"Feature","properties":{"jobs":70,"pop":21,"pointCount":3,"homeWorkCommuteMedian":13086,"workHomeCommuteMedian":31471},"geometry":{"type":"Polygon","coordinates":[[[121.00023588448096,24.626206936211307],[121.00023588448096,24.635200139848553],[121.0092290881182,24.635200139848553],[121.0092290881182,24.626206936211307],[121.00023588448096,24.626206936211307]]]}},{"type":"Feature","properties":{"jobs":0,"pop":35,"pointCount":1,"homeWorkCommuteMedian":18258,"workHomeCommuteMedian":-1},"geometry":{"type":"Polygon","coordinates":[[[121.00023588448096,24.635200139848553],[121.00023588448096,24.6441933434858],[121.0092290881182,24.6441933434858],[121.0092290881182,24.635200139848553],[121.00023588448096,24.635200139848553]]]}},{"type":"Feature","properties":{"jobs":0,"pop":30,"pointCount":1,"homeWorkCommuteMedian":23162,"workHomeCommuteMedian":-1},"geometry":{"type":"Polygon","coordinates":[[[121.00023588448096,24.6441933434858],[121.00023588448096,24.653186547123045],[121.0092290881182,24.653186547123045],[121.0092290881182,24.6441933434858],[121.00023588448096,24.6441933434858]]]}},{"type":"Feature","properties":{"jobs":0,"pop":31,"pointCount":1,"homeWorkCommuteMedian":14385,"workHomeCommuteMedian":-1},"geometry":{"type":"Polygon","coordinates":[[[121.00023588448096,24.680166158034783],[121.00023588448096,24.68915936167203],[121.0092290881182,24.68915936167203],[121.0092290881182,24.680166158034783],[121.00023588448096,24.680166158034783]]]}},{"type":"Feature","properties":{"jobs":0,"pop":150,"pointCount":3,"homeWorkCommuteMedian":5340,"workHomeCommuteMedian":-1},"geometry":{"type":"Polygon","coordinates":[[[121.00023588448096,24.68915936167203],[121.00023588448096,24.698152565309275],[121.0092290881182,24.698152565309275],[121.0092290881182,24.68915936167203],[121.00023588448096,24.68915936167203]]]}},{"type":"Feature","properties":{"jobs":0,"pop":33,"pointCount":1,"homeWorkCommuteMedian":13086,"workHomeCommuteMedian":-1},"geometry":{"type":"Polygon","coordinates":[[[121.00023588448096,24.698152565309275],[121.00023588448096,24.70714576894652],[121.0092290881182,24.70714576894652],[121.0092290881182,24.698152565309275],[121.00023588448096,24.698152565309275]]]}},{"type":"Feature","properties":{"jobs":0,"pop":73,"pointCount":2,"homeWorkCommuteMedian":15006,"workHomeCommuteMedian":-1},"geometry":{"type":"Polygon","coordinates":[[[121.00023588448096,24.70714576894652],[121.00023588448096,24.716138972583767],[121.0092290881182,24.716138972583767],[121.0092290881182,24.70714576894652],[121.00023588448096,24.70714576894652]]]}},{"type":"Feature","properties":{"jobs":22,"pop":0,"pointCount":1,"homeWorkCommuteMedian":-1,"workHomeCommuteMedian":24153},"geometry":{"type":"Polygon","coordinates":[[[121.00023588448096,24.716138972583767],[121.00023588448096,24.725132176221013],[121.0092290881182,24.725132176221013],[121.0092290881182,24.716138972583767],[121.00023588448096,24.716138972583767]]]}},{"type":"Feature","properties":{"jobs":0,"pop":51,"pointCount":2,"homeWorkCommuteMedian":18988,"workHomeCommuteMedian":-1},"geometry":{"type":"Polygon","coordinates":[[[121.00023588448096,24.725132176221013],[121.00023588448096,24.73412537985826],[121.0092290881182,24.73412537985826],[121.0092290881182,24.725132176221013],[121.00023588448096,24.725132176221013]]]}},{"type":"Feature","properties":{"jobs":0,"pop":101,"pointCount":3,"homeWorkCommuteMedian":6566,"workHomeCommuteMedian":-1},"geometry":{"type":"Polygon","coordinates":[[[121.00023588448096,24.73412537985826],[121.00023588448096,24.743118583495505],[121.0092290881182,24.743118583495505],[121.0092290881182,24.73412537985826],[121.00023588448096,24.73412537985826]]]}},{"type":"Feature","properties":{"jobs":65,"pop":472,"pointCount":6,"homeWorkCommuteMedian":10702,"workHomeCommuteMedian":14958},"geometry":{"type":"Polygon","coordinates":[[[121.00023588448096,24.743118583495505],[121.00023588448096,24.75211178713275],[121.0092290881182,24.75211178713275],[121.0092290881182,24.743118583495505],[121.00023588448096,24.743118583495505]]]}},{"type":"Feature","properties":{"jobs":291,"pop":432,"pointCount":4,"homeWorkCommuteMedian":9366,"workHomeCommuteMedian":9950},"geometry":{"type":"Polygon","coordinates":[[[121.00023588448096,24.75211178713275],[121.00023588448096,24.761104990769997],[121.0092290881182,24.761104990769997],[121.0092290881182,24.75211178713275],[121.00023588448096,24.75211178713275]]]}},{"type":"Feature","properties":{"jobs":337,"pop":0,"pointCount":3,"homeWorkCommuteMedian":-1,"workHomeCommuteMedian":9278},"geometry":{"type":"Polygon","coordinates":[[[121.00023588448096,24.761104990769997],[121.00023588448096,24.770098194407243],[121.0092290881182,24.770098194407243],[121.0092290881182,24.761104990769997],[121.00023588448096,24.761104990769997]]]}},{"type":"Feature","properties":{"jobs":10275,"pop":244,"pointCount":11,"homeWorkCommuteMedian":2825,"workHomeCommuteMedian":10117},"geometry":{"type":"Polygon","coordinates":[[[121.00023588448096,24.770098194407243],[121.00023588448096,24.77909139804449],[121.0092290881182,24.77909139804449],[121.0092290881182,24.770098194407243],[121.00023588448096,24.770098194407243]]]}},{"type":"Feature","properties":{"jobs":10406,"pop":1069,"pointCount":11,"homeWorkCommuteMedian":4704,"workHomeCommuteMedian":8020},"geometry":{"type":"Polygon","coordinates":[[[121.00023588448096,24.77909139804449],[121.00023588448096,24.788084601681735],[121.0092290881182,24.788084601681735],[121.0092290881182,24.77909139804449],[121.00023588448096,24.77909139804449]]]}},{"type":"Feature","properties":{"jobs":4771,"pop":5401,"pointCount":11,"homeWorkCommuteMedian":4780,"workHomeCommuteMedian":7758},"geometry":{"type":"Polygon","coordinates":[[[121.00023588448096,24.788084601681735],[121.00023588448096,24.79707780531898],[121.0092290881182,24.79707780531898],[121.0092290881182,24.788084601681735],[121.00023588448096,24.788084601681735]]]}},{"type":"Feature","properties":{"jobs":4950,"pop":896,"pointCount":10,"homeWorkCommuteMedian":5419,"workHomeCommuteMedian":7913},"geometry":{"type":"Polygon","coordinates":[[[121.00023588448096,24.79707780531898],[121.00023588448096,24.806071008956227],[121.0092290881182,24.806071008956227],[121.0092290881182,24.79707780531898],[121.00023588448096,24.79707780531898]]]}},{"type":"Feature","properties":{"jobs":280,"pop":1080,"pointCount":7,"homeWorkCommuteMedian":5147,"workHomeCommuteMedian":7428},"geometry":{"type":"Polygon","coordinates":[[[121.00023588448096,24.806071008956227],[121.00023588448096,24.815064212593473],[121.0092290881182,24.815064212593473],[121.0092290881182,24.806071008956227],[121.00023588448096,24.806071008956227]]]}},{"type":"Feature","properties":{"jobs":524,"pop":1809,"pointCount":2,"homeWorkCommuteMedian":6438,"workHomeCommuteMedian":5663},"geometry":{"type":"Polygon","coordinates":[[[121.00023588448096,24.815064212593473],[121.00023588448096,24.82405741623072],[121.0092290881182,24.82405741623072],[121.0092290881182,24.815064212593473],[121.00023588448096,24.815064212593473]]]}},{"type":"Feature","properties":{"jobs":5703,"pop":6364,"pointCount":18,"homeWorkCommuteMedian":5620,"workHomeCommuteMedian":4471},"geometry":{"type":"Polygon","coordinates":[[[121.00023588448096,24.82405741623072],[121.00023588448096,24.833050619867965],[121.0092290881182,24.833050619867965],[121.0092290881182,24.82405741623072],[121.00023588448096,24.82405741623072]]]}},{"type":"Feature","properties":{"jobs":3486,"pop":7441,"pointCount":16,"homeWorkCommuteMedian":6014,"workHomeCommuteMedian":6606},"geometry":{"type":"Polygon","coordinates":[[[121.00023588448096,24.833050619867965],[121.00023588448096,24.84204382350521],[121.0092290881182,24.84204382350521],[121.0092290881182,24.833050619867965],[121.00023588448096,24.833050619867965]]]}},{"type":"Feature","properties":{"jobs":3665,"pop":5198,"pointCount":13,"homeWorkCommuteMedian":6420,"workHomeCommuteMedian":7204},"geometry":{"type":"Polygon","coordinates":[[[121.00023588448096,24.84204382350521],[121.00023588448096,24.851037027142457],[121.0092290881182,24.851037027142457],[121.0092290881182,24.84204382350521],[121.00023588448096,24.84204382350521]]]}},{"type":"Feature","properties":{"jobs":815,"pop":1164,"pointCount":9,"homeWorkCommuteMedian":8028,"workHomeCommuteMedian":8122},"geometry":{"type":"Polygon","coordinates":[[[121.00023588448096,24.851037027142457],[121.00023588448096,24.860030230779703],[121.0092290881182,24.860030230779703],[121.0092290881182,24.851037027142457],[121.00023588448096,24.851037027142457]]]}},{"type":"Feature","properties":{"jobs":7788,"pop":445,"pointCount":9,"homeWorkCommuteMedian":8047,"workHomeCommuteMedian":10170},"geometry":{"type":"Polygon","coordinates":[[[121.00023588448096,24.860030230779703],[121.00023588448096,24.86902343441695],[121.0092290881182,24.86902343441695],[121.0092290881182,24.860030230779703],[121.00023588448096,24.860030230779703]]]}},{"type":"Feature","properties":{"jobs":7243,"pop":678,"pointCount":12,"homeWorkCommuteMedian":8640,"workHomeCommuteMedian":7947},"geometry":{"type":"Polygon","coordinates":[[[121.00023588448096,24.86902343441695],[121.00023588448096,24.878016638054195],[121.0092290881182,24.878016638054195],[121.0092290881182,24.86902343441695],[121.00023588448096,24.86902343441695]]]}},{"type":"Feature","properties":{"jobs":1111,"pop":2162,"pointCount":11,"homeWorkCommuteMedian":4580,"workHomeCommuteMedian":7173},"geometry":{"type":"Polygon","coordinates":[[[121.00023588448096,24.878016638054195],[121.00023588448096,24.88700984169144],[121.0092290881182,24.88700984169144],[121.0092290881182,24.878016638054195],[121.00023588448096,24.878016638054195]]]}},{"type":"Feature","properties":{"jobs":327,"pop":302,"pointCount":5,"homeWorkCommuteMedian":13390,"workHomeCommuteMedian":3803},"geometry":{"type":"Polygon","coordinates":[[[121.00023588448096,24.88700984169144],[121.00023588448096,24.896003045328687],[121.0092290881182,24.896003045328687],[121.0092290881182,24.88700984169144],[121.00023588448096,24.88700984169144]]]}},{"type":"Feature","properties":{"jobs":0,"pop":92,"pointCount":2,"homeWorkCommuteMedian":7141,"workHomeCommuteMedian":-1},"geometry":{"type":"Polygon","coordinates":[[[121.00023588448096,24.896003045328687],[121.00023588448096,24.904996248965933],[121.0092290881182,24.904996248965933],[121.0092290881182,24.896003045328687],[121.00023588448096,24.896003045328687]]]}},{"type":"Feature","properties":{"jobs":44,"pop":132,"pointCount":5,"homeWorkCommuteMedian":5584,"workHomeCommuteMedian":14189},"geometry":{"type":"Polygon","coordinates":[[[121.00023588448096,24.904996248965933],[121.00023588448096,24.91398945260318],[121.0092290881182,24.91398945260318],[121.0092290881182,24.904996248965933],[121.00023588448096,24.904996248965933]]]}},{"type":"Feature","properties":{"jobs":41,"pop":222,"pointCount":5,"homeWorkCommuteMedian":9666,"workHomeCommuteMedian":7304},"geometry":{"type":"Polygon","coordinates":[[[121.00023588448096,24.91398945260318],[121.00023588448096,24.922982656240425],[121.0092290881182,24.922982656240425],[121.0092290881182,24.91398945260318],[121.00023588448096,24.91398945260318]]]}},{"type":"Feature","properties":{"jobs":56,"pop":138,"pointCount":5,"homeWorkCommuteMedian":23662,"workHomeCommuteMedian":6866},"geometry":{"type":"Polygon","coordinates":[[[121.00023588448096,24.922982656240425],[121.00023588448096,24.93197585987767],[121.0092290881182,24.93197585987767],[121.0092290881182,24.922982656240425],[121.00023588448096,24.922982656240425]]]}},{"type":"Feature","properties":{"jobs":213,"pop":87,"pointCount":6,"homeWorkCommuteMedian":20596,"workHomeCommuteMedian":6386},"geometry":{"type":"Polygon","coordinates":[[[121.00023588448096,24.93197585987767],[121.00023588448096,24.940969063514917],[121.0092290881182,24.940969063514917],[121.0092290881182,24.93197585987767],[121.00023588448096,24.93197585987767]]]}},{"type":"Feature","properties":{"jobs":53,"pop":105,"pointCount":3,"homeWorkCommuteMedian":4802,"workHomeCommuteMedian":20442},"geometry":{"type":"Polygon","coordinates":[[[121.0092290881182,24.590234121662323],[121.0092290881182,24.59922732529957],[121.01822229175545,24.59922732529957],[121.01822229175545,24.590234121662323],[121.0092290881182,24.590234121662323]]]}},{"type":"Feature","properties":{"jobs":0,"pop":70,"pointCount":2,"homeWorkCommuteMedian":35066,"workHomeCommuteMedian":-1},"geometry":{"type":"Polygon","coordinates":[[[121.0092290881182,24.608220528936815],[121.0092290881182,24.61721373257406],[121.01822229175545,24.61721373257406],[121.01822229175545,24.608220528936815],[121.0092290881182,24.608220528936815]]]}},{"type":"Feature","properties":{"jobs":23,"pop":151,"pointCount":4,"homeWorkCommuteMedian":31700,"workHomeCommuteMedian":1841},"geometry":{"type":"Polygon","coordinates":[[[121.0092290881182,24.61721373257406],[121.0092290881182,24.626206936211307],[121.01822229175545,24.626206936211307],[121.01822229175545,24.61721373257406],[121.0092290881182,24.61721373257406]]]}},{"type":"Feature","properties":{"jobs":20,"pop":200,"pointCount":4,"homeWorkCommuteMedian":20511,"workHomeCommuteMedian":3272},"geometry":{"type":"Polygon","coordinates":[[[121.0092290881182,24.626206936211307],[121.0092290881182,24.635200139848553],[121.01822229175545,24.635200139848553],[121.01822229175545,24.626206936211307],[121.0092290881182,24.626206936211307]]]}},{"type":"Feature","properties":{"jobs":29,"pop":0,"pointCount":1,"homeWorkCommuteMedian":-1,"workHomeCommuteMedian":8095},"geometry":{"type":"Polygon","coordinates":[[[121.0092290881182,24.635200139848553],[121.0092290881182,24.6441933434858],[121.01822229175545,24.6441933434858],[121.01822229175545,24.635200139848553],[121.0092290881182,24.635200139848553]]]}},{"type":"Feature","properties":{"jobs":0,"pop":57,"pointCount":1,"homeWorkCommuteMedian":18875,"workHomeCommuteMedian":-1},"geometry":{"type":"Polygon","coordinates":[[[121.0092290881182,24.653186547123045],[121.0092290881182,24.66217975076029],[121.01822229175545,24.66217975076029],[121.01822229175545,24.653186547123045],[121.0092290881182,24.653186547123045]]]}},{"type":"Feature","properties":{"jobs":0,"pop":53,"pointCount":2,"homeWorkCommuteMedian":17014,"workHomeCommuteMedian":-1},"geometry":{"type":"Polygon","coordinates":[[[121.0092290881182,24.671172954397537],[121.0092290881182,24.680166158034783],[121.01822229175545,24.680166158034783],[121.01822229175545,24.671172954397537],[121.0092290881182,24.671172954397537]]]}},{"type":"Feature","properties":{"jobs":27,"pop":54,"pointCount":2,"homeWorkCommuteMedian":22858,"workHomeCommuteMedian":20171},"geometry":{"type":"Polygon","coordinates":[[[121.0092290881182,24.680166158034783],[121.0092290881182,24.68915936167203],[121.01822229175545,24.68915936167203],[121.01822229175545,24.680166158034783],[121.0092290881182,24.680166158034783]]]}},{"type":"Feature","properties":{"jobs":53,"pop":113,"pointCount":3,"homeWorkCommuteMedian":12054,"workHomeCommuteMedian":54781},"geometry":{"type":"Polygon","coordinates":[[[121.0092290881182,24.68915936167203],[121.0092290881182,24.698152565309275],[121.01822229175545,24.698152565309275],[121.01822229175545,24.68915936167203],[121.0092290881182,24.68915936167203]]]}},{"type":"Feature","properties":{"jobs":15,"pop":18,"pointCount":2,"homeWorkCommuteMedian":18832,"workHomeCommuteMedian":15446},"geometry":{"type":"Polygon","coordinates":[[[121.0092290881182,24.70714576894652],[121.0092290881182,24.716138972583767],[121.01822229175545,24.716138972583767],[121.01822229175545,24.70714576894652],[121.0092290881182,24.70714576894652]]]}},{"type":"Feature","properties":{"jobs":18,"pop":96,"pointCount":3,"homeWorkCommuteMedian":12150,"workHomeCommuteMedian":14801},"geometry":{"type":"Polygon","coordinates":[[[121.0092290881182,24.716138972583767],[121.0092290881182,24.725132176221013],[121.01822229175545,24.725132176221013],[121.01822229175545,24.716138972583767],[121.0092290881182,24.716138972583767]]]}},{"type":"Feature","properties":{"jobs":0,"pop":84,"pointCount":1,"homeWorkCommuteMedian":10933,"workHomeCommuteMedian":-1},"geometry":{"type":"Polygon","coordinates":[[[121.0092290881182,24.725132176221013],[121.0092290881182,24.73412537985826],[121.01822229175545,24.73412537985826],[121.01822229175545,24.725132176221013],[121.0092290881182,24.725132176221013]]]}},{"type":"Feature","properties":{"jobs":0,"pop":38,"pointCount":1,"homeWorkCommuteMedian":18944,"workHomeCommuteMedian":-1},"geometry":{"type":"Polygon","coordinates":[[[121.0092290881182,24.73412537985826],[121.0092290881182,24.743118583495505],[121.01822229175545,24.743118583495505],[121.01822229175545,24.73412537985826],[121.0092290881182,24.73412537985826]]]}},{"type":"Feature","properties":{"jobs":45,"pop":127,"pointCount":3,"homeWorkCommuteMedian":3634,"workHomeCommuteMedian":6261},"geometry":{"type":"Polygon","coordinates":[[[121.0092290881182,24.743118583495505],[121.0092290881182,24.75211178713275],[121.01822229175545,24.75211178713275],[121.01822229175545,24.743118583495505],[121.0092290881182,24.743118583495505]]]}},{"type":"Feature","properties":{"jobs":0,"pop":512,"pointCount":4,"homeWorkCommuteMedian":3825,"workHomeCommuteMedian":-1},"geometry":{"type":"Polygon","coordinates":[[[121.0092290881182,24.75211178713275],[121.0092290881182,24.761104990769997],[121.01822229175545,24.761104990769997],[121.01822229175545,24.75211178713275],[121.0092290881182,24.75211178713275]]]}},{"type":"Feature","properties":{"jobs":9472,"pop":35,"pointCount":5,"homeWorkCommuteMedian":8205,"workHomeCommuteMedian":12619},"geometry":{"type":"Polygon","coordinates":[[[121.0092290881182,24.761104990769997],[121.0092290881182,24.770098194407243],[121.01822229175545,24.770098194407243],[121.01822229175545,24.761104990769997],[121.0092290881182,24.761104990769997]]]}},{"type":"Feature","properties":{"jobs":27637,"pop":574,"pointCount":11,"homeWorkCommuteMedian":4426,"workHomeCommuteMedian":8990},"geometry":{"type":"Polygon","coordinates":[[[121.0092290881182,24.770098194407243],[121.0092290881182,24.77909139804449],[121.01822229175545,24.77909139804449],[121.01822229175545,24.770098194407243],[121.0092290881182,24.770098194407243]]]}},{"type":"Feature","properties":{"jobs":2691,"pop":10626,"pointCount":17,"homeWorkCommuteMedian":3959,"workHomeCommuteMedian":8898},"geometry":{"type":"Polygon","coordinates":[[[121.0092290881182,24.77909139804449],[121.0092290881182,24.788084601681735],[121.01822229175545,24.788084601681735],[121.01822229175545,24.77909139804449],[121.0092290881182,24.77909139804449]]]}},{"type":"Feature","properties":{"jobs":2858,"pop":7475,"pointCount":12,"homeWorkCommuteMedian":3914,"workHomeCommuteMedian":7302},"geometry":{"type":"Polygon","coordinates":[[[121.0092290881182,24.788084601681735],[121.0092290881182,24.79707780531898],[121.01822229175545,24.79707780531898],[121.01822229175545,24.788084601681735],[121.0092290881182,24.788084601681735]]]}},{"type":"Feature","properties":{"jobs":399,"pop":623,"pointCount":5,"homeWorkCommuteMedian":4792,"workHomeCommuteMedian":7828},"geometry":{"type":"Polygon","coordinates":[[[121.0092290881182,24.79707780531898],[121.0092290881182,24.806071008956227],[121.01822229175545,24.806071008956227],[121.01822229175545,24.79707780531898],[121.0092290881182,24.79707780531898]]]}},{"type":"Feature","properties":{"jobs":352,"pop":299,"pointCount":2,"homeWorkCommuteMedian":2299,"workHomeCommuteMedian":5551},"geometry":{"type":"Polygon","coordinates":[[[121.0092290881182,24.806071008956227],[121.0092290881182,24.815064212593473],[121.01822229175545,24.815064212593473],[121.01822229175545,24.806071008956227],[121.0092290881182,24.806071008956227]]]}},{"type":"Feature","properties":{"jobs":3214,"pop":7467,"pointCount":10,"homeWorkCommuteMedian":5377,"workHomeCommuteMedian":4482},"geometry":{"type":"Polygon","coordinates":[[[121.0092290881182,24.815064212593473],[121.0092290881182,24.82405741623072],[121.01822229175545,24.82405741623072],[121.01822229175545,24.815064212593473],[121.0092290881182,24.815064212593473]]]}},{"type":"Feature","properties":{"jobs":4671,"pop":6427,"pointCount":15,"homeWorkCommuteMedian":5061,"workHomeCommuteMedian":5700},"geometry":{"type":"Polygon","coordinates":[[[121.0092290881182,24.82405741623072],[121.0092290881182,24.833050619867965],[121.01822229175545,24.833050619867965],[121.01822229175545,24.82405741623072],[121.0092290881182,24.82405741623072]]]}},{"type":"Feature","properties":{"jobs":5274,"pop":9586,"pointCount":21,"homeWorkCommuteMedian":5751,"workHomeCommuteMedian":6284},"geometry":{"type":"Polygon","coordinates":[[[121.0092290881182,24.833050619867965],[121.0092290881182,24.84204382350521],[121.01822229175545,24.84204382350521],[121.01822229175545,24.833050619867965],[121.0092290881182,24.833050619867965]]]}},{"type":"Feature","properties":{"jobs":2368,"pop":708,"pointCount":8,"homeWorkCommuteMedian":5719,"workHomeCommuteMedian":5963},"geometry":{"type":"Polygon","coordinates":[[[121.0092290881182,24.84204382350521],[121.0092290881182,24.851037027142457],[121.01822229175545,24.851037027142457],[121.01822229175545,24.84204382350521],[121.0092290881182,24.84204382350521]]]}},{"type":"Feature","properties":{"jobs":3951,"pop":127,"pointCount":7,"homeWorkCommuteMedian":29228,"workHomeCommuteMedian":11694},"geometry":{"type":"Polygon","coordinates":[[[121.0092290881182,24.851037027142457],[121.0092290881182,24.860030230779703],[121.01822229175545,24.860030230779703],[121.01822229175545,24.851037027142457],[121.0092290881182,24.851037027142457]]]}},{"type":"Feature","properties":{"jobs":3714,"pop":0,"pointCount":5,"homeWorkCommuteMedian":-1,"workHomeCommuteMedian":10826},"geometry":{"type":"Polygon","coordinates":[[[121.0092290881182,24.860030230779703],[121.0092290881182,24.86902343441695],[121.01822229175545,24.86902343441695],[121.01822229175545,24.860030230779703],[121.0092290881182,24.860030230779703]]]}},{"type":"Feature","properties":{"jobs":6173,"pop":3087,"pointCount":13,"homeWorkCommuteMedian":7412,"workHomeCommuteMedian":10649},"geometry":{"type":"Polygon","coordinates":[[[121.0092290881182,24.86902343441695],[121.0092290881182,24.878016638054195],[121.01822229175545,24.878016638054195],[121.01822229175545,24.86902343441695],[121.0092290881182,24.86902343441695]]]}},{"type":"Feature","properties":{"jobs":1794,"pop":345,"pointCount":8,"homeWorkCommuteMedian":5146,"workHomeCommuteMedian":9902},"geometry":{"type":"Polygon","coordinates":[[[121.0092290881182,24.878016638054195],[121.0092290881182,24.88700984169144],[121.01822229175545,24.88700984169144],[121.01822229175545,24.878016638054195],[121.0092290881182,24.878016638054195]]]}},{"type":"Feature","properties":{"jobs":535,"pop":586,"pointCount":9,"homeWorkCommuteMedian":5354,"workHomeCommuteMedian":5201},"geometry":{"type":"Polygon","coordinates":[[[121.0092290881182,24.88700984169144],[121.0092290881182,24.896003045328687],[121.01822229175545,24.896003045328687],[121.01822229175545,24.88700984169144],[121.0092290881182,24.88700984169144]]]}},{"type":"Feature","properties":{"jobs":20,"pop":600,"pointCount":6,"homeWorkCommuteMedian":7702,"workHomeCommuteMedian":4834},"geometry":{"type":"Polygon","coordinates":[[[121.0092290881182,24.896003045328687],[121.0092290881182,24.904996248965933],[121.01822229175545,24.904996248965933],[121.01822229175545,24.896003045328687],[121.0092290881182,24.896003045328687]]]}},{"type":"Feature","properties":{"jobs":161,"pop":153,"pointCount":5,"homeWorkCommuteMedian":14192,"workHomeCommuteMedian":3611},"geometry":{"type":"Polygon","coordinates":[[[121.0092290881182,24.904996248965933],[121.0092290881182,24.91398945260318],[121.01822229175545,24.91398945260318],[121.01822229175545,24.904996248965933],[121.0092290881182,24.904996248965933]]]}},{"type":"Feature","properties":{"jobs":0,"pop":244,"pointCount":4,"homeWorkCommuteMedian":13293,"workHomeCommuteMedian":-1},"geometry":{"type":"Polygon","coordinates":[[[121.0092290881182,24.91398945260318],[121.0092290881182,24.922982656240425],[121.01822229175545,24.922982656240425],[121.01822229175545,24.91398945260318],[121.0092290881182,24.91398945260318]]]}},{"type":"Feature","properties":{"jobs":86,"pop":154,"pointCount":6,"homeWorkCommuteMedian":10967,"workHomeCommuteMedian":9682},"geometry":{"type":"Polygon","coordinates":[[[121.0092290881182,24.922982656240425],[121.0092290881182,24.93197585987767],[121.01822229175545,24.93197585987767],[121.01822229175545,24.922982656240425],[121.0092290881182,24.922982656240425]]]}},{"type":"Feature","properties":{"jobs":195,"pop":330,"pointCount":7,"homeWorkCommuteMedian":14410,"workHomeCommuteMedian":5596},"geometry":{"type":"Polygon","coordinates":[[[121.0092290881182,24.93197585987767],[121.0092290881182,24.940969063514917],[121.01822229175545,24.940969063514917],[121.01822229175545,24.93197585987767],[121.0092290881182,24.93197585987767]]]}},{"type":"Feature","properties":{"jobs":0,"pop":60,"pointCount":1,"homeWorkCommuteMedian":44604,"workHomeCommuteMedian":-1},"geometry":{"type":"Polygon","coordinates":[[[121.01822229175545,24.61721373257406],[121.01822229175545,24.626206936211307],[121.0272154953927,24.626206936211307],[121.0272154953927,24.61721373257406],[121.01822229175545,24.61721373257406]]]}},{"type":"Feature","properties":{"jobs":42,"pop":86,"pointCount":3,"homeWorkCommuteMedian":30133,"workHomeCommuteMedian":8516},"geometry":{"type":"Polygon","coordinates":[[[121.01822229175545,24.626206936211307],[121.01822229175545,24.635200139848553],[121.0272154953927,24.635200139848553],[121.0272154953927,24.626206936211307],[121.01822229175545,24.626206936211307]]]}},{"type":"Feature","properties":{"jobs":0,"pop":47,"pointCount":1,"homeWorkCommuteMedian":22073,"workHomeCommuteMedian":-1},"geometry":{"type":"Polygon","coordinates":[[[121.01822229175545,24.6441933434858],[121.01822229175545,24.653186547123045],[121.0272154953927,24.653186547123045],[121.0272154953927,24.6441933434858],[121.01822229175545,24.6441933434858]]]}},{"type":"Feature","properties":{"jobs":33,"pop":42,"pointCount":3,"homeWorkCommuteMedian":31125,"workHomeCommuteMedian":6525},"geometry":{"type":"Polygon","coordinates":[[[121.01822229175545,24.653186547123045],[121.01822229175545,24.66217975076029],[121.0272154953927,24.66217975076029],[121.0272154953927,24.653186547123045],[121.01822229175545,24.653186547123045]]]}},{"type":"Feature","properties":{"jobs":83,"pop":29,"pointCount":2,"homeWorkCommuteMedian":16370,"workHomeCommuteMedian":8689},"geometry":{"type":"Polygon","coordinates":[[[121.01822229175545,24.66217975076029],[121.01822229175545,24.671172954397537],[121.0272154953927,24.671172954397537],[121.0272154953927,24.66217975076029],[121.01822229175545,24.66217975076029]]]}},{"type":"Feature","properties":{"jobs":0,"pop":65,"pointCount":1,"homeWorkCommuteMedian":20840,"workHomeCommuteMedian":-1},"geometry":{"type":"Polygon","coordinates":[[[121.01822229175545,24.671172954397537],[121.01822229175545,24.680166158034783],[121.0272154953927,24.680166158034783],[121.0272154953927,24.671172954397537],[121.01822229175545,24.671172954397537]]]}},{"type":"Feature","properties":{"jobs":53,"pop":371,"pointCount":4,"homeWorkCommuteMedian":19645,"workHomeCommuteMedian":3335},"geometry":{"type":"Polygon","coordinates":[[[121.01822229175545,24.680166158034783],[121.01822229175545,24.68915936167203],[121.0272154953927,24.68915936167203],[121.0272154953927,24.680166158034783],[121.01822229175545,24.680166158034783]]]}},{"type":"Feature","properties":{"jobs":0,"pop":87,"pointCount":1,"homeWorkCommuteMedian":21367,"workHomeCommuteMedian":-1},"geometry":{"type":"Polygon","coordinates":[[[121.01822229175545,24.68915936167203],[121.01822229175545,24.698152565309275],[121.0272154953927,24.698152565309275],[121.0272154953927,24.68915936167203],[121.01822229175545,24.68915936167203]]]}},{"type":"Feature","properties":{"jobs":0,"pop":30,"pointCount":1,"homeWorkCommuteMedian":12207,"workHomeCommuteMedian":-1},"geometry":{"type":"Polygon","coordinates":[[[121.01822229175545,24.698152565309275],[121.01822229175545,24.70714576894652],[121.0272154953927,24.70714576894652],[121.0272154953927,24.698152565309275],[121.01822229175545,24.698152565309275]]]}},{"type":"Feature","properties":{"jobs":0,"pop":17,"pointCount":1,"homeWorkCommuteMedian":10227,"workHomeCommuteMedian":-1},"geometry":{"type":"Polygon","coordinates":[[[121.01822229175545,24.716138972583767],[121.01822229175545,24.725132176221013],[121.0272154953927,24.725132176221013],[121.0272154953927,24.716138972583767],[121.01822229175545,24.716138972583767]]]}},{"type":"Feature","properties":{"jobs":0,"pop":45,"pointCount":1,"homeWorkCommuteMedian":9654,"workHomeCommuteMedian":-1},"geometry":{"type":"Polygon","coordinates":[[[121.01822229175545,24.725132176221013],[121.01822229175545,24.73412537985826],[121.0272154953927,24.73412537985826],[121.0272154953927,24.725132176221013],[121.01822229175545,24.725132176221013]]]}},{"type":"Feature","properties":{"jobs":34,"pop":58,"pointCount":3,"homeWorkCommuteMedian":5285,"workHomeCommuteMedian":10830},"geometry":{"type":"Polygon","coordinates":[[[121.01822229175545,24.73412537985826],[121.01822229175545,24.743118583495505],[121.0272154953927,24.743118583495505],[121.0272154953927,24.73412537985826],[121.01822229175545,24.73412537985826]]]}},{"type":"Feature","properties":{"jobs":25,"pop":182,"pointCount":3,"homeWorkCommuteMedian":5672,"workHomeCommuteMedian":20776},"geometry":{"type":"Polygon","coordinates":[[[121.01822229175545,24.743118583495505],[121.01822229175545,24.75211178713275],[121.0272154953927,24.75211178713275],[121.0272154953927,24.743118583495505],[121.01822229175545,24.743118583495505]]]}},{"type":"Feature","properties":{"jobs":2980,"pop":0,"pointCount":4,"homeWorkCommuteMedian":-1,"workHomeCommuteMedian":10379},"geometry":{"type":"Polygon","coordinates":[[[121.01822229175545,24.75211178713275],[121.01822229175545,24.761104990769997],[121.0272154953927,24.761104990769997],[121.0272154953927,24.75211178713275],[121.01822229175545,24.75211178713275]]]}},{"type":"Feature","properties":{"jobs":23214,"pop":80,"pointCount":13,"homeWorkCommuteMedian":19784,"workHomeCommuteMedian":9112},"geometry":{"type":"Polygon","coordinates":[[[121.01822229175545,24.761104990769997],[121.01822229175545,24.770098194407243],[121.0272154953927,24.770098194407243],[121.0272154953927,24.761104990769997],[121.01822229175545,24.761104990769997]]]}},{"type":"Feature","properties":{"jobs":20254,"pop":2355,"pointCount":12,"homeWorkCommuteMedian":5172,"workHomeCommuteMedian":9017},"geometry":{"type":"Polygon","coordinates":[[[121.01822229175545,24.770098194407243],[121.01822229175545,24.77909139804449],[121.0272154953927,24.77909139804449],[121.0272154953927,24.770098194407243],[121.01822229175545,24.770098194407243]]]}},{"type":"Feature","properties":{"jobs":3453,"pop":5741,"pointCount":14,"homeWorkCommuteMedian":4488,"workHomeCommuteMedian":8014},"geometry":{"type":"Polygon","coordinates":[[[121.01822229175545,24.77909139804449],[121.01822229175545,24.788084601681735],[121.0272154953927,24.788084601681735],[121.0272154953927,24.77909139804449],[121.01822229175545,24.77909139804449]]]}},{"type":"Feature","properties":{"jobs":1281,"pop":1497,"pointCount":10,"homeWorkCommuteMedian":4750,"workHomeCommuteMedian":6316},"geometry":{"type":"Polygon","coordinates":[[[121.01822229175545,24.788084601681735],[121.01822229175545,24.79707780531898],[121.0272154953927,24.79707780531898],[121.0272154953927,24.788084601681735],[121.01822229175545,24.788084601681735]]]}},{"type":"Feature","properties":{"jobs":2541,"pop":4296,"pointCount":8,"homeWorkCommuteMedian":5839,"workHomeCommuteMedian":5118},"geometry":{"type":"Polygon","coordinates":[[[121.01822229175545,24.806071008956227],[121.01822229175545,24.815064212593473],[121.0272154953927,24.815064212593473],[121.0272154953927,24.806071008956227],[121.01822229175545,24.806071008956227]]]}},{"type":"Feature","properties":{"jobs":14075,"pop":6105,"pointCount":11,"homeWorkCommuteMedian":5487,"workHomeCommuteMedian":6448},"geometry":{"type":"Polygon","coordinates":[[[121.01822229175545,24.815064212593473],[121.01822229175545,24.82405741623072],[121.0272154953927,24.82405741623072],[121.0272154953927,24.815064212593473],[121.01822229175545,24.815064212593473]]]}},{"type":"Feature","properties":{"jobs":4134,"pop":4322,"pointCount":10,"homeWorkCommuteMedian":4756,"workHomeCommuteMedian":3943},"geometry":{"type":"Polygon","coordinates":[[[121.01822229175545,24.82405741623072],[121.01822229175545,24.833050619867965],[121.0272154953927,24.833050619867965],[121.0272154953927,24.82405741623072],[121.01822229175545,24.82405741623072]]]}},{"type":"Feature","properties":{"jobs":3368,"pop":5231,"pointCount":12,"homeWorkCommuteMedian":4949,"workHomeCommuteMedian":8444},"geometry":{"type":"Polygon","coordinates":[[[121.01822229175545,24.833050619867965],[121.01822229175545,24.84204382350521],[121.0272154953927,24.84204382350521],[121.0272154953927,24.833050619867965],[121.01822229175545,24.833050619867965]]]}},{"type":"Feature","properties":{"jobs":1285,"pop":456,"pointCount":8,"homeWorkCommuteMedian":9080,"workHomeCommuteMedian":8941},"geometry":{"type":"Polygon","coordinates":[[[121.01822229175545,24.84204382350521],[121.01822229175545,24.851037027142457],[121.0272154953927,24.851037027142457],[121.0272154953927,24.84204382350521],[121.01822229175545,24.84204382350521]]]}},{"type":"Feature","properties":{"jobs":1181,"pop":536,"pointCount":4,"homeWorkCommuteMedian":11298,"workHomeCommuteMedian":9761},"geometry":{"type":"Polygon","coordinates":[[[121.01822229175545,24.851037027142457],[121.01822229175545,24.860030230779703],[121.0272154953927,24.860030230779703],[121.0272154953927,24.851037027142457],[121.01822229175545,24.851037027142457]]]}},{"type":"Feature","properties":{"jobs":5351,"pop":2831,"pointCount":15,"homeWorkCommuteMedian":6954,"workHomeCommuteMedian":11141},"geometry":{"type":"Polygon","coordinates":[[[121.01822229175545,24.860030230779703],[121.01822229175545,24.86902343441695],[121.0272154953927,24.86902343441695],[121.0272154953927,24.860030230779703],[121.01822229175545,24.860030230779703]]]}},{"type":"Feature","properties":{"jobs":4524,"pop":333,"pointCount":10,"homeWorkCommuteMedian":12939,"workHomeCommuteMedian":9026},"geometry":{"type":"Polygon","coordinates":[[[121.01822229175545,24.86902343441695],[121.01822229175545,24.878016638054195],[121.0272154953927,24.878016638054195],[121.0272154953927,24.86902343441695],[121.01822229175545,24.86902343441695]]]}},{"type":"Feature","properties":{"jobs":183,"pop":173,"pointCount":4,"homeWorkCommuteMedian":15172,"workHomeCommuteMedian":6944},"geometry":{"type":"Polygon","coordinates":[[[121.01822229175545,24.878016638054195],[121.01822229175545,24.88700984169144],[121.0272154953927,24.88700984169144],[121.0272154953927,24.878016638054195],[121.01822229175545,24.878016638054195]]]}},{"type":"Feature","properties":{"jobs":259,"pop":827,"pointCount":5,"homeWorkCommuteMedian":5086,"workHomeCommuteMedian":12757},"geometry":{"type":"Polygon","coordinates":[[[121.01822229175545,24.88700984169144],[121.01822229175545,24.896003045328687],[121.0272154953927,24.896003045328687],[121.0272154953927,24.88700984169144],[121.01822229175545,24.88700984169144]]]}},{"type":"Feature","properties":{"jobs":0,"pop":395,"pointCount":5,"homeWorkCommuteMedian":13109,"workHomeCommuteMedian":-1},"geometry":{"type":"Polygon","coordinates":[[[121.01822229175545,24.896003045328687],[121.01822229175545,24.904996248965933],[121.0272154953927,24.904996248965933],[121.0272154953927,24.896003045328687],[121.01822229175545,24.896003045328687]]]}},{"type":"Feature","properties":{"jobs":20,"pop":404,"pointCount":8,"homeWorkCommuteMedian":6186,"workHomeCommuteMedian":7333},"geometry":{"type":"Polygon","coordinates":[[[121.01822229175545,24.904996248965933],[121.01822229175545,24.91398945260318],[121.0272154953927,24.91398945260318],[121.0272154953927,24.904996248965933],[121.01822229175545,24.904996248965933]]]}},{"type":"Feature","properties":{"jobs":15,"pop":301,"pointCount":4,"homeWorkCommuteMedian":20572,"workHomeCommuteMedian":4842},"geometry":{"type":"Polygon","coordinates":[[[121.01822229175545,24.91398945260318],[121.01822229175545,24.922982656240425],[121.0272154953927,24.922982656240425],[121.0272154953927,24.91398945260318],[121.01822229175545,24.91398945260318]]]}},{"type":"Feature","properties":{"jobs":75,"pop":219,"pointCount":5,"homeWorkCommuteMedian":8378,"workHomeCommuteMedian":41723},"geometry":{"type":"Polygon","coordinates":[[[121.01822229175545,24.922982656240425],[121.01822229175545,24.93197585987767],[121.0272154953927,24.93197585987767],[121.0272154953927,24.922982656240425],[121.01822229175545,24.922982656240425]]]}},{"type":"Feature","properties":{"jobs":0,"pop":94,"pointCount":3,"homeWorkCommuteMedian":17556,"workHomeCommuteMedian":-1},"geometry":{"type":"Polygon","coordinates":[[[121.01822229175545,24.93197585987767],[121.01822229175545,24.940969063514917],[121.0272154953927,24.940969063514917],[121.0272154953927,24.93197585987767],[121.01822229175545,24.93197585987767]]]}},{"type":"Feature","properties":{"jobs":0,"pop":15,"pointCount":1,"homeWorkCommuteMedian":6807,"workHomeCommuteMedian":-1},"geometry":{"type":"Polygon","coordinates":[[[121.0272154953927,24.635200139848553],[121.0272154953927,24.6441933434858],[121.03620869902994,24.6441933434858],[121.03620869902994,24.635200139848553],[121.0272154953927,24.635200139848553]]]}},{"type":"Feature","properties":{"jobs":0,"pop":72,"pointCount":2,"homeWorkCommuteMedian":20468,"workHomeCommuteMedian":-1},"geometry":{"type":"Polygon","coordinates":[[[121.0272154953927,24.680166158034783],[121.0272154953927,24.68915936167203],[121.03620869902994,24.68915936167203],[121.03620869902994,24.680166158034783],[121.0272154953927,24.680166158034783]]]}},{"type":"Feature","properties":{"jobs":55,"pop":366,"pointCount":7,"homeWorkCommuteMedian":19462,"workHomeCommuteMedian":5340},"geometry":{"type":"Polygon","coordinates":[[[121.0272154953927,24.68915936167203],[121.0272154953927,24.698152565309275],[121.03620869902994,24.698152565309275],[121.03620869902994,24.68915936167203],[121.0272154953927,24.68915936167203]]]}},{"type":"Feature","properties":{"jobs":0,"pop":22,"pointCount":1,"homeWorkCommuteMedian":16336,"workHomeCommuteMedian":-1},"geometry":{"type":"Polygon","coordinates":[[[121.0272154953927,24.70714576894652],[121.0272154953927,24.716138972583767],[121.03620869902994,24.716138972583767],[121.03620869902994,24.70714576894652],[121.0272154953927,24.70714576894652]]]}},{"type":"Feature","properties":{"jobs":0,"pop":32,"pointCount":1,"homeWorkCommuteMedian":11067,"workHomeCommuteMedian":-1},"geometry":{"type":"Polygon","coordinates":[[[121.0272154953927,24.716138972583767],[121.0272154953927,24.725132176221013],[121.03620869902994,24.725132176221013],[121.03620869902994,24.716138972583767],[121.0272154953927,24.716138972583767]]]}},{"type":"Feature","properties":{"jobs":52,"pop":48,"pointCount":3,"homeWorkCommuteMedian":20024,"workHomeCommuteMedian":6271},"geometry":{"type":"Polygon","coordinates":[[[121.0272154953927,24.725132176221013],[121.0272154953927,24.73412537985826],[121.03620869902994,24.73412537985826],[121.03620869902994,24.725132176221013],[121.0272154953927,24.725132176221013]]]}},{"type":"Feature","properties":{"jobs":0,"pop":51,"pointCount":2,"homeWorkCommuteMedian":20740,"workHomeCommuteMedian":-1},"geometry":{"type":"Polygon","coordinates":[[[121.0272154953927,24.73412537985826],[121.0272154953927,24.743118583495505],[121.03620869902994,24.743118583495505],[121.03620869902994,24.73412537985826],[121.0272154953927,24.73412537985826]]]}},{"type":"Feature","properties":{"jobs":0,"pop":40,"pointCount":2,"homeWorkCommuteMedian":23244,"workHomeCommuteMedian":-1},"geometry":{"type":"Polygon","coordinates":[[[121.0272154953927,24.743118583495505],[121.0272154953927,24.75211178713275],[121.03620869902994,24.75211178713275],[121.03620869902994,24.743118583495505],[121.0272154953927,24.743118583495505]]]}},{"type":"Feature","properties":{"jobs":21,"pop":66,"pointCount":3,"homeWorkCommuteMedian":7260,"workHomeCommuteMedian":9125},"geometry":{"type":"Polygon","coordinates":[[[121.0272154953927,24.75211178713275],[121.0272154953927,24.761104990769997],[121.03620869902994,24.761104990769997],[121.03620869902994,24.75211178713275],[121.0272154953927,24.75211178713275]]]}},{"type":"Feature","properties":{"jobs":504,"pop":44,"pointCount":2,"homeWorkCommuteMedian":7480,"workHomeCommuteMedian":10403},"geometry":{"type":"Polygon","coordinates":[[[121.0272154953927,24.761104990769997],[121.0272154953927,24.770098194407243],[121.03620869902994,24.770098194407243],[121.03620869902994,24.761104990769997],[121.0272154953927,24.761104990769997]]]}},{"type":"Feature","properties":{"jobs":3329,"pop":390,"pointCount":7,"homeWorkCommuteMedian":3666,"workHomeCommuteMedian":9440},"geometry":{"type":"Polygon","coordinates":[[[121.0272154953927,24.770098194407243],[121.0272154953927,24.77909139804449],[121.03620869902994,24.77909139804449],[121.03620869902994,24.770098194407243],[121.0272154953927,24.770098194407243]]]}},{"type":"Feature","properties":{"jobs":757,"pop":2199,"pointCount":11,"homeWorkCommuteMedian":7174,"workHomeCommuteMedian":8558},"geometry":{"type":"Polygon","coordinates":[[[121.0272154953927,24.77909139804449],[121.0272154953927,24.788084601681735],[121.03620869902994,24.788084601681735],[121.03620869902994,24.77909139804449],[121.0272154953927,24.77909139804449]]]}},{"type":"Feature","properties":{"jobs":40,"pop":162,"pointCount":4,"homeWorkCommuteMedian":4968,"workHomeCommuteMedian":13159},"geometry":{"type":"Polygon","coordinates":[[[121.0272154953927,24.788084601681735],[121.0272154953927,24.79707780531898],[121.03620869902994,24.79707780531898],[121.03620869902994,24.788084601681735],[121.0272154953927,24.788084601681735]]]}},{"type":"Feature","properties":{"jobs":1899,"pop":2457,"pointCount":8,"homeWorkCommuteMedian":5966,"workHomeCommuteMedian":9686},"geometry":{"type":"Polygon","coordinates":[[[121.0272154953927,24.79707780531898],[121.0272154953927,24.806071008956227],[121.03620869902994,24.806071008956227],[121.03620869902994,24.79707780531898],[121.0272154953927,24.79707780531898]]]}},{"type":"Feature","properties":{"jobs":5130,"pop":8259,"pointCount":16,"homeWorkCommuteMedian":6045,"workHomeCommuteMedian":8922},"geometry":{"type":"Polygon","coordinates":[[[121.0272154953927,24.806071008956227],[121.0272154953927,24.815064212593473],[121.03620869902994,24.815064212593473],[121.03620869902994,24.806071008956227],[121.0272154953927,24.806071008956227]]]}},{"type":"Feature","properties":{"jobs":7562,"pop":6195,"pointCount":13,"homeWorkCommuteMedian":6170,"workHomeCommuteMedian":7057},"geometry":{"type":"Polygon","coordinates":[[[121.0272154953927,24.815064212593473],[121.0272154953927,24.82405741623072],[121.03620869902994,24.82405741623072],[121.03620869902994,24.815064212593473],[121.0272154953927,24.815064212593473]]]}},{"type":"Feature","properties":{"jobs":3438,"pop":5498,"pointCount":13,"homeWorkCommuteMedian":7039,"workHomeCommuteMedian":8980},"geometry":{"type":"Polygon","coordinates":[[[121.0272154953927,24.82405741623072],[121.0272154953927,24.833050619867965],[121.03620869902994,24.833050619867965],[121.03620869902994,24.82405741623072],[121.0272154953927,24.82405741623072]]]}},{"type":"Feature","properties":{"jobs":348,"pop":410,"pointCount":5,"homeWorkCommuteMedian":22059,"workHomeCommuteMedian":11519},"geometry":{"type":"Polygon","coordinates":[[[121.0272154953927,24.833050619867965],[121.0272154953927,24.84204382350521],[121.03620869902994,24.84204382350521],[121.03620869902994,24.833050619867965],[121.0272154953927,24.833050619867965]]]}},{"type":"Feature","properties":{"jobs":155,"pop":771,"pointCount":11,"homeWorkCommuteMedian":9103,"workHomeCommuteMedian":8352},"geometry":{"type":"Polygon","coordinates":[[[121.0272154953927,24.84204382350521],[121.0272154953927,24.851037027142457],[121.03620869902994,24.851037027142457],[121.03620869902994,24.84204382350521],[121.0272154953927,24.84204382350521]]]}},{"type":"Feature","properties":{"jobs":48,"pop":0,"pointCount":1,"homeWorkCommuteMedian":-1,"workHomeCommuteMedian":16234},"geometry":{"type":"Polygon","coordinates":[[[121.0272154953927,24.851037027142457],[121.0272154953927,24.860030230779703],[121.03620869902994,24.860030230779703],[121.03620869902994,24.851037027142457],[121.0272154953927,24.851037027142457]]]}},{"type":"Feature","properties":{"jobs":323,"pop":1848,"pointCount":6,"homeWorkCommuteMedian":9456,"workHomeCommuteMedian":5375},"geometry":{"type":"Polygon","coordinates":[[[121.0272154953927,24.860030230779703],[121.0272154953927,24.86902343441695],[121.03620869902994,24.86902343441695],[121.03620869902994,24.860030230779703],[121.0272154953927,24.860030230779703]]]}},{"type":"Feature","properties":{"jobs":5633,"pop":2487,"pointCount":15,"homeWorkCommuteMedian":5556,"workHomeCommuteMedian":7552},"geometry":{"type":"Polygon","coordinates":[[[121.0272154953927,24.86902343441695],[121.0272154953927,24.878016638054195],[121.03620869902994,24.878016638054195],[121.03620869902994,24.86902343441695],[121.0272154953927,24.86902343441695]]]}},{"type":"Feature","properties":{"jobs":405,"pop":733,"pointCount":5,"homeWorkCommuteMedian":4114,"workHomeCommuteMedian":13732},"geometry":{"type":"Polygon","coordinates":[[[121.0272154953927,24.878016638054195],[121.0272154953927,24.88700984169144],[121.03620869902994,24.88700984169144],[121.03620869902994,24.878016638054195],[121.0272154953927,24.878016638054195]]]}},{"type":"Feature","properties":{"jobs":312,"pop":418,"pointCount":4,"homeWorkCommuteMedian":17329,"workHomeCommuteMedian":15334},"geometry":{"type":"Polygon","coordinates":[[[121.0272154953927,24.88700984169144],[121.0272154953927,24.896003045328687],[121.03620869902994,24.896003045328687],[121.03620869902994,24.88700984169144],[121.0272154953927,24.88700984169144]]]}},{"type":"Feature","properties":{"jobs":887,"pop":1196,"pointCount":6,"homeWorkCommuteMedian":6564,"workHomeCommuteMedian":4602},"geometry":{"type":"Polygon","coordinates":[[[121.0272154953927,24.896003045328687],[121.0272154953927,24.904996248965933],[121.03620869902994,24.904996248965933],[121.03620869902994,24.896003045328687],[121.0272154953927,24.896003045328687]]]}},{"type":"Feature","properties":{"jobs":25,"pop":406,"pointCount":3,"homeWorkCommuteMedian":18386,"workHomeCommuteMedian":1609},"geometry":{"type":"Polygon","coordinates":[[[121.0272154953927,24.904996248965933],[121.0272154953927,24.91398945260318],[121.03620869902994,24.91398945260318],[121.03620869902994,24.904996248965933],[121.0272154953927,24.904996248965933]]]}},{"type":"Feature","properties":{"jobs":0,"pop":167,"pointCount":2,"homeWorkCommuteMedian":9794,"workHomeCommuteMedian":-1},"geometry":{"type":"Polygon","coordinates":[[[121.0272154953927,24.91398945260318],[121.0272154953927,24.922982656240425],[121.03620869902994,24.922982656240425],[121.03620869902994,24.91398945260318],[121.0272154953927,24.91398945260318]]]}},{"type":"Feature","properties":{"jobs":57,"pop":563,"pointCount":7,"homeWorkCommuteMedian":9269,"workHomeCommuteMedian":7387},"geometry":{"type":"Polygon","coordinates":[[[121.0272154953927,24.922982656240425],[121.0272154953927,24.93197585987767],[121.03620869902994,24.93197585987767],[121.03620869902994,24.922982656240425],[121.0272154953927,24.922982656240425]]]}},{"type":"Feature","properties":{"jobs":20,"pop":41,"pointCount":2,"homeWorkCommuteMedian":6499,"workHomeCommuteMedian":12770},"geometry":{"type":"Polygon","coordinates":[[[121.0272154953927,24.93197585987767],[121.0272154953927,24.940969063514917],[121.03620869902994,24.940969063514917],[121.03620869902994,24.93197585987767],[121.0272154953927,24.93197585987767]]]}},{"type":"Feature","properties":{"jobs":0,"pop":92,"pointCount":1,"homeWorkCommuteMedian":41860,"workHomeCommuteMedian":-1},"geometry":{"type":"Polygon","coordinates":[[[121.03620869902994,24.581240918025077],[121.03620869902994,24.590234121662323],[121.04520190266719,24.590234121662323],[121.04520190266719,24.581240918025077],[121.03620869902994,24.581240918025077]]]}},{"type":"Feature","properties":{"jobs":23,"pop":0,"pointCount":1,"homeWorkCommuteMedian":-1,"workHomeCommuteMedian":10289},"geometry":{"type":"Polygon","coordinates":[[[121.03620869902994,24.590234121662323],[121.03620869902994,24.59922732529957],[121.04520190266719,24.59922732529957],[121.04520190266719,24.590234121662323],[121.03620869902994,24.590234121662323]]]}},{"type":"Feature","properties":{"jobs":23,"pop":304,"pointCount":2,"homeWorkCommuteMedian":37136,"workHomeCommuteMedian":7210},"geometry":{"type":"Polygon","coordinates":[[[121.03620869902994,24.59922732529957],[121.03620869902994,24.608220528936815],[121.04520190266719,24.608220528936815],[121.04520190266719,24.59922732529957],[121.03620869902994,24.59922732529957]]]}},{"type":"Feature","properties":{"jobs":59,"pop":0,"pointCount":1,"homeWorkCommuteMedian":-1,"workHomeCommuteMedian":15033},"geometry":{"type":"Polygon","coordinates":[[[121.03620869902994,24.608220528936815],[121.03620869902994,24.61721373257406],[121.04520190266719,24.61721373257406],[121.04520190266719,24.608220528936815],[121.03620869902994,24.608220528936815]]]}},{"type":"Feature","properties":{"jobs":99,"pop":110,"pointCount":4,"homeWorkCommuteMedian":13454,"workHomeCommuteMedian":4127},"geometry":{"type":"Polygon","coordinates":[[[121.03620869902994,24.68915936167203],[121.03620869902994,24.698152565309275],[121.04520190266719,24.698152565309275],[121.04520190266719,24.68915936167203],[121.03620869902994,24.68915936167203]]]}},{"type":"Feature","properties":{"jobs":0,"pop":81,"pointCount":2,"homeWorkCommuteMedian":10277,"workHomeCommuteMedian":-1},"geometry":{"type":"Polygon","coordinates":[[[121.03620869902994,24.698152565309275],[121.03620869902994,24.70714576894652],[121.04520190266719,24.70714576894652],[121.04520190266719,24.698152565309275],[121.03620869902994,24.698152565309275]]]}},{"type":"Feature","properties":{"jobs":0,"pop":19,"pointCount":1,"homeWorkCommuteMedian":20616,"workHomeCommuteMedian":-1},"geometry":{"type":"Polygon","coordinates":[[[121.03620869902994,24.716138972583767],[121.03620869902994,24.725132176221013],[121.04520190266719,24.725132176221013],[121.04520190266719,24.716138972583767],[121.03620869902994,24.716138972583767]]]}},{"type":"Feature","properties":{"jobs":0,"pop":31,"pointCount":1,"homeWorkCommuteMedian":4699,"workHomeCommuteMedian":-1},"geometry":{"type":"Polygon","coordinates":[[[121.03620869902994,24.725132176221013],[121.03620869902994,24.73412537985826],[121.04520190266719,24.73412537985826],[121.04520190266719,24.725132176221013],[121.03620869902994,24.725132176221013]]]}},{"type":"Feature","properties":{"jobs":60,"pop":212,"pointCount":4,"homeWorkCommuteMedian":8855,"workHomeCommuteMedian":23044},"geometry":{"type":"Polygon","coordinates":[[[121.03620869902994,24.743118583495505],[121.03620869902994,24.75211178713275],[121.04520190266719,24.75211178713275],[121.04520190266719,24.743118583495505],[121.03620869902994,24.743118583495505]]]}},{"type":"Feature","properties":{"jobs":0,"pop":70,"pointCount":3,"homeWorkCommuteMedian":14004,"workHomeCommuteMedian":-1},"geometry":{"type":"Polygon","coordinates":[[[121.03620869902994,24.75211178713275],[121.03620869902994,24.761104990769997],[121.04520190266719,24.761104990769997],[121.04520190266719,24.75211178713275],[121.03620869902994,24.75211178713275]]]}},{"type":"Feature","properties":{"jobs":0,"pop":55,"pointCount":2,"homeWorkCommuteMedian":12157,"workHomeCommuteMedian":-1},"geometry":{"type":"Polygon","coordinates":[[[121.03620869902994,24.761104990769997],[121.03620869902994,24.770098194407243],[121.04520190266719,24.770098194407243],[121.04520190266719,24.761104990769997],[121.03620869902994,24.761104990769997]]]}},{"type":"Feature","properties":{"jobs":1151,"pop":255,"pointCount":8,"homeWorkCommuteMedian":6355,"workHomeCommuteMedian":7313},"geometry":{"type":"Polygon","coordinates":[[[121.03620869902994,24.770098194407243],[121.03620869902994,24.77909139804449],[121.04520190266719,24.77909139804449],[121.04520190266719,24.770098194407243],[121.03620869902994,24.770098194407243]]]}},{"type":"Feature","properties":{"jobs":80,"pop":540,"pointCount":4,"homeWorkCommuteMedian":4582,"workHomeCommuteMedian":8729},"geometry":{"type":"Polygon","coordinates":[[[121.03620869902994,24.77909139804449],[121.03620869902994,24.788084601681735],[121.04520190266719,24.788084601681735],[121.04520190266719,24.77909139804449],[121.03620869902994,24.77909139804449]]]}},{"type":"Feature","properties":{"jobs":0,"pop":63,"pointCount":1,"homeWorkCommuteMedian":4845,"workHomeCommuteMedian":-1},"geometry":{"type":"Polygon","coordinates":[[[121.03620869902994,24.788084601681735],[121.03620869902994,24.79707780531898],[121.04520190266719,24.79707780531898],[121.04520190266719,24.788084601681735],[121.03620869902994,24.788084601681735]]]}},{"type":"Feature","properties":{"jobs":1383,"pop":3023,"pointCount":9,"homeWorkCommuteMedian":6349,"workHomeCommuteMedian":5625},"geometry":{"type":"Polygon","coordinates":[[[121.03620869902994,24.79707780531898],[121.03620869902994,24.806071008956227],[121.04520190266719,24.806071008956227],[121.04520190266719,24.79707780531898],[121.03620869902994,24.79707780531898]]]}},{"type":"Feature","properties":{"jobs":9307,"pop":954,"pointCount":8,"homeWorkCommuteMedian":5508,"workHomeCommuteMedian":6767},"geometry":{"type":"Polygon","coordinates":[[[121.03620869902994,24.806071008956227],[121.03620869902994,24.815064212593473],[121.04520190266719,24.815064212593473],[121.04520190266719,24.806071008956227],[121.03620869902994,24.806071008956227]]]}},{"type":"Feature","properties":{"jobs":0,"pop":420,"pointCount":4,"homeWorkCommuteMedian":7427,"workHomeCommuteMedian":-1},"geometry":{"type":"Polygon","coordinates":[[[121.03620869902994,24.815064212593473],[121.03620869902994,24.82405741623072],[121.04520190266719,24.82405741623072],[121.04520190266719,24.815064212593473],[121.03620869902994,24.815064212593473]]]}},{"type":"Feature","properties":{"jobs":124,"pop":315,"pointCount":4,"homeWorkCommuteMedian":9043,"workHomeCommuteMedian":11728},"geometry":{"type":"Polygon","coordinates":[[[121.03620869902994,24.82405741623072],[121.03620869902994,24.833050619867965],[121.04520190266719,24.833050619867965],[121.04520190266719,24.82405741623072],[121.03620869902994,24.82405741623072]]]}},{"type":"Feature","properties":{"jobs":28,"pop":223,"pointCount":3,"homeWorkCommuteMedian":10269,"workHomeCommuteMedian":40130},"geometry":{"type":"Polygon","coordinates":[[[121.03620869902994,24.833050619867965],[121.03620869902994,24.84204382350521],[121.04520190266719,24.84204382350521],[121.04520190266719,24.833050619867965],[121.03620869902994,24.833050619867965]]]}},{"type":"Feature","properties":{"jobs":263,"pop":364,"pointCount":8,"homeWorkCommuteMedian":6847,"workHomeCommuteMedian":14228},"geometry":{"type":"Polygon","coordinates":[[[121.03620869902994,24.84204382350521],[121.03620869902994,24.851037027142457],[121.04520190266719,24.851037027142457],[121.04520190266719,24.84204382350521],[121.03620869902994,24.84204382350521]]]}},{"type":"Feature","properties":{"jobs":3659,"pop":467,"pointCount":9,"homeWorkCommuteMedian":16284,"workHomeCommuteMedian":26483},"geometry":{"type":"Polygon","coordinates":[[[121.03620869902994,24.86902343441695],[121.03620869902994,24.878016638054195],[121.04520190266719,24.878016638054195],[121.04520190266719,24.86902343441695],[121.03620869902994,24.86902343441695]]]}},{"type":"Feature","properties":{"jobs":543,"pop":564,"pointCount":8,"homeWorkCommuteMedian":4651,"workHomeCommuteMedian":6051},"geometry":{"type":"Polygon","coordinates":[[[121.03620869902994,24.878016638054195],[121.03620869902994,24.88700984169144],[121.04520190266719,24.88700984169144],[121.04520190266719,24.878016638054195],[121.03620869902994,24.878016638054195]]]}},{"type":"Feature","properties":{"jobs":2041,"pop":1661,"pointCount":7,"homeWorkCommuteMedian":4893,"workHomeCommuteMedian":12119},"geometry":{"type":"Polygon","coordinates":[[[121.03620869902994,24.88700984169144],[121.03620869902994,24.896003045328687],[121.04520190266719,24.896003045328687],[121.04520190266719,24.88700984169144],[121.03620869902994,24.88700984169144]]]}},{"type":"Feature","properties":{"jobs":1627,"pop":2865,"pointCount":8,"homeWorkCommuteMedian":6170,"workHomeCommuteMedian":7877},"geometry":{"type":"Polygon","coordinates":[[[121.03620869902994,24.896003045328687],[121.03620869902994,24.904996248965933],[121.04520190266719,24.904996248965933],[121.04520190266719,24.896003045328687],[121.03620869902994,24.896003045328687]]]}},{"type":"Feature","properties":{"jobs":480,"pop":2506,"pointCount":10,"homeWorkCommuteMedian":6794,"workHomeCommuteMedian":20424},"geometry":{"type":"Polygon","coordinates":[[[121.03620869902994,24.904996248965933],[121.03620869902994,24.91398945260318],[121.04520190266719,24.91398945260318],[121.04520190266719,24.904996248965933],[121.03620869902994,24.904996248965933]]]}},{"type":"Feature","properties":{"jobs":508,"pop":878,"pointCount":12,"homeWorkCommuteMedian":10044,"workHomeCommuteMedian":12266},"geometry":{"type":"Polygon","coordinates":[[[121.03620869902994,24.91398945260318],[121.03620869902994,24.922982656240425],[121.04520190266719,24.922982656240425],[121.04520190266719,24.91398945260318],[121.03620869902994,24.91398945260318]]]}},{"type":"Feature","properties":{"jobs":187,"pop":425,"pointCount":8,"homeWorkCommuteMedian":9125,"workHomeCommuteMedian":18634},"geometry":{"type":"Polygon","coordinates":[[[121.03620869902994,24.922982656240425],[121.03620869902994,24.93197585987767],[121.04520190266719,24.93197585987767],[121.04520190266719,24.922982656240425],[121.03620869902994,24.922982656240425]]]}},{"type":"Feature","properties":{"jobs":0,"pop":197,"pointCount":4,"homeWorkCommuteMedian":7858,"workHomeCommuteMedian":-1},"geometry":{"type":"Polygon","coordinates":[[[121.03620869902994,24.93197585987767],[121.03620869902994,24.940969063514917],[121.04520190266719,24.940969063514917],[121.04520190266719,24.93197585987767],[121.03620869902994,24.93197585987767]]]}},{"type":"Feature","properties":{"jobs":0,"pop":172,"pointCount":1,"homeWorkCommuteMedian":40479,"workHomeCommuteMedian":-1},"geometry":{"type":"Polygon","coordinates":[[[121.04520190266719,24.563254510750586],[121.04520190266719,24.57224771438783],[121.05419510630443,24.57224771438783],[121.05419510630443,24.563254510750586],[121.04520190266719,24.563254510750586]]]}},{"type":"Feature","properties":{"jobs":0,"pop":46,"pointCount":1,"homeWorkCommuteMedian":12550,"workHomeCommuteMedian":-1},"geometry":{"type":"Polygon","coordinates":[[[121.04520190266719,24.653186547123045],[121.04520190266719,24.66217975076029],[121.05419510630443,24.66217975076029],[121.05419510630443,24.653186547123045],[121.04520190266719,24.653186547123045]]]}},{"type":"Feature","properties":{"jobs":45,"pop":108,"pointCount":2,"homeWorkCommuteMedian":6331,"workHomeCommuteMedian":4433},"geometry":{"type":"Polygon","coordinates":[[[121.04520190266719,24.671172954397537],[121.04520190266719,24.680166158034783],[121.05419510630443,24.680166158034783],[121.05419510630443,24.671172954397537],[121.04520190266719,24.671172954397537]]]}},{"type":"Feature","properties":{"jobs":22,"pop":254,"pointCount":4,"homeWorkCommuteMedian":34683,"workHomeCommuteMedian":9076},"geometry":{"type":"Polygon","coordinates":[[[121.04520190266719,24.680166158034783],[121.04520190266719,24.68915936167203],[121.05419510630443,24.68915936167203],[121.05419510630443,24.680166158034783],[121.04520190266719,24.680166158034783]]]}},{"type":"Feature","properties":{"jobs":24,"pop":284,"pointCount":3,"homeWorkCommuteMedian":19028,"workHomeCommuteMedian":9513},"geometry":{"type":"Polygon","coordinates":[[[121.04520190266719,24.68915936167203],[121.04520190266719,24.698152565309275],[121.05419510630443,24.698152565309275],[121.05419510630443,24.68915936167203],[121.04520190266719,24.68915936167203]]]}},{"type":"Feature","properties":{"jobs":161,"pop":946,"pointCount":8,"homeWorkCommuteMedian":17801,"workHomeCommuteMedian":9241},"geometry":{"type":"Polygon","coordinates":[[[121.04520190266719,24.698152565309275],[121.04520190266719,24.70714576894652],[121.05419510630443,24.70714576894652],[121.05419510630443,24.698152565309275],[121.04520190266719,24.698152565309275]]]}},{"type":"Feature","properties":{"jobs":0,"pop":38,"pointCount":2,"homeWorkCommuteMedian":9547,"workHomeCommuteMedian":-1},"geometry":{"type":"Polygon","coordinates":[[[121.04520190266719,24.73412537985826],[121.04520190266719,24.743118583495505],[121.05419510630443,24.743118583495505],[121.05419510630443,24.73412537985826],[121.04520190266719,24.73412537985826]]]}},{"type":"Feature","properties":{"jobs":0,"pop":18,"pointCount":1,"homeWorkCommuteMedian":15047,"workHomeCommuteMedian":-1},"geometry":{"type":"Polygon","coordinates":[[[121.04520190266719,24.743118583495505],[121.04520190266719,24.75211178713275],[121.05419510630443,24.75211178713275],[121.05419510630443,24.743118583495505],[121.04520190266719,24.743118583495505]]]}},{"type":"Feature","properties":{"jobs":62,"pop":391,"pointCount":4,"homeWorkCommuteMedian":9228,"workHomeCommuteMedian":5276},"geometry":{"type":"Polygon","coordinates":[[[121.04520190266719,24.75211178713275],[121.04520190266719,24.761104990769997],[121.05419510630443,24.761104990769997],[121.05419510630443,24.75211178713275],[121.04520190266719,24.75211178713275]]]}},{"type":"Feature","properties":{"jobs":283,"pop":317,"pointCount":7,"homeWorkCommuteMedian":7540,"workHomeCommuteMedian":25841},"geometry":{"type":"Polygon","coordinates":[[[121.04520190266719,24.761104990769997],[121.04520190266719,24.770098194407243],[121.05419510630443,24.770098194407243],[121.05419510630443,24.761104990769997],[121.04520190266719,24.761104990769997]]]}},{"type":"Feature","properties":{"jobs":1445,"pop":1064,"pointCount":7,"homeWorkCommuteMedian":6430,"workHomeCommuteMedian":6260},"geometry":{"type":"Polygon","coordinates":[[[121.04520190266719,24.770098194407243],[121.04520190266719,24.77909139804449],[121.05419510630443,24.77909139804449],[121.05419510630443,24.770098194407243],[121.04520190266719,24.770098194407243]]]}},{"type":"Feature","properties":{"jobs":139,"pop":519,"pointCount":9,"homeWorkCommuteMedian":7110,"workHomeCommuteMedian":7008},"geometry":{"type":"Polygon","coordinates":[[[121.04520190266719,24.77909139804449],[121.04520190266719,24.788084601681735],[121.05419510630443,24.788084601681735],[121.05419510630443,24.77909139804449],[121.04520190266719,24.77909139804449]]]}},{"type":"Feature","properties":{"jobs":0,"pop":335,"pointCount":4,"homeWorkCommuteMedian":6714,"workHomeCommuteMedian":-1},"geometry":{"type":"Polygon","coordinates":[[[121.04520190266719,24.788084601681735],[121.04520190266719,24.79707780531898],[121.05419510630443,24.79707780531898],[121.05419510630443,24.788084601681735],[121.04520190266719,24.788084601681735]]]}},{"type":"Feature","properties":{"jobs":669,"pop":271,"pointCount":5,"homeWorkCommuteMedian":6896,"workHomeCommuteMedian":10968},"geometry":{"type":"Polygon","coordinates":[[[121.04520190266719,24.79707780531898],[121.04520190266719,24.806071008956227],[121.05419510630443,24.806071008956227],[121.05419510630443,24.79707780531898],[121.04520190266719,24.79707780531898]]]}},{"type":"Feature","properties":{"jobs":10509,"pop":677,"pointCount":6,"homeWorkCommuteMedian":4113,"workHomeCommuteMedian":8841},"geometry":{"type":"Polygon","coordinates":[[[121.04520190266719,24.806071008956227],[121.04520190266719,24.815064212593473],[121.05419510630443,24.815064212593473],[121.05419510630443,24.806071008956227],[121.04520190266719,24.806071008956227]]]}},{"type":"Feature","properties":{"jobs":38,"pop":0,"pointCount":1,"homeWorkCommuteMedian":-1,"workHomeCommuteMedian":1974},"geometry":{"type":"Polygon","coordinates":[[[121.04520190266719,24.815064212593473],[121.04520190266719,24.82405741623072],[121.05419510630443,24.82405741623072],[121.05419510630443,24.815064212593473],[121.04520190266719,24.815064212593473]]]}},{"type":"Feature","properties":{"jobs":118,"pop":245,"pointCount":6,"homeWorkCommuteMedian":8532,"workHomeCommuteMedian":4386},"geometry":{"type":"Polygon","coordinates":[[[121.04520190266719,24.82405741623072],[121.04520190266719,24.833050619867965],[121.05419510630443,24.833050619867965],[121.05419510630443,24.82405741623072],[121.04520190266719,24.82405741623072]]]}},{"type":"Feature","properties":{"jobs":125,"pop":559,"pointCount":13,"homeWorkCommuteMedian":7788,"workHomeCommuteMedian":5111},"geometry":{"type":"Polygon","coordinates":[[[121.04520190266719,24.833050619867965],[121.04520190266719,24.84204382350521],[121.05419510630443,24.84204382350521],[121.05419510630443,24.833050619867965],[121.04520190266719,24.833050619867965]]]}},{"type":"Feature","properties":{"jobs":0,"pop":119,"pointCount":2,"homeWorkCommuteMedian":16284,"workHomeCommuteMedian":-1},"geometry":{"type":"Polygon","coordinates":[[[121.04520190266719,24.84204382350521],[121.04520190266719,24.851037027142457],[121.05419510630443,24.851037027142457],[121.05419510630443,24.84204382350521],[121.04520190266719,24.84204382350521]]]}},{"type":"Feature","properties":{"jobs":204,"pop":450,"pointCount":3,"homeWorkCommuteMedian":5368,"workHomeCommuteMedian":3636},"geometry":{"type":"Polygon","coordinates":[[[121.04520190266719,24.86902343441695],[121.04520190266719,24.878016638054195],[121.05419510630443,24.878016638054195],[121.05419510630443,24.86902343441695],[121.04520190266719,24.86902343441695]]]}},{"type":"Feature","properties":{"jobs":204,"pop":991,"pointCount":5,"homeWorkCommuteMedian":6706,"workHomeCommuteMedian":12136},"geometry":{"type":"Polygon","coordinates":[[[121.04520190266719,24.878016638054195],[121.04520190266719,24.88700984169144],[121.05419510630443,24.88700984169144],[121.05419510630443,24.878016638054195],[121.04520190266719,24.878016638054195]]]}},{"type":"Feature","properties":{"jobs":1728,"pop":1104,"pointCount":9,"homeWorkCommuteMedian":7128,"workHomeCommuteMedian":12810},"geometry":{"type":"Polygon","coordinates":[[[121.04520190266719,24.88700984169144],[121.04520190266719,24.896003045328687],[121.05419510630443,24.896003045328687],[121.05419510630443,24.88700984169144],[121.04520190266719,24.88700984169144]]]}},{"type":"Feature","properties":{"jobs":3472,"pop":3681,"pointCount":11,"homeWorkCommuteMedian":7931,"workHomeCommuteMedian":4883},"geometry":{"type":"Polygon","coordinates":[[[121.04520190266719,24.896003045328687],[121.04520190266719,24.904996248965933],[121.05419510630443,24.904996248965933],[121.05419510630443,24.896003045328687],[121.04520190266719,24.896003045328687]]]}},{"type":"Feature","properties":{"jobs":2336,"pop":2852,"pointCount":9,"homeWorkCommuteMedian":6135,"workHomeCommuteMedian":8047},"geometry":{"type":"Polygon","coordinates":[[[121.04520190266719,24.904996248965933],[121.04520190266719,24.91398945260318],[121.05419510630443,24.91398945260318],[121.05419510630443,24.904996248965933],[121.04520190266719,24.904996248965933]]]}},{"type":"Feature","properties":{"jobs":1251,"pop":1121,"pointCount":5,"homeWorkCommuteMedian":7295,"workHomeCommuteMedian":8695},"geometry":{"type":"Polygon","coordinates":[[[121.04520190266719,24.91398945260318],[121.04520190266719,24.922982656240425],[121.05419510630443,24.922982656240425],[121.05419510630443,24.91398945260318],[121.04520190266719,24.91398945260318]]]}},{"type":"Feature","properties":{"jobs":0,"pop":34,"pointCount":1,"homeWorkCommuteMedian":2269,"workHomeCommuteMedian":-1},"geometry":{"type":"Polygon","coordinates":[[[121.04520190266719,24.922982656240425],[121.04520190266719,24.93197585987767],[121.05419510630443,24.93197585987767],[121.05419510630443,24.922982656240425],[121.04520190266719,24.922982656240425]]]}},{"type":"Feature","properties":{"jobs":59,"pop":72,"pointCount":2,"homeWorkCommuteMedian":13148,"workHomeCommuteMedian":11489},"geometry":{"type":"Polygon","coordinates":[[[121.04520190266719,24.93197585987767],[121.04520190266719,24.940969063514917],[121.05419510630443,24.940969063514917],[121.05419510630443,24.93197585987767],[121.04520190266719,24.93197585987767]]]}},{"type":"Feature","properties":{"jobs":0,"pop":74,"pointCount":1,"homeWorkCommuteMedian":46330,"workHomeCommuteMedian":-1},"geometry":{"type":"Polygon","coordinates":[[[121.05419510630443,24.59922732529957],[121.05419510630443,24.608220528936815],[121.06318830994168,24.608220528936815],[121.06318830994168,24.59922732529957],[121.05419510630443,24.59922732529957]]]}},{"type":"Feature","properties":{"jobs":33,"pop":153,"pointCount":2,"homeWorkCommuteMedian":18888,"workHomeCommuteMedian":4639},"geometry":{"type":"Polygon","coordinates":[[[121.05419510630443,24.66217975076029],[121.05419510630443,24.671172954397537],[121.06318830994168,24.671172954397537],[121.06318830994168,24.66217975076029],[121.05419510630443,24.66217975076029]]]}},{"type":"Feature","properties":{"jobs":19,"pop":118,"pointCount":1,"homeWorkCommuteMedian":18184,"workHomeCommuteMedian":55118},"geometry":{"type":"Polygon","coordinates":[[[121.05419510630443,24.671172954397537],[121.05419510630443,24.680166158034783],[121.06318830994168,24.680166158034783],[121.06318830994168,24.671172954397537],[121.05419510630443,24.671172954397537]]]}},{"type":"Feature","properties":{"jobs":0,"pop":74,"pointCount":3,"homeWorkCommuteMedian":1542,"workHomeCommuteMedian":-1},"geometry":{"type":"Polygon","coordinates":[[[121.05419510630443,24.68915936167203],[121.05419510630443,24.698152565309275],[121.06318830994168,24.698152565309275],[121.06318830994168,24.68915936167203],[121.05419510630443,24.68915936167203]]]}},{"type":"Feature","properties":{"jobs":355,"pop":2143,"pointCount":12,"homeWorkCommuteMedian":13393,"workHomeCommuteMedian":22059},"geometry":{"type":"Polygon","coordinates":[[[121.05419510630443,24.698152565309275],[121.05419510630443,24.70714576894652],[121.06318830994168,24.70714576894652],[121.06318830994168,24.698152565309275],[121.05419510630443,24.698152565309275]]]}},{"type":"Feature","properties":{"jobs":15,"pop":88,"pointCount":3,"homeWorkCommuteMedian":12895,"workHomeCommuteMedian":21604},"geometry":{"type":"Polygon","coordinates":[[[121.05419510630443,24.70714576894652],[121.05419510630443,24.716138972583767],[121.06318830994168,24.716138972583767],[121.06318830994168,24.70714576894652],[121.05419510630443,24.70714576894652]]]}},{"type":"Feature","properties":{"jobs":0,"pop":53,"pointCount":1,"homeWorkCommuteMedian":12606,"workHomeCommuteMedian":-1},"geometry":{"type":"Polygon","coordinates":[[[121.05419510630443,24.716138972583767],[121.05419510630443,24.725132176221013],[121.06318830994168,24.725132176221013],[121.06318830994168,24.716138972583767],[121.05419510630443,24.716138972583767]]]}},{"type":"Feature","properties":{"jobs":0,"pop":100,"pointCount":1,"homeWorkCommuteMedian":9112,"workHomeCommuteMedian":-1},"geometry":{"type":"Polygon","coordinates":[[[121.05419510630443,24.743118583495505],[121.05419510630443,24.75211178713275],[121.06318830994168,24.75211178713275],[121.06318830994168,24.743118583495505],[121.05419510630443,24.743118583495505]]]}},{"type":"Feature","properties":{"jobs":238,"pop":875,"pointCount":8,"homeWorkCommuteMedian":7943,"workHomeCommuteMedian":12074},"geometry":{"type":"Polygon","coordinates":[[[121.05419510630443,24.75211178713275],[121.05419510630443,24.761104990769997],[121.06318830994168,24.761104990769997],[121.06318830994168,24.75211178713275],[121.05419510630443,24.75211178713275]]]}},{"type":"Feature","properties":{"jobs":824,"pop":3500,"pointCount":14,"homeWorkCommuteMedian":7206,"workHomeCommuteMedian":5651},"geometry":{"type":"Polygon","coordinates":[[[121.05419510630443,24.761104990769997],[121.05419510630443,24.770098194407243],[121.06318830994168,24.770098194407243],[121.06318830994168,24.761104990769997],[121.05419510630443,24.761104990769997]]]}},{"type":"Feature","properties":{"jobs":298,"pop":4522,"pointCount":9,"homeWorkCommuteMedian":7086,"workHomeCommuteMedian":6444},"geometry":{"type":"Polygon","coordinates":[[[121.05419510630443,24.770098194407243],[121.05419510630443,24.77909139804449],[121.06318830994168,24.77909139804449],[121.06318830994168,24.770098194407243],[121.05419510630443,24.770098194407243]]]}},{"type":"Feature","properties":{"jobs":113,"pop":0,"pointCount":1,"homeWorkCommuteMedian":-1,"workHomeCommuteMedian":7834},"geometry":{"type":"Polygon","coordinates":[[[121.05419510630443,24.77909139804449],[121.05419510630443,24.788084601681735],[121.06318830994168,24.788084601681735],[121.06318830994168,24.77909139804449],[121.05419510630443,24.77909139804449]]]}},{"type":"Feature","properties":{"jobs":277,"pop":351,"pointCount":4,"homeWorkCommuteMedian":10993,"workHomeCommuteMedian":4453},"geometry":{"type":"Polygon","coordinates":[[[121.05419510630443,24.788084601681735],[121.05419510630443,24.79707780531898],[121.06318830994168,24.79707780531898],[121.06318830994168,24.788084601681735],[121.05419510630443,24.788084601681735]]]}},{"type":"Feature","properties":{"jobs":46,"pop":603,"pointCount":4,"homeWorkCommuteMedian":6954,"workHomeCommuteMedian":11278},"geometry":{"type":"Polygon","coordinates":[[[121.05419510630443,24.79707780531898],[121.05419510630443,24.806071008956227],[121.06318830994168,24.806071008956227],[121.06318830994168,24.79707780531898],[121.05419510630443,24.79707780531898]]]}},{"type":"Feature","properties":{"jobs":69,"pop":91,"pointCount":4,"homeWorkCommuteMedian":26552,"workHomeCommuteMedian":11504},"geometry":{"type":"Polygon","coordinates":[[[121.05419510630443,24.806071008956227],[121.05419510630443,24.815064212593473],[121.06318830994168,24.815064212593473],[121.06318830994168,24.806071008956227],[121.05419510630443,24.806071008956227]]]}},{"type":"Feature","properties":{"jobs":48,"pop":43,"pointCount":2,"homeWorkCommuteMedian":7406,"workHomeCommuteMedian":7928},"geometry":{"type":"Polygon","coordinates":[[[121.05419510630443,24.815064212593473],[121.05419510630443,24.82405741623072],[121.06318830994168,24.82405741623072],[121.06318830994168,24.815064212593473],[121.05419510630443,24.815064212593473]]]}},{"type":"Feature","properties":{"jobs":1762,"pop":218,"pointCount":6,"homeWorkCommuteMedian":6016,"workHomeCommuteMedian":10716},"geometry":{"type":"Polygon","coordinates":[[[121.05419510630443,24.82405741623072],[121.05419510630443,24.833050619867965],[121.06318830994168,24.833050619867965],[121.06318830994168,24.82405741623072],[121.05419510630443,24.82405741623072]]]}},{"type":"Feature","properties":{"jobs":756,"pop":759,"pointCount":12,"homeWorkCommuteMedian":8101,"workHomeCommuteMedian":7588},"geometry":{"type":"Polygon","coordinates":[[[121.05419510630443,24.833050619867965],[121.05419510630443,24.84204382350521],[121.06318830994168,24.84204382350521],[121.06318830994168,24.833050619867965],[121.05419510630443,24.833050619867965]]]}},{"type":"Feature","properties":{"jobs":0,"pop":80,"pointCount":2,"homeWorkCommuteMedian":13927,"workHomeCommuteMedian":-1},"geometry":{"type":"Polygon","coordinates":[[[121.05419510630443,24.84204382350521],[121.05419510630443,24.851037027142457],[121.06318830994168,24.851037027142457],[121.06318830994168,24.84204382350521],[121.05419510630443,24.84204382350521]]]}},{"type":"Feature","properties":{"jobs":500,"pop":512,"pointCount":4,"homeWorkCommuteMedian":14776,"workHomeCommuteMedian":19252},"geometry":{"type":"Polygon","coordinates":[[[121.05419510630443,24.86902343441695],[121.05419510630443,24.878016638054195],[121.06318830994168,24.878016638054195],[121.06318830994168,24.86902343441695],[121.05419510630443,24.86902343441695]]]}},{"type":"Feature","properties":{"jobs":438,"pop":307,"pointCount":7,"homeWorkCommuteMedian":4981,"workHomeCommuteMedian":13868},"geometry":{"type":"Polygon","coordinates":[[[121.05419510630443,24.878016638054195],[121.05419510630443,24.88700984169144],[121.06318830994168,24.88700984169144],[121.06318830994168,24.878016638054195],[121.05419510630443,24.878016638054195]]]}},{"type":"Feature","properties":{"jobs":169,"pop":585,"pointCount":4,"homeWorkCommuteMedian":7287,"workHomeCommuteMedian":5992},"geometry":{"type":"Polygon","coordinates":[[[121.05419510630443,24.88700984169144],[121.05419510630443,24.896003045328687],[121.06318830994168,24.896003045328687],[121.06318830994168,24.88700984169144],[121.05419510630443,24.88700984169144]]]}},{"type":"Feature","properties":{"jobs":740,"pop":1716,"pointCount":7,"homeWorkCommuteMedian":16646,"workHomeCommuteMedian":15351},"geometry":{"type":"Polygon","coordinates":[[[121.05419510630443,24.896003045328687],[121.05419510630443,24.904996248965933],[121.06318830994168,24.904996248965933],[121.06318830994168,24.896003045328687],[121.05419510630443,24.896003045328687]]]}},{"type":"Feature","properties":{"jobs":97,"pop":261,"pointCount":2,"homeWorkCommuteMedian":22402,"workHomeCommuteMedian":28659},"geometry":{"type":"Polygon","coordinates":[[[121.05419510630443,24.904996248965933],[121.05419510630443,24.91398945260318],[121.06318830994168,24.91398945260318],[121.06318830994168,24.904996248965933],[121.05419510630443,24.904996248965933]]]}},{"type":"Feature","properties":{"jobs":1487,"pop":652,"pointCount":5,"homeWorkCommuteMedian":6814,"workHomeCommuteMedian":8557},"geometry":{"type":"Polygon","coordinates":[[[121.05419510630443,24.91398945260318],[121.05419510630443,24.922982656240425],[121.06318830994168,24.922982656240425],[121.06318830994168,24.91398945260318],[121.05419510630443,24.91398945260318]]]}},{"type":"Feature","properties":{"jobs":68,"pop":431,"pointCount":4,"homeWorkCommuteMedian":8170,"workHomeCommuteMedian":17368},"geometry":{"type":"Polygon","coordinates":[[[121.05419510630443,24.922982656240425],[121.05419510630443,24.93197585987767],[121.06318830994168,24.93197585987767],[121.06318830994168,24.922982656240425],[121.05419510630443,24.922982656240425]]]}},{"type":"Feature","properties":{"jobs":0,"pop":23,"pointCount":1,"homeWorkCommuteMedian":25437,"workHomeCommuteMedian":-1},"geometry":{"type":"Polygon","coordinates":[[[121.05419510630443,24.93197585987767],[121.05419510630443,24.940969063514917],[121.06318830994168,24.940969063514917],[121.06318830994168,24.93197585987767],[121.05419510630443,24.93197585987767]]]}},{"type":"Feature","properties":{"jobs":0,"pop":25,"pointCount":1,"homeWorkCommuteMedian":33348,"workHomeCommuteMedian":-1},"geometry":{"type":"Polygon","coordinates":[[[121.06318830994168,24.635200139848553],[121.06318830994168,24.6441933434858],[121.07218151357893,24.6441933434858],[121.07218151357893,24.635200139848553],[121.06318830994168,24.635200139848553]]]}},{"type":"Feature","properties":{"jobs":0,"pop":36,"pointCount":1,"homeWorkCommuteMedian":30252,"workHomeCommuteMedian":-1},"geometry":{"type":"Polygon","coordinates":[[[121.06318830994168,24.6441933434858],[121.06318830994168,24.653186547123045],[121.07218151357893,24.653186547123045],[121.07218151357893,24.6441933434858],[121.06318830994168,24.6441933434858]]]}},{"type":"Feature","properties":{"jobs":112,"pop":30,"pointCount":3,"homeWorkCommuteMedian":16554,"workHomeCommuteMedian":7518},"geometry":{"type":"Polygon","coordinates":[[[121.06318830994168,24.671172954397537],[121.06318830994168,24.680166158034783],[121.07218151357893,24.680166158034783],[121.07218151357893,24.671172954397537],[121.06318830994168,24.671172954397537]]]}},{"type":"Feature","properties":{"jobs":0,"pop":20,"pointCount":1,"homeWorkCommuteMedian":8969,"workHomeCommuteMedian":-1},"geometry":{"type":"Polygon","coordinates":[[[121.06318830994168,24.680166158034783],[121.06318830994168,24.68915936167203],[121.07218151357893,24.68915936167203],[121.07218151357893,24.680166158034783],[121.06318830994168,24.680166158034783]]]}},{"type":"Feature","properties":{"jobs":45,"pop":85,"pointCount":5,"homeWorkCommuteMedian":15478,"workHomeCommuteMedian":5807},"geometry":{"type":"Polygon","coordinates":[[[121.06318830994168,24.68915936167203],[121.06318830994168,24.698152565309275],[121.07218151357893,24.698152565309275],[121.07218151357893,24.68915936167203],[121.06318830994168,24.68915936167203]]]}},{"type":"Feature","properties":{"jobs":343,"pop":72,"pointCount":3,"homeWorkCommuteMedian":23720,"workHomeCommuteMedian":16452},"geometry":{"type":"Polygon","coordinates":[[[121.06318830994168,24.698152565309275],[121.06318830994168,24.70714576894652],[121.07218151357893,24.70714576894652],[121.07218151357893,24.698152565309275],[121.06318830994168,24.698152565309275]]]}},{"type":"Feature","properties":{"jobs":72,"pop":59,"pointCount":3,"homeWorkCommuteMedian":29189,"workHomeCommuteMedian":2428},"geometry":{"type":"Polygon","coordinates":[[[121.06318830994168,24.70714576894652],[121.06318830994168,24.716138972583767],[121.07218151357893,24.716138972583767],[121.07218151357893,24.70714576894652],[121.06318830994168,24.70714576894652]]]}},{"type":"Feature","properties":{"jobs":73,"pop":66,"pointCount":2,"homeWorkCommuteMedian":7285,"workHomeCommuteMedian":2080},"geometry":{"type":"Polygon","coordinates":[[[121.06318830994168,24.743118583495505],[121.06318830994168,24.75211178713275],[121.07218151357893,24.75211178713275],[121.07218151357893,24.743118583495505],[121.06318830994168,24.743118583495505]]]}},{"type":"Feature","properties":{"jobs":704,"pop":1333,"pointCount":11,"homeWorkCommuteMedian":8528,"workHomeCommuteMedian":6265},"geometry":{"type":"Polygon","coordinates":[[[121.06318830994168,24.75211178713275],[121.06318830994168,24.761104990769997],[121.07218151357893,24.761104990769997],[121.07218151357893,24.75211178713275],[121.06318830994168,24.75211178713275]]]}},{"type":"Feature","properties":{"jobs":23,"pop":842,"pointCount":5,"homeWorkCommuteMedian":8953,"workHomeCommuteMedian":15166},"geometry":{"type":"Polygon","coordinates":[[[121.06318830994168,24.77909139804449],[121.06318830994168,24.788084601681735],[121.07218151357893,24.788084601681735],[121.07218151357893,24.77909139804449],[121.06318830994168,24.77909139804449]]]}},{"type":"Feature","properties":{"jobs":152,"pop":758,"pointCount":7,"homeWorkCommuteMedian":9853,"workHomeCommuteMedian":15932},"geometry":{"type":"Polygon","coordinates":[[[121.06318830994168,24.788084601681735],[121.06318830994168,24.79707780531898],[121.07218151357893,24.79707780531898],[121.07218151357893,24.788084601681735],[121.06318830994168,24.788084601681735]]]}},{"type":"Feature","properties":{"jobs":0,"pop":228,"pointCount":3,"homeWorkCommuteMedian":11967,"workHomeCommuteMedian":-1},"geometry":{"type":"Polygon","coordinates":[[[121.06318830994168,24.79707780531898],[121.06318830994168,24.806071008956227],[121.07218151357893,24.806071008956227],[121.07218151357893,24.79707780531898],[121.06318830994168,24.79707780531898]]]}},{"type":"Feature","properties":{"jobs":145,"pop":264,"pointCount":5,"homeWorkCommuteMedian":12082,"workHomeCommuteMedian":4109},"geometry":{"type":"Polygon","coordinates":[[[121.06318830994168,24.815064212593473],[121.06318830994168,24.82405741623072],[121.07218151357893,24.82405741623072],[121.07218151357893,24.815064212593473],[121.06318830994168,24.815064212593473]]]}},{"type":"Feature","properties":{"jobs":524,"pop":1338,"pointCount":14,"homeWorkCommuteMedian":9622,"workHomeCommuteMedian":2554},"geometry":{"type":"Polygon","coordinates":[[[121.06318830994168,24.82405741623072],[121.06318830994168,24.833050619867965],[121.07218151357893,24.833050619867965],[121.07218151357893,24.82405741623072],[121.06318830994168,24.82405741623072]]]}},{"type":"Feature","properties":{"jobs":43,"pop":199,"pointCount":4,"homeWorkCommuteMedian":14121,"workHomeCommuteMedian":27413},"geometry":{"type":"Polygon","coordinates":[[[121.06318830994168,24.833050619867965],[121.06318830994168,24.84204382350521],[121.07218151357893,24.84204382350521],[121.07218151357893,24.833050619867965],[121.06318830994168,24.833050619867965]]]}},{"type":"Feature","properties":{"jobs":40,"pop":242,"pointCount":6,"homeWorkCommuteMedian":6760,"workHomeCommuteMedian":8564},"geometry":{"type":"Polygon","coordinates":[[[121.06318830994168,24.84204382350521],[121.06318830994168,24.851037027142457],[121.07218151357893,24.851037027142457],[121.07218151357893,24.84204382350521],[121.06318830994168,24.84204382350521]]]}},{"type":"Feature","properties":{"jobs":0,"pop":64,"pointCount":2,"homeWorkCommuteMedian":32779,"workHomeCommuteMedian":-1},"geometry":{"type":"Polygon","coordinates":[[[121.06318830994168,24.851037027142457],[121.06318830994168,24.860030230779703],[121.07218151357893,24.860030230779703],[121.07218151357893,24.851037027142457],[121.06318830994168,24.851037027142457]]]}},{"type":"Feature","properties":{"jobs":27,"pop":70,"pointCount":2,"homeWorkCommuteMedian":11492,"workHomeCommuteMedian":22047},"geometry":{"type":"Polygon","coordinates":[[[121.06318830994168,24.86902343441695],[121.06318830994168,24.878016638054195],[121.07218151357893,24.878016638054195],[121.07218151357893,24.86902343441695],[121.06318830994168,24.86902343441695]]]}},{"type":"Feature","properties":{"jobs":290,"pop":384,"pointCount":8,"homeWorkCommuteMedian":9377,"workHomeCommuteMedian":9383},"geometry":{"type":"Polygon","coordinates":[[[121.06318830994168,24.878016638054195],[121.06318830994168,24.88700984169144],[121.07218151357893,24.88700984169144],[121.07218151357893,24.878016638054195],[121.06318830994168,24.878016638054195]]]}},{"type":"Feature","properties":{"jobs":243,"pop":761,"pointCount":10,"homeWorkCommuteMedian":4344,"workHomeCommuteMedian":11425},"geometry":{"type":"Polygon","coordinates":[[[121.06318830994168,24.88700984169144],[121.06318830994168,24.896003045328687],[121.07218151357893,24.896003045328687],[121.07218151357893,24.88700984169144],[121.06318830994168,24.88700984169144]]]}},{"type":"Feature","properties":{"jobs":48,"pop":280,"pointCount":4,"homeWorkCommuteMedian":9747,"workHomeCommuteMedian":36898},"geometry":{"type":"Polygon","coordinates":[[[121.06318830994168,24.896003045328687],[121.06318830994168,24.904996248965933],[121.07218151357893,24.904996248965933],[121.07218151357893,24.896003045328687],[121.06318830994168,24.896003045328687]]]}},{"type":"Feature","properties":{"jobs":0,"pop":15,"pointCount":1,"homeWorkCommuteMedian":30936,"workHomeCommuteMedian":-1},"geometry":{"type":"Polygon","coordinates":[[[121.07218151357893,24.66217975076029],[121.07218151357893,24.671172954397537],[121.08117471721617,24.671172954397537],[121.08117471721617,24.66217975076029],[121.07218151357893,24.66217975076029]]]}},{"type":"Feature","properties":{"jobs":0,"pop":69,"pointCount":2,"homeWorkCommuteMedian":21130,"workHomeCommuteMedian":-1},"geometry":{"type":"Polygon","coordinates":[[[121.07218151357893,24.680166158034783],[121.07218151357893,24.68915936167203],[121.08117471721617,24.68915936167203],[121.08117471721617,24.680166158034783],[121.07218151357893,24.680166158034783]]]}},{"type":"Feature","properties":{"jobs":0,"pop":36,"pointCount":2,"homeWorkCommuteMedian":20855,"workHomeCommuteMedian":-1},"geometry":{"type":"Polygon","coordinates":[[[121.07218151357893,24.68915936167203],[121.07218151357893,24.698152565309275],[121.08117471721617,24.698152565309275],[121.08117471721617,24.68915936167203],[121.07218151357893,24.68915936167203]]]}},{"type":"Feature","properties":{"jobs":15,"pop":17,"pointCount":2,"homeWorkCommuteMedian":13388,"workHomeCommuteMedian":6331},"geometry":{"type":"Polygon","coordinates":[[[121.07218151357893,24.70714576894652],[121.07218151357893,24.716138972583767],[121.08117471721617,24.716138972583767],[121.08117471721617,24.70714576894652],[121.07218151357893,24.70714576894652]]]}},{"type":"Feature","properties":{"jobs":158,"pop":594,"pointCount":5,"homeWorkCommuteMedian":12190,"workHomeCommuteMedian":7916},"geometry":{"type":"Polygon","coordinates":[[[121.07218151357893,24.716138972583767],[121.07218151357893,24.725132176221013],[121.08117471721617,24.725132176221013],[121.08117471721617,24.716138972583767],[121.07218151357893,24.716138972583767]]]}},{"type":"Feature","properties":{"jobs":0,"pop":751,"pointCount":3,"homeWorkCommuteMedian":10306,"workHomeCommuteMedian":-1},"geometry":{"type":"Polygon","coordinates":[[[121.07218151357893,24.73412537985826],[121.07218151357893,24.743118583495505],[121.08117471721617,24.743118583495505],[121.08117471721617,24.73412537985826],[121.07218151357893,24.73412537985826]]]}},{"type":"Feature","properties":{"jobs":678,"pop":2550,"pointCount":9,"homeWorkCommuteMedian":9901,"workHomeCommuteMedian":2949},"geometry":{"type":"Polygon","coordinates":[[[121.07218151357893,24.743118583495505],[121.07218151357893,24.75211178713275],[121.08117471721617,24.75211178713275],[121.08117471721617,24.743118583495505],[121.07218151357893,24.743118583495505]]]}},{"type":"Feature","properties":{"jobs":272,"pop":166,"pointCount":4,"homeWorkCommuteMedian":13345,"workHomeCommuteMedian":4134},"geometry":{"type":"Polygon","coordinates":[[[121.07218151357893,24.75211178713275],[121.07218151357893,24.761104990769997],[121.08117471721617,24.761104990769997],[121.08117471721617,24.75211178713275],[121.07218151357893,24.75211178713275]]]}},{"type":"Feature","properties":{"jobs":375,"pop":138,"pointCount":4,"homeWorkCommuteMedian":14836,"workHomeCommuteMedian":8259},"geometry":{"type":"Polygon","coordinates":[[[121.07218151357893,24.761104990769997],[121.07218151357893,24.770098194407243],[121.08117471721617,24.770098194407243],[121.08117471721617,24.761104990769997],[121.07218151357893,24.761104990769997]]]}},{"type":"Feature","properties":{"jobs":633,"pop":1702,"pointCount":13,"homeWorkCommuteMedian":12050,"workHomeCommuteMedian":8477},"geometry":{"type":"Polygon","coordinates":[[[121.07218151357893,24.770098194407243],[121.07218151357893,24.77909139804449],[121.08117471721617,24.77909139804449],[121.08117471721617,24.770098194407243],[121.07218151357893,24.770098194407243]]]}},{"type":"Feature","properties":{"jobs":262,"pop":1046,"pointCount":7,"homeWorkCommuteMedian":8731,"workHomeCommuteMedian":21025},"geometry":{"type":"Polygon","coordinates":[[[121.07218151357893,24.77909139804449],[121.07218151357893,24.788084601681735],[121.08117471721617,24.788084601681735],[121.08117471721617,24.77909139804449],[121.07218151357893,24.77909139804449]]]}},{"type":"Feature","properties":{"jobs":83,"pop":571,"pointCount":4,"homeWorkCommuteMedian":7356,"workHomeCommuteMedian":19645},"geometry":{"type":"Polygon","coordinates":[[[121.07218151357893,24.788084601681735],[121.07218151357893,24.79707780531898],[121.08117471721617,24.79707780531898],[121.08117471721617,24.788084601681735],[121.07218151357893,24.788084601681735]]]}},{"type":"Feature","properties":{"jobs":0,"pop":20,"pointCount":1,"homeWorkCommuteMedian":13504,"workHomeCommuteMedian":-1},"geometry":{"type":"Polygon","coordinates":[[[121.07218151357893,24.79707780531898],[121.07218151357893,24.806071008956227],[121.08117471721617,24.806071008956227],[121.08117471721617,24.79707780531898],[121.07218151357893,24.79707780531898]]]}},{"type":"Feature","properties":{"jobs":18,"pop":87,"pointCount":3,"homeWorkCommuteMedian":4548,"workHomeCommuteMedian":19032},"geometry":{"type":"Polygon","coordinates":[[[121.07218151357893,24.806071008956227],[121.07218151357893,24.815064212593473],[121.08117471721617,24.815064212593473],[121.08117471721617,24.806071008956227],[121.07218151357893,24.806071008956227]]]}},{"type":"Feature","properties":{"jobs":384,"pop":270,"pointCount":6,"homeWorkCommuteMedian":11837,"workHomeCommuteMedian":5517},"geometry":{"type":"Polygon","coordinates":[[[121.07218151357893,24.815064212593473],[121.07218151357893,24.82405741623072],[121.08117471721617,24.82405741623072],[121.08117471721617,24.815064212593473],[121.07218151357893,24.815064212593473]]]}},{"type":"Feature","properties":{"jobs":685,"pop":1555,"pointCount":8,"homeWorkCommuteMedian":9435,"workHomeCommuteMedian":5394},"geometry":{"type":"Polygon","coordinates":[[[121.07218151357893,24.82405741623072],[121.07218151357893,24.833050619867965],[121.08117471721617,24.833050619867965],[121.08117471721617,24.82405741623072],[121.07218151357893,24.82405741623072]]]}},{"type":"Feature","properties":{"jobs":189,"pop":98,"pointCount":5,"homeWorkCommuteMedian":11362,"workHomeCommuteMedian":29627},"geometry":{"type":"Polygon","coordinates":[[[121.07218151357893,24.833050619867965],[121.07218151357893,24.84204382350521],[121.08117471721617,24.84204382350521],[121.08117471721617,24.833050619867965],[121.07218151357893,24.833050619867965]]]}},{"type":"Feature","properties":{"jobs":107,"pop":76,"pointCount":3,"homeWorkCommuteMedian":18024,"workHomeCommuteMedian":6845},"geometry":{"type":"Polygon","coordinates":[[[121.07218151357893,24.84204382350521],[121.07218151357893,24.851037027142457],[121.08117471721617,24.851037027142457],[121.08117471721617,24.84204382350521],[121.07218151357893,24.84204382350521]]]}},{"type":"Feature","properties":{"jobs":22,"pop":51,"pointCount":2,"homeWorkCommuteMedian":5273,"workHomeCommuteMedian":1682},"geometry":{"type":"Polygon","coordinates":[[[121.07218151357893,24.851037027142457],[121.07218151357893,24.860030230779703],[121.08117471721617,24.860030230779703],[121.08117471721617,24.851037027142457],[121.07218151357893,24.851037027142457]]]}},{"type":"Feature","properties":{"jobs":64,"pop":43,"pointCount":3,"homeWorkCommuteMedian":9886,"workHomeCommuteMedian":52730},"geometry":{"type":"Polygon","coordinates":[[[121.07218151357893,24.86902343441695],[121.07218151357893,24.878016638054195],[121.08117471721617,24.878016638054195],[121.08117471721617,24.86902343441695],[121.07218151357893,24.86902343441695]]]}},{"type":"Feature","properties":{"jobs":958,"pop":150,"pointCount":9,"homeWorkCommuteMedian":8414,"workHomeCommuteMedian":20273},"geometry":{"type":"Polygon","coordinates":[[[121.07218151357893,24.878016638054195],[121.07218151357893,24.88700984169144],[121.08117471721617,24.88700984169144],[121.08117471721617,24.878016638054195],[121.07218151357893,24.878016638054195]]]}},{"type":"Feature","properties":{"jobs":137,"pop":342,"pointCount":6,"homeWorkCommuteMedian":6003,"workHomeCommuteMedian":20666},"geometry":{"type":"Polygon","coordinates":[[[121.07218151357893,24.88700984169144],[121.07218151357893,24.896003045328687],[121.08117471721617,24.896003045328687],[121.08117471721617,24.88700984169144],[121.07218151357893,24.88700984169144]]]}},{"type":"Feature","properties":{"jobs":0,"pop":190,"pointCount":1,"homeWorkCommuteMedian":8942,"workHomeCommuteMedian":-1},"geometry":{"type":"Polygon","coordinates":[[[121.07218151357893,24.896003045328687],[121.07218151357893,24.904996248965933],[121.08117471721617,24.904996248965933],[121.08117471721617,24.896003045328687],[121.07218151357893,24.896003045328687]]]}},{"type":"Feature","properties":{"jobs":18,"pop":0,"pointCount":1,"homeWorkCommuteMedian":-1,"workHomeCommuteMedian":28188},"geometry":{"type":"Polygon","coordinates":[[[121.08117471721617,24.635200139848553],[121.08117471721617,24.6441933434858],[121.09016792085342,24.6441933434858],[121.09016792085342,24.635200139848553],[121.08117471721617,24.635200139848553]]]}},{"type":"Feature","properties":{"jobs":42,"pop":33,"pointCount":1,"homeWorkCommuteMedian":25513,"workHomeCommuteMedian":11231},"geometry":{"type":"Polygon","coordinates":[[[121.08117471721617,24.6441933434858],[121.08117471721617,24.653186547123045],[121.09016792085342,24.653186547123045],[121.09016792085342,24.6441933434858],[121.08117471721617,24.6441933434858]]]}},{"type":"Feature","properties":{"jobs":0,"pop":21,"pointCount":1,"homeWorkCommuteMedian":21941,"workHomeCommuteMedian":-1},"geometry":{"type":"Polygon","coordinates":[[[121.08117471721617,24.671172954397537],[121.08117471721617,24.680166158034783],[121.09016792085342,24.680166158034783],[121.09016792085342,24.671172954397537],[121.08117471721617,24.671172954397537]]]}},{"type":"Feature","properties":{"jobs":0,"pop":38,"pointCount":2,"homeWorkCommuteMedian":29986,"workHomeCommuteMedian":-1},"geometry":{"type":"Polygon","coordinates":[[[121.08117471721617,24.680166158034783],[121.08117471721617,24.68915936167203],[121.09016792085342,24.68915936167203],[121.09016792085342,24.680166158034783],[121.08117471721617,24.680166158034783]]]}},{"type":"Feature","properties":{"jobs":0,"pop":23,"pointCount":1,"homeWorkCommuteMedian":22920,"workHomeCommuteMedian":-1},"geometry":{"type":"Polygon","coordinates":[[[121.08117471721617,24.68915936167203],[121.08117471721617,24.698152565309275],[121.09016792085342,24.698152565309275],[121.09016792085342,24.68915936167203],[121.08117471721617,24.68915936167203]]]}},{"type":"Feature","properties":{"jobs":0,"pop":73,"pointCount":2,"homeWorkCommuteMedian":25592,"workHomeCommuteMedian":-1},"geometry":{"type":"Polygon","coordinates":[[[121.08117471721617,24.698152565309275],[121.08117471721617,24.70714576894652],[121.09016792085342,24.70714576894652],[121.09016792085342,24.698152565309275],[121.08117471721617,24.698152565309275]]]}},{"type":"Feature","properties":{"jobs":127,"pop":1258,"pointCount":3,"homeWorkCommuteMedian":12760,"workHomeCommuteMedian":58192},"geometry":{"type":"Polygon","coordinates":[[[121.08117471721617,24.716138972583767],[121.08117471721617,24.725132176221013],[121.09016792085342,24.725132176221013],[121.09016792085342,24.716138972583767],[121.08117471721617,24.716138972583767]]]}},{"type":"Feature","properties":{"jobs":974,"pop":5028,"pointCount":12,"homeWorkCommuteMedian":12183,"workHomeCommuteMedian":2078},"geometry":{"type":"Polygon","coordinates":[[[121.08117471721617,24.725132176221013],[121.08117471721617,24.73412537985826],[121.09016792085342,24.73412537985826],[121.09016792085342,24.725132176221013],[121.08117471721617,24.725132176221013]]]}},{"type":"Feature","properties":{"jobs":4052,"pop":8506,"pointCount":20,"homeWorkCommuteMedian":10233,"workHomeCommuteMedian":3763},"geometry":{"type":"Polygon","coordinates":[[[121.08117471721617,24.73412537985826],[121.08117471721617,24.743118583495505],[121.09016792085342,24.743118583495505],[121.09016792085342,24.73412537985826],[121.08117471721617,24.73412537985826]]]}},{"type":"Feature","properties":{"jobs":1592,"pop":4100,"pointCount":6,"homeWorkCommuteMedian":10576,"workHomeCommuteMedian":3513},"geometry":{"type":"Polygon","coordinates":[[[121.08117471721617,24.743118583495505],[121.08117471721617,24.75211178713275],[121.09016792085342,24.75211178713275],[121.09016792085342,24.743118583495505],[121.08117471721617,24.743118583495505]]]}},{"type":"Feature","properties":{"jobs":34,"pop":160,"pointCount":3,"homeWorkCommuteMedian":12261,"workHomeCommuteMedian":14391},"geometry":{"type":"Polygon","coordinates":[[[121.08117471721617,24.75211178713275],[121.08117471721617,24.761104990769997],[121.09016792085342,24.761104990769997],[121.09016792085342,24.75211178713275],[121.08117471721617,24.75211178713275]]]}},{"type":"Feature","properties":{"jobs":346,"pop":443,"pointCount":10,"homeWorkCommuteMedian":9301,"workHomeCommuteMedian":4280},"geometry":{"type":"Polygon","coordinates":[[[121.08117471721617,24.761104990769997],[121.08117471721617,24.770098194407243],[121.09016792085342,24.770098194407243],[121.09016792085342,24.761104990769997],[121.08117471721617,24.761104990769997]]]}},{"type":"Feature","properties":{"jobs":1638,"pop":1399,"pointCount":9,"homeWorkCommuteMedian":9974,"workHomeCommuteMedian":9417},"geometry":{"type":"Polygon","coordinates":[[[121.08117471721617,24.770098194407243],[121.08117471721617,24.77909139804449],[121.09016792085342,24.77909139804449],[121.09016792085342,24.770098194407243],[121.08117471721617,24.770098194407243]]]}},{"type":"Feature","properties":{"jobs":506,"pop":76,"pointCount":2,"homeWorkCommuteMedian":8522,"workHomeCommuteMedian":5202},"geometry":{"type":"Polygon","coordinates":[[[121.08117471721617,24.77909139804449],[121.08117471721617,24.788084601681735],[121.09016792085342,24.788084601681735],[121.09016792085342,24.77909139804449],[121.08117471721617,24.77909139804449]]]}},{"type":"Feature","properties":{"jobs":49,"pop":37,"pointCount":2,"homeWorkCommuteMedian":14052,"workHomeCommuteMedian":21714},"geometry":{"type":"Polygon","coordinates":[[[121.08117471721617,24.788084601681735],[121.08117471721617,24.79707780531898],[121.09016792085342,24.79707780531898],[121.09016792085342,24.788084601681735],[121.08117471721617,24.788084601681735]]]}},{"type":"Feature","properties":{"jobs":31,"pop":123,"pointCount":4,"homeWorkCommuteMedian":15745,"workHomeCommuteMedian":39052},"geometry":{"type":"Polygon","coordinates":[[[121.08117471721617,24.79707780531898],[121.08117471721617,24.806071008956227],[121.09016792085342,24.806071008956227],[121.09016792085342,24.79707780531898],[121.08117471721617,24.79707780531898]]]}},{"type":"Feature","properties":{"jobs":374,"pop":39,"pointCount":4,"homeWorkCommuteMedian":3805,"workHomeCommuteMedian":11123},"geometry":{"type":"Polygon","coordinates":[[[121.08117471721617,24.806071008956227],[121.08117471721617,24.815064212593473],[121.09016792085342,24.815064212593473],[121.09016792085342,24.806071008956227],[121.08117471721617,24.806071008956227]]]}},{"type":"Feature","properties":{"jobs":93,"pop":215,"pointCount":3,"homeWorkCommuteMedian":13181,"workHomeCommuteMedian":7343},"geometry":{"type":"Polygon","coordinates":[[[121.08117471721617,24.815064212593473],[121.08117471721617,24.82405741623072],[121.09016792085342,24.82405741623072],[121.09016792085342,24.815064212593473],[121.08117471721617,24.815064212593473]]]}},{"type":"Feature","properties":{"jobs":812,"pop":2320,"pointCount":12,"homeWorkCommuteMedian":8757,"workHomeCommuteMedian":6460},"geometry":{"type":"Polygon","coordinates":[[[121.08117471721617,24.82405741623072],[121.08117471721617,24.833050619867965],[121.09016792085342,24.833050619867965],[121.09016792085342,24.82405741623072],[121.08117471721617,24.82405741623072]]]}},{"type":"Feature","properties":{"jobs":0,"pop":215,"pointCount":3,"homeWorkCommuteMedian":11533,"workHomeCommuteMedian":-1},"geometry":{"type":"Polygon","coordinates":[[[121.08117471721617,24.833050619867965],[121.08117471721617,24.84204382350521],[121.09016792085342,24.84204382350521],[121.09016792085342,24.833050619867965],[121.08117471721617,24.833050619867965]]]}},{"type":"Feature","properties":{"jobs":38,"pop":163,"pointCount":6,"homeWorkCommuteMedian":7219,"workHomeCommuteMedian":6011},"geometry":{"type":"Polygon","coordinates":[[[121.08117471721617,24.851037027142457],[121.08117471721617,24.860030230779703],[121.09016792085342,24.860030230779703],[121.09016792085342,24.851037027142457],[121.08117471721617,24.851037027142457]]]}},{"type":"Feature","properties":{"jobs":17,"pop":57,"pointCount":3,"homeWorkCommuteMedian":14382,"workHomeCommuteMedian":18113},"geometry":{"type":"Polygon","coordinates":[[[121.08117471721617,24.86902343441695],[121.08117471721617,24.878016638054195],[121.09016792085342,24.878016638054195],[121.09016792085342,24.86902343441695],[121.08117471721617,24.86902343441695]]]}},{"type":"Feature","properties":{"jobs":87,"pop":130,"pointCount":3,"homeWorkCommuteMedian":7551,"workHomeCommuteMedian":34683},"geometry":{"type":"Polygon","coordinates":[[[121.08117471721617,24.878016638054195],[121.08117471721617,24.88700984169144],[121.09016792085342,24.88700984169144],[121.09016792085342,24.878016638054195],[121.08117471721617,24.878016638054195]]]}},{"type":"Feature","properties":{"jobs":141,"pop":422,"pointCount":7,"homeWorkCommuteMedian":13092,"workHomeCommuteMedian":7151},"geometry":{"type":"Polygon","coordinates":[[[121.08117471721617,24.88700984169144],[121.08117471721617,24.896003045328687],[121.09016792085342,24.896003045328687],[121.09016792085342,24.88700984169144],[121.08117471721617,24.88700984169144]]]}},{"type":"Feature","properties":{"jobs":0,"pop":115,"pointCount":1,"homeWorkCommuteMedian":19889,"workHomeCommuteMedian":-1},"geometry":{"type":"Polygon","coordinates":[[[121.08117471721617,24.896003045328687],[121.08117471721617,24.904996248965933],[121.09016792085342,24.904996248965933],[121.09016792085342,24.896003045328687],[121.08117471721617,24.896003045328687]]]}},{"type":"Feature","properties":{"jobs":51,"pop":0,"pointCount":2,"homeWorkCommuteMedian":-1,"workHomeCommuteMedian":11381},"geometry":{"type":"Polygon","coordinates":[[[121.09016792085342,24.653186547123045],[121.09016792085342,24.66217975076029],[121.09916112449066,24.66217975076029],[121.09916112449066,24.653186547123045],[121.09016792085342,24.653186547123045]]]}},{"type":"Feature","properties":{"jobs":0,"pop":65,"pointCount":1,"homeWorkCommuteMedian":8958,"workHomeCommuteMedian":-1},"geometry":{"type":"Polygon","coordinates":[[[121.09016792085342,24.66217975076029],[121.09016792085342,24.671172954397537],[121.09916112449066,24.671172954397537],[121.09916112449066,24.66217975076029],[121.09016792085342,24.66217975076029]]]}},{"type":"Feature","properties":{"jobs":21,"pop":0,"pointCount":1,"homeWorkCommuteMedian":-1,"workHomeCommuteMedian":13562},"geometry":{"type":"Polygon","coordinates":[[[121.09016792085342,24.671172954397537],[121.09016792085342,24.680166158034783],[121.09916112449066,24.680166158034783],[121.09916112449066,24.671172954397537],[121.09016792085342,24.671172954397537]]]}},{"type":"Feature","properties":{"jobs":0,"pop":28,"pointCount":1,"homeWorkCommuteMedian":22372,"workHomeCommuteMedian":-1},"geometry":{"type":"Polygon","coordinates":[[[121.09016792085342,24.680166158034783],[121.09016792085342,24.68915936167203],[121.09916112449066,24.68915936167203],[121.09916112449066,24.680166158034783],[121.09016792085342,24.680166158034783]]]}},{"type":"Feature","properties":{"jobs":70,"pop":190,"pointCount":4,"homeWorkCommuteMedian":14735,"workHomeCommuteMedian":16379},"geometry":{"type":"Polygon","coordinates":[[[121.09016792085342,24.68915936167203],[121.09016792085342,24.698152565309275],[121.09916112449066,24.698152565309275],[121.09916112449066,24.68915936167203],[121.09016792085342,24.68915936167203]]]}},{"type":"Feature","properties":{"jobs":194,"pop":90,"pointCount":4,"homeWorkCommuteMedian":17325,"workHomeCommuteMedian":5918},"geometry":{"type":"Polygon","coordinates":[[[121.09016792085342,24.698152565309275],[121.09016792085342,24.70714576894652],[121.09916112449066,24.70714576894652],[121.09916112449066,24.698152565309275],[121.09016792085342,24.698152565309275]]]}},{"type":"Feature","properties":{"jobs":196,"pop":581,"pointCount":5,"homeWorkCommuteMedian":4510,"workHomeCommuteMedian":8040},"geometry":{"type":"Polygon","coordinates":[[[121.09016792085342,24.70714576894652],[121.09016792085342,24.716138972583767],[121.09916112449066,24.716138972583767],[121.09916112449066,24.70714576894652],[121.09016792085342,24.70714576894652]]]}},{"type":"Feature","properties":{"jobs":3380,"pop":5593,"pointCount":14,"homeWorkCommuteMedian":12005,"workHomeCommuteMedian":4278},"geometry":{"type":"Polygon","coordinates":[[[121.09016792085342,24.716138972583767],[121.09016792085342,24.725132176221013],[121.09916112449066,24.725132176221013],[121.09916112449066,24.716138972583767],[121.09016792085342,24.716138972583767]]]}},{"type":"Feature","properties":{"jobs":2002,"pop":2599,"pointCount":12,"homeWorkCommuteMedian":12826,"workHomeCommuteMedian":2632},"geometry":{"type":"Polygon","coordinates":[[[121.09016792085342,24.725132176221013],[121.09016792085342,24.73412537985826],[121.09916112449066,24.73412537985826],[121.09916112449066,24.725132176221013],[121.09016792085342,24.725132176221013]]]}},{"type":"Feature","properties":{"jobs":3488,"pop":5573,"pointCount":13,"homeWorkCommuteMedian":10358,"workHomeCommuteMedian":3800},"geometry":{"type":"Polygon","coordinates":[[[121.09016792085342,24.73412537985826],[121.09016792085342,24.743118583495505],[121.09916112449066,24.743118583495505],[121.09916112449066,24.73412537985826],[121.09016792085342,24.73412537985826]]]}},{"type":"Feature","properties":{"jobs":299,"pop":177,"pointCount":5,"homeWorkCommuteMedian":12701,"workHomeCommuteMedian":26371},"geometry":{"type":"Polygon","coordinates":[[[121.09016792085342,24.743118583495505],[121.09016792085342,24.75211178713275],[121.09916112449066,24.75211178713275],[121.09916112449066,24.743118583495505],[121.09016792085342,24.743118583495505]]]}},{"type":"Feature","properties":{"jobs":66,"pop":710,"pointCount":5,"homeWorkCommuteMedian":13635,"workHomeCommuteMedian":13465},"geometry":{"type":"Polygon","coordinates":[[[121.09016792085342,24.75211178713275],[121.09016792085342,24.761104990769997],[121.09916112449066,24.761104990769997],[121.09916112449066,24.75211178713275],[121.09016792085342,24.75211178713275]]]}},{"type":"Feature","properties":{"jobs":200,"pop":308,"pointCount":4,"homeWorkCommuteMedian":15252,"workHomeCommuteMedian":9353},"geometry":{"type":"Polygon","coordinates":[[[121.09016792085342,24.761104990769997],[121.09016792085342,24.770098194407243],[121.09916112449066,24.770098194407243],[121.09916112449066,24.761104990769997],[121.09016792085342,24.761104990769997]]]}},{"type":"Feature","properties":{"jobs":47,"pop":389,"pointCount":5,"homeWorkCommuteMedian":13609,"workHomeCommuteMedian":25860},"geometry":{"type":"Polygon","coordinates":[[[121.09016792085342,24.770098194407243],[121.09016792085342,24.77909139804449],[121.09916112449066,24.77909139804449],[121.09916112449066,24.770098194407243],[121.09016792085342,24.770098194407243]]]}},{"type":"Feature","properties":{"jobs":25,"pop":227,"pointCount":3,"homeWorkCommuteMedian":15513,"workHomeCommuteMedian":22156},"geometry":{"type":"Polygon","coordinates":[[[121.09016792085342,24.77909139804449],[121.09016792085342,24.788084601681735],[121.09916112449066,24.788084601681735],[121.09916112449066,24.77909139804449],[121.09016792085342,24.77909139804449]]]}},{"type":"Feature","properties":{"jobs":19,"pop":17,"pointCount":2,"homeWorkCommuteMedian":11444,"workHomeCommuteMedian":21006},"geometry":{"type":"Polygon","coordinates":[[[121.09016792085342,24.788084601681735],[121.09016792085342,24.79707780531898],[121.09916112449066,24.79707780531898],[121.09916112449066,24.788084601681735],[121.09016792085342,24.788084601681735]]]}},{"type":"Feature","properties":{"jobs":0,"pop":32,"pointCount":1,"homeWorkCommuteMedian":1698,"workHomeCommuteMedian":-1},"geometry":{"type":"Polygon","coordinates":[[[121.09016792085342,24.79707780531898],[121.09016792085342,24.806071008956227],[121.09916112449066,24.806071008956227],[121.09916112449066,24.79707780531898],[121.09016792085342,24.79707780531898]]]}},{"type":"Feature","properties":{"jobs":93,"pop":108,"pointCount":3,"homeWorkCommuteMedian":14208,"workHomeCommuteMedian":46448},"geometry":{"type":"Polygon","coordinates":[[[121.09016792085342,24.806071008956227],[121.09016792085342,24.815064212593473],[121.09916112449066,24.815064212593473],[121.09916112449066,24.806071008956227],[121.09016792085342,24.806071008956227]]]}},{"type":"Feature","properties":{"jobs":118,"pop":275,"pointCount":4,"homeWorkCommuteMedian":14459,"workHomeCommuteMedian":3102},"geometry":{"type":"Polygon","coordinates":[[[121.09016792085342,24.815064212593473],[121.09016792085342,24.82405741623072],[121.09916112449066,24.82405741623072],[121.09916112449066,24.815064212593473],[121.09016792085342,24.815064212593473]]]}},{"type":"Feature","properties":{"jobs":35,"pop":359,"pointCount":2,"homeWorkCommuteMedian":12427,"workHomeCommuteMedian":37569},"geometry":{"type":"Polygon","coordinates":[[[121.09016792085342,24.82405741623072],[121.09016792085342,24.833050619867965],[121.09916112449066,24.833050619867965],[121.09916112449066,24.82405741623072],[121.09016792085342,24.82405741623072]]]}},{"type":"Feature","properties":{"jobs":60,"pop":342,"pointCount":4,"homeWorkCommuteMedian":15488,"workHomeCommuteMedian":3537},"geometry":{"type":"Polygon","coordinates":[[[121.09016792085342,24.833050619867965],[121.09016792085342,24.84204382350521],[121.09916112449066,24.84204382350521],[121.09916112449066,24.833050619867965],[121.09016792085342,24.833050619867965]]]}},{"type":"Feature","properties":{"jobs":0,"pop":16,"pointCount":1,"homeWorkCommuteMedian":11460,"workHomeCommuteMedian":-1},"geometry":{"type":"Polygon","coordinates":[[[121.09016792085342,24.84204382350521],[121.09016792085342,24.851037027142457],[121.09916112449066,24.851037027142457],[121.09916112449066,24.84204382350521],[121.09016792085342,24.84204382350521]]]}},{"type":"Feature","properties":{"jobs":77,"pop":76,"pointCount":5,"homeWorkCommuteMedian":12152,"workHomeCommuteMedian":49690},"geometry":{"type":"Polygon","coordinates":[[[121.09016792085342,24.851037027142457],[121.09016792085342,24.860030230779703],[121.09916112449066,24.860030230779703],[121.09916112449066,24.851037027142457],[121.09016792085342,24.851037027142457]]]}},{"type":"Feature","properties":{"jobs":0,"pop":56,"pointCount":2,"homeWorkCommuteMedian":12053,"workHomeCommuteMedian":-1},"geometry":{"type":"Polygon","coordinates":[[[121.09016792085342,24.860030230779703],[121.09016792085342,24.86902343441695],[121.09916112449066,24.86902343441695],[121.09916112449066,24.860030230779703],[121.09016792085342,24.860030230779703]]]}},{"type":"Feature","properties":{"jobs":23,"pop":62,"pointCount":2,"homeWorkCommuteMedian":20540,"workHomeCommuteMedian":21301},"geometry":{"type":"Polygon","coordinates":[[[121.09016792085342,24.86902343441695],[121.09016792085342,24.878016638054195],[121.09916112449066,24.878016638054195],[121.09916112449066,24.86902343441695],[121.09016792085342,24.86902343441695]]]}},{"type":"Feature","properties":{"jobs":86,"pop":332,"pointCount":3,"homeWorkCommuteMedian":11572,"workHomeCommuteMedian":6135},"geometry":{"type":"Polygon","coordinates":[[[121.09016792085342,24.878016638054195],[121.09016792085342,24.88700984169144],[121.09916112449066,24.88700984169144],[121.09916112449066,24.878016638054195],[121.09016792085342,24.878016638054195]]]}},{"type":"Feature","properties":{"jobs":944,"pop":0,"pointCount":5,"homeWorkCommuteMedian":-1,"workHomeCommuteMedian":8798},"geometry":{"type":"Polygon","coordinates":[[[121.09016792085342,24.88700984169144],[121.09016792085342,24.896003045328687],[121.09916112449066,24.896003045328687],[121.09916112449066,24.88700984169144],[121.09016792085342,24.88700984169144]]]}},{"type":"Feature","properties":{"jobs":42,"pop":0,"pointCount":1,"homeWorkCommuteMedian":-1,"workHomeCommuteMedian":14751},"geometry":{"type":"Polygon","coordinates":[[[121.09916112449066,24.6441933434858],[121.09916112449066,24.653186547123045],[121.10815432812791,24.653186547123045],[121.10815432812791,24.6441933434858],[121.09916112449066,24.6441933434858]]]}},{"type":"Feature","properties":{"jobs":20,"pop":0,"pointCount":1,"homeWorkCommuteMedian":-1,"workHomeCommuteMedian":7403},"geometry":{"type":"Polygon","coordinates":[[[121.09916112449066,24.66217975076029],[121.09916112449066,24.671172954397537],[121.10815432812791,24.671172954397537],[121.10815432812791,24.66217975076029],[121.09916112449066,24.66217975076029]]]}},{"type":"Feature","properties":{"jobs":57,"pop":32,"pointCount":2,"homeWorkCommuteMedian":5789,"workHomeCommuteMedian":11921},"geometry":{"type":"Polygon","coordinates":[[[121.09916112449066,24.680166158034783],[121.09916112449066,24.68915936167203],[121.10815432812791,24.68915936167203],[121.10815432812791,24.680166158034783],[121.09916112449066,24.680166158034783]]]}},{"type":"Feature","properties":{"jobs":0,"pop":136,"pointCount":2,"homeWorkCommuteMedian":8389,"workHomeCommuteMedian":-1},"geometry":{"type":"Polygon","coordinates":[[[121.09916112449066,24.68915936167203],[121.09916112449066,24.698152565309275],[121.10815432812791,24.698152565309275],[121.10815432812791,24.68915936167203],[121.09916112449066,24.68915936167203]]]}},{"type":"Feature","properties":{"jobs":45,"pop":218,"pointCount":5,"homeWorkCommuteMedian":17121,"workHomeCommuteMedian":53954},"geometry":{"type":"Polygon","coordinates":[[[121.09916112449066,24.698152565309275],[121.09916112449066,24.70714576894652],[121.10815432812791,24.70714576894652],[121.10815432812791,24.698152565309275],[121.09916112449066,24.698152565309275]]]}},{"type":"Feature","properties":{"jobs":177,"pop":348,"pointCount":3,"homeWorkCommuteMedian":13604,"workHomeCommuteMedian":30567},"geometry":{"type":"Polygon","coordinates":[[[121.09916112449066,24.70714576894652],[121.09916112449066,24.716138972583767],[121.10815432812791,24.716138972583767],[121.10815432812791,24.70714576894652],[121.09916112449066,24.70714576894652]]]}},{"type":"Feature","properties":{"jobs":2484,"pop":846,"pointCount":6,"homeWorkCommuteMedian":14666,"workHomeCommuteMedian":3512},"geometry":{"type":"Polygon","coordinates":[[[121.09916112449066,24.716138972583767],[121.09916112449066,24.725132176221013],[121.10815432812791,24.725132176221013],[121.10815432812791,24.716138972583767],[121.09916112449066,24.716138972583767]]]}},{"type":"Feature","properties":{"jobs":678,"pop":109,"pointCount":3,"homeWorkCommuteMedian":25520,"workHomeCommuteMedian":3548},"geometry":{"type":"Polygon","coordinates":[[[121.09916112449066,24.725132176221013],[121.09916112449066,24.73412537985826],[121.10815432812791,24.73412537985826],[121.10815432812791,24.725132176221013],[121.09916112449066,24.725132176221013]]]}},{"type":"Feature","properties":{"jobs":126,"pop":0,"pointCount":2,"homeWorkCommuteMedian":-1,"workHomeCommuteMedian":6172},"geometry":{"type":"Polygon","coordinates":[[[121.09916112449066,24.73412537985826],[121.09916112449066,24.743118583495505],[121.10815432812791,24.743118583495505],[121.10815432812791,24.73412537985826],[121.09916112449066,24.73412537985826]]]}},{"type":"Feature","properties":{"jobs":487,"pop":1015,"pointCount":11,"homeWorkCommuteMedian":13690,"workHomeCommuteMedian":28300},"geometry":{"type":"Polygon","coordinates":[[[121.09916112449066,24.743118583495505],[121.09916112449066,24.75211178713275],[121.10815432812791,24.75211178713275],[121.10815432812791,24.743118583495505],[121.09916112449066,24.743118583495505]]]}},{"type":"Feature","properties":{"jobs":0,"pop":38,"pointCount":1,"homeWorkCommuteMedian":40995,"workHomeCommuteMedian":-1},"geometry":{"type":"Polygon","coordinates":[[[121.09916112449066,24.75211178713275],[121.09916112449066,24.761104990769997],[121.10815432812791,24.761104990769997],[121.10815432812791,24.75211178713275],[121.09916112449066,24.75211178713275]]]}},{"type":"Feature","properties":{"jobs":109,"pop":133,"pointCount":3,"homeWorkCommuteMedian":8505,"workHomeCommuteMedian":8921},"geometry":{"type":"Polygon","coordinates":[[[121.09916112449066,24.761104990769997],[121.09916112449066,24.770098194407243],[121.10815432812791,24.770098194407243],[121.10815432812791,24.761104990769997],[121.09916112449066,24.761104990769997]]]}},{"type":"Feature","properties":{"jobs":0,"pop":53,"pointCount":2,"homeWorkCommuteMedian":34356,"workHomeCommuteMedian":-1},"geometry":{"type":"Polygon","coordinates":[[[121.09916112449066,24.770098194407243],[121.09916112449066,24.77909139804449],[121.10815432812791,24.77909139804449],[121.10815432812791,24.770098194407243],[121.09916112449066,24.770098194407243]]]}},{"type":"Feature","properties":{"jobs":24,"pop":153,"pointCount":3,"homeWorkCommuteMedian":10470,"workHomeCommuteMedian":7745},"geometry":{"type":"Polygon","coordinates":[[[121.09916112449066,24.77909139804449],[121.09916112449066,24.788084601681735],[121.10815432812791,24.788084601681735],[121.10815432812791,24.77909139804449],[121.09916112449066,24.77909139804449]]]}},{"type":"Feature","properties":{"jobs":0,"pop":47,"pointCount":1,"homeWorkCommuteMedian":15810,"workHomeCommuteMedian":-1},"geometry":{"type":"Polygon","coordinates":[[[121.09916112449066,24.788084601681735],[121.09916112449066,24.79707780531898],[121.10815432812791,24.79707780531898],[121.10815432812791,24.788084601681735],[121.09916112449066,24.788084601681735]]]}},{"type":"Feature","properties":{"jobs":0,"pop":156,"pointCount":2,"homeWorkCommuteMedian":14896,"workHomeCommuteMedian":-1},"geometry":{"type":"Polygon","coordinates":[[[121.09916112449066,24.806071008956227],[121.09916112449066,24.815064212593473],[121.10815432812791,24.815064212593473],[121.10815432812791,24.806071008956227],[121.09916112449066,24.806071008956227]]]}},{"type":"Feature","properties":{"jobs":20,"pop":379,"pointCount":4,"homeWorkCommuteMedian":9446,"workHomeCommuteMedian":52186},"geometry":{"type":"Polygon","coordinates":[[[121.09916112449066,24.815064212593473],[121.09916112449066,24.82405741623072],[121.10815432812791,24.82405741623072],[121.10815432812791,24.815064212593473],[121.09916112449066,24.815064212593473]]]}},{"type":"Feature","properties":{"jobs":113,"pop":232,"pointCount":4,"homeWorkCommuteMedian":15613,"workHomeCommuteMedian":13856},"geometry":{"type":"Polygon","coordinates":[[[121.09916112449066,24.833050619867965],[121.09916112449066,24.84204382350521],[121.10815432812791,24.84204382350521],[121.10815432812791,24.833050619867965],[121.09916112449066,24.833050619867965]]]}},{"type":"Feature","properties":{"jobs":39,"pop":351,"pointCount":6,"homeWorkCommuteMedian":15692,"workHomeCommuteMedian":7125},"geometry":{"type":"Polygon","coordinates":[[[121.09916112449066,24.84204382350521],[121.09916112449066,24.851037027142457],[121.10815432812791,24.851037027142457],[121.10815432812791,24.84204382350521],[121.09916112449066,24.84204382350521]]]}},{"type":"Feature","properties":{"jobs":172,"pop":54,"pointCount":7,"homeWorkCommuteMedian":16411,"workHomeCommuteMedian":50884},"geometry":{"type":"Polygon","coordinates":[[[121.09916112449066,24.851037027142457],[121.09916112449066,24.860030230779703],[121.10815432812791,24.860030230779703],[121.10815432812791,24.851037027142457],[121.09916112449066,24.851037027142457]]]}},{"type":"Feature","properties":{"jobs":274,"pop":20,"pointCount":4,"homeWorkCommuteMedian":5512,"workHomeCommuteMedian":13450},"geometry":{"type":"Polygon","coordinates":[[[121.09916112449066,24.860030230779703],[121.09916112449066,24.86902343441695],[121.10815432812791,24.86902343441695],[121.10815432812791,24.860030230779703],[121.09916112449066,24.860030230779703]]]}},{"type":"Feature","properties":{"jobs":0,"pop":42,"pointCount":1,"homeWorkCommuteMedian":24667,"workHomeCommuteMedian":-1},"geometry":{"type":"Polygon","coordinates":[[[121.09916112449066,24.86902343441695],[121.09916112449066,24.878016638054195],[121.10815432812791,24.878016638054195],[121.10815432812791,24.86902343441695],[121.09916112449066,24.86902343441695]]]}},{"type":"Feature","properties":{"jobs":79,"pop":343,"pointCount":3,"homeWorkCommuteMedian":11216,"workHomeCommuteMedian":10610},"geometry":{"type":"Polygon","coordinates":[[[121.09916112449066,24.878016638054195],[121.09916112449066,24.88700984169144],[121.10815432812791,24.88700984169144],[121.10815432812791,24.878016638054195],[121.09916112449066,24.878016638054195]]]}},{"type":"Feature","properties":{"jobs":183,"pop":36,"pointCount":2,"homeWorkCommuteMedian":10826,"workHomeCommuteMedian":10146},"geometry":{"type":"Polygon","coordinates":[[[121.09916112449066,24.88700984169144],[121.09916112449066,24.896003045328687],[121.10815432812791,24.896003045328687],[121.10815432812791,24.88700984169144],[121.09916112449066,24.88700984169144]]]}},{"type":"Feature","properties":{"jobs":43,"pop":167,"pointCount":4,"homeWorkCommuteMedian":40197,"workHomeCommuteMedian":40700},"geometry":{"type":"Polygon","coordinates":[[[121.10815432812791,24.653186547123045],[121.10815432812791,24.66217975076029],[121.11714753176516,24.66217975076029],[121.11714753176516,24.653186547123045],[121.10815432812791,24.653186547123045]]]}},{"type":"Feature","properties":{"jobs":109,"pop":0,"pointCount":1,"homeWorkCommuteMedian":-1,"workHomeCommuteMedian":11337},"geometry":{"type":"Polygon","coordinates":[[[121.10815432812791,24.66217975076029],[121.10815432812791,24.671172954397537],[121.11714753176516,24.671172954397537],[121.11714753176516,24.66217975076029],[121.10815432812791,24.66217975076029]]]}},{"type":"Feature","properties":{"jobs":38,"pop":0,"pointCount":1,"homeWorkCommuteMedian":-1,"workHomeCommuteMedian":63634},"geometry":{"type":"Polygon","coordinates":[[[121.10815432812791,24.671172954397537],[121.10815432812791,24.680166158034783],[121.11714753176516,24.680166158034783],[121.11714753176516,24.671172954397537],[121.10815432812791,24.671172954397537]]]}},{"type":"Feature","properties":{"jobs":0,"pop":63,"pointCount":1,"homeWorkCommuteMedian":7991,"workHomeCommuteMedian":-1},"geometry":{"type":"Polygon","coordinates":[[[121.10815432812791,24.698152565309275],[121.10815432812791,24.70714576894652],[121.11714753176516,24.70714576894652],[121.11714753176516,24.698152565309275],[121.10815432812791,24.698152565309275]]]}},{"type":"Feature","properties":{"jobs":164,"pop":54,"pointCount":5,"homeWorkCommuteMedian":16092,"workHomeCommuteMedian":20122},"geometry":{"type":"Polygon","coordinates":[[[121.10815432812791,24.70714576894652],[121.10815432812791,24.716138972583767],[121.11714753176516,24.716138972583767],[121.11714753176516,24.70714576894652],[121.10815432812791,24.70714576894652]]]}},{"type":"Feature","properties":{"jobs":187,"pop":671,"pointCount":11,"homeWorkCommuteMedian":16668,"workHomeCommuteMedian":7034},"geometry":{"type":"Polygon","coordinates":[[[121.10815432812791,24.716138972583767],[121.10815432812791,24.725132176221013],[121.11714753176516,24.725132176221013],[121.11714753176516,24.716138972583767],[121.10815432812791,24.716138972583767]]]}},{"type":"Feature","properties":{"jobs":0,"pop":57,"pointCount":1,"homeWorkCommuteMedian":17324,"workHomeCommuteMedian":-1},"geometry":{"type":"Polygon","coordinates":[[[121.10815432812791,24.725132176221013],[121.10815432812791,24.73412537985826],[121.11714753176516,24.73412537985826],[121.11714753176516,24.725132176221013],[121.10815432812791,24.725132176221013]]]}},{"type":"Feature","properties":{"jobs":87,"pop":248,"pointCount":4,"homeWorkCommuteMedian":7745,"workHomeCommuteMedian":46325},"geometry":{"type":"Polygon","coordinates":[[[121.10815432812791,24.73412537985826],[121.10815432812791,24.743118583495505],[121.11714753176516,24.743118583495505],[121.11714753176516,24.73412537985826],[121.10815432812791,24.73412537985826]]]}},{"type":"Feature","properties":{"jobs":42,"pop":36,"pointCount":2,"homeWorkCommuteMedian":28014,"workHomeCommuteMedian":6309},"geometry":{"type":"Polygon","coordinates":[[[121.10815432812791,24.743118583495505],[121.10815432812791,24.75211178713275],[121.11714753176516,24.75211178713275],[121.11714753176516,24.743118583495505],[121.10815432812791,24.743118583495505]]]}},{"type":"Feature","properties":{"jobs":0,"pop":45,"pointCount":2,"homeWorkCommuteMedian":19430,"workHomeCommuteMedian":-1},"geometry":{"type":"Polygon","coordinates":[[[121.10815432812791,24.770098194407243],[121.10815432812791,24.77909139804449],[121.11714753176516,24.77909139804449],[121.11714753176516,24.770098194407243],[121.10815432812791,24.770098194407243]]]}},{"type":"Feature","properties":{"jobs":0,"pop":40,"pointCount":2,"homeWorkCommuteMedian":22774,"workHomeCommuteMedian":-1},"geometry":{"type":"Polygon","coordinates":[[[121.10815432812791,24.77909139804449],[121.10815432812791,24.788084601681735],[121.11714753176516,24.788084601681735],[121.11714753176516,24.77909139804449],[121.10815432812791,24.77909139804449]]]}},{"type":"Feature","properties":{"jobs":0,"pop":26,"pointCount":1,"homeWorkCommuteMedian":13176,"workHomeCommuteMedian":-1},"geometry":{"type":"Polygon","coordinates":[[[121.10815432812791,24.788084601681735],[121.10815432812791,24.79707780531898],[121.11714753176516,24.79707780531898],[121.11714753176516,24.788084601681735],[121.10815432812791,24.788084601681735]]]}},{"type":"Feature","properties":{"jobs":0,"pop":191,"pointCount":2,"homeWorkCommuteMedian":13450,"workHomeCommuteMedian":-1},"geometry":{"type":"Polygon","coordinates":[[[121.10815432812791,24.79707780531898],[121.10815432812791,24.806071008956227],[121.11714753176516,24.806071008956227],[121.11714753176516,24.79707780531898],[121.10815432812791,24.79707780531898]]]}},{"type":"Feature","properties":{"jobs":0,"pop":194,"pointCount":4,"homeWorkCommuteMedian":17670,"workHomeCommuteMedian":-1},"geometry":{"type":"Polygon","coordinates":[[[121.10815432812791,24.806071008956227],[121.10815432812791,24.815064212593473],[121.11714753176516,24.815064212593473],[121.11714753176516,24.806071008956227],[121.10815432812791,24.806071008956227]]]}},{"type":"Feature","properties":{"jobs":60,"pop":304,"pointCount":5,"homeWorkCommuteMedian":10126,"workHomeCommuteMedian":17768},"geometry":{"type":"Polygon","coordinates":[[[121.10815432812791,24.815064212593473],[121.10815432812791,24.82405741623072],[121.11714753176516,24.82405741623072],[121.11714753176516,24.815064212593473],[121.10815432812791,24.815064212593473]]]}},{"type":"Feature","properties":{"jobs":0,"pop":155,"pointCount":1,"homeWorkCommuteMedian":21948,"workHomeCommuteMedian":-1},"geometry":{"type":"Polygon","coordinates":[[[121.10815432812791,24.82405741623072],[121.10815432812791,24.833050619867965],[121.11714753176516,24.833050619867965],[121.11714753176516,24.82405741623072],[121.10815432812791,24.82405741623072]]]}},{"type":"Feature","properties":{"jobs":0,"pop":156,"pointCount":3,"homeWorkCommuteMedian":11397,"workHomeCommuteMedian":-1},"geometry":{"type":"Polygon","coordinates":[[[121.10815432812791,24.833050619867965],[121.10815432812791,24.84204382350521],[121.11714753176516,24.84204382350521],[121.11714753176516,24.833050619867965],[121.10815432812791,24.833050619867965]]]}},{"type":"Feature","properties":{"jobs":56,"pop":123,"pointCount":3,"homeWorkCommuteMedian":8123,"workHomeCommuteMedian":4699},"geometry":{"type":"Polygon","coordinates":[[[121.10815432812791,24.84204382350521],[121.10815432812791,24.851037027142457],[121.11714753176516,24.851037027142457],[121.11714753176516,24.84204382350521],[121.10815432812791,24.84204382350521]]]}},{"type":"Feature","properties":{"jobs":25,"pop":141,"pointCount":3,"homeWorkCommuteMedian":12861,"workHomeCommuteMedian":6959},"geometry":{"type":"Polygon","coordinates":[[[121.10815432812791,24.851037027142457],[121.10815432812791,24.860030230779703],[121.11714753176516,24.860030230779703],[121.11714753176516,24.851037027142457],[121.10815432812791,24.851037027142457]]]}},{"type":"Feature","properties":{"jobs":30,"pop":33,"pointCount":2,"homeWorkCommuteMedian":20928,"workHomeCommuteMedian":11247},"geometry":{"type":"Polygon","coordinates":[[[121.10815432812791,24.860030230779703],[121.10815432812791,24.86902343441695],[121.11714753176516,24.86902343441695],[121.11714753176516,24.860030230779703],[121.10815432812791,24.860030230779703]]]}},{"type":"Feature","properties":{"jobs":204,"pop":0,"pointCount":3,"homeWorkCommuteMedian":-1,"workHomeCommuteMedian":7973},"geometry":{"type":"Polygon","coordinates":[[[121.10815432812791,24.86902343441695],[121.10815432812791,24.878016638054195],[121.11714753176516,24.878016638054195],[121.11714753176516,24.86902343441695],[121.10815432812791,24.86902343441695]]]}},{"type":"Feature","properties":{"jobs":0,"pop":129,"pointCount":1,"homeWorkCommuteMedian":12175,"workHomeCommuteMedian":-1},"geometry":{"type":"Polygon","coordinates":[[[121.10815432812791,24.878016638054195],[121.10815432812791,24.88700984169144],[121.11714753176516,24.88700984169144],[121.11714753176516,24.878016638054195],[121.10815432812791,24.878016638054195]]]}},{"type":"Feature","properties":{"jobs":148,"pop":0,"pointCount":2,"homeWorkCommuteMedian":-1,"workHomeCommuteMedian":12704},"geometry":{"type":"Polygon","coordinates":[[[121.11714753176516,24.653186547123045],[121.11714753176516,24.66217975076029],[121.1261407354024,24.66217975076029],[121.1261407354024,24.653186547123045],[121.11714753176516,24.653186547123045]]]}},{"type":"Feature","properties":{"jobs":43,"pop":148,"pointCount":3,"homeWorkCommuteMedian":23531,"workHomeCommuteMedian":18203},"geometry":{"type":"Polygon","coordinates":[[[121.11714753176516,24.66217975076029],[121.11714753176516,24.671172954397537],[121.1261407354024,24.671172954397537],[121.1261407354024,24.66217975076029],[121.11714753176516,24.66217975076029]]]}},{"type":"Feature","properties":{"jobs":16,"pop":0,"pointCount":1,"homeWorkCommuteMedian":-1,"workHomeCommuteMedian":13270},"geometry":{"type":"Polygon","coordinates":[[[121.11714753176516,24.671172954397537],[121.11714753176516,24.680166158034783],[121.1261407354024,24.680166158034783],[121.1261407354024,24.671172954397537],[121.11714753176516,24.671172954397537]]]}},{"type":"Feature","properties":{"jobs":0,"pop":19,"pointCount":1,"homeWorkCommuteMedian":13135,"workHomeCommuteMedian":-1},"geometry":{"type":"Polygon","coordinates":[[[121.11714753176516,24.680166158034783],[121.11714753176516,24.68915936167203],[121.1261407354024,24.68915936167203],[121.1261407354024,24.680166158034783],[121.11714753176516,24.680166158034783]]]}},{"type":"Feature","properties":{"jobs":0,"pop":195,"pointCount":3,"homeWorkCommuteMedian":31335,"workHomeCommuteMedian":-1},"geometry":{"type":"Polygon","coordinates":[[[121.11714753176516,24.70714576894652],[121.11714753176516,24.716138972583767],[121.1261407354024,24.716138972583767],[121.1261407354024,24.70714576894652],[121.11714753176516,24.70714576894652]]]}},{"type":"Feature","properties":{"jobs":45,"pop":551,"pointCount":7,"homeWorkCommuteMedian":15640,"workHomeCommuteMedian":15637},"geometry":{"type":"Polygon","coordinates":[[[121.11714753176516,24.716138972583767],[121.11714753176516,24.725132176221013],[121.1261407354024,24.725132176221013],[121.1261407354024,24.716138972583767],[121.11714753176516,24.716138972583767]]]}},{"type":"Feature","properties":{"jobs":99,"pop":490,"pointCount":7,"homeWorkCommuteMedian":14747,"workHomeCommuteMedian":24329},"geometry":{"type":"Polygon","coordinates":[[[121.11714753176516,24.725132176221013],[121.11714753176516,24.73412537985826],[121.1261407354024,24.73412537985826],[121.1261407354024,24.725132176221013],[121.11714753176516,24.725132176221013]]]}},{"type":"Feature","properties":{"jobs":261,"pop":350,"pointCount":5,"homeWorkCommuteMedian":12393,"workHomeCommuteMedian":7389},"geometry":{"type":"Polygon","coordinates":[[[121.11714753176516,24.73412537985826],[121.11714753176516,24.743118583495505],[121.1261407354024,24.743118583495505],[121.1261407354024,24.73412537985826],[121.11714753176516,24.73412537985826]]]}},{"type":"Feature","properties":{"jobs":0,"pop":40,"pointCount":1,"homeWorkCommuteMedian":4748,"workHomeCommuteMedian":-1},"geometry":{"type":"Polygon","coordinates":[[[121.11714753176516,24.743118583495505],[121.11714753176516,24.75211178713275],[121.1261407354024,24.75211178713275],[121.1261407354024,24.743118583495505],[121.11714753176516,24.743118583495505]]]}},{"type":"Feature","properties":{"jobs":0,"pop":44,"pointCount":2,"homeWorkCommuteMedian":24887,"workHomeCommuteMedian":-1},"geometry":{"type":"Polygon","coordinates":[[[121.11714753176516,24.75211178713275],[121.11714753176516,24.761104990769997],[121.1261407354024,24.761104990769997],[121.1261407354024,24.75211178713275],[121.11714753176516,24.75211178713275]]]}},{"type":"Feature","properties":{"jobs":32,"pop":0,"pointCount":1,"homeWorkCommuteMedian":-1,"workHomeCommuteMedian":9228},"geometry":{"type":"Polygon","coordinates":[[[121.11714753176516,24.761104990769997],[121.11714753176516,24.770098194407243],[121.1261407354024,24.770098194407243],[121.1261407354024,24.761104990769997],[121.11714753176516,24.761104990769997]]]}},{"type":"Feature","properties":{"jobs":76,"pop":16,"pointCount":2,"homeWorkCommuteMedian":14909,"workHomeCommuteMedian":9154},"geometry":{"type":"Polygon","coordinates":[[[121.11714753176516,24.770098194407243],[121.11714753176516,24.77909139804449],[121.1261407354024,24.77909139804449],[121.1261407354024,24.770098194407243],[121.11714753176516,24.770098194407243]]]}},{"type":"Feature","properties":{"jobs":0,"pop":46,"pointCount":2,"homeWorkCommuteMedian":19088,"workHomeCommuteMedian":-1},"geometry":{"type":"Polygon","coordinates":[[[121.11714753176516,24.77909139804449],[121.11714753176516,24.788084601681735],[121.1261407354024,24.788084601681735],[121.1261407354024,24.77909139804449],[121.11714753176516,24.77909139804449]]]}},{"type":"Feature","properties":{"jobs":0,"pop":33,"pointCount":1,"homeWorkCommuteMedian":19814,"workHomeCommuteMedian":-1},"geometry":{"type":"Polygon","coordinates":[[[121.11714753176516,24.79707780531898],[121.11714753176516,24.806071008956227],[121.1261407354024,24.806071008956227],[121.1261407354024,24.79707780531898],[121.11714753176516,24.79707780531898]]]}},{"type":"Feature","properties":{"jobs":53,"pop":277,"pointCount":5,"homeWorkCommuteMedian":19686,"workHomeCommuteMedian":8146},"geometry":{"type":"Polygon","coordinates":[[[121.11714753176516,24.806071008956227],[121.11714753176516,24.815064212593473],[121.1261407354024,24.815064212593473],[121.1261407354024,24.806071008956227],[121.11714753176516,24.806071008956227]]]}},{"type":"Feature","properties":{"jobs":0,"pop":112,"pointCount":1,"homeWorkCommuteMedian":12532,"workHomeCommuteMedian":-1},"geometry":{"type":"Polygon","coordinates":[[[121.11714753176516,24.815064212593473],[121.11714753176516,24.82405741623072],[121.1261407354024,24.82405741623072],[121.1261407354024,24.815064212593473],[121.11714753176516,24.815064212593473]]]}},{"type":"Feature","properties":{"jobs":49,"pop":0,"pointCount":1,"homeWorkCommuteMedian":-1,"workHomeCommuteMedian":11132},"geometry":{"type":"Polygon","coordinates":[[[121.11714753176516,24.82405741623072],[121.11714753176516,24.833050619867965],[121.1261407354024,24.833050619867965],[121.1261407354024,24.82405741623072],[121.11714753176516,24.82405741623072]]]}},{"type":"Feature","properties":{"jobs":0,"pop":57,"pointCount":1,"homeWorkCommuteMedian":5394,"workHomeCommuteMedian":-1},"geometry":{"type":"Polygon","coordinates":[[[121.11714753176516,24.833050619867965],[121.11714753176516,24.84204382350521],[121.1261407354024,24.84204382350521],[121.1261407354024,24.833050619867965],[121.11714753176516,24.833050619867965]]]}},{"type":"Feature","properties":{"jobs":108,"pop":145,"pointCount":4,"homeWorkCommuteMedian":12344,"workHomeCommuteMedian":9003},"geometry":{"type":"Polygon","coordinates":[[[121.11714753176516,24.84204382350521],[121.11714753176516,24.851037027142457],[121.1261407354024,24.851037027142457],[121.1261407354024,24.84204382350521],[121.11714753176516,24.84204382350521]]]}},{"type":"Feature","properties":{"jobs":0,"pop":92,"pointCount":3,"homeWorkCommuteMedian":11284,"workHomeCommuteMedian":-1},"geometry":{"type":"Polygon","coordinates":[[[121.11714753176516,24.851037027142457],[121.11714753176516,24.860030230779703],[121.1261407354024,24.860030230779703],[121.1261407354024,24.851037027142457],[121.11714753176516,24.851037027142457]]]}},{"type":"Feature","properties":{"jobs":0,"pop":20,"pointCount":1,"homeWorkCommuteMedian":10120,"workHomeCommuteMedian":-1},"geometry":{"type":"Polygon","coordinates":[[[121.11714753176516,24.860030230779703],[121.11714753176516,24.86902343441695],[121.1261407354024,24.86902343441695],[121.1261407354024,24.860030230779703],[121.11714753176516,24.860030230779703]]]}},{"type":"Feature","properties":{"jobs":0,"pop":21,"pointCount":1,"homeWorkCommuteMedian":6904,"workHomeCommuteMedian":-1},"geometry":{"type":"Polygon","coordinates":[[[121.1261407354024,24.680166158034783],[121.1261407354024,24.68915936167203],[121.13513393903965,24.68915936167203],[121.13513393903965,24.680166158034783],[121.1261407354024,24.680166158034783]]]}},{"type":"Feature","properties":{"jobs":32,"pop":36,"pointCount":2,"homeWorkCommuteMedian":19662,"workHomeCommuteMedian":58759},"geometry":{"type":"Polygon","coordinates":[[[121.1261407354024,24.698152565309275],[121.1261407354024,24.70714576894652],[121.13513393903965,24.70714576894652],[121.13513393903965,24.698152565309275],[121.1261407354024,24.698152565309275]]]}},{"type":"Feature","properties":{"jobs":0,"pop":128,"pointCount":2,"homeWorkCommuteMedian":20329,"workHomeCommuteMedian":-1},"geometry":{"type":"Polygon","coordinates":[[[121.1261407354024,24.70714576894652],[121.1261407354024,24.716138972583767],[121.13513393903965,24.716138972583767],[121.13513393903965,24.70714576894652],[121.1261407354024,24.70714576894652]]]}},{"type":"Feature","properties":{"jobs":21,"pop":705,"pointCount":4,"homeWorkCommuteMedian":16522,"workHomeCommuteMedian":825},"geometry":{"type":"Polygon","coordinates":[[[121.1261407354024,24.716138972583767],[121.1261407354024,24.725132176221013],[121.13513393903965,24.725132176221013],[121.13513393903965,24.716138972583767],[121.1261407354024,24.716138972583767]]]}},{"type":"Feature","properties":{"jobs":47,"pop":136,"pointCount":2,"homeWorkCommuteMedian":8477,"workHomeCommuteMedian":6756},"geometry":{"type":"Polygon","coordinates":[[[121.1261407354024,24.725132176221013],[121.1261407354024,24.73412537985826],[121.13513393903965,24.73412537985826],[121.13513393903965,24.725132176221013],[121.1261407354024,24.725132176221013]]]}},{"type":"Feature","properties":{"jobs":1126,"pop":91,"pointCount":4,"homeWorkCommuteMedian":17332,"workHomeCommuteMedian":23264},"geometry":{"type":"Polygon","coordinates":[[[121.1261407354024,24.73412537985826],[121.1261407354024,24.743118583495505],[121.13513393903965,24.743118583495505],[121.13513393903965,24.73412537985826],[121.1261407354024,24.73412537985826]]]}},{"type":"Feature","properties":{"jobs":0,"pop":39,"pointCount":1,"homeWorkCommuteMedian":31232,"workHomeCommuteMedian":-1},"geometry":{"type":"Polygon","coordinates":[[[121.1261407354024,24.743118583495505],[121.1261407354024,24.75211178713275],[121.13513393903965,24.75211178713275],[121.13513393903965,24.743118583495505],[121.1261407354024,24.743118583495505]]]}},{"type":"Feature","properties":{"jobs":0,"pop":24,"pointCount":1,"homeWorkCommuteMedian":20709,"workHomeCommuteMedian":-1},"geometry":{"type":"Polygon","coordinates":[[[121.1261407354024,24.761104990769997],[121.1261407354024,24.770098194407243],[121.13513393903965,24.770098194407243],[121.13513393903965,24.761104990769997],[121.1261407354024,24.761104990769997]]]}},{"type":"Feature","properties":{"jobs":0,"pop":22,"pointCount":1,"homeWorkCommuteMedian":19484,"workHomeCommuteMedian":-1},"geometry":{"type":"Polygon","coordinates":[[[121.1261407354024,24.77909139804449],[121.1261407354024,24.788084601681735],[121.13513393903965,24.788084601681735],[121.13513393903965,24.77909139804449],[121.1261407354024,24.77909139804449]]]}},{"type":"Feature","properties":{"jobs":0,"pop":186,"pointCount":3,"homeWorkCommuteMedian":17840,"workHomeCommuteMedian":-1},"geometry":{"type":"Polygon","coordinates":[[[121.1261407354024,24.788084601681735],[121.1261407354024,24.79707780531898],[121.13513393903965,24.79707780531898],[121.13513393903965,24.788084601681735],[121.1261407354024,24.788084601681735]]]}},{"type":"Feature","properties":{"jobs":0,"pop":42,"pointCount":1,"homeWorkCommuteMedian":20320,"workHomeCommuteMedian":-1},"geometry":{"type":"Polygon","coordinates":[[[121.1261407354024,24.79707780531898],[121.1261407354024,24.806071008956227],[121.13513393903965,24.806071008956227],[121.13513393903965,24.79707780531898],[121.1261407354024,24.79707780531898]]]}},{"type":"Feature","properties":{"jobs":233,"pop":284,"pointCount":4,"homeWorkCommuteMedian":20522,"workHomeCommuteMedian":19322},"geometry":{"type":"Polygon","coordinates":[[[121.1261407354024,24.806071008956227],[121.1261407354024,24.815064212593473],[121.13513393903965,24.815064212593473],[121.13513393903965,24.806071008956227],[121.1261407354024,24.806071008956227]]]}},{"type":"Feature","properties":{"jobs":0,"pop":250,"pointCount":2,"homeWorkCommuteMedian":20815,"workHomeCommuteMedian":-1},"geometry":{"type":"Polygon","coordinates":[[[121.1261407354024,24.815064212593473],[121.1261407354024,24.82405741623072],[121.13513393903965,24.82405741623072],[121.13513393903965,24.815064212593473],[121.1261407354024,24.815064212593473]]]}},{"type":"Feature","properties":{"jobs":0,"pop":52,"pointCount":1,"homeWorkCommuteMedian":10586,"workHomeCommuteMedian":-1},"geometry":{"type":"Polygon","coordinates":[[[121.1261407354024,24.82405741623072],[121.1261407354024,24.833050619867965],[121.13513393903965,24.833050619867965],[121.13513393903965,24.82405741623072],[121.1261407354024,24.82405741623072]]]}},{"type":"Feature","properties":{"jobs":29,"pop":69,"pointCount":1,"homeWorkCommuteMedian":7942,"workHomeCommuteMedian":6493},"geometry":{"type":"Polygon","coordinates":[[[121.1261407354024,24.833050619867965],[121.1261407354024,24.84204382350521],[121.13513393903965,24.84204382350521],[121.13513393903965,24.833050619867965],[121.1261407354024,24.833050619867965]]]}},{"type":"Feature","properties":{"jobs":22,"pop":92,"pointCount":3,"homeWorkCommuteMedian":17753,"workHomeCommuteMedian":1077},"geometry":{"type":"Polygon","coordinates":[[[121.1261407354024,24.84204382350521],[121.1261407354024,24.851037027142457],[121.13513393903965,24.851037027142457],[121.13513393903965,24.84204382350521],[121.1261407354024,24.84204382350521]]]}},{"type":"Feature","properties":{"jobs":0,"pop":57,"pointCount":2,"homeWorkCommuteMedian":23476,"workHomeCommuteMedian":-1},"geometry":{"type":"Polygon","coordinates":[[[121.1261407354024,24.851037027142457],[121.1261407354024,24.860030230779703],[121.13513393903965,24.860030230779703],[121.13513393903965,24.851037027142457],[121.1261407354024,24.851037027142457]]]}},{"type":"Feature","properties":{"jobs":0,"pop":74,"pointCount":2,"homeWorkCommuteMedian":20498,"workHomeCommuteMedian":-1},"geometry":{"type":"Polygon","coordinates":[[[121.1261407354024,24.860030230779703],[121.1261407354024,24.86902343441695],[121.13513393903965,24.86902343441695],[121.13513393903965,24.860030230779703],[121.1261407354024,24.860030230779703]]]}},{"type":"Feature","properties":{"jobs":0,"pop":45,"pointCount":2,"homeWorkCommuteMedian":21846,"workHomeCommuteMedian":-1},"geometry":{"type":"Polygon","coordinates":[[[121.1261407354024,24.86902343441695],[121.1261407354024,24.878016638054195],[121.13513393903965,24.878016638054195],[121.13513393903965,24.86902343441695],[121.1261407354024,24.86902343441695]]]}},{"type":"Feature","properties":{"jobs":110,"pop":0,"pointCount":1,"homeWorkCommuteMedian":-1,"workHomeCommuteMedian":38180},"geometry":{"type":"Polygon","coordinates":[[[121.1261407354024,24.878016638054195],[121.1261407354024,24.88700984169144],[121.13513393903965,24.88700984169144],[121.13513393903965,24.878016638054195],[121.1261407354024,24.878016638054195]]]}},{"type":"Feature","properties":{"jobs":0,"pop":73,"pointCount":1,"homeWorkCommuteMedian":25077,"workHomeCommuteMedian":-1},"geometry":{"type":"Polygon","coordinates":[[[121.13513393903965,24.671172954397537],[121.13513393903965,24.680166158034783],[121.1441271426769,24.680166158034783],[121.1441271426769,24.671172954397537],[121.13513393903965,24.671172954397537]]]}},{"type":"Feature","properties":{"jobs":29,"pop":0,"pointCount":1,"homeWorkCommuteMedian":-1,"workHomeCommuteMedian":7578},"geometry":{"type":"Polygon","coordinates":[[[121.13513393903965,24.680166158034783],[121.13513393903965,24.68915936167203],[121.1441271426769,24.68915936167203],[121.1441271426769,24.680166158034783],[121.13513393903965,24.680166158034783]]]}},{"type":"Feature","properties":{"jobs":77,"pop":55,"pointCount":4,"homeWorkCommuteMedian":28105,"workHomeCommuteMedian":6750},"geometry":{"type":"Polygon","coordinates":[[[121.13513393903965,24.68915936167203],[121.13513393903965,24.698152565309275],[121.1441271426769,24.698152565309275],[121.1441271426769,24.68915936167203],[121.13513393903965,24.68915936167203]]]}},{"type":"Feature","properties":{"jobs":43,"pop":0,"pointCount":1,"homeWorkCommuteMedian":-1,"workHomeCommuteMedian":4945},"geometry":{"type":"Polygon","coordinates":[[[121.13513393903965,24.698152565309275],[121.13513393903965,24.70714576894652],[121.1441271426769,24.70714576894652],[121.1441271426769,24.698152565309275],[121.13513393903965,24.698152565309275]]]}},{"type":"Feature","properties":{"jobs":32,"pop":175,"pointCount":3,"homeWorkCommuteMedian":20568,"workHomeCommuteMedian":39451},"geometry":{"type":"Polygon","coordinates":[[[121.13513393903965,24.70714576894652],[121.13513393903965,24.716138972583767],[121.1441271426769,24.716138972583767],[121.1441271426769,24.70714576894652],[121.13513393903965,24.70714576894652]]]}},{"type":"Feature","properties":{"jobs":494,"pop":387,"pointCount":8,"homeWorkCommuteMedian":19434,"workHomeCommuteMedian":4726},"geometry":{"type":"Polygon","coordinates":[[[121.13513393903965,24.716138972583767],[121.13513393903965,24.725132176221013],[121.1441271426769,24.725132176221013],[121.1441271426769,24.716138972583767],[121.13513393903965,24.716138972583767]]]}},{"type":"Feature","properties":{"jobs":0,"pop":25,"pointCount":1,"homeWorkCommuteMedian":13539,"workHomeCommuteMedian":-1},"geometry":{"type":"Polygon","coordinates":[[[121.13513393903965,24.725132176221013],[121.13513393903965,24.73412537985826],[121.1441271426769,24.73412537985826],[121.1441271426769,24.725132176221013],[121.13513393903965,24.725132176221013]]]}},{"type":"Feature","properties":{"jobs":0,"pop":44,"pointCount":1,"homeWorkCommuteMedian":15078,"workHomeCommuteMedian":-1},"geometry":{"type":"Polygon","coordinates":[[[121.13513393903965,24.73412537985826],[121.13513393903965,24.743118583495505],[121.1441271426769,24.743118583495505],[121.1441271426769,24.73412537985826],[121.13513393903965,24.73412537985826]]]}},{"type":"Feature","properties":{"jobs":458,"pop":27,"pointCount":4,"homeWorkCommuteMedian":16393,"workHomeCommuteMedian":23728},"geometry":{"type":"Polygon","coordinates":[[[121.13513393903965,24.743118583495505],[121.13513393903965,24.75211178713275],[121.1441271426769,24.75211178713275],[121.1441271426769,24.743118583495505],[121.13513393903965,24.743118583495505]]]}},{"type":"Feature","properties":{"jobs":0,"pop":50,"pointCount":2,"homeWorkCommuteMedian":20458,"workHomeCommuteMedian":-1},"geometry":{"type":"Polygon","coordinates":[[[121.13513393903965,24.75211178713275],[121.13513393903965,24.761104990769997],[121.1441271426769,24.761104990769997],[121.1441271426769,24.75211178713275],[121.13513393903965,24.75211178713275]]]}},{"type":"Feature","properties":{"jobs":0,"pop":32,"pointCount":1,"homeWorkCommuteMedian":15249,"workHomeCommuteMedian":-1},"geometry":{"type":"Polygon","coordinates":[[[121.13513393903965,24.770098194407243],[121.13513393903965,24.77909139804449],[121.1441271426769,24.77909139804449],[121.1441271426769,24.770098194407243],[121.13513393903965,24.770098194407243]]]}},{"type":"Feature","properties":{"jobs":0,"pop":27,"pointCount":1,"homeWorkCommuteMedian":7014,"workHomeCommuteMedian":-1},"geometry":{"type":"Polygon","coordinates":[[[121.13513393903965,24.77909139804449],[121.13513393903965,24.788084601681735],[121.1441271426769,24.788084601681735],[121.1441271426769,24.77909139804449],[121.13513393903965,24.77909139804449]]]}},{"type":"Feature","properties":{"jobs":0,"pop":61,"pointCount":1,"homeWorkCommuteMedian":38226,"workHomeCommuteMedian":-1},"geometry":{"type":"Polygon","coordinates":[[[121.13513393903965,24.788084601681735],[121.13513393903965,24.79707780531898],[121.1441271426769,24.79707780531898],[121.1441271426769,24.788084601681735],[121.13513393903965,24.788084601681735]]]}},{"type":"Feature","properties":{"jobs":24,"pop":298,"pointCount":5,"homeWorkCommuteMedian":6011,"workHomeCommuteMedian":4188},"geometry":{"type":"Polygon","coordinates":[[[121.13513393903965,24.79707780531898],[121.13513393903965,24.806071008956227],[121.1441271426769,24.806071008956227],[121.1441271426769,24.79707780531898],[121.13513393903965,24.79707780531898]]]}},{"type":"Feature","properties":{"jobs":88,"pop":299,"pointCount":5,"homeWorkCommuteMedian":20709,"workHomeCommuteMedian":6645},"geometry":{"type":"Polygon","coordinates":[[[121.13513393903965,24.806071008956227],[121.13513393903965,24.815064212593473],[121.1441271426769,24.815064212593473],[121.1441271426769,24.806071008956227],[121.13513393903965,24.806071008956227]]]}},{"type":"Feature","properties":{"jobs":0,"pop":72,"pointCount":1,"homeWorkCommuteMedian":20498,"workHomeCommuteMedian":-1},"geometry":{"type":"Polygon","coordinates":[[[121.13513393903965,24.815064212593473],[121.13513393903965,24.82405741623072],[121.1441271426769,24.82405741623072],[121.1441271426769,24.815064212593473],[121.13513393903965,24.815064212593473]]]}},{"type":"Feature","properties":{"jobs":30,"pop":62,"pointCount":1,"homeWorkCommuteMedian":9141,"workHomeCommuteMedian":14910},"geometry":{"type":"Polygon","coordinates":[[[121.13513393903965,24.833050619867965],[121.13513393903965,24.84204382350521],[121.1441271426769,24.84204382350521],[121.1441271426769,24.833050619867965],[121.13513393903965,24.833050619867965]]]}},{"type":"Feature","properties":{"jobs":58,"pop":96,"pointCount":3,"homeWorkCommuteMedian":24634,"workHomeCommuteMedian":3876},"geometry":{"type":"Polygon","coordinates":[[[121.13513393903965,24.84204382350521],[121.13513393903965,24.851037027142457],[121.1441271426769,24.851037027142457],[121.1441271426769,24.84204382350521],[121.13513393903965,24.84204382350521]]]}},{"type":"Feature","properties":{"jobs":0,"pop":72,"pointCount":2,"homeWorkCommuteMedian":11795,"workHomeCommuteMedian":-1},"geometry":{"type":"Polygon","coordinates":[[[121.13513393903965,24.851037027142457],[121.13513393903965,24.860030230779703],[121.1441271426769,24.860030230779703],[121.1441271426769,24.851037027142457],[121.13513393903965,24.851037027142457]]]}},{"type":"Feature","properties":{"jobs":0,"pop":180,"pointCount":2,"homeWorkCommuteMedian":22547,"workHomeCommuteMedian":-1},"geometry":{"type":"Polygon","coordinates":[[[121.13513393903965,24.860030230779703],[121.13513393903965,24.86902343441695],[121.1441271426769,24.86902343441695],[121.1441271426769,24.860030230779703],[121.13513393903965,24.860030230779703]]]}},{"type":"Feature","properties":{"jobs":36,"pop":0,"pointCount":1,"homeWorkCommuteMedian":-1,"workHomeCommuteMedian":20358},"geometry":{"type":"Polygon","coordinates":[[[121.13513393903965,24.86902343441695],[121.13513393903965,24.878016638054195],[121.1441271426769,24.878016638054195],[121.1441271426769,24.86902343441695],[121.13513393903965,24.86902343441695]]]}},{"type":"Feature","properties":{"jobs":29,"pop":33,"pointCount":2,"homeWorkCommuteMedian":31406,"workHomeCommuteMedian":52952},"geometry":{"type":"Polygon","coordinates":[[[121.1441271426769,24.680166158034783],[121.1441271426769,24.68915936167203],[121.15312034631414,24.68915936167203],[121.15312034631414,24.680166158034783],[121.1441271426769,24.680166158034783]]]}},{"type":"Feature","properties":{"jobs":65,"pop":46,"pointCount":2,"homeWorkCommuteMedian":19822,"workHomeCommuteMedian":5366},"geometry":{"type":"Polygon","coordinates":[[[121.1441271426769,24.68915936167203],[121.1441271426769,24.698152565309275],[121.15312034631414,24.698152565309275],[121.15312034631414,24.68915936167203],[121.1441271426769,24.68915936167203]]]}},{"type":"Feature","properties":{"jobs":0,"pop":109,"pointCount":4,"homeWorkCommuteMedian":22354,"workHomeCommuteMedian":-1},"geometry":{"type":"Polygon","coordinates":[[[121.1441271426769,24.70714576894652],[121.1441271426769,24.716138972583767],[121.15312034631414,24.716138972583767],[121.15312034631414,24.70714576894652],[121.1441271426769,24.70714576894652]]]}},{"type":"Feature","properties":{"jobs":52,"pop":153,"pointCount":3,"homeWorkCommuteMedian":24598,"workHomeCommuteMedian":34991},"geometry":{"type":"Polygon","coordinates":[[[121.1441271426769,24.716138972583767],[121.1441271426769,24.725132176221013],[121.15312034631414,24.725132176221013],[121.15312034631414,24.716138972583767],[121.1441271426769,24.716138972583767]]]}},{"type":"Feature","properties":{"jobs":0,"pop":43,"pointCount":2,"homeWorkCommuteMedian":29352,"workHomeCommuteMedian":-1},"geometry":{"type":"Polygon","coordinates":[[[121.1441271426769,24.725132176221013],[121.1441271426769,24.73412537985826],[121.15312034631414,24.73412537985826],[121.15312034631414,24.725132176221013],[121.1441271426769,24.725132176221013]]]}},{"type":"Feature","properties":{"jobs":0,"pop":23,"pointCount":1,"homeWorkCommuteMedian":19069,"workHomeCommuteMedian":-1},"geometry":{"type":"Polygon","coordinates":[[[121.1441271426769,24.73412537985826],[121.1441271426769,24.743118583495505],[121.15312034631414,24.743118583495505],[121.15312034631414,24.73412537985826],[121.1441271426769,24.73412537985826]]]}},{"type":"Feature","properties":{"jobs":18,"pop":26,"pointCount":2,"homeWorkCommuteMedian":28587,"workHomeCommuteMedian":15047},"geometry":{"type":"Polygon","coordinates":[[[121.1441271426769,24.743118583495505],[121.1441271426769,24.75211178713275],[121.15312034631414,24.75211178713275],[121.15312034631414,24.743118583495505],[121.1441271426769,24.743118583495505]]]}},{"type":"Feature","properties":{"jobs":0,"pop":25,"pointCount":1,"homeWorkCommuteMedian":28946,"workHomeCommuteMedian":-1},"geometry":{"type":"Polygon","coordinates":[[[121.1441271426769,24.75211178713275],[121.1441271426769,24.761104990769997],[121.15312034631414,24.761104990769997],[121.15312034631414,24.75211178713275],[121.1441271426769,24.75211178713275]]]}},{"type":"Feature","properties":{"jobs":0,"pop":20,"pointCount":1,"homeWorkCommuteMedian":22205,"workHomeCommuteMedian":-1},"geometry":{"type":"Polygon","coordinates":[[[121.1441271426769,24.788084601681735],[121.1441271426769,24.79707780531898],[121.15312034631414,24.79707780531898],[121.15312034631414,24.788084601681735],[121.1441271426769,24.788084601681735]]]}},{"type":"Feature","properties":{"jobs":15,"pop":260,"pointCount":6,"homeWorkCommuteMedian":9417,"workHomeCommuteMedian":23252},"geometry":{"type":"Polygon","coordinates":[[[121.1441271426769,24.79707780531898],[121.1441271426769,24.806071008956227],[121.15312034631414,24.806071008956227],[121.15312034631414,24.79707780531898],[121.1441271426769,24.79707780531898]]]}},{"type":"Feature","properties":{"jobs":0,"pop":27,"pointCount":1,"homeWorkCommuteMedian":19036,"workHomeCommuteMedian":-1},"geometry":{"type":"Polygon","coordinates":[[[121.1441271426769,24.806071008956227],[121.1441271426769,24.815064212593473],[121.15312034631414,24.815064212593473],[121.15312034631414,24.806071008956227],[121.1441271426769,24.806071008956227]]]}},{"type":"Feature","properties":{"jobs":32,"pop":23,"pointCount":2,"homeWorkCommuteMedian":17356,"workHomeCommuteMedian":10022},"geometry":{"type":"Polygon","coordinates":[[[121.1441271426769,24.815064212593473],[121.1441271426769,24.82405741623072],[121.15312034631414,24.82405741623072],[121.15312034631414,24.815064212593473],[121.1441271426769,24.815064212593473]]]}},{"type":"Feature","properties":{"jobs":210,"pop":20,"pointCount":3,"homeWorkCommuteMedian":20338,"workHomeCommuteMedian":18834},"geometry":{"type":"Polygon","coordinates":[[[121.1441271426769,24.82405741623072],[121.1441271426769,24.833050619867965],[121.15312034631414,24.833050619867965],[121.15312034631414,24.82405741623072],[121.1441271426769,24.82405741623072]]]}},{"type":"Feature","properties":{"jobs":0,"pop":22,"pointCount":1,"homeWorkCommuteMedian":21482,"workHomeCommuteMedian":-1},"geometry":{"type":"Polygon","coordinates":[[[121.1441271426769,24.833050619867965],[121.1441271426769,24.84204382350521],[121.15312034631414,24.84204382350521],[121.15312034631414,24.833050619867965],[121.1441271426769,24.833050619867965]]]}},{"type":"Feature","properties":{"jobs":50,"pop":121,"pointCount":3,"homeWorkCommuteMedian":16234,"workHomeCommuteMedian":8757},"geometry":{"type":"Polygon","coordinates":[[[121.1441271426769,24.84204382350521],[121.1441271426769,24.851037027142457],[121.15312034631414,24.851037027142457],[121.15312034631414,24.84204382350521],[121.1441271426769,24.84204382350521]]]}},{"type":"Feature","properties":{"jobs":0,"pop":96,"pointCount":3,"homeWorkCommuteMedian":13868,"workHomeCommuteMedian":-1},"geometry":{"type":"Polygon","coordinates":[[[121.1441271426769,24.851037027142457],[121.1441271426769,24.860030230779703],[121.15312034631414,24.860030230779703],[121.15312034631414,24.851037027142457],[121.1441271426769,24.851037027142457]]]}},{"type":"Feature","properties":{"jobs":0,"pop":27,"pointCount":1,"homeWorkCommuteMedian":13305,"workHomeCommuteMedian":-1},"geometry":{"type":"Polygon","coordinates":[[[121.1441271426769,24.860030230779703],[121.1441271426769,24.86902343441695],[121.15312034631414,24.86902343441695],[121.15312034631414,24.860030230779703],[121.1441271426769,24.860030230779703]]]}},{"type":"Feature","properties":{"jobs":0,"pop":28,"pointCount":1,"homeWorkCommuteMedian":34797,"workHomeCommuteMedian":-1},"geometry":{"type":"Polygon","coordinates":[[[121.1441271426769,24.878016638054195],[121.1441271426769,24.88700984169144],[121.15312034631414,24.88700984169144],[121.15312034631414,24.878016638054195],[121.1441271426769,24.878016638054195]]]}},{"type":"Feature","properties":{"jobs":0,"pop":97,"pointCount":1,"homeWorkCommuteMedian":23329,"workHomeCommuteMedian":-1},"geometry":{"type":"Polygon","coordinates":[[[121.15312034631414,24.68915936167203],[121.15312034631414,24.698152565309275],[121.16211354995139,24.698152565309275],[121.16211354995139,24.68915936167203],[121.15312034631414,24.68915936167203]]]}},{"type":"Feature","properties":{"jobs":27,"pop":24,"pointCount":2,"homeWorkCommuteMedian":2619,"workHomeCommuteMedian":4176},"geometry":{"type":"Polygon","coordinates":[[[121.15312034631414,24.698152565309275],[121.15312034631414,24.70714576894652],[121.16211354995139,24.70714576894652],[121.16211354995139,24.698152565309275],[121.15312034631414,24.698152565309275]]]}},{"type":"Feature","properties":{"jobs":47,"pop":134,"pointCount":4,"homeWorkCommuteMedian":20886,"workHomeCommuteMedian":56856},"geometry":{"type":"Polygon","coordinates":[[[121.15312034631414,24.716138972583767],[121.15312034631414,24.725132176221013],[121.16211354995139,24.725132176221013],[121.16211354995139,24.716138972583767],[121.15312034631414,24.716138972583767]]]}},{"type":"Feature","properties":{"jobs":0,"pop":80,"pointCount":2,"homeWorkCommuteMedian":48893,"workHomeCommuteMedian":-1},"geometry":{"type":"Polygon","coordinates":[[[121.15312034631414,24.73412537985826],[121.15312034631414,24.743118583495505],[121.16211354995139,24.743118583495505],[121.16211354995139,24.73412537985826],[121.15312034631414,24.73412537985826]]]}},{"type":"Feature","properties":{"jobs":0,"pop":54,"pointCount":2,"homeWorkCommuteMedian":19639,"workHomeCommuteMedian":-1},"geometry":{"type":"Polygon","coordinates":[[[121.15312034631414,24.743118583495505],[121.15312034631414,24.75211178713275],[121.16211354995139,24.75211178713275],[121.16211354995139,24.743118583495505],[121.15312034631414,24.743118583495505]]]}},{"type":"Feature","properties":{"jobs":0,"pop":15,"pointCount":1,"homeWorkCommuteMedian":30058,"workHomeCommuteMedian":-1},"geometry":{"type":"Polygon","coordinates":[[[121.15312034631414,24.761104990769997],[121.15312034631414,24.770098194407243],[121.16211354995139,24.770098194407243],[121.16211354995139,24.761104990769997],[121.15312034631414,24.761104990769997]]]}},{"type":"Feature","properties":{"jobs":0,"pop":64,"pointCount":2,"homeWorkCommuteMedian":24634,"workHomeCommuteMedian":-1},"geometry":{"type":"Polygon","coordinates":[[[121.15312034631414,24.788084601681735],[121.15312034631414,24.79707780531898],[121.16211354995139,24.79707780531898],[121.16211354995139,24.788084601681735],[121.15312034631414,24.788084601681735]]]}},{"type":"Feature","properties":{"jobs":50,"pop":294,"pointCount":5,"homeWorkCommuteMedian":8404,"workHomeCommuteMedian":12861},"geometry":{"type":"Polygon","coordinates":[[[121.15312034631414,24.79707780531898],[121.15312034631414,24.806071008956227],[121.16211354995139,24.806071008956227],[121.16211354995139,24.79707780531898],[121.15312034631414,24.79707780531898]]]}},{"type":"Feature","properties":{"jobs":0,"pop":101,"pointCount":2,"homeWorkCommuteMedian":15383,"workHomeCommuteMedian":-1},"geometry":{"type":"Polygon","coordinates":[[[121.15312034631414,24.806071008956227],[121.15312034631414,24.815064212593473],[121.16211354995139,24.815064212593473],[121.16211354995139,24.806071008956227],[121.15312034631414,24.806071008956227]]]}},{"type":"Feature","properties":{"jobs":20,"pop":28,"pointCount":2,"homeWorkCommuteMedian":4011,"workHomeCommuteMedian":6101},"geometry":{"type":"Polygon","coordinates":[[[121.15312034631414,24.815064212593473],[121.15312034631414,24.82405741623072],[121.16211354995139,24.82405741623072],[121.16211354995139,24.815064212593473],[121.15312034631414,24.815064212593473]]]}},{"type":"Feature","properties":{"jobs":0,"pop":43,"pointCount":1,"homeWorkCommuteMedian":20869,"workHomeCommuteMedian":-1},"geometry":{"type":"Polygon","coordinates":[[[121.15312034631414,24.833050619867965],[121.15312034631414,24.84204382350521],[121.16211354995139,24.84204382350521],[121.16211354995139,24.833050619867965],[121.15312034631414,24.833050619867965]]]}},{"type":"Feature","properties":{"jobs":0,"pop":26,"pointCount":1,"homeWorkCommuteMedian":11591,"workHomeCommuteMedian":-1},"geometry":{"type":"Polygon","coordinates":[[[121.15312034631414,24.851037027142457],[121.15312034631414,24.860030230779703],[121.16211354995139,24.860030230779703],[121.16211354995139,24.851037027142457],[121.15312034631414,24.851037027142457]]]}},{"type":"Feature","properties":{"jobs":0,"pop":16,"pointCount":1,"homeWorkCommuteMedian":11081,"workHomeCommuteMedian":-1},"geometry":{"type":"Polygon","coordinates":[[[121.15312034631414,24.860030230779703],[121.15312034631414,24.86902343441695],[121.16211354995139,24.86902343441695],[121.16211354995139,24.860030230779703],[121.15312034631414,24.860030230779703]]]}},{"type":"Feature","properties":{"jobs":0,"pop":18,"pointCount":1,"homeWorkCommuteMedian":33911,"workHomeCommuteMedian":-1},"geometry":{"type":"Polygon","coordinates":[[[121.15312034631414,24.86902343441695],[121.15312034631414,24.878016638054195],[121.16211354995139,24.878016638054195],[121.16211354995139,24.86902343441695],[121.15312034631414,24.86902343441695]]]}},{"type":"Feature","properties":{"jobs":42,"pop":24,"pointCount":2,"homeWorkCommuteMedian":18967,"workHomeCommuteMedian":7098},"geometry":{"type":"Polygon","coordinates":[[[121.16211354995139,24.70714576894652],[121.16211354995139,24.716138972583767],[121.17110675358863,24.716138972583767],[121.17110675358863,24.70714576894652],[121.16211354995139,24.70714576894652]]]}},{"type":"Feature","properties":{"jobs":0,"pop":87,"pointCount":2,"homeWorkCommuteMedian":24360,"workHomeCommuteMedian":-1},"geometry":{"type":"Polygon","coordinates":[[[121.16211354995139,24.716138972583767],[121.16211354995139,24.725132176221013],[121.17110675358863,24.725132176221013],[121.17110675358863,24.716138972583767],[121.16211354995139,24.716138972583767]]]}},{"type":"Feature","properties":{"jobs":0,"pop":129,"pointCount":2,"homeWorkCommuteMedian":8299,"workHomeCommuteMedian":-1},"geometry":{"type":"Polygon","coordinates":[[[121.16211354995139,24.725132176221013],[121.16211354995139,24.73412537985826],[121.17110675358863,24.73412537985826],[121.17110675358863,24.725132176221013],[121.16211354995139,24.725132176221013]]]}},{"type":"Feature","properties":{"jobs":287,"pop":240,"pointCount":6,"homeWorkCommuteMedian":25409,"workHomeCommuteMedian":8258},"geometry":{"type":"Polygon","coordinates":[[[121.16211354995139,24.73412537985826],[121.16211354995139,24.743118583495505],[121.17110675358863,24.743118583495505],[121.17110675358863,24.73412537985826],[121.16211354995139,24.73412537985826]]]}},{"type":"Feature","properties":{"jobs":23,"pop":108,"pointCount":4,"homeWorkCommuteMedian":28810,"workHomeCommuteMedian":8258},"geometry":{"type":"Polygon","coordinates":[[[121.16211354995139,24.743118583495505],[121.16211354995139,24.75211178713275],[121.17110675358863,24.75211178713275],[121.17110675358863,24.743118583495505],[121.16211354995139,24.743118583495505]]]}},{"type":"Feature","properties":{"jobs":0,"pop":69,"pointCount":2,"homeWorkCommuteMedian":30391,"workHomeCommuteMedian":-1},"geometry":{"type":"Polygon","coordinates":[[[121.16211354995139,24.75211178713275],[121.16211354995139,24.761104990769997],[121.17110675358863,24.761104990769997],[121.17110675358863,24.75211178713275],[121.16211354995139,24.75211178713275]]]}},{"type":"Feature","properties":{"jobs":0,"pop":80,"pointCount":1,"homeWorkCommuteMedian":23257,"workHomeCommuteMedian":-1},"geometry":{"type":"Polygon","coordinates":[[[121.16211354995139,24.770098194407243],[121.16211354995139,24.77909139804449],[121.17110675358863,24.77909139804449],[121.17110675358863,24.770098194407243],[121.16211354995139,24.770098194407243]]]}},{"type":"Feature","properties":{"jobs":0,"pop":46,"pointCount":1,"homeWorkCommuteMedian":4884,"workHomeCommuteMedian":-1},"geometry":{"type":"Polygon","coordinates":[[[121.16211354995139,24.77909139804449],[121.16211354995139,24.788084601681735],[121.17110675358863,24.788084601681735],[121.17110675358863,24.77909139804449],[121.16211354995139,24.77909139804449]]]}},{"type":"Feature","properties":{"jobs":257,"pop":433,"pointCount":4,"homeWorkCommuteMedian":19191,"workHomeCommuteMedian":2093},"geometry":{"type":"Polygon","coordinates":[[[121.16211354995139,24.788084601681735],[121.16211354995139,24.79707780531898],[121.17110675358863,24.79707780531898],[121.17110675358863,24.788084601681735],[121.16211354995139,24.788084601681735]]]}},{"type":"Feature","properties":{"jobs":113,"pop":214,"pointCount":4,"homeWorkCommuteMedian":24215,"workHomeCommuteMedian":2352},"geometry":{"type":"Polygon","coordinates":[[[121.16211354995139,24.79707780531898],[121.16211354995139,24.806071008956227],[121.17110675358863,24.806071008956227],[121.17110675358863,24.79707780531898],[121.16211354995139,24.79707780531898]]]}},{"type":"Feature","properties":{"jobs":214,"pop":47,"pointCount":4,"homeWorkCommuteMedian":32666,"workHomeCommuteMedian":8584},"geometry":{"type":"Polygon","coordinates":[[[121.16211354995139,24.82405741623072],[121.16211354995139,24.833050619867965],[121.17110675358863,24.833050619867965],[121.17110675358863,24.82405741623072],[121.16211354995139,24.82405741623072]]]}},{"type":"Feature","properties":{"jobs":0,"pop":16,"pointCount":1,"homeWorkCommuteMedian":22859,"workHomeCommuteMedian":-1},"geometry":{"type":"Polygon","coordinates":[[[121.16211354995139,24.833050619867965],[121.16211354995139,24.84204382350521],[121.17110675358863,24.84204382350521],[121.17110675358863,24.833050619867965],[121.16211354995139,24.833050619867965]]]}},{"type":"Feature","properties":{"jobs":42,"pop":84,"pointCount":1,"homeWorkCommuteMedian":8258,"workHomeCommuteMedian":2658},"geometry":{"type":"Polygon","coordinates":[[[121.17110675358863,24.698152565309275],[121.17110675358863,24.70714576894652],[121.18009995722588,24.70714576894652],[121.18009995722588,24.698152565309275],[121.17110675358863,24.698152565309275]]]}},{"type":"Feature","properties":{"jobs":0,"pop":82,"pointCount":1,"homeWorkCommuteMedian":27046,"workHomeCommuteMedian":-1},"geometry":{"type":"Polygon","coordinates":[[[121.17110675358863,24.70714576894652],[121.17110675358863,24.716138972583767],[121.18009995722588,24.716138972583767],[121.18009995722588,24.70714576894652],[121.17110675358863,24.70714576894652]]]}},{"type":"Feature","properties":{"jobs":0,"pop":36,"pointCount":1,"homeWorkCommuteMedian":23852,"workHomeCommuteMedian":-1},"geometry":{"type":"Polygon","coordinates":[[[121.17110675358863,24.716138972583767],[121.17110675358863,24.725132176221013],[121.18009995722588,24.725132176221013],[121.18009995722588,24.716138972583767],[121.17110675358863,24.716138972583767]]]}},{"type":"Feature","properties":{"jobs":0,"pop":109,"pointCount":1,"homeWorkCommuteMedian":25591,"workHomeCommuteMedian":-1},"geometry":{"type":"Polygon","coordinates":[[[121.17110675358863,24.743118583495505],[121.17110675358863,24.75211178713275],[121.18009995722588,24.75211178713275],[121.18009995722588,24.743118583495505],[121.17110675358863,24.743118583495505]]]}},{"type":"Feature","properties":{"jobs":16,"pop":0,"pointCount":1,"homeWorkCommuteMedian":-1,"workHomeCommuteMedian":12099},"geometry":{"type":"Polygon","coordinates":[[[121.17110675358863,24.75211178713275],[121.17110675358863,24.761104990769997],[121.18009995722588,24.761104990769997],[121.18009995722588,24.75211178713275],[121.17110675358863,24.75211178713275]]]}},{"type":"Feature","properties":{"jobs":174,"pop":379,"pointCount":8,"homeWorkCommuteMedian":28110,"workHomeCommuteMedian":27859},"geometry":{"type":"Polygon","coordinates":[[[121.17110675358863,24.761104990769997],[121.17110675358863,24.770098194407243],[121.18009995722588,24.770098194407243],[121.18009995722588,24.761104990769997],[121.17110675358863,24.761104990769997]]]}},{"type":"Feature","properties":{"jobs":132,"pop":236,"pointCount":6,"homeWorkCommuteMedian":27908,"workHomeCommuteMedian":5174},"geometry":{"type":"Polygon","coordinates":[[[121.17110675358863,24.770098194407243],[121.17110675358863,24.77909139804449],[121.18009995722588,24.77909139804449],[121.18009995722588,24.770098194407243],[121.17110675358863,24.770098194407243]]]}},{"type":"Feature","properties":{"jobs":244,"pop":778,"pointCount":7,"homeWorkCommuteMedian":22590,"workHomeCommuteMedian":6011},"geometry":{"type":"Polygon","coordinates":[[[121.17110675358863,24.77909139804449],[121.17110675358863,24.788084601681735],[121.18009995722588,24.788084601681735],[121.18009995722588,24.77909139804449],[121.17110675358863,24.77909139804449]]]}},{"type":"Feature","properties":{"jobs":862,"pop":3815,"pointCount":15,"homeWorkCommuteMedian":19991,"workHomeCommuteMedian":5085},"geometry":{"type":"Polygon","coordinates":[[[121.17110675358863,24.788084601681735],[121.17110675358863,24.79707780531898],[121.18009995722588,24.79707780531898],[121.18009995722588,24.788084601681735],[121.17110675358863,24.788084601681735]]]}},{"type":"Feature","properties":{"jobs":84,"pop":214,"pointCount":2,"homeWorkCommuteMedian":25120,"workHomeCommuteMedian":1708},"geometry":{"type":"Polygon","coordinates":[[[121.17110675358863,24.79707780531898],[121.17110675358863,24.806071008956227],[121.18009995722588,24.806071008956227],[121.18009995722588,24.79707780531898],[121.17110675358863,24.79707780531898]]]}},{"type":"Feature","properties":{"jobs":66,"pop":70,"pointCount":2,"homeWorkCommuteMedian":34184,"workHomeCommuteMedian":13265},"geometry":{"type":"Polygon","coordinates":[[[121.17110675358863,24.815064212593473],[121.17110675358863,24.82405741623072],[121.18009995722588,24.82405741623072],[121.18009995722588,24.815064212593473],[121.17110675358863,24.815064212593473]]]}},{"type":"Feature","properties":{"jobs":489,"pop":0,"pointCount":5,"homeWorkCommuteMedian":-1,"workHomeCommuteMedian":5535},"geometry":{"type":"Polygon","coordinates":[[[121.17110675358863,24.82405741623072],[121.17110675358863,24.833050619867965],[121.18009995722588,24.833050619867965],[121.18009995722588,24.82405741623072],[121.17110675358863,24.82405741623072]]]}},{"type":"Feature","properties":{"jobs":0,"pop":16,"pointCount":1,"homeWorkCommuteMedian":16794,"workHomeCommuteMedian":-1},"geometry":{"type":"Polygon","coordinates":[[[121.17110675358863,24.833050619867965],[121.17110675358863,24.84204382350521],[121.18009995722588,24.84204382350521],[121.18009995722588,24.833050619867965],[121.17110675358863,24.833050619867965]]]}},{"type":"Feature","properties":{"jobs":199,"pop":265,"pointCount":5,"homeWorkCommuteMedian":26893,"workHomeCommuteMedian":7797},"geometry":{"type":"Polygon","coordinates":[[[121.18009995722588,24.698152565309275],[121.18009995722588,24.70714576894652],[121.18909316086312,24.70714576894652],[121.18909316086312,24.698152565309275],[121.18009995722588,24.698152565309275]]]}},{"type":"Feature","properties":{"jobs":0,"pop":124,"pointCount":2,"homeWorkCommuteMedian":36769,"workHomeCommuteMedian":-1},"geometry":{"type":"Polygon","coordinates":[[[121.18009995722588,24.70714576894652],[121.18009995722588,24.716138972583767],[121.18909316086312,24.716138972583767],[121.18909316086312,24.70714576894652],[121.18009995722588,24.70714576894652]]]}},{"type":"Feature","properties":{"jobs":0,"pop":15,"pointCount":1,"homeWorkCommuteMedian":21073,"workHomeCommuteMedian":-1},"geometry":{"type":"Polygon","coordinates":[[[121.18009995722588,24.716138972583767],[121.18009995722588,24.725132176221013],[121.18909316086312,24.725132176221013],[121.18909316086312,24.716138972583767],[121.18009995722588,24.716138972583767]]]}},{"type":"Feature","properties":{"jobs":0,"pop":30,"pointCount":1,"homeWorkCommuteMedian":55130,"workHomeCommuteMedian":-1},"geometry":{"type":"Polygon","coordinates":[[[121.18009995722588,24.725132176221013],[121.18009995722588,24.73412537985826],[121.18909316086312,24.73412537985826],[121.18909316086312,24.725132176221013],[121.18009995722588,24.725132176221013]]]}},{"type":"Feature","properties":{"jobs":0,"pop":57,"pointCount":2,"homeWorkCommuteMedian":26068,"workHomeCommuteMedian":-1},"geometry":{"type":"Polygon","coordinates":[[[121.18009995722588,24.73412537985826],[121.18009995722588,24.743118583495505],[121.18909316086312,24.743118583495505],[121.18909316086312,24.73412537985826],[121.18009995722588,24.73412537985826]]]}},{"type":"Feature","properties":{"jobs":20,"pop":81,"pointCount":2,"homeWorkCommuteMedian":26222,"workHomeCommuteMedian":21115},"geometry":{"type":"Polygon","coordinates":[[[121.18009995722588,24.75211178713275],[121.18009995722588,24.761104990769997],[121.18909316086312,24.761104990769997],[121.18909316086312,24.75211178713275],[121.18009995722588,24.75211178713275]]]}},{"type":"Feature","properties":{"jobs":0,"pop":127,"pointCount":1,"homeWorkCommuteMedian":53835,"workHomeCommuteMedian":-1},"geometry":{"type":"Polygon","coordinates":[[[121.18009995722588,24.770098194407243],[121.18009995722588,24.77909139804449],[121.18909316086312,24.77909139804449],[121.18909316086312,24.770098194407243],[121.18009995722588,24.770098194407243]]]}},{"type":"Feature","properties":{"jobs":150,"pop":386,"pointCount":8,"homeWorkCommuteMedian":8028,"workHomeCommuteMedian":6229},"geometry":{"type":"Polygon","coordinates":[[[121.18009995722588,24.77909139804449],[121.18009995722588,24.788084601681735],[121.18909316086312,24.788084601681735],[121.18909316086312,24.77909139804449],[121.18009995722588,24.77909139804449]]]}},{"type":"Feature","properties":{"jobs":378,"pop":1780,"pointCount":14,"homeWorkCommuteMedian":24735,"workHomeCommuteMedian":4552},"geometry":{"type":"Polygon","coordinates":[[[121.18009995722588,24.788084601681735],[121.18009995722588,24.79707780531898],[121.18909316086312,24.79707780531898],[121.18909316086312,24.788084601681735],[121.18009995722588,24.788084601681735]]]}},{"type":"Feature","properties":{"jobs":153,"pop":73,"pointCount":4,"homeWorkCommuteMedian":25080,"workHomeCommuteMedian":4030},"geometry":{"type":"Polygon","coordinates":[[[121.18009995722588,24.79707780531898],[121.18009995722588,24.806071008956227],[121.18909316086312,24.806071008956227],[121.18909316086312,24.79707780531898],[121.18009995722588,24.79707780531898]]]}},{"type":"Feature","properties":{"jobs":0,"pop":15,"pointCount":1,"homeWorkCommuteMedian":22695,"workHomeCommuteMedian":-1},"geometry":{"type":"Polygon","coordinates":[[[121.18009995722588,24.806071008956227],[121.18009995722588,24.815064212593473],[121.18909316086312,24.815064212593473],[121.18909316086312,24.806071008956227],[121.18009995722588,24.806071008956227]]]}},{"type":"Feature","properties":{"jobs":134,"pop":34,"pointCount":3,"homeWorkCommuteMedian":24561,"workHomeCommuteMedian":10230},"geometry":{"type":"Polygon","coordinates":[[[121.18009995722588,24.815064212593473],[121.18009995722588,24.82405741623072],[121.18909316086312,24.82405741623072],[121.18909316086312,24.815064212593473],[121.18009995722588,24.815064212593473]]]}},{"type":"Feature","properties":{"jobs":50,"pop":0,"pointCount":1,"homeWorkCommuteMedian":-1,"workHomeCommuteMedian":29931},"geometry":{"type":"Polygon","coordinates":[[[121.18909316086312,24.725132176221013],[121.18909316086312,24.73412537985826],[121.19808636450037,24.73412537985826],[121.19808636450037,24.725132176221013],[121.18909316086312,24.725132176221013]]]}},{"type":"Feature","properties":{"jobs":603,"pop":31,"pointCount":2,"homeWorkCommuteMedian":29968,"workHomeCommuteMedian":8572},"geometry":{"type":"Polygon","coordinates":[[[121.18909316086312,24.75211178713275],[121.18909316086312,24.761104990769997],[121.19808636450037,24.761104990769997],[121.19808636450037,24.75211178713275],[121.18909316086312,24.75211178713275]]]}},{"type":"Feature","properties":{"jobs":48,"pop":16,"pointCount":2,"homeWorkCommuteMedian":11009,"workHomeCommuteMedian":9504},"geometry":{"type":"Polygon","coordinates":[[[121.18909316086312,24.761104990769997],[121.18909316086312,24.770098194407243],[121.19808636450037,24.770098194407243],[121.19808636450037,24.761104990769997],[121.18909316086312,24.761104990769997]]]}},{"type":"Feature","properties":{"jobs":0,"pop":123,"pointCount":1,"homeWorkCommuteMedian":27671,"workHomeCommuteMedian":-1},"geometry":{"type":"Polygon","coordinates":[[[121.18909316086312,24.770098194407243],[121.18909316086312,24.77909139804449],[121.19808636450037,24.77909139804449],[121.19808636450037,24.770098194407243],[121.18909316086312,24.770098194407243]]]}},{"type":"Feature","properties":{"jobs":54,"pop":111,"pointCount":2,"homeWorkCommuteMedian":31317,"workHomeCommuteMedian":17888},"geometry":{"type":"Polygon","coordinates":[[[121.18909316086312,24.77909139804449],[121.18909316086312,24.788084601681735],[121.19808636450037,24.788084601681735],[121.19808636450037,24.77909139804449],[121.18909316086312,24.77909139804449]]]}},{"type":"Feature","properties":{"jobs":20,"pop":144,"pointCount":2,"homeWorkCommuteMedian":4322,"workHomeCommuteMedian":4030},"geometry":{"type":"Polygon","coordinates":[[[121.18909316086312,24.788084601681735],[121.18909316086312,24.79707780531898],[121.19808636450037,24.79707780531898],[121.19808636450037,24.788084601681735],[121.18909316086312,24.788084601681735]]]}},{"type":"Feature","properties":{"jobs":196,"pop":266,"pointCount":5,"homeWorkCommuteMedian":25039,"workHomeCommuteMedian":11775},"geometry":{"type":"Polygon","coordinates":[[[121.18909316086312,24.79707780531898],[121.18909316086312,24.806071008956227],[121.19808636450037,24.806071008956227],[121.19808636450037,24.79707780531898],[121.18909316086312,24.79707780531898]]]}},{"type":"Feature","properties":{"jobs":20,"pop":0,"pointCount":1,"homeWorkCommuteMedian":-1,"workHomeCommuteMedian":4605},"geometry":{"type":"Polygon","coordinates":[[[121.18909316086312,24.815064212593473],[121.18909316086312,24.82405741623072],[121.19808636450037,24.82405741623072],[121.19808636450037,24.815064212593473],[121.18909316086312,24.815064212593473]]]}},{"type":"Feature","properties":{"jobs":16,"pop":0,"pointCount":1,"homeWorkCommuteMedian":-1,"workHomeCommuteMedian":10164},"geometry":{"type":"Polygon","coordinates":[[[121.19808636450037,24.743118583495505],[121.19808636450037,24.75211178713275],[121.20707956813762,24.75211178713275],[121.20707956813762,24.743118583495505],[121.19808636450037,24.743118583495505]]]}},{"type":"Feature","properties":{"jobs":0,"pop":41,"pointCount":1,"homeWorkCommuteMedian":36771,"workHomeCommuteMedian":-1},"geometry":{"type":"Polygon","coordinates":[[[121.19808636450037,24.75211178713275],[121.19808636450037,24.761104990769997],[121.20707956813762,24.761104990769997],[121.20707956813762,24.75211178713275],[121.19808636450037,24.75211178713275]]]}},{"type":"Feature","properties":{"jobs":240,"pop":16,"pointCount":2,"homeWorkCommuteMedian":36316,"workHomeCommuteMedian":8971},"geometry":{"type":"Polygon","coordinates":[[[121.19808636450037,24.761104990769997],[121.19808636450037,24.770098194407243],[121.20707956813762,24.770098194407243],[121.20707956813762,24.761104990769997],[121.19808636450037,24.761104990769997]]]}},{"type":"Feature","properties":{"jobs":0,"pop":51,"pointCount":2,"homeWorkCommuteMedian":24698,"workHomeCommuteMedian":-1},"geometry":{"type":"Polygon","coordinates":[[[121.19808636450037,24.770098194407243],[121.19808636450037,24.77909139804449],[121.20707956813762,24.77909139804449],[121.20707956813762,24.770098194407243],[121.19808636450037,24.770098194407243]]]}},{"type":"Feature","properties":{"jobs":0,"pop":70,"pointCount":1,"homeWorkCommuteMedian":27349,"workHomeCommuteMedian":-1},"geometry":{"type":"Polygon","coordinates":[[[121.19808636450037,24.79707780531898],[121.19808636450037,24.806071008956227],[121.20707956813762,24.806071008956227],[121.20707956813762,24.79707780531898],[121.19808636450037,24.79707780531898]]]}},{"type":"Feature","properties":{"jobs":273,"pop":25,"pointCount":3,"homeWorkCommuteMedian":26135,"workHomeCommuteMedian":8725},"geometry":{"type":"Polygon","coordinates":[[[121.19808636450037,24.806071008956227],[121.19808636450037,24.815064212593473],[121.20707956813762,24.815064212593473],[121.20707956813762,24.806071008956227],[121.19808636450037,24.806071008956227]]]}},{"type":"Feature","properties":{"jobs":0,"pop":18,"pointCount":1,"homeWorkCommuteMedian":26386,"workHomeCommuteMedian":-1},"geometry":{"type":"Polygon","coordinates":[[[121.20707956813762,24.73412537985826],[121.20707956813762,24.743118583495505],[121.21607277177486,24.743118583495505],[121.21607277177486,24.73412537985826],[121.20707956813762,24.73412537985826]]]}},{"type":"Feature","properties":{"jobs":20,"pop":141,"pointCount":3,"homeWorkCommuteMedian":29165,"workHomeCommuteMedian":10332},"geometry":{"type":"Polygon","coordinates":[[[121.20707956813762,24.75211178713275],[121.20707956813762,24.761104990769997],[121.21607277177486,24.761104990769997],[121.21607277177486,24.75211178713275],[121.20707956813762,24.75211178713275]]]}},{"type":"Feature","properties":{"jobs":50,"pop":0,"pointCount":1,"homeWorkCommuteMedian":-1,"workHomeCommuteMedian":9982},"geometry":{"type":"Polygon","coordinates":[[[121.20707956813762,24.761104990769997],[121.20707956813762,24.770098194407243],[121.21607277177486,24.770098194407243],[121.21607277177486,24.761104990769997],[121.20707956813762,24.761104990769997]]]}},{"type":"Feature","properties":{"jobs":0,"pop":75,"pointCount":1,"homeWorkCommuteMedian":5190,"workHomeCommuteMedian":-1},"geometry":{"type":"Polygon","coordinates":[[[121.20707956813762,24.788084601681735],[121.20707956813762,24.79707780531898],[121.21607277177486,24.79707780531898],[121.21607277177486,24.788084601681735],[121.20707956813762,24.788084601681735]]]}},{"type":"Feature","properties":{"jobs":84,"pop":0,"pointCount":1,"homeWorkCommuteMedian":-1,"workHomeCommuteMedian":11615},"geometry":{"type":"Polygon","coordinates":[[[121.21607277177486,24.743118583495505],[121.21607277177486,24.75211178713275],[121.22506597541211,24.75211178713275],[121.22506597541211,24.743118583495505],[121.21607277177486,24.743118583495505]]]}},{"type":"Feature","properties":{"jobs":0,"pop":64,"pointCount":1,"homeWorkCommuteMedian":35265,"workHomeCommuteMedian":-1},"geometry":{"type":"Polygon","coordinates":[[[121.21607277177486,24.75211178713275],[121.21607277177486,24.761104990769997],[121.22506597541211,24.761104990769997],[121.22506597541211,24.75211178713275],[121.21607277177486,24.75211178713275]]]}},{"type":"Feature","properties":{"jobs":142,"pop":45,"pointCount":3,"homeWorkCommuteMedian":7011,"workHomeCommuteMedian":12684},"geometry":{"type":"Polygon","coordinates":[[[121.21607277177486,24.761104990769997],[121.21607277177486,24.770098194407243],[121.22506597541211,24.770098194407243],[121.22506597541211,24.761104990769997],[121.21607277177486,24.761104990769997]]]}},{"type":"Feature","properties":{"jobs":0,"pop":110,"pointCount":1,"homeWorkCommuteMedian":26885,"workHomeCommuteMedian":-1},"geometry":{"type":"Polygon","coordinates":[[[121.21607277177486,24.770098194407243],[121.21607277177486,24.77909139804449],[121.22506597541211,24.77909139804449],[121.22506597541211,24.770098194407243],[121.21607277177486,24.770098194407243]]]}},{"type":"Feature","properties":{"jobs":0,"pop":19,"pointCount":1,"homeWorkCommuteMedian":6229,"workHomeCommuteMedian":-1},"geometry":{"type":"Polygon","coordinates":[[[121.21607277177486,24.788084601681735],[121.21607277177486,24.79707780531898],[121.22506597541211,24.79707780531898],[121.22506597541211,24.788084601681735],[121.21607277177486,24.788084601681735]]]}},{"type":"Feature","properties":{"jobs":22,"pop":0,"pointCount":1,"homeWorkCommuteMedian":-1,"workHomeCommuteMedian":12924},"geometry":{"type":"Polygon","coordinates":[[[121.22506597541211,24.75211178713275],[121.22506597541211,24.761104990769997],[121.23405917904935,24.761104990769997],[121.23405917904935,24.75211178713275],[121.22506597541211,24.75211178713275]]]}},{"type":"Feature","properties":{"jobs":0,"pop":108,"pointCount":1,"homeWorkCommuteMedian":32696,"workHomeCommuteMedian":-1},"geometry":{"type":"Polygon","coordinates":[[[121.22506597541211,24.761104990769997],[121.22506597541211,24.770098194407243],[121.23405917904935,24.770098194407243],[121.23405917904935,24.761104990769997],[121.22506597541211,24.761104990769997]]]}},{"type":"Feature","properties":{"jobs":63,"pop":91,"pointCount":3,"homeWorkCommuteMedian":7354,"workHomeCommuteMedian":9905},"geometry":{"type":"Polygon","coordinates":[[[121.22506597541211,24.770098194407243],[121.22506597541211,24.77909139804449],[121.23405917904935,24.77909139804449],[121.23405917904935,24.770098194407243],[121.22506597541211,24.770098194407243]]]}},{"type":"Feature","properties":{"jobs":0,"pop":30,"pointCount":1,"homeWorkCommuteMedian":42944,"workHomeCommuteMedian":-1},"geometry":{"type":"Polygon","coordinates":[[[121.22506597541211,24.788084601681735],[121.22506597541211,24.79707780531898],[121.23405917904935,24.79707780531898],[121.23405917904935,24.788084601681735],[121.22506597541211,24.788084601681735]]]}},{"type":"Feature","properties":{"jobs":61,"pop":0,"pointCount":1,"homeWorkCommuteMedian":-1,"workHomeCommuteMedian":5673},"geometry":{"type":"Polygon","coordinates":[[[121.22506597541211,24.79707780531898],[121.22506597541211,24.806071008956227],[121.23405917904935,24.806071008956227],[121.23405917904935,24.79707780531898],[121.22506597541211,24.79707780531898]]]}},{"type":"Feature","properties":{"jobs":0,"pop":18,"pointCount":1,"homeWorkCommuteMedian":41315,"workHomeCommuteMedian":-1},"geometry":{"type":"Polygon","coordinates":[[[121.23405917904935,24.75211178713275],[121.23405917904935,24.761104990769997],[121.2430523826866,24.761104990769997],[121.2430523826866,24.75211178713275],[121.23405917904935,24.75211178713275]]]}},{"type":"Feature","properties":{"jobs":0,"pop":39,"pointCount":1,"homeWorkCommuteMedian":9711,"workHomeCommuteMedian":-1},"geometry":{"type":"Polygon","coordinates":[[[121.23405917904935,24.761104990769997],[121.23405917904935,24.770098194407243],[121.2430523826866,24.770098194407243],[121.2430523826866,24.761104990769997],[121.23405917904935,24.761104990769997]]]}},{"type":"Feature","properties":{"jobs":238,"pop":201,"pointCount":6,"homeWorkCommuteMedian":17768,"workHomeCommuteMedian":10654},"geometry":{"type":"Polygon","coordinates":[[[121.23405917904935,24.770098194407243],[121.23405917904935,24.77909139804449],[121.2430523826866,24.77909139804449],[121.2430523826866,24.770098194407243],[121.23405917904935,24.770098194407243]]]}},{"type":"Feature","properties":{"jobs":18,"pop":0,"pointCount":1,"homeWorkCommuteMedian":-1,"workHomeCommuteMedian":8028},"geometry":{"type":"Polygon","coordinates":[[[121.23405917904935,24.79707780531898],[121.23405917904935,24.806071008956227],[121.2430523826866,24.806071008956227],[121.2430523826866,24.79707780531898],[121.23405917904935,24.79707780531898]]]}},{"type":"Feature","properties":{"jobs":0,"pop":42,"pointCount":1,"homeWorkCommuteMedian":40595,"workHomeCommuteMedian":-1},"geometry":{"type":"Polygon","coordinates":[[[121.2430523826866,24.75211178713275],[121.2430523826866,24.761104990769997],[121.25204558632385,24.761104990769997],[121.25204558632385,24.75211178713275],[121.2430523826866,24.75211178713275]]]}},{"type":"Feature","properties":{"jobs":17,"pop":24,"pointCount":2,"homeWorkCommuteMedian":48138,"workHomeCommuteMedian":15222},"geometry":{"type":"Polygon","coordinates":[[[121.2430523826866,24.770098194407243],[121.2430523826866,24.77909139804449],[121.25204558632385,24.77909139804449],[121.25204558632385,24.770098194407243],[121.2430523826866,24.770098194407243]]]}},{"type":"Feature","properties":{"jobs":27,"pop":0,"pointCount":1,"homeWorkCommuteMedian":-1,"workHomeCommuteMedian":11179},"geometry":{"type":"Polygon","coordinates":[[[121.2430523826866,24.77909139804449],[121.2430523826866,24.788084601681735],[121.25204558632385,24.788084601681735],[121.25204558632385,24.77909139804449],[121.2430523826866,24.77909139804449]]]}},{"type":"Feature","properties":{"jobs":0,"pop":37,"pointCount":1,"homeWorkCommuteMedian":36841,"workHomeCommuteMedian":-1},"geometry":{"type":"Polygon","coordinates":[[[121.25204558632385,24.75211178713275],[121.25204558632385,24.761104990769997],[121.26103878996109,24.761104990769997],[121.26103878996109,24.75211178713275],[121.25204558632385,24.75211178713275]]]}},{"type":"Feature","properties":{"jobs":0,"pop":40,"pointCount":1,"homeWorkCommuteMedian":19436,"workHomeCommuteMedian":-1},"geometry":{"type":"Polygon","coordinates":[[[121.25204558632385,24.761104990769997],[121.25204558632385,24.770098194407243],[121.26103878996109,24.770098194407243],[121.26103878996109,24.761104990769997],[121.25204558632385,24.761104990769997]]]}},{"type":"Feature","properties":{"jobs":40,"pop":33,"pointCount":1,"homeWorkCommuteMedian":20480,"workHomeCommuteMedian":11972},"geometry":{"type":"Polygon","coordinates":[[[121.25204558632385,24.770098194407243],[121.25204558632385,24.77909139804449],[121.26103878996109,24.77909139804449],[121.26103878996109,24.770098194407243],[121.25204558632385,24.770098194407243]]]}},{"type":"Feature","properties":{"jobs":0,"pop":54,"pointCount":1,"homeWorkCommuteMedian":32363,"workHomeCommuteMedian":-1},"geometry":{"type":"Polygon","coordinates":[[[121.25204558632385,24.77909139804449],[121.25204558632385,24.788084601681735],[121.26103878996109,24.788084601681735],[121.26103878996109,24.77909139804449],[121.25204558632385,24.77909139804449]]]}}],"properties":{"residentWeightedNearestNeighborKm":{"p10":0.15147584801011565,"p25":0.16325473633284912,"p50":0.18144402058872067,"p75":0.22251212376274884,"p90":0.2964641596812495,"mean":0.21227363934308216},"workerWeightedNearestNeighborKm":{"p10":0.16090916299871497,"p25":0.1774561337732723,"p50":0.20741575768430306,"p75":0.2534037186578939,"p90":0.3013696995646839,"mean":0.22213234467569326},"commuteDistanceKm":{"p10":2098,"p25":4000,"p50":7347,"p75":14695,"p90":28594,"mean":11873.218037518038},"residentCellDensity":{"p10":27,"p25":49,"p50":128,"p75":445,"p90":1530,"mean":642.50753370341},"workerCellDensity":{"p10":23,"p25":43,"p50":139,"p75":506,"p90":2002,"mean":916.1595022624434},"detail":{"radiusKm":0.19399574481852888,"expectedPointSpacingKm":0.49212834221010193,"normalizedRadius":0.39419746472497863,"activityPerPoint":145.51669658886894,"playableAreaKm2":1672,"playableAreaPerPointKm2":0.30017953321364454,"playableCatchmentRadiusKm":0.30911181318729736,"localityScore":0.8740882555121057,"deaggregationScore":1,"score":0.9349268717456493},"polycentrism":{"activity":{"score":0.7998864779251489,"continuousScore":0.6517865990073033,"detectedCenterCount":2,"effectiveCenterCount":1.6665090120326633,"largestCenterShare":0.7236702495163646,"bandwidthKm":1.3,"reliabilityScore":1,"supportLevel":"high","usedFallback":false,"topCenters":[{"longitude":121.0101791765613,"latitude":24.810367892791923,"massShare":0.7236702495163646,"assignedMass":1173110,"assignedPointCount":3093,"prominenceRatio":1},{"longitude":120.86873414821275,"latitude":24.632213215205052,"massShare":0.27632975048363534,"assignedMass":447946,"assignedPointCount":2477,"prominenceRatio":1}],"debug":{"rawPeakCount":26,"mergedPeakCount":18,"filteredPeakCount":2,"prominenceThreshold":0.22,"minPointsPerCenter":10,"rejectedCenters":[{"longitude":121.00955704554113,"latitude":24.778621581653823,"massShare":0.17307236764183348,"assignedMass":280560,"assignedPointCount":428,"prominenceRatio":0.9961086856048534,"strongestCompetitorDistanceKm":4.390741321675694,"strongestCompetitorPotential":156066.91302890773,"localConsolidatedShare":0.17307236764183348,"localConsolidatedMass":280560,"localContributorCount":1,"localContributorDistancesKm":[],"rejectionReasons":["too_close_for_protected_share_center"]},{"longitude":121.01913745463803,"latitude":24.834989842413925,"massShare":0.18818103754589602,"assignedMass":305052,"assignedPointCount":616,"prominenceRatio":0.9995228127209063,"strongestCompetitorDistanceKm":5.238698616497495,"strongestCompetitorPotential":156066.91302890773,"localConsolidatedShare":0.18818103754589602,"localConsolidatedMass":305052,"localContributorCount":1,"localContributorDistancesKm":[],"rejectionReasons":["too_close_for_protected_share_center"]},{"longitude":120.82296459888397,"latitude":24.564217260083314,"massShare":0.058816598562912076,"assignedMass":95345,"assignedPointCount":391,"prominenceRatio":1,"strongestCompetitorDistanceKm":18.675838652597765,"strongestCompetitorPotential":68287.0072666738,"localConsolidatedShare":0.058816598562912076,"localConsolidatedMass":95345,"localContributorCount":1,"localContributorDistancesKm":[],"rejectionReasons":["below_secondary_share_floor"]},{"longitude":121.08781709860489,"latitude":24.73766685258976,"massShare":0.06053461447352837,"assignedMass":98130,"assignedPointCount":484,"prominenceRatio":1,"strongestCompetitorDistanceKm":14.381429405715767,"strongestCompetitorPotential":156066.91302890773,"localConsolidatedShare":0.06053461447352837,"localConsolidatedMass":98130,"localContributorCount":1,"localContributorDistancesKm":[],"rejectionReasons":["not_dominant_local_peak","below_relative_share_floor"]},{"longitude":121.03088521606325,"latitude":24.89363839217298,"massShare":0.07040163942516484,"assignedMass":114125,"assignedPointCount":586,"prominenceRatio":1,"strongestCompetitorDistanceKm":12.950640586984786,"strongestCompetitorPotential":156066.91302890773,"localConsolidatedShare":0.07040163942516484,"localConsolidatedMass":114125,"localContributorCount":1,"localContributorDistancesKm":[],"rejectionReasons":["not_dominant_local_peak"]},{"longitude":120.80254548397063,"latitude":24.625198675611838,"massShare":0.019949958545540686,"assignedMass":32340,"assignedPointCount":284,"prominenceRatio":1,"strongestCompetitorDistanceKm":16.065468959158757,"strongestCompetitorPotential":68287.0072666738,"localConsolidatedShare":0.019949958545540686,"localConsolidatedMass":32340,"localContributorCount":1,"localContributorDistancesKm":[],"rejectionReasons":["below_secondary_share_floor"]},{"longitude":120.81743992639643,"latitude":24.503427574675392,"massShare":0.01757681412610052,"assignedMass":28493,"assignedPointCount":238,"prominenceRatio":1,"strongestCompetitorDistanceKm":24.346692018946108,"strongestCompetitorPotential":68287.0072666738,"localConsolidatedShare":0.01757681412610052,"localConsolidatedMass":28493,"localContributorCount":1,"localContributorDistancesKm":[],"rejectionReasons":["below_secondary_share_floor"]},{"longitude":121.1701861904291,"latitude":24.795080642526237,"massShare":0.01544918867701054,"assignedMass":25044,"assignedPointCount":305,"prominenceRatio":1,"strongestCompetitorDistanceKm":20.925943655362616,"strongestCompetitorPotential":156066.91302890773,"localConsolidatedShare":0.01544918867701054,"localConsolidatedMass":25044,"localContributorCount":1,"localContributorDistancesKm":[],"rejectionReasons":["below_secondary_share_floor"]},{"longitude":120.77629142701853,"latitude":24.471764398727057,"massShare":0.009163162777843578,"assignedMass":14854,"assignedPointCount":101,"prominenceRatio":1,"strongestCompetitorDistanceKm":30.5563785125202,"strongestCompetitorPotential":68287.0072666738,"localConsolidatedShare":0.009163162777843578,"localConsolidatedMass":14854,"localContributorCount":1,"localContributorDistancesKm":[],"rejectionReasons":["below_secondary_share_floor"]},{"longitude":120.86379434949231,"latitude":24.4106448964061,"massShare":0.006841836432547673,"assignedMass":11091,"assignedPointCount":176,"prominenceRatio":1,"strongestCompetitorDistanceKm":31.938399465153083,"strongestCompetitorPotential":68287.0072666738,"localConsolidatedShare":0.006841836432547673,"localConsolidatedMass":11091,"localContributorCount":1,"localContributorDistancesKm":[],"rejectionReasons":["below_secondary_share_floor"]},{"longitude":120.74472140525651,"latitude":24.56896762039448,"massShare":0.0034243110663666155,"assignedMass":5551,"assignedPointCount":101,"prominenceRatio":1,"strongestCompetitorDistanceKm":23.060271636907174,"strongestCompetitorPotential":68287.0072666738,"localConsolidatedShare":0.0034243110663666155,"localConsolidatedMass":5551,"localContributorCount":1,"localContributorDistancesKm":[],"rejectionReasons":["below_secondary_share_floor"]},{"longitude":120.98895229449634,"latitude":24.619604828387004,"massShare":0.004091160330056457,"assignedMass":6632,"assignedPointCount":133,"prominenceRatio":1,"strongestCompetitorDistanceKm":14.843081495577454,"strongestCompetitorPotential":68287.0072666738,"localConsolidatedShare":0.004091160330056457,"localConsolidatedMass":6632,"localContributorCount":1,"localContributorDistancesKm":[],"rejectionReasons":["below_secondary_share_floor"]},{"longitude":121.1296137246852,"latitude":24.681395764404765,"massShare":0.0017969767855027833,"assignedMass":2913,"assignedPointCount":55,"prominenceRatio":1,"strongestCompetitorDistanceKm":21.235813886613375,"strongestCompetitorPotential":68287.0072666738,"localConsolidatedShare":0.0017969767855027833,"localConsolidatedMass":2913,"localContributorCount":1,"localContributorDistancesKm":[],"rejectionReasons":["below_secondary_share_floor"]},{"longitude":120.91389132361539,"latitude":24.543505604504006,"massShare":0.0013855166015239449,"assignedMass":2246,"assignedPointCount":56,"prominenceRatio":1,"strongestCompetitorDistanceKm":18.95799595542987,"strongestCompetitorPotential":68287.0072666738,"localConsolidatedShare":0.0013855166015239449,"localConsolidatedMass":2246,"localContributorCount":1,"localContributorDistancesKm":[],"rejectionReasons":["below_secondary_share_floor"]},{"longitude":120.96787118043927,"latitude":24.53821507589092,"massShare":0.000548407951360101,"assignedMass":889,"assignedPointCount":15,"prominenceRatio":1,"strongestCompetitorDistanceKm":19.829030720800727,"strongestCompetitorPotential":68287.0072666738,"localConsolidatedShare":0.000548407951360101,"localConsolidatedMass":889,"localContributorCount":1,"localContributorDistancesKm":[],"rejectionReasons":["below_secondary_share_floor"]},{"longitude":121.04435485375403,"latitude":24.598458722777323,"massShare":0.00051386256859726,"assignedMass":833,"assignedPointCount":10,"prominenceRatio":1,"strongestCompetitorDistanceKm":17.612907266850353,"strongestCompetitorPotential":68287.0072666738,"localConsolidatedShare":0.00051386256859726,"localConsolidatedMass":833,"localContributorCount":1,"localContributorDistancesKm":[],"rejectionReasons":["below_secondary_share_floor"]}]}}}}}
