{"type":"FeatureCollection","features":[{"type":"Feature","properties":{"jobs":174,"pop":2629,"pointCount":1,"homeWorkCommuteMedian":19523,"workHomeCommuteMedian":15555},"geometry":{"type":"Polygon","coordinates":[[[126.65149612179923,34.98862913089234],[126.65149612179923,34.99762233452959],[126.66048932543647,34.99762233452959],[126.66048932543647,34.98862913089234],[126.65149612179923,34.98862913089234]]]}},{"type":"Feature","properties":{"jobs":2222,"pop":763,"pointCount":2,"homeWorkCommuteMedian":18829,"workHomeCommuteMedian":15416},"geometry":{"type":"Polygon","coordinates":[[[126.66048932543647,35.249432036372475],[126.66048932543647,35.25842524000972],[126.66948252907372,35.25842524000972],[126.66948252907372,35.249432036372475],[126.66048932543647,35.249432036372475]]]}},{"type":"Feature","properties":{"jobs":32,"pop":200,"pointCount":1,"homeWorkCommuteMedian":21904,"workHomeCommuteMedian":-1},"geometry":{"type":"Polygon","coordinates":[[[126.66948252907372,35.03359514907857],[126.66948252907372,35.04258835271582],[126.67847573271096,35.04258835271582],[126.67847573271096,35.03359514907857],[126.66948252907372,35.03359514907857]]]}},{"type":"Feature","properties":{"jobs":2957,"pop":843,"pointCount":2,"homeWorkCommuteMedian":17924,"workHomeCommuteMedian":15463},"geometry":{"type":"Polygon","coordinates":[[[126.66948252907372,35.249432036372475],[126.66948252907372,35.25842524000972],[126.67847573271096,35.25842524000972],[126.67847573271096,35.249432036372475],[126.66948252907372,35.249432036372475]]]}},{"type":"Feature","properties":{"jobs":2014,"pop":967,"pointCount":2,"homeWorkCommuteMedian":15758,"workHomeCommuteMedian":13914},"geometry":{"type":"Polygon","coordinates":[[[126.66948252907372,35.25842524000972],[126.66948252907372,35.26741844364697],[126.67847573271096,35.26741844364697],[126.67847573271096,35.25842524000972],[126.66948252907372,35.25842524000972]]]}},{"type":"Feature","properties":{"jobs":37,"pop":200,"pointCount":1,"homeWorkCommuteMedian":27164,"workHomeCommuteMedian":-1},"geometry":{"type":"Polygon","coordinates":[[[126.67847573271096,34.99762233452959],[126.67847573271096,35.006615538166834],[126.68746893634821,35.006615538166834],[126.68746893634821,34.99762233452959],[126.67847573271096,34.99762233452959]]]}},{"type":"Feature","properties":{"jobs":17,"pop":200,"pointCount":1,"homeWorkCommuteMedian":22905,"workHomeCommuteMedian":-1},"geometry":{"type":"Polygon","coordinates":[[[126.67847573271096,35.26741844364697],[126.67847573271096,35.27641164728421],[126.68746893634821,35.27641164728421],[126.68746893634821,35.26741844364697],[126.67847573271096,35.26741844364697]]]}},{"type":"Feature","properties":{"jobs":62,"pop":200,"pointCount":1,"homeWorkCommuteMedian":17246,"workHomeCommuteMedian":-1},"geometry":{"type":"Polygon","coordinates":[[[126.68746893634821,35.01560874180408],[126.68746893634821,35.024601945441326],[126.69646213998546,35.024601945441326],[126.69646213998546,35.01560874180408],[126.68746893634821,35.01560874180408]]]}},{"type":"Feature","properties":{"jobs":571,"pop":67,"pointCount":1,"homeWorkCommuteMedian":18355,"workHomeCommuteMedian":17489},"geometry":{"type":"Polygon","coordinates":[[[126.68746893634821,35.0785611672648],[126.68746893634821,35.08755437090205],[126.69646213998546,35.08755437090205],[126.69646213998546,35.0785611672648],[126.68746893634821,35.0785611672648]]]}},{"type":"Feature","properties":{"jobs":2362,"pop":1385,"pointCount":1,"homeWorkCommuteMedian":12914,"workHomeCommuteMedian":11722},"geometry":{"type":"Polygon","coordinates":[[[126.69646213998546,34.98862913089234],[126.69646213998546,34.99762233452959],[126.7054553436227,34.99762233452959],[126.7054553436227,34.98862913089234],[126.69646213998546,34.98862913089234]]]}},{"type":"Feature","properties":{"jobs":1451,"pop":664,"pointCount":1,"homeWorkCommuteMedian":11242,"workHomeCommuteMedian":10849},"geometry":{"type":"Polygon","coordinates":[[[126.69646213998546,34.99762233452959],[126.69646213998546,35.006615538166834],[126.7054553436227,35.006615538166834],[126.7054553436227,34.99762233452959],[126.69646213998546,34.99762233452959]]]}},{"type":"Feature","properties":{"jobs":380,"pop":196,"pointCount":1,"homeWorkCommuteMedian":17749,"workHomeCommuteMedian":-1},"geometry":{"type":"Polygon","coordinates":[[[126.69646213998546,35.069567963627556],[126.69646213998546,35.0785611672648],[126.7054553436227,35.0785611672648],[126.7054553436227,35.069567963627556],[126.69646213998546,35.069567963627556]]]}},{"type":"Feature","properties":{"jobs":831,"pop":310,"pointCount":2,"homeWorkCommuteMedian":11548,"workHomeCommuteMedian":11888},"geometry":{"type":"Polygon","coordinates":[[[126.7054553436227,34.98862913089234],[126.7054553436227,34.99762233452959],[126.71444854725995,34.99762233452959],[126.71444854725995,34.98862913089234],[126.7054553436227,34.98862913089234]]]}},{"type":"Feature","properties":{"jobs":1089,"pop":553,"pointCount":1,"homeWorkCommuteMedian":9718,"workHomeCommuteMedian":10582},"geometry":{"type":"Polygon","coordinates":[[[126.7054553436227,34.99762233452959],[126.7054553436227,35.006615538166834],[126.71444854725995,35.006615538166834],[126.71444854725995,34.99762233452959],[126.7054553436227,34.99762233452959]]]}},{"type":"Feature","properties":{"jobs":1415,"pop":275,"pointCount":2,"homeWorkCommuteMedian":9929,"workHomeCommuteMedian":10209},"geometry":{"type":"Polygon","coordinates":[[[126.7054553436227,35.006615538166834],[126.7054553436227,35.01560874180408],[126.71444854725995,35.01560874180408],[126.71444854725995,35.006615538166834],[126.7054553436227,35.006615538166834]]]}},{"type":"Feature","properties":{"jobs":4632,"pop":2599,"pointCount":2,"homeWorkCommuteMedian":8692,"workHomeCommuteMedian":8924},"geometry":{"type":"Polygon","coordinates":[[[126.7054553436227,35.01560874180408],[126.7054553436227,35.024601945441326],[126.71444854725995,35.024601945441326],[126.71444854725995,35.01560874180408],[126.7054553436227,35.01560874180408]]]}},{"type":"Feature","properties":{"jobs":454,"pop":215,"pointCount":1,"homeWorkCommuteMedian":15854,"workHomeCommuteMedian":2211},"geometry":{"type":"Polygon","coordinates":[[[126.7054553436227,35.024601945441326],[126.7054553436227,35.03359514907857],[126.71444854725995,35.03359514907857],[126.71444854725995,35.024601945441326],[126.7054553436227,35.024601945441326]]]}},{"type":"Feature","properties":{"jobs":3170,"pop":1505,"pointCount":3,"homeWorkCommuteMedian":10847,"workHomeCommuteMedian":10697},"geometry":{"type":"Polygon","coordinates":[[[126.71444854725995,34.98862913089234],[126.71444854725995,34.99762233452959],[126.7234417508972,34.99762233452959],[126.7234417508972,34.98862913089234],[126.71444854725995,34.98862913089234]]]}},{"type":"Feature","properties":{"jobs":1084,"pop":374,"pointCount":1,"homeWorkCommuteMedian":9815,"workHomeCommuteMedian":8708},"geometry":{"type":"Polygon","coordinates":[[[126.71444854725995,35.006615538166834],[126.71444854725995,35.01560874180408],[126.7234417508972,35.01560874180408],[126.7234417508972,35.006615538166834],[126.71444854725995,35.006615538166834]]]}},{"type":"Feature","properties":{"jobs":5602,"pop":3153,"pointCount":2,"homeWorkCommuteMedian":8826,"workHomeCommuteMedian":8667},"geometry":{"type":"Polygon","coordinates":[[[126.71444854725995,35.01560874180408],[126.71444854725995,35.024601945441326],[126.7234417508972,35.024601945441326],[126.7234417508972,35.01560874180408],[126.71444854725995,35.01560874180408]]]}},{"type":"Feature","properties":{"jobs":3668,"pop":1697,"pointCount":3,"homeWorkCommuteMedian":9616,"workHomeCommuteMedian":9457},"geometry":{"type":"Polygon","coordinates":[[[126.71444854725995,35.024601945441326],[126.71444854725995,35.03359514907857],[126.7234417508972,35.03359514907857],[126.7234417508972,35.024601945441326],[126.71444854725995,35.024601945441326]]]}},{"type":"Feature","properties":{"jobs":10532,"pop":8061,"pointCount":4,"homeWorkCommuteMedian":10179,"workHomeCommuteMedian":9476},"geometry":{"type":"Polygon","coordinates":[[[126.71444854725995,35.03359514907857],[126.71444854725995,35.04258835271582],[126.7234417508972,35.04258835271582],[126.7234417508972,35.03359514907857],[126.71444854725995,35.03359514907857]]]}},{"type":"Feature","properties":{"jobs":4666,"pop":94,"pointCount":2,"homeWorkCommuteMedian":13806,"workHomeCommuteMedian":24014},"geometry":{"type":"Polygon","coordinates":[[[126.71444854725995,35.04258835271582],[126.71444854725995,35.051581556353064],[126.7234417508972,35.051581556353064],[126.7234417508972,35.04258835271582],[126.71444854725995,35.04258835271582]]]}},{"type":"Feature","properties":{"jobs":420,"pop":200,"pointCount":1,"homeWorkCommuteMedian":18487,"workHomeCommuteMedian":-1},"geometry":{"type":"Polygon","coordinates":[[[126.7234417508972,35.006615538166834],[126.7234417508972,35.01560874180408],[126.73243495453444,35.01560874180408],[126.73243495453444,35.006615538166834],[126.7234417508972,35.006615538166834]]]}},{"type":"Feature","properties":{"jobs":1730,"pop":650,"pointCount":2,"homeWorkCommuteMedian":9815,"workHomeCommuteMedian":8907},"geometry":{"type":"Polygon","coordinates":[[[126.7234417508972,35.024601945441326],[126.7234417508972,35.03359514907857],[126.73243495453444,35.03359514907857],[126.73243495453444,35.024601945441326],[126.7234417508972,35.024601945441326]]]}},{"type":"Feature","properties":{"jobs":49,"pop":349,"pointCount":1,"homeWorkCommuteMedian":14666,"workHomeCommuteMedian":-1},"geometry":{"type":"Polygon","coordinates":[[[126.7234417508972,35.04258835271582],[126.7234417508972,35.051581556353064],[126.73243495453444,35.051581556353064],[126.73243495453444,35.04258835271582],[126.7234417508972,35.04258835271582]]]}},{"type":"Feature","properties":{"jobs":127,"pop":615,"pointCount":1,"homeWorkCommuteMedian":15350,"workHomeCommuteMedian":-1},"geometry":{"type":"Polygon","coordinates":[[[126.73243495453444,35.12352718545103],[126.73243495453444,35.13252038908828],[126.74142815817169,35.13252038908828],[126.74142815817169,35.12352718545103],[126.73243495453444,35.12352718545103]]]}},{"type":"Feature","properties":{"jobs":85,"pop":199,"pointCount":1,"homeWorkCommuteMedian":20791,"workHomeCommuteMedian":-1},"geometry":{"type":"Polygon","coordinates":[[[126.73243495453444,35.27641164728421],[126.73243495453444,35.28540485092146],[126.74142815817169,35.28540485092146],[126.74142815817169,35.27641164728421],[126.73243495453444,35.27641164728421]]]}},{"type":"Feature","properties":{"jobs":17,"pop":18,"pointCount":1,"homeWorkCommuteMedian":21949,"workHomeCommuteMedian":-1},"geometry":{"type":"Polygon","coordinates":[[[126.73243495453444,35.28540485092146],[126.73243495453444,35.294398054558705],[126.74142815817169,35.294398054558705],[126.74142815817169,35.28540485092146],[126.73243495453444,35.28540485092146]]]}},{"type":"Feature","properties":{"jobs":727,"pop":49,"pointCount":1,"homeWorkCommuteMedian":10370,"workHomeCommuteMedian":10431},"geometry":{"type":"Polygon","coordinates":[[[126.74142815817169,35.13252038908828],[126.74142815817169,35.14151359272552],[126.75042136180893,35.14151359272552],[126.75042136180893,35.13252038908828],[126.74142815817169,35.13252038908828]]]}},{"type":"Feature","properties":{"jobs":50,"pop":200,"pointCount":1,"homeWorkCommuteMedian":21993,"workHomeCommuteMedian":-1},"geometry":{"type":"Polygon","coordinates":[[[126.74142815817169,35.28540485092146],[126.74142815817169,35.294398054558705],[126.75042136180893,35.294398054558705],[126.75042136180893,35.28540485092146],[126.74142815817169,35.28540485092146]]]}},{"type":"Feature","properties":{"jobs":1026,"pop":240,"pointCount":3,"homeWorkCommuteMedian":5974,"workHomeCommuteMedian":5766},"geometry":{"type":"Polygon","coordinates":[[[126.75042136180893,35.024601945441326],[126.75042136180893,35.03359514907857],[126.75941456544618,35.03359514907857],[126.75941456544618,35.024601945441326],[126.75042136180893,35.024601945441326]]]}},{"type":"Feature","properties":{"jobs":1531,"pop":497,"pointCount":1,"homeWorkCommuteMedian":12793,"workHomeCommuteMedian":11744},"geometry":{"type":"Polygon","coordinates":[[[126.75042136180893,35.114533981813786],[126.75042136180893,35.12352718545103],[126.75941456544618,35.12352718545103],[126.75941456544618,35.114533981813786],[126.75042136180893,35.114533981813786]]]}},{"type":"Feature","properties":{"jobs":1134,"pop":181,"pointCount":1,"homeWorkCommuteMedian":9931,"workHomeCommuteMedian":9993},"geometry":{"type":"Polygon","coordinates":[[[126.75042136180893,35.13252038908828],[126.75042136180893,35.14151359272552],[126.75941456544618,35.14151359272552],[126.75941456544618,35.13252038908828],[126.75042136180893,35.13252038908828]]]}},{"type":"Feature","properties":{"jobs":4112,"pop":0,"pointCount":1,"homeWorkCommuteMedian":-1,"workHomeCommuteMedian":14626},"geometry":{"type":"Polygon","coordinates":[[[126.75941456544618,35.14151359272552],[126.75941456544618,35.15050679636277],[126.76840776908342,35.15050679636277],[126.76840776908342,35.14151359272552],[126.75941456544618,35.14151359272552]]]}},{"type":"Feature","properties":{"jobs":2728,"pop":1131,"pointCount":1,"homeWorkCommuteMedian":9526,"workHomeCommuteMedian":9740},"geometry":{"type":"Polygon","coordinates":[[[126.76840776908342,35.006615538166834],[126.76840776908342,35.01560874180408],[126.77740097272067,35.01560874180408],[126.77740097272067,35.006615538166834],[126.76840776908342,35.006615538166834]]]}},{"type":"Feature","properties":{"jobs":1591,"pop":647,"pointCount":1,"homeWorkCommuteMedian":4714,"workHomeCommuteMedian":3496},"geometry":{"type":"Polygon","coordinates":[[[126.76840776908342,35.01560874180408],[126.76840776908342,35.024601945441326],[126.77740097272067,35.024601945441326],[126.77740097272067,35.01560874180408],[126.76840776908342,35.01560874180408]]]}},{"type":"Feature","properties":{"jobs":4944,"pop":2517,"pointCount":3,"homeWorkCommuteMedian":6586,"workHomeCommuteMedian":6465},"geometry":{"type":"Polygon","coordinates":[[[126.76840776908342,35.024601945441326],[126.76840776908342,35.03359514907857],[126.77740097272067,35.03359514907857],[126.77740097272067,35.024601945441326],[126.76840776908342,35.024601945441326]]]}},{"type":"Feature","properties":{"jobs":619,"pop":25,"pointCount":1,"homeWorkCommuteMedian":10235,"workHomeCommuteMedian":10395},"geometry":{"type":"Polygon","coordinates":[[[126.76840776908342,35.114533981813786],[126.76840776908342,35.12352718545103],[126.77740097272067,35.12352718545103],[126.77740097272067,35.114533981813786],[126.76840776908342,35.114533981813786]]]}},{"type":"Feature","properties":{"jobs":25982,"pop":24417,"pointCount":3,"homeWorkCommuteMedian":9953,"workHomeCommuteMedian":9959},"geometry":{"type":"Polygon","coordinates":[[[126.76840776908342,35.14151359272552],[126.76840776908342,35.15050679636277],[126.77740097272067,35.15050679636277],[126.77740097272067,35.14151359272552],[126.76840776908342,35.14151359272552]]]}},{"type":"Feature","properties":{"jobs":437,"pop":478,"pointCount":1,"homeWorkCommuteMedian":14739,"workHomeCommuteMedian":-1},"geometry":{"type":"Polygon","coordinates":[[[126.76840776908342,35.15050679636277],[126.76840776908342,35.159500000000016],[126.77740097272067,35.159500000000016],[126.77740097272067,35.15050679636277],[126.76840776908342,35.15050679636277]]]}},{"type":"Feature","properties":{"jobs":385,"pop":198,"pointCount":1,"homeWorkCommuteMedian":17159,"workHomeCommuteMedian":-1},"geometry":{"type":"Polygon","coordinates":[[[126.76840776908342,35.24043883273523],[126.76840776908342,35.249432036372475],[126.77740097272067,35.249432036372475],[126.77740097272067,35.24043883273523],[126.76840776908342,35.24043883273523]]]}},{"type":"Feature","properties":{"jobs":2125,"pop":367,"pointCount":2,"homeWorkCommuteMedian":3496,"workHomeCommuteMedian":3496},"geometry":{"type":"Polygon","coordinates":[[[126.76840776908342,35.28540485092146],[126.76840776908342,35.294398054558705],[126.77740097272067,35.294398054558705],[126.77740097272067,35.28540485092146],[126.76840776908342,35.28540485092146]]]}},{"type":"Feature","properties":{"jobs":1354,"pop":163,"pointCount":1,"homeWorkCommuteMedian":11252,"workHomeCommuteMedian":11250},"geometry":{"type":"Polygon","coordinates":[[[126.76840776908342,35.294398054558705],[126.76840776908342,35.30339125819595],[126.77740097272067,35.30339125819595],[126.77740097272067,35.294398054558705],[126.76840776908342,35.294398054558705]]]}},{"type":"Feature","properties":{"jobs":3678,"pop":1231,"pointCount":2,"homeWorkCommuteMedian":11275,"workHomeCommuteMedian":10697},"geometry":{"type":"Polygon","coordinates":[[[126.77740097272067,34.99762233452959],[126.77740097272067,35.006615538166834],[126.78639417635792,35.006615538166834],[126.78639417635792,34.99762233452959],[126.77740097272067,34.99762233452959]]]}},{"type":"Feature","properties":{"jobs":16253,"pop":6763,"pointCount":3,"homeWorkCommuteMedian":9693,"workHomeCommuteMedian":9675},"geometry":{"type":"Polygon","coordinates":[[[126.77740097272067,35.006615538166834],[126.77740097272067,35.01560874180408],[126.78639417635792,35.01560874180408],[126.78639417635792,35.006615538166834],[126.77740097272067,35.006615538166834]]]}},{"type":"Feature","properties":{"jobs":3286,"pop":866,"pointCount":2,"homeWorkCommuteMedian":9156,"workHomeCommuteMedian":8806},"geometry":{"type":"Polygon","coordinates":[[[126.77740097272067,35.01560874180408],[126.77740097272067,35.024601945441326],[126.78639417635792,35.024601945441326],[126.78639417635792,35.01560874180408],[126.77740097272067,35.01560874180408]]]}},{"type":"Feature","properties":{"jobs":9740,"pop":3777,"pointCount":2,"homeWorkCommuteMedian":10136,"workHomeCommuteMedian":9243},"geometry":{"type":"Polygon","coordinates":[[[126.77740097272067,35.024601945441326],[126.77740097272067,35.03359514907857],[126.78639417635792,35.03359514907857],[126.78639417635792,35.024601945441326],[126.77740097272067,35.024601945441326]]]}},{"type":"Feature","properties":{"jobs":1614,"pop":603,"pointCount":1,"homeWorkCommuteMedian":8943,"workHomeCommuteMedian":8638},"geometry":{"type":"Polygon","coordinates":[[[126.77740097272067,35.12352718545103],[126.77740097272067,35.13252038908828],[126.78639417635792,35.13252038908828],[126.78639417635792,35.12352718545103],[126.77740097272067,35.12352718545103]]]}},{"type":"Feature","properties":{"jobs":6817,"pop":3227,"pointCount":2,"homeWorkCommuteMedian":8536,"workHomeCommuteMedian":8420},"geometry":{"type":"Polygon","coordinates":[[[126.77740097272067,35.14151359272552],[126.77740097272067,35.15050679636277],[126.78639417635792,35.15050679636277],[126.78639417635792,35.14151359272552],[126.77740097272067,35.14151359272552]]]}},{"type":"Feature","properties":{"jobs":1966,"pop":499,"pointCount":2,"homeWorkCommuteMedian":13800,"workHomeCommuteMedian":17691},"geometry":{"type":"Polygon","coordinates":[[[126.77740097272067,35.28540485092146],[126.77740097272067,35.294398054558705],[126.78639417635792,35.294398054558705],[126.78639417635792,35.28540485092146],[126.77740097272067,35.28540485092146]]]}},{"type":"Feature","properties":{"jobs":10235,"pop":1765,"pointCount":6,"homeWorkCommuteMedian":15328,"workHomeCommuteMedian":15401},"geometry":{"type":"Polygon","coordinates":[[[126.77740097272067,35.294398054558705],[126.77740097272067,35.30339125819595],[126.78639417635792,35.30339125819595],[126.78639417635792,35.294398054558705],[126.77740097272067,35.294398054558705]]]}},{"type":"Feature","properties":{"jobs":225,"pop":196,"pointCount":1,"homeWorkCommuteMedian":16729,"workHomeCommuteMedian":-1},"geometry":{"type":"Polygon","coordinates":[[[126.78639417635792,34.99762233452959],[126.78639417635792,35.006615538166834],[126.79538737999516,35.006615538166834],[126.79538737999516,34.99762233452959],[126.78639417635792,34.99762233452959]]]}},{"type":"Feature","properties":{"jobs":4211,"pop":1995,"pointCount":1,"homeWorkCommuteMedian":9833,"workHomeCommuteMedian":9714},"geometry":{"type":"Polygon","coordinates":[[[126.78639417635792,35.006615538166834],[126.78639417635792,35.01560874180408],[126.79538737999516,35.01560874180408],[126.79538737999516,35.006615538166834],[126.78639417635792,35.006615538166834]]]}},{"type":"Feature","properties":{"jobs":9024,"pop":3828,"pointCount":4,"homeWorkCommuteMedian":9767,"workHomeCommuteMedian":9815},"geometry":{"type":"Polygon","coordinates":[[[126.78639417635792,35.01560874180408],[126.78639417635792,35.024601945441326],[126.79538737999516,35.024601945441326],[126.79538737999516,35.01560874180408],[126.78639417635792,35.01560874180408]]]}},{"type":"Feature","properties":{"jobs":134,"pop":195,"pointCount":1,"homeWorkCommuteMedian":12902,"workHomeCommuteMedian":-1},"geometry":{"type":"Polygon","coordinates":[[[126.78639417635792,35.114533981813786],[126.78639417635792,35.12352718545103],[126.79538737999516,35.12352718545103],[126.79538737999516,35.114533981813786],[126.78639417635792,35.114533981813786]]]}},{"type":"Feature","properties":{"jobs":13284,"pop":8839,"pointCount":3,"homeWorkCommuteMedian":9961,"workHomeCommuteMedian":9937},"geometry":{"type":"Polygon","coordinates":[[[126.78639417635792,35.12352718545103],[126.78639417635792,35.13252038908828],[126.79538737999516,35.13252038908828],[126.79538737999516,35.12352718545103],[126.78639417635792,35.12352718545103]]]}},{"type":"Feature","properties":{"jobs":22910,"pop":0,"pointCount":1,"homeWorkCommuteMedian":-1,"workHomeCommuteMedian":20710},"geometry":{"type":"Polygon","coordinates":[[[126.78639417635792,35.13252038908828],[126.78639417635792,35.14151359272552],[126.79538737999516,35.14151359272552],[126.79538737999516,35.13252038908828],[126.78639417635792,35.13252038908828]]]}},{"type":"Feature","properties":{"jobs":1199,"pop":48,"pointCount":2,"homeWorkCommuteMedian":5637,"workHomeCommuteMedian":6888},"geometry":{"type":"Polygon","coordinates":[[[126.78639417635792,35.14151359272552],[126.78639417635792,35.15050679636277],[126.79538737999516,35.15050679636277],[126.79538737999516,35.14151359272552],[126.78639417635792,35.14151359272552]]]}},{"type":"Feature","properties":{"jobs":825,"pop":55,"pointCount":1,"homeWorkCommuteMedian":4463,"workHomeCommuteMedian":4463},"geometry":{"type":"Polygon","coordinates":[[[126.78639417635792,35.15050679636277],[126.78639417635792,35.159500000000016],[126.79538737999516,35.159500000000016],[126.79538737999516,35.15050679636277],[126.78639417635792,35.15050679636277]]]}},{"type":"Feature","properties":{"jobs":668,"pop":26,"pointCount":1,"homeWorkCommuteMedian":4504,"workHomeCommuteMedian":2883},"geometry":{"type":"Polygon","coordinates":[[[126.78639417635792,35.159500000000016],[126.78639417635792,35.16849320363726],[126.79538737999516,35.16849320363726],[126.79538737999516,35.159500000000016],[126.78639417635792,35.159500000000016]]]}},{"type":"Feature","properties":{"jobs":1877,"pop":623,"pointCount":1,"homeWorkCommuteMedian":4422,"workHomeCommuteMedian":4944},"geometry":{"type":"Polygon","coordinates":[[[126.78639417635792,35.17748640727451],[126.78639417635792,35.18647961091175],[126.79538737999516,35.18647961091175],[126.79538737999516,35.17748640727451],[126.78639417635792,35.17748640727451]]]}},{"type":"Feature","properties":{"jobs":2084,"pop":771,"pointCount":1,"homeWorkCommuteMedian":5545,"workHomeCommuteMedian":5974},"geometry":{"type":"Polygon","coordinates":[[[126.78639417635792,35.195472814549],[126.78639417635792,35.204466018186245],[126.79538737999516,35.204466018186245],[126.79538737999516,35.195472814549],[126.78639417635792,35.195472814549]]]}},{"type":"Feature","properties":{"jobs":5148,"pop":888,"pointCount":3,"homeWorkCommuteMedian":14257,"workHomeCommuteMedian":14255},"geometry":{"type":"Polygon","coordinates":[[[126.78639417635792,35.294398054558705],[126.78639417635792,35.30339125819595],[126.79538737999516,35.30339125819595],[126.79538737999516,35.294398054558705],[126.78639417635792,35.294398054558705]]]}},{"type":"Feature","properties":{"jobs":1240,"pop":256,"pointCount":1,"homeWorkCommuteMedian":16407,"workHomeCommuteMedian":14004},"geometry":{"type":"Polygon","coordinates":[[[126.78639417635792,35.30339125819595],[126.78639417635792,35.3123844618332],[126.79538737999516,35.3123844618332],[126.79538737999516,35.30339125819595],[126.78639417635792,35.30339125819595]]]}},{"type":"Feature","properties":{"jobs":5140,"pop":2551,"pointCount":1,"homeWorkCommuteMedian":9783,"workHomeCommuteMedian":10503},"geometry":{"type":"Polygon","coordinates":[[[126.79538737999516,35.006615538166834],[126.79538737999516,35.01560874180408],[126.80438058363241,35.01560874180408],[126.80438058363241,35.006615538166834],[126.79538737999516,35.006615538166834]]]}},{"type":"Feature","properties":{"jobs":2935,"pop":1011,"pointCount":2,"homeWorkCommuteMedian":9708,"workHomeCommuteMedian":9808},"geometry":{"type":"Polygon","coordinates":[[[126.79538737999516,35.01560874180408],[126.79538737999516,35.024601945441326],[126.80438058363241,35.024601945441326],[126.80438058363241,35.01560874180408],[126.79538737999516,35.01560874180408]]]}},{"type":"Feature","properties":{"jobs":112,"pop":200,"pointCount":1,"homeWorkCommuteMedian":13355,"workHomeCommuteMedian":-1},"geometry":{"type":"Polygon","coordinates":[[[126.79538737999516,35.04258835271582],[126.79538737999516,35.051581556353064],[126.80438058363241,35.051581556353064],[126.80438058363241,35.04258835271582],[126.79538737999516,35.04258835271582]]]}},{"type":"Feature","properties":{"jobs":4947,"pop":2738,"pointCount":2,"homeWorkCommuteMedian":8818,"workHomeCommuteMedian":8649},"geometry":{"type":"Polygon","coordinates":[[[126.79538737999516,35.12352718545103],[126.79538737999516,35.13252038908828],[126.80438058363241,35.13252038908828],[126.80438058363241,35.12352718545103],[126.79538737999516,35.12352718545103]]]}},{"type":"Feature","properties":{"jobs":5022,"pop":2335,"pointCount":2,"homeWorkCommuteMedian":7009,"workHomeCommuteMedian":7199},"geometry":{"type":"Polygon","coordinates":[[[126.79538737999516,35.13252038908828],[126.79538737999516,35.14151359272552],[126.80438058363241,35.14151359272552],[126.80438058363241,35.13252038908828],[126.79538737999516,35.13252038908828]]]}},{"type":"Feature","properties":{"jobs":2528,"pop":646,"pointCount":2,"homeWorkCommuteMedian":5571,"workHomeCommuteMedian":5325},"geometry":{"type":"Polygon","coordinates":[[[126.79538737999516,35.14151359272552],[126.79538737999516,35.15050679636277],[126.80438058363241,35.15050679636277],[126.80438058363241,35.14151359272552],[126.79538737999516,35.14151359272552]]]}},{"type":"Feature","properties":{"jobs":1773,"pop":70,"pointCount":3,"homeWorkCommuteMedian":3774,"workHomeCommuteMedian":3774},"geometry":{"type":"Polygon","coordinates":[[[126.79538737999516,35.15050679636277],[126.79538737999516,35.159500000000016],[126.80438058363241,35.159500000000016],[126.80438058363241,35.15050679636277],[126.79538737999516,35.15050679636277]]]}},{"type":"Feature","properties":{"jobs":4968,"pop":815,"pointCount":4,"homeWorkCommuteMedian":4942,"workHomeCommuteMedian":5063},"geometry":{"type":"Polygon","coordinates":[[[126.79538737999516,35.159500000000016],[126.79538737999516,35.16849320363726],[126.80438058363241,35.16849320363726],[126.80438058363241,35.159500000000016],[126.79538737999516,35.159500000000016]]]}},{"type":"Feature","properties":{"jobs":4351,"pop":1215,"pointCount":3,"homeWorkCommuteMedian":4401,"workHomeCommuteMedian":4077},"geometry":{"type":"Polygon","coordinates":[[[126.79538737999516,35.16849320363726],[126.79538737999516,35.17748640727451],[126.80438058363241,35.17748640727451],[126.80438058363241,35.16849320363726],[126.79538737999516,35.16849320363726]]]}},{"type":"Feature","properties":{"jobs":24688,"pop":19070,"pointCount":2,"homeWorkCommuteMedian":6229,"workHomeCommuteMedian":6447},"geometry":{"type":"Polygon","coordinates":[[[126.79538737999516,35.17748640727451],[126.79538737999516,35.18647961091175],[126.80438058363241,35.18647961091175],[126.80438058363241,35.17748640727451],[126.79538737999516,35.17748640727451]]]}},{"type":"Feature","properties":{"jobs":213,"pop":374,"pointCount":1,"homeWorkCommuteMedian":8384,"workHomeCommuteMedian":-1},"geometry":{"type":"Polygon","coordinates":[[[126.79538737999516,35.195472814549],[126.79538737999516,35.204466018186245],[126.80438058363241,35.204466018186245],[126.80438058363241,35.195472814549],[126.79538737999516,35.195472814549]]]}},{"type":"Feature","properties":{"jobs":321,"pop":196,"pointCount":1,"homeWorkCommuteMedian":12960,"workHomeCommuteMedian":-1},"geometry":{"type":"Polygon","coordinates":[[[126.79538737999516,35.23144562909798],[126.79538737999516,35.24043883273523],[126.80438058363241,35.24043883273523],[126.80438058363241,35.23144562909798],[126.79538737999516,35.23144562909798]]]}},{"type":"Feature","properties":{"jobs":15,"pop":552,"pointCount":1,"homeWorkCommuteMedian":21290,"workHomeCommuteMedian":-1},"geometry":{"type":"Polygon","coordinates":[[[126.79538737999516,35.24043883273523],[126.79538737999516,35.249432036372475],[126.80438058363241,35.249432036372475],[126.80438058363241,35.24043883273523],[126.79538737999516,35.24043883273523]]]}},{"type":"Feature","properties":{"jobs":1901,"pop":404,"pointCount":1,"homeWorkCommuteMedian":17914,"workHomeCommuteMedian":15758},"geometry":{"type":"Polygon","coordinates":[[[126.79538737999516,35.3123844618332],[126.79538737999516,35.32137766547044],[126.80438058363241,35.32137766547044],[126.80438058363241,35.3123844618332],[126.79538737999516,35.3123844618332]]]}},{"type":"Feature","properties":{"jobs":5303,"pop":0,"pointCount":1,"homeWorkCommuteMedian":-1,"workHomeCommuteMedian":16503},"geometry":{"type":"Polygon","coordinates":[[[126.80438058363241,35.12352718545103],[126.80438058363241,35.13252038908828],[126.81337378726965,35.13252038908828],[126.81337378726965,35.12352718545103],[126.80438058363241,35.12352718545103]]]}},{"type":"Feature","properties":{"jobs":54,"pop":937,"pointCount":1,"homeWorkCommuteMedian":14908,"workHomeCommuteMedian":-1},"geometry":{"type":"Polygon","coordinates":[[[126.80438058363241,35.13252038908828],[126.80438058363241,35.14151359272552],[126.81337378726965,35.14151359272552],[126.81337378726965,35.13252038908828],[126.80438058363241,35.13252038908828]]]}},{"type":"Feature","properties":{"jobs":12104,"pop":6776,"pointCount":4,"homeWorkCommuteMedian":6447,"workHomeCommuteMedian":6571},"geometry":{"type":"Polygon","coordinates":[[[126.80438058363241,35.14151359272552],[126.80438058363241,35.15050679636277],[126.81337378726965,35.15050679636277],[126.81337378726965,35.14151359272552],[126.80438058363241,35.14151359272552]]]}},{"type":"Feature","properties":{"jobs":19325,"pop":11971,"pointCount":4,"homeWorkCommuteMedian":5570,"workHomeCommuteMedian":5549},"geometry":{"type":"Polygon","coordinates":[[[126.80438058363241,35.15050679636277],[126.80438058363241,35.159500000000016],[126.81337378726965,35.159500000000016],[126.81337378726965,35.15050679636277],[126.80438058363241,35.15050679636277]]]}},{"type":"Feature","properties":{"jobs":6572,"pop":2134,"pointCount":4,"homeWorkCommuteMedian":4649,"workHomeCommuteMedian":4944},"geometry":{"type":"Polygon","coordinates":[[[126.80438058363241,35.159500000000016],[126.80438058363241,35.16849320363726],[126.81337378726965,35.16849320363726],[126.81337378726965,35.159500000000016],[126.80438058363241,35.159500000000016]]]}},{"type":"Feature","properties":{"jobs":3544,"pop":659,"pointCount":4,"homeWorkCommuteMedian":5025,"workHomeCommuteMedian":3045},"geometry":{"type":"Polygon","coordinates":[[[126.80438058363241,35.16849320363726],[126.80438058363241,35.17748640727451],[126.81337378726965,35.17748640727451],[126.81337378726965,35.16849320363726],[126.80438058363241,35.16849320363726]]]}},{"type":"Feature","properties":{"jobs":5110,"pop":1661,"pointCount":2,"homeWorkCommuteMedian":5637,"workHomeCommuteMedian":5250},"geometry":{"type":"Polygon","coordinates":[[[126.80438058363241,35.17748640727451],[126.80438058363241,35.18647961091175],[126.81337378726965,35.18647961091175],[126.81337378726965,35.17748640727451],[126.80438058363241,35.17748640727451]]]}},{"type":"Feature","properties":{"jobs":10626,"pop":5518,"pointCount":2,"homeWorkCommuteMedian":6146,"workHomeCommuteMedian":6160},"geometry":{"type":"Polygon","coordinates":[[[126.80438058363241,35.18647961091175],[126.80438058363241,35.195472814549],[126.81337378726965,35.195472814549],[126.81337378726965,35.18647961091175],[126.80438058363241,35.18647961091175]]]}},{"type":"Feature","properties":{"jobs":7723,"pop":4622,"pointCount":1,"homeWorkCommuteMedian":6634,"workHomeCommuteMedian":6132},"geometry":{"type":"Polygon","coordinates":[[[126.80438058363241,35.195472814549],[126.80438058363241,35.204466018186245],[126.81337378726965,35.204466018186245],[126.81337378726965,35.195472814549],[126.80438058363241,35.195472814549]]]}},{"type":"Feature","properties":{"jobs":89,"pop":198,"pointCount":1,"homeWorkCommuteMedian":15459,"workHomeCommuteMedian":-1},"geometry":{"type":"Polygon","coordinates":[[[126.80438058363241,35.24043883273523],[126.80438058363241,35.249432036372475],[126.81337378726965,35.249432036372475],[126.81337378726965,35.24043883273523],[126.80438058363241,35.24043883273523]]]}},{"type":"Feature","properties":{"jobs":731,"pop":49,"pointCount":1,"homeWorkCommuteMedian":11981,"workHomeCommuteMedian":12373},"geometry":{"type":"Polygon","coordinates":[[[126.81337378726965,35.096547574539294],[126.81337378726965,35.10554077817654],[126.8223669909069,35.10554077817654],[126.8223669909069,35.096547574539294],[126.81337378726965,35.096547574539294]]]}},{"type":"Feature","properties":{"jobs":937,"pop":1052,"pointCount":2,"homeWorkCommuteMedian":9806,"workHomeCommuteMedian":5033},"geometry":{"type":"Polygon","coordinates":[[[126.81337378726965,35.15050679636277],[126.81337378726965,35.159500000000016],[126.8223669909069,35.159500000000016],[126.8223669909069,35.15050679636277],[126.81337378726965,35.15050679636277]]]}},{"type":"Feature","properties":{"jobs":222,"pop":195,"pointCount":1,"homeWorkCommuteMedian":6258,"workHomeCommuteMedian":-1},"geometry":{"type":"Polygon","coordinates":[[[126.81337378726965,35.159500000000016],[126.81337378726965,35.16849320363726],[126.8223669909069,35.16849320363726],[126.8223669909069,35.159500000000016],[126.81337378726965,35.159500000000016]]]}},{"type":"Feature","properties":{"jobs":19579,"pop":12108,"pointCount":4,"homeWorkCommuteMedian":5481,"workHomeCommuteMedian":5352},"geometry":{"type":"Polygon","coordinates":[[[126.81337378726965,35.16849320363726],[126.81337378726965,35.17748640727451],[126.8223669909069,35.17748640727451],[126.8223669909069,35.16849320363726],[126.81337378726965,35.16849320363726]]]}},{"type":"Feature","properties":{"jobs":25908,"pop":14599,"pointCount":4,"homeWorkCommuteMedian":5879,"workHomeCommuteMedian":5911},"geometry":{"type":"Polygon","coordinates":[[[126.81337378726965,35.17748640727451],[126.81337378726965,35.18647961091175],[126.8223669909069,35.18647961091175],[126.8223669909069,35.17748640727451],[126.81337378726965,35.17748640727451]]]}},{"type":"Feature","properties":{"jobs":11811,"pop":6947,"pointCount":4,"homeWorkCommuteMedian":5815,"workHomeCommuteMedian":5293},"geometry":{"type":"Polygon","coordinates":[[[126.81337378726965,35.18647961091175],[126.81337378726965,35.195472814549],[126.8223669909069,35.195472814549],[126.8223669909069,35.18647961091175],[126.81337378726965,35.18647961091175]]]}},{"type":"Feature","properties":{"jobs":13037,"pop":7290,"pointCount":2,"homeWorkCommuteMedian":6066,"workHomeCommuteMedian":6054},"geometry":{"type":"Polygon","coordinates":[[[126.81337378726965,35.195472814549],[126.81337378726965,35.204466018186245],[126.8223669909069,35.204466018186245],[126.8223669909069,35.195472814549],[126.81337378726965,35.195472814549]]]}},{"type":"Feature","properties":{"jobs":1303,"pop":72,"pointCount":2,"homeWorkCommuteMedian":6597,"workHomeCommuteMedian":6597},"geometry":{"type":"Polygon","coordinates":[[[126.81337378726965,35.21345922182349],[126.81337378726965,35.22245242546074],[126.8223669909069,35.22245242546074],[126.8223669909069,35.21345922182349],[126.81337378726965,35.21345922182349]]]}},{"type":"Feature","properties":{"jobs":121,"pop":200,"pointCount":1,"homeWorkCommuteMedian":20710,"workHomeCommuteMedian":-1},"geometry":{"type":"Polygon","coordinates":[[[126.81337378726965,35.26741844364697],[126.81337378726965,35.27641164728421],[126.8223669909069,35.27641164728421],[126.8223669909069,35.26741844364697],[126.81337378726965,35.26741844364697]]]}},{"type":"Feature","properties":{"jobs":58,"pop":115,"pointCount":1,"homeWorkCommuteMedian":40649,"workHomeCommuteMedian":-1},"geometry":{"type":"Polygon","coordinates":[[[126.81337378726965,35.32137766547044],[126.81337378726965,35.33037086910769],[126.8223669909069,35.33037086910769],[126.8223669909069,35.32137766547044],[126.81337378726965,35.32137766547044]]]}},{"type":"Feature","properties":{"jobs":60,"pop":200,"pointCount":1,"homeWorkCommuteMedian":20377,"workHomeCommuteMedian":-1},"geometry":{"type":"Polygon","coordinates":[[[126.8223669909069,35.006615538166834],[126.8223669909069,35.01560874180408],[126.83136019454415,35.01560874180408],[126.83136019454415,35.006615538166834],[126.8223669909069,35.006615538166834]]]}},{"type":"Feature","properties":{"jobs":3119,"pop":258,"pointCount":1,"homeWorkCommuteMedian":19660,"workHomeCommuteMedian":-1},"geometry":{"type":"Polygon","coordinates":[[[126.8223669909069,35.069567963627556],[126.8223669909069,35.0785611672648],[126.83136019454415,35.0785611672648],[126.83136019454415,35.069567963627556],[126.8223669909069,35.069567963627556]]]}},{"type":"Feature","properties":{"jobs":52027,"pop":1967,"pointCount":2,"homeWorkCommuteMedian":14280,"workHomeCommuteMedian":14782},"geometry":{"type":"Polygon","coordinates":[[[126.8223669909069,35.0785611672648],[126.8223669909069,35.08755437090205],[126.83136019454415,35.08755437090205],[126.83136019454415,35.0785611672648],[126.8223669909069,35.0785611672648]]]}},{"type":"Feature","properties":{"jobs":926,"pop":62,"pointCount":1,"homeWorkCommuteMedian":12606,"workHomeCommuteMedian":12024},"geometry":{"type":"Polygon","coordinates":[[[126.8223669909069,35.096547574539294],[126.8223669909069,35.10554077817654],[126.83136019454415,35.10554077817654],[126.83136019454415,35.096547574539294],[126.8223669909069,35.096547574539294]]]}},{"type":"Feature","properties":{"jobs":652,"pop":26,"pointCount":1,"homeWorkCommuteMedian":10457,"workHomeCommuteMedian":10849},"geometry":{"type":"Polygon","coordinates":[[[126.8223669909069,35.10554077817654],[126.8223669909069,35.114533981813786],[126.83136019454415,35.114533981813786],[126.83136019454415,35.10554077817654],[126.8223669909069,35.10554077817654]]]}},{"type":"Feature","properties":{"jobs":8678,"pop":4513,"pointCount":4,"homeWorkCommuteMedian":4353,"workHomeCommuteMedian":4193},"geometry":{"type":"Polygon","coordinates":[[[126.8223669909069,35.16849320363726],[126.8223669909069,35.17748640727451],[126.83136019454415,35.17748640727451],[126.83136019454415,35.16849320363726],[126.8223669909069,35.16849320363726]]]}},{"type":"Feature","properties":{"jobs":11395,"pop":5014,"pointCount":5,"homeWorkCommuteMedian":5325,"workHomeCommuteMedian":5405},"geometry":{"type":"Polygon","coordinates":[[[126.8223669909069,35.17748640727451],[126.8223669909069,35.18647961091175],[126.83136019454415,35.18647961091175],[126.83136019454415,35.17748640727451],[126.8223669909069,35.17748640727451]]]}},{"type":"Feature","properties":{"jobs":11172,"pop":4535,"pointCount":4,"homeWorkCommuteMedian":5595,"workHomeCommuteMedian":5495},"geometry":{"type":"Polygon","coordinates":[[[126.8223669909069,35.18647961091175],[126.8223669909069,35.195472814549],[126.83136019454415,35.195472814549],[126.83136019454415,35.18647961091175],[126.8223669909069,35.18647961091175]]]}},{"type":"Feature","properties":{"jobs":4723,"pop":2202,"pointCount":1,"homeWorkCommuteMedian":5392,"workHomeCommuteMedian":5807},"geometry":{"type":"Polygon","coordinates":[[[126.8223669909069,35.195472814549],[126.8223669909069,35.204466018186245],[126.83136019454415,35.204466018186245],[126.83136019454415,35.195472814549],[126.8223669909069,35.195472814549]]]}},{"type":"Feature","properties":{"jobs":675,"pop":27,"pointCount":1,"homeWorkCommuteMedian":6922,"workHomeCommuteMedian":6391},"geometry":{"type":"Polygon","coordinates":[[[126.8223669909069,35.204466018186245],[126.8223669909069,35.21345922182349],[126.83136019454415,35.21345922182349],[126.83136019454415,35.204466018186245],[126.8223669909069,35.204466018186245]]]}},{"type":"Feature","properties":{"jobs":8977,"pop":5173,"pointCount":3,"homeWorkCommuteMedian":11651,"workHomeCommuteMedian":7612},"geometry":{"type":"Polygon","coordinates":[[[126.8223669909069,35.21345922182349],[126.8223669909069,35.22245242546074],[126.83136019454415,35.22245242546074],[126.83136019454415,35.21345922182349],[126.8223669909069,35.21345922182349]]]}},{"type":"Feature","properties":{"jobs":812,"pop":81,"pointCount":1,"homeWorkCommuteMedian":9032,"workHomeCommuteMedian":9030},"geometry":{"type":"Polygon","coordinates":[[[126.8223669909069,35.25842524000972],[126.8223669909069,35.26741844364697],[126.83136019454415,35.26741844364697],[126.83136019454415,35.25842524000972],[126.8223669909069,35.25842524000972]]]}},{"type":"Feature","properties":{"jobs":542,"pop":21,"pointCount":1,"homeWorkCommuteMedian":8415,"workHomeCommuteMedian":8414},"geometry":{"type":"Polygon","coordinates":[[[126.8223669909069,35.26741844364697],[126.8223669909069,35.27641164728421],[126.83136019454415,35.27641164728421],[126.83136019454415,35.26741844364697],[126.8223669909069,35.26741844364697]]]}},{"type":"Feature","properties":{"jobs":509,"pop":23,"pointCount":1,"homeWorkCommuteMedian":18395,"workHomeCommuteMedian":18395},"geometry":{"type":"Polygon","coordinates":[[[126.83136019454415,35.01560874180408],[126.83136019454415,35.024601945441326],[126.84035339818139,35.024601945441326],[126.84035339818139,35.01560874180408],[126.83136019454415,35.01560874180408]]]}},{"type":"Feature","properties":{"jobs":481,"pop":266,"pointCount":1,"homeWorkCommuteMedian":12899,"workHomeCommuteMedian":-1},"geometry":{"type":"Polygon","coordinates":[[[126.83136019454415,35.114533981813786],[126.83136019454415,35.12352718545103],[126.84035339818139,35.12352718545103],[126.84035339818139,35.114533981813786],[126.83136019454415,35.114533981813786]]]}},{"type":"Feature","properties":{"jobs":9989,"pop":4983,"pointCount":4,"homeWorkCommuteMedian":5411,"workHomeCommuteMedian":4842},"geometry":{"type":"Polygon","coordinates":[[[126.83136019454415,35.17748640727451],[126.83136019454415,35.18647961091175],[126.84035339818139,35.18647961091175],[126.84035339818139,35.17748640727451],[126.83136019454415,35.17748640727451]]]}},{"type":"Feature","properties":{"jobs":9437,"pop":4151,"pointCount":4,"homeWorkCommuteMedian":4253,"workHomeCommuteMedian":5956},"geometry":{"type":"Polygon","coordinates":[[[126.83136019454415,35.18647961091175],[126.83136019454415,35.195472814549],[126.84035339818139,35.195472814549],[126.84035339818139,35.18647961091175],[126.83136019454415,35.18647961091175]]]}},{"type":"Feature","properties":{"jobs":2346,"pop":999,"pointCount":2,"homeWorkCommuteMedian":4264,"workHomeCommuteMedian":4477},"geometry":{"type":"Polygon","coordinates":[[[126.83136019454415,35.195472814549],[126.83136019454415,35.204466018186245],[126.84035339818139,35.204466018186245],[126.84035339818139,35.195472814549],[126.83136019454415,35.195472814549]]]}},{"type":"Feature","properties":{"jobs":6538,"pop":2240,"pointCount":4,"homeWorkCommuteMedian":6054,"workHomeCommuteMedian":6095},"geometry":{"type":"Polygon","coordinates":[[[126.83136019454415,35.204466018186245],[126.83136019454415,35.21345922182349],[126.84035339818139,35.21345922182349],[126.84035339818139,35.204466018186245],[126.83136019454415,35.204466018186245]]]}},{"type":"Feature","properties":{"jobs":19141,"pop":12285,"pointCount":4,"homeWorkCommuteMedian":7131,"workHomeCommuteMedian":6654},"geometry":{"type":"Polygon","coordinates":[[[126.83136019454415,35.21345922182349],[126.83136019454415,35.22245242546074],[126.84035339818139,35.22245242546074],[126.84035339818139,35.21345922182349],[126.83136019454415,35.21345922182349]]]}},{"type":"Feature","properties":{"jobs":1640,"pop":110,"pointCount":2,"homeWorkCommuteMedian":13482,"workHomeCommuteMedian":13575},"geometry":{"type":"Polygon","coordinates":[[[126.83136019454415,35.22245242546074],[126.83136019454415,35.23144562909798],[126.84035339818139,35.23144562909798],[126.84035339818139,35.22245242546074],[126.83136019454415,35.22245242546074]]]}},{"type":"Feature","properties":{"jobs":6586,"pop":3640,"pointCount":3,"homeWorkCommuteMedian":10032,"workHomeCommuteMedian":10181},"geometry":{"type":"Polygon","coordinates":[[[126.84035339818139,35.03359514907857],[126.84035339818139,35.04258835271582],[126.84934660181864,35.04258835271582],[126.84934660181864,35.03359514907857],[126.84035339818139,35.03359514907857]]]}},{"type":"Feature","properties":{"jobs":906,"pop":404,"pointCount":1,"homeWorkCommuteMedian":9741,"workHomeCommuteMedian":9760},"geometry":{"type":"Polygon","coordinates":[[[126.84035339818139,35.04258835271582],[126.84035339818139,35.051581556353064],[126.84934660181864,35.051581556353064],[126.84934660181864,35.04258835271582],[126.84035339818139,35.04258835271582]]]}},{"type":"Feature","properties":{"jobs":13896,"pop":460,"pointCount":2,"homeWorkCommuteMedian":9812,"workHomeCommuteMedian":8262},"geometry":{"type":"Polygon","coordinates":[[[126.84035339818139,35.15050679636277],[126.84035339818139,35.159500000000016],[126.84934660181864,35.159500000000016],[126.84934660181864,35.15050679636277],[126.84035339818139,35.15050679636277]]]}},{"type":"Feature","properties":{"jobs":3,"pop":172,"pointCount":1,"homeWorkCommuteMedian":6780,"workHomeCommuteMedian":-1},"geometry":{"type":"Polygon","coordinates":[[[126.84035339818139,35.159500000000016],[126.84035339818139,35.16849320363726],[126.84934660181864,35.16849320363726],[126.84934660181864,35.159500000000016],[126.84035339818139,35.159500000000016]]]}},{"type":"Feature","properties":{"jobs":892,"pop":59,"pointCount":1,"homeWorkCommuteMedian":9708,"workHomeCommuteMedian":9956},"geometry":{"type":"Polygon","coordinates":[[[126.84035339818139,35.17748640727451],[126.84035339818139,35.18647961091175],[126.84934660181864,35.18647961091175],[126.84934660181864,35.17748640727451],[126.84035339818139,35.17748640727451]]]}},{"type":"Feature","properties":{"jobs":973,"pop":923,"pointCount":2,"homeWorkCommuteMedian":15338,"workHomeCommuteMedian":7131},"geometry":{"type":"Polygon","coordinates":[[[126.84035339818139,35.18647961091175],[126.84035339818139,35.195472814549],[126.84934660181864,35.195472814549],[126.84934660181864,35.18647961091175],[126.84035339818139,35.18647961091175]]]}},{"type":"Feature","properties":{"jobs":964,"pop":84,"pointCount":1,"homeWorkCommuteMedian":10259,"workHomeCommuteMedian":7420},"geometry":{"type":"Polygon","coordinates":[[[126.84035339818139,35.195472814549],[126.84035339818139,35.204466018186245],[126.84934660181864,35.204466018186245],[126.84934660181864,35.195472814549],[126.84035339818139,35.195472814549]]]}},{"type":"Feature","properties":{"jobs":7361,"pop":3301,"pointCount":4,"homeWorkCommuteMedian":6447,"workHomeCommuteMedian":6041},"geometry":{"type":"Polygon","coordinates":[[[126.84035339818139,35.204466018186245],[126.84035339818139,35.21345922182349],[126.84934660181864,35.21345922182349],[126.84934660181864,35.204466018186245],[126.84035339818139,35.204466018186245]]]}},{"type":"Feature","properties":{"jobs":3871,"pop":1401,"pointCount":3,"homeWorkCommuteMedian":7746,"workHomeCommuteMedian":7199},"geometry":{"type":"Polygon","coordinates":[[[126.84035339818139,35.21345922182349],[126.84035339818139,35.22245242546074],[126.84934660181864,35.22245242546074],[126.84934660181864,35.21345922182349],[126.84035339818139,35.21345922182349]]]}},{"type":"Feature","properties":{"jobs":6966,"pop":4676,"pointCount":1,"homeWorkCommuteMedian":14301,"workHomeCommuteMedian":12212},"geometry":{"type":"Polygon","coordinates":[[[126.84934660181864,35.03359514907857],[126.84934660181864,35.04258835271582],[126.85833980545588,35.04258835271582],[126.85833980545588,35.03359514907857],[126.84934660181864,35.03359514907857]]]}},{"type":"Feature","properties":{"jobs":17901,"pop":376,"pointCount":2,"homeWorkCommuteMedian":25169,"workHomeCommuteMedian":7069},"geometry":{"type":"Polygon","coordinates":[[[126.84934660181864,35.13252038908828],[126.84934660181864,35.14151359272552],[126.85833980545588,35.14151359272552],[126.85833980545588,35.13252038908828],[126.84934660181864,35.13252038908828]]]}},{"type":"Feature","properties":{"jobs":35,"pop":0,"pointCount":1,"homeWorkCommuteMedian":-1,"workHomeCommuteMedian":5138},"geometry":{"type":"Polygon","coordinates":[[[126.84934660181864,35.15050679636277],[126.84934660181864,35.159500000000016],[126.85833980545588,35.159500000000016],[126.85833980545588,35.15050679636277],[126.84934660181864,35.15050679636277]]]}},{"type":"Feature","properties":{"jobs":1645,"pop":593,"pointCount":1,"homeWorkCommuteMedian":7855,"workHomeCommuteMedian":7271},"geometry":{"type":"Polygon","coordinates":[[[126.84934660181864,35.159500000000016],[126.84934660181864,35.16849320363726],[126.85833980545588,35.16849320363726],[126.85833980545588,35.159500000000016],[126.84934660181864,35.159500000000016]]]}},{"type":"Feature","properties":{"jobs":1716,"pop":529,"pointCount":2,"homeWorkCommuteMedian":7433,"workHomeCommuteMedian":7973},"geometry":{"type":"Polygon","coordinates":[[[126.84934660181864,35.204466018186245],[126.84934660181864,35.21345922182349],[126.85833980545588,35.21345922182349],[126.85833980545588,35.204466018186245],[126.84934660181864,35.204466018186245]]]}},{"type":"Feature","properties":{"jobs":867,"pop":58,"pointCount":1,"homeWorkCommuteMedian":13547,"workHomeCommuteMedian":13111},"geometry":{"type":"Polygon","coordinates":[[[126.84934660181864,35.21345922182349],[126.84934660181864,35.22245242546074],[126.85833980545588,35.22245242546074],[126.85833980545588,35.21345922182349],[126.84934660181864,35.21345922182349]]]}},{"type":"Feature","properties":{"jobs":8812,"pop":92,"pointCount":1,"homeWorkCommuteMedian":9134,"workHomeCommuteMedian":9329},"geometry":{"type":"Polygon","coordinates":[[[126.85833980545588,35.096547574539294],[126.85833980545588,35.10554077817654],[126.86733300909313,35.10554077817654],[126.86733300909313,35.096547574539294],[126.85833980545588,35.096547574539294]]]}},{"type":"Feature","properties":{"jobs":8122,"pop":65,"pointCount":1,"homeWorkCommuteMedian":9117,"workHomeCommuteMedian":10012},"geometry":{"type":"Polygon","coordinates":[[[126.85833980545588,35.10554077817654],[126.85833980545588,35.114533981813786],[126.86733300909313,35.114533981813786],[126.86733300909313,35.10554077817654],[126.85833980545588,35.10554077817654]]]}},{"type":"Feature","properties":{"jobs":6273,"pop":653,"pointCount":1,"homeWorkCommuteMedian":12002,"workHomeCommuteMedian":-1},"geometry":{"type":"Polygon","coordinates":[[[126.85833980545588,35.12352718545103],[126.85833980545588,35.13252038908828],[126.86733300909313,35.13252038908828],[126.86733300909313,35.12352718545103],[126.85833980545588,35.12352718545103]]]}},{"type":"Feature","properties":{"jobs":10729,"pop":809,"pointCount":1,"homeWorkCommuteMedian":10471,"workHomeCommuteMedian":-1},"geometry":{"type":"Polygon","coordinates":[[[126.85833980545588,35.14151359272552],[126.85833980545588,35.15050679636277],[126.86733300909313,35.15050679636277],[126.86733300909313,35.14151359272552],[126.85833980545588,35.14151359272552]]]}},{"type":"Feature","properties":{"jobs":14794,"pop":849,"pointCount":1,"homeWorkCommuteMedian":8984,"workHomeCommuteMedian":-1},"geometry":{"type":"Polygon","coordinates":[[[126.85833980545588,35.15050679636277],[126.85833980545588,35.159500000000016],[126.86733300909313,35.159500000000016],[126.86733300909313,35.15050679636277],[126.85833980545588,35.15050679636277]]]}},{"type":"Feature","properties":{"jobs":2931,"pop":1374,"pointCount":2,"homeWorkCommuteMedian":8536,"workHomeCommuteMedian":8762},"geometry":{"type":"Polygon","coordinates":[[[126.85833980545588,35.159500000000016],[126.85833980545588,35.16849320363726],[126.86733300909313,35.16849320363726],[126.86733300909313,35.159500000000016],[126.85833980545588,35.159500000000016]]]}},{"type":"Feature","properties":{"jobs":4611,"pop":3354,"pointCount":4,"homeWorkCommuteMedian":7254,"workHomeCommuteMedian":7727},"geometry":{"type":"Polygon","coordinates":[[[126.85833980545588,35.16849320363726],[126.85833980545588,35.17748640727451],[126.86733300909313,35.17748640727451],[126.86733300909313,35.16849320363726],[126.85833980545588,35.16849320363726]]]}},{"type":"Feature","properties":{"jobs":1846,"pop":838,"pointCount":2,"homeWorkCommuteMedian":8507,"workHomeCommuteMedian":8649},"geometry":{"type":"Polygon","coordinates":[[[126.85833980545588,35.17748640727451],[126.85833980545588,35.18647961091175],[126.86733300909313,35.18647961091175],[126.86733300909313,35.17748640727451],[126.85833980545588,35.17748640727451]]]}},{"type":"Feature","properties":{"jobs":963,"pop":84,"pointCount":1,"homeWorkCommuteMedian":10408,"workHomeCommuteMedian":10582},"geometry":{"type":"Polygon","coordinates":[[[126.85833980545588,35.18647961091175],[126.85833980545588,35.195472814549],[126.86733300909313,35.195472814549],[126.86733300909313,35.18647961091175],[126.85833980545588,35.18647961091175]]]}},{"type":"Feature","properties":{"jobs":6013,"pop":2543,"pointCount":4,"homeWorkCommuteMedian":7973,"workHomeCommuteMedian":7973},"geometry":{"type":"Polygon","coordinates":[[[126.85833980545588,35.204466018186245],[126.85833980545588,35.21345922182349],[126.86733300909313,35.21345922182349],[126.86733300909313,35.204466018186245],[126.85833980545588,35.204466018186245]]]}},{"type":"Feature","properties":{"jobs":1053,"pop":113,"pointCount":1,"homeWorkCommuteMedian":12371,"workHomeCommuteMedian":11703},"geometry":{"type":"Polygon","coordinates":[[[126.85833980545588,35.21345922182349],[126.85833980545588,35.22245242546074],[126.86733300909313,35.22245242546074],[126.86733300909313,35.21345922182349],[126.85833980545588,35.21345922182349]]]}},{"type":"Feature","properties":{"jobs":152,"pop":198,"pointCount":1,"homeWorkCommuteMedian":19536,"workHomeCommuteMedian":-1},"geometry":{"type":"Polygon","coordinates":[[[126.85833980545588,35.26741844364697],[126.85833980545588,35.27641164728421],[126.86733300909313,35.27641164728421],[126.86733300909313,35.26741844364697],[126.85833980545588,35.26741844364697]]]}},{"type":"Feature","properties":{"jobs":7910,"pop":64,"pointCount":1,"homeWorkCommuteMedian":7555,"workHomeCommuteMedian":8449},"geometry":{"type":"Polygon","coordinates":[[[126.86733300909313,35.08755437090205],[126.86733300909313,35.096547574539294],[126.87632621273038,35.096547574539294],[126.87632621273038,35.08755437090205],[126.86733300909313,35.08755437090205]]]}},{"type":"Feature","properties":{"jobs":109138,"pop":8265,"pointCount":2,"homeWorkCommuteMedian":9889,"workHomeCommuteMedian":9995},"geometry":{"type":"Polygon","coordinates":[[[126.86733300909313,35.096547574539294],[126.86733300909313,35.10554077817654],[126.87632621273038,35.10554077817654],[126.87632621273038,35.096547574539294],[126.86733300909313,35.096547574539294]]]}},{"type":"Feature","properties":{"jobs":1899,"pop":0,"pointCount":1,"homeWorkCommuteMedian":7866,"workHomeCommuteMedian":9811},"geometry":{"type":"Polygon","coordinates":[[[126.86733300909313,35.10554077817654],[126.86733300909313,35.114533981813786],[126.87632621273038,35.114533981813786],[126.87632621273038,35.10554077817654],[126.86733300909313,35.10554077817654]]]}},{"type":"Feature","properties":{"jobs":8819,"pop":344,"pointCount":1,"homeWorkCommuteMedian":9514,"workHomeCommuteMedian":-1},"geometry":{"type":"Polygon","coordinates":[[[126.86733300909313,35.13252038908828],[126.86733300909313,35.14151359272552],[126.87632621273038,35.14151359272552],[126.87632621273038,35.13252038908828],[126.86733300909313,35.13252038908828]]]}},{"type":"Feature","properties":{"jobs":51,"pop":0,"pointCount":1,"homeWorkCommuteMedian":-1,"workHomeCommuteMedian":4002},"geometry":{"type":"Polygon","coordinates":[[[126.86733300909313,35.15050679636277],[126.86733300909313,35.159500000000016],[126.87632621273038,35.159500000000016],[126.87632621273038,35.15050679636277],[126.86733300909313,35.15050679636277]]]}},{"type":"Feature","properties":{"jobs":6555,"pop":2708,"pointCount":4,"homeWorkCommuteMedian":8391,"workHomeCommuteMedian":8420},"geometry":{"type":"Polygon","coordinates":[[[126.86733300909313,35.16849320363726],[126.86733300909313,35.17748640727451],[126.87632621273038,35.17748640727451],[126.87632621273038,35.16849320363726],[126.86733300909313,35.16849320363726]]]}},{"type":"Feature","properties":{"jobs":5106,"pop":1803,"pointCount":4,"homeWorkCommuteMedian":7954,"workHomeCommuteMedian":7911},"geometry":{"type":"Polygon","coordinates":[[[126.86733300909313,35.17748640727451],[126.86733300909313,35.18647961091175],[126.87632621273038,35.18647961091175],[126.87632621273038,35.17748640727451],[126.86733300909313,35.17748640727451]]]}},{"type":"Feature","properties":{"jobs":3888,"pop":969,"pointCount":3,"homeWorkCommuteMedian":8882,"workHomeCommuteMedian":9452},"geometry":{"type":"Polygon","coordinates":[[[126.86733300909313,35.18647961091175],[126.86733300909313,35.195472814549],[126.87632621273038,35.195472814549],[126.87632621273038,35.18647961091175],[126.86733300909313,35.18647961091175]]]}},{"type":"Feature","properties":{"jobs":3766,"pop":1838,"pointCount":3,"homeWorkCommuteMedian":8762,"workHomeCommuteMedian":9197},"geometry":{"type":"Polygon","coordinates":[[[126.86733300909313,35.195472814549],[126.86733300909313,35.204466018186245],[126.87632621273038,35.204466018186245],[126.87632621273038,35.195472814549],[126.86733300909313,35.195472814549]]]}},{"type":"Feature","properties":{"jobs":6251,"pop":1951,"pointCount":4,"homeWorkCommuteMedian":8845,"workHomeCommuteMedian":9329},"geometry":{"type":"Polygon","coordinates":[[[126.86733300909313,35.204466018186245],[126.86733300909313,35.21345922182349],[126.87632621273038,35.21345922182349],[126.87632621273038,35.204466018186245],[126.86733300909313,35.204466018186245]]]}},{"type":"Feature","properties":{"jobs":1595,"pop":509,"pointCount":2,"homeWorkCommuteMedian":10489,"workHomeCommuteMedian":10489},"geometry":{"type":"Polygon","coordinates":[[[126.86733300909313,35.21345922182349],[126.86733300909313,35.22245242546074],[126.87632621273038,35.22245242546074],[126.87632621273038,35.21345922182349],[126.86733300909313,35.21345922182349]]]}},{"type":"Feature","properties":{"jobs":104,"pop":200,"pointCount":1,"homeWorkCommuteMedian":17696,"workHomeCommuteMedian":-1},"geometry":{"type":"Polygon","coordinates":[[[126.86733300909313,35.249432036372475],[126.86733300909313,35.25842524000972],[126.87632621273038,35.25842524000972],[126.87632621273038,35.249432036372475],[126.86733300909313,35.249432036372475]]]}},{"type":"Feature","properties":{"jobs":52279,"pop":2108,"pointCount":2,"homeWorkCommuteMedian":7718,"workHomeCommuteMedian":8681},"geometry":{"type":"Polygon","coordinates":[[[126.87632621273038,35.08755437090205],[126.87632621273038,35.096547574539294],[126.88531941636762,35.096547574539294],[126.88531941636762,35.08755437090205],[126.87632621273038,35.08755437090205]]]}},{"type":"Feature","properties":{"jobs":41209,"pop":1278,"pointCount":3,"homeWorkCommuteMedian":8142,"workHomeCommuteMedian":7564},"geometry":{"type":"Polygon","coordinates":[[[126.87632621273038,35.096547574539294],[126.87632621273038,35.10554077817654],[126.88531941636762,35.10554077817654],[126.88531941636762,35.096547574539294],[126.87632621273038,35.096547574539294]]]}},{"type":"Feature","properties":{"jobs":2277,"pop":340,"pointCount":1,"homeWorkCommuteMedian":9316,"workHomeCommuteMedian":-1},"geometry":{"type":"Polygon","coordinates":[[[126.87632621273038,35.12352718545103],[126.87632621273038,35.13252038908828],[126.88531941636762,35.13252038908828],[126.88531941636762,35.12352718545103],[126.87632621273038,35.12352718545103]]]}},{"type":"Feature","properties":{"jobs":4281,"pop":262,"pointCount":2,"homeWorkCommuteMedian":6634,"workHomeCommuteMedian":6474},"geometry":{"type":"Polygon","coordinates":[[[126.87632621273038,35.13252038908828],[126.87632621273038,35.14151359272552],[126.88531941636762,35.14151359272552],[126.88531941636762,35.13252038908828],[126.87632621273038,35.13252038908828]]]}},{"type":"Feature","properties":{"jobs":16863,"pop":1442,"pointCount":2,"homeWorkCommuteMedian":8138,"workHomeCommuteMedian":7895},"geometry":{"type":"Polygon","coordinates":[[[126.87632621273038,35.14151359272552],[126.87632621273038,35.15050679636277],[126.88531941636762,35.15050679636277],[126.88531941636762,35.14151359272552],[126.87632621273038,35.14151359272552]]]}},{"type":"Feature","properties":{"jobs":4034,"pop":1027,"pointCount":2,"homeWorkCommuteMedian":8640,"workHomeCommuteMedian":8507},"geometry":{"type":"Polygon","coordinates":[[[126.87632621273038,35.15050679636277],[126.87632621273038,35.159500000000016],[126.88531941636762,35.159500000000016],[126.88531941636762,35.15050679636277],[126.87632621273038,35.15050679636277]]]}},{"type":"Feature","properties":{"jobs":2458,"pop":217,"pointCount":2,"homeWorkCommuteMedian":10836,"workHomeCommuteMedian":9889},"geometry":{"type":"Polygon","coordinates":[[[126.87632621273038,35.159500000000016],[126.87632621273038,35.16849320363726],[126.88531941636762,35.16849320363726],[126.88531941636762,35.159500000000016],[126.87632621273038,35.159500000000016]]]}},{"type":"Feature","properties":{"jobs":2913,"pop":91,"pointCount":1,"homeWorkCommuteMedian":10806,"workHomeCommuteMedian":11670},"geometry":{"type":"Polygon","coordinates":[[[126.87632621273038,35.16849320363726],[126.87632621273038,35.17748640727451],[126.88531941636762,35.17748640727451],[126.88531941636762,35.16849320363726],[126.87632621273038,35.16849320363726]]]}},{"type":"Feature","properties":{"jobs":1065,"pop":257,"pointCount":2,"homeWorkCommuteMedian":12587,"workHomeCommuteMedian":12587},"geometry":{"type":"Polygon","coordinates":[[[126.87632621273038,35.17748640727451],[126.87632621273038,35.18647961091175],[126.88531941636762,35.18647961091175],[126.88531941636762,35.17748640727451],[126.87632621273038,35.17748640727451]]]}},{"type":"Feature","properties":{"jobs":670,"pop":27,"pointCount":1,"homeWorkCommuteMedian":10009,"workHomeCommuteMedian":13064},"geometry":{"type":"Polygon","coordinates":[[[126.87632621273038,35.195472814549],[126.87632621273038,35.204466018186245],[126.88531941636762,35.204466018186245],[126.88531941636762,35.195472814549],[126.87632621273038,35.195472814549]]]}},{"type":"Feature","properties":{"jobs":5474,"pop":1463,"pointCount":4,"homeWorkCommuteMedian":10325,"workHomeCommuteMedian":10945},"geometry":{"type":"Polygon","coordinates":[[[126.87632621273038,35.204466018186245],[126.87632621273038,35.21345922182349],[126.88531941636762,35.21345922182349],[126.88531941636762,35.204466018186245],[126.87632621273038,35.204466018186245]]]}},{"type":"Feature","properties":{"jobs":948,"pop":28,"pointCount":2,"homeWorkCommuteMedian":11810,"workHomeCommuteMedian":11055},"geometry":{"type":"Polygon","coordinates":[[[126.87632621273038,35.21345922182349],[126.87632621273038,35.22245242546074],[126.88531941636762,35.22245242546074],[126.88531941636762,35.21345922182349],[126.87632621273038,35.21345922182349]]]}},{"type":"Feature","properties":{"jobs":496,"pop":25,"pointCount":1,"homeWorkCommuteMedian":12072,"workHomeCommuteMedian":12043},"geometry":{"type":"Polygon","coordinates":[[[126.87632621273038,35.26741844364697],[126.87632621273038,35.27641164728421],[126.88531941636762,35.27641164728421],[126.88531941636762,35.26741844364697],[126.87632621273038,35.26741844364697]]]}},{"type":"Feature","properties":{"jobs":74470,"pop":4127,"pointCount":3,"homeWorkCommuteMedian":8151,"workHomeCommuteMedian":7724},"geometry":{"type":"Polygon","coordinates":[[[126.88531941636762,35.096547574539294],[126.88531941636762,35.10554077817654],[126.89431262000487,35.10554077817654],[126.89431262000487,35.096547574539294],[126.88531941636762,35.096547574539294]]]}},{"type":"Feature","properties":{"jobs":22117,"pop":600,"pointCount":2,"homeWorkCommuteMedian":5952,"workHomeCommuteMedian":6598},"geometry":{"type":"Polygon","coordinates":[[[126.88531941636762,35.10554077817654],[126.88531941636762,35.114533981813786],[126.89431262000487,35.114533981813786],[126.89431262000487,35.10554077817654],[126.88531941636762,35.10554077817654]]]}},{"type":"Feature","properties":{"jobs":3357,"pop":45,"pointCount":2,"homeWorkCommuteMedian":5171,"workHomeCommuteMedian":5450},"geometry":{"type":"Polygon","coordinates":[[[126.88531941636762,35.114533981813786],[126.88531941636762,35.12352718545103],[126.89431262000487,35.12352718545103],[126.89431262000487,35.114533981813786],[126.88531941636762,35.114533981813786]]]}},{"type":"Feature","properties":{"jobs":4606,"pop":110,"pointCount":2,"homeWorkCommuteMedian":5860,"workHomeCommuteMedian":5995},"geometry":{"type":"Polygon","coordinates":[[[126.88531941636762,35.12352718545103],[126.88531941636762,35.13252038908828],[126.89431262000487,35.13252038908828],[126.89431262000487,35.12352718545103],[126.88531941636762,35.12352718545103]]]}},{"type":"Feature","properties":{"jobs":7333,"pop":324,"pointCount":4,"homeWorkCommuteMedian":6643,"workHomeCommuteMedian":6887},"geometry":{"type":"Polygon","coordinates":[[[126.88531941636762,35.13252038908828],[126.88531941636762,35.14151359272552],[126.89431262000487,35.14151359272552],[126.89431262000487,35.13252038908828],[126.88531941636762,35.13252038908828]]]}},{"type":"Feature","properties":{"jobs":2159,"pop":51,"pointCount":1,"homeWorkCommuteMedian":7818,"workHomeCommuteMedian":7853},"geometry":{"type":"Polygon","coordinates":[[[126.88531941636762,35.14151359272552],[126.88531941636762,35.15050679636277],[126.89431262000487,35.15050679636277],[126.89431262000487,35.14151359272552],[126.88531941636762,35.14151359272552]]]}},{"type":"Feature","properties":{"jobs":3790,"pop":74,"pointCount":2,"homeWorkCommuteMedian":8883,"workHomeCommuteMedian":9090},"geometry":{"type":"Polygon","coordinates":[[[126.88531941636762,35.15050679636277],[126.88531941636762,35.159500000000016],[126.89431262000487,35.159500000000016],[126.89431262000487,35.15050679636277],[126.88531941636762,35.15050679636277]]]}},{"type":"Feature","properties":{"jobs":3281,"pop":44,"pointCount":3,"homeWorkCommuteMedian":10913,"workHomeCommuteMedian":10416},"geometry":{"type":"Polygon","coordinates":[[[126.88531941636762,35.159500000000016],[126.88531941636762,35.16849320363726],[126.89431262000487,35.16849320363726],[126.89431262000487,35.159500000000016],[126.88531941636762,35.159500000000016]]]}},{"type":"Feature","properties":{"jobs":10673,"pop":389,"pointCount":4,"homeWorkCommuteMedian":11843,"workHomeCommuteMedian":11722},"geometry":{"type":"Polygon","coordinates":[[[126.88531941636762,35.16849320363726],[126.88531941636762,35.17748640727451],[126.89431262000487,35.17748640727451],[126.89431262000487,35.16849320363726],[126.88531941636762,35.16849320363726]]]}},{"type":"Feature","properties":{"jobs":7292,"pop":194,"pointCount":3,"homeWorkCommuteMedian":13362,"workHomeCommuteMedian":13577},"geometry":{"type":"Polygon","coordinates":[[[126.88531941636762,35.17748640727451],[126.88531941636762,35.18647961091175],[126.89431262000487,35.18647961091175],[126.89431262000487,35.17748640727451],[126.88531941636762,35.17748640727451]]]}},{"type":"Feature","properties":{"jobs":5831,"pop":401,"pointCount":2,"homeWorkCommuteMedian":14142,"workHomeCommuteMedian":14154},"geometry":{"type":"Polygon","coordinates":[[[126.88531941636762,35.18647961091175],[126.88531941636762,35.195472814549],[126.89431262000487,35.195472814549],[126.89431262000487,35.18647961091175],[126.88531941636762,35.18647961091175]]]}},{"type":"Feature","properties":{"jobs":1703,"pop":615,"pointCount":1,"homeWorkCommuteMedian":12212,"workHomeCommuteMedian":11569},"geometry":{"type":"Polygon","coordinates":[[[126.88531941636762,35.195472814549],[126.88531941636762,35.204466018186245],[126.89431262000487,35.204466018186245],[126.89431262000487,35.195472814549],[126.88531941636762,35.195472814549]]]}},{"type":"Feature","properties":{"jobs":500,"pop":20,"pointCount":1,"homeWorkCommuteMedian":12742,"workHomeCommuteMedian":15154},"geometry":{"type":"Polygon","coordinates":[[[126.88531941636762,35.204466018186245],[126.88531941636762,35.21345922182349],[126.89431262000487,35.21345922182349],[126.89431262000487,35.204466018186245],[126.88531941636762,35.204466018186245]]]}},{"type":"Feature","properties":{"jobs":44,"pop":191,"pointCount":1,"homeWorkCommuteMedian":8895,"workHomeCommuteMedian":-1},"geometry":{"type":"Polygon","coordinates":[[[126.88531941636762,35.23144562909798],[126.88531941636762,35.24043883273523],[126.89431262000487,35.24043883273523],[126.89431262000487,35.23144562909798],[126.88531941636762,35.23144562909798]]]}},{"type":"Feature","properties":{"jobs":20,"pop":0,"pointCount":1,"homeWorkCommuteMedian":-1,"workHomeCommuteMedian":8421},"geometry":{"type":"Polygon","coordinates":[[[126.89431262000487,35.08755437090205],[126.89431262000487,35.096547574539294],[126.90330582364211,35.096547574539294],[126.90330582364211,35.08755437090205],[126.89431262000487,35.08755437090205]]]}},{"type":"Feature","properties":{"jobs":56049,"pop":2672,"pointCount":3,"homeWorkCommuteMedian":5461,"workHomeCommuteMedian":5517},"geometry":{"type":"Polygon","coordinates":[[[126.89431262000487,35.096547574539294],[126.89431262000487,35.10554077817654],[126.90330582364211,35.10554077817654],[126.90330582364211,35.096547574539294],[126.89431262000487,35.096547574539294]]]}},{"type":"Feature","properties":{"jobs":71520,"pop":2889,"pointCount":5,"homeWorkCommuteMedian":5766,"workHomeCommuteMedian":6345},"geometry":{"type":"Polygon","coordinates":[[[126.89431262000487,35.10554077817654],[126.89431262000487,35.114533981813786],[126.90330582364211,35.114533981813786],[126.90330582364211,35.10554077817654],[126.89431262000487,35.10554077817654]]]}},{"type":"Feature","properties":{"jobs":5058,"pop":615,"pointCount":3,"homeWorkCommuteMedian":4351,"workHomeCommuteMedian":4120},"geometry":{"type":"Polygon","coordinates":[[[126.89431262000487,35.114533981813786],[126.89431262000487,35.12352718545103],[126.90330582364211,35.12352718545103],[126.90330582364211,35.114533981813786],[126.89431262000487,35.114533981813786]]]}},{"type":"Feature","properties":{"jobs":9561,"pop":545,"pointCount":4,"homeWorkCommuteMedian":5325,"workHomeCommuteMedian":5942},"geometry":{"type":"Polygon","coordinates":[[[126.89431262000487,35.12352718545103],[126.89431262000487,35.13252038908828],[126.90330582364211,35.13252038908828],[126.90330582364211,35.12352718545103],[126.89431262000487,35.12352718545103]]]}},{"type":"Feature","properties":{"jobs":8720,"pop":331,"pointCount":5,"homeWorkCommuteMedian":6887,"workHomeCommuteMedian":6325},"geometry":{"type":"Polygon","coordinates":[[[126.89431262000487,35.13252038908828],[126.89431262000487,35.14151359272552],[126.90330582364211,35.14151359272552],[126.90330582364211,35.13252038908828],[126.89431262000487,35.13252038908828]]]}},{"type":"Feature","properties":{"jobs":2742,"pop":85,"pointCount":1,"homeWorkCommuteMedian":7818,"workHomeCommuteMedian":8504},"geometry":{"type":"Polygon","coordinates":[[[126.89431262000487,35.14151359272552],[126.89431262000487,35.15050679636277],[126.90330582364211,35.15050679636277],[126.90330582364211,35.14151359272552],[126.89431262000487,35.14151359272552]]]}},{"type":"Feature","properties":{"jobs":8922,"pop":235,"pointCount":4,"homeWorkCommuteMedian":9382,"workHomeCommuteMedian":8949},"geometry":{"type":"Polygon","coordinates":[[[126.89431262000487,35.15050679636277],[126.89431262000487,35.159500000000016],[126.90330582364211,35.159500000000016],[126.90330582364211,35.15050679636277],[126.89431262000487,35.15050679636277]]]}},{"type":"Feature","properties":{"jobs":2909,"pop":2138,"pointCount":2,"homeWorkCommuteMedian":8347,"workHomeCommuteMedian":10966},"geometry":{"type":"Polygon","coordinates":[[[126.89431262000487,35.159500000000016],[126.89431262000487,35.16849320363726],[126.90330582364211,35.16849320363726],[126.90330582364211,35.159500000000016],[126.89431262000487,35.159500000000016]]]}},{"type":"Feature","properties":{"jobs":14875,"pop":245,"pointCount":3,"homeWorkCommuteMedian":12480,"workHomeCommuteMedian":6466},"geometry":{"type":"Polygon","coordinates":[[[126.89431262000487,35.16849320363726],[126.89431262000487,35.17748640727451],[126.90330582364211,35.17748640727451],[126.90330582364211,35.16849320363726],[126.89431262000487,35.16849320363726]]]}},{"type":"Feature","properties":{"jobs":8802,"pop":1532,"pointCount":5,"homeWorkCommuteMedian":12801,"workHomeCommuteMedian":13518},"geometry":{"type":"Polygon","coordinates":[[[126.89431262000487,35.17748640727451],[126.89431262000487,35.18647961091175],[126.90330582364211,35.18647961091175],[126.90330582364211,35.17748640727451],[126.89431262000487,35.17748640727451]]]}},{"type":"Feature","properties":{"jobs":8184,"pop":301,"pointCount":3,"homeWorkCommuteMedian":14751,"workHomeCommuteMedian":14798},"geometry":{"type":"Polygon","coordinates":[[[126.89431262000487,35.18647961091175],[126.89431262000487,35.195472814549],[126.90330582364211,35.195472814549],[126.90330582364211,35.18647961091175],[126.89431262000487,35.18647961091175]]]}},{"type":"Feature","properties":{"jobs":3627,"pop":223,"pointCount":2,"homeWorkCommuteMedian":15745,"workHomeCommuteMedian":15411},"geometry":{"type":"Polygon","coordinates":[[[126.89431262000487,35.195472814549],[126.89431262000487,35.204466018186245],[126.90330582364211,35.204466018186245],[126.90330582364211,35.195472814549],[126.89431262000487,35.195472814549]]]}},{"type":"Feature","properties":{"jobs":4050,"pop":1880,"pointCount":3,"homeWorkCommuteMedian":12071,"workHomeCommuteMedian":13797},"geometry":{"type":"Polygon","coordinates":[[[126.89431262000487,35.204466018186245],[126.89431262000487,35.21345922182349],[126.90330582364211,35.21345922182349],[126.90330582364211,35.204466018186245],[126.89431262000487,35.204466018186245]]]}},{"type":"Feature","properties":{"jobs":29,"pop":200,"pointCount":1,"homeWorkCommuteMedian":22059,"workHomeCommuteMedian":-1},"geometry":{"type":"Polygon","coordinates":[[[126.89431262000487,35.27641164728421],[126.89431262000487,35.28540485092146],[126.90330582364211,35.28540485092146],[126.90330582364211,35.27641164728421],[126.89431262000487,35.27641164728421]]]}},{"type":"Feature","properties":{"jobs":82,"pop":199,"pointCount":1,"homeWorkCommuteMedian":26920,"workHomeCommuteMedian":-1},"geometry":{"type":"Polygon","coordinates":[[[126.90330582364211,35.006615538166834],[126.90330582364211,35.01560874180408],[126.91229902727936,35.01560874180408],[126.91229902727936,35.006615538166834],[126.90330582364211,35.006615538166834]]]}},{"type":"Feature","properties":{"jobs":696,"pop":761,"pointCount":1,"homeWorkCommuteMedian":20177,"workHomeCommuteMedian":-1},"geometry":{"type":"Polygon","coordinates":[[[126.90330582364211,35.08755437090205],[126.90330582364211,35.096547574539294],[126.91229902727936,35.096547574539294],[126.91229902727936,35.08755437090205],[126.90330582364211,35.08755437090205]]]}},{"type":"Feature","properties":{"jobs":4010,"pop":58,"pointCount":1,"homeWorkCommuteMedian":3940,"workHomeCommuteMedian":3943},"geometry":{"type":"Polygon","coordinates":[[[126.90330582364211,35.096547574539294],[126.90330582364211,35.10554077817654],[126.91229902727936,35.10554077817654],[126.91229902727936,35.096547574539294],[126.90330582364211,35.096547574539294]]]}},{"type":"Feature","properties":{"jobs":2897,"pop":23,"pointCount":1,"homeWorkCommuteMedian":5058,"workHomeCommuteMedian":8478},"geometry":{"type":"Polygon","coordinates":[[[126.90330582364211,35.10554077817654],[126.90330582364211,35.114533981813786],[126.91229902727936,35.114533981813786],[126.91229902727936,35.10554077817654],[126.90330582364211,35.10554077817654]]]}},{"type":"Feature","properties":{"jobs":10470,"pop":535,"pointCount":3,"homeWorkCommuteMedian":5660,"workHomeCommuteMedian":5371},"geometry":{"type":"Polygon","coordinates":[[[126.90330582364211,35.114533981813786],[126.90330582364211,35.12352718545103],[126.91229902727936,35.12352718545103],[126.91229902727936,35.114533981813786],[126.90330582364211,35.114533981813786]]]}},{"type":"Feature","properties":{"jobs":9918,"pop":700,"pointCount":4,"homeWorkCommuteMedian":5823,"workHomeCommuteMedian":5891},"geometry":{"type":"Polygon","coordinates":[[[126.90330582364211,35.12352718545103],[126.90330582364211,35.13252038908828],[126.91229902727936,35.13252038908828],[126.91229902727936,35.12352718545103],[126.90330582364211,35.12352718545103]]]}},{"type":"Feature","properties":{"jobs":5176,"pop":474,"pointCount":4,"homeWorkCommuteMedian":7031,"workHomeCommuteMedian":6254},"geometry":{"type":"Polygon","coordinates":[[[126.90330582364211,35.13252038908828],[126.90330582364211,35.14151359272552],[126.91229902727936,35.14151359272552],[126.91229902727936,35.13252038908828],[126.90330582364211,35.13252038908828]]]}},{"type":"Feature","properties":{"jobs":1070,"pop":193,"pointCount":1,"homeWorkCommuteMedian":15523,"workHomeCommuteMedian":-1},"geometry":{"type":"Polygon","coordinates":[[[126.90330582364211,35.14151359272552],[126.90330582364211,35.15050679636277],[126.91229902727936,35.15050679636277],[126.91229902727936,35.14151359272552],[126.90330582364211,35.14151359272552]]]}},{"type":"Feature","properties":{"jobs":1263,"pop":8549,"pointCount":2,"homeWorkCommuteMedian":6974,"workHomeCommuteMedian":353},"geometry":{"type":"Polygon","coordinates":[[[126.90330582364211,35.15050679636277],[126.90330582364211,35.159500000000016],[126.91229902727936,35.159500000000016],[126.91229902727936,35.15050679636277],[126.90330582364211,35.15050679636277]]]}},{"type":"Feature","properties":{"jobs":5866,"pop":183,"pointCount":3,"homeWorkCommuteMedian":11258,"workHomeCommuteMedian":11056},"geometry":{"type":"Polygon","coordinates":[[[126.90330582364211,35.159500000000016],[126.90330582364211,35.16849320363726],[126.91229902727936,35.16849320363726],[126.91229902727936,35.159500000000016],[126.90330582364211,35.159500000000016]]]}},{"type":"Feature","properties":{"jobs":3680,"pop":73,"pointCount":2,"homeWorkCommuteMedian":14073,"workHomeCommuteMedian":13577},"geometry":{"type":"Polygon","coordinates":[[[126.90330582364211,35.17748640727451],[126.90330582364211,35.18647961091175],[126.91229902727936,35.18647961091175],[126.91229902727936,35.17748640727451],[126.90330582364211,35.17748640727451]]]}},{"type":"Feature","properties":{"jobs":17,"pop":561,"pointCount":1,"homeWorkCommuteMedian":7890,"workHomeCommuteMedian":-1},"geometry":{"type":"Polygon","coordinates":[[[126.90330582364211,35.18647961091175],[126.90330582364211,35.195472814549],[126.91229902727936,35.195472814549],[126.91229902727936,35.18647961091175],[126.90330582364211,35.18647961091175]]]}},{"type":"Feature","properties":{"jobs":12,"pop":162,"pointCount":1,"homeWorkCommuteMedian":4776,"workHomeCommuteMedian":-1},"geometry":{"type":"Polygon","coordinates":[[[126.90330582364211,35.195472814549],[126.90330582364211,35.204466018186245],[126.91229902727936,35.204466018186245],[126.91229902727936,35.195472814549],[126.90330582364211,35.195472814549]]]}},{"type":"Feature","properties":{"jobs":57,"pop":200,"pointCount":1,"homeWorkCommuteMedian":28650,"workHomeCommuteMedian":-1},"geometry":{"type":"Polygon","coordinates":[[[126.90330582364211,35.27641164728421],[126.90330582364211,35.28540485092146],[126.91229902727936,35.28540485092146],[126.91229902727936,35.27641164728421],[126.90330582364211,35.27641164728421]]]}},{"type":"Feature","properties":{"jobs":52034,"pop":3099,"pointCount":4,"homeWorkCommuteMedian":5637,"workHomeCommuteMedian":5738},"geometry":{"type":"Polygon","coordinates":[[[126.91229902727936,35.114533981813786],[126.91229902727936,35.12352718545103],[126.9212922309166,35.12352718545103],[126.9212922309166,35.114533981813786],[126.91229902727936,35.114533981813786]]]}},{"type":"Feature","properties":{"jobs":10613,"pop":738,"pointCount":3,"homeWorkCommuteMedian":6845,"workHomeCommuteMedian":6219},"geometry":{"type":"Polygon","coordinates":[[[126.91229902727936,35.12352718545103],[126.91229902727936,35.13252038908828],[126.9212922309166,35.13252038908828],[126.9212922309166,35.12352718545103],[126.91229902727936,35.12352718545103]]]}},{"type":"Feature","properties":{"jobs":821,"pop":174,"pointCount":1,"homeWorkCommuteMedian":2991,"workHomeCommuteMedian":-1},"geometry":{"type":"Polygon","coordinates":[[[126.91229902727936,35.13252038908828],[126.91229902727936,35.14151359272552],[126.9212922309166,35.14151359272552],[126.9212922309166,35.13252038908828],[126.91229902727936,35.13252038908828]]]}},{"type":"Feature","properties":{"jobs":7285,"pop":432,"pointCount":3,"homeWorkCommuteMedian":9382,"workHomeCommuteMedian":8893},"geometry":{"type":"Polygon","coordinates":[[[126.91229902727936,35.15050679636277],[126.91229902727936,35.159500000000016],[126.9212922309166,35.159500000000016],[126.9212922309166,35.15050679636277],[126.91229902727936,35.15050679636277]]]}},{"type":"Feature","properties":{"jobs":8866,"pop":449,"pointCount":3,"homeWorkCommuteMedian":10128,"workHomeCommuteMedian":10933},"geometry":{"type":"Polygon","coordinates":[[[126.91229902727936,35.159500000000016],[126.91229902727936,35.16849320363726],[126.9212922309166,35.16849320363726],[126.9212922309166,35.159500000000016],[126.91229902727936,35.159500000000016]]]}},{"type":"Feature","properties":{"jobs":9453,"pop":358,"pointCount":4,"homeWorkCommuteMedian":12856,"workHomeCommuteMedian":12319},"geometry":{"type":"Polygon","coordinates":[[[126.91229902727936,35.16849320363726],[126.91229902727936,35.17748640727451],[126.9212922309166,35.17748640727451],[126.9212922309166,35.16849320363726],[126.91229902727936,35.16849320363726]]]}},{"type":"Feature","properties":{"jobs":5630,"pop":413,"pointCount":2,"homeWorkCommuteMedian":13722,"workHomeCommuteMedian":14399},"geometry":{"type":"Polygon","coordinates":[[[126.91229902727936,35.17748640727451],[126.91229902727936,35.18647961091175],[126.9212922309166,35.18647961091175],[126.9212922309166,35.17748640727451],[126.91229902727936,35.17748640727451]]]}},{"type":"Feature","properties":{"jobs":81,"pop":198,"pointCount":1,"homeWorkCommuteMedian":21498,"workHomeCommuteMedian":-1},"geometry":{"type":"Polygon","coordinates":[[[126.91229902727936,35.23144562909798],[126.91229902727936,35.24043883273523],[126.9212922309166,35.24043883273523],[126.9212922309166,35.23144562909798],[126.91229902727936,35.23144562909798]]]}},{"type":"Feature","properties":{"jobs":2567,"pop":21,"pointCount":1,"homeWorkCommuteMedian":9995,"workHomeCommuteMedian":9329},"geometry":{"type":"Polygon","coordinates":[[[126.9212922309166,35.10554077817654],[126.9212922309166,35.114533981813786],[126.93028543455385,35.114533981813786],[126.93028543455385,35.10554077817654],[126.9212922309166,35.10554077817654]]]}},{"type":"Feature","properties":{"jobs":31635,"pop":1714,"pointCount":2,"homeWorkCommuteMedian":6803,"workHomeCommuteMedian":6201},"geometry":{"type":"Polygon","coordinates":[[[126.9212922309166,35.114533981813786],[126.9212922309166,35.12352718545103],[126.93028543455385,35.12352718545103],[126.93028543455385,35.114533981813786],[126.9212922309166,35.114533981813786]]]}},{"type":"Feature","properties":{"jobs":44787,"pop":2422,"pointCount":4,"homeWorkCommuteMedian":7712,"workHomeCommuteMedian":7776},"geometry":{"type":"Polygon","coordinates":[[[126.9212922309166,35.12352718545103],[126.9212922309166,35.13252038908828],[126.93028543455385,35.13252038908828],[126.93028543455385,35.12352718545103],[126.9212922309166,35.12352718545103]]]}},{"type":"Feature","properties":{"jobs":2193,"pop":23,"pointCount":2,"homeWorkCommuteMedian":8359,"workHomeCommuteMedian":8584},"geometry":{"type":"Polygon","coordinates":[[[126.9212922309166,35.13252038908828],[126.9212922309166,35.14151359272552],[126.93028543455385,35.14151359272552],[126.93028543455385,35.13252038908828],[126.9212922309166,35.13252038908828]]]}},{"type":"Feature","properties":{"jobs":2396,"pop":581,"pointCount":2,"homeWorkCommuteMedian":9832,"workHomeCommuteMedian":5392},"geometry":{"type":"Polygon","coordinates":[[[126.9212922309166,35.14151359272552],[126.9212922309166,35.15050679636277],[126.93028543455385,35.15050679636277],[126.93028543455385,35.14151359272552],[126.9212922309166,35.14151359272552]]]}},{"type":"Feature","properties":{"jobs":10744,"pop":1292,"pointCount":4,"homeWorkCommuteMedian":9090,"workHomeCommuteMedian":9902},"geometry":{"type":"Polygon","coordinates":[[[126.9212922309166,35.15050679636277],[126.9212922309166,35.159500000000016],[126.93028543455385,35.159500000000016],[126.93028543455385,35.15050679636277],[126.9212922309166,35.15050679636277]]]}},{"type":"Feature","properties":{"jobs":4413,"pop":304,"pointCount":2,"homeWorkCommuteMedian":11162,"workHomeCommuteMedian":13360},"geometry":{"type":"Polygon","coordinates":[[[126.9212922309166,35.159500000000016],[126.9212922309166,35.16849320363726],[126.93028543455385,35.16849320363726],[126.93028543455385,35.159500000000016],[126.9212922309166,35.159500000000016]]]}},{"type":"Feature","properties":{"jobs":5670,"pop":1483,"pointCount":3,"homeWorkCommuteMedian":10637,"workHomeCommuteMedian":13138},"geometry":{"type":"Polygon","coordinates":[[[126.9212922309166,35.16849320363726],[126.9212922309166,35.17748640727451],[126.93028543455385,35.17748640727451],[126.93028543455385,35.16849320363726],[126.9212922309166,35.16849320363726]]]}},{"type":"Feature","properties":{"jobs":13888,"pop":814,"pointCount":5,"homeWorkCommuteMedian":15205,"workHomeCommuteMedian":15113},"geometry":{"type":"Polygon","coordinates":[[[126.9212922309166,35.17748640727451],[126.9212922309166,35.18647961091175],[126.93028543455385,35.18647961091175],[126.93028543455385,35.17748640727451],[126.9212922309166,35.17748640727451]]]}},{"type":"Feature","properties":{"jobs":1683,"pop":23,"pointCount":1,"homeWorkCommuteMedian":17302,"workHomeCommuteMedian":16310},"geometry":{"type":"Polygon","coordinates":[[[126.9212922309166,35.18647961091175],[126.9212922309166,35.195472814549],[126.93028543455385,35.195472814549],[126.93028543455385,35.18647961091175],[126.9212922309166,35.18647961091175]]]}},{"type":"Feature","properties":{"jobs":160,"pop":196,"pointCount":1,"homeWorkCommuteMedian":27615,"workHomeCommuteMedian":-1},"geometry":{"type":"Polygon","coordinates":[[[126.93028543455385,35.024601945441326],[126.93028543455385,35.03359514907857],[126.9392786381911,35.03359514907857],[126.9392786381911,35.024601945441326],[126.93028543455385,35.024601945441326]]]}},{"type":"Feature","properties":{"jobs":11755,"pop":435,"pointCount":2,"homeWorkCommuteMedian":9863,"workHomeCommuteMedian":8794},"geometry":{"type":"Polygon","coordinates":[[[126.93028543455385,35.08755437090205],[126.93028543455385,35.096547574539294],[126.9392786381911,35.096547574539294],[126.9392786381911,35.08755437090205],[126.93028543455385,35.08755437090205]]]}},{"type":"Feature","properties":{"jobs":9536,"pop":448,"pointCount":1,"homeWorkCommuteMedian":9117,"workHomeCommuteMedian":8420},"geometry":{"type":"Polygon","coordinates":[[[126.93028543455385,35.096547574539294],[126.93028543455385,35.10554077817654],[126.9392786381911,35.10554077817654],[126.9392786381911,35.096547574539294],[126.93028543455385,35.096547574539294]]]}},{"type":"Feature","properties":{"jobs":46477,"pop":2313,"pointCount":4,"homeWorkCommuteMedian":6952,"workHomeCommuteMedian":7158},"geometry":{"type":"Polygon","coordinates":[[[126.93028543455385,35.114533981813786],[126.93028543455385,35.12352718545103],[126.9392786381911,35.12352718545103],[126.9392786381911,35.114533981813786],[126.93028543455385,35.114533981813786]]]}},{"type":"Feature","properties":{"jobs":29636,"pop":1555,"pointCount":3,"homeWorkCommuteMedian":8276,"workHomeCommuteMedian":7544},"geometry":{"type":"Polygon","coordinates":[[[126.93028543455385,35.12352718545103],[126.93028543455385,35.13252038908828],[126.9392786381911,35.13252038908828],[126.9392786381911,35.12352718545103],[126.93028543455385,35.12352718545103]]]}},{"type":"Feature","properties":{"jobs":14874,"pop":881,"pointCount":3,"homeWorkCommuteMedian":8694,"workHomeCommuteMedian":8138},"geometry":{"type":"Polygon","coordinates":[[[126.93028543455385,35.14151359272552],[126.93028543455385,35.15050679636277],[126.9392786381911,35.15050679636277],[126.9392786381911,35.14151359272552],[126.93028543455385,35.14151359272552]]]}},{"type":"Feature","properties":{"jobs":5897,"pop":102,"pointCount":3,"homeWorkCommuteMedian":13360,"workHomeCommuteMedian":11351},"geometry":{"type":"Polygon","coordinates":[[[126.93028543455385,35.15050679636277],[126.93028543455385,35.159500000000016],[126.9392786381911,35.159500000000016],[126.9392786381911,35.15050679636277],[126.93028543455385,35.15050679636277]]]}},{"type":"Feature","properties":{"jobs":9028,"pop":282,"pointCount":4,"homeWorkCommuteMedian":12805,"workHomeCommuteMedian":13007},"geometry":{"type":"Polygon","coordinates":[[[126.93028543455385,35.159500000000016],[126.93028543455385,35.16849320363726],[126.9392786381911,35.16849320363726],[126.9392786381911,35.159500000000016],[126.93028543455385,35.159500000000016]]]}},{"type":"Feature","properties":{"jobs":10115,"pop":758,"pointCount":4,"homeWorkCommuteMedian":13909,"workHomeCommuteMedian":13919},"geometry":{"type":"Polygon","coordinates":[[[126.93028543455385,35.16849320363726],[126.93028543455385,35.17748640727451],[126.9392786381911,35.17748640727451],[126.9392786381911,35.16849320363726],[126.93028543455385,35.16849320363726]]]}},{"type":"Feature","properties":{"jobs":5418,"pop":628,"pointCount":4,"homeWorkCommuteMedian":15679,"workHomeCommuteMedian":16504},"geometry":{"type":"Polygon","coordinates":[[[126.93028543455385,35.17748640727451],[126.93028543455385,35.18647961091175],[126.9392786381911,35.18647961091175],[126.9392786381911,35.17748640727451],[126.93028543455385,35.17748640727451]]]}},{"type":"Feature","properties":{"jobs":4,"pop":345,"pointCount":1,"homeWorkCommuteMedian":40097,"workHomeCommuteMedian":-1},"geometry":{"type":"Polygon","coordinates":[[[126.93028543455385,35.18647961091175],[126.93028543455385,35.195472814549],[126.9392786381911,35.195472814549],[126.9392786381911,35.18647961091175],[126.93028543455385,35.18647961091175]]]}},{"type":"Feature","properties":{"jobs":8167,"pop":346,"pointCount":1,"homeWorkCommuteMedian":10376,"workHomeCommuteMedian":9921},"geometry":{"type":"Polygon","coordinates":[[[126.9392786381911,35.0785611672648],[126.9392786381911,35.08755437090205],[126.94827184182834,35.08755437090205],[126.94827184182834,35.0785611672648],[126.9392786381911,35.0785611672648]]]}},{"type":"Feature","properties":{"jobs":2414,"pop":20,"pointCount":1,"homeWorkCommuteMedian":10750,"workHomeCommuteMedian":-1},"geometry":{"type":"Polygon","coordinates":[[[126.9392786381911,35.08755437090205],[126.9392786381911,35.096547574539294],[126.94827184182834,35.096547574539294],[126.94827184182834,35.08755437090205],[126.9392786381911,35.08755437090205]]]}},{"type":"Feature","properties":{"jobs":23816,"pop":1756,"pointCount":2,"homeWorkCommuteMedian":8910,"workHomeCommuteMedian":8491},"geometry":{"type":"Polygon","coordinates":[[[126.9392786381911,35.12352718545103],[126.9392786381911,35.13252038908828],[126.94827184182834,35.13252038908828],[126.94827184182834,35.12352718545103],[126.9392786381911,35.12352718545103]]]}},{"type":"Feature","properties":{"jobs":36,"pop":721,"pointCount":1,"homeWorkCommuteMedian":6519,"workHomeCommuteMedian":-1},"geometry":{"type":"Polygon","coordinates":[[[126.9392786381911,35.14151359272552],[126.9392786381911,35.15050679636277],[126.94827184182834,35.15050679636277],[126.94827184182834,35.14151359272552],[126.9392786381911,35.14151359272552]]]}},{"type":"Feature","properties":{"jobs":63,"pop":200,"pointCount":1,"homeWorkCommuteMedian":33909,"workHomeCommuteMedian":-1},"geometry":{"type":"Polygon","coordinates":[[[126.9392786381911,35.294398054558705],[126.9392786381911,35.30339125819595],[126.94827184182834,35.30339125819595],[126.94827184182834,35.294398054558705],[126.9392786381911,35.294398054558705]]]}},{"type":"Feature","properties":{"jobs":636,"pop":244,"pointCount":1,"homeWorkCommuteMedian":6332,"workHomeCommuteMedian":5283},"geometry":{"type":"Polygon","coordinates":[[[126.9392786381911,35.30339125819595],[126.9392786381911,35.3123844618332],[126.94827184182834,35.3123844618332],[126.94827184182834,35.30339125819595],[126.9392786381911,35.30339125819595]]]}},{"type":"Feature","properties":{"jobs":9200,"pop":502,"pointCount":2,"homeWorkCommuteMedian":10647,"workHomeCommuteMedian":10582},"geometry":{"type":"Polygon","coordinates":[[[126.94827184182834,35.0785611672648],[126.94827184182834,35.08755437090205],[126.95726504546559,35.08755437090205],[126.95726504546559,35.0785611672648],[126.94827184182834,35.0785611672648]]]}},{"type":"Feature","properties":{"jobs":15,"pop":200,"pointCount":1,"homeWorkCommuteMedian":25204,"workHomeCommuteMedian":-1},"geometry":{"type":"Polygon","coordinates":[[[126.95726504546559,35.03359514907857],[126.95726504546559,35.04258835271582],[126.96625824910284,35.04258835271582],[126.96625824910284,35.03359514907857],[126.95726504546559,35.03359514907857]]]}},{"type":"Feature","properties":{"jobs":2343,"pop":388,"pointCount":2,"homeWorkCommuteMedian":30268,"workHomeCommuteMedian":-1},"geometry":{"type":"Polygon","coordinates":[[[126.95726504546559,35.04258835271582],[126.95726504546559,35.051581556353064],[126.96625824910284,35.051581556353064],[126.96625824910284,35.04258835271582],[126.95726504546559,35.04258835271582]]]}},{"type":"Feature","properties":{"jobs":7,"pop":154,"pointCount":1,"homeWorkCommuteMedian":12841,"workHomeCommuteMedian":-1},"geometry":{"type":"Polygon","coordinates":[[[126.95726504546559,35.06057475999031],[126.95726504546559,35.069567963627556],[126.96625824910284,35.069567963627556],[126.96625824910284,35.06057475999031],[126.95726504546559,35.06057475999031]]]}},{"type":"Feature","properties":{"jobs":42,"pop":192,"pointCount":1,"homeWorkCommuteMedian":9364,"workHomeCommuteMedian":-1},"geometry":{"type":"Polygon","coordinates":[[[126.95726504546559,35.08755437090205],[126.95726504546559,35.096547574539294],[126.96625824910284,35.096547574539294],[126.96625824910284,35.08755437090205],[126.95726504546559,35.08755437090205]]]}},{"type":"Feature","properties":{"jobs":161,"pop":198,"pointCount":1,"homeWorkCommuteMedian":32612,"workHomeCommuteMedian":-1},"geometry":{"type":"Polygon","coordinates":[[[126.95726504546559,35.294398054558705],[126.95726504546559,35.30339125819595],[126.96625824910284,35.30339125819595],[126.96625824910284,35.294398054558705],[126.95726504546559,35.294398054558705]]]}},{"type":"Feature","properties":{"jobs":234,"pop":40,"pointCount":1,"homeWorkCommuteMedian":13353,"workHomeCommuteMedian":-1},"geometry":{"type":"Polygon","coordinates":[[[126.96625824910284,35.21345922182349],[126.96625824910284,35.22245242546074],[126.97525145274008,35.22245242546074],[126.97525145274008,35.21345922182349],[126.96625824910284,35.21345922182349]]]}},{"type":"Feature","properties":{"jobs":2564,"pop":660,"pointCount":1,"homeWorkCommuteMedian":31850,"workHomeCommuteMedian":9053},"geometry":{"type":"Polygon","coordinates":[[[126.97525145274008,35.04258835271582],[126.97525145274008,35.051581556353064],[126.98424465637733,35.051581556353064],[126.98424465637733,35.04258835271582],[126.97525145274008,35.04258835271582]]]}},{"type":"Feature","properties":{"jobs":2236,"pop":194,"pointCount":1,"homeWorkCommuteMedian":23484,"workHomeCommuteMedian":-1},"geometry":{"type":"Polygon","coordinates":[[[126.97525145274008,35.051581556353064],[126.97525145274008,35.06057475999031],[126.98424465637733,35.06057475999031],[126.98424465637733,35.051581556353064],[126.97525145274008,35.051581556353064]]]}},{"type":"Feature","properties":{"jobs":1958,"pop":339,"pointCount":1,"homeWorkCommuteMedian":23271,"workHomeCommuteMedian":-1},"geometry":{"type":"Polygon","coordinates":[[[126.97525145274008,35.06057475999031],[126.97525145274008,35.069567963627556],[126.98424465637733,35.069567963627556],[126.98424465637733,35.06057475999031],[126.97525145274008,35.06057475999031]]]}},{"type":"Feature","properties":{"jobs":581,"pop":192,"pointCount":1,"homeWorkCommuteMedian":39890,"workHomeCommuteMedian":-1},"geometry":{"type":"Polygon","coordinates":[[[126.97525145274008,35.30339125819595],[126.97525145274008,35.3123844618332],[126.98424465637733,35.3123844618332],[126.98424465637733,35.30339125819595],[126.97525145274008,35.30339125819595]]]}},{"type":"Feature","properties":{"jobs":3399,"pop":490,"pointCount":3,"homeWorkCommuteMedian":6245,"workHomeCommuteMedian":5757},"geometry":{"type":"Polygon","coordinates":[[[126.97525145274008,35.3123844618332],[126.97525145274008,35.32137766547044],[126.98424465637733,35.32137766547044],[126.98424465637733,35.3123844618332],[126.97525145274008,35.3123844618332]]]}},{"type":"Feature","properties":{"jobs":11118,"pop":1189,"pointCount":2,"homeWorkCommuteMedian":24617,"workHomeCommuteMedian":11457},"geometry":{"type":"Polygon","coordinates":[[[126.98424465637733,35.051581556353064],[126.98424465637733,35.06057475999031],[126.99323786001457,35.06057475999031],[126.99323786001457,35.051581556353064],[126.98424465637733,35.051581556353064]]]}},{"type":"Feature","properties":{"jobs":3240,"pop":330,"pointCount":1,"homeWorkCommuteMedian":24022,"workHomeCommuteMedian":13026},"geometry":{"type":"Polygon","coordinates":[[[126.98424465637733,35.06057475999031],[126.98424465637733,35.069567963627556],[126.99323786001457,35.069567963627556],[126.99323786001457,35.06057475999031],[126.98424465637733,35.06057475999031]]]}},{"type":"Feature","properties":{"jobs":4106,"pop":631,"pointCount":2,"homeWorkCommuteMedian":6913,"workHomeCommuteMedian":6965},"geometry":{"type":"Polygon","coordinates":[[[126.98424465637733,35.30339125819595],[126.98424465637733,35.3123844618332],[126.99323786001457,35.3123844618332],[126.99323786001457,35.30339125819595],[126.98424465637733,35.30339125819595]]]}},{"type":"Feature","properties":{"jobs":940,"pop":186,"pointCount":1,"homeWorkCommuteMedian":31991,"workHomeCommuteMedian":-1},"geometry":{"type":"Polygon","coordinates":[[[126.98424465637733,35.3123844618332],[126.98424465637733,35.32137766547044],[126.99323786001457,35.32137766547044],[126.99323786001457,35.3123844618332],[126.98424465637733,35.3123844618332]]]}},{"type":"Feature","properties":{"jobs":395,"pop":0,"pointCount":1,"homeWorkCommuteMedian":-1,"workHomeCommuteMedian":45058},"geometry":{"type":"Polygon","coordinates":[[[126.99323786001457,34.99762233452959],[126.99323786001457,35.006615538166834],[127.00223106365182,35.006615538166834],[127.00223106365182,34.99762233452959],[126.99323786001457,34.99762233452959]]]}},{"type":"Feature","properties":{"jobs":1600,"pop":137,"pointCount":1,"homeWorkCommuteMedian":24511,"workHomeCommuteMedian":-1},"geometry":{"type":"Polygon","coordinates":[[[126.99323786001457,35.051581556353064],[126.99323786001457,35.06057475999031],[127.00223106365182,35.06057475999031],[127.00223106365182,35.051581556353064],[126.99323786001457,35.051581556353064]]]}},{"type":"Feature","properties":{"jobs":338,"pop":0,"pointCount":1,"homeWorkCommuteMedian":-1,"workHomeCommuteMedian":21655},"geometry":{"type":"Polygon","coordinates":[[[127.00223106365182,35.051581556353064],[127.00223106365182,35.06057475999031],[127.01122426728907,35.06057475999031],[127.01122426728907,35.051581556353064],[127.00223106365182,35.051581556353064]]]}},{"type":"Feature","properties":{"jobs":106,"pop":200,"pointCount":1,"homeWorkCommuteMedian":36346,"workHomeCommuteMedian":-1},"geometry":{"type":"Polygon","coordinates":[[[127.00223106365182,35.28540485092146],[127.00223106365182,35.294398054558705],[127.01122426728907,35.294398054558705],[127.01122426728907,35.28540485092146],[127.00223106365182,35.28540485092146]]]}},{"type":"Feature","properties":{"jobs":213,"pop":20,"pointCount":1,"homeWorkCommuteMedian":7921,"workHomeCommuteMedian":7950},"geometry":{"type":"Polygon","coordinates":[[[127.01122426728907,34.99762233452959],[127.01122426728907,35.006615538166834],[127.02021747092631,35.006615538166834],[127.02021747092631,34.99762233452959],[127.01122426728907,34.99762233452959]]]}},{"type":"Feature","properties":{"jobs":442,"pop":22,"pointCount":1,"homeWorkCommuteMedian":11949,"workHomeCommuteMedian":11949},"geometry":{"type":"Polygon","coordinates":[[[127.01122426728907,35.23144562909798],[127.01122426728907,35.24043883273523],[127.02021747092631,35.24043883273523],[127.02021747092631,35.23144562909798],[127.01122426728907,35.23144562909798]]]}},{"type":"Feature","properties":{"jobs":84,"pop":198,"pointCount":1,"homeWorkCommuteMedian":32109,"workHomeCommuteMedian":-1},"geometry":{"type":"Polygon","coordinates":[[[127.02021747092631,35.22245242546074],[127.02021747092631,35.23144562909798],[127.02921067456356,35.23144562909798],[127.02921067456356,35.22245242546074],[127.02021747092631,35.22245242546074]]]}},{"type":"Feature","properties":{"jobs":172,"pop":199,"pointCount":1,"homeWorkCommuteMedian":38391,"workHomeCommuteMedian":-1},"geometry":{"type":"Polygon","coordinates":[[[127.02021747092631,35.27641164728421],[127.02021747092631,35.28540485092146],[127.02921067456356,35.28540485092146],[127.02921067456356,35.27641164728421],[127.02021747092631,35.27641164728421]]]}},{"type":"Feature","properties":{"jobs":250,"pop":199,"pointCount":1,"homeWorkCommuteMedian":38475,"workHomeCommuteMedian":-1},"geometry":{"type":"Polygon","coordinates":[[[127.02921067456356,35.28540485092146],[127.02921067456356,35.294398054558705],[127.0382038782008,35.294398054558705],[127.0382038782008,35.28540485092146],[127.02921067456356,35.28540485092146]]]}},{"type":"Feature","properties":{"jobs":26,"pop":10,"pointCount":1,"homeWorkCommuteMedian":17913,"workHomeCommuteMedian":-1},"geometry":{"type":"Polygon","coordinates":[[[127.0382038782008,35.15050679636277],[127.0382038782008,35.159500000000016],[127.04719708183805,35.159500000000016],[127.04719708183805,35.15050679636277],[127.0382038782008,35.15050679636277]]]}},{"type":"Feature","properties":{"jobs":433,"pop":22,"pointCount":1,"homeWorkCommuteMedian":17575,"workHomeCommuteMedian":17552},"geometry":{"type":"Polygon","coordinates":[[[127.0382038782008,35.23144562909798],[127.0382038782008,35.24043883273523],[127.04719708183805,35.24043883273523],[127.04719708183805,35.23144562909798],[127.0382038782008,35.23144562909798]]]}}],"properties":{"residentWeightedNearestNeighborKm":{"p10":0.4087729539462041,"p25":0.4089089021515704,"p50":0.4090900251699825,"p75":0.4097452417460044,"p90":0.5003778610509171,"mean":0.48293470261712224},"workerWeightedNearestNeighborKm":{"p10":0.40757513459914735,"p25":0.408976842204984,"p50":0.4092709866874237,"p75":0.40958728051102,"p90":0.5003778610509171,"mean":0.4471344345493048},"commuteDistanceKm":{"p10":3496,"p25":5139,"p50":7911,"p75":11172,"p90":14923,"mean":8727.310064935065},"residentCellDensity":{"p10":51,"p25":195,"p50":413,"p75":1385,"p90":3640,"mean":1404.5858208955224},"workerCellDensity":{"p10":81,"p25":668,"p50":2728,"p75":7361,"p90":13896,"mean":6611.137184115523},"detail":{"radiusKm":0.40918049592484457,"expectedPointSpacingKm":0.7020559538082275,"normalizedRadius":0.5828317439732384,"activityPerPoint":1498.5143938697738,"playableAreaKm2":616,"playableAreaPerPointKm2":1.096085409252669,"playableCatchmentRadiusKm":0.590673193794107,"localityScore":0.46004646285269923,"deaggregationScore":1,"score":0.678267250317085},"polycentrism":{"activity":{"score":0.9052905341373071,"continuousScore":0.671408180282456,"detectedCenterCount":3,"effectiveCenterCount":2.5222399946570238,"largestCenterShare":0.5224350503031449,"bandwidthKm":1.3,"reliabilityScore":1,"supportLevel":"high","usedFallback":false,"topCenters":[{"longitude":126.87256735023406,"latitude":35.09248929814253,"massShare":0.5224350503031449,"assignedMass":1166214,"assignedPointCount":193,"prominenceRatio":1},{"longitude":126.80996286647853,"latitude":35.183011115282476,"massShare":0.30770436856539496,"assignedMass":686878,"assignedPointCount":201,"prominenceRatio":0.9999999999999999},{"longitude":126.91079210199808,"latitude":35.17310268330104,"massShare":0.16986058113146013,"assignedMass":379174,"assignedPointCount":168,"prominenceRatio":0.9999999980722529}],"debug":{"rawPeakCount":25,"mergedPeakCount":22,"filteredPeakCount":3,"prominenceThreshold":0.22,"minPointsPerCenter":10,"rejectedCenters":[{"longitude":126.78489156788076,"latitude":35.01439158465807,"massShare":0.04731470174253427,"assignedMass":105619,"assignedPointCount":32,"prominenceRatio":1,"strongestCompetitorDistanceKm":12.447444954330436,"strongestCompetitorPotential":333903.0306794066,"localConsolidatedShare":0.04731470174253427,"localConsolidatedMass":105619,"localContributorCount":1,"localContributorDistancesKm":[],"rejectionReasons":["below_secondary_share_floor"]},{"longitude":126.81470637026108,"latitude":35.09985445876748,"massShare":0.04174726488689072,"assignedMass":93191,"assignedPointCount":15,"prominenceRatio":0.9975308780074684,"strongestCompetitorDistanceKm":5.133879668522784,"strongestCompetitorPotential":333903.0306794066,"localConsolidatedShare":0.04174726488689072,"localConsolidatedMass":93191,"localContributorCount":1,"localContributorDistancesKm":[],"rejectionReasons":["below_secondary_share_floor"]},{"longitude":126.71377520004968,"latitude":35.02449672255509,"massShare":0.03065405287721087,"assignedMass":68428,"assignedPointCount":35,"prominenceRatio":1,"strongestCompetitorDistanceKm":16.896270593627786,"strongestCompetitorPotential":333903.0306794066,"localConsolidatedShare":0.03065405287721087,"localConsolidatedMass":68428,"localContributorCount":1,"localContributorDistancesKm":[],"rejectionReasons":["below_secondary_share_floor"]},{"longitude":126.78228661439509,"latitude":35.300213397208495,"massShare":0.013512278554616699,"assignedMass":30163,"assignedPointCount":22,"prominenceRatio":1,"strongestCompetitorDistanceKm":12.833085210558979,"strongestCompetitorPotential":180130.2083004926,"localConsolidatedShare":0.013512278554616699,"localConsolidatedMass":30163,"localContributorCount":1,"localContributorDistancesKm":[],"rejectionReasons":["below_secondary_share_floor"]},{"longitude":126.97553079905508,"latitude":35.06507444548863,"massShare":0.017446845492427875,"assignedMass":38946,"assignedPointCount":15,"prominenceRatio":0.999999999999985,"strongestCompetitorDistanceKm":10.802494710748999,"strongestCompetitorPotential":333903.0306794066,"localConsolidatedShare":0.017446845492427875,"localConsolidatedMass":38946,"localContributorCount":1,"localContributorDistancesKm":[],"rejectionReasons":["below_secondary_share_floor"]},{"longitude":126.84700495571488,"latitude":35.03904919865036,"massShare":0.010621494033417165,"assignedMass":23710,"assignedPointCount":6,"prominenceRatio":0.9999976227453007,"strongestCompetitorDistanceKm":7.281927533976646,"strongestCompetitorPotential":333903.0306794066,"localConsolidatedShare":0.010621494033417165,"localConsolidatedMass":23710,"localContributorCount":1,"localContributorDistancesKm":[],"rejectionReasons":["below_min_points_per_center"]},{"longitude":126.97686827990911,"latitude":35.31381634906613,"massShare":0.007099512334103552,"assignedMass":15848,"assignedPointCount":16,"prominenceRatio":1,"strongestCompetitorDistanceKm":16.68156757340582,"strongestCompetitorPotential":88912.10326805149,"localConsolidatedShare":0.007099512334103552,"localConsolidatedMass":15848,"localContributorCount":1,"localContributorDistancesKm":[],"rejectionReasons":["below_secondary_share_floor"]},{"longitude":126.66915897024947,"latitude":35.258730592006415,"massShare":0.004472137281130475,"assignedMass":9983,"assignedPointCount":7,"prominenceRatio":1,"strongestCompetitorDistanceKm":15.345948793927736,"strongestCompetitorPotential":180130.2083004926,"localConsolidatedShare":0.004472137281130475,"localConsolidatedMass":9983,"localContributorCount":1,"localContributorDistancesKm":[],"rejectionReasons":["below_min_points_per_center"]},{"longitude":126.64120000000001,"latitude":35.015890280561116,"massShare":0.001341238006581653,"assignedMass":2994,"assignedPointCount":2,"prominenceRatio":1,"strongestCompetitorDistanceKm":23.867986525362745,"strongestCompetitorPotential":333903.0306794066,"localConsolidatedShare":0.001341238006581653,"localConsolidatedMass":2994,"localContributorCount":1,"localContributorDistancesKm":[],"rejectionReasons":["below_min_points_per_center"]},{"longitude":126.65495575657896,"latitude":34.996850822368415,"massShare":0.001361844869742226,"assignedMass":3040,"assignedPointCount":2,"prominenceRatio":1,"strongestCompetitorDistanceKm":23.828893237455436,"strongestCompetitorPotential":333903.0306794066,"localConsolidatedShare":0.001361844869742226,"localConsolidatedMass":3040,"localContributorCount":1,"localContributorDistancesKm":[],"rejectionReasons":["below_min_points_per_center"]},{"longitude":126.8170433295325,"latitude":35.260708665906506,"massShare":0.0011786229777275648,"assignedMass":2631,"assignedPointCount":5,"prominenceRatio":0.9999999967223656,"strongestCompetitorDistanceKm":9.043893512396274,"strongestCompetitorPotential":180130.2083004926,"localConsolidatedShare":0.0011786229777275648,"localConsolidatedMass":2631,"localContributorCount":1,"localContributorDistancesKm":[],"rejectionReasons":["below_min_points_per_center"]},{"longitude":126.95676041019266,"latitude":34.9883,"massShare":0.0007207922353339611,"assignedMass":1609,"assignedPointCount":2,"prominenceRatio":1,"strongestCompetitorDistanceKm":14.235259193537013,"strongestCompetitorPotential":333903.0306794066,"localConsolidatedShare":0.0007207922353339611,"localConsolidatedMass":1609,"localContributorCount":1,"localContributorDistancesKm":[],"rejectionReasons":["below_min_points_per_center"]},{"longitude":127.0353947780679,"latitude":35.23474386422977,"massShare":0.0008578726728803826,"assignedMass":1915,"assignedPointCount":4,"prominenceRatio":1,"strongestCompetitorDistanceKm":14.132226606345075,"strongestCompetitorPotential":88912.10326805149,"localConsolidatedShare":0.0008578726728803826,"localConsolidatedMass":1915,"localContributorCount":1,"localContributorDistancesKm":[],"rejectionReasons":["below_min_points_per_center"]},{"longitude":126.88558551724138,"latitude":35.26489862068966,"massShare":0.0009743462472662308,"assignedMass":2175,"assignedPointCount":7,"prominenceRatio":0.9999999999999996,"strongestCompetitorDistanceKm":11.739362698101987,"strongestCompetitorPotential":180130.2083004926,"localConsolidatedShare":0.0009743462472662308,"localConsolidatedMass":2175,"localContributorCount":1,"localContributorDistancesKm":[],"rejectionReasons":["below_min_points_per_center"]},{"longitude":127.0485,"latitude":35.0325,"massShare":0.00035210857487414136,"assignedMass":786,"assignedPointCount":1,"prominenceRatio":1,"strongestCompetitorDistanceKm":16.896270593627786,"strongestCompetitorPotential":333903.0306794066,"localConsolidatedShare":0.00035210857487414136,"localConsolidatedMass":786,"localContributorCount":1,"localContributorDistancesKm":[],"rejectionReasons":["below_min_points_per_center"]},{"longitude":127.00432984901278,"latitude":34.99832218350755,"massShare":0.00038570672133159757,"assignedMass":861,"assignedPointCount":3,"prominenceRatio":1,"strongestCompetitorDistanceKm":15.451136874291409,"strongestCompetitorPotential":333903.0306794066,"localConsolidatedShare":0.00038570672133159757,"localConsolidatedMass":861,"localContributorCount":1,"localContributorDistancesKm":[],"rejectionReasons":["below_min_points_per_center"]},{"longitude":126.91958948194663,"latitude":35.02257456828885,"massShare":0.0002853602572453283,"assignedMass":637,"assignedPointCount":2,"prominenceRatio":0.9999999999548586,"strongestCompetitorDistanceKm":10.214489973742289,"strongestCompetitorPotential":333903.0306794066,"localConsolidatedShare":0.0002853602572453283,"localConsolidatedMass":637,"localContributorCount":1,"localContributorDistancesKm":[],"rejectionReasons":["below_min_points_per_center"]},{"longitude":126.97200000000001,"latitude":35.2215,"massShare":0.00012274522839124012,"assignedMass":274,"assignedPointCount":1,"prominenceRatio":0.9999903655810554,"strongestCompetitorDistanceKm":7.653996392181786,"strongestCompetitorPotential":88912.10326805149,"localConsolidatedShare":0.00012274522839124012,"localConsolidatedMass":274,"localContributorCount":1,"localContributorDistancesKm":[],"rejectionReasons":["below_min_points_per_center"]},{"longitude":127.03950000000002,"latitude":35.1585,"massShare":0.000016127110299578993,"assignedMass":36,"assignedPointCount":1,"prominenceRatio":0.9999999999999826,"strongestCompetitorDistanceKm":11.553466150003299,"strongestCompetitorPotential":88912.10326805149,"localConsolidatedShare":0.000016127110299578993,"localConsolidatedMass":36,"localContributorCount":1,"localContributorDistancesKm":[],"rejectionReasons":["below_min_points_per_center"]}]}}}}}
