{"type":"FeatureCollection","features":[{"type":"Feature","properties":{"jobs":305,"pop":0,"pointCount":3,"homeWorkCommuteMedian":-1,"workHomeCommuteMedian":4392},"geometry":{"type":"Polygon","coordinates":[[[120.20155537488262,22.80555516691834],[120.20155537488262,22.814548370555585],[120.21054857851986,22.814548370555585],[120.21054857851986,22.80555516691834],[120.20155537488262,22.80555516691834]]]}},{"type":"Feature","properties":{"jobs":99,"pop":512,"pointCount":3,"homeWorkCommuteMedian":15233,"workHomeCommuteMedian":32345},"geometry":{"type":"Polygon","coordinates":[[[120.20155537488262,22.814548370555585],[120.20155537488262,22.82354157419283],[120.21054857851986,22.82354157419283],[120.21054857851986,22.814548370555585],[120.20155537488262,22.814548370555585]]]}},{"type":"Feature","properties":{"jobs":0,"pop":512,"pointCount":4,"homeWorkCommuteMedian":9504,"workHomeCommuteMedian":-1},"geometry":{"type":"Polygon","coordinates":[[[120.20155537488262,22.82354157419283],[120.20155537488262,22.832534777830077],[120.21054857851986,22.832534777830077],[120.21054857851986,22.82354157419283],[120.20155537488262,22.82354157419283]]]}},{"type":"Feature","properties":{"jobs":0,"pop":394,"pointCount":3,"homeWorkCommuteMedian":7341,"workHomeCommuteMedian":-1},"geometry":{"type":"Polygon","coordinates":[[[120.20155537488262,22.832534777830077],[120.20155537488262,22.841527981467323],[120.21054857851986,22.841527981467323],[120.21054857851986,22.832534777830077],[120.20155537488262,22.832534777830077]]]}},{"type":"Feature","properties":{"jobs":170,"pop":0,"pointCount":1,"homeWorkCommuteMedian":-1,"workHomeCommuteMedian":5577},"geometry":{"type":"Polygon","coordinates":[[[120.20155537488262,22.85052118510457],[120.20155537488262,22.859514388741815],[120.21054857851986,22.859514388741815],[120.21054857851986,22.85052118510457],[120.20155537488262,22.85052118510457]]]}},{"type":"Feature","properties":{"jobs":0,"pop":173,"pointCount":1,"homeWorkCommuteMedian":29690,"workHomeCommuteMedian":-1},"geometry":{"type":"Polygon","coordinates":[[[120.21054857851986,22.814548370555585],[120.21054857851986,22.82354157419283],[120.21954178215711,22.82354157419283],[120.21954178215711,22.814548370555585],[120.21054857851986,22.814548370555585]]]}},{"type":"Feature","properties":{"jobs":0,"pop":52,"pointCount":2,"homeWorkCommuteMedian":18893,"workHomeCommuteMedian":-1},"geometry":{"type":"Polygon","coordinates":[[[120.21054857851986,22.82354157419283],[120.21054857851986,22.832534777830077],[120.21954178215711,22.832534777830077],[120.21954178215711,22.82354157419283],[120.21054857851986,22.82354157419283]]]}},{"type":"Feature","properties":{"jobs":44,"pop":0,"pointCount":1,"homeWorkCommuteMedian":-1,"workHomeCommuteMedian":3162},"geometry":{"type":"Polygon","coordinates":[[[120.21954178215711,22.80555516691834],[120.21954178215711,22.814548370555585],[120.22853498579435,22.814548370555585],[120.22853498579435,22.80555516691834],[120.21954178215711,22.80555516691834]]]}},{"type":"Feature","properties":{"jobs":640,"pop":2482,"pointCount":10,"homeWorkCommuteMedian":8195,"workHomeCommuteMedian":27157},"geometry":{"type":"Polygon","coordinates":[[[120.21954178215711,22.814548370555585],[120.21954178215711,22.82354157419283],[120.22853498579435,22.82354157419283],[120.22853498579435,22.814548370555585],[120.21954178215711,22.814548370555585]]]}},{"type":"Feature","properties":{"jobs":0,"pop":21,"pointCount":1,"homeWorkCommuteMedian":37486,"workHomeCommuteMedian":-1},"geometry":{"type":"Polygon","coordinates":[[[120.21954178215711,22.82354157419283],[120.21954178215711,22.832534777830077],[120.22853498579435,22.832534777830077],[120.22853498579435,22.82354157419283],[120.21954178215711,22.82354157419283]]]}},{"type":"Feature","properties":{"jobs":0,"pop":304,"pointCount":1,"homeWorkCommuteMedian":9751,"workHomeCommuteMedian":-1},"geometry":{"type":"Polygon","coordinates":[[[120.22853498579435,22.751595945094863],[120.22853498579435,22.76058914873211],[120.2375281894316,22.76058914873211],[120.2375281894316,22.751595945094863],[120.22853498579435,22.751595945094863]]]}},{"type":"Feature","properties":{"jobs":250,"pop":124,"pointCount":2,"homeWorkCommuteMedian":19402,"workHomeCommuteMedian":3509},"geometry":{"type":"Polygon","coordinates":[[[120.22853498579435,22.76058914873211],[120.22853498579435,22.769582352369355],[120.2375281894316,22.769582352369355],[120.2375281894316,22.76058914873211],[120.22853498579435,22.76058914873211]]]}},{"type":"Feature","properties":{"jobs":0,"pop":71,"pointCount":1,"homeWorkCommuteMedian":16437,"workHomeCommuteMedian":-1},"geometry":{"type":"Polygon","coordinates":[[[120.22853498579435,22.769582352369355],[120.22853498579435,22.7785755560066],[120.2375281894316,22.7785755560066],[120.2375281894316,22.769582352369355],[120.22853498579435,22.769582352369355]]]}},{"type":"Feature","properties":{"jobs":62,"pop":871,"pointCount":3,"homeWorkCommuteMedian":20661,"workHomeCommuteMedian":19320},"geometry":{"type":"Polygon","coordinates":[[[120.22853498579435,22.787568759643847],[120.22853498579435,22.796561963281093],[120.2375281894316,22.796561963281093],[120.2375281894316,22.787568759643847],[120.22853498579435,22.787568759643847]]]}},{"type":"Feature","properties":{"jobs":99,"pop":1114,"pointCount":6,"homeWorkCommuteMedian":19799,"workHomeCommuteMedian":5269},"geometry":{"type":"Polygon","coordinates":[[[120.22853498579435,22.796561963281093],[120.22853498579435,22.80555516691834],[120.2375281894316,22.80555516691834],[120.2375281894316,22.796561963281093],[120.22853498579435,22.796561963281093]]]}},{"type":"Feature","properties":{"jobs":436,"pop":0,"pointCount":1,"homeWorkCommuteMedian":-1,"workHomeCommuteMedian":22059},"geometry":{"type":"Polygon","coordinates":[[[120.22853498579435,22.814548370555585],[120.22853498579435,22.82354157419283],[120.2375281894316,22.82354157419283],[120.2375281894316,22.814548370555585],[120.22853498579435,22.814548370555585]]]}},{"type":"Feature","properties":{"jobs":156,"pop":340,"pointCount":3,"homeWorkCommuteMedian":8440,"workHomeCommuteMedian":32461},"geometry":{"type":"Polygon","coordinates":[[[120.22853498579435,22.82354157419283],[120.22853498579435,22.832534777830077],[120.2375281894316,22.832534777830077],[120.2375281894316,22.82354157419283],[120.22853498579435,22.82354157419283]]]}},{"type":"Feature","properties":{"jobs":206,"pop":747,"pointCount":6,"homeWorkCommuteMedian":4014,"workHomeCommuteMedian":9416},"geometry":{"type":"Polygon","coordinates":[[[120.22853498579435,22.832534777830077],[120.22853498579435,22.841527981467323],[120.2375281894316,22.841527981467323],[120.2375281894316,22.832534777830077],[120.22853498579435,22.832534777830077]]]}},{"type":"Feature","properties":{"jobs":212,"pop":0,"pointCount":2,"homeWorkCommuteMedian":-1,"workHomeCommuteMedian":5643},"geometry":{"type":"Polygon","coordinates":[[[120.2375281894316,22.742602741457617],[120.2375281894316,22.751595945094863],[120.24652139306885,22.751595945094863],[120.24652139306885,22.742602741457617],[120.2375281894316,22.742602741457617]]]}},{"type":"Feature","properties":{"jobs":171,"pop":77,"pointCount":5,"homeWorkCommuteMedian":10673,"workHomeCommuteMedian":22942},"geometry":{"type":"Polygon","coordinates":[[[120.2375281894316,22.751595945094863],[120.2375281894316,22.76058914873211],[120.24652139306885,22.76058914873211],[120.24652139306885,22.751595945094863],[120.2375281894316,22.751595945094863]]]}},{"type":"Feature","properties":{"jobs":285,"pop":1030,"pointCount":8,"homeWorkCommuteMedian":16861,"workHomeCommuteMedian":3146},"geometry":{"type":"Polygon","coordinates":[[[120.2375281894316,22.76058914873211],[120.2375281894316,22.769582352369355],[120.24652139306885,22.769582352369355],[120.24652139306885,22.76058914873211],[120.2375281894316,22.76058914873211]]]}},{"type":"Feature","properties":{"jobs":202,"pop":623,"pointCount":6,"homeWorkCommuteMedian":11780,"workHomeCommuteMedian":7608},"geometry":{"type":"Polygon","coordinates":[[[120.2375281894316,22.769582352369355],[120.2375281894316,22.7785755560066],[120.24652139306885,22.7785755560066],[120.24652139306885,22.769582352369355],[120.2375281894316,22.769582352369355]]]}},{"type":"Feature","properties":{"jobs":145,"pop":1524,"pointCount":8,"homeWorkCommuteMedian":8928,"workHomeCommuteMedian":2517},"geometry":{"type":"Polygon","coordinates":[[[120.2375281894316,22.7785755560066],[120.2375281894316,22.787568759643847],[120.24652139306885,22.787568759643847],[120.24652139306885,22.7785755560066],[120.2375281894316,22.7785755560066]]]}},{"type":"Feature","properties":{"jobs":702,"pop":1200,"pointCount":10,"homeWorkCommuteMedian":11140,"workHomeCommuteMedian":1844},"geometry":{"type":"Polygon","coordinates":[[[120.2375281894316,22.787568759643847],[120.2375281894316,22.796561963281093],[120.24652139306885,22.796561963281093],[120.24652139306885,22.787568759643847],[120.2375281894316,22.787568759643847]]]}},{"type":"Feature","properties":{"jobs":201,"pop":148,"pointCount":4,"homeWorkCommuteMedian":24178,"workHomeCommuteMedian":57828},"geometry":{"type":"Polygon","coordinates":[[[120.2375281894316,22.796561963281093],[120.2375281894316,22.80555516691834],[120.24652139306885,22.80555516691834],[120.24652139306885,22.796561963281093],[120.2375281894316,22.796561963281093]]]}},{"type":"Feature","properties":{"jobs":339,"pop":755,"pointCount":7,"homeWorkCommuteMedian":20956,"workHomeCommuteMedian":25247},"geometry":{"type":"Polygon","coordinates":[[[120.2375281894316,22.80555516691834],[120.2375281894316,22.814548370555585],[120.24652139306885,22.814548370555585],[120.24652139306885,22.80555516691834],[120.2375281894316,22.80555516691834]]]}},{"type":"Feature","properties":{"jobs":504,"pop":736,"pointCount":8,"homeWorkCommuteMedian":13965,"workHomeCommuteMedian":9599},"geometry":{"type":"Polygon","coordinates":[[[120.2375281894316,22.814548370555585],[120.2375281894316,22.82354157419283],[120.24652139306885,22.82354157419283],[120.24652139306885,22.814548370555585],[120.2375281894316,22.814548370555585]]]}},{"type":"Feature","properties":{"jobs":216,"pop":172,"pointCount":4,"homeWorkCommuteMedian":76078,"workHomeCommuteMedian":22956},"geometry":{"type":"Polygon","coordinates":[[[120.2375281894316,22.82354157419283],[120.2375281894316,22.832534777830077],[120.24652139306885,22.832534777830077],[120.24652139306885,22.82354157419283],[120.2375281894316,22.82354157419283]]]}},{"type":"Feature","properties":{"jobs":1482,"pop":2904,"pointCount":9,"homeWorkCommuteMedian":12888,"workHomeCommuteMedian":21598},"geometry":{"type":"Polygon","coordinates":[[[120.24652139306885,22.724616334183125],[120.24652139306885,22.73360953782037],[120.25551459670609,22.73360953782037],[120.25551459670609,22.724616334183125],[120.24652139306885,22.724616334183125]]]}},{"type":"Feature","properties":{"jobs":470,"pop":2919,"pointCount":13,"homeWorkCommuteMedian":10464,"workHomeCommuteMedian":1844},"geometry":{"type":"Polygon","coordinates":[[[120.24652139306885,22.73360953782037],[120.24652139306885,22.742602741457617],[120.25551459670609,22.742602741457617],[120.25551459670609,22.73360953782037],[120.24652139306885,22.73360953782037]]]}},{"type":"Feature","properties":{"jobs":449,"pop":181,"pointCount":3,"homeWorkCommuteMedian":14121,"workHomeCommuteMedian":3399},"geometry":{"type":"Polygon","coordinates":[[[120.24652139306885,22.742602741457617],[120.24652139306885,22.751595945094863],[120.25551459670609,22.751595945094863],[120.25551459670609,22.742602741457617],[120.24652139306885,22.742602741457617]]]}},{"type":"Feature","properties":{"jobs":31,"pop":219,"pointCount":2,"homeWorkCommuteMedian":13343,"workHomeCommuteMedian":71651},"geometry":{"type":"Polygon","coordinates":[[[120.24652139306885,22.751595945094863],[120.24652139306885,22.76058914873211],[120.25551459670609,22.76058914873211],[120.25551459670609,22.751595945094863],[120.24652139306885,22.751595945094863]]]}},{"type":"Feature","properties":{"jobs":561,"pop":0,"pointCount":4,"homeWorkCommuteMedian":-1,"workHomeCommuteMedian":4299},"geometry":{"type":"Polygon","coordinates":[[[120.24652139306885,22.76058914873211],[120.24652139306885,22.769582352369355],[120.25551459670609,22.769582352369355],[120.25551459670609,22.76058914873211],[120.24652139306885,22.76058914873211]]]}},{"type":"Feature","properties":{"jobs":479,"pop":529,"pointCount":6,"homeWorkCommuteMedian":17786,"workHomeCommuteMedian":29959},"geometry":{"type":"Polygon","coordinates":[[[120.24652139306885,22.769582352369355],[120.24652139306885,22.7785755560066],[120.25551459670609,22.7785755560066],[120.25551459670609,22.769582352369355],[120.24652139306885,22.769582352369355]]]}},{"type":"Feature","properties":{"jobs":892,"pop":2092,"pointCount":9,"homeWorkCommuteMedian":7647,"workHomeCommuteMedian":8354},"geometry":{"type":"Polygon","coordinates":[[[120.24652139306885,22.7785755560066],[120.24652139306885,22.787568759643847],[120.25551459670609,22.787568759643847],[120.25551459670609,22.7785755560066],[120.24652139306885,22.7785755560066]]]}},{"type":"Feature","properties":{"jobs":126,"pop":0,"pointCount":1,"homeWorkCommuteMedian":-1,"workHomeCommuteMedian":2634},"geometry":{"type":"Polygon","coordinates":[[[120.24652139306885,22.787568759643847],[120.24652139306885,22.796561963281093],[120.25551459670609,22.796561963281093],[120.25551459670609,22.787568759643847],[120.24652139306885,22.787568759643847]]]}},{"type":"Feature","properties":{"jobs":467,"pop":0,"pointCount":4,"homeWorkCommuteMedian":-1,"workHomeCommuteMedian":25238},"geometry":{"type":"Polygon","coordinates":[[[120.24652139306885,22.796561963281093],[120.24652139306885,22.80555516691834],[120.25551459670609,22.80555516691834],[120.25551459670609,22.796561963281093],[120.24652139306885,22.796561963281093]]]}},{"type":"Feature","properties":{"jobs":1426,"pop":678,"pointCount":10,"homeWorkCommuteMedian":5836,"workHomeCommuteMedian":28182},"geometry":{"type":"Polygon","coordinates":[[[120.24652139306885,22.80555516691834],[120.24652139306885,22.814548370555585],[120.25551459670609,22.814548370555585],[120.25551459670609,22.80555516691834],[120.24652139306885,22.80555516691834]]]}},{"type":"Feature","properties":{"jobs":2764,"pop":0,"pointCount":5,"homeWorkCommuteMedian":-1,"workHomeCommuteMedian":13520},"geometry":{"type":"Polygon","coordinates":[[[120.24652139306885,22.814548370555585],[120.24652139306885,22.82354157419283],[120.25551459670609,22.82354157419283],[120.25551459670609,22.814548370555585],[120.24652139306885,22.814548370555585]]]}},{"type":"Feature","properties":{"jobs":3206,"pop":0,"pointCount":3,"homeWorkCommuteMedian":-1,"workHomeCommuteMedian":17598},"geometry":{"type":"Polygon","coordinates":[[[120.24652139306885,22.82354157419283],[120.24652139306885,22.832534777830077],[120.25551459670609,22.832534777830077],[120.25551459670609,22.82354157419283],[120.24652139306885,22.82354157419283]]]}},{"type":"Feature","properties":{"jobs":138,"pop":0,"pointCount":1,"homeWorkCommuteMedian":-1,"workHomeCommuteMedian":8660},"geometry":{"type":"Polygon","coordinates":[[[120.25551459670609,22.616697890536173],[120.25551459670609,22.62569109417342],[120.26450780034334,22.62569109417342],[120.26450780034334,22.616697890536173],[120.25551459670609,22.616697890536173]]]}},{"type":"Feature","properties":{"jobs":552,"pop":0,"pointCount":2,"homeWorkCommuteMedian":-1,"workHomeCommuteMedian":8776},"geometry":{"type":"Polygon","coordinates":[[[120.25551459670609,22.62569109417342],[120.25551459670609,22.634684297810665],[120.26450780034334,22.634684297810665],[120.26450780034334,22.62569109417342],[120.25551459670609,22.62569109417342]]]}},{"type":"Feature","properties":{"jobs":814,"pop":1774,"pointCount":8,"homeWorkCommuteMedian":12793,"workHomeCommuteMedian":4303},"geometry":{"type":"Polygon","coordinates":[[[120.25551459670609,22.724616334183125],[120.25551459670609,22.73360953782037],[120.26450780034334,22.73360953782037],[120.26450780034334,22.724616334183125],[120.25551459670609,22.724616334183125]]]}},{"type":"Feature","properties":{"jobs":740,"pop":1453,"pointCount":8,"homeWorkCommuteMedian":9408,"workHomeCommuteMedian":3810},"geometry":{"type":"Polygon","coordinates":[[[120.25551459670609,22.73360953782037],[120.25551459670609,22.742602741457617],[120.26450780034334,22.742602741457617],[120.26450780034334,22.73360953782037],[120.25551459670609,22.73360953782037]]]}},{"type":"Feature","properties":{"jobs":583,"pop":2285,"pointCount":12,"homeWorkCommuteMedian":8534,"workHomeCommuteMedian":10772},"geometry":{"type":"Polygon","coordinates":[[[120.25551459670609,22.742602741457617],[120.25551459670609,22.751595945094863],[120.26450780034334,22.751595945094863],[120.26450780034334,22.742602741457617],[120.25551459670609,22.742602741457617]]]}},{"type":"Feature","properties":{"jobs":1236,"pop":558,"pointCount":8,"homeWorkCommuteMedian":11206,"workHomeCommuteMedian":15468},"geometry":{"type":"Polygon","coordinates":[[[120.25551459670609,22.751595945094863],[120.25551459670609,22.76058914873211],[120.26450780034334,22.76058914873211],[120.26450780034334,22.751595945094863],[120.25551459670609,22.751595945094863]]]}},{"type":"Feature","properties":{"jobs":879,"pop":475,"pointCount":6,"homeWorkCommuteMedian":11001,"workHomeCommuteMedian":6647},"geometry":{"type":"Polygon","coordinates":[[[120.25551459670609,22.76058914873211],[120.25551459670609,22.769582352369355],[120.26450780034334,22.769582352369355],[120.26450780034334,22.76058914873211],[120.25551459670609,22.76058914873211]]]}},{"type":"Feature","properties":{"jobs":78,"pop":0,"pointCount":1,"homeWorkCommuteMedian":-1,"workHomeCommuteMedian":2943},"geometry":{"type":"Polygon","coordinates":[[[120.25551459670609,22.769582352369355],[120.25551459670609,22.7785755560066],[120.26450780034334,22.7785755560066],[120.26450780034334,22.769582352369355],[120.25551459670609,22.769582352369355]]]}},{"type":"Feature","properties":{"jobs":71,"pop":0,"pointCount":1,"homeWorkCommuteMedian":-1,"workHomeCommuteMedian":9460},"geometry":{"type":"Polygon","coordinates":[[[120.25551459670609,22.787568759643847],[120.25551459670609,22.796561963281093],[120.26450780034334,22.796561963281093],[120.26450780034334,22.787568759643847],[120.25551459670609,22.787568759643847]]]}},{"type":"Feature","properties":{"jobs":47,"pop":71,"pointCount":1,"homeWorkCommuteMedian":26993,"workHomeCommuteMedian":13944},"geometry":{"type":"Polygon","coordinates":[[[120.25551459670609,22.796561963281093],[120.25551459670609,22.80555516691834],[120.26450780034334,22.80555516691834],[120.26450780034334,22.796561963281093],[120.25551459670609,22.796561963281093]]]}},{"type":"Feature","properties":{"jobs":2210,"pop":888,"pointCount":15,"homeWorkCommuteMedian":7217,"workHomeCommuteMedian":15085},"geometry":{"type":"Polygon","coordinates":[[[120.25551459670609,22.80555516691834],[120.25551459670609,22.814548370555585],[120.26450780034334,22.814548370555585],[120.26450780034334,22.80555516691834],[120.25551459670609,22.80555516691834]]]}},{"type":"Feature","properties":{"jobs":2670,"pop":0,"pointCount":4,"homeWorkCommuteMedian":-1,"workHomeCommuteMedian":10074},"geometry":{"type":"Polygon","coordinates":[[[120.25551459670609,22.814548370555585],[120.25551459670609,22.82354157419283],[120.26450780034334,22.82354157419283],[120.26450780034334,22.814548370555585],[120.25551459670609,22.814548370555585]]]}},{"type":"Feature","properties":{"jobs":42,"pop":1093,"pointCount":3,"homeWorkCommuteMedian":13835,"workHomeCommuteMedian":17299},"geometry":{"type":"Polygon","coordinates":[[[120.26450780034334,22.59871148326168],[120.26450780034334,22.607704686898927],[120.27350100398058,22.607704686898927],[120.27350100398058,22.59871148326168],[120.26450780034334,22.59871148326168]]]}},{"type":"Feature","properties":{"jobs":1227,"pop":3471,"pointCount":13,"homeWorkCommuteMedian":17951,"workHomeCommuteMedian":4848},"geometry":{"type":"Polygon","coordinates":[[[120.26450780034334,22.607704686898927],[120.26450780034334,22.616697890536173],[120.27350100398058,22.616697890536173],[120.27350100398058,22.607704686898927],[120.26450780034334,22.607704686898927]]]}},{"type":"Feature","properties":{"jobs":996,"pop":3310,"pointCount":11,"homeWorkCommuteMedian":6779,"workHomeCommuteMedian":6392},"geometry":{"type":"Polygon","coordinates":[[[120.26450780034334,22.616697890536173],[120.26450780034334,22.62569109417342],[120.27350100398058,22.62569109417342],[120.27350100398058,22.616697890536173],[120.26450780034334,22.616697890536173]]]}},{"type":"Feature","properties":{"jobs":8942,"pop":281,"pointCount":5,"homeWorkCommuteMedian":9840,"workHomeCommuteMedian":9175},"geometry":{"type":"Polygon","coordinates":[[[120.26450780034334,22.62569109417342],[120.26450780034334,22.634684297810665],[120.27350100398058,22.634684297810665],[120.27350100398058,22.62569109417342],[120.26450780034334,22.62569109417342]]]}},{"type":"Feature","properties":{"jobs":20,"pop":361,"pointCount":3,"homeWorkCommuteMedian":3019,"workHomeCommuteMedian":3010},"geometry":{"type":"Polygon","coordinates":[[[120.26450780034334,22.652670705085157],[120.26450780034334,22.661663908722403],[120.27350100398058,22.661663908722403],[120.27350100398058,22.652670705085157],[120.26450780034334,22.652670705085157]]]}},{"type":"Feature","properties":{"jobs":578,"pop":0,"pointCount":6,"homeWorkCommuteMedian":-1,"workHomeCommuteMedian":5555},"geometry":{"type":"Polygon","coordinates":[[[120.26450780034334,22.724616334183125],[120.26450780034334,22.73360953782037],[120.27350100398058,22.73360953782037],[120.27350100398058,22.724616334183125],[120.26450780034334,22.724616334183125]]]}},{"type":"Feature","properties":{"jobs":539,"pop":889,"pointCount":8,"homeWorkCommuteMedian":10310,"workHomeCommuteMedian":16220},"geometry":{"type":"Polygon","coordinates":[[[120.26450780034334,22.73360953782037],[120.26450780034334,22.742602741457617],[120.27350100398058,22.742602741457617],[120.27350100398058,22.73360953782037],[120.26450780034334,22.73360953782037]]]}},{"type":"Feature","properties":{"jobs":36,"pop":454,"pointCount":3,"homeWorkCommuteMedian":8530,"workHomeCommuteMedian":2402},"geometry":{"type":"Polygon","coordinates":[[[120.26450780034334,22.742602741457617],[120.26450780034334,22.751595945094863],[120.27350100398058,22.751595945094863],[120.27350100398058,22.742602741457617],[120.26450780034334,22.742602741457617]]]}},{"type":"Feature","properties":{"jobs":443,"pop":1567,"pointCount":9,"homeWorkCommuteMedian":8972,"workHomeCommuteMedian":1561},"geometry":{"type":"Polygon","coordinates":[[[120.26450780034334,22.751595945094863],[120.26450780034334,22.76058914873211],[120.27350100398058,22.76058914873211],[120.27350100398058,22.751595945094863],[120.26450780034334,22.751595945094863]]]}},{"type":"Feature","properties":{"jobs":1007,"pop":2414,"pointCount":10,"homeWorkCommuteMedian":5643,"workHomeCommuteMedian":5702},"geometry":{"type":"Polygon","coordinates":[[[120.26450780034334,22.76058914873211],[120.26450780034334,22.769582352369355],[120.27350100398058,22.769582352369355],[120.27350100398058,22.76058914873211],[120.26450780034334,22.76058914873211]]]}},{"type":"Feature","properties":{"jobs":207,"pop":1590,"pointCount":7,"homeWorkCommuteMedian":7820,"workHomeCommuteMedian":11333},"geometry":{"type":"Polygon","coordinates":[[[120.26450780034334,22.769582352369355],[120.26450780034334,22.7785755560066],[120.27350100398058,22.7785755560066],[120.27350100398058,22.769582352369355],[120.26450780034334,22.769582352369355]]]}},{"type":"Feature","properties":{"jobs":107,"pop":59,"pointCount":2,"homeWorkCommuteMedian":5143,"workHomeCommuteMedian":7953},"geometry":{"type":"Polygon","coordinates":[[[120.26450780034334,22.7785755560066],[120.26450780034334,22.787568759643847],[120.27350100398058,22.787568759643847],[120.27350100398058,22.7785755560066],[120.26450780034334,22.7785755560066]]]}},{"type":"Feature","properties":{"jobs":522,"pop":0,"pointCount":3,"homeWorkCommuteMedian":-1,"workHomeCommuteMedian":28094},"geometry":{"type":"Polygon","coordinates":[[[120.26450780034334,22.796561963281093],[120.26450780034334,22.80555516691834],[120.27350100398058,22.80555516691834],[120.27350100398058,22.796561963281093],[120.26450780034334,22.796561963281093]]]}},{"type":"Feature","properties":{"jobs":3408,"pop":138,"pointCount":8,"homeWorkCommuteMedian":7600,"workHomeCommuteMedian":9672},"geometry":{"type":"Polygon","coordinates":[[[120.26450780034334,22.80555516691834],[120.26450780034334,22.814548370555585],[120.27350100398058,22.814548370555585],[120.27350100398058,22.80555516691834],[120.26450780034334,22.80555516691834]]]}},{"type":"Feature","properties":{"jobs":1501,"pop":0,"pointCount":5,"homeWorkCommuteMedian":-1,"workHomeCommuteMedian":22664},"geometry":{"type":"Polygon","coordinates":[[[120.26450780034334,22.814548370555585],[120.26450780034334,22.82354157419283],[120.27350100398058,22.82354157419283],[120.27350100398058,22.814548370555585],[120.26450780034334,22.814548370555585]]]}},{"type":"Feature","properties":{"jobs":182,"pop":741,"pointCount":4,"homeWorkCommuteMedian":16010,"workHomeCommuteMedian":1790},"geometry":{"type":"Polygon","coordinates":[[[120.27350100398058,22.589718279624435],[120.27350100398058,22.59871148326168],[120.28249420761783,22.59871148326168],[120.28249420761783,22.589718279624435],[120.27350100398058,22.589718279624435]]]}},{"type":"Feature","properties":{"jobs":132,"pop":3136,"pointCount":10,"homeWorkCommuteMedian":20566,"workHomeCommuteMedian":27659},"geometry":{"type":"Polygon","coordinates":[[[120.27350100398058,22.59871148326168],[120.27350100398058,22.607704686898927],[120.28249420761783,22.607704686898927],[120.28249420761783,22.59871148326168],[120.27350100398058,22.59871148326168]]]}},{"type":"Feature","properties":{"jobs":4584,"pop":3865,"pointCount":15,"homeWorkCommuteMedian":5395,"workHomeCommuteMedian":6102},"geometry":{"type":"Polygon","coordinates":[[[120.27350100398058,22.616697890536173],[120.27350100398058,22.62569109417342],[120.28249420761783,22.62569109417342],[120.28249420761783,22.616697890536173],[120.27350100398058,22.616697890536173]]]}},{"type":"Feature","properties":{"jobs":2241,"pop":4646,"pointCount":13,"homeWorkCommuteMedian":4959,"workHomeCommuteMedian":4979},"geometry":{"type":"Polygon","coordinates":[[[120.27350100398058,22.62569109417342],[120.27350100398058,22.634684297810665],[120.28249420761783,22.634684297810665],[120.28249420761783,22.62569109417342],[120.27350100398058,22.62569109417342]]]}},{"type":"Feature","properties":{"jobs":311,"pop":2692,"pointCount":9,"homeWorkCommuteMedian":5000,"workHomeCommuteMedian":26248},"geometry":{"type":"Polygon","coordinates":[[[120.27350100398058,22.634684297810665],[120.27350100398058,22.64367750144791],[120.28249420761783,22.64367750144791],[120.28249420761783,22.634684297810665],[120.27350100398058,22.634684297810665]]]}},{"type":"Feature","properties":{"jobs":1305,"pop":6405,"pointCount":14,"homeWorkCommuteMedian":4229,"workHomeCommuteMedian":3006},"geometry":{"type":"Polygon","coordinates":[[[120.27350100398058,22.64367750144791],[120.27350100398058,22.652670705085157],[120.28249420761783,22.652670705085157],[120.28249420761783,22.64367750144791],[120.27350100398058,22.64367750144791]]]}},{"type":"Feature","properties":{"jobs":1802,"pop":7189,"pointCount":18,"homeWorkCommuteMedian":4282,"workHomeCommuteMedian":6063},"geometry":{"type":"Polygon","coordinates":[[[120.27350100398058,22.652670705085157],[120.27350100398058,22.661663908722403],[120.28249420761783,22.661663908722403],[120.28249420761783,22.652670705085157],[120.27350100398058,22.652670705085157]]]}},{"type":"Feature","properties":{"jobs":0,"pop":968,"pointCount":5,"homeWorkCommuteMedian":6345,"workHomeCommuteMedian":-1},"geometry":{"type":"Polygon","coordinates":[[[120.27350100398058,22.661663908722403],[120.27350100398058,22.67065711235965],[120.28249420761783,22.67065711235965],[120.28249420761783,22.661663908722403],[120.27350100398058,22.661663908722403]]]}},{"type":"Feature","properties":{"jobs":64,"pop":401,"pointCount":2,"homeWorkCommuteMedian":6794,"workHomeCommuteMedian":48396},"geometry":{"type":"Polygon","coordinates":[[[120.27350100398058,22.67065711235965],[120.27350100398058,22.679650315996895],[120.28249420761783,22.679650315996895],[120.28249420761783,22.67065711235965],[120.27350100398058,22.67065711235965]]]}},{"type":"Feature","properties":{"jobs":459,"pop":1251,"pointCount":3,"homeWorkCommuteMedian":5173,"workHomeCommuteMedian":7172},"geometry":{"type":"Polygon","coordinates":[[[120.27350100398058,22.679650315996895],[120.27350100398058,22.68864351963414],[120.28249420761783,22.68864351963414],[120.28249420761783,22.679650315996895],[120.27350100398058,22.679650315996895]]]}},{"type":"Feature","properties":{"jobs":177,"pop":1539,"pointCount":5,"homeWorkCommuteMedian":12355,"workHomeCommuteMedian":11140},"geometry":{"type":"Polygon","coordinates":[[[120.27350100398058,22.706629926908633],[120.27350100398058,22.71562313054588],[120.28249420761783,22.71562313054588],[120.28249420761783,22.706629926908633],[120.27350100398058,22.706629926908633]]]}},{"type":"Feature","properties":{"jobs":171,"pop":2641,"pointCount":10,"homeWorkCommuteMedian":9484,"workHomeCommuteMedian":6323},"geometry":{"type":"Polygon","coordinates":[[[120.27350100398058,22.71562313054588],[120.27350100398058,22.724616334183125],[120.28249420761783,22.724616334183125],[120.28249420761783,22.71562313054588],[120.27350100398058,22.71562313054588]]]}},{"type":"Feature","properties":{"jobs":1526,"pop":2924,"pointCount":11,"homeWorkCommuteMedian":7342,"workHomeCommuteMedian":6562},"geometry":{"type":"Polygon","coordinates":[[[120.27350100398058,22.724616334183125],[120.27350100398058,22.73360953782037],[120.28249420761783,22.73360953782037],[120.28249420761783,22.724616334183125],[120.27350100398058,22.724616334183125]]]}},{"type":"Feature","properties":{"jobs":1022,"pop":0,"pointCount":1,"homeWorkCommuteMedian":-1,"workHomeCommuteMedian":6121},"geometry":{"type":"Polygon","coordinates":[[[120.27350100398058,22.73360953782037],[120.27350100398058,22.742602741457617],[120.28249420761783,22.742602741457617],[120.28249420761783,22.73360953782037],[120.27350100398058,22.73360953782037]]]}},{"type":"Feature","properties":{"jobs":130,"pop":498,"pointCount":7,"homeWorkCommuteMedian":12262,"workHomeCommuteMedian":10981},"geometry":{"type":"Polygon","coordinates":[[[120.27350100398058,22.742602741457617],[120.27350100398058,22.751595945094863],[120.28249420761783,22.751595945094863],[120.28249420761783,22.742602741457617],[120.27350100398058,22.742602741457617]]]}},{"type":"Feature","properties":{"jobs":132,"pop":0,"pointCount":2,"homeWorkCommuteMedian":-1,"workHomeCommuteMedian":19169},"geometry":{"type":"Polygon","coordinates":[[[120.27350100398058,22.751595945094863],[120.27350100398058,22.76058914873211],[120.28249420761783,22.76058914873211],[120.28249420761783,22.751595945094863],[120.27350100398058,22.751595945094863]]]}},{"type":"Feature","properties":{"jobs":2064,"pop":260,"pointCount":7,"homeWorkCommuteMedian":5132,"workHomeCommuteMedian":13608},"geometry":{"type":"Polygon","coordinates":[[[120.27350100398058,22.76058914873211],[120.27350100398058,22.769582352369355],[120.28249420761783,22.769582352369355],[120.28249420761783,22.76058914873211],[120.27350100398058,22.76058914873211]]]}},{"type":"Feature","properties":{"jobs":425,"pop":820,"pointCount":10,"homeWorkCommuteMedian":7866,"workHomeCommuteMedian":27366},"geometry":{"type":"Polygon","coordinates":[[[120.27350100398058,22.769582352369355],[120.27350100398058,22.7785755560066],[120.28249420761783,22.7785755560066],[120.28249420761783,22.769582352369355],[120.27350100398058,22.769582352369355]]]}},{"type":"Feature","properties":{"jobs":328,"pop":1180,"pointCount":6,"homeWorkCommuteMedian":5962,"workHomeCommuteMedian":14659},"geometry":{"type":"Polygon","coordinates":[[[120.27350100398058,22.7785755560066],[120.27350100398058,22.787568759643847],[120.28249420761783,22.787568759643847],[120.28249420761783,22.7785755560066],[120.27350100398058,22.7785755560066]]]}},{"type":"Feature","properties":{"jobs":1206,"pop":2819,"pointCount":7,"homeWorkCommuteMedian":3278,"workHomeCommuteMedian":23868},"geometry":{"type":"Polygon","coordinates":[[[120.27350100398058,22.787568759643847],[120.27350100398058,22.796561963281093],[120.28249420761783,22.796561963281093],[120.28249420761783,22.787568759643847],[120.27350100398058,22.787568759643847]]]}},{"type":"Feature","properties":{"jobs":1038,"pop":75,"pointCount":7,"homeWorkCommuteMedian":8249,"workHomeCommuteMedian":5584},"geometry":{"type":"Polygon","coordinates":[[[120.27350100398058,22.796561963281093],[120.27350100398058,22.80555516691834],[120.28249420761783,22.80555516691834],[120.28249420761783,22.796561963281093],[120.27350100398058,22.796561963281093]]]}},{"type":"Feature","properties":{"jobs":7936,"pop":640,"pointCount":10,"homeWorkCommuteMedian":8354,"workHomeCommuteMedian":6618},"geometry":{"type":"Polygon","coordinates":[[[120.27350100398058,22.80555516691834],[120.27350100398058,22.814548370555585],[120.28249420761783,22.814548370555585],[120.28249420761783,22.80555516691834],[120.27350100398058,22.80555516691834]]]}},{"type":"Feature","properties":{"jobs":236,"pop":0,"pointCount":1,"homeWorkCommuteMedian":-1,"workHomeCommuteMedian":30544},"geometry":{"type":"Polygon","coordinates":[[[120.27350100398058,22.814548370555585],[120.27350100398058,22.82354157419283],[120.28249420761783,22.82354157419283],[120.28249420761783,22.814548370555585],[120.27350100398058,22.814548370555585]]]}},{"type":"Feature","properties":{"jobs":348,"pop":1074,"pointCount":5,"homeWorkCommuteMedian":15382,"workHomeCommuteMedian":3070},"geometry":{"type":"Polygon","coordinates":[[[120.28249420761783,22.58072507598719],[120.28249420761783,22.589718279624435],[120.29148741125508,22.589718279624435],[120.29148741125508,22.58072507598719],[120.28249420761783,22.58072507598719]]]}},{"type":"Feature","properties":{"jobs":1583,"pop":134,"pointCount":8,"homeWorkCommuteMedian":18247,"workHomeCommuteMedian":5689},"geometry":{"type":"Polygon","coordinates":[[[120.28249420761783,22.589718279624435],[120.28249420761783,22.59871148326168],[120.29148741125508,22.59871148326168],[120.29148741125508,22.589718279624435],[120.28249420761783,22.589718279624435]]]}},{"type":"Feature","properties":{"jobs":3501,"pop":0,"pointCount":4,"homeWorkCommuteMedian":-1,"workHomeCommuteMedian":10485},"geometry":{"type":"Polygon","coordinates":[[[120.28249420761783,22.59871148326168],[120.28249420761783,22.607704686898927],[120.29148741125508,22.607704686898927],[120.29148741125508,22.59871148326168],[120.28249420761783,22.59871148326168]]]}},{"type":"Feature","properties":{"jobs":5623,"pop":3370,"pointCount":11,"homeWorkCommuteMedian":3510,"workHomeCommuteMedian":6887},"geometry":{"type":"Polygon","coordinates":[[[120.28249420761783,22.616697890536173],[120.28249420761783,22.62569109417342],[120.29148741125508,22.62569109417342],[120.29148741125508,22.616697890536173],[120.28249420761783,22.616697890536173]]]}},{"type":"Feature","properties":{"jobs":6510,"pop":5638,"pointCount":19,"homeWorkCommuteMedian":5816,"workHomeCommuteMedian":8087},"geometry":{"type":"Polygon","coordinates":[[[120.28249420761783,22.62569109417342],[120.28249420761783,22.634684297810665],[120.29148741125508,22.634684297810665],[120.29148741125508,22.62569109417342],[120.28249420761783,22.62569109417342]]]}},{"type":"Feature","properties":{"jobs":3347,"pop":7588,"pointCount":21,"homeWorkCommuteMedian":5415,"workHomeCommuteMedian":6364},"geometry":{"type":"Polygon","coordinates":[[[120.28249420761783,22.634684297810665],[120.28249420761783,22.64367750144791],[120.29148741125508,22.64367750144791],[120.29148741125508,22.634684297810665],[120.28249420761783,22.634684297810665]]]}},{"type":"Feature","properties":{"jobs":3412,"pop":1717,"pointCount":8,"homeWorkCommuteMedian":3234,"workHomeCommuteMedian":5795},"geometry":{"type":"Polygon","coordinates":[[[120.28249420761783,22.64367750144791],[120.28249420761783,22.652670705085157],[120.29148741125508,22.652670705085157],[120.29148741125508,22.64367750144791],[120.28249420761783,22.64367750144791]]]}},{"type":"Feature","properties":{"jobs":5193,"pop":6328,"pointCount":10,"homeWorkCommuteMedian":4350,"workHomeCommuteMedian":3537},"geometry":{"type":"Polygon","coordinates":[[[120.28249420761783,22.652670705085157],[120.28249420761783,22.661663908722403],[120.29148741125508,22.661663908722403],[120.29148741125508,22.652670705085157],[120.28249420761783,22.652670705085157]]]}},{"type":"Feature","properties":{"jobs":5787,"pop":10731,"pointCount":20,"homeWorkCommuteMedian":5399,"workHomeCommuteMedian":5969},"geometry":{"type":"Polygon","coordinates":[[[120.28249420761783,22.661663908722403],[120.28249420761783,22.67065711235965],[120.29148741125508,22.67065711235965],[120.29148741125508,22.661663908722403],[120.28249420761783,22.661663908722403]]]}},{"type":"Feature","properties":{"jobs":3678,"pop":5003,"pointCount":9,"homeWorkCommuteMedian":5323,"workHomeCommuteMedian":6262},"geometry":{"type":"Polygon","coordinates":[[[120.28249420761783,22.67065711235965],[120.28249420761783,22.679650315996895],[120.29148741125508,22.679650315996895],[120.29148741125508,22.67065711235965],[120.28249420761783,22.67065711235965]]]}},{"type":"Feature","properties":{"jobs":1722,"pop":3414,"pointCount":12,"homeWorkCommuteMedian":4447,"workHomeCommuteMedian":6423},"geometry":{"type":"Polygon","coordinates":[[[120.28249420761783,22.679650315996895],[120.28249420761783,22.68864351963414],[120.29148741125508,22.68864351963414],[120.29148741125508,22.679650315996895],[120.28249420761783,22.679650315996895]]]}},{"type":"Feature","properties":{"jobs":1154,"pop":1145,"pointCount":10,"homeWorkCommuteMedian":5505,"workHomeCommuteMedian":6480},"geometry":{"type":"Polygon","coordinates":[[[120.28249420761783,22.68864351963414],[120.28249420761783,22.697636723271387],[120.29148741125508,22.697636723271387],[120.29148741125508,22.68864351963414],[120.28249420761783,22.68864351963414]]]}},{"type":"Feature","properties":{"jobs":50,"pop":723,"pointCount":2,"homeWorkCommuteMedian":3641,"workHomeCommuteMedian":3932},"geometry":{"type":"Polygon","coordinates":[[[120.28249420761783,22.697636723271387],[120.28249420761783,22.706629926908633],[120.29148741125508,22.706629926908633],[120.29148741125508,22.697636723271387],[120.28249420761783,22.697636723271387]]]}},{"type":"Feature","properties":{"jobs":4894,"pop":9529,"pointCount":18,"homeWorkCommuteMedian":7582,"workHomeCommuteMedian":6661},"geometry":{"type":"Polygon","coordinates":[[[120.28249420761783,22.706629926908633],[120.28249420761783,22.71562313054588],[120.29148741125508,22.71562313054588],[120.29148741125508,22.706629926908633],[120.28249420761783,22.706629926908633]]]}},{"type":"Feature","properties":{"jobs":5765,"pop":7247,"pointCount":14,"homeWorkCommuteMedian":6118,"workHomeCommuteMedian":6018},"geometry":{"type":"Polygon","coordinates":[[[120.28249420761783,22.71562313054588],[120.28249420761783,22.724616334183125],[120.29148741125508,22.724616334183125],[120.29148741125508,22.71562313054588],[120.28249420761783,22.71562313054588]]]}},{"type":"Feature","properties":{"jobs":4140,"pop":1999,"pointCount":9,"homeWorkCommuteMedian":4419,"workHomeCommuteMedian":5744},"geometry":{"type":"Polygon","coordinates":[[[120.28249420761783,22.724616334183125],[120.28249420761783,22.73360953782037],[120.29148741125508,22.73360953782037],[120.29148741125508,22.724616334183125],[120.28249420761783,22.724616334183125]]]}},{"type":"Feature","properties":{"jobs":5031,"pop":47,"pointCount":4,"homeWorkCommuteMedian":15644,"workHomeCommuteMedian":8913},"geometry":{"type":"Polygon","coordinates":[[[120.28249420761783,22.73360953782037],[120.28249420761783,22.742602741457617],[120.29148741125508,22.742602741457617],[120.29148741125508,22.73360953782037],[120.28249420761783,22.73360953782037]]]}},{"type":"Feature","properties":{"jobs":151,"pop":0,"pointCount":2,"homeWorkCommuteMedian":-1,"workHomeCommuteMedian":9180},"geometry":{"type":"Polygon","coordinates":[[[120.28249420761783,22.742602741457617],[120.28249420761783,22.751595945094863],[120.29148741125508,22.751595945094863],[120.29148741125508,22.742602741457617],[120.28249420761783,22.742602741457617]]]}},{"type":"Feature","properties":{"jobs":367,"pop":715,"pointCount":7,"homeWorkCommuteMedian":6887,"workHomeCommuteMedian":8632},"geometry":{"type":"Polygon","coordinates":[[[120.28249420761783,22.751595945094863],[120.28249420761783,22.76058914873211],[120.29148741125508,22.76058914873211],[120.29148741125508,22.751595945094863],[120.28249420761783,22.751595945094863]]]}},{"type":"Feature","properties":{"jobs":644,"pop":1053,"pointCount":9,"homeWorkCommuteMedian":6844,"workHomeCommuteMedian":7807},"geometry":{"type":"Polygon","coordinates":[[[120.28249420761783,22.76058914873211],[120.28249420761783,22.769582352369355],[120.29148741125508,22.769582352369355],[120.29148741125508,22.76058914873211],[120.28249420761783,22.76058914873211]]]}},{"type":"Feature","properties":{"jobs":936,"pop":3216,"pointCount":9,"homeWorkCommuteMedian":6303,"workHomeCommuteMedian":7611},"geometry":{"type":"Polygon","coordinates":[[[120.28249420761783,22.7785755560066],[120.28249420761783,22.787568759643847],[120.29148741125508,22.787568759643847],[120.29148741125508,22.7785755560066],[120.28249420761783,22.7785755560066]]]}},{"type":"Feature","properties":{"jobs":3062,"pop":4139,"pointCount":10,"homeWorkCommuteMedian":9664,"workHomeCommuteMedian":20363},"geometry":{"type":"Polygon","coordinates":[[[120.28249420761783,22.787568759643847],[120.28249420761783,22.796561963281093],[120.29148741125508,22.796561963281093],[120.29148741125508,22.787568759643847],[120.28249420761783,22.787568759643847]]]}},{"type":"Feature","properties":{"jobs":3445,"pop":3321,"pointCount":9,"homeWorkCommuteMedian":4684,"workHomeCommuteMedian":8147},"geometry":{"type":"Polygon","coordinates":[[[120.28249420761783,22.796561963281093],[120.28249420761783,22.80555516691834],[120.29148741125508,22.80555516691834],[120.29148741125508,22.796561963281093],[120.28249420761783,22.796561963281093]]]}},{"type":"Feature","properties":{"jobs":1614,"pop":240,"pointCount":8,"homeWorkCommuteMedian":5147,"workHomeCommuteMedian":14191},"geometry":{"type":"Polygon","coordinates":[[[120.28249420761783,22.80555516691834],[120.28249420761783,22.814548370555585],[120.29148741125508,22.814548370555585],[120.29148741125508,22.80555516691834],[120.28249420761783,22.80555516691834]]]}},{"type":"Feature","properties":{"jobs":912,"pop":326,"pointCount":9,"homeWorkCommuteMedian":3484,"workHomeCommuteMedian":15213},"geometry":{"type":"Polygon","coordinates":[[[120.28249420761783,22.814548370555585],[120.28249420761783,22.82354157419283],[120.29148741125508,22.82354157419283],[120.29148741125508,22.814548370555585],[120.28249420761783,22.814548370555585]]]}},{"type":"Feature","properties":{"jobs":0,"pop":152,"pointCount":1,"homeWorkCommuteMedian":23763,"workHomeCommuteMedian":-1},"geometry":{"type":"Polygon","coordinates":[[[120.29148741125508,22.562738668712697],[120.29148741125508,22.571731872349943],[120.30048061489232,22.571731872349943],[120.30048061489232,22.562738668712697],[120.29148741125508,22.562738668712697]]]}},{"type":"Feature","properties":{"jobs":840,"pop":4102,"pointCount":13,"homeWorkCommuteMedian":12598,"workHomeCommuteMedian":3364},"geometry":{"type":"Polygon","coordinates":[[[120.29148741125508,22.571731872349943],[120.29148741125508,22.58072507598719],[120.30048061489232,22.58072507598719],[120.30048061489232,22.571731872349943],[120.29148741125508,22.571731872349943]]]}},{"type":"Feature","properties":{"jobs":1034,"pop":0,"pointCount":6,"homeWorkCommuteMedian":-1,"workHomeCommuteMedian":3952},"geometry":{"type":"Polygon","coordinates":[[[120.29148741125508,22.58072507598719],[120.29148741125508,22.589718279624435],[120.30048061489232,22.589718279624435],[120.30048061489232,22.58072507598719],[120.29148741125508,22.58072507598719]]]}},{"type":"Feature","properties":{"jobs":1372,"pop":0,"pointCount":2,"homeWorkCommuteMedian":-1,"workHomeCommuteMedian":14841},"geometry":{"type":"Polygon","coordinates":[[[120.29148741125508,22.589718279624435],[120.29148741125508,22.59871148326168],[120.30048061489232,22.59871148326168],[120.30048061489232,22.589718279624435],[120.29148741125508,22.589718279624435]]]}},{"type":"Feature","properties":{"jobs":7564,"pop":0,"pointCount":6,"homeWorkCommuteMedian":-1,"workHomeCommuteMedian":6607},"geometry":{"type":"Polygon","coordinates":[[[120.29148741125508,22.59871148326168],[120.29148741125508,22.607704686898927],[120.30048061489232,22.607704686898927],[120.30048061489232,22.59871148326168],[120.29148741125508,22.59871148326168]]]}},{"type":"Feature","properties":{"jobs":22992,"pop":5162,"pointCount":17,"homeWorkCommuteMedian":3778,"workHomeCommuteMedian":6439},"geometry":{"type":"Polygon","coordinates":[[[120.29148741125508,22.607704686898927],[120.29148741125508,22.616697890536173],[120.30048061489232,22.616697890536173],[120.30048061489232,22.607704686898927],[120.29148741125508,22.607704686898927]]]}},{"type":"Feature","properties":{"jobs":12739,"pop":6309,"pointCount":20,"homeWorkCommuteMedian":4213,"workHomeCommuteMedian":7562},"geometry":{"type":"Polygon","coordinates":[[[120.29148741125508,22.616697890536173],[120.29148741125508,22.62569109417342],[120.30048061489232,22.62569109417342],[120.30048061489232,22.616697890536173],[120.29148741125508,22.616697890536173]]]}},{"type":"Feature","properties":{"jobs":19829,"pop":6890,"pointCount":22,"homeWorkCommuteMedian":3493,"workHomeCommuteMedian":6988},"geometry":{"type":"Polygon","coordinates":[[[120.29148741125508,22.62569109417342],[120.29148741125508,22.634684297810665],[120.30048061489232,22.634684297810665],[120.30048061489232,22.62569109417342],[120.29148741125508,22.62569109417342]]]}},{"type":"Feature","properties":{"jobs":7364,"pop":7184,"pointCount":22,"homeWorkCommuteMedian":5313,"workHomeCommuteMedian":4629},"geometry":{"type":"Polygon","coordinates":[[[120.29148741125508,22.634684297810665],[120.29148741125508,22.64367750144791],[120.30048061489232,22.64367750144791],[120.30048061489232,22.634684297810665],[120.29148741125508,22.634684297810665]]]}},{"type":"Feature","properties":{"jobs":6285,"pop":4747,"pointCount":12,"homeWorkCommuteMedian":4133,"workHomeCommuteMedian":5196},"geometry":{"type":"Polygon","coordinates":[[[120.29148741125508,22.64367750144791],[120.29148741125508,22.652670705085157],[120.30048061489232,22.652670705085157],[120.30048061489232,22.64367750144791],[120.29148741125508,22.64367750144791]]]}},{"type":"Feature","properties":{"jobs":5450,"pop":7400,"pointCount":16,"homeWorkCommuteMedian":4627,"workHomeCommuteMedian":3942},"geometry":{"type":"Polygon","coordinates":[[[120.29148741125508,22.652670705085157],[120.29148741125508,22.661663908722403],[120.30048061489232,22.661663908722403],[120.30048061489232,22.652670705085157],[120.29148741125508,22.652670705085157]]]}},{"type":"Feature","properties":{"jobs":10689,"pop":12673,"pointCount":10,"homeWorkCommuteMedian":5198,"workHomeCommuteMedian":7062},"geometry":{"type":"Polygon","coordinates":[[[120.29148741125508,22.661663908722403],[120.29148741125508,22.67065711235965],[120.30048061489232,22.67065711235965],[120.30048061489232,22.661663908722403],[120.29148741125508,22.661663908722403]]]}},{"type":"Feature","properties":{"jobs":4963,"pop":6746,"pointCount":11,"homeWorkCommuteMedian":4644,"workHomeCommuteMedian":5589},"geometry":{"type":"Polygon","coordinates":[[[120.29148741125508,22.67065711235965],[120.29148741125508,22.679650315996895],[120.30048061489232,22.679650315996895],[120.30048061489232,22.67065711235965],[120.29148741125508,22.67065711235965]]]}},{"type":"Feature","properties":{"jobs":763,"pop":2732,"pointCount":10,"homeWorkCommuteMedian":4512,"workHomeCommuteMedian":4458},"geometry":{"type":"Polygon","coordinates":[[[120.29148741125508,22.679650315996895],[120.29148741125508,22.68864351963414],[120.30048061489232,22.68864351963414],[120.30048061489232,22.679650315996895],[120.29148741125508,22.679650315996895]]]}},{"type":"Feature","properties":{"jobs":1944,"pop":3653,"pointCount":10,"homeWorkCommuteMedian":5224,"workHomeCommuteMedian":24075},"geometry":{"type":"Polygon","coordinates":[[[120.29148741125508,22.68864351963414],[120.29148741125508,22.697636723271387],[120.30048061489232,22.697636723271387],[120.30048061489232,22.68864351963414],[120.29148741125508,22.68864351963414]]]}},{"type":"Feature","properties":{"jobs":3523,"pop":1556,"pointCount":9,"homeWorkCommuteMedian":7027,"workHomeCommuteMedian":8644},"geometry":{"type":"Polygon","coordinates":[[[120.29148741125508,22.697636723271387],[120.29148741125508,22.706629926908633],[120.30048061489232,22.706629926908633],[120.30048061489232,22.697636723271387],[120.29148741125508,22.697636723271387]]]}},{"type":"Feature","properties":{"jobs":5451,"pop":8928,"pointCount":14,"homeWorkCommuteMedian":5699,"workHomeCommuteMedian":6786},"geometry":{"type":"Polygon","coordinates":[[[120.29148741125508,22.706629926908633],[120.29148741125508,22.71562313054588],[120.30048061489232,22.71562313054588],[120.30048061489232,22.706629926908633],[120.29148741125508,22.706629926908633]]]}},{"type":"Feature","properties":{"jobs":10831,"pop":10573,"pointCount":16,"homeWorkCommuteMedian":6384,"workHomeCommuteMedian":6922},"geometry":{"type":"Polygon","coordinates":[[[120.29148741125508,22.71562313054588],[120.29148741125508,22.724616334183125],[120.30048061489232,22.724616334183125],[120.30048061489232,22.71562313054588],[120.29148741125508,22.71562313054588]]]}},{"type":"Feature","properties":{"jobs":3330,"pop":3871,"pointCount":9,"homeWorkCommuteMedian":6327,"workHomeCommuteMedian":6523},"geometry":{"type":"Polygon","coordinates":[[[120.29148741125508,22.724616334183125],[120.29148741125508,22.73360953782037],[120.30048061489232,22.73360953782037],[120.30048061489232,22.724616334183125],[120.29148741125508,22.724616334183125]]]}},{"type":"Feature","properties":{"jobs":425,"pop":3028,"pointCount":13,"homeWorkCommuteMedian":7953,"workHomeCommuteMedian":8576},"geometry":{"type":"Polygon","coordinates":[[[120.29148741125508,22.73360953782037],[120.29148741125508,22.742602741457617],[120.30048061489232,22.742602741457617],[120.30048061489232,22.73360953782037],[120.29148741125508,22.73360953782037]]]}},{"type":"Feature","properties":{"jobs":144,"pop":215,"pointCount":3,"homeWorkCommuteMedian":3572,"workHomeCommuteMedian":9648},"geometry":{"type":"Polygon","coordinates":[[[120.29148741125508,22.742602741457617],[120.29148741125508,22.751595945094863],[120.30048061489232,22.751595945094863],[120.30048061489232,22.742602741457617],[120.29148741125508,22.742602741457617]]]}},{"type":"Feature","properties":{"jobs":744,"pop":98,"pointCount":3,"homeWorkCommuteMedian":7674,"workHomeCommuteMedian":2779},"geometry":{"type":"Polygon","coordinates":[[[120.29148741125508,22.751595945094863],[120.29148741125508,22.76058914873211],[120.30048061489232,22.76058914873211],[120.30048061489232,22.751595945094863],[120.29148741125508,22.751595945094863]]]}},{"type":"Feature","properties":{"jobs":846,"pop":1319,"pointCount":7,"homeWorkCommuteMedian":7118,"workHomeCommuteMedian":9011},"geometry":{"type":"Polygon","coordinates":[[[120.29148741125508,22.76058914873211],[120.29148741125508,22.769582352369355],[120.30048061489232,22.769582352369355],[120.30048061489232,22.76058914873211],[120.29148741125508,22.76058914873211]]]}},{"type":"Feature","properties":{"jobs":1944,"pop":1039,"pointCount":4,"homeWorkCommuteMedian":6750,"workHomeCommuteMedian":8366},"geometry":{"type":"Polygon","coordinates":[[[120.29148741125508,22.7785755560066],[120.29148741125508,22.787568759643847],[120.30048061489232,22.787568759643847],[120.30048061489232,22.7785755560066],[120.29148741125508,22.7785755560066]]]}},{"type":"Feature","properties":{"jobs":9559,"pop":4901,"pointCount":14,"homeWorkCommuteMedian":6604,"workHomeCommuteMedian":11746},"geometry":{"type":"Polygon","coordinates":[[[120.29148741125508,22.787568759643847],[120.29148741125508,22.796561963281093],[120.30048061489232,22.796561963281093],[120.30048061489232,22.787568759643847],[120.29148741125508,22.787568759643847]]]}},{"type":"Feature","properties":{"jobs":4012,"pop":4691,"pointCount":18,"homeWorkCommuteMedian":3521,"workHomeCommuteMedian":9082},"geometry":{"type":"Polygon","coordinates":[[[120.29148741125508,22.796561963281093],[120.29148741125508,22.80555516691834],[120.30048061489232,22.80555516691834],[120.30048061489232,22.796561963281093],[120.29148741125508,22.796561963281093]]]}},{"type":"Feature","properties":{"jobs":1884,"pop":286,"pointCount":6,"homeWorkCommuteMedian":5952,"workHomeCommuteMedian":27979},"geometry":{"type":"Polygon","coordinates":[[[120.29148741125508,22.80555516691834],[120.29148741125508,22.814548370555585],[120.30048061489232,22.814548370555585],[120.30048061489232,22.80555516691834],[120.29148741125508,22.80555516691834]]]}},{"type":"Feature","properties":{"jobs":372,"pop":420,"pointCount":6,"homeWorkCommuteMedian":3285,"workHomeCommuteMedian":12195},"geometry":{"type":"Polygon","coordinates":[[[120.29148741125508,22.814548370555585],[120.29148741125508,22.82354157419283],[120.30048061489232,22.82354157419283],[120.30048061489232,22.814548370555585],[120.29148741125508,22.814548370555585]]]}},{"type":"Feature","properties":{"jobs":745,"pop":22,"pointCount":2,"homeWorkCommuteMedian":3021,"workHomeCommuteMedian":14184},"geometry":{"type":"Polygon","coordinates":[[[120.29148741125508,22.82354157419283],[120.29148741125508,22.832534777830077],[120.30048061489232,22.832534777830077],[120.30048061489232,22.82354157419283],[120.29148741125508,22.82354157419283]]]}},{"type":"Feature","properties":{"jobs":799,"pop":0,"pointCount":2,"homeWorkCommuteMedian":-1,"workHomeCommuteMedian":15798},"geometry":{"type":"Polygon","coordinates":[[[120.29148741125508,22.832534777830077],[120.29148741125508,22.841527981467323],[120.30048061489232,22.841527981467323],[120.30048061489232,22.832534777830077],[120.29148741125508,22.832534777830077]]]}},{"type":"Feature","properties":{"jobs":148,"pop":0,"pointCount":2,"homeWorkCommuteMedian":-1,"workHomeCommuteMedian":8535},"geometry":{"type":"Polygon","coordinates":[[[120.30048061489232,22.55374546507545],[120.30048061489232,22.562738668712697],[120.30947381852957,22.562738668712697],[120.30947381852957,22.55374546507545],[120.30048061489232,22.55374546507545]]]}},{"type":"Feature","properties":{"jobs":378,"pop":0,"pointCount":4,"homeWorkCommuteMedian":-1,"workHomeCommuteMedian":6265},"geometry":{"type":"Polygon","coordinates":[[[120.30048061489232,22.562738668712697],[120.30048061489232,22.571731872349943],[120.30947381852957,22.571731872349943],[120.30947381852957,22.562738668712697],[120.30048061489232,22.562738668712697]]]}},{"type":"Feature","properties":{"jobs":574,"pop":0,"pointCount":1,"homeWorkCommuteMedian":-1,"workHomeCommuteMedian":10972},"geometry":{"type":"Polygon","coordinates":[[[120.30048061489232,22.571731872349943],[120.30048061489232,22.58072507598719],[120.30947381852957,22.58072507598719],[120.30947381852957,22.571731872349943],[120.30048061489232,22.571731872349943]]]}},{"type":"Feature","properties":{"jobs":2261,"pop":864,"pointCount":6,"homeWorkCommuteMedian":2180,"workHomeCommuteMedian":10457},"geometry":{"type":"Polygon","coordinates":[[[120.30048061489232,22.58072507598719],[120.30048061489232,22.589718279624435],[120.30947381852957,22.589718279624435],[120.30947381852957,22.58072507598719],[120.30048061489232,22.58072507598719]]]}},{"type":"Feature","properties":{"jobs":12990,"pop":1600,"pointCount":10,"homeWorkCommuteMedian":3506,"workHomeCommuteMedian":5839},"geometry":{"type":"Polygon","coordinates":[[[120.30048061489232,22.589718279624435],[120.30048061489232,22.59871148326168],[120.30947381852957,22.59871148326168],[120.30947381852957,22.589718279624435],[120.30048061489232,22.589718279624435]]]}},{"type":"Feature","properties":{"jobs":10242,"pop":4670,"pointCount":12,"homeWorkCommuteMedian":3770,"workHomeCommuteMedian":7582},"geometry":{"type":"Polygon","coordinates":[[[120.30048061489232,22.59871148326168],[120.30048061489232,22.607704686898927],[120.30947381852957,22.607704686898927],[120.30947381852957,22.59871148326168],[120.30048061489232,22.59871148326168]]]}},{"type":"Feature","properties":{"jobs":20099,"pop":8513,"pointCount":11,"homeWorkCommuteMedian":3445,"workHomeCommuteMedian":5993},"geometry":{"type":"Polygon","coordinates":[[[120.30048061489232,22.607704686898927],[120.30048061489232,22.616697890536173],[120.30947381852957,22.616697890536173],[120.30947381852957,22.607704686898927],[120.30048061489232,22.607704686898927]]]}},{"type":"Feature","properties":{"jobs":14843,"pop":8107,"pointCount":18,"homeWorkCommuteMedian":3189,"workHomeCommuteMedian":5849},"geometry":{"type":"Polygon","coordinates":[[[120.30048061489232,22.616697890536173],[120.30048061489232,22.62569109417342],[120.30947381852957,22.62569109417342],[120.30947381852957,22.616697890536173],[120.30048061489232,22.616697890536173]]]}},{"type":"Feature","properties":{"jobs":15788,"pop":8385,"pointCount":21,"homeWorkCommuteMedian":3354,"workHomeCommuteMedian":5590},"geometry":{"type":"Polygon","coordinates":[[[120.30048061489232,22.62569109417342],[120.30048061489232,22.634684297810665],[120.30947381852957,22.634684297810665],[120.30947381852957,22.62569109417342],[120.30048061489232,22.62569109417342]]]}},{"type":"Feature","properties":{"jobs":14296,"pop":9425,"pointCount":19,"homeWorkCommuteMedian":3949,"workHomeCommuteMedian":5458},"geometry":{"type":"Polygon","coordinates":[[[120.30048061489232,22.634684297810665],[120.30048061489232,22.64367750144791],[120.30947381852957,22.64367750144791],[120.30947381852957,22.634684297810665],[120.30048061489232,22.634684297810665]]]}},{"type":"Feature","properties":{"jobs":4497,"pop":6892,"pointCount":16,"homeWorkCommuteMedian":4119,"workHomeCommuteMedian":3422},"geometry":{"type":"Polygon","coordinates":[[[120.30048061489232,22.64367750144791],[120.30048061489232,22.652670705085157],[120.30947381852957,22.652670705085157],[120.30947381852957,22.64367750144791],[120.30048061489232,22.64367750144791]]]}},{"type":"Feature","properties":{"jobs":19640,"pop":7103,"pointCount":13,"homeWorkCommuteMedian":4605,"workHomeCommuteMedian":4400},"geometry":{"type":"Polygon","coordinates":[[[120.30048061489232,22.652670705085157],[120.30048061489232,22.661663908722403],[120.30947381852957,22.661663908722403],[120.30947381852957,22.652670705085157],[120.30048061489232,22.652670705085157]]]}},{"type":"Feature","properties":{"jobs":14989,"pop":10762,"pointCount":11,"homeWorkCommuteMedian":4829,"workHomeCommuteMedian":5505},"geometry":{"type":"Polygon","coordinates":[[[120.30048061489232,22.661663908722403],[120.30048061489232,22.67065711235965],[120.30947381852957,22.67065711235965],[120.30947381852957,22.661663908722403],[120.30048061489232,22.661663908722403]]]}},{"type":"Feature","properties":{"jobs":8148,"pop":11803,"pointCount":14,"homeWorkCommuteMedian":3824,"workHomeCommuteMedian":5549},"geometry":{"type":"Polygon","coordinates":[[[120.30048061489232,22.67065711235965],[120.30048061489232,22.679650315996895],[120.30947381852957,22.679650315996895],[120.30947381852957,22.67065711235965],[120.30048061489232,22.67065711235965]]]}},{"type":"Feature","properties":{"jobs":5877,"pop":6372,"pointCount":17,"homeWorkCommuteMedian":3663,"workHomeCommuteMedian":5887},"geometry":{"type":"Polygon","coordinates":[[[120.30048061489232,22.679650315996895],[120.30048061489232,22.68864351963414],[120.30947381852957,22.68864351963414],[120.30947381852957,22.679650315996895],[120.30048061489232,22.679650315996895]]]}},{"type":"Feature","properties":{"jobs":162,"pop":972,"pointCount":5,"homeWorkCommuteMedian":7322,"workHomeCommuteMedian":3226},"geometry":{"type":"Polygon","coordinates":[[[120.30048061489232,22.68864351963414],[120.30048061489232,22.697636723271387],[120.30947381852957,22.697636723271387],[120.30947381852957,22.68864351963414],[120.30048061489232,22.68864351963414]]]}},{"type":"Feature","properties":{"jobs":1028,"pop":0,"pointCount":2,"homeWorkCommuteMedian":-1,"workHomeCommuteMedian":17232},"geometry":{"type":"Polygon","coordinates":[[[120.30048061489232,22.697636723271387],[120.30048061489232,22.706629926908633],[120.30947381852957,22.706629926908633],[120.30947381852957,22.697636723271387],[120.30048061489232,22.697636723271387]]]}},{"type":"Feature","properties":{"jobs":6190,"pop":1566,"pointCount":9,"homeWorkCommuteMedian":4242,"workHomeCommuteMedian":6154},"geometry":{"type":"Polygon","coordinates":[[[120.30048061489232,22.706629926908633],[120.30048061489232,22.71562313054588],[120.30947381852957,22.71562313054588],[120.30947381852957,22.706629926908633],[120.30048061489232,22.706629926908633]]]}},{"type":"Feature","properties":{"jobs":6627,"pop":896,"pointCount":10,"homeWorkCommuteMedian":4714,"workHomeCommuteMedian":8067},"geometry":{"type":"Polygon","coordinates":[[[120.30048061489232,22.71562313054588],[120.30048061489232,22.724616334183125],[120.30947381852957,22.724616334183125],[120.30947381852957,22.71562313054588],[120.30048061489232,22.71562313054588]]]}},{"type":"Feature","properties":{"jobs":6886,"pop":4585,"pointCount":6,"homeWorkCommuteMedian":3857,"workHomeCommuteMedian":7115},"geometry":{"type":"Polygon","coordinates":[[[120.30048061489232,22.724616334183125],[120.30048061489232,22.73360953782037],[120.30947381852957,22.73360953782037],[120.30947381852957,22.724616334183125],[120.30048061489232,22.724616334183125]]]}},{"type":"Feature","properties":{"jobs":2105,"pop":288,"pointCount":3,"homeWorkCommuteMedian":10485,"workHomeCommuteMedian":13739},"geometry":{"type":"Polygon","coordinates":[[[120.30048061489232,22.73360953782037],[120.30048061489232,22.742602741457617],[120.30947381852957,22.742602741457617],[120.30947381852957,22.73360953782037],[120.30048061489232,22.73360953782037]]]}},{"type":"Feature","properties":{"jobs":679,"pop":2488,"pointCount":10,"homeWorkCommuteMedian":11737,"workHomeCommuteMedian":16298},"geometry":{"type":"Polygon","coordinates":[[[120.30048061489232,22.742602741457617],[120.30048061489232,22.751595945094863],[120.30947381852957,22.751595945094863],[120.30947381852957,22.742602741457617],[120.30048061489232,22.742602741457617]]]}},{"type":"Feature","properties":{"jobs":2044,"pop":3238,"pointCount":9,"homeWorkCommuteMedian":7851,"workHomeCommuteMedian":17282},"geometry":{"type":"Polygon","coordinates":[[[120.30048061489232,22.751595945094863],[120.30048061489232,22.76058914873211],[120.30947381852957,22.76058914873211],[120.30947381852957,22.751595945094863],[120.30048061489232,22.751595945094863]]]}},{"type":"Feature","properties":{"jobs":1652,"pop":2491,"pointCount":11,"homeWorkCommuteMedian":5467,"workHomeCommuteMedian":16885},"geometry":{"type":"Polygon","coordinates":[[[120.30048061489232,22.76058914873211],[120.30048061489232,22.769582352369355],[120.30947381852957,22.769582352369355],[120.30947381852957,22.76058914873211],[120.30048061489232,22.76058914873211]]]}},{"type":"Feature","properties":{"jobs":595,"pop":0,"pointCount":1,"homeWorkCommuteMedian":-1,"workHomeCommuteMedian":5658},"geometry":{"type":"Polygon","coordinates":[[[120.30048061489232,22.769582352369355],[120.30048061489232,22.7785755560066],[120.30947381852957,22.7785755560066],[120.30947381852957,22.769582352369355],[120.30048061489232,22.769582352369355]]]}},{"type":"Feature","properties":{"jobs":585,"pop":173,"pointCount":4,"homeWorkCommuteMedian":16846,"workHomeCommuteMedian":23859},"geometry":{"type":"Polygon","coordinates":[[[120.30048061489232,22.7785755560066],[120.30048061489232,22.787568759643847],[120.30947381852957,22.787568759643847],[120.30947381852957,22.7785755560066],[120.30048061489232,22.7785755560066]]]}},{"type":"Feature","properties":{"jobs":5169,"pop":5897,"pointCount":13,"homeWorkCommuteMedian":5203,"workHomeCommuteMedian":11105},"geometry":{"type":"Polygon","coordinates":[[[120.30048061489232,22.787568759643847],[120.30048061489232,22.796561963281093],[120.30947381852957,22.796561963281093],[120.30947381852957,22.787568759643847],[120.30048061489232,22.787568759643847]]]}},{"type":"Feature","properties":{"jobs":1947,"pop":3512,"pointCount":11,"homeWorkCommuteMedian":5706,"workHomeCommuteMedian":10099},"geometry":{"type":"Polygon","coordinates":[[[120.30048061489232,22.796561963281093],[120.30048061489232,22.80555516691834],[120.30947381852957,22.80555516691834],[120.30947381852957,22.796561963281093],[120.30048061489232,22.796561963281093]]]}},{"type":"Feature","properties":{"jobs":2278,"pop":1791,"pointCount":6,"homeWorkCommuteMedian":5769,"workHomeCommuteMedian":20662},"geometry":{"type":"Polygon","coordinates":[[[120.30048061489232,22.80555516691834],[120.30048061489232,22.814548370555585],[120.30947381852957,22.814548370555585],[120.30947381852957,22.80555516691834],[120.30048061489232,22.80555516691834]]]}},{"type":"Feature","properties":{"jobs":992,"pop":1563,"pointCount":12,"homeWorkCommuteMedian":5920,"workHomeCommuteMedian":8743},"geometry":{"type":"Polygon","coordinates":[[[120.30048061489232,22.814548370555585],[120.30048061489232,22.82354157419283],[120.30947381852957,22.82354157419283],[120.30947381852957,22.814548370555585],[120.30048061489232,22.814548370555585]]]}},{"type":"Feature","properties":{"jobs":1585,"pop":314,"pointCount":9,"homeWorkCommuteMedian":15612,"workHomeCommuteMedian":9099},"geometry":{"type":"Polygon","coordinates":[[[120.30048061489232,22.82354157419283],[120.30048061489232,22.832534777830077],[120.30947381852957,22.832534777830077],[120.30947381852957,22.82354157419283],[120.30048061489232,22.82354157419283]]]}},{"type":"Feature","properties":{"jobs":1145,"pop":0,"pointCount":1,"homeWorkCommuteMedian":-1,"workHomeCommuteMedian":12254},"geometry":{"type":"Polygon","coordinates":[[[120.30048061489232,22.832534777830077],[120.30048061489232,22.841527981467323],[120.30947381852957,22.841527981467323],[120.30947381852957,22.832534777830077],[120.30048061489232,22.832534777830077]]]}},{"type":"Feature","properties":{"jobs":198,"pop":0,"pointCount":1,"homeWorkCommuteMedian":-1,"workHomeCommuteMedian":15655},"geometry":{"type":"Polygon","coordinates":[[[120.30947381852957,22.544752261438205],[120.30947381852957,22.55374546507545],[120.31846702216681,22.55374546507545],[120.31846702216681,22.544752261438205],[120.30947381852957,22.544752261438205]]]}},{"type":"Feature","properties":{"jobs":324,"pop":0,"pointCount":3,"homeWorkCommuteMedian":-1,"workHomeCommuteMedian":6908},"geometry":{"type":"Polygon","coordinates":[[[120.30947381852957,22.55374546507545],[120.30947381852957,22.562738668712697],[120.31846702216681,22.562738668712697],[120.31846702216681,22.55374546507545],[120.30947381852957,22.55374546507545]]]}},{"type":"Feature","properties":{"jobs":3062,"pop":155,"pointCount":5,"homeWorkCommuteMedian":5019,"workHomeCommuteMedian":17434},"geometry":{"type":"Polygon","coordinates":[[[120.30947381852957,22.562738668712697],[120.30947381852957,22.571731872349943],[120.31846702216681,22.571731872349943],[120.31846702216681,22.562738668712697],[120.30947381852957,22.562738668712697]]]}},{"type":"Feature","properties":{"jobs":4288,"pop":192,"pointCount":8,"homeWorkCommuteMedian":9622,"workHomeCommuteMedian":5746},"geometry":{"type":"Polygon","coordinates":[[[120.30947381852957,22.571731872349943],[120.30947381852957,22.58072507598719],[120.31846702216681,22.58072507598719],[120.31846702216681,22.571731872349943],[120.30947381852957,22.571731872349943]]]}},{"type":"Feature","properties":{"jobs":2984,"pop":5482,"pointCount":20,"homeWorkCommuteMedian":4582,"workHomeCommuteMedian":5349},"geometry":{"type":"Polygon","coordinates":[[[120.30947381852957,22.58072507598719],[120.30947381852957,22.589718279624435],[120.31846702216681,22.589718279624435],[120.31846702216681,22.58072507598719],[120.30947381852957,22.58072507598719]]]}},{"type":"Feature","properties":{"jobs":2081,"pop":5642,"pointCount":12,"homeWorkCommuteMedian":4157,"workHomeCommuteMedian":5492},"geometry":{"type":"Polygon","coordinates":[[[120.30947381852957,22.589718279624435],[120.30947381852957,22.59871148326168],[120.31846702216681,22.59871148326168],[120.31846702216681,22.589718279624435],[120.30947381852957,22.589718279624435]]]}},{"type":"Feature","properties":{"jobs":7400,"pop":4508,"pointCount":5,"homeWorkCommuteMedian":3952,"workHomeCommuteMedian":5128},"geometry":{"type":"Polygon","coordinates":[[[120.30947381852957,22.59871148326168],[120.30947381852957,22.607704686898927],[120.31846702216681,22.607704686898927],[120.31846702216681,22.59871148326168],[120.30947381852957,22.59871148326168]]]}},{"type":"Feature","properties":{"jobs":13292,"pop":14348,"pointCount":18,"homeWorkCommuteMedian":3953,"workHomeCommuteMedian":6525},"geometry":{"type":"Polygon","coordinates":[[[120.30947381852957,22.607704686898927],[120.30947381852957,22.616697890536173],[120.31846702216681,22.616697890536173],[120.31846702216681,22.607704686898927],[120.30947381852957,22.607704686898927]]]}},{"type":"Feature","properties":{"jobs":13776,"pop":10791,"pointCount":16,"homeWorkCommuteMedian":2982,"workHomeCommuteMedian":4878},"geometry":{"type":"Polygon","coordinates":[[[120.30947381852957,22.616697890536173],[120.30947381852957,22.62569109417342],[120.31846702216681,22.62569109417342],[120.31846702216681,22.616697890536173],[120.30947381852957,22.616697890536173]]]}},{"type":"Feature","properties":{"jobs":18085,"pop":9729,"pointCount":20,"homeWorkCommuteMedian":3166,"workHomeCommuteMedian":6022},"geometry":{"type":"Polygon","coordinates":[[[120.30947381852957,22.62569109417342],[120.30947381852957,22.634684297810665],[120.31846702216681,22.634684297810665],[120.31846702216681,22.62569109417342],[120.30947381852957,22.62569109417342]]]}},{"type":"Feature","properties":{"jobs":8469,"pop":9664,"pointCount":18,"homeWorkCommuteMedian":3465,"workHomeCommuteMedian":4913},"geometry":{"type":"Polygon","coordinates":[[[120.30947381852957,22.634684297810665],[120.30947381852957,22.64367750144791],[120.31846702216681,22.64367750144791],[120.31846702216681,22.634684297810665],[120.30947381852957,22.634684297810665]]]}},{"type":"Feature","properties":{"jobs":19328,"pop":9566,"pointCount":14,"homeWorkCommuteMedian":3651,"workHomeCommuteMedian":3474},"geometry":{"type":"Polygon","coordinates":[[[120.30947381852957,22.64367750144791],[120.30947381852957,22.652670705085157],[120.31846702216681,22.652670705085157],[120.31846702216681,22.64367750144791],[120.30947381852957,22.64367750144791]]]}},{"type":"Feature","properties":{"jobs":13075,"pop":8783,"pointCount":13,"homeWorkCommuteMedian":3418,"workHomeCommuteMedian":5229},"geometry":{"type":"Polygon","coordinates":[[[120.30947381852957,22.652670705085157],[120.30947381852957,22.661663908722403],[120.31846702216681,22.661663908722403],[120.31846702216681,22.652670705085157],[120.30947381852957,22.652670705085157]]]}},{"type":"Feature","properties":{"jobs":7869,"pop":13503,"pointCount":13,"homeWorkCommuteMedian":4967,"workHomeCommuteMedian":5368},"geometry":{"type":"Polygon","coordinates":[[[120.30947381852957,22.661663908722403],[120.30947381852957,22.67065711235965],[120.31846702216681,22.67065711235965],[120.31846702216681,22.661663908722403],[120.30947381852957,22.661663908722403]]]}},{"type":"Feature","properties":{"jobs":6640,"pop":6271,"pointCount":12,"homeWorkCommuteMedian":3422,"workHomeCommuteMedian":4841},"geometry":{"type":"Polygon","coordinates":[[[120.30947381852957,22.67065711235965],[120.30947381852957,22.679650315996895],[120.31846702216681,22.679650315996895],[120.31846702216681,22.67065711235965],[120.30947381852957,22.67065711235965]]]}},{"type":"Feature","properties":{"jobs":11076,"pop":11579,"pointCount":18,"homeWorkCommuteMedian":5950,"workHomeCommuteMedian":5883},"geometry":{"type":"Polygon","coordinates":[[[120.30947381852957,22.679650315996895],[120.30947381852957,22.68864351963414],[120.31846702216681,22.68864351963414],[120.31846702216681,22.679650315996895],[120.30947381852957,22.679650315996895]]]}},{"type":"Feature","properties":{"jobs":1729,"pop":1079,"pointCount":3,"homeWorkCommuteMedian":7189,"workHomeCommuteMedian":6556},"geometry":{"type":"Polygon","coordinates":[[[120.30947381852957,22.68864351963414],[120.30947381852957,22.697636723271387],[120.31846702216681,22.697636723271387],[120.31846702216681,22.68864351963414],[120.30947381852957,22.68864351963414]]]}},{"type":"Feature","properties":{"jobs":266,"pop":0,"pointCount":1,"homeWorkCommuteMedian":-1,"workHomeCommuteMedian":4578},"geometry":{"type":"Polygon","coordinates":[[[120.30947381852957,22.697636723271387],[120.30947381852957,22.706629926908633],[120.31846702216681,22.706629926908633],[120.31846702216681,22.697636723271387],[120.30947381852957,22.697636723271387]]]}},{"type":"Feature","properties":{"jobs":514,"pop":1147,"pointCount":2,"homeWorkCommuteMedian":12739,"workHomeCommuteMedian":14651},"geometry":{"type":"Polygon","coordinates":[[[120.30947381852957,22.706629926908633],[120.30947381852957,22.71562313054588],[120.31846702216681,22.71562313054588],[120.31846702216681,22.706629926908633],[120.30947381852957,22.706629926908633]]]}},{"type":"Feature","properties":{"jobs":5177,"pop":6164,"pointCount":18,"homeWorkCommuteMedian":6121,"workHomeCommuteMedian":8530},"geometry":{"type":"Polygon","coordinates":[[[120.30947381852957,22.71562313054588],[120.30947381852957,22.724616334183125],[120.31846702216681,22.724616334183125],[120.31846702216681,22.71562313054588],[120.30947381852957,22.71562313054588]]]}},{"type":"Feature","properties":{"jobs":5935,"pop":2618,"pointCount":8,"homeWorkCommuteMedian":7829,"workHomeCommuteMedian":6198},"geometry":{"type":"Polygon","coordinates":[[[120.30947381852957,22.724616334183125],[120.30947381852957,22.73360953782037],[120.31846702216681,22.73360953782037],[120.31846702216681,22.724616334183125],[120.30947381852957,22.724616334183125]]]}},{"type":"Feature","properties":{"jobs":450,"pop":575,"pointCount":2,"homeWorkCommuteMedian":12824,"workHomeCommuteMedian":40266},"geometry":{"type":"Polygon","coordinates":[[[120.30947381852957,22.73360953782037],[120.30947381852957,22.742602741457617],[120.31846702216681,22.742602741457617],[120.31846702216681,22.73360953782037],[120.30947381852957,22.73360953782037]]]}},{"type":"Feature","properties":{"jobs":674,"pop":831,"pointCount":9,"homeWorkCommuteMedian":9611,"workHomeCommuteMedian":8970},"geometry":{"type":"Polygon","coordinates":[[[120.30947381852957,22.742602741457617],[120.30947381852957,22.751595945094863],[120.31846702216681,22.751595945094863],[120.31846702216681,22.742602741457617],[120.30947381852957,22.742602741457617]]]}},{"type":"Feature","properties":{"jobs":1158,"pop":1242,"pointCount":9,"homeWorkCommuteMedian":5717,"workHomeCommuteMedian":5792},"geometry":{"type":"Polygon","coordinates":[[[120.30947381852957,22.751595945094863],[120.30947381852957,22.76058914873211],[120.31846702216681,22.76058914873211],[120.31846702216681,22.751595945094863],[120.30947381852957,22.751595945094863]]]}},{"type":"Feature","properties":{"jobs":227,"pop":497,"pointCount":5,"homeWorkCommuteMedian":5027,"workHomeCommuteMedian":9412},"geometry":{"type":"Polygon","coordinates":[[[120.30947381852957,22.76058914873211],[120.30947381852957,22.769582352369355],[120.31846702216681,22.769582352369355],[120.31846702216681,22.76058914873211],[120.30947381852957,22.76058914873211]]]}},{"type":"Feature","properties":{"jobs":120,"pop":894,"pointCount":7,"homeWorkCommuteMedian":8188,"workHomeCommuteMedian":8275},"geometry":{"type":"Polygon","coordinates":[[[120.30947381852957,22.769582352369355],[120.30947381852957,22.7785755560066],[120.31846702216681,22.7785755560066],[120.31846702216681,22.769582352369355],[120.30947381852957,22.769582352369355]]]}},{"type":"Feature","properties":{"jobs":1078,"pop":59,"pointCount":6,"homeWorkCommuteMedian":26863,"workHomeCommuteMedian":9228},"geometry":{"type":"Polygon","coordinates":[[[120.30947381852957,22.7785755560066],[120.30947381852957,22.787568759643847],[120.31846702216681,22.787568759643847],[120.31846702216681,22.7785755560066],[120.30947381852957,22.7785755560066]]]}},{"type":"Feature","properties":{"jobs":1667,"pop":109,"pointCount":7,"homeWorkCommuteMedian":23908,"workHomeCommuteMedian":17021},"geometry":{"type":"Polygon","coordinates":[[[120.30947381852957,22.787568759643847],[120.30947381852957,22.796561963281093],[120.31846702216681,22.796561963281093],[120.31846702216681,22.787568759643847],[120.30947381852957,22.787568759643847]]]}},{"type":"Feature","properties":{"jobs":2686,"pop":0,"pointCount":4,"homeWorkCommuteMedian":-1,"workHomeCommuteMedian":14339},"geometry":{"type":"Polygon","coordinates":[[[120.30947381852957,22.796561963281093],[120.30947381852957,22.80555516691834],[120.31846702216681,22.80555516691834],[120.31846702216681,22.796561963281093],[120.30947381852957,22.796561963281093]]]}},{"type":"Feature","properties":{"jobs":376,"pop":122,"pointCount":3,"homeWorkCommuteMedian":6274,"workHomeCommuteMedian":4933},"geometry":{"type":"Polygon","coordinates":[[[120.30947381852957,22.80555516691834],[120.30947381852957,22.814548370555585],[120.31846702216681,22.814548370555585],[120.31846702216681,22.80555516691834],[120.30947381852957,22.80555516691834]]]}},{"type":"Feature","properties":{"jobs":1112,"pop":90,"pointCount":7,"homeWorkCommuteMedian":7384,"workHomeCommuteMedian":11591},"geometry":{"type":"Polygon","coordinates":[[[120.30947381852957,22.814548370555585],[120.30947381852957,22.82354157419283],[120.31846702216681,22.82354157419283],[120.31846702216681,22.814548370555585],[120.30947381852957,22.814548370555585]]]}},{"type":"Feature","properties":{"jobs":743,"pop":942,"pointCount":10,"homeWorkCommuteMedian":7404,"workHomeCommuteMedian":6539},"geometry":{"type":"Polygon","coordinates":[[[120.30947381852957,22.82354157419283],[120.30947381852957,22.832534777830077],[120.31846702216681,22.832534777830077],[120.31846702216681,22.82354157419283],[120.30947381852957,22.82354157419283]]]}},{"type":"Feature","properties":{"jobs":193,"pop":0,"pointCount":3,"homeWorkCommuteMedian":-1,"workHomeCommuteMedian":17780},"geometry":{"type":"Polygon","coordinates":[[[120.31846702216681,22.526765854163713],[120.31846702216681,22.53575905780096],[120.32746022580406,22.53575905780096],[120.32746022580406,22.526765854163713],[120.31846702216681,22.526765854163713]]]}},{"type":"Feature","properties":{"jobs":207,"pop":0,"pointCount":3,"homeWorkCommuteMedian":-1,"workHomeCommuteMedian":11019},"geometry":{"type":"Polygon","coordinates":[[[120.31846702216681,22.53575905780096],[120.31846702216681,22.544752261438205],[120.32746022580406,22.544752261438205],[120.32746022580406,22.53575905780096],[120.31846702216681,22.53575905780096]]]}},{"type":"Feature","properties":{"jobs":1320,"pop":0,"pointCount":2,"homeWorkCommuteMedian":-1,"workHomeCommuteMedian":11992},"geometry":{"type":"Polygon","coordinates":[[[120.31846702216681,22.55374546507545],[120.31846702216681,22.562738668712697],[120.32746022580406,22.562738668712697],[120.32746022580406,22.55374546507545],[120.31846702216681,22.55374546507545]]]}},{"type":"Feature","properties":{"jobs":5562,"pop":1162,"pointCount":7,"homeWorkCommuteMedian":6221,"workHomeCommuteMedian":9192},"geometry":{"type":"Polygon","coordinates":[[[120.31846702216681,22.562738668712697],[120.31846702216681,22.571731872349943],[120.32746022580406,22.571731872349943],[120.32746022580406,22.562738668712697],[120.31846702216681,22.562738668712697]]]}},{"type":"Feature","properties":{"jobs":4623,"pop":7067,"pointCount":14,"homeWorkCommuteMedian":5155,"workHomeCommuteMedian":8556},"geometry":{"type":"Polygon","coordinates":[[[120.31846702216681,22.571731872349943],[120.31846702216681,22.58072507598719],[120.32746022580406,22.58072507598719],[120.32746022580406,22.571731872349943],[120.31846702216681,22.571731872349943]]]}},{"type":"Feature","properties":{"jobs":1732,"pop":6112,"pointCount":11,"homeWorkCommuteMedian":6164,"workHomeCommuteMedian":5797},"geometry":{"type":"Polygon","coordinates":[[[120.31846702216681,22.58072507598719],[120.31846702216681,22.589718279624435],[120.32746022580406,22.589718279624435],[120.32746022580406,22.58072507598719],[120.31846702216681,22.58072507598719]]]}},{"type":"Feature","properties":{"jobs":4051,"pop":6921,"pointCount":13,"homeWorkCommuteMedian":5239,"workHomeCommuteMedian":6534},"geometry":{"type":"Polygon","coordinates":[[[120.31846702216681,22.589718279624435],[120.31846702216681,22.59871148326168],[120.32746022580406,22.59871148326168],[120.32746022580406,22.589718279624435],[120.31846702216681,22.589718279624435]]]}},{"type":"Feature","properties":{"jobs":3671,"pop":7930,"pointCount":16,"homeWorkCommuteMedian":4821,"workHomeCommuteMedian":4168},"geometry":{"type":"Polygon","coordinates":[[[120.31846702216681,22.59871148326168],[120.31846702216681,22.607704686898927],[120.32746022580406,22.607704686898927],[120.32746022580406,22.59871148326168],[120.31846702216681,22.59871148326168]]]}},{"type":"Feature","properties":{"jobs":6017,"pop":10637,"pointCount":21,"homeWorkCommuteMedian":4472,"workHomeCommuteMedian":6731},"geometry":{"type":"Polygon","coordinates":[[[120.31846702216681,22.607704686898927],[120.31846702216681,22.616697890536173],[120.32746022580406,22.616697890536173],[120.32746022580406,22.607704686898927],[120.31846702216681,22.607704686898927]]]}},{"type":"Feature","properties":{"jobs":6670,"pop":8324,"pointCount":21,"homeWorkCommuteMedian":3241,"workHomeCommuteMedian":4633},"geometry":{"type":"Polygon","coordinates":[[[120.31846702216681,22.616697890536173],[120.31846702216681,22.62569109417342],[120.32746022580406,22.62569109417342],[120.32746022580406,22.616697890536173],[120.31846702216681,22.616697890536173]]]}},{"type":"Feature","properties":{"jobs":17826,"pop":7707,"pointCount":18,"homeWorkCommuteMedian":3423,"workHomeCommuteMedian":5475},"geometry":{"type":"Polygon","coordinates":[[[120.31846702216681,22.62569109417342],[120.31846702216681,22.634684297810665],[120.32746022580406,22.634684297810665],[120.32746022580406,22.62569109417342],[120.31846702216681,22.62569109417342]]]}},{"type":"Feature","properties":{"jobs":4703,"pop":9138,"pointCount":14,"homeWorkCommuteMedian":4400,"workHomeCommuteMedian":3559},"geometry":{"type":"Polygon","coordinates":[[[120.31846702216681,22.634684297810665],[120.31846702216681,22.64367750144791],[120.32746022580406,22.64367750144791],[120.32746022580406,22.634684297810665],[120.31846702216681,22.634684297810665]]]}},{"type":"Feature","properties":{"jobs":9124,"pop":11114,"pointCount":11,"homeWorkCommuteMedian":3396,"workHomeCommuteMedian":5044},"geometry":{"type":"Polygon","coordinates":[[[120.31846702216681,22.64367750144791],[120.31846702216681,22.652670705085157],[120.32746022580406,22.652670705085157],[120.32746022580406,22.64367750144791],[120.31846702216681,22.64367750144791]]]}},{"type":"Feature","properties":{"jobs":4740,"pop":9035,"pointCount":17,"homeWorkCommuteMedian":4148,"workHomeCommuteMedian":3892},"geometry":{"type":"Polygon","coordinates":[[[120.31846702216681,22.652670705085157],[120.31846702216681,22.661663908722403],[120.32746022580406,22.661663908722403],[120.32746022580406,22.652670705085157],[120.31846702216681,22.652670705085157]]]}},{"type":"Feature","properties":{"jobs":10961,"pop":10168,"pointCount":18,"homeWorkCommuteMedian":4875,"workHomeCommuteMedian":5313},"geometry":{"type":"Polygon","coordinates":[[[120.31846702216681,22.661663908722403],[120.31846702216681,22.67065711235965],[120.32746022580406,22.67065711235965],[120.32746022580406,22.661663908722403],[120.31846702216681,22.661663908722403]]]}},{"type":"Feature","properties":{"jobs":9529,"pop":7656,"pointCount":14,"homeWorkCommuteMedian":6322,"workHomeCommuteMedian":4954},"geometry":{"type":"Polygon","coordinates":[[[120.31846702216681,22.67065711235965],[120.31846702216681,22.679650315996895],[120.32746022580406,22.679650315996895],[120.32746022580406,22.67065711235965],[120.31846702216681,22.67065711235965]]]}},{"type":"Feature","properties":{"jobs":6765,"pop":7563,"pointCount":10,"homeWorkCommuteMedian":5796,"workHomeCommuteMedian":5251},"geometry":{"type":"Polygon","coordinates":[[[120.31846702216681,22.679650315996895],[120.31846702216681,22.68864351963414],[120.32746022580406,22.68864351963414],[120.32746022580406,22.679650315996895],[120.31846702216681,22.679650315996895]]]}},{"type":"Feature","properties":{"jobs":2181,"pop":2059,"pointCount":7,"homeWorkCommuteMedian":5879,"workHomeCommuteMedian":8891},"geometry":{"type":"Polygon","coordinates":[[[120.31846702216681,22.68864351963414],[120.31846702216681,22.697636723271387],[120.32746022580406,22.697636723271387],[120.32746022580406,22.68864351963414],[120.31846702216681,22.68864351963414]]]}},{"type":"Feature","properties":{"jobs":3103,"pop":0,"pointCount":6,"homeWorkCommuteMedian":-1,"workHomeCommuteMedian":7198},"geometry":{"type":"Polygon","coordinates":[[[120.31846702216681,22.697636723271387],[120.31846702216681,22.706629926908633],[120.32746022580406,22.706629926908633],[120.32746022580406,22.697636723271387],[120.31846702216681,22.697636723271387]]]}},{"type":"Feature","properties":{"jobs":3833,"pop":975,"pointCount":5,"homeWorkCommuteMedian":4742,"workHomeCommuteMedian":10551},"geometry":{"type":"Polygon","coordinates":[[[120.31846702216681,22.706629926908633],[120.31846702216681,22.71562313054588],[120.32746022580406,22.71562313054588],[120.32746022580406,22.706629926908633],[120.31846702216681,22.706629926908633]]]}},{"type":"Feature","properties":{"jobs":642,"pop":582,"pointCount":3,"homeWorkCommuteMedian":4578,"workHomeCommuteMedian":26990},"geometry":{"type":"Polygon","coordinates":[[[120.31846702216681,22.71562313054588],[120.31846702216681,22.724616334183125],[120.32746022580406,22.724616334183125],[120.32746022580406,22.71562313054588],[120.31846702216681,22.71562313054588]]]}},{"type":"Feature","properties":{"jobs":7247,"pop":7751,"pointCount":16,"homeWorkCommuteMedian":6732,"workHomeCommuteMedian":9144},"geometry":{"type":"Polygon","coordinates":[[[120.31846702216681,22.724616334183125],[120.31846702216681,22.73360953782037],[120.32746022580406,22.73360953782037],[120.32746022580406,22.724616334183125],[120.31846702216681,22.724616334183125]]]}},{"type":"Feature","properties":{"jobs":1776,"pop":2378,"pointCount":6,"homeWorkCommuteMedian":4959,"workHomeCommuteMedian":7045},"geometry":{"type":"Polygon","coordinates":[[[120.31846702216681,22.73360953782037],[120.31846702216681,22.742602741457617],[120.32746022580406,22.742602741457617],[120.32746022580406,22.73360953782037],[120.31846702216681,22.73360953782037]]]}},{"type":"Feature","properties":{"jobs":60,"pop":0,"pointCount":1,"homeWorkCommuteMedian":-1,"workHomeCommuteMedian":13965},"geometry":{"type":"Polygon","coordinates":[[[120.31846702216681,22.742602741457617],[120.31846702216681,22.751595945094863],[120.32746022580406,22.751595945094863],[120.32746022580406,22.742602741457617],[120.31846702216681,22.742602741457617]]]}},{"type":"Feature","properties":{"jobs":352,"pop":278,"pointCount":7,"homeWorkCommuteMedian":19724,"workHomeCommuteMedian":7588},"geometry":{"type":"Polygon","coordinates":[[[120.31846702216681,22.76058914873211],[120.31846702216681,22.769582352369355],[120.32746022580406,22.769582352369355],[120.32746022580406,22.76058914873211],[120.31846702216681,22.76058914873211]]]}},{"type":"Feature","properties":{"jobs":0,"pop":422,"pointCount":4,"homeWorkCommuteMedian":9841,"workHomeCommuteMedian":-1},"geometry":{"type":"Polygon","coordinates":[[[120.31846702216681,22.769582352369355],[120.31846702216681,22.7785755560066],[120.32746022580406,22.7785755560066],[120.32746022580406,22.769582352369355],[120.31846702216681,22.769582352369355]]]}},{"type":"Feature","properties":{"jobs":330,"pop":0,"pointCount":1,"homeWorkCommuteMedian":-1,"workHomeCommuteMedian":22231},"geometry":{"type":"Polygon","coordinates":[[[120.31846702216681,22.7785755560066],[120.31846702216681,22.787568759643847],[120.32746022580406,22.787568759643847],[120.32746022580406,22.7785755560066],[120.31846702216681,22.7785755560066]]]}},{"type":"Feature","properties":{"jobs":842,"pop":68,"pointCount":6,"homeWorkCommuteMedian":22185,"workHomeCommuteMedian":37473},"geometry":{"type":"Polygon","coordinates":[[[120.31846702216681,22.787568759643847],[120.31846702216681,22.796561963281093],[120.32746022580406,22.796561963281093],[120.32746022580406,22.787568759643847],[120.31846702216681,22.787568759643847]]]}},{"type":"Feature","properties":{"jobs":221,"pop":692,"pointCount":7,"homeWorkCommuteMedian":8992,"workHomeCommuteMedian":21905},"geometry":{"type":"Polygon","coordinates":[[[120.31846702216681,22.796561963281093],[120.31846702216681,22.80555516691834],[120.32746022580406,22.80555516691834],[120.32746022580406,22.796561963281093],[120.31846702216681,22.796561963281093]]]}},{"type":"Feature","properties":{"jobs":2038,"pop":0,"pointCount":11,"homeWorkCommuteMedian":-1,"workHomeCommuteMedian":12264},"geometry":{"type":"Polygon","coordinates":[[[120.31846702216681,22.80555516691834],[120.31846702216681,22.814548370555585],[120.32746022580406,22.814548370555585],[120.32746022580406,22.80555516691834],[120.31846702216681,22.80555516691834]]]}},{"type":"Feature","properties":{"jobs":1022,"pop":241,"pointCount":11,"homeWorkCommuteMedian":8484,"workHomeCommuteMedian":15233},"geometry":{"type":"Polygon","coordinates":[[[120.31846702216681,22.814548370555585],[120.31846702216681,22.82354157419283],[120.32746022580406,22.82354157419283],[120.32746022580406,22.814548370555585],[120.31846702216681,22.814548370555585]]]}},{"type":"Feature","properties":{"jobs":114,"pop":626,"pointCount":5,"homeWorkCommuteMedian":7018,"workHomeCommuteMedian":31981},"geometry":{"type":"Polygon","coordinates":[[[120.31846702216681,22.82354157419283],[120.31846702216681,22.832534777830077],[120.32746022580406,22.832534777830077],[120.32746022580406,22.82354157419283],[120.31846702216681,22.82354157419283]]]}},{"type":"Feature","properties":{"jobs":68,"pop":176,"pointCount":3,"homeWorkCommuteMedian":7946,"workHomeCommuteMedian":6829},"geometry":{"type":"Polygon","coordinates":[[[120.31846702216681,22.832534777830077],[120.31846702216681,22.841527981467323],[120.32746022580406,22.841527981467323],[120.32746022580406,22.832534777830077],[120.31846702216681,22.832534777830077]]]}},{"type":"Feature","properties":{"jobs":1288,"pop":0,"pointCount":5,"homeWorkCommuteMedian":-1,"workHomeCommuteMedian":13204},"geometry":{"type":"Polygon","coordinates":[[[120.32746022580406,22.526765854163713],[120.32746022580406,22.53575905780096],[120.3364534294413,22.53575905780096],[120.3364534294413,22.526765854163713],[120.32746022580406,22.526765854163713]]]}},{"type":"Feature","properties":{"jobs":1437,"pop":0,"pointCount":3,"homeWorkCommuteMedian":-1,"workHomeCommuteMedian":9985},"geometry":{"type":"Polygon","coordinates":[[[120.32746022580406,22.53575905780096],[120.32746022580406,22.544752261438205],[120.3364534294413,22.544752261438205],[120.3364534294413,22.53575905780096],[120.32746022580406,22.53575905780096]]]}},{"type":"Feature","properties":{"jobs":689,"pop":2217,"pointCount":4,"homeWorkCommuteMedian":9824,"workHomeCommuteMedian":22452},"geometry":{"type":"Polygon","coordinates":[[[120.32746022580406,22.55374546507545],[120.32746022580406,22.562738668712697],[120.3364534294413,22.562738668712697],[120.3364534294413,22.55374546507545],[120.32746022580406,22.55374546507545]]]}},{"type":"Feature","properties":{"jobs":4308,"pop":7204,"pointCount":16,"homeWorkCommuteMedian":6818,"workHomeCommuteMedian":7233},"geometry":{"type":"Polygon","coordinates":[[[120.32746022580406,22.562738668712697],[120.32746022580406,22.571731872349943],[120.3364534294413,22.571731872349943],[120.3364534294413,22.562738668712697],[120.32746022580406,22.562738668712697]]]}},{"type":"Feature","properties":{"jobs":486,"pop":1405,"pointCount":4,"homeWorkCommuteMedian":4147,"workHomeCommuteMedian":9517},"geometry":{"type":"Polygon","coordinates":[[[120.32746022580406,22.571731872349943],[120.32746022580406,22.58072507598719],[120.3364534294413,22.58072507598719],[120.3364534294413,22.571731872349943],[120.32746022580406,22.571731872349943]]]}},{"type":"Feature","properties":{"jobs":3839,"pop":3344,"pointCount":13,"homeWorkCommuteMedian":6545,"workHomeCommuteMedian":4921},"geometry":{"type":"Polygon","coordinates":[[[120.32746022580406,22.58072507598719],[120.32746022580406,22.589718279624435],[120.3364534294413,22.589718279624435],[120.3364534294413,22.58072507598719],[120.32746022580406,22.58072507598719]]]}},{"type":"Feature","properties":{"jobs":3729,"pop":11559,"pointCount":19,"homeWorkCommuteMedian":5529,"workHomeCommuteMedian":5762},"geometry":{"type":"Polygon","coordinates":[[[120.32746022580406,22.589718279624435],[120.32746022580406,22.59871148326168],[120.3364534294413,22.59871148326168],[120.3364534294413,22.589718279624435],[120.32746022580406,22.589718279624435]]]}},{"type":"Feature","properties":{"jobs":7695,"pop":14770,"pointCount":18,"homeWorkCommuteMedian":5364,"workHomeCommuteMedian":4993},"geometry":{"type":"Polygon","coordinates":[[[120.32746022580406,22.59871148326168],[120.32746022580406,22.607704686898927],[120.3364534294413,22.607704686898927],[120.3364534294413,22.59871148326168],[120.32746022580406,22.59871148326168]]]}},{"type":"Feature","properties":{"jobs":5831,"pop":13166,"pointCount":15,"homeWorkCommuteMedian":4690,"workHomeCommuteMedian":5275},"geometry":{"type":"Polygon","coordinates":[[[120.32746022580406,22.607704686898927],[120.32746022580406,22.616697890536173],[120.3364534294413,22.616697890536173],[120.3364534294413,22.607704686898927],[120.32746022580406,22.607704686898927]]]}},{"type":"Feature","properties":{"jobs":5984,"pop":10275,"pointCount":19,"homeWorkCommuteMedian":5669,"workHomeCommuteMedian":6221},"geometry":{"type":"Polygon","coordinates":[[[120.32746022580406,22.616697890536173],[120.32746022580406,22.62569109417342],[120.3364534294413,22.62569109417342],[120.3364534294413,22.616697890536173],[120.32746022580406,22.616697890536173]]]}},{"type":"Feature","properties":{"jobs":10762,"pop":10714,"pointCount":16,"homeWorkCommuteMedian":4498,"workHomeCommuteMedian":5671},"geometry":{"type":"Polygon","coordinates":[[[120.32746022580406,22.62569109417342],[120.32746022580406,22.634684297810665],[120.3364534294413,22.634684297810665],[120.3364534294413,22.62569109417342],[120.32746022580406,22.62569109417342]]]}},{"type":"Feature","properties":{"jobs":10039,"pop":10924,"pointCount":14,"homeWorkCommuteMedian":3922,"workHomeCommuteMedian":4204},"geometry":{"type":"Polygon","coordinates":[[[120.32746022580406,22.634684297810665],[120.32746022580406,22.64367750144791],[120.3364534294413,22.64367750144791],[120.3364534294413,22.634684297810665],[120.32746022580406,22.634684297810665]]]}},{"type":"Feature","properties":{"jobs":10629,"pop":15468,"pointCount":15,"homeWorkCommuteMedian":4196,"workHomeCommuteMedian":3958},"geometry":{"type":"Polygon","coordinates":[[[120.32746022580406,22.64367750144791],[120.32746022580406,22.652670705085157],[120.3364534294413,22.652670705085157],[120.3364534294413,22.64367750144791],[120.32746022580406,22.64367750144791]]]}},{"type":"Feature","properties":{"jobs":3937,"pop":7721,"pointCount":12,"homeWorkCommuteMedian":3559,"workHomeCommuteMedian":4164},"geometry":{"type":"Polygon","coordinates":[[[120.32746022580406,22.652670705085157],[120.32746022580406,22.661663908722403],[120.3364534294413,22.661663908722403],[120.3364534294413,22.652670705085157],[120.32746022580406,22.652670705085157]]]}},{"type":"Feature","properties":{"jobs":1168,"pop":262,"pointCount":3,"homeWorkCommuteMedian":6277,"workHomeCommuteMedian":4753},"geometry":{"type":"Polygon","coordinates":[[[120.32746022580406,22.661663908722403],[120.32746022580406,22.67065711235965],[120.3364534294413,22.67065711235965],[120.3364534294413,22.661663908722403],[120.32746022580406,22.661663908722403]]]}},{"type":"Feature","properties":{"jobs":2198,"pop":1600,"pointCount":7,"homeWorkCommuteMedian":7215,"workHomeCommuteMedian":6987},"geometry":{"type":"Polygon","coordinates":[[[120.32746022580406,22.67065711235965],[120.32746022580406,22.679650315996895],[120.3364534294413,22.679650315996895],[120.3364534294413,22.67065711235965],[120.32746022580406,22.67065711235965]]]}},{"type":"Feature","properties":{"jobs":1890,"pop":5048,"pointCount":13,"homeWorkCommuteMedian":6450,"workHomeCommuteMedian":10145},"geometry":{"type":"Polygon","coordinates":[[[120.32746022580406,22.679650315996895],[120.32746022580406,22.68864351963414],[120.3364534294413,22.68864351963414],[120.3364534294413,22.679650315996895],[120.32746022580406,22.679650315996895]]]}},{"type":"Feature","properties":{"jobs":1243,"pop":4926,"pointCount":12,"homeWorkCommuteMedian":6356,"workHomeCommuteMedian":8650},"geometry":{"type":"Polygon","coordinates":[[[120.32746022580406,22.68864351963414],[120.32746022580406,22.697636723271387],[120.3364534294413,22.697636723271387],[120.3364534294413,22.68864351963414],[120.32746022580406,22.68864351963414]]]}},{"type":"Feature","properties":{"jobs":1843,"pop":184,"pointCount":7,"homeWorkCommuteMedian":13567,"workHomeCommuteMedian":8774},"geometry":{"type":"Polygon","coordinates":[[[120.32746022580406,22.697636723271387],[120.32746022580406,22.706629926908633],[120.3364534294413,22.706629926908633],[120.3364534294413,22.697636723271387],[120.32746022580406,22.697636723271387]]]}},{"type":"Feature","properties":{"jobs":3122,"pop":1075,"pointCount":9,"homeWorkCommuteMedian":6681,"workHomeCommuteMedian":8051},"geometry":{"type":"Polygon","coordinates":[[[120.32746022580406,22.706629926908633],[120.32746022580406,22.71562313054588],[120.3364534294413,22.71562313054588],[120.3364534294413,22.706629926908633],[120.32746022580406,22.706629926908633]]]}},{"type":"Feature","properties":{"jobs":4011,"pop":1406,"pointCount":5,"homeWorkCommuteMedian":3817,"workHomeCommuteMedian":6294},"geometry":{"type":"Polygon","coordinates":[[[120.32746022580406,22.71562313054588],[120.32746022580406,22.724616334183125],[120.3364534294413,22.724616334183125],[120.3364534294413,22.71562313054588],[120.32746022580406,22.71562313054588]]]}},{"type":"Feature","properties":{"jobs":9828,"pop":5650,"pointCount":14,"homeWorkCommuteMedian":7268,"workHomeCommuteMedian":7604},"geometry":{"type":"Polygon","coordinates":[[[120.32746022580406,22.724616334183125],[120.32746022580406,22.73360953782037],[120.3364534294413,22.73360953782037],[120.3364534294413,22.724616334183125],[120.32746022580406,22.724616334183125]]]}},{"type":"Feature","properties":{"jobs":4323,"pop":4735,"pointCount":12,"homeWorkCommuteMedian":6018,"workHomeCommuteMedian":7266},"geometry":{"type":"Polygon","coordinates":[[[120.32746022580406,22.73360953782037],[120.32746022580406,22.742602741457617],[120.3364534294413,22.742602741457617],[120.3364534294413,22.73360953782037],[120.32746022580406,22.73360953782037]]]}},{"type":"Feature","properties":{"jobs":2494,"pop":3701,"pointCount":12,"homeWorkCommuteMedian":9167,"workHomeCommuteMedian":7827},"geometry":{"type":"Polygon","coordinates":[[[120.32746022580406,22.742602741457617],[120.32746022580406,22.751595945094863],[120.3364534294413,22.751595945094863],[120.3364534294413,22.742602741457617],[120.32746022580406,22.742602741457617]]]}},{"type":"Feature","properties":{"jobs":462,"pop":0,"pointCount":3,"homeWorkCommuteMedian":-1,"workHomeCommuteMedian":8253},"geometry":{"type":"Polygon","coordinates":[[[120.32746022580406,22.751595945094863],[120.32746022580406,22.76058914873211],[120.3364534294413,22.76058914873211],[120.3364534294413,22.751595945094863],[120.32746022580406,22.751595945094863]]]}},{"type":"Feature","properties":{"jobs":151,"pop":76,"pointCount":3,"homeWorkCommuteMedian":41550,"workHomeCommuteMedian":6279},"geometry":{"type":"Polygon","coordinates":[[[120.32746022580406,22.76058914873211],[120.32746022580406,22.769582352369355],[120.3364534294413,22.769582352369355],[120.3364534294413,22.76058914873211],[120.32746022580406,22.76058914873211]]]}},{"type":"Feature","properties":{"jobs":736,"pop":195,"pointCount":4,"homeWorkCommuteMedian":3934,"workHomeCommuteMedian":4294},"geometry":{"type":"Polygon","coordinates":[[[120.32746022580406,22.769582352369355],[120.32746022580406,22.7785755560066],[120.3364534294413,22.7785755560066],[120.3364534294413,22.769582352369355],[120.32746022580406,22.769582352369355]]]}},{"type":"Feature","properties":{"jobs":534,"pop":0,"pointCount":3,"homeWorkCommuteMedian":-1,"workHomeCommuteMedian":15673},"geometry":{"type":"Polygon","coordinates":[[[120.32746022580406,22.7785755560066],[120.32746022580406,22.787568759643847],[120.3364534294413,22.787568759643847],[120.3364534294413,22.7785755560066],[120.32746022580406,22.7785755560066]]]}},{"type":"Feature","properties":{"jobs":763,"pop":195,"pointCount":7,"homeWorkCommuteMedian":11558,"workHomeCommuteMedian":10575},"geometry":{"type":"Polygon","coordinates":[[[120.32746022580406,22.787568759643847],[120.32746022580406,22.796561963281093],[120.3364534294413,22.796561963281093],[120.3364534294413,22.787568759643847],[120.32746022580406,22.787568759643847]]]}},{"type":"Feature","properties":{"jobs":0,"pop":579,"pointCount":3,"homeWorkCommuteMedian":8369,"workHomeCommuteMedian":-1},"geometry":{"type":"Polygon","coordinates":[[[120.32746022580406,22.796561963281093],[120.32746022580406,22.80555516691834],[120.3364534294413,22.80555516691834],[120.3364534294413,22.796561963281093],[120.32746022580406,22.796561963281093]]]}},{"type":"Feature","properties":{"jobs":161,"pop":113,"pointCount":2,"homeWorkCommuteMedian":9460,"workHomeCommuteMedian":8120},"geometry":{"type":"Polygon","coordinates":[[[120.32746022580406,22.80555516691834],[120.32746022580406,22.814548370555585],[120.3364534294413,22.814548370555585],[120.3364534294413,22.80555516691834],[120.32746022580406,22.80555516691834]]]}},{"type":"Feature","properties":{"jobs":88,"pop":0,"pointCount":1,"homeWorkCommuteMedian":-1,"workHomeCommuteMedian":21201},"geometry":{"type":"Polygon","coordinates":[[[120.32746022580406,22.814548370555585],[120.32746022580406,22.82354157419283],[120.3364534294413,22.82354157419283],[120.3364534294413,22.814548370555585],[120.32746022580406,22.814548370555585]]]}},{"type":"Feature","properties":{"jobs":415,"pop":26,"pointCount":4,"homeWorkCommuteMedian":26690,"workHomeCommuteMedian":23723},"geometry":{"type":"Polygon","coordinates":[[[120.32746022580406,22.82354157419283],[120.32746022580406,22.832534777830077],[120.3364534294413,22.832534777830077],[120.3364534294413,22.82354157419283],[120.32746022580406,22.82354157419283]]]}},{"type":"Feature","properties":{"jobs":101,"pop":98,"pointCount":3,"homeWorkCommuteMedian":23534,"workHomeCommuteMedian":29019},"geometry":{"type":"Polygon","coordinates":[[[120.32746022580406,22.832534777830077],[120.32746022580406,22.841527981467323],[120.3364534294413,22.841527981467323],[120.3364534294413,22.832534777830077],[120.32746022580406,22.832534777830077]]]}},{"type":"Feature","properties":{"jobs":436,"pop":2000,"pointCount":6,"homeWorkCommuteMedian":8244,"workHomeCommuteMedian":14068},"geometry":{"type":"Polygon","coordinates":[[[120.3364534294413,22.517772650526467],[120.3364534294413,22.526765854163713],[120.34544663307855,22.526765854163713],[120.34544663307855,22.517772650526467],[120.3364534294413,22.517772650526467]]]}},{"type":"Feature","properties":{"jobs":442,"pop":2928,"pointCount":8,"homeWorkCommuteMedian":7654,"workHomeCommuteMedian":9262},"geometry":{"type":"Polygon","coordinates":[[[120.3364534294413,22.526765854163713],[120.3364534294413,22.53575905780096],[120.34544663307855,22.53575905780096],[120.34544663307855,22.526765854163713],[120.3364534294413,22.526765854163713]]]}},{"type":"Feature","properties":{"jobs":40,"pop":0,"pointCount":1,"homeWorkCommuteMedian":-1,"workHomeCommuteMedian":10145},"geometry":{"type":"Polygon","coordinates":[[[120.3364534294413,22.53575905780096],[120.3364534294413,22.544752261438205],[120.34544663307855,22.544752261438205],[120.34544663307855,22.53575905780096],[120.3364534294413,22.53575905780096]]]}},{"type":"Feature","properties":{"jobs":1570,"pop":0,"pointCount":2,"homeWorkCommuteMedian":-1,"workHomeCommuteMedian":8717},"geometry":{"type":"Polygon","coordinates":[[[120.3364534294413,22.544752261438205],[120.3364534294413,22.55374546507545],[120.34544663307855,22.55374546507545],[120.34544663307855,22.544752261438205],[120.3364534294413,22.544752261438205]]]}},{"type":"Feature","properties":{"jobs":1964,"pop":303,"pointCount":7,"homeWorkCommuteMedian":3598,"workHomeCommuteMedian":8984},"geometry":{"type":"Polygon","coordinates":[[[120.3364534294413,22.55374546507545],[120.3364534294413,22.562738668712697],[120.34544663307855,22.562738668712697],[120.34544663307855,22.55374546507545],[120.3364534294413,22.55374546507545]]]}},{"type":"Feature","properties":{"jobs":12607,"pop":2368,"pointCount":14,"homeWorkCommuteMedian":5757,"workHomeCommuteMedian":11431},"geometry":{"type":"Polygon","coordinates":[[[120.3364534294413,22.562738668712697],[120.3364534294413,22.571731872349943],[120.34544663307855,22.571731872349943],[120.34544663307855,22.562738668712697],[120.3364534294413,22.562738668712697]]]}},{"type":"Feature","properties":{"jobs":164,"pop":0,"pointCount":1,"homeWorkCommuteMedian":-1,"workHomeCommuteMedian":4665},"geometry":{"type":"Polygon","coordinates":[[[120.3364534294413,22.571731872349943],[120.3364534294413,22.58072507598719],[120.34544663307855,22.58072507598719],[120.34544663307855,22.571731872349943],[120.3364534294413,22.571731872349943]]]}},{"type":"Feature","properties":{"jobs":949,"pop":1927,"pointCount":9,"homeWorkCommuteMedian":6525,"workHomeCommuteMedian":13291},"geometry":{"type":"Polygon","coordinates":[[[120.3364534294413,22.58072507598719],[120.3364534294413,22.589718279624435],[120.34544663307855,22.589718279624435],[120.34544663307855,22.58072507598719],[120.3364534294413,22.58072507598719]]]}},{"type":"Feature","properties":{"jobs":2598,"pop":6217,"pointCount":11,"homeWorkCommuteMedian":6816,"workHomeCommuteMedian":4378},"geometry":{"type":"Polygon","coordinates":[[[120.3364534294413,22.589718279624435],[120.3364534294413,22.59871148326168],[120.34544663307855,22.59871148326168],[120.34544663307855,22.589718279624435],[120.3364534294413,22.589718279624435]]]}},{"type":"Feature","properties":{"jobs":4143,"pop":9179,"pointCount":13,"homeWorkCommuteMedian":5260,"workHomeCommuteMedian":4042},"geometry":{"type":"Polygon","coordinates":[[[120.3364534294413,22.59871148326168],[120.3364534294413,22.607704686898927],[120.34544663307855,22.607704686898927],[120.34544663307855,22.59871148326168],[120.3364534294413,22.59871148326168]]]}},{"type":"Feature","properties":{"jobs":6235,"pop":10741,"pointCount":17,"homeWorkCommuteMedian":5572,"workHomeCommuteMedian":4224},"geometry":{"type":"Polygon","coordinates":[[[120.3364534294413,22.607704686898927],[120.3364534294413,22.616697890536173],[120.34544663307855,22.616697890536173],[120.34544663307855,22.607704686898927],[120.3364534294413,22.607704686898927]]]}},{"type":"Feature","properties":{"jobs":247,"pop":0,"pointCount":1,"homeWorkCommuteMedian":-1,"workHomeCommuteMedian":4355},"geometry":{"type":"Polygon","coordinates":[[[120.3364534294413,22.616697890536173],[120.3364534294413,22.62569109417342],[120.34544663307855,22.62569109417342],[120.34544663307855,22.616697890536173],[120.3364534294413,22.616697890536173]]]}},{"type":"Feature","properties":{"jobs":8886,"pop":9627,"pointCount":17,"homeWorkCommuteMedian":4916,"workHomeCommuteMedian":4785},"geometry":{"type":"Polygon","coordinates":[[[120.3364534294413,22.62569109417342],[120.3364534294413,22.634684297810665],[120.34544663307855,22.634684297810665],[120.34544663307855,22.62569109417342],[120.3364534294413,22.62569109417342]]]}},{"type":"Feature","properties":{"jobs":6572,"pop":12641,"pointCount":15,"homeWorkCommuteMedian":6230,"workHomeCommuteMedian":4926},"geometry":{"type":"Polygon","coordinates":[[[120.3364534294413,22.634684297810665],[120.3364534294413,22.64367750144791],[120.34544663307855,22.64367750144791],[120.34544663307855,22.634684297810665],[120.3364534294413,22.634684297810665]]]}},{"type":"Feature","properties":{"jobs":4056,"pop":8167,"pointCount":16,"homeWorkCommuteMedian":5397,"workHomeCommuteMedian":5044},"geometry":{"type":"Polygon","coordinates":[[[120.3364534294413,22.64367750144791],[120.3364534294413,22.652670705085157],[120.34544663307855,22.652670705085157],[120.34544663307855,22.64367750144791],[120.3364534294413,22.64367750144791]]]}},{"type":"Feature","properties":{"jobs":644,"pop":3123,"pointCount":10,"homeWorkCommuteMedian":4563,"workHomeCommuteMedian":8580},"geometry":{"type":"Polygon","coordinates":[[[120.3364534294413,22.652670705085157],[120.3364534294413,22.661663908722403],[120.34544663307855,22.661663908722403],[120.34544663307855,22.652670705085157],[120.3364534294413,22.652670705085157]]]}},{"type":"Feature","properties":{"jobs":3965,"pop":2729,"pointCount":10,"homeWorkCommuteMedian":5737,"workHomeCommuteMedian":9218},"geometry":{"type":"Polygon","coordinates":[[[120.3364534294413,22.67065711235965],[120.3364534294413,22.679650315996895],[120.34544663307855,22.679650315996895],[120.34544663307855,22.67065711235965],[120.3364534294413,22.67065711235965]]]}},{"type":"Feature","properties":{"jobs":2413,"pop":3194,"pointCount":6,"homeWorkCommuteMedian":6533,"workHomeCommuteMedian":6860},"geometry":{"type":"Polygon","coordinates":[[[120.3364534294413,22.679650315996895],[120.3364534294413,22.68864351963414],[120.34544663307855,22.68864351963414],[120.34544663307855,22.679650315996895],[120.3364534294413,22.679650315996895]]]}},{"type":"Feature","properties":{"jobs":644,"pop":1962,"pointCount":7,"homeWorkCommuteMedian":9302,"workHomeCommuteMedian":13974},"geometry":{"type":"Polygon","coordinates":[[[120.3364534294413,22.68864351963414],[120.3364534294413,22.697636723271387],[120.34544663307855,22.697636723271387],[120.34544663307855,22.68864351963414],[120.3364534294413,22.68864351963414]]]}},{"type":"Feature","properties":{"jobs":2494,"pop":610,"pointCount":7,"homeWorkCommuteMedian":9366,"workHomeCommuteMedian":7919},"geometry":{"type":"Polygon","coordinates":[[[120.3364534294413,22.697636723271387],[120.3364534294413,22.706629926908633],[120.34544663307855,22.706629926908633],[120.34544663307855,22.697636723271387],[120.3364534294413,22.697636723271387]]]}},{"type":"Feature","properties":{"jobs":3857,"pop":811,"pointCount":12,"homeWorkCommuteMedian":5688,"workHomeCommuteMedian":7216},"geometry":{"type":"Polygon","coordinates":[[[120.3364534294413,22.706629926908633],[120.3364534294413,22.71562313054588],[120.34544663307855,22.71562313054588],[120.34544663307855,22.706629926908633],[120.3364534294413,22.706629926908633]]]}},{"type":"Feature","properties":{"jobs":729,"pop":0,"pointCount":2,"homeWorkCommuteMedian":-1,"workHomeCommuteMedian":10617},"geometry":{"type":"Polygon","coordinates":[[[120.3364534294413,22.71562313054588],[120.3364534294413,22.724616334183125],[120.34544663307855,22.724616334183125],[120.34544663307855,22.71562313054588],[120.3364534294413,22.71562313054588]]]}},{"type":"Feature","properties":{"jobs":3752,"pop":2376,"pointCount":11,"homeWorkCommuteMedian":6307,"workHomeCommuteMedian":8597},"geometry":{"type":"Polygon","coordinates":[[[120.3364534294413,22.724616334183125],[120.3364534294413,22.73360953782037],[120.34544663307855,22.73360953782037],[120.34544663307855,22.724616334183125],[120.3364534294413,22.724616334183125]]]}},{"type":"Feature","properties":{"jobs":3023,"pop":2812,"pointCount":6,"homeWorkCommuteMedian":6122,"workHomeCommuteMedian":27820},"geometry":{"type":"Polygon","coordinates":[[[120.3364534294413,22.73360953782037],[120.3364534294413,22.742602741457617],[120.34544663307855,22.742602741457617],[120.34544663307855,22.73360953782037],[120.3364534294413,22.73360953782037]]]}},{"type":"Feature","properties":{"jobs":974,"pop":1722,"pointCount":9,"homeWorkCommuteMedian":4399,"workHomeCommuteMedian":15612},"geometry":{"type":"Polygon","coordinates":[[[120.3364534294413,22.742602741457617],[120.3364534294413,22.751595945094863],[120.34544663307855,22.751595945094863],[120.34544663307855,22.742602741457617],[120.3364534294413,22.742602741457617]]]}},{"type":"Feature","properties":{"jobs":515,"pop":387,"pointCount":6,"homeWorkCommuteMedian":10389,"workHomeCommuteMedian":17902},"geometry":{"type":"Polygon","coordinates":[[[120.3364534294413,22.751595945094863],[120.3364534294413,22.76058914873211],[120.34544663307855,22.76058914873211],[120.34544663307855,22.751595945094863],[120.3364534294413,22.751595945094863]]]}},{"type":"Feature","properties":{"jobs":821,"pop":0,"pointCount":2,"homeWorkCommuteMedian":-1,"workHomeCommuteMedian":16040},"geometry":{"type":"Polygon","coordinates":[[[120.3364534294413,22.76058914873211],[120.3364534294413,22.769582352369355],[120.34544663307855,22.769582352369355],[120.34544663307855,22.76058914873211],[120.3364534294413,22.76058914873211]]]}},{"type":"Feature","properties":{"jobs":143,"pop":0,"pointCount":2,"homeWorkCommuteMedian":-1,"workHomeCommuteMedian":25455},"geometry":{"type":"Polygon","coordinates":[[[120.3364534294413,22.769582352369355],[120.3364534294413,22.7785755560066],[120.34544663307855,22.7785755560066],[120.34544663307855,22.769582352369355],[120.3364534294413,22.769582352369355]]]}},{"type":"Feature","properties":{"jobs":309,"pop":314,"pointCount":5,"homeWorkCommuteMedian":10601,"workHomeCommuteMedian":3678},"geometry":{"type":"Polygon","coordinates":[[[120.3364534294413,22.7785755560066],[120.3364534294413,22.787568759643847],[120.34544663307855,22.787568759643847],[120.34544663307855,22.7785755560066],[120.3364534294413,22.7785755560066]]]}},{"type":"Feature","properties":{"jobs":931,"pop":804,"pointCount":9,"homeWorkCommuteMedian":5973,"workHomeCommuteMedian":20182},"geometry":{"type":"Polygon","coordinates":[[[120.3364534294413,22.787568759643847],[120.3364534294413,22.796561963281093],[120.34544663307855,22.796561963281093],[120.34544663307855,22.787568759643847],[120.3364534294413,22.787568759643847]]]}},{"type":"Feature","properties":{"jobs":62,"pop":128,"pointCount":4,"homeWorkCommuteMedian":11842,"workHomeCommuteMedian":33315},"geometry":{"type":"Polygon","coordinates":[[[120.3364534294413,22.80555516691834],[120.3364534294413,22.814548370555585],[120.34544663307855,22.814548370555585],[120.34544663307855,22.80555516691834],[120.3364534294413,22.80555516691834]]]}},{"type":"Feature","properties":{"jobs":43,"pop":181,"pointCount":3,"homeWorkCommuteMedian":7266,"workHomeCommuteMedian":26414},"geometry":{"type":"Polygon","coordinates":[[[120.3364534294413,22.814548370555585],[120.3364534294413,22.82354157419283],[120.34544663307855,22.82354157419283],[120.34544663307855,22.814548370555585],[120.3364534294413,22.814548370555585]]]}},{"type":"Feature","properties":{"jobs":229,"pop":234,"pointCount":7,"homeWorkCommuteMedian":8196,"workHomeCommuteMedian":14483},"geometry":{"type":"Polygon","coordinates":[[[120.3364534294413,22.82354157419283],[120.3364534294413,22.832534777830077],[120.34544663307855,22.832534777830077],[120.34544663307855,22.82354157419283],[120.3364534294413,22.82354157419283]]]}},{"type":"Feature","properties":{"jobs":0,"pop":101,"pointCount":1,"homeWorkCommuteMedian":24593,"workHomeCommuteMedian":-1},"geometry":{"type":"Polygon","coordinates":[[[120.3364534294413,22.832534777830077],[120.3364534294413,22.841527981467323],[120.34544663307855,22.841527981467323],[120.34544663307855,22.832534777830077],[120.3364534294413,22.832534777830077]]]}},{"type":"Feature","properties":{"jobs":105,"pop":1584,"pointCount":6,"homeWorkCommuteMedian":7748,"workHomeCommuteMedian":11312},"geometry":{"type":"Polygon","coordinates":[[[120.34544663307855,22.517772650526467],[120.34544663307855,22.526765854163713],[120.3544398367158,22.526765854163713],[120.3544398367158,22.517772650526467],[120.34544663307855,22.517772650526467]]]}},{"type":"Feature","properties":{"jobs":722,"pop":501,"pointCount":6,"homeWorkCommuteMedian":7605,"workHomeCommuteMedian":9330},"geometry":{"type":"Polygon","coordinates":[[[120.34544663307855,22.526765854163713],[120.34544663307855,22.53575905780096],[120.3544398367158,22.53575905780096],[120.3544398367158,22.526765854163713],[120.34544663307855,22.526765854163713]]]}},{"type":"Feature","properties":{"jobs":2490,"pop":0,"pointCount":5,"homeWorkCommuteMedian":-1,"workHomeCommuteMedian":8494},"geometry":{"type":"Polygon","coordinates":[[[120.34544663307855,22.53575905780096],[120.34544663307855,22.544752261438205],[120.3544398367158,22.544752261438205],[120.3544398367158,22.53575905780096],[120.34544663307855,22.53575905780096]]]}},{"type":"Feature","properties":{"jobs":3449,"pop":0,"pointCount":4,"homeWorkCommuteMedian":-1,"workHomeCommuteMedian":8357},"geometry":{"type":"Polygon","coordinates":[[[120.34544663307855,22.544752261438205],[120.34544663307855,22.55374546507545],[120.3544398367158,22.55374546507545],[120.3544398367158,22.544752261438205],[120.34544663307855,22.544752261438205]]]}},{"type":"Feature","properties":{"jobs":2162,"pop":2512,"pointCount":9,"homeWorkCommuteMedian":5902,"workHomeCommuteMedian":7492},"geometry":{"type":"Polygon","coordinates":[[[120.34544663307855,22.55374546507545],[120.34544663307855,22.562738668712697],[120.3544398367158,22.562738668712697],[120.3544398367158,22.55374546507545],[120.34544663307855,22.55374546507545]]]}},{"type":"Feature","properties":{"jobs":4515,"pop":9634,"pointCount":15,"homeWorkCommuteMedian":6458,"workHomeCommuteMedian":7558},"geometry":{"type":"Polygon","coordinates":[[[120.34544663307855,22.562738668712697],[120.34544663307855,22.571731872349943],[120.3544398367158,22.571731872349943],[120.3544398367158,22.562738668712697],[120.34544663307855,22.562738668712697]]]}},{"type":"Feature","properties":{"jobs":535,"pop":1506,"pointCount":5,"homeWorkCommuteMedian":8471,"workHomeCommuteMedian":12743},"geometry":{"type":"Polygon","coordinates":[[[120.34544663307855,22.571731872349943],[120.34544663307855,22.58072507598719],[120.3544398367158,22.58072507598719],[120.3544398367158,22.571731872349943],[120.34544663307855,22.571731872349943]]]}},{"type":"Feature","properties":{"jobs":2261,"pop":4176,"pointCount":11,"homeWorkCommuteMedian":7348,"workHomeCommuteMedian":7190},"geometry":{"type":"Polygon","coordinates":[[[120.34544663307855,22.58072507598719],[120.34544663307855,22.589718279624435],[120.3544398367158,22.589718279624435],[120.3544398367158,22.58072507598719],[120.34544663307855,22.58072507598719]]]}},{"type":"Feature","properties":{"jobs":1464,"pop":4297,"pointCount":9,"homeWorkCommuteMedian":7283,"workHomeCommuteMedian":3393},"geometry":{"type":"Polygon","coordinates":[[[120.34544663307855,22.589718279624435],[120.34544663307855,22.59871148326168],[120.3544398367158,22.59871148326168],[120.3544398367158,22.589718279624435],[120.34544663307855,22.589718279624435]]]}},{"type":"Feature","properties":{"jobs":4008,"pop":5212,"pointCount":10,"homeWorkCommuteMedian":6029,"workHomeCommuteMedian":4195},"geometry":{"type":"Polygon","coordinates":[[[120.34544663307855,22.59871148326168],[120.34544663307855,22.607704686898927],[120.3544398367158,22.607704686898927],[120.3544398367158,22.59871148326168],[120.34544663307855,22.59871148326168]]]}},{"type":"Feature","properties":{"jobs":6441,"pop":7894,"pointCount":10,"homeWorkCommuteMedian":4677,"workHomeCommuteMedian":3589},"geometry":{"type":"Polygon","coordinates":[[[120.34544663307855,22.607704686898927],[120.34544663307855,22.616697890536173],[120.3544398367158,22.616697890536173],[120.3544398367158,22.607704686898927],[120.34544663307855,22.607704686898927]]]}},{"type":"Feature","properties":{"jobs":5880,"pop":7371,"pointCount":17,"homeWorkCommuteMedian":5473,"workHomeCommuteMedian":4214},"geometry":{"type":"Polygon","coordinates":[[[120.34544663307855,22.616697890536173],[120.34544663307855,22.62569109417342],[120.3544398367158,22.62569109417342],[120.3544398367158,22.616697890536173],[120.34544663307855,22.616697890536173]]]}},{"type":"Feature","properties":{"jobs":5391,"pop":7629,"pointCount":16,"homeWorkCommuteMedian":5756,"workHomeCommuteMedian":4150},"geometry":{"type":"Polygon","coordinates":[[[120.34544663307855,22.62569109417342],[120.34544663307855,22.634684297810665],[120.3544398367158,22.634684297810665],[120.3544398367158,22.62569109417342],[120.34544663307855,22.62569109417342]]]}},{"type":"Feature","properties":{"jobs":6886,"pop":12503,"pointCount":15,"homeWorkCommuteMedian":5794,"workHomeCommuteMedian":5077},"geometry":{"type":"Polygon","coordinates":[[[120.34544663307855,22.634684297810665],[120.34544663307855,22.64367750144791],[120.3544398367158,22.64367750144791],[120.3544398367158,22.634684297810665],[120.34544663307855,22.634684297810665]]]}},{"type":"Feature","properties":{"jobs":11615,"pop":4212,"pointCount":13,"homeWorkCommuteMedian":6603,"workHomeCommuteMedian":6523},"geometry":{"type":"Polygon","coordinates":[[[120.34544663307855,22.64367750144791],[120.34544663307855,22.652670705085157],[120.3544398367158,22.652670705085157],[120.3544398367158,22.64367750144791],[120.34544663307855,22.64367750144791]]]}},{"type":"Feature","properties":{"jobs":518,"pop":0,"pointCount":1,"homeWorkCommuteMedian":-1,"workHomeCommuteMedian":10269},"geometry":{"type":"Polygon","coordinates":[[[120.34544663307855,22.652670705085157],[120.34544663307855,22.661663908722403],[120.3544398367158,22.661663908722403],[120.3544398367158,22.652670705085157],[120.34544663307855,22.652670705085157]]]}},{"type":"Feature","properties":{"jobs":46,"pop":209,"pointCount":2,"homeWorkCommuteMedian":9737,"workHomeCommuteMedian":11074},"geometry":{"type":"Polygon","coordinates":[[[120.34544663307855,22.661663908722403],[120.34544663307855,22.67065711235965],[120.3544398367158,22.67065711235965],[120.3544398367158,22.661663908722403],[120.34544663307855,22.661663908722403]]]}},{"type":"Feature","properties":{"jobs":3378,"pop":3936,"pointCount":12,"homeWorkCommuteMedian":6499,"workHomeCommuteMedian":7351},"geometry":{"type":"Polygon","coordinates":[[[120.34544663307855,22.67065711235965],[120.34544663307855,22.679650315996895],[120.3544398367158,22.679650315996895],[120.3544398367158,22.67065711235965],[120.34544663307855,22.67065711235965]]]}},{"type":"Feature","properties":{"jobs":1649,"pop":4295,"pointCount":9,"homeWorkCommuteMedian":5364,"workHomeCommuteMedian":8352},"geometry":{"type":"Polygon","coordinates":[[[120.34544663307855,22.679650315996895],[120.34544663307855,22.68864351963414],[120.3544398367158,22.68864351963414],[120.3544398367158,22.679650315996895],[120.34544663307855,22.679650315996895]]]}},{"type":"Feature","properties":{"jobs":1679,"pop":4064,"pointCount":10,"homeWorkCommuteMedian":5313,"workHomeCommuteMedian":6716},"geometry":{"type":"Polygon","coordinates":[[[120.34544663307855,22.68864351963414],[120.34544663307855,22.697636723271387],[120.3544398367158,22.697636723271387],[120.3544398367158,22.68864351963414],[120.34544663307855,22.68864351963414]]]}},{"type":"Feature","properties":{"jobs":2478,"pop":4348,"pointCount":15,"homeWorkCommuteMedian":5890,"workHomeCommuteMedian":10926},"geometry":{"type":"Polygon","coordinates":[[[120.34544663307855,22.697636723271387],[120.34544663307855,22.706629926908633],[120.3544398367158,22.706629926908633],[120.3544398367158,22.697636723271387],[120.34544663307855,22.697636723271387]]]}},{"type":"Feature","properties":{"jobs":504,"pop":1351,"pointCount":5,"homeWorkCommuteMedian":5528,"workHomeCommuteMedian":24821},"geometry":{"type":"Polygon","coordinates":[[[120.34544663307855,22.706629926908633],[120.34544663307855,22.71562313054588],[120.3544398367158,22.71562313054588],[120.3544398367158,22.706629926908633],[120.34544663307855,22.706629926908633]]]}},{"type":"Feature","properties":{"jobs":868,"pop":3002,"pointCount":11,"homeWorkCommuteMedian":5842,"workHomeCommuteMedian":8525},"geometry":{"type":"Polygon","coordinates":[[[120.34544663307855,22.71562313054588],[120.34544663307855,22.724616334183125],[120.3544398367158,22.724616334183125],[120.3544398367158,22.71562313054588],[120.34544663307855,22.71562313054588]]]}},{"type":"Feature","properties":{"jobs":2827,"pop":7974,"pointCount":19,"homeWorkCommuteMedian":6100,"workHomeCommuteMedian":12028},"geometry":{"type":"Polygon","coordinates":[[[120.34544663307855,22.724616334183125],[120.34544663307855,22.73360953782037],[120.3544398367158,22.73360953782037],[120.3544398367158,22.724616334183125],[120.34544663307855,22.724616334183125]]]}},{"type":"Feature","properties":{"jobs":195,"pop":1847,"pointCount":6,"homeWorkCommuteMedian":6827,"workHomeCommuteMedian":5717},"geometry":{"type":"Polygon","coordinates":[[[120.34544663307855,22.73360953782037],[120.34544663307855,22.742602741457617],[120.3544398367158,22.742602741457617],[120.3544398367158,22.73360953782037],[120.34544663307855,22.73360953782037]]]}},{"type":"Feature","properties":{"jobs":3452,"pop":714,"pointCount":8,"homeWorkCommuteMedian":4260,"workHomeCommuteMedian":15362},"geometry":{"type":"Polygon","coordinates":[[[120.34544663307855,22.742602741457617],[120.34544663307855,22.751595945094863],[120.3544398367158,22.751595945094863],[120.3544398367158,22.742602741457617],[120.34544663307855,22.742602741457617]]]}},{"type":"Feature","properties":{"jobs":186,"pop":196,"pointCount":3,"homeWorkCommuteMedian":9781,"workHomeCommuteMedian":6346},"geometry":{"type":"Polygon","coordinates":[[[120.34544663307855,22.751595945094863],[120.34544663307855,22.76058914873211],[120.3544398367158,22.76058914873211],[120.3544398367158,22.751595945094863],[120.34544663307855,22.751595945094863]]]}},{"type":"Feature","properties":{"jobs":90,"pop":0,"pointCount":1,"homeWorkCommuteMedian":-1,"workHomeCommuteMedian":4290},"geometry":{"type":"Polygon","coordinates":[[[120.34544663307855,22.76058914873211],[120.34544663307855,22.769582352369355],[120.3544398367158,22.769582352369355],[120.3544398367158,22.76058914873211],[120.34544663307855,22.76058914873211]]]}},{"type":"Feature","properties":{"jobs":573,"pop":96,"pointCount":4,"homeWorkCommuteMedian":54508,"workHomeCommuteMedian":22789},"geometry":{"type":"Polygon","coordinates":[[[120.34544663307855,22.769582352369355],[120.34544663307855,22.7785755560066],[120.3544398367158,22.7785755560066],[120.3544398367158,22.769582352369355],[120.34544663307855,22.769582352369355]]]}},{"type":"Feature","properties":{"jobs":817,"pop":0,"pointCount":3,"homeWorkCommuteMedian":-1,"workHomeCommuteMedian":24379},"geometry":{"type":"Polygon","coordinates":[[[120.34544663307855,22.7785755560066],[120.34544663307855,22.787568759643847],[120.3544398367158,22.787568759643847],[120.3544398367158,22.7785755560066],[120.34544663307855,22.7785755560066]]]}},{"type":"Feature","properties":{"jobs":978,"pop":314,"pointCount":7,"homeWorkCommuteMedian":4877,"workHomeCommuteMedian":8969},"geometry":{"type":"Polygon","coordinates":[[[120.34544663307855,22.787568759643847],[120.34544663307855,22.796561963281093],[120.3544398367158,22.796561963281093],[120.3544398367158,22.787568759643847],[120.34544663307855,22.787568759643847]]]}},{"type":"Feature","properties":{"jobs":157,"pop":0,"pointCount":4,"homeWorkCommuteMedian":-1,"workHomeCommuteMedian":22348},"geometry":{"type":"Polygon","coordinates":[[[120.34544663307855,22.796561963281093],[120.34544663307855,22.80555516691834],[120.3544398367158,22.80555516691834],[120.3544398367158,22.796561963281093],[120.34544663307855,22.796561963281093]]]}},{"type":"Feature","properties":{"jobs":0,"pop":27,"pointCount":1,"homeWorkCommuteMedian":18313,"workHomeCommuteMedian":-1},"geometry":{"type":"Polygon","coordinates":[[[120.34544663307855,22.82354157419283],[120.34544663307855,22.832534777830077],[120.3544398367158,22.832534777830077],[120.3544398367158,22.82354157419283],[120.34544663307855,22.82354157419283]]]}},{"type":"Feature","properties":{"jobs":276,"pop":0,"pointCount":2,"homeWorkCommuteMedian":-1,"workHomeCommuteMedian":18101},"geometry":{"type":"Polygon","coordinates":[[[120.34544663307855,22.832534777830077],[120.34544663307855,22.841527981467323],[120.3544398367158,22.841527981467323],[120.3544398367158,22.832534777830077],[120.34544663307855,22.832534777830077]]]}},{"type":"Feature","properties":{"jobs":20,"pop":0,"pointCount":1,"homeWorkCommuteMedian":-1,"workHomeCommuteMedian":10468},"geometry":{"type":"Polygon","coordinates":[[[120.34544663307855,22.841527981467323],[120.34544663307855,22.85052118510457],[120.3544398367158,22.85052118510457],[120.3544398367158,22.841527981467323],[120.34544663307855,22.841527981467323]]]}},{"type":"Feature","properties":{"jobs":96,"pop":0,"pointCount":2,"homeWorkCommuteMedian":-1,"workHomeCommuteMedian":7537},"geometry":{"type":"Polygon","coordinates":[[[120.3544398367158,22.499786243251975],[120.3544398367158,22.50877944688922],[120.36343304035304,22.50877944688922],[120.36343304035304,22.499786243251975],[120.3544398367158,22.499786243251975]]]}},{"type":"Feature","properties":{"jobs":274,"pop":3954,"pointCount":11,"homeWorkCommuteMedian":8435,"workHomeCommuteMedian":21713},"geometry":{"type":"Polygon","coordinates":[[[120.3544398367158,22.50877944688922],[120.3544398367158,22.517772650526467],[120.36343304035304,22.517772650526467],[120.36343304035304,22.50877944688922],[120.3544398367158,22.50877944688922]]]}},{"type":"Feature","properties":{"jobs":1319,"pop":0,"pointCount":3,"homeWorkCommuteMedian":-1,"workHomeCommuteMedian":7185},"geometry":{"type":"Polygon","coordinates":[[[120.3544398367158,22.517772650526467],[120.3544398367158,22.526765854163713],[120.36343304035304,22.526765854163713],[120.36343304035304,22.517772650526467],[120.3544398367158,22.517772650526467]]]}},{"type":"Feature","properties":{"jobs":971,"pop":0,"pointCount":2,"homeWorkCommuteMedian":-1,"workHomeCommuteMedian":6835},"geometry":{"type":"Polygon","coordinates":[[[120.3544398367158,22.526765854163713],[120.3544398367158,22.53575905780096],[120.36343304035304,22.53575905780096],[120.36343304035304,22.526765854163713],[120.3544398367158,22.526765854163713]]]}},{"type":"Feature","properties":{"jobs":3172,"pop":0,"pointCount":2,"homeWorkCommuteMedian":-1,"workHomeCommuteMedian":9276},"geometry":{"type":"Polygon","coordinates":[[[120.3544398367158,22.53575905780096],[120.3544398367158,22.544752261438205],[120.36343304035304,22.544752261438205],[120.36343304035304,22.53575905780096],[120.3544398367158,22.53575905780096]]]}},{"type":"Feature","properties":{"jobs":9004,"pop":0,"pointCount":1,"homeWorkCommuteMedian":-1,"workHomeCommuteMedian":9082},"geometry":{"type":"Polygon","coordinates":[[[120.3544398367158,22.544752261438205],[120.3544398367158,22.55374546507545],[120.36343304035304,22.55374546507545],[120.36343304035304,22.544752261438205],[120.3544398367158,22.544752261438205]]]}},{"type":"Feature","properties":{"jobs":6074,"pop":437,"pointCount":5,"homeWorkCommuteMedian":8441,"workHomeCommuteMedian":14104},"geometry":{"type":"Polygon","coordinates":[[[120.3544398367158,22.55374546507545],[120.3544398367158,22.562738668712697],[120.36343304035304,22.562738668712697],[120.36343304035304,22.55374546507545],[120.3544398367158,22.55374546507545]]]}},{"type":"Feature","properties":{"jobs":6081,"pop":9002,"pointCount":12,"homeWorkCommuteMedian":4994,"workHomeCommuteMedian":6972},"geometry":{"type":"Polygon","coordinates":[[[120.3544398367158,22.562738668712697],[120.3544398367158,22.571731872349943],[120.36343304035304,22.571731872349943],[120.36343304035304,22.562738668712697],[120.3544398367158,22.562738668712697]]]}},{"type":"Feature","properties":{"jobs":527,"pop":3285,"pointCount":6,"homeWorkCommuteMedian":6454,"workHomeCommuteMedian":4738},"geometry":{"type":"Polygon","coordinates":[[[120.3544398367158,22.571731872349943],[120.3544398367158,22.58072507598719],[120.36343304035304,22.58072507598719],[120.36343304035304,22.571731872349943],[120.3544398367158,22.571731872349943]]]}},{"type":"Feature","properties":{"jobs":4394,"pop":7256,"pointCount":17,"homeWorkCommuteMedian":7148,"workHomeCommuteMedian":5830},"geometry":{"type":"Polygon","coordinates":[[[120.3544398367158,22.58072507598719],[120.3544398367158,22.589718279624435],[120.36343304035304,22.589718279624435],[120.36343304035304,22.58072507598719],[120.3544398367158,22.58072507598719]]]}},{"type":"Feature","properties":{"jobs":946,"pop":2996,"pointCount":9,"homeWorkCommuteMedian":5202,"workHomeCommuteMedian":6393},"geometry":{"type":"Polygon","coordinates":[[[120.3544398367158,22.589718279624435],[120.3544398367158,22.59871148326168],[120.36343304035304,22.59871148326168],[120.36343304035304,22.589718279624435],[120.3544398367158,22.589718279624435]]]}},{"type":"Feature","properties":{"jobs":290,"pop":125,"pointCount":2,"homeWorkCommuteMedian":2451,"workHomeCommuteMedian":15566},"geometry":{"type":"Polygon","coordinates":[[[120.3544398367158,22.59871148326168],[120.3544398367158,22.607704686898927],[120.36343304035304,22.607704686898927],[120.36343304035304,22.59871148326168],[120.3544398367158,22.59871148326168]]]}},{"type":"Feature","properties":{"jobs":1907,"pop":2528,"pointCount":10,"homeWorkCommuteMedian":5323,"workHomeCommuteMedian":3911},"geometry":{"type":"Polygon","coordinates":[[[120.3544398367158,22.607704686898927],[120.3544398367158,22.616697890536173],[120.36343304035304,22.616697890536173],[120.36343304035304,22.607704686898927],[120.3544398367158,22.607704686898927]]]}},{"type":"Feature","properties":{"jobs":6996,"pop":8743,"pointCount":19,"homeWorkCommuteMedian":5609,"workHomeCommuteMedian":3224},"geometry":{"type":"Polygon","coordinates":[[[120.3544398367158,22.616697890536173],[120.3544398367158,22.62569109417342],[120.36343304035304,22.62569109417342],[120.36343304035304,22.616697890536173],[120.3544398367158,22.616697890536173]]]}},{"type":"Feature","properties":{"jobs":6871,"pop":8388,"pointCount":19,"homeWorkCommuteMedian":5624,"workHomeCommuteMedian":4742},"geometry":{"type":"Polygon","coordinates":[[[120.3544398367158,22.62569109417342],[120.3544398367158,22.634684297810665],[120.36343304035304,22.634684297810665],[120.36343304035304,22.62569109417342],[120.3544398367158,22.62569109417342]]]}},{"type":"Feature","properties":{"jobs":2752,"pop":8492,"pointCount":14,"homeWorkCommuteMedian":7222,"workHomeCommuteMedian":6396},"geometry":{"type":"Polygon","coordinates":[[[120.3544398367158,22.634684297810665],[120.3544398367158,22.64367750144791],[120.36343304035304,22.64367750144791],[120.36343304035304,22.634684297810665],[120.3544398367158,22.634684297810665]]]}},{"type":"Feature","properties":{"jobs":11061,"pop":1748,"pointCount":6,"homeWorkCommuteMedian":8215,"workHomeCommuteMedian":7580},"geometry":{"type":"Polygon","coordinates":[[[120.3544398367158,22.64367750144791],[120.3544398367158,22.652670705085157],[120.36343304035304,22.652670705085157],[120.36343304035304,22.64367750144791],[120.3544398367158,22.64367750144791]]]}},{"type":"Feature","properties":{"jobs":972,"pop":1145,"pointCount":8,"homeWorkCommuteMedian":7512,"workHomeCommuteMedian":8884},"geometry":{"type":"Polygon","coordinates":[[[120.3544398367158,22.652670705085157],[120.3544398367158,22.661663908722403],[120.36343304035304,22.661663908722403],[120.36343304035304,22.652670705085157],[120.3544398367158,22.652670705085157]]]}},{"type":"Feature","properties":{"jobs":1263,"pop":3446,"pointCount":14,"homeWorkCommuteMedian":8113,"workHomeCommuteMedian":6990},"geometry":{"type":"Polygon","coordinates":[[[120.3544398367158,22.661663908722403],[120.3544398367158,22.67065711235965],[120.36343304035304,22.67065711235965],[120.36343304035304,22.661663908722403],[120.3544398367158,22.661663908722403]]]}},{"type":"Feature","properties":{"jobs":3553,"pop":2461,"pointCount":13,"homeWorkCommuteMedian":8129,"workHomeCommuteMedian":8442},"geometry":{"type":"Polygon","coordinates":[[[120.3544398367158,22.67065711235965],[120.3544398367158,22.679650315996895],[120.36343304035304,22.679650315996895],[120.36343304035304,22.67065711235965],[120.3544398367158,22.67065711235965]]]}},{"type":"Feature","properties":{"jobs":1975,"pop":918,"pointCount":9,"homeWorkCommuteMedian":6673,"workHomeCommuteMedian":8420},"geometry":{"type":"Polygon","coordinates":[[[120.3544398367158,22.679650315996895],[120.3544398367158,22.68864351963414],[120.36343304035304,22.68864351963414],[120.36343304035304,22.679650315996895],[120.3544398367158,22.679650315996895]]]}},{"type":"Feature","properties":{"jobs":586,"pop":235,"pointCount":4,"homeWorkCommuteMedian":12360,"workHomeCommuteMedian":10290},"geometry":{"type":"Polygon","coordinates":[[[120.3544398367158,22.68864351963414],[120.3544398367158,22.697636723271387],[120.36343304035304,22.697636723271387],[120.36343304035304,22.68864351963414],[120.3544398367158,22.68864351963414]]]}},{"type":"Feature","properties":{"jobs":1242,"pop":873,"pointCount":6,"homeWorkCommuteMedian":6759,"workHomeCommuteMedian":6011},"geometry":{"type":"Polygon","coordinates":[[[120.3544398367158,22.697636723271387],[120.3544398367158,22.706629926908633],[120.36343304035304,22.706629926908633],[120.36343304035304,22.697636723271387],[120.3544398367158,22.697636723271387]]]}},{"type":"Feature","properties":{"jobs":2258,"pop":226,"pointCount":7,"homeWorkCommuteMedian":7616,"workHomeCommuteMedian":8714},"geometry":{"type":"Polygon","coordinates":[[[120.3544398367158,22.706629926908633],[120.3544398367158,22.71562313054588],[120.36343304035304,22.71562313054588],[120.36343304035304,22.706629926908633],[120.3544398367158,22.706629926908633]]]}},{"type":"Feature","properties":{"jobs":2274,"pop":0,"pointCount":6,"homeWorkCommuteMedian":-1,"workHomeCommuteMedian":8099},"geometry":{"type":"Polygon","coordinates":[[[120.3544398367158,22.71562313054588],[120.3544398367158,22.724616334183125],[120.36343304035304,22.724616334183125],[120.36343304035304,22.71562313054588],[120.3544398367158,22.71562313054588]]]}},{"type":"Feature","properties":{"jobs":2201,"pop":2454,"pointCount":10,"homeWorkCommuteMedian":6083,"workHomeCommuteMedian":14969},"geometry":{"type":"Polygon","coordinates":[[[120.3544398367158,22.724616334183125],[120.3544398367158,22.73360953782037],[120.36343304035304,22.73360953782037],[120.36343304035304,22.724616334183125],[120.3544398367158,22.724616334183125]]]}},{"type":"Feature","properties":{"jobs":1001,"pop":0,"pointCount":5,"homeWorkCommuteMedian":-1,"workHomeCommuteMedian":30013},"geometry":{"type":"Polygon","coordinates":[[[120.3544398367158,22.73360953782037],[120.3544398367158,22.742602741457617],[120.36343304035304,22.742602741457617],[120.36343304035304,22.73360953782037],[120.3544398367158,22.73360953782037]]]}},{"type":"Feature","properties":{"jobs":298,"pop":172,"pointCount":3,"homeWorkCommuteMedian":9842,"workHomeCommuteMedian":27425},"geometry":{"type":"Polygon","coordinates":[[[120.3544398367158,22.742602741457617],[120.3544398367158,22.751595945094863],[120.36343304035304,22.751595945094863],[120.36343304035304,22.742602741457617],[120.3544398367158,22.742602741457617]]]}},{"type":"Feature","properties":{"jobs":581,"pop":1118,"pointCount":12,"homeWorkCommuteMedian":4929,"workHomeCommuteMedian":11384},"geometry":{"type":"Polygon","coordinates":[[[120.3544398367158,22.751595945094863],[120.3544398367158,22.76058914873211],[120.36343304035304,22.76058914873211],[120.36343304035304,22.751595945094863],[120.3544398367158,22.751595945094863]]]}},{"type":"Feature","properties":{"jobs":722,"pop":227,"pointCount":4,"homeWorkCommuteMedian":5471,"workHomeCommuteMedian":13812},"geometry":{"type":"Polygon","coordinates":[[[120.3544398367158,22.76058914873211],[120.3544398367158,22.769582352369355],[120.36343304035304,22.769582352369355],[120.36343304035304,22.76058914873211],[120.3544398367158,22.76058914873211]]]}},{"type":"Feature","properties":{"jobs":189,"pop":314,"pointCount":5,"homeWorkCommuteMedian":7234,"workHomeCommuteMedian":18252},"geometry":{"type":"Polygon","coordinates":[[[120.3544398367158,22.769582352369355],[120.3544398367158,22.7785755560066],[120.36343304035304,22.7785755560066],[120.36343304035304,22.769582352369355],[120.3544398367158,22.769582352369355]]]}},{"type":"Feature","properties":{"jobs":2981,"pop":0,"pointCount":6,"homeWorkCommuteMedian":-1,"workHomeCommuteMedian":11432},"geometry":{"type":"Polygon","coordinates":[[[120.3544398367158,22.7785755560066],[120.3544398367158,22.787568759643847],[120.36343304035304,22.787568759643847],[120.36343304035304,22.7785755560066],[120.3544398367158,22.7785755560066]]]}},{"type":"Feature","properties":{"jobs":2072,"pop":2878,"pointCount":12,"homeWorkCommuteMedian":5434,"workHomeCommuteMedian":18959},"geometry":{"type":"Polygon","coordinates":[[[120.3544398367158,22.787568759643847],[120.3544398367158,22.796561963281093],[120.36343304035304,22.796561963281093],[120.36343304035304,22.787568759643847],[120.3544398367158,22.787568759643847]]]}},{"type":"Feature","properties":{"jobs":165,"pop":92,"pointCount":2,"homeWorkCommuteMedian":4729,"workHomeCommuteMedian":2345},"geometry":{"type":"Polygon","coordinates":[[[120.3544398367158,22.796561963281093],[120.3544398367158,22.80555516691834],[120.36343304035304,22.80555516691834],[120.36343304035304,22.796561963281093],[120.3544398367158,22.796561963281093]]]}},{"type":"Feature","properties":{"jobs":81,"pop":157,"pointCount":2,"homeWorkCommuteMedian":33725,"workHomeCommuteMedian":22596},"geometry":{"type":"Polygon","coordinates":[[[120.3544398367158,22.80555516691834],[120.3544398367158,22.814548370555585],[120.36343304035304,22.814548370555585],[120.36343304035304,22.80555516691834],[120.3544398367158,22.80555516691834]]]}},{"type":"Feature","properties":{"jobs":0,"pop":53,"pointCount":1,"homeWorkCommuteMedian":9068,"workHomeCommuteMedian":-1},"geometry":{"type":"Polygon","coordinates":[[[120.3544398367158,22.814548370555585],[120.3544398367158,22.82354157419283],[120.36343304035304,22.82354157419283],[120.36343304035304,22.814548370555585],[120.3544398367158,22.814548370555585]]]}},{"type":"Feature","properties":{"jobs":76,"pop":202,"pointCount":4,"homeWorkCommuteMedian":5855,"workHomeCommuteMedian":9650},"geometry":{"type":"Polygon","coordinates":[[[120.3544398367158,22.832534777830077],[120.3544398367158,22.841527981467323],[120.36343304035304,22.841527981467323],[120.36343304035304,22.832534777830077],[120.3544398367158,22.832534777830077]]]}},{"type":"Feature","properties":{"jobs":0,"pop":33,"pointCount":1,"homeWorkCommuteMedian":2588,"workHomeCommuteMedian":-1},"geometry":{"type":"Polygon","coordinates":[[[120.3544398367158,22.85052118510457],[120.3544398367158,22.859514388741815],[120.36343304035304,22.859514388741815],[120.36343304035304,22.85052118510457],[120.3544398367158,22.85052118510457]]]}},{"type":"Feature","properties":{"jobs":30,"pop":48,"pointCount":1,"homeWorkCommuteMedian":35723,"workHomeCommuteMedian":65624},"geometry":{"type":"Polygon","coordinates":[[[120.3544398367158,22.859514388741815],[120.3544398367158,22.86850759237906],[120.36343304035304,22.86850759237906],[120.36343304035304,22.859514388741815],[120.3544398367158,22.859514388741815]]]}},{"type":"Feature","properties":{"jobs":262,"pop":120,"pointCount":4,"homeWorkCommuteMedian":39832,"workHomeCommuteMedian":4787},"geometry":{"type":"Polygon","coordinates":[[[120.3544398367158,22.86850759237906],[120.3544398367158,22.877500796016307],[120.36343304035304,22.877500796016307],[120.36343304035304,22.86850759237906],[120.3544398367158,22.86850759237906]]]}},{"type":"Feature","properties":{"jobs":0,"pop":73,"pointCount":1,"homeWorkCommuteMedian":41636,"workHomeCommuteMedian":-1},"geometry":{"type":"Polygon","coordinates":[[[120.3544398367158,22.886493999653553],[120.3544398367158,22.8954872032908],[120.36343304035304,22.8954872032908],[120.36343304035304,22.886493999653553],[120.3544398367158,22.886493999653553]]]}},{"type":"Feature","properties":{"jobs":261,"pop":1376,"pointCount":8,"homeWorkCommuteMedian":14342,"workHomeCommuteMedian":6702},"geometry":{"type":"Polygon","coordinates":[[[120.36343304035304,22.499786243251975],[120.36343304035304,22.50877944688922],[120.37242624399029,22.50877944688922],[120.37242624399029,22.499786243251975],[120.36343304035304,22.499786243251975]]]}},{"type":"Feature","properties":{"jobs":390,"pop":0,"pointCount":3,"homeWorkCommuteMedian":-1,"workHomeCommuteMedian":6908},"geometry":{"type":"Polygon","coordinates":[[[120.36343304035304,22.50877944688922],[120.36343304035304,22.517772650526467],[120.37242624399029,22.517772650526467],[120.37242624399029,22.50877944688922],[120.36343304035304,22.50877944688922]]]}},{"type":"Feature","properties":{"jobs":638,"pop":35,"pointCount":4,"homeWorkCommuteMedian":11474,"workHomeCommuteMedian":21280},"geometry":{"type":"Polygon","coordinates":[[[120.36343304035304,22.517772650526467],[120.36343304035304,22.526765854163713],[120.37242624399029,22.526765854163713],[120.37242624399029,22.517772650526467],[120.36343304035304,22.517772650526467]]]}},{"type":"Feature","properties":{"jobs":4378,"pop":0,"pointCount":9,"homeWorkCommuteMedian":-1,"workHomeCommuteMedian":9072},"geometry":{"type":"Polygon","coordinates":[[[120.36343304035304,22.526765854163713],[120.36343304035304,22.53575905780096],[120.37242624399029,22.53575905780096],[120.37242624399029,22.526765854163713],[120.36343304035304,22.526765854163713]]]}},{"type":"Feature","properties":{"jobs":330,"pop":0,"pointCount":2,"homeWorkCommuteMedian":-1,"workHomeCommuteMedian":45078},"geometry":{"type":"Polygon","coordinates":[[[120.36343304035304,22.53575905780096],[120.36343304035304,22.544752261438205],[120.37242624399029,22.544752261438205],[120.37242624399029,22.53575905780096],[120.36343304035304,22.53575905780096]]]}},{"type":"Feature","properties":{"jobs":4707,"pop":0,"pointCount":5,"homeWorkCommuteMedian":-1,"workHomeCommuteMedian":8449},"geometry":{"type":"Polygon","coordinates":[[[120.36343304035304,22.544752261438205],[120.36343304035304,22.55374546507545],[120.37242624399029,22.55374546507545],[120.37242624399029,22.544752261438205],[120.36343304035304,22.544752261438205]]]}},{"type":"Feature","properties":{"jobs":1787,"pop":1723,"pointCount":6,"homeWorkCommuteMedian":8298,"workHomeCommuteMedian":6299},"geometry":{"type":"Polygon","coordinates":[[[120.36343304035304,22.55374546507545],[120.36343304035304,22.562738668712697],[120.37242624399029,22.562738668712697],[120.37242624399029,22.55374546507545],[120.36343304035304,22.55374546507545]]]}},{"type":"Feature","properties":{"jobs":6417,"pop":6795,"pointCount":13,"homeWorkCommuteMedian":7420,"workHomeCommuteMedian":7654},"geometry":{"type":"Polygon","coordinates":[[[120.36343304035304,22.562738668712697],[120.36343304035304,22.571731872349943],[120.37242624399029,22.571731872349943],[120.37242624399029,22.562738668712697],[120.36343304035304,22.562738668712697]]]}},{"type":"Feature","properties":{"jobs":468,"pop":1193,"pointCount":6,"homeWorkCommuteMedian":3932,"workHomeCommuteMedian":3300},"geometry":{"type":"Polygon","coordinates":[[[120.36343304035304,22.571731872349943],[120.36343304035304,22.58072507598719],[120.37242624399029,22.58072507598719],[120.37242624399029,22.571731872349943],[120.36343304035304,22.571731872349943]]]}},{"type":"Feature","properties":{"jobs":3133,"pop":5359,"pointCount":11,"homeWorkCommuteMedian":8016,"workHomeCommuteMedian":8416},"geometry":{"type":"Polygon","coordinates":[[[120.36343304035304,22.58072507598719],[120.36343304035304,22.589718279624435],[120.37242624399029,22.589718279624435],[120.37242624399029,22.58072507598719],[120.36343304035304,22.58072507598719]]]}},{"type":"Feature","properties":{"jobs":837,"pop":496,"pointCount":2,"homeWorkCommuteMedian":5035,"workHomeCommuteMedian":5147},"geometry":{"type":"Polygon","coordinates":[[[120.36343304035304,22.589718279624435],[120.36343304035304,22.59871148326168],[120.37242624399029,22.59871148326168],[120.37242624399029,22.589718279624435],[120.36343304035304,22.589718279624435]]]}},{"type":"Feature","properties":{"jobs":209,"pop":0,"pointCount":1,"homeWorkCommuteMedian":-1,"workHomeCommuteMedian":4044},"geometry":{"type":"Polygon","coordinates":[[[120.36343304035304,22.607704686898927],[120.36343304035304,22.616697890536173],[120.37242624399029,22.616697890536173],[120.37242624399029,22.607704686898927],[120.36343304035304,22.607704686898927]]]}},{"type":"Feature","properties":{"jobs":4091,"pop":4601,"pointCount":9,"homeWorkCommuteMedian":7011,"workHomeCommuteMedian":3705},"geometry":{"type":"Polygon","coordinates":[[[120.36343304035304,22.616697890536173],[120.36343304035304,22.62569109417342],[120.37242624399029,22.62569109417342],[120.37242624399029,22.616697890536173],[120.36343304035304,22.616697890536173]]]}},{"type":"Feature","properties":{"jobs":2683,"pop":7479,"pointCount":16,"homeWorkCommuteMedian":6203,"workHomeCommuteMedian":5012},"geometry":{"type":"Polygon","coordinates":[[[120.36343304035304,22.62569109417342],[120.36343304035304,22.634684297810665],[120.37242624399029,22.634684297810665],[120.37242624399029,22.62569109417342],[120.36343304035304,22.62569109417342]]]}},{"type":"Feature","properties":{"jobs":5105,"pop":5986,"pointCount":17,"homeWorkCommuteMedian":7421,"workHomeCommuteMedian":5333},"geometry":{"type":"Polygon","coordinates":[[[120.36343304035304,22.634684297810665],[120.36343304035304,22.64367750144791],[120.37242624399029,22.64367750144791],[120.37242624399029,22.634684297810665],[120.36343304035304,22.634684297810665]]]}},{"type":"Feature","properties":{"jobs":809,"pop":2671,"pointCount":14,"homeWorkCommuteMedian":7974,"workHomeCommuteMedian":8254},"geometry":{"type":"Polygon","coordinates":[[[120.36343304035304,22.64367750144791],[120.36343304035304,22.652670705085157],[120.37242624399029,22.652670705085157],[120.37242624399029,22.64367750144791],[120.36343304035304,22.64367750144791]]]}},{"type":"Feature","properties":{"jobs":1857,"pop":488,"pointCount":7,"homeWorkCommuteMedian":9403,"workHomeCommuteMedian":8465},"geometry":{"type":"Polygon","coordinates":[[[120.36343304035304,22.652670705085157],[120.36343304035304,22.661663908722403],[120.37242624399029,22.661663908722403],[120.37242624399029,22.652670705085157],[120.36343304035304,22.652670705085157]]]}},{"type":"Feature","properties":{"jobs":1130,"pop":595,"pointCount":8,"homeWorkCommuteMedian":5564,"workHomeCommuteMedian":9850},"geometry":{"type":"Polygon","coordinates":[[[120.36343304035304,22.661663908722403],[120.36343304035304,22.67065711235965],[120.37242624399029,22.67065711235965],[120.37242624399029,22.661663908722403],[120.36343304035304,22.661663908722403]]]}},{"type":"Feature","properties":{"jobs":415,"pop":175,"pointCount":4,"homeWorkCommuteMedian":4479,"workHomeCommuteMedian":7133},"geometry":{"type":"Polygon","coordinates":[[[120.36343304035304,22.67065711235965],[120.36343304035304,22.679650315996895],[120.37242624399029,22.679650315996895],[120.37242624399029,22.67065711235965],[120.36343304035304,22.67065711235965]]]}},{"type":"Feature","properties":{"jobs":971,"pop":900,"pointCount":6,"homeWorkCommuteMedian":8891,"workHomeCommuteMedian":6865},"geometry":{"type":"Polygon","coordinates":[[[120.36343304035304,22.679650315996895],[120.36343304035304,22.68864351963414],[120.37242624399029,22.68864351963414],[120.37242624399029,22.679650315996895],[120.36343304035304,22.679650315996895]]]}},{"type":"Feature","properties":{"jobs":1359,"pop":274,"pointCount":6,"homeWorkCommuteMedian":4528,"workHomeCommuteMedian":7622},"geometry":{"type":"Polygon","coordinates":[[[120.36343304035304,22.68864351963414],[120.36343304035304,22.697636723271387],[120.37242624399029,22.697636723271387],[120.37242624399029,22.68864351963414],[120.36343304035304,22.68864351963414]]]}},{"type":"Feature","properties":{"jobs":1064,"pop":106,"pointCount":8,"homeWorkCommuteMedian":15737,"workHomeCommuteMedian":6251},"geometry":{"type":"Polygon","coordinates":[[[120.36343304035304,22.697636723271387],[120.36343304035304,22.706629926908633],[120.37242624399029,22.706629926908633],[120.37242624399029,22.697636723271387],[120.36343304035304,22.697636723271387]]]}},{"type":"Feature","properties":{"jobs":405,"pop":31,"pointCount":3,"homeWorkCommuteMedian":6102,"workHomeCommuteMedian":9023},"geometry":{"type":"Polygon","coordinates":[[[120.36343304035304,22.706629926908633],[120.36343304035304,22.71562313054588],[120.37242624399029,22.71562313054588],[120.37242624399029,22.706629926908633],[120.36343304035304,22.706629926908633]]]}},{"type":"Feature","properties":{"jobs":152,"pop":33,"pointCount":2,"homeWorkCommuteMedian":1901,"workHomeCommuteMedian":14273},"geometry":{"type":"Polygon","coordinates":[[[120.36343304035304,22.71562313054588],[120.36343304035304,22.724616334183125],[120.37242624399029,22.724616334183125],[120.37242624399029,22.71562313054588],[120.36343304035304,22.71562313054588]]]}},{"type":"Feature","properties":{"jobs":387,"pop":44,"pointCount":3,"homeWorkCommuteMedian":24323,"workHomeCommuteMedian":33689},"geometry":{"type":"Polygon","coordinates":[[[120.36343304035304,22.724616334183125],[120.36343304035304,22.73360953782037],[120.37242624399029,22.73360953782037],[120.37242624399029,22.724616334183125],[120.36343304035304,22.724616334183125]]]}},{"type":"Feature","properties":{"jobs":979,"pop":28,"pointCount":6,"homeWorkCommuteMedian":2060,"workHomeCommuteMedian":4657},"geometry":{"type":"Polygon","coordinates":[[[120.36343304035304,22.73360953782037],[120.36343304035304,22.742602741457617],[120.37242624399029,22.742602741457617],[120.37242624399029,22.73360953782037],[120.36343304035304,22.73360953782037]]]}},{"type":"Feature","properties":{"jobs":799,"pop":0,"pointCount":2,"homeWorkCommuteMedian":-1,"workHomeCommuteMedian":19636},"geometry":{"type":"Polygon","coordinates":[[[120.36343304035304,22.742602741457617],[120.36343304035304,22.751595945094863],[120.37242624399029,22.751595945094863],[120.37242624399029,22.742602741457617],[120.36343304035304,22.742602741457617]]]}},{"type":"Feature","properties":{"jobs":1268,"pop":64,"pointCount":4,"homeWorkCommuteMedian":6132,"workHomeCommuteMedian":16950},"geometry":{"type":"Polygon","coordinates":[[[120.36343304035304,22.751595945094863],[120.36343304035304,22.76058914873211],[120.37242624399029,22.76058914873211],[120.37242624399029,22.751595945094863],[120.36343304035304,22.751595945094863]]]}},{"type":"Feature","properties":{"jobs":4079,"pop":0,"pointCount":4,"homeWorkCommuteMedian":-1,"workHomeCommuteMedian":10620},"geometry":{"type":"Polygon","coordinates":[[[120.36343304035304,22.76058914873211],[120.36343304035304,22.769582352369355],[120.37242624399029,22.769582352369355],[120.37242624399029,22.76058914873211],[120.36343304035304,22.76058914873211]]]}},{"type":"Feature","properties":{"jobs":241,"pop":113,"pointCount":4,"homeWorkCommuteMedian":21411,"workHomeCommuteMedian":7883},"geometry":{"type":"Polygon","coordinates":[[[120.36343304035304,22.769582352369355],[120.36343304035304,22.7785755560066],[120.37242624399029,22.7785755560066],[120.37242624399029,22.769582352369355],[120.36343304035304,22.769582352369355]]]}},{"type":"Feature","properties":{"jobs":170,"pop":58,"pointCount":2,"homeWorkCommuteMedian":26335,"workHomeCommuteMedian":7204},"geometry":{"type":"Polygon","coordinates":[[[120.36343304035304,22.7785755560066],[120.36343304035304,22.787568759643847],[120.37242624399029,22.787568759643847],[120.37242624399029,22.7785755560066],[120.36343304035304,22.7785755560066]]]}},{"type":"Feature","properties":{"jobs":185,"pop":2108,"pointCount":12,"homeWorkCommuteMedian":7185,"workHomeCommuteMedian":12608},"geometry":{"type":"Polygon","coordinates":[[[120.36343304035304,22.787568759643847],[120.36343304035304,22.796561963281093],[120.37242624399029,22.796561963281093],[120.37242624399029,22.787568759643847],[120.36343304035304,22.787568759643847]]]}},{"type":"Feature","properties":{"jobs":0,"pop":50,"pointCount":2,"homeWorkCommuteMedian":6344,"workHomeCommuteMedian":-1},"geometry":{"type":"Polygon","coordinates":[[[120.36343304035304,22.796561963281093],[120.36343304035304,22.80555516691834],[120.37242624399029,22.80555516691834],[120.37242624399029,22.796561963281093],[120.36343304035304,22.796561963281093]]]}},{"type":"Feature","properties":{"jobs":52,"pop":79,"pointCount":3,"homeWorkCommuteMedian":12057,"workHomeCommuteMedian":29796},"geometry":{"type":"Polygon","coordinates":[[[120.36343304035304,22.80555516691834],[120.36343304035304,22.814548370555585],[120.37242624399029,22.814548370555585],[120.37242624399029,22.80555516691834],[120.36343304035304,22.80555516691834]]]}},{"type":"Feature","properties":{"jobs":29,"pop":106,"pointCount":3,"homeWorkCommuteMedian":37065,"workHomeCommuteMedian":16990},"geometry":{"type":"Polygon","coordinates":[[[120.36343304035304,22.814548370555585],[120.36343304035304,22.82354157419283],[120.37242624399029,22.82354157419283],[120.37242624399029,22.814548370555585],[120.36343304035304,22.814548370555585]]]}},{"type":"Feature","properties":{"jobs":28,"pop":31,"pointCount":2,"homeWorkCommuteMedian":27951,"workHomeCommuteMedian":40450},"geometry":{"type":"Polygon","coordinates":[[[120.36343304035304,22.82354157419283],[120.36343304035304,22.832534777830077],[120.37242624399029,22.832534777830077],[120.37242624399029,22.82354157419283],[120.36343304035304,22.82354157419283]]]}},{"type":"Feature","properties":{"jobs":25,"pop":289,"pointCount":4,"homeWorkCommuteMedian":11746,"workHomeCommuteMedian":4695},"geometry":{"type":"Polygon","coordinates":[[[120.36343304035304,22.832534777830077],[120.36343304035304,22.841527981467323],[120.37242624399029,22.841527981467323],[120.37242624399029,22.832534777830077],[120.36343304035304,22.832534777830077]]]}},{"type":"Feature","properties":{"jobs":0,"pop":57,"pointCount":1,"homeWorkCommuteMedian":21697,"workHomeCommuteMedian":-1},"geometry":{"type":"Polygon","coordinates":[[[120.36343304035304,22.841527981467323],[120.36343304035304,22.85052118510457],[120.37242624399029,22.85052118510457],[120.37242624399029,22.841527981467323],[120.36343304035304,22.841527981467323]]]}},{"type":"Feature","properties":{"jobs":0,"pop":27,"pointCount":1,"homeWorkCommuteMedian":14550,"workHomeCommuteMedian":-1},"geometry":{"type":"Polygon","coordinates":[[[120.36343304035304,22.85052118510457],[120.36343304035304,22.859514388741815],[120.37242624399029,22.859514388741815],[120.37242624399029,22.85052118510457],[120.36343304035304,22.85052118510457]]]}},{"type":"Feature","properties":{"jobs":0,"pop":29,"pointCount":1,"homeWorkCommuteMedian":2983,"workHomeCommuteMedian":-1},"geometry":{"type":"Polygon","coordinates":[[[120.36343304035304,22.859514388741815],[120.36343304035304,22.86850759237906],[120.37242624399029,22.86850759237906],[120.37242624399029,22.859514388741815],[120.36343304035304,22.859514388741815]]]}},{"type":"Feature","properties":{"jobs":21,"pop":83,"pointCount":1,"homeWorkCommuteMedian":35674,"workHomeCommuteMedian":0},"geometry":{"type":"Polygon","coordinates":[[[120.36343304035304,22.86850759237906],[120.36343304035304,22.877500796016307],[120.37242624399029,22.877500796016307],[120.37242624399029,22.86850759237906],[120.36343304035304,22.86850759237906]]]}},{"type":"Feature","properties":{"jobs":0,"pop":47,"pointCount":1,"homeWorkCommuteMedian":38860,"workHomeCommuteMedian":-1},"geometry":{"type":"Polygon","coordinates":[[[120.36343304035304,22.877500796016307],[120.36343304035304,22.886493999653553],[120.37242624399029,22.886493999653553],[120.37242624399029,22.877500796016307],[120.36343304035304,22.877500796016307]]]}},{"type":"Feature","properties":{"jobs":70,"pop":494,"pointCount":4,"homeWorkCommuteMedian":3960,"workHomeCommuteMedian":25326},"geometry":{"type":"Polygon","coordinates":[[[120.37242624399029,22.49079303961473],[120.37242624399029,22.499786243251975],[120.38141944762754,22.499786243251975],[120.38141944762754,22.49079303961473],[120.37242624399029,22.49079303961473]]]}},{"type":"Feature","properties":{"jobs":481,"pop":1415,"pointCount":7,"homeWorkCommuteMedian":11072,"workHomeCommuteMedian":27141},"geometry":{"type":"Polygon","coordinates":[[[120.37242624399029,22.499786243251975],[120.37242624399029,22.50877944688922],[120.38141944762754,22.50877944688922],[120.38141944762754,22.499786243251975],[120.37242624399029,22.499786243251975]]]}},{"type":"Feature","properties":{"jobs":444,"pop":1363,"pointCount":9,"homeWorkCommuteMedian":6069,"workHomeCommuteMedian":2406},"geometry":{"type":"Polygon","coordinates":[[[120.37242624399029,22.50877944688922],[120.37242624399029,22.517772650526467],[120.38141944762754,22.517772650526467],[120.38141944762754,22.50877944688922],[120.37242624399029,22.50877944688922]]]}},{"type":"Feature","properties":{"jobs":77,"pop":0,"pointCount":1,"homeWorkCommuteMedian":-1,"workHomeCommuteMedian":7292},"geometry":{"type":"Polygon","coordinates":[[[120.37242624399029,22.526765854163713],[120.37242624399029,22.53575905780096],[120.38141944762754,22.53575905780096],[120.38141944762754,22.526765854163713],[120.37242624399029,22.526765854163713]]]}},{"type":"Feature","properties":{"jobs":2525,"pop":0,"pointCount":5,"homeWorkCommuteMedian":-1,"workHomeCommuteMedian":6839},"geometry":{"type":"Polygon","coordinates":[[[120.37242624399029,22.53575905780096],[120.37242624399029,22.544752261438205],[120.38141944762754,22.544752261438205],[120.38141944762754,22.53575905780096],[120.37242624399029,22.53575905780096]]]}},{"type":"Feature","properties":{"jobs":1777,"pop":209,"pointCount":8,"homeWorkCommuteMedian":5551,"workHomeCommuteMedian":18506},"geometry":{"type":"Polygon","coordinates":[[[120.37242624399029,22.544752261438205],[120.37242624399029,22.55374546507545],[120.38141944762754,22.55374546507545],[120.38141944762754,22.544752261438205],[120.37242624399029,22.544752261438205]]]}},{"type":"Feature","properties":{"jobs":528,"pop":1904,"pointCount":8,"homeWorkCommuteMedian":4905,"workHomeCommuteMedian":5352},"geometry":{"type":"Polygon","coordinates":[[[120.37242624399029,22.55374546507545],[120.37242624399029,22.562738668712697],[120.38141944762754,22.562738668712697],[120.38141944762754,22.55374546507545],[120.37242624399029,22.55374546507545]]]}},{"type":"Feature","properties":{"jobs":306,"pop":1120,"pointCount":8,"homeWorkCommuteMedian":5891,"workHomeCommuteMedian":3824},"geometry":{"type":"Polygon","coordinates":[[[120.37242624399029,22.562738668712697],[120.37242624399029,22.571731872349943],[120.38141944762754,22.571731872349943],[120.38141944762754,22.562738668712697],[120.37242624399029,22.562738668712697]]]}},{"type":"Feature","properties":{"jobs":438,"pop":3283,"pointCount":9,"homeWorkCommuteMedian":5745,"workHomeCommuteMedian":14986},"geometry":{"type":"Polygon","coordinates":[[[120.37242624399029,22.571731872349943],[120.37242624399029,22.58072507598719],[120.38141944762754,22.58072507598719],[120.38141944762754,22.571731872349943],[120.37242624399029,22.571731872349943]]]}},{"type":"Feature","properties":{"jobs":798,"pop":926,"pointCount":8,"homeWorkCommuteMedian":9204,"workHomeCommuteMedian":9057},"geometry":{"type":"Polygon","coordinates":[[[120.37242624399029,22.58072507598719],[120.37242624399029,22.589718279624435],[120.38141944762754,22.589718279624435],[120.38141944762754,22.58072507598719],[120.37242624399029,22.58072507598719]]]}},{"type":"Feature","properties":{"jobs":587,"pop":66,"pointCount":5,"homeWorkCommuteMedian":3900,"workHomeCommuteMedian":25222},"geometry":{"type":"Polygon","coordinates":[[[120.37242624399029,22.589718279624435],[120.37242624399029,22.59871148326168],[120.38141944762754,22.59871148326168],[120.38141944762754,22.589718279624435],[120.37242624399029,22.589718279624435]]]}},{"type":"Feature","properties":{"jobs":1914,"pop":5747,"pointCount":13,"homeWorkCommuteMedian":5633,"workHomeCommuteMedian":4566},"geometry":{"type":"Polygon","coordinates":[[[120.37242624399029,22.616697890536173],[120.37242624399029,22.62569109417342],[120.38141944762754,22.62569109417342],[120.38141944762754,22.616697890536173],[120.37242624399029,22.616697890536173]]]}},{"type":"Feature","properties":{"jobs":829,"pop":7184,"pointCount":13,"homeWorkCommuteMedian":5920,"workHomeCommuteMedian":5572},"geometry":{"type":"Polygon","coordinates":[[[120.37242624399029,22.62569109417342],[120.37242624399029,22.634684297810665],[120.38141944762754,22.634684297810665],[120.38141944762754,22.62569109417342],[120.37242624399029,22.62569109417342]]]}},{"type":"Feature","properties":{"jobs":2538,"pop":1107,"pointCount":12,"homeWorkCommuteMedian":6583,"workHomeCommuteMedian":7564},"geometry":{"type":"Polygon","coordinates":[[[120.37242624399029,22.634684297810665],[120.37242624399029,22.64367750144791],[120.38141944762754,22.64367750144791],[120.38141944762754,22.634684297810665],[120.37242624399029,22.634684297810665]]]}},{"type":"Feature","properties":{"jobs":547,"pop":893,"pointCount":5,"homeWorkCommuteMedian":12335,"workHomeCommuteMedian":6335},"geometry":{"type":"Polygon","coordinates":[[[120.37242624399029,22.64367750144791],[120.37242624399029,22.652670705085157],[120.38141944762754,22.652670705085157],[120.38141944762754,22.64367750144791],[120.37242624399029,22.64367750144791]]]}},{"type":"Feature","properties":{"jobs":499,"pop":313,"pointCount":7,"homeWorkCommuteMedian":14169,"workHomeCommuteMedian":18343},"geometry":{"type":"Polygon","coordinates":[[[120.37242624399029,22.652670705085157],[120.37242624399029,22.661663908722403],[120.38141944762754,22.661663908722403],[120.38141944762754,22.652670705085157],[120.37242624399029,22.652670705085157]]]}},{"type":"Feature","properties":{"jobs":290,"pop":1079,"pointCount":5,"homeWorkCommuteMedian":7800,"workHomeCommuteMedian":8474},"geometry":{"type":"Polygon","coordinates":[[[120.37242624399029,22.661663908722403],[120.37242624399029,22.67065711235965],[120.38141944762754,22.67065711235965],[120.38141944762754,22.661663908722403],[120.37242624399029,22.661663908722403]]]}},{"type":"Feature","properties":{"jobs":0,"pop":166,"pointCount":1,"homeWorkCommuteMedian":11711,"workHomeCommuteMedian":-1},"geometry":{"type":"Polygon","coordinates":[[[120.37242624399029,22.67065711235965],[120.37242624399029,22.679650315996895],[120.38141944762754,22.679650315996895],[120.38141944762754,22.67065711235965],[120.37242624399029,22.67065711235965]]]}},{"type":"Feature","properties":{"jobs":1995,"pop":525,"pointCount":4,"homeWorkCommuteMedian":6363,"workHomeCommuteMedian":8921},"geometry":{"type":"Polygon","coordinates":[[[120.37242624399029,22.68864351963414],[120.37242624399029,22.697636723271387],[120.38141944762754,22.697636723271387],[120.38141944762754,22.68864351963414],[120.37242624399029,22.68864351963414]]]}},{"type":"Feature","properties":{"jobs":1351,"pop":656,"pointCount":9,"homeWorkCommuteMedian":6305,"workHomeCommuteMedian":17260},"geometry":{"type":"Polygon","coordinates":[[[120.37242624399029,22.697636723271387],[120.37242624399029,22.706629926908633],[120.38141944762754,22.706629926908633],[120.38141944762754,22.697636723271387],[120.37242624399029,22.697636723271387]]]}},{"type":"Feature","properties":{"jobs":130,"pop":116,"pointCount":2,"homeWorkCommuteMedian":6627,"workHomeCommuteMedian":19031},"geometry":{"type":"Polygon","coordinates":[[[120.37242624399029,22.706629926908633],[120.37242624399029,22.71562313054588],[120.38141944762754,22.71562313054588],[120.38141944762754,22.706629926908633],[120.37242624399029,22.706629926908633]]]}},{"type":"Feature","properties":{"jobs":22,"pop":72,"pointCount":2,"homeWorkCommuteMedian":5565,"workHomeCommuteMedian":9023},"geometry":{"type":"Polygon","coordinates":[[[120.37242624399029,22.71562313054588],[120.37242624399029,22.724616334183125],[120.38141944762754,22.724616334183125],[120.38141944762754,22.71562313054588],[120.37242624399029,22.71562313054588]]]}},{"type":"Feature","properties":{"jobs":239,"pop":45,"pointCount":1,"homeWorkCommuteMedian":5248,"workHomeCommuteMedian":3573},"geometry":{"type":"Polygon","coordinates":[[[120.37242624399029,22.724616334183125],[120.37242624399029,22.73360953782037],[120.38141944762754,22.73360953782037],[120.38141944762754,22.724616334183125],[120.37242624399029,22.724616334183125]]]}},{"type":"Feature","properties":{"jobs":184,"pop":236,"pointCount":3,"homeWorkCommuteMedian":4912,"workHomeCommuteMedian":3694},"geometry":{"type":"Polygon","coordinates":[[[120.37242624399029,22.73360953782037],[120.37242624399029,22.742602741457617],[120.38141944762754,22.742602741457617],[120.38141944762754,22.73360953782037],[120.37242624399029,22.73360953782037]]]}},{"type":"Feature","properties":{"jobs":254,"pop":69,"pointCount":3,"homeWorkCommuteMedian":35521,"workHomeCommuteMedian":19386},"geometry":{"type":"Polygon","coordinates":[[[120.37242624399029,22.742602741457617],[120.37242624399029,22.751595945094863],[120.38141944762754,22.751595945094863],[120.38141944762754,22.742602741457617],[120.37242624399029,22.742602741457617]]]}},{"type":"Feature","properties":{"jobs":39,"pop":46,"pointCount":1,"homeWorkCommuteMedian":3402,"workHomeCommuteMedian":16227},"geometry":{"type":"Polygon","coordinates":[[[120.37242624399029,22.751595945094863],[120.37242624399029,22.76058914873211],[120.38141944762754,22.76058914873211],[120.38141944762754,22.751595945094863],[120.37242624399029,22.751595945094863]]]}},{"type":"Feature","properties":{"jobs":5141,"pop":169,"pointCount":6,"homeWorkCommuteMedian":6221,"workHomeCommuteMedian":16315},"geometry":{"type":"Polygon","coordinates":[[[120.37242624399029,22.76058914873211],[120.37242624399029,22.769582352369355],[120.38141944762754,22.769582352369355],[120.38141944762754,22.76058914873211],[120.37242624399029,22.76058914873211]]]}},{"type":"Feature","properties":{"jobs":142,"pop":89,"pointCount":5,"homeWorkCommuteMedian":11539,"workHomeCommuteMedian":13237},"geometry":{"type":"Polygon","coordinates":[[[120.37242624399029,22.769582352369355],[120.37242624399029,22.7785755560066],[120.38141944762754,22.7785755560066],[120.38141944762754,22.769582352369355],[120.37242624399029,22.769582352369355]]]}},{"type":"Feature","properties":{"jobs":33,"pop":209,"pointCount":2,"homeWorkCommuteMedian":10877,"workHomeCommuteMedian":16070},"geometry":{"type":"Polygon","coordinates":[[[120.37242624399029,22.787568759643847],[120.37242624399029,22.796561963281093],[120.38141944762754,22.796561963281093],[120.38141944762754,22.787568759643847],[120.37242624399029,22.787568759643847]]]}},{"type":"Feature","properties":{"jobs":0,"pop":70,"pointCount":1,"homeWorkCommuteMedian":9244,"workHomeCommuteMedian":-1},"geometry":{"type":"Polygon","coordinates":[[[120.37242624399029,22.80555516691834],[120.37242624399029,22.814548370555585],[120.38141944762754,22.814548370555585],[120.38141944762754,22.80555516691834],[120.37242624399029,22.80555516691834]]]}},{"type":"Feature","properties":{"jobs":0,"pop":65,"pointCount":1,"homeWorkCommuteMedian":11942,"workHomeCommuteMedian":-1},"geometry":{"type":"Polygon","coordinates":[[[120.37242624399029,22.814548370555585],[120.37242624399029,22.82354157419283],[120.38141944762754,22.82354157419283],[120.38141944762754,22.814548370555585],[120.37242624399029,22.814548370555585]]]}},{"type":"Feature","properties":{"jobs":0,"pop":71,"pointCount":2,"homeWorkCommuteMedian":76813,"workHomeCommuteMedian":-1},"geometry":{"type":"Polygon","coordinates":[[[120.37242624399029,22.841527981467323],[120.37242624399029,22.85052118510457],[120.38141944762754,22.85052118510457],[120.38141944762754,22.841527981467323],[120.37242624399029,22.841527981467323]]]}},{"type":"Feature","properties":{"jobs":0,"pop":24,"pointCount":1,"homeWorkCommuteMedian":9632,"workHomeCommuteMedian":-1},"geometry":{"type":"Polygon","coordinates":[[[120.37242624399029,22.85052118510457],[120.37242624399029,22.859514388741815],[120.38141944762754,22.859514388741815],[120.38141944762754,22.85052118510457],[120.37242624399029,22.85052118510457]]]}},{"type":"Feature","properties":{"jobs":0,"pop":156,"pointCount":2,"homeWorkCommuteMedian":33521,"workHomeCommuteMedian":-1},"geometry":{"type":"Polygon","coordinates":[[[120.37242624399029,22.859514388741815],[120.37242624399029,22.86850759237906],[120.38141944762754,22.86850759237906],[120.38141944762754,22.859514388741815],[120.37242624399029,22.859514388741815]]]}},{"type":"Feature","properties":{"jobs":29,"pop":26,"pointCount":2,"homeWorkCommuteMedian":18856,"workHomeCommuteMedian":24580},"geometry":{"type":"Polygon","coordinates":[[[120.37242624399029,22.86850759237906],[120.37242624399029,22.877500796016307],[120.38141944762754,22.877500796016307],[120.38141944762754,22.86850759237906],[120.37242624399029,22.86850759237906]]]}},{"type":"Feature","properties":{"jobs":57,"pop":205,"pointCount":5,"homeWorkCommuteMedian":37058,"workHomeCommuteMedian":2983},"geometry":{"type":"Polygon","coordinates":[[[120.37242624399029,22.877500796016307],[120.37242624399029,22.886493999653553],[120.38141944762754,22.886493999653553],[120.38141944762754,22.877500796016307],[120.37242624399029,22.877500796016307]]]}},{"type":"Feature","properties":{"jobs":0,"pop":349,"pointCount":1,"homeWorkCommuteMedian":19934,"workHomeCommuteMedian":-1},"geometry":{"type":"Polygon","coordinates":[[[120.38141944762754,22.481799835977483],[120.38141944762754,22.49079303961473],[120.39041265126478,22.49079303961473],[120.39041265126478,22.481799835977483],[120.38141944762754,22.481799835977483]]]}},{"type":"Feature","properties":{"jobs":272,"pop":1696,"pointCount":12,"homeWorkCommuteMedian":14057,"workHomeCommuteMedian":10314},"geometry":{"type":"Polygon","coordinates":[[[120.38141944762754,22.49079303961473],[120.38141944762754,22.499786243251975],[120.39041265126478,22.499786243251975],[120.39041265126478,22.49079303961473],[120.38141944762754,22.49079303961473]]]}},{"type":"Feature","properties":{"jobs":1647,"pop":3988,"pointCount":12,"homeWorkCommuteMedian":12728,"workHomeCommuteMedian":2970},"geometry":{"type":"Polygon","coordinates":[[[120.38141944762754,22.499786243251975],[120.38141944762754,22.50877944688922],[120.39041265126478,22.50877944688922],[120.39041265126478,22.499786243251975],[120.38141944762754,22.499786243251975]]]}},{"type":"Feature","properties":{"jobs":80,"pop":1638,"pointCount":6,"homeWorkCommuteMedian":3689,"workHomeCommuteMedian":26432},"geometry":{"type":"Polygon","coordinates":[[[120.38141944762754,22.50877944688922],[120.38141944762754,22.517772650526467],[120.39041265126478,22.517772650526467],[120.39041265126478,22.50877944688922],[120.38141944762754,22.50877944688922]]]}},{"type":"Feature","properties":{"jobs":503,"pop":153,"pointCount":4,"homeWorkCommuteMedian":7308,"workHomeCommuteMedian":2572},"geometry":{"type":"Polygon","coordinates":[[[120.38141944762754,22.517772650526467],[120.38141944762754,22.526765854163713],[120.39041265126478,22.526765854163713],[120.39041265126478,22.517772650526467],[120.38141944762754,22.517772650526467]]]}},{"type":"Feature","properties":{"jobs":0,"pop":445,"pointCount":1,"homeWorkCommuteMedian":3892,"workHomeCommuteMedian":-1},"geometry":{"type":"Polygon","coordinates":[[[120.38141944762754,22.53575905780096],[120.38141944762754,22.544752261438205],[120.39041265126478,22.544752261438205],[120.39041265126478,22.53575905780096],[120.38141944762754,22.53575905780096]]]}},{"type":"Feature","properties":{"jobs":589,"pop":347,"pointCount":4,"homeWorkCommuteMedian":6078,"workHomeCommuteMedian":10118},"geometry":{"type":"Polygon","coordinates":[[[120.38141944762754,22.544752261438205],[120.38141944762754,22.55374546507545],[120.39041265126478,22.55374546507545],[120.39041265126478,22.544752261438205],[120.38141944762754,22.544752261438205]]]}},{"type":"Feature","properties":{"jobs":88,"pop":2130,"pointCount":8,"homeWorkCommuteMedian":8294,"workHomeCommuteMedian":16167},"geometry":{"type":"Polygon","coordinates":[[[120.38141944762754,22.55374546507545],[120.38141944762754,22.562738668712697],[120.39041265126478,22.562738668712697],[120.39041265126478,22.55374546507545],[120.38141944762754,22.55374546507545]]]}},{"type":"Feature","properties":{"jobs":242,"pop":901,"pointCount":5,"homeWorkCommuteMedian":7157,"workHomeCommuteMedian":3002},"geometry":{"type":"Polygon","coordinates":[[[120.38141944762754,22.562738668712697],[120.38141944762754,22.571731872349943],[120.39041265126478,22.571731872349943],[120.39041265126478,22.562738668712697],[120.38141944762754,22.562738668712697]]]}},{"type":"Feature","properties":{"jobs":409,"pop":375,"pointCount":6,"homeWorkCommuteMedian":9903,"workHomeCommuteMedian":5442},"geometry":{"type":"Polygon","coordinates":[[[120.38141944762754,22.58072507598719],[120.38141944762754,22.589718279624435],[120.39041265126478,22.589718279624435],[120.39041265126478,22.58072507598719],[120.38141944762754,22.58072507598719]]]}},{"type":"Feature","properties":{"jobs":301,"pop":540,"pointCount":5,"homeWorkCommuteMedian":7756,"workHomeCommuteMedian":12093},"geometry":{"type":"Polygon","coordinates":[[[120.38141944762754,22.589718279624435],[120.38141944762754,22.59871148326168],[120.39041265126478,22.59871148326168],[120.39041265126478,22.589718279624435],[120.38141944762754,22.589718279624435]]]}},{"type":"Feature","properties":{"jobs":5582,"pop":634,"pointCount":5,"homeWorkCommuteMedian":6541,"workHomeCommuteMedian":10136},"geometry":{"type":"Polygon","coordinates":[[[120.38141944762754,22.59871148326168],[120.38141944762754,22.607704686898927],[120.39041265126478,22.607704686898927],[120.39041265126478,22.59871148326168],[120.38141944762754,22.59871148326168]]]}},{"type":"Feature","properties":{"jobs":1314,"pop":3740,"pointCount":12,"homeWorkCommuteMedian":7073,"workHomeCommuteMedian":8974},"geometry":{"type":"Polygon","coordinates":[[[120.38141944762754,22.607704686898927],[120.38141944762754,22.616697890536173],[120.39041265126478,22.616697890536173],[120.39041265126478,22.607704686898927],[120.38141944762754,22.607704686898927]]]}},{"type":"Feature","properties":{"jobs":1782,"pop":2686,"pointCount":11,"homeWorkCommuteMedian":7915,"workHomeCommuteMedian":16135},"geometry":{"type":"Polygon","coordinates":[[[120.38141944762754,22.616697890536173],[120.38141944762754,22.62569109417342],[120.39041265126478,22.62569109417342],[120.39041265126478,22.616697890536173],[120.38141944762754,22.616697890536173]]]}},{"type":"Feature","properties":{"jobs":2723,"pop":1597,"pointCount":8,"homeWorkCommuteMedian":10364,"workHomeCommuteMedian":7624},"geometry":{"type":"Polygon","coordinates":[[[120.38141944762754,22.62569109417342],[120.38141944762754,22.634684297810665],[120.39041265126478,22.634684297810665],[120.39041265126478,22.62569109417342],[120.38141944762754,22.62569109417342]]]}},{"type":"Feature","properties":{"jobs":1311,"pop":1791,"pointCount":10,"homeWorkCommuteMedian":10543,"workHomeCommuteMedian":8378},"geometry":{"type":"Polygon","coordinates":[[[120.38141944762754,22.634684297810665],[120.38141944762754,22.64367750144791],[120.39041265126478,22.64367750144791],[120.39041265126478,22.634684297810665],[120.38141944762754,22.634684297810665]]]}},{"type":"Feature","properties":{"jobs":812,"pop":239,"pointCount":6,"homeWorkCommuteMedian":7981,"workHomeCommuteMedian":7628},"geometry":{"type":"Polygon","coordinates":[[[120.38141944762754,22.64367750144791],[120.38141944762754,22.652670705085157],[120.39041265126478,22.652670705085157],[120.39041265126478,22.64367750144791],[120.38141944762754,22.64367750144791]]]}},{"type":"Feature","properties":{"jobs":194,"pop":1417,"pointCount":5,"homeWorkCommuteMedian":7828,"workHomeCommuteMedian":3962},"geometry":{"type":"Polygon","coordinates":[[[120.38141944762754,22.652670705085157],[120.38141944762754,22.661663908722403],[120.39041265126478,22.661663908722403],[120.39041265126478,22.652670705085157],[120.38141944762754,22.652670705085157]]]}},{"type":"Feature","properties":{"jobs":75,"pop":451,"pointCount":4,"homeWorkCommuteMedian":4092,"workHomeCommuteMedian":2378},"geometry":{"type":"Polygon","coordinates":[[[120.38141944762754,22.661663908722403],[120.38141944762754,22.67065711235965],[120.39041265126478,22.67065711235965],[120.39041265126478,22.661663908722403],[120.38141944762754,22.661663908722403]]]}},{"type":"Feature","properties":{"jobs":36,"pop":0,"pointCount":1,"homeWorkCommuteMedian":-1,"workHomeCommuteMedian":54534},"geometry":{"type":"Polygon","coordinates":[[[120.38141944762754,22.679650315996895],[120.38141944762754,22.68864351963414],[120.39041265126478,22.68864351963414],[120.39041265126478,22.679650315996895],[120.38141944762754,22.679650315996895]]]}},{"type":"Feature","properties":{"jobs":977,"pop":403,"pointCount":6,"homeWorkCommuteMedian":10075,"workHomeCommuteMedian":10226},"geometry":{"type":"Polygon","coordinates":[[[120.38141944762754,22.697636723271387],[120.38141944762754,22.706629926908633],[120.39041265126478,22.706629926908633],[120.39041265126478,22.697636723271387],[120.38141944762754,22.697636723271387]]]}},{"type":"Feature","properties":{"jobs":212,"pop":29,"pointCount":5,"homeWorkCommuteMedian":6327,"workHomeCommuteMedian":34576},"geometry":{"type":"Polygon","coordinates":[[[120.38141944762754,22.706629926908633],[120.38141944762754,22.71562313054588],[120.39041265126478,22.71562313054588],[120.39041265126478,22.706629926908633],[120.38141944762754,22.706629926908633]]]}},{"type":"Feature","properties":{"jobs":62,"pop":62,"pointCount":3,"homeWorkCommuteMedian":23694,"workHomeCommuteMedian":10756},"geometry":{"type":"Polygon","coordinates":[[[120.38141944762754,22.71562313054588],[120.38141944762754,22.724616334183125],[120.39041265126478,22.724616334183125],[120.39041265126478,22.71562313054588],[120.38141944762754,22.71562313054588]]]}},{"type":"Feature","properties":{"jobs":71,"pop":274,"pointCount":2,"homeWorkCommuteMedian":9687,"workHomeCommuteMedian":16842},"geometry":{"type":"Polygon","coordinates":[[[120.38141944762754,22.73360953782037],[120.38141944762754,22.742602741457617],[120.39041265126478,22.742602741457617],[120.39041265126478,22.73360953782037],[120.38141944762754,22.73360953782037]]]}},{"type":"Feature","properties":{"jobs":106,"pop":188,"pointCount":5,"homeWorkCommuteMedian":18456,"workHomeCommuteMedian":5287},"geometry":{"type":"Polygon","coordinates":[[[120.38141944762754,22.742602741457617],[120.38141944762754,22.751595945094863],[120.39041265126478,22.751595945094863],[120.39041265126478,22.742602741457617],[120.38141944762754,22.742602741457617]]]}},{"type":"Feature","properties":{"jobs":126,"pop":0,"pointCount":4,"homeWorkCommuteMedian":-1,"workHomeCommuteMedian":7893},"geometry":{"type":"Polygon","coordinates":[[[120.38141944762754,22.751595945094863],[120.38141944762754,22.76058914873211],[120.39041265126478,22.76058914873211],[120.39041265126478,22.751595945094863],[120.38141944762754,22.751595945094863]]]}},{"type":"Feature","properties":{"jobs":0,"pop":542,"pointCount":4,"homeWorkCommuteMedian":24776,"workHomeCommuteMedian":-1},"geometry":{"type":"Polygon","coordinates":[[[120.38141944762754,22.76058914873211],[120.38141944762754,22.769582352369355],[120.39041265126478,22.769582352369355],[120.39041265126478,22.76058914873211],[120.38141944762754,22.76058914873211]]]}},{"type":"Feature","properties":{"jobs":664,"pop":442,"pointCount":8,"homeWorkCommuteMedian":5509,"workHomeCommuteMedian":13300},"geometry":{"type":"Polygon","coordinates":[[[120.38141944762754,22.769582352369355],[120.38141944762754,22.7785755560066],[120.39041265126478,22.7785755560066],[120.39041265126478,22.769582352369355],[120.38141944762754,22.769582352369355]]]}},{"type":"Feature","properties":{"jobs":30,"pop":151,"pointCount":2,"homeWorkCommuteMedian":11006,"workHomeCommuteMedian":9359},"geometry":{"type":"Polygon","coordinates":[[[120.38141944762754,22.7785755560066],[120.38141944762754,22.787568759643847],[120.39041265126478,22.787568759643847],[120.39041265126478,22.7785755560066],[120.38141944762754,22.7785755560066]]]}},{"type":"Feature","properties":{"jobs":70,"pop":32,"pointCount":2,"homeWorkCommuteMedian":11037,"workHomeCommuteMedian":39605},"geometry":{"type":"Polygon","coordinates":[[[120.38141944762754,22.796561963281093],[120.38141944762754,22.80555516691834],[120.39041265126478,22.80555516691834],[120.39041265126478,22.796561963281093],[120.38141944762754,22.796561963281093]]]}},{"type":"Feature","properties":{"jobs":0,"pop":32,"pointCount":1,"homeWorkCommuteMedian":5073,"workHomeCommuteMedian":-1},"geometry":{"type":"Polygon","coordinates":[[[120.38141944762754,22.80555516691834],[120.38141944762754,22.814548370555585],[120.39041265126478,22.814548370555585],[120.39041265126478,22.80555516691834],[120.38141944762754,22.80555516691834]]]}},{"type":"Feature","properties":{"jobs":0,"pop":20,"pointCount":1,"homeWorkCommuteMedian":30956,"workHomeCommuteMedian":-1},"geometry":{"type":"Polygon","coordinates":[[[120.38141944762754,22.814548370555585],[120.38141944762754,22.82354157419283],[120.39041265126478,22.82354157419283],[120.39041265126478,22.814548370555585],[120.38141944762754,22.814548370555585]]]}},{"type":"Feature","properties":{"jobs":0,"pop":45,"pointCount":1,"homeWorkCommuteMedian":17782,"workHomeCommuteMedian":-1},"geometry":{"type":"Polygon","coordinates":[[[120.38141944762754,22.85052118510457],[120.38141944762754,22.859514388741815],[120.39041265126478,22.859514388741815],[120.39041265126478,22.85052118510457],[120.38141944762754,22.85052118510457]]]}},{"type":"Feature","properties":{"jobs":0,"pop":52,"pointCount":1,"homeWorkCommuteMedian":18332,"workHomeCommuteMedian":-1},"geometry":{"type":"Polygon","coordinates":[[[120.38141944762754,22.859514388741815],[120.38141944762754,22.86850759237906],[120.39041265126478,22.86850759237906],[120.39041265126478,22.859514388741815],[120.38141944762754,22.859514388741815]]]}},{"type":"Feature","properties":{"jobs":176,"pop":49,"pointCount":2,"homeWorkCommuteMedian":38772,"workHomeCommuteMedian":11182},"geometry":{"type":"Polygon","coordinates":[[[120.38141944762754,22.86850759237906],[120.38141944762754,22.877500796016307],[120.39041265126478,22.877500796016307],[120.39041265126478,22.86850759237906],[120.38141944762754,22.86850759237906]]]}},{"type":"Feature","properties":{"jobs":28,"pop":271,"pointCount":5,"homeWorkCommuteMedian":19312,"workHomeCommuteMedian":42615},"geometry":{"type":"Polygon","coordinates":[[[120.38141944762754,22.877500796016307],[120.38141944762754,22.886493999653553],[120.39041265126478,22.886493999653553],[120.39041265126478,22.877500796016307],[120.38141944762754,22.877500796016307]]]}},{"type":"Feature","properties":{"jobs":487,"pop":3652,"pointCount":11,"homeWorkCommuteMedian":12999,"workHomeCommuteMedian":3902},"geometry":{"type":"Polygon","coordinates":[[[120.39041265126478,22.481799835977483],[120.39041265126478,22.49079303961473],[120.39940585490203,22.49079303961473],[120.39940585490203,22.481799835977483],[120.39041265126478,22.481799835977483]]]}},{"type":"Feature","properties":{"jobs":1104,"pop":241,"pointCount":8,"homeWorkCommuteMedian":9018,"workHomeCommuteMedian":3912},"geometry":{"type":"Polygon","coordinates":[[[120.39041265126478,22.49079303961473],[120.39041265126478,22.499786243251975],[120.39940585490203,22.499786243251975],[120.39940585490203,22.49079303961473],[120.39041265126478,22.49079303961473]]]}},{"type":"Feature","properties":{"jobs":4649,"pop":4376,"pointCount":14,"homeWorkCommuteMedian":8579,"workHomeCommuteMedian":2426},"geometry":{"type":"Polygon","coordinates":[[[120.39041265126478,22.499786243251975],[120.39041265126478,22.50877944688922],[120.39940585490203,22.50877944688922],[120.39940585490203,22.499786243251975],[120.39041265126478,22.499786243251975]]]}},{"type":"Feature","properties":{"jobs":2049,"pop":1815,"pointCount":9,"homeWorkCommuteMedian":7492,"workHomeCommuteMedian":3175},"geometry":{"type":"Polygon","coordinates":[[[120.39041265126478,22.50877944688922],[120.39041265126478,22.517772650526467],[120.39940585490203,22.517772650526467],[120.39940585490203,22.50877944688922],[120.39041265126478,22.50877944688922]]]}},{"type":"Feature","properties":{"jobs":423,"pop":854,"pointCount":9,"homeWorkCommuteMedian":18838,"workHomeCommuteMedian":3960},"geometry":{"type":"Polygon","coordinates":[[[120.39041265126478,22.517772650526467],[120.39041265126478,22.526765854163713],[120.39940585490203,22.526765854163713],[120.39940585490203,22.517772650526467],[120.39041265126478,22.517772650526467]]]}},{"type":"Feature","properties":{"jobs":60,"pop":1574,"pointCount":6,"homeWorkCommuteMedian":14555,"workHomeCommuteMedian":5573},"geometry":{"type":"Polygon","coordinates":[[[120.39041265126478,22.526765854163713],[120.39041265126478,22.53575905780096],[120.39940585490203,22.53575905780096],[120.39940585490203,22.526765854163713],[120.39041265126478,22.526765854163713]]]}},{"type":"Feature","properties":{"jobs":31,"pop":0,"pointCount":1,"homeWorkCommuteMedian":-1,"workHomeCommuteMedian":14133},"geometry":{"type":"Polygon","coordinates":[[[120.39041265126478,22.544752261438205],[120.39041265126478,22.55374546507545],[120.39940585490203,22.55374546507545],[120.39940585490203,22.544752261438205],[120.39041265126478,22.544752261438205]]]}},{"type":"Feature","properties":{"jobs":304,"pop":414,"pointCount":3,"homeWorkCommuteMedian":7054,"workHomeCommuteMedian":24163},"geometry":{"type":"Polygon","coordinates":[[[120.39041265126478,22.55374546507545],[120.39041265126478,22.562738668712697],[120.39940585490203,22.562738668712697],[120.39940585490203,22.55374546507545],[120.39041265126478,22.55374546507545]]]}},{"type":"Feature","properties":{"jobs":0,"pop":338,"pointCount":2,"homeWorkCommuteMedian":6031,"workHomeCommuteMedian":-1},"geometry":{"type":"Polygon","coordinates":[[[120.39041265126478,22.562738668712697],[120.39041265126478,22.571731872349943],[120.39940585490203,22.571731872349943],[120.39940585490203,22.562738668712697],[120.39041265126478,22.562738668712697]]]}},{"type":"Feature","properties":{"jobs":674,"pop":482,"pointCount":7,"homeWorkCommuteMedian":12397,"workHomeCommuteMedian":8536},"geometry":{"type":"Polygon","coordinates":[[[120.39041265126478,22.58072507598719],[120.39041265126478,22.589718279624435],[120.39940585490203,22.589718279624435],[120.39940585490203,22.58072507598719],[120.39041265126478,22.58072507598719]]]}},{"type":"Feature","properties":{"jobs":1755,"pop":2411,"pointCount":10,"homeWorkCommuteMedian":7385,"workHomeCommuteMedian":8247},"geometry":{"type":"Polygon","coordinates":[[[120.39041265126478,22.589718279624435],[120.39041265126478,22.59871148326168],[120.39940585490203,22.59871148326168],[120.39940585490203,22.589718279624435],[120.39041265126478,22.589718279624435]]]}},{"type":"Feature","properties":{"jobs":3254,"pop":2492,"pointCount":10,"homeWorkCommuteMedian":5868,"workHomeCommuteMedian":9393},"geometry":{"type":"Polygon","coordinates":[[[120.39041265126478,22.59871148326168],[120.39041265126478,22.607704686898927],[120.39940585490203,22.607704686898927],[120.39940585490203,22.59871148326168],[120.39041265126478,22.59871148326168]]]}},{"type":"Feature","properties":{"jobs":1597,"pop":1918,"pointCount":8,"homeWorkCommuteMedian":7276,"workHomeCommuteMedian":4660},"geometry":{"type":"Polygon","coordinates":[[[120.39041265126478,22.607704686898927],[120.39041265126478,22.616697890536173],[120.39940585490203,22.616697890536173],[120.39940585490203,22.607704686898927],[120.39041265126478,22.607704686898927]]]}},{"type":"Feature","properties":{"jobs":1316,"pop":1876,"pointCount":9,"homeWorkCommuteMedian":7264,"workHomeCommuteMedian":11440},"geometry":{"type":"Polygon","coordinates":[[[120.39041265126478,22.616697890536173],[120.39041265126478,22.62569109417342],[120.39940585490203,22.62569109417342],[120.39940585490203,22.616697890536173],[120.39041265126478,22.616697890536173]]]}},{"type":"Feature","properties":{"jobs":1033,"pop":2253,"pointCount":9,"homeWorkCommuteMedian":6476,"workHomeCommuteMedian":7713},"geometry":{"type":"Polygon","coordinates":[[[120.39041265126478,22.62569109417342],[120.39041265126478,22.634684297810665],[120.39940585490203,22.634684297810665],[120.39940585490203,22.62569109417342],[120.39041265126478,22.62569109417342]]]}},{"type":"Feature","properties":{"jobs":3905,"pop":6645,"pointCount":13,"homeWorkCommuteMedian":8171,"workHomeCommuteMedian":9573},"geometry":{"type":"Polygon","coordinates":[[[120.39041265126478,22.634684297810665],[120.39041265126478,22.64367750144791],[120.39940585490203,22.64367750144791],[120.39940585490203,22.634684297810665],[120.39041265126478,22.634684297810665]]]}},{"type":"Feature","properties":{"jobs":676,"pop":702,"pointCount":5,"homeWorkCommuteMedian":9150,"workHomeCommuteMedian":10469},"geometry":{"type":"Polygon","coordinates":[[[120.39041265126478,22.64367750144791],[120.39041265126478,22.652670705085157],[120.39940585490203,22.652670705085157],[120.39940585490203,22.64367750144791],[120.39041265126478,22.64367750144791]]]}},{"type":"Feature","properties":{"jobs":478,"pop":3676,"pointCount":13,"homeWorkCommuteMedian":7695,"workHomeCommuteMedian":6619},"geometry":{"type":"Polygon","coordinates":[[[120.39041265126478,22.652670705085157],[120.39041265126478,22.661663908722403],[120.39940585490203,22.661663908722403],[120.39940585490203,22.652670705085157],[120.39041265126478,22.652670705085157]]]}},{"type":"Feature","properties":{"jobs":28,"pop":696,"pointCount":4,"homeWorkCommuteMedian":7899,"workHomeCommuteMedian":4557},"geometry":{"type":"Polygon","coordinates":[[[120.39041265126478,22.661663908722403],[120.39041265126478,22.67065711235965],[120.39940585490203,22.67065711235965],[120.39940585490203,22.661663908722403],[120.39041265126478,22.661663908722403]]]}},{"type":"Feature","properties":{"jobs":63,"pop":75,"pointCount":3,"homeWorkCommuteMedian":7580,"workHomeCommuteMedian":6347},"geometry":{"type":"Polygon","coordinates":[[[120.39041265126478,22.67065711235965],[120.39041265126478,22.679650315996895],[120.39940585490203,22.679650315996895],[120.39940585490203,22.67065711235965],[120.39041265126478,22.67065711235965]]]}},{"type":"Feature","properties":{"jobs":137,"pop":24,"pointCount":2,"homeWorkCommuteMedian":6304,"workHomeCommuteMedian":6300},"geometry":{"type":"Polygon","coordinates":[[[120.39041265126478,22.68864351963414],[120.39041265126478,22.697636723271387],[120.39940585490203,22.697636723271387],[120.39940585490203,22.68864351963414],[120.39041265126478,22.68864351963414]]]}},{"type":"Feature","properties":{"jobs":976,"pop":530,"pointCount":4,"homeWorkCommuteMedian":13895,"workHomeCommuteMedian":14031},"geometry":{"type":"Polygon","coordinates":[[[120.39041265126478,22.697636723271387],[120.39041265126478,22.706629926908633],[120.39940585490203,22.706629926908633],[120.39940585490203,22.697636723271387],[120.39041265126478,22.697636723271387]]]}},{"type":"Feature","properties":{"jobs":36,"pop":0,"pointCount":1,"homeWorkCommuteMedian":-1,"workHomeCommuteMedian":18956},"geometry":{"type":"Polygon","coordinates":[[[120.39041265126478,22.706629926908633],[120.39041265126478,22.71562313054588],[120.39940585490203,22.71562313054588],[120.39940585490203,22.706629926908633],[120.39041265126478,22.706629926908633]]]}},{"type":"Feature","properties":{"jobs":570,"pop":0,"pointCount":1,"homeWorkCommuteMedian":-1,"workHomeCommuteMedian":10683},"geometry":{"type":"Polygon","coordinates":[[[120.39041265126478,22.71562313054588],[120.39041265126478,22.724616334183125],[120.39940585490203,22.724616334183125],[120.39940585490203,22.71562313054588],[120.39041265126478,22.71562313054588]]]}},{"type":"Feature","properties":{"jobs":0,"pop":101,"pointCount":2,"homeWorkCommuteMedian":26581,"workHomeCommuteMedian":-1},"geometry":{"type":"Polygon","coordinates":[[[120.39041265126478,22.724616334183125],[120.39041265126478,22.73360953782037],[120.39940585490203,22.73360953782037],[120.39940585490203,22.724616334183125],[120.39041265126478,22.724616334183125]]]}},{"type":"Feature","properties":{"jobs":68,"pop":46,"pointCount":2,"homeWorkCommuteMedian":16382,"workHomeCommuteMedian":33958},"geometry":{"type":"Polygon","coordinates":[[[120.39041265126478,22.73360953782037],[120.39041265126478,22.742602741457617],[120.39940585490203,22.742602741457617],[120.39940585490203,22.73360953782037],[120.39041265126478,22.73360953782037]]]}},{"type":"Feature","properties":{"jobs":118,"pop":0,"pointCount":1,"homeWorkCommuteMedian":-1,"workHomeCommuteMedian":29880},"geometry":{"type":"Polygon","coordinates":[[[120.39041265126478,22.742602741457617],[120.39041265126478,22.751595945094863],[120.39940585490203,22.751595945094863],[120.39940585490203,22.742602741457617],[120.39041265126478,22.742602741457617]]]}},{"type":"Feature","properties":{"jobs":42,"pop":35,"pointCount":2,"homeWorkCommuteMedian":7333,"workHomeCommuteMedian":19392},"geometry":{"type":"Polygon","coordinates":[[[120.39041265126478,22.751595945094863],[120.39041265126478,22.76058914873211],[120.39940585490203,22.76058914873211],[120.39940585490203,22.751595945094863],[120.39041265126478,22.751595945094863]]]}},{"type":"Feature","properties":{"jobs":221,"pop":309,"pointCount":7,"homeWorkCommuteMedian":4078,"workHomeCommuteMedian":18620},"geometry":{"type":"Polygon","coordinates":[[[120.39041265126478,22.769582352369355],[120.39041265126478,22.7785755560066],[120.39940585490203,22.7785755560066],[120.39940585490203,22.769582352369355],[120.39041265126478,22.769582352369355]]]}},{"type":"Feature","properties":{"jobs":49,"pop":182,"pointCount":4,"homeWorkCommuteMedian":11221,"workHomeCommuteMedian":21290},"geometry":{"type":"Polygon","coordinates":[[[120.39041265126478,22.80555516691834],[120.39041265126478,22.814548370555585],[120.39940585490203,22.814548370555585],[120.39940585490203,22.80555516691834],[120.39041265126478,22.80555516691834]]]}},{"type":"Feature","properties":{"jobs":0,"pop":24,"pointCount":1,"homeWorkCommuteMedian":22956,"workHomeCommuteMedian":-1},"geometry":{"type":"Polygon","coordinates":[[[120.39041265126478,22.814548370555585],[120.39041265126478,22.82354157419283],[120.39940585490203,22.82354157419283],[120.39940585490203,22.814548370555585],[120.39041265126478,22.814548370555585]]]}},{"type":"Feature","properties":{"jobs":0,"pop":26,"pointCount":1,"homeWorkCommuteMedian":21174,"workHomeCommuteMedian":-1},"geometry":{"type":"Polygon","coordinates":[[[120.39041265126478,22.82354157419283],[120.39041265126478,22.832534777830077],[120.39940585490203,22.832534777830077],[120.39940585490203,22.82354157419283],[120.39041265126478,22.82354157419283]]]}},{"type":"Feature","properties":{"jobs":49,"pop":38,"pointCount":2,"homeWorkCommuteMedian":4787,"workHomeCommuteMedian":25560},"geometry":{"type":"Polygon","coordinates":[[[120.39041265126478,22.841527981467323],[120.39041265126478,22.85052118510457],[120.39940585490203,22.85052118510457],[120.39940585490203,22.841527981467323],[120.39041265126478,22.841527981467323]]]}},{"type":"Feature","properties":{"jobs":0,"pop":40,"pointCount":1,"homeWorkCommuteMedian":25905,"workHomeCommuteMedian":-1},"geometry":{"type":"Polygon","coordinates":[[[120.39041265126478,22.85052118510457],[120.39041265126478,22.859514388741815],[120.39940585490203,22.859514388741815],[120.39940585490203,22.85052118510457],[120.39041265126478,22.85052118510457]]]}},{"type":"Feature","properties":{"jobs":70,"pop":65,"pointCount":2,"homeWorkCommuteMedian":4868,"workHomeCommuteMedian":9395},"geometry":{"type":"Polygon","coordinates":[[[120.39041265126478,22.877500796016307],[120.39041265126478,22.886493999653553],[120.39940585490203,22.886493999653553],[120.39940585490203,22.877500796016307],[120.39041265126478,22.877500796016307]]]}},{"type":"Feature","properties":{"jobs":58,"pop":50,"pointCount":2,"homeWorkCommuteMedian":36148,"workHomeCommuteMedian":15678},"geometry":{"type":"Polygon","coordinates":[[[120.39041265126478,22.886493999653553],[120.39041265126478,22.8954872032908],[120.39940585490203,22.8954872032908],[120.39940585490203,22.886493999653553],[120.39041265126478,22.886493999653553]]]}},{"type":"Feature","properties":{"jobs":0,"pop":54,"pointCount":1,"homeWorkCommuteMedian":25436,"workHomeCommuteMedian":-1},"geometry":{"type":"Polygon","coordinates":[[[120.39041265126478,22.904480406928045],[120.39041265126478,22.91347361056529],[120.39940585490203,22.91347361056529],[120.39940585490203,22.904480406928045],[120.39041265126478,22.904480406928045]]]}},{"type":"Feature","properties":{"jobs":44,"pop":503,"pointCount":4,"homeWorkCommuteMedian":13634,"workHomeCommuteMedian":6261},"geometry":{"type":"Polygon","coordinates":[[[120.39940585490203,22.472806632340237],[120.39940585490203,22.481799835977483],[120.40839905853927,22.481799835977483],[120.40839905853927,22.472806632340237],[120.39940585490203,22.472806632340237]]]}},{"type":"Feature","properties":{"jobs":259,"pop":455,"pointCount":9,"homeWorkCommuteMedian":13515,"workHomeCommuteMedian":10241},"geometry":{"type":"Polygon","coordinates":[[[120.39940585490203,22.481799835977483],[120.39940585490203,22.49079303961473],[120.40839905853927,22.49079303961473],[120.40839905853927,22.481799835977483],[120.39940585490203,22.481799835977483]]]}},{"type":"Feature","properties":{"jobs":551,"pop":0,"pointCount":5,"homeWorkCommuteMedian":-1,"workHomeCommuteMedian":3698},"geometry":{"type":"Polygon","coordinates":[[[120.39940585490203,22.49079303961473],[120.39940585490203,22.499786243251975],[120.40839905853927,22.499786243251975],[120.40839905853927,22.49079303961473],[120.39940585490203,22.49079303961473]]]}},{"type":"Feature","properties":{"jobs":2346,"pop":1456,"pointCount":15,"homeWorkCommuteMedian":3905,"workHomeCommuteMedian":3940},"geometry":{"type":"Polygon","coordinates":[[[120.39940585490203,22.499786243251975],[120.39940585490203,22.50877944688922],[120.40839905853927,22.50877944688922],[120.40839905853927,22.499786243251975],[120.39940585490203,22.499786243251975]]]}},{"type":"Feature","properties":{"jobs":334,"pop":1772,"pointCount":13,"homeWorkCommuteMedian":3902,"workHomeCommuteMedian":3256},"geometry":{"type":"Polygon","coordinates":[[[120.39940585490203,22.50877944688922],[120.39940585490203,22.517772650526467],[120.40839905853927,22.517772650526467],[120.40839905853927,22.50877944688922],[120.39940585490203,22.50877944688922]]]}},{"type":"Feature","properties":{"jobs":601,"pop":586,"pointCount":14,"homeWorkCommuteMedian":18027,"workHomeCommuteMedian":17459},"geometry":{"type":"Polygon","coordinates":[[[120.39940585490203,22.517772650526467],[120.39940585490203,22.526765854163713],[120.40839905853927,22.526765854163713],[120.40839905853927,22.517772650526467],[120.39940585490203,22.517772650526467]]]}},{"type":"Feature","properties":{"jobs":460,"pop":1889,"pointCount":11,"homeWorkCommuteMedian":17783,"workHomeCommuteMedian":7199},"geometry":{"type":"Polygon","coordinates":[[[120.39940585490203,22.526765854163713],[120.39940585490203,22.53575905780096],[120.40839905853927,22.53575905780096],[120.40839905853927,22.526765854163713],[120.39940585490203,22.526765854163713]]]}},{"type":"Feature","properties":{"jobs":365,"pop":3118,"pointCount":17,"homeWorkCommuteMedian":10024,"workHomeCommuteMedian":7356},"geometry":{"type":"Polygon","coordinates":[[[120.39940585490203,22.53575905780096],[120.39940585490203,22.544752261438205],[120.40839905853927,22.544752261438205],[120.40839905853927,22.53575905780096],[120.39940585490203,22.53575905780096]]]}},{"type":"Feature","properties":{"jobs":262,"pop":0,"pointCount":3,"homeWorkCommuteMedian":-1,"workHomeCommuteMedian":10836},"geometry":{"type":"Polygon","coordinates":[[[120.39940585490203,22.55374546507545],[120.39940585490203,22.562738668712697],[120.40839905853927,22.562738668712697],[120.40839905853927,22.55374546507545],[120.39940585490203,22.55374546507545]]]}},{"type":"Feature","properties":{"jobs":210,"pop":373,"pointCount":3,"homeWorkCommuteMedian":6805,"workHomeCommuteMedian":14237},"geometry":{"type":"Polygon","coordinates":[[[120.39940585490203,22.571731872349943],[120.39940585490203,22.58072507598719],[120.40839905853927,22.58072507598719],[120.40839905853927,22.571731872349943],[120.39940585490203,22.571731872349943]]]}},{"type":"Feature","properties":{"jobs":2125,"pop":513,"pointCount":7,"homeWorkCommuteMedian":9328,"workHomeCommuteMedian":8183},"geometry":{"type":"Polygon","coordinates":[[[120.39940585490203,22.58072507598719],[120.39940585490203,22.589718279624435],[120.40839905853927,22.589718279624435],[120.40839905853927,22.58072507598719],[120.39940585490203,22.58072507598719]]]}},{"type":"Feature","properties":{"jobs":1178,"pop":910,"pointCount":9,"homeWorkCommuteMedian":6926,"workHomeCommuteMedian":5587},"geometry":{"type":"Polygon","coordinates":[[[120.39940585490203,22.589718279624435],[120.39940585490203,22.59871148326168],[120.40839905853927,22.59871148326168],[120.40839905853927,22.589718279624435],[120.39940585490203,22.589718279624435]]]}},{"type":"Feature","properties":{"jobs":689,"pop":2783,"pointCount":8,"homeWorkCommuteMedian":8221,"workHomeCommuteMedian":5668},"geometry":{"type":"Polygon","coordinates":[[[120.39940585490203,22.59871148326168],[120.39940585490203,22.607704686898927],[120.40839905853927,22.607704686898927],[120.40839905853927,22.59871148326168],[120.39940585490203,22.59871148326168]]]}},{"type":"Feature","properties":{"jobs":1070,"pop":2926,"pointCount":11,"homeWorkCommuteMedian":7260,"workHomeCommuteMedian":8751},"geometry":{"type":"Polygon","coordinates":[[[120.39940585490203,22.607704686898927],[120.39940585490203,22.616697890536173],[120.40839905853927,22.616697890536173],[120.40839905853927,22.607704686898927],[120.39940585490203,22.607704686898927]]]}},{"type":"Feature","properties":{"jobs":72,"pop":1032,"pointCount":3,"homeWorkCommuteMedian":6251,"workHomeCommuteMedian":24468},"geometry":{"type":"Polygon","coordinates":[[[120.39940585490203,22.616697890536173],[120.39940585490203,22.62569109417342],[120.40839905853927,22.62569109417342],[120.40839905853927,22.616697890536173],[120.39940585490203,22.616697890536173]]]}},{"type":"Feature","properties":{"jobs":357,"pop":814,"pointCount":3,"homeWorkCommuteMedian":10036,"workHomeCommuteMedian":25813},"geometry":{"type":"Polygon","coordinates":[[[120.39940585490203,22.62569109417342],[120.39940585490203,22.634684297810665],[120.40839905853927,22.634684297810665],[120.40839905853927,22.62569109417342],[120.39940585490203,22.62569109417342]]]}},{"type":"Feature","properties":{"jobs":1913,"pop":233,"pointCount":5,"homeWorkCommuteMedian":7652,"workHomeCommuteMedian":9254},"geometry":{"type":"Polygon","coordinates":[[[120.39940585490203,22.634684297810665],[120.39940585490203,22.64367750144791],[120.40839905853927,22.64367750144791],[120.40839905853927,22.634684297810665],[120.39940585490203,22.634684297810665]]]}},{"type":"Feature","properties":{"jobs":101,"pop":0,"pointCount":2,"homeWorkCommuteMedian":-1,"workHomeCommuteMedian":5748},"geometry":{"type":"Polygon","coordinates":[[[120.39940585490203,22.64367750144791],[120.39940585490203,22.652670705085157],[120.40839905853927,22.652670705085157],[120.40839905853927,22.64367750144791],[120.39940585490203,22.64367750144791]]]}},{"type":"Feature","properties":{"jobs":0,"pop":337,"pointCount":2,"homeWorkCommuteMedian":13666,"workHomeCommuteMedian":-1},"geometry":{"type":"Polygon","coordinates":[[[120.39940585490203,22.652670705085157],[120.39940585490203,22.661663908722403],[120.40839905853927,22.661663908722403],[120.40839905853927,22.652670705085157],[120.39940585490203,22.652670705085157]]]}},{"type":"Feature","properties":{"jobs":159,"pop":829,"pointCount":8,"homeWorkCommuteMedian":11254,"workHomeCommuteMedian":10699},"geometry":{"type":"Polygon","coordinates":[[[120.39940585490203,22.661663908722403],[120.39940585490203,22.67065711235965],[120.40839905853927,22.67065711235965],[120.40839905853927,22.661663908722403],[120.39940585490203,22.661663908722403]]]}},{"type":"Feature","properties":{"jobs":46,"pop":303,"pointCount":5,"homeWorkCommuteMedian":12538,"workHomeCommuteMedian":4832},"geometry":{"type":"Polygon","coordinates":[[[120.39940585490203,22.67065711235965],[120.39940585490203,22.679650315996895],[120.40839905853927,22.679650315996895],[120.40839905853927,22.67065711235965],[120.39940585490203,22.67065711235965]]]}},{"type":"Feature","properties":{"jobs":0,"pop":71,"pointCount":1,"homeWorkCommuteMedian":9367,"workHomeCommuteMedian":-1},"geometry":{"type":"Polygon","coordinates":[[[120.39940585490203,22.679650315996895],[120.39940585490203,22.68864351963414],[120.40839905853927,22.68864351963414],[120.40839905853927,22.679650315996895],[120.39940585490203,22.679650315996895]]]}},{"type":"Feature","properties":{"jobs":0,"pop":30,"pointCount":1,"homeWorkCommuteMedian":14066,"workHomeCommuteMedian":-1},"geometry":{"type":"Polygon","coordinates":[[[120.39940585490203,22.68864351963414],[120.39940585490203,22.697636723271387],[120.40839905853927,22.697636723271387],[120.40839905853927,22.68864351963414],[120.39940585490203,22.68864351963414]]]}},{"type":"Feature","properties":{"jobs":135,"pop":0,"pointCount":2,"homeWorkCommuteMedian":-1,"workHomeCommuteMedian":30804},"geometry":{"type":"Polygon","coordinates":[[[120.39940585490203,22.697636723271387],[120.39940585490203,22.706629926908633],[120.40839905853927,22.706629926908633],[120.40839905853927,22.697636723271387],[120.39940585490203,22.697636723271387]]]}},{"type":"Feature","properties":{"jobs":590,"pop":0,"pointCount":2,"homeWorkCommuteMedian":-1,"workHomeCommuteMedian":11573},"geometry":{"type":"Polygon","coordinates":[[[120.39940585490203,22.71562313054588],[120.39940585490203,22.724616334183125],[120.40839905853927,22.724616334183125],[120.40839905853927,22.71562313054588],[120.39940585490203,22.71562313054588]]]}},{"type":"Feature","properties":{"jobs":11188,"pop":114,"pointCount":11,"homeWorkCommuteMedian":12613,"workHomeCommuteMedian":15201},"geometry":{"type":"Polygon","coordinates":[[[120.39940585490203,22.724616334183125],[120.39940585490203,22.73360953782037],[120.40839905853927,22.73360953782037],[120.40839905853927,22.724616334183125],[120.39940585490203,22.724616334183125]]]}},{"type":"Feature","properties":{"jobs":0,"pop":32,"pointCount":1,"homeWorkCommuteMedian":8681,"workHomeCommuteMedian":-1},"geometry":{"type":"Polygon","coordinates":[[[120.39940585490203,22.73360953782037],[120.39940585490203,22.742602741457617],[120.40839905853927,22.742602741457617],[120.40839905853927,22.73360953782037],[120.39940585490203,22.73360953782037]]]}},{"type":"Feature","properties":{"jobs":0,"pop":30,"pointCount":1,"homeWorkCommuteMedian":7220,"workHomeCommuteMedian":-1},"geometry":{"type":"Polygon","coordinates":[[[120.39940585490203,22.742602741457617],[120.39940585490203,22.751595945094863],[120.40839905853927,22.751595945094863],[120.40839905853927,22.742602741457617],[120.39940585490203,22.742602741457617]]]}},{"type":"Feature","properties":{"jobs":38,"pop":91,"pointCount":4,"homeWorkCommuteMedian":27983,"workHomeCommuteMedian":8563},"geometry":{"type":"Polygon","coordinates":[[[120.39940585490203,22.751595945094863],[120.39940585490203,22.76058914873211],[120.40839905853927,22.76058914873211],[120.40839905853927,22.751595945094863],[120.39940585490203,22.751595945094863]]]}},{"type":"Feature","properties":{"jobs":0,"pop":30,"pointCount":1,"homeWorkCommuteMedian":6965,"workHomeCommuteMedian":-1},"geometry":{"type":"Polygon","coordinates":[[[120.39940585490203,22.76058914873211],[120.39940585490203,22.769582352369355],[120.40839905853927,22.769582352369355],[120.40839905853927,22.76058914873211],[120.39940585490203,22.76058914873211]]]}},{"type":"Feature","properties":{"jobs":16735,"pop":141,"pointCount":8,"homeWorkCommuteMedian":10210,"workHomeCommuteMedian":21238},"geometry":{"type":"Polygon","coordinates":[[[120.39940585490203,22.769582352369355],[120.39940585490203,22.7785755560066],[120.40839905853927,22.7785755560066],[120.40839905853927,22.769582352369355],[120.39940585490203,22.769582352369355]]]}},{"type":"Feature","properties":{"jobs":124,"pop":20,"pointCount":2,"homeWorkCommuteMedian":20421,"workHomeCommuteMedian":13831},"geometry":{"type":"Polygon","coordinates":[[[120.39940585490203,22.7785755560066],[120.39940585490203,22.787568759643847],[120.40839905853927,22.787568759643847],[120.40839905853927,22.7785755560066],[120.39940585490203,22.7785755560066]]]}},{"type":"Feature","properties":{"jobs":548,"pop":0,"pointCount":4,"homeWorkCommuteMedian":-1,"workHomeCommuteMedian":21478},"geometry":{"type":"Polygon","coordinates":[[[120.39940585490203,22.787568759643847],[120.39940585490203,22.796561963281093],[120.40839905853927,22.796561963281093],[120.40839905853927,22.787568759643847],[120.39940585490203,22.787568759643847]]]}},{"type":"Feature","properties":{"jobs":132,"pop":0,"pointCount":1,"homeWorkCommuteMedian":-1,"workHomeCommuteMedian":24638},"geometry":{"type":"Polygon","coordinates":[[[120.39940585490203,22.796561963281093],[120.39940585490203,22.80555516691834],[120.40839905853927,22.80555516691834],[120.40839905853927,22.796561963281093],[120.39940585490203,22.796561963281093]]]}},{"type":"Feature","properties":{"jobs":27,"pop":29,"pointCount":1,"homeWorkCommuteMedian":6278,"workHomeCommuteMedian":20244},"geometry":{"type":"Polygon","coordinates":[[[120.39940585490203,22.80555516691834],[120.39940585490203,22.814548370555585],[120.40839905853927,22.814548370555585],[120.40839905853927,22.80555516691834],[120.39940585490203,22.80555516691834]]]}},{"type":"Feature","properties":{"jobs":52,"pop":27,"pointCount":2,"homeWorkCommuteMedian":13221,"workHomeCommuteMedian":5855},"geometry":{"type":"Polygon","coordinates":[[[120.39940585490203,22.82354157419283],[120.39940585490203,22.832534777830077],[120.40839905853927,22.832534777830077],[120.40839905853927,22.82354157419283],[120.39940585490203,22.82354157419283]]]}},{"type":"Feature","properties":{"jobs":66,"pop":0,"pointCount":1,"homeWorkCommuteMedian":-1,"workHomeCommuteMedian":9722},"geometry":{"type":"Polygon","coordinates":[[[120.39940585490203,22.832534777830077],[120.39940585490203,22.841527981467323],[120.40839905853927,22.841527981467323],[120.40839905853927,22.832534777830077],[120.39940585490203,22.832534777830077]]]}},{"type":"Feature","properties":{"jobs":0,"pop":85,"pointCount":2,"homeWorkCommuteMedian":21555,"workHomeCommuteMedian":-1},"geometry":{"type":"Polygon","coordinates":[[[120.39940585490203,22.841527981467323],[120.39940585490203,22.85052118510457],[120.40839905853927,22.85052118510457],[120.40839905853927,22.841527981467323],[120.39940585490203,22.841527981467323]]]}},{"type":"Feature","properties":{"jobs":0,"pop":48,"pointCount":1,"homeWorkCommuteMedian":43528,"workHomeCommuteMedian":-1},"geometry":{"type":"Polygon","coordinates":[[[120.39940585490203,22.86850759237906],[120.39940585490203,22.877500796016307],[120.40839905853927,22.877500796016307],[120.40839905853927,22.86850759237906],[120.39940585490203,22.86850759237906]]]}},{"type":"Feature","properties":{"jobs":51,"pop":65,"pointCount":3,"homeWorkCommuteMedian":32279,"workHomeCommuteMedian":46277},"geometry":{"type":"Polygon","coordinates":[[[120.39940585490203,22.886493999653553],[120.39940585490203,22.8954872032908],[120.40839905853927,22.8954872032908],[120.40839905853927,22.886493999653553],[120.39940585490203,22.886493999653553]]]}},{"type":"Feature","properties":{"jobs":212,"pop":1616,"pointCount":9,"homeWorkCommuteMedian":6361,"workHomeCommuteMedian":6606},"geometry":{"type":"Polygon","coordinates":[[[120.40839905853927,22.472806632340237],[120.40839905853927,22.481799835977483],[120.41739226217652,22.481799835977483],[120.41739226217652,22.472806632340237],[120.40839905853927,22.472806632340237]]]}},{"type":"Feature","properties":{"jobs":182,"pop":511,"pointCount":5,"homeWorkCommuteMedian":23014,"workHomeCommuteMedian":10150},"geometry":{"type":"Polygon","coordinates":[[[120.40839905853927,22.481799835977483],[120.40839905853927,22.49079303961473],[120.41739226217652,22.49079303961473],[120.41739226217652,22.481799835977483],[120.40839905853927,22.481799835977483]]]}},{"type":"Feature","properties":{"jobs":259,"pop":0,"pointCount":3,"homeWorkCommuteMedian":-1,"workHomeCommuteMedian":4785},"geometry":{"type":"Polygon","coordinates":[[[120.40839905853927,22.49079303961473],[120.40839905853927,22.499786243251975],[120.41739226217652,22.499786243251975],[120.41739226217652,22.49079303961473],[120.40839905853927,22.49079303961473]]]}},{"type":"Feature","properties":{"jobs":450,"pop":0,"pointCount":4,"homeWorkCommuteMedian":-1,"workHomeCommuteMedian":2666},"geometry":{"type":"Polygon","coordinates":[[[120.40839905853927,22.499786243251975],[120.40839905853927,22.50877944688922],[120.41739226217652,22.50877944688922],[120.41739226217652,22.499786243251975],[120.40839905853927,22.499786243251975]]]}},{"type":"Feature","properties":{"jobs":273,"pop":0,"pointCount":4,"homeWorkCommuteMedian":-1,"workHomeCommuteMedian":4699},"geometry":{"type":"Polygon","coordinates":[[[120.40839905853927,22.50877944688922],[120.40839905853927,22.517772650526467],[120.41739226217652,22.517772650526467],[120.41739226217652,22.50877944688922],[120.40839905853927,22.50877944688922]]]}},{"type":"Feature","properties":{"jobs":315,"pop":74,"pointCount":5,"homeWorkCommuteMedian":1577,"workHomeCommuteMedian":4567},"geometry":{"type":"Polygon","coordinates":[[[120.40839905853927,22.517772650526467],[120.40839905853927,22.526765854163713],[120.41739226217652,22.526765854163713],[120.41739226217652,22.517772650526467],[120.40839905853927,22.517772650526467]]]}},{"type":"Feature","properties":{"jobs":321,"pop":0,"pointCount":5,"homeWorkCommuteMedian":-1,"workHomeCommuteMedian":16296},"geometry":{"type":"Polygon","coordinates":[[[120.40839905853927,22.526765854163713],[120.40839905853927,22.53575905780096],[120.41739226217652,22.53575905780096],[120.41739226217652,22.526765854163713],[120.40839905853927,22.526765854163713]]]}},{"type":"Feature","properties":{"jobs":766,"pop":159,"pointCount":6,"homeWorkCommuteMedian":8980,"workHomeCommuteMedian":6710},"geometry":{"type":"Polygon","coordinates":[[[120.40839905853927,22.53575905780096],[120.40839905853927,22.544752261438205],[120.41739226217652,22.544752261438205],[120.41739226217652,22.53575905780096],[120.40839905853927,22.53575905780096]]]}},{"type":"Feature","properties":{"jobs":1038,"pop":174,"pointCount":9,"homeWorkCommuteMedian":2888,"workHomeCommuteMedian":7491},"geometry":{"type":"Polygon","coordinates":[[[120.40839905853927,22.544752261438205],[120.40839905853927,22.55374546507545],[120.41739226217652,22.55374546507545],[120.41739226217652,22.544752261438205],[120.40839905853927,22.544752261438205]]]}},{"type":"Feature","properties":{"jobs":929,"pop":717,"pointCount":12,"homeWorkCommuteMedian":5634,"workHomeCommuteMedian":11640},"geometry":{"type":"Polygon","coordinates":[[[120.40839905853927,22.55374546507545],[120.40839905853927,22.562738668712697],[120.41739226217652,22.562738668712697],[120.41739226217652,22.55374546507545],[120.40839905853927,22.55374546507545]]]}},{"type":"Feature","properties":{"jobs":1145,"pop":0,"pointCount":7,"homeWorkCommuteMedian":-1,"workHomeCommuteMedian":6397},"geometry":{"type":"Polygon","coordinates":[[[120.40839905853927,22.562738668712697],[120.40839905853927,22.571731872349943],[120.41739226217652,22.571731872349943],[120.41739226217652,22.562738668712697],[120.40839905853927,22.562738668712697]]]}},{"type":"Feature","properties":{"jobs":2038,"pop":613,"pointCount":13,"homeWorkCommuteMedian":7624,"workHomeCommuteMedian":10276},"geometry":{"type":"Polygon","coordinates":[[[120.40839905853927,22.571731872349943],[120.40839905853927,22.58072507598719],[120.41739226217652,22.58072507598719],[120.41739226217652,22.571731872349943],[120.40839905853927,22.571731872349943]]]}},{"type":"Feature","properties":{"jobs":2269,"pop":928,"pointCount":9,"homeWorkCommuteMedian":10675,"workHomeCommuteMedian":8214},"geometry":{"type":"Polygon","coordinates":[[[120.40839905853927,22.58072507598719],[120.40839905853927,22.589718279624435],[120.41739226217652,22.589718279624435],[120.41739226217652,22.58072507598719],[120.40839905853927,22.58072507598719]]]}},{"type":"Feature","properties":{"jobs":2105,"pop":2011,"pointCount":11,"homeWorkCommuteMedian":3252,"workHomeCommuteMedian":10167},"geometry":{"type":"Polygon","coordinates":[[[120.40839905853927,22.589718279624435],[120.40839905853927,22.59871148326168],[120.41739226217652,22.59871148326168],[120.41739226217652,22.589718279624435],[120.40839905853927,22.589718279624435]]]}},{"type":"Feature","properties":{"jobs":1010,"pop":517,"pointCount":6,"homeWorkCommuteMedian":7335,"workHomeCommuteMedian":6999},"geometry":{"type":"Polygon","coordinates":[[[120.40839905853927,22.59871148326168],[120.40839905853927,22.607704686898927],[120.41739226217652,22.607704686898927],[120.41739226217652,22.59871148326168],[120.40839905853927,22.59871148326168]]]}},{"type":"Feature","properties":{"jobs":1178,"pop":1302,"pointCount":9,"homeWorkCommuteMedian":5323,"workHomeCommuteMedian":4361},"geometry":{"type":"Polygon","coordinates":[[[120.40839905853927,22.607704686898927],[120.40839905853927,22.616697890536173],[120.41739226217652,22.616697890536173],[120.41739226217652,22.607704686898927],[120.40839905853927,22.607704686898927]]]}},{"type":"Feature","properties":{"jobs":1324,"pop":2060,"pointCount":13,"homeWorkCommuteMedian":7422,"workHomeCommuteMedian":11767},"geometry":{"type":"Polygon","coordinates":[[[120.40839905853927,22.616697890536173],[120.40839905853927,22.62569109417342],[120.41739226217652,22.62569109417342],[120.41739226217652,22.616697890536173],[120.40839905853927,22.616697890536173]]]}},{"type":"Feature","properties":{"jobs":657,"pop":39,"pointCount":6,"homeWorkCommuteMedian":10695,"workHomeCommuteMedian":12194},"geometry":{"type":"Polygon","coordinates":[[[120.40839905853927,22.62569109417342],[120.40839905853927,22.634684297810665],[120.41739226217652,22.634684297810665],[120.41739226217652,22.62569109417342],[120.40839905853927,22.62569109417342]]]}},{"type":"Feature","properties":{"jobs":1432,"pop":1605,"pointCount":8,"homeWorkCommuteMedian":7969,"workHomeCommuteMedian":6183},"geometry":{"type":"Polygon","coordinates":[[[120.40839905853927,22.634684297810665],[120.40839905853927,22.64367750144791],[120.41739226217652,22.64367750144791],[120.41739226217652,22.634684297810665],[120.40839905853927,22.634684297810665]]]}},{"type":"Feature","properties":{"jobs":553,"pop":200,"pointCount":5,"homeWorkCommuteMedian":12925,"workHomeCommuteMedian":15404},"geometry":{"type":"Polygon","coordinates":[[[120.40839905853927,22.64367750144791],[120.40839905853927,22.652670705085157],[120.41739226217652,22.652670705085157],[120.41739226217652,22.64367750144791],[120.40839905853927,22.64367750144791]]]}},{"type":"Feature","properties":{"jobs":166,"pop":682,"pointCount":3,"homeWorkCommuteMedian":12212,"workHomeCommuteMedian":14630},"geometry":{"type":"Polygon","coordinates":[[[120.40839905853927,22.652670705085157],[120.40839905853927,22.661663908722403],[120.41739226217652,22.661663908722403],[120.41739226217652,22.652670705085157],[120.40839905853927,22.652670705085157]]]}},{"type":"Feature","properties":{"jobs":514,"pop":1434,"pointCount":8,"homeWorkCommuteMedian":9606,"workHomeCommuteMedian":14203},"geometry":{"type":"Polygon","coordinates":[[[120.40839905853927,22.661663908722403],[120.40839905853927,22.67065711235965],[120.41739226217652,22.67065711235965],[120.41739226217652,22.661663908722403],[120.40839905853927,22.661663908722403]]]}},{"type":"Feature","properties":{"jobs":0,"pop":561,"pointCount":5,"homeWorkCommuteMedian":14072,"workHomeCommuteMedian":-1},"geometry":{"type":"Polygon","coordinates":[[[120.40839905853927,22.67065711235965],[120.40839905853927,22.679650315996895],[120.41739226217652,22.679650315996895],[120.41739226217652,22.67065711235965],[120.40839905853927,22.67065711235965]]]}},{"type":"Feature","properties":{"jobs":148,"pop":794,"pointCount":8,"homeWorkCommuteMedian":14790,"workHomeCommuteMedian":9752},"geometry":{"type":"Polygon","coordinates":[[[120.40839905853927,22.679650315996895],[120.40839905853927,22.68864351963414],[120.41739226217652,22.68864351963414],[120.41739226217652,22.679650315996895],[120.40839905853927,22.679650315996895]]]}},{"type":"Feature","properties":{"jobs":104,"pop":253,"pointCount":4,"homeWorkCommuteMedian":11977,"workHomeCommuteMedian":26993},"geometry":{"type":"Polygon","coordinates":[[[120.40839905853927,22.68864351963414],[120.40839905853927,22.697636723271387],[120.41739226217652,22.697636723271387],[120.41739226217652,22.68864351963414],[120.40839905853927,22.68864351963414]]]}},{"type":"Feature","properties":{"jobs":0,"pop":381,"pointCount":2,"homeWorkCommuteMedian":10512,"workHomeCommuteMedian":-1},"geometry":{"type":"Polygon","coordinates":[[[120.40839905853927,22.697636723271387],[120.40839905853927,22.706629926908633],[120.41739226217652,22.706629926908633],[120.41739226217652,22.697636723271387],[120.40839905853927,22.697636723271387]]]}},{"type":"Feature","properties":{"jobs":38,"pop":0,"pointCount":1,"homeWorkCommuteMedian":-1,"workHomeCommuteMedian":12086},"geometry":{"type":"Polygon","coordinates":[[[120.40839905853927,22.724616334183125],[120.40839905853927,22.73360953782037],[120.41739226217652,22.73360953782037],[120.41739226217652,22.724616334183125],[120.40839905853927,22.724616334183125]]]}},{"type":"Feature","properties":{"jobs":0,"pop":157,"pointCount":1,"homeWorkCommuteMedian":22711,"workHomeCommuteMedian":-1},"geometry":{"type":"Polygon","coordinates":[[[120.40839905853927,22.769582352369355],[120.40839905853927,22.7785755560066],[120.41739226217652,22.7785755560066],[120.41739226217652,22.769582352369355],[120.40839905853927,22.769582352369355]]]}},{"type":"Feature","properties":{"jobs":603,"pop":104,"pointCount":5,"homeWorkCommuteMedian":21773,"workHomeCommuteMedian":16417},"geometry":{"type":"Polygon","coordinates":[[[120.40839905853927,22.7785755560066],[120.40839905853927,22.787568759643847],[120.41739226217652,22.787568759643847],[120.41739226217652,22.7785755560066],[120.40839905853927,22.7785755560066]]]}},{"type":"Feature","properties":{"jobs":0,"pop":58,"pointCount":1,"homeWorkCommuteMedian":15678,"workHomeCommuteMedian":-1},"geometry":{"type":"Polygon","coordinates":[[[120.40839905853927,22.80555516691834],[120.40839905853927,22.814548370555585],[120.41739226217652,22.814548370555585],[120.41739226217652,22.80555516691834],[120.40839905853927,22.80555516691834]]]}},{"type":"Feature","properties":{"jobs":0,"pop":131,"pointCount":1,"homeWorkCommuteMedian":32052,"workHomeCommuteMedian":-1},"geometry":{"type":"Polygon","coordinates":[[[120.40839905853927,22.82354157419283],[120.40839905853927,22.832534777830077],[120.41739226217652,22.832534777830077],[120.41739226217652,22.82354157419283],[120.40839905853927,22.82354157419283]]]}},{"type":"Feature","properties":{"jobs":0,"pop":36,"pointCount":1,"homeWorkCommuteMedian":3944,"workHomeCommuteMedian":-1},"geometry":{"type":"Polygon","coordinates":[[[120.40839905853927,22.8954872032908],[120.40839905853927,22.904480406928045],[120.41739226217652,22.904480406928045],[120.41739226217652,22.8954872032908],[120.40839905853927,22.8954872032908]]]}},{"type":"Feature","properties":{"jobs":0,"pop":32,"pointCount":1,"homeWorkCommuteMedian":40598,"workHomeCommuteMedian":-1},"geometry":{"type":"Polygon","coordinates":[[[120.40839905853927,22.904480406928045],[120.40839905853927,22.91347361056529],[120.41739226217652,22.91347361056529],[120.41739226217652,22.904480406928045],[120.40839905853927,22.904480406928045]]]}},{"type":"Feature","properties":{"jobs":443,"pop":572,"pointCount":9,"homeWorkCommuteMedian":9219,"workHomeCommuteMedian":13284},"geometry":{"type":"Polygon","coordinates":[[[120.41739226217652,22.544752261438205],[120.41739226217652,22.55374546507545],[120.42638546581377,22.55374546507545],[120.42638546581377,22.544752261438205],[120.41739226217652,22.544752261438205]]]}},{"type":"Feature","properties":{"jobs":1225,"pop":705,"pointCount":14,"homeWorkCommuteMedian":11053,"workHomeCommuteMedian":11847},"geometry":{"type":"Polygon","coordinates":[[[120.41739226217652,22.55374546507545],[120.41739226217652,22.562738668712697],[120.42638546581377,22.562738668712697],[120.42638546581377,22.55374546507545],[120.41739226217652,22.55374546507545]]]}},{"type":"Feature","properties":{"jobs":1349,"pop":220,"pointCount":10,"homeWorkCommuteMedian":6972,"workHomeCommuteMedian":10048},"geometry":{"type":"Polygon","coordinates":[[[120.41739226217652,22.562738668712697],[120.41739226217652,22.571731872349943],[120.42638546581377,22.571731872349943],[120.42638546581377,22.562738668712697],[120.41739226217652,22.562738668712697]]]}},{"type":"Feature","properties":{"jobs":1966,"pop":939,"pointCount":7,"homeWorkCommuteMedian":4621,"workHomeCommuteMedian":9086},"geometry":{"type":"Polygon","coordinates":[[[120.41739226217652,22.571731872349943],[120.41739226217652,22.58072507598719],[120.42638546581377,22.58072507598719],[120.42638546581377,22.571731872349943],[120.41739226217652,22.571731872349943]]]}},{"type":"Feature","properties":{"jobs":4157,"pop":287,"pointCount":11,"homeWorkCommuteMedian":7092,"workHomeCommuteMedian":8262},"geometry":{"type":"Polygon","coordinates":[[[120.41739226217652,22.58072507598719],[120.41739226217652,22.589718279624435],[120.42638546581377,22.589718279624435],[120.42638546581377,22.58072507598719],[120.41739226217652,22.58072507598719]]]}},{"type":"Feature","properties":{"jobs":1948,"pop":1313,"pointCount":8,"homeWorkCommuteMedian":4310,"workHomeCommuteMedian":9149},"geometry":{"type":"Polygon","coordinates":[[[120.41739226217652,22.589718279624435],[120.41739226217652,22.59871148326168],[120.42638546581377,22.59871148326168],[120.42638546581377,22.589718279624435],[120.41739226217652,22.589718279624435]]]}},{"type":"Feature","properties":{"jobs":255,"pop":875,"pointCount":7,"homeWorkCommuteMedian":5320,"workHomeCommuteMedian":7993},"geometry":{"type":"Polygon","coordinates":[[[120.41739226217652,22.59871148326168],[120.41739226217652,22.607704686898927],[120.42638546581377,22.607704686898927],[120.42638546581377,22.59871148326168],[120.41739226217652,22.59871148326168]]]}},{"type":"Feature","properties":{"jobs":304,"pop":0,"pointCount":4,"homeWorkCommuteMedian":-1,"workHomeCommuteMedian":10990},"geometry":{"type":"Polygon","coordinates":[[[120.41739226217652,22.607704686898927],[120.41739226217652,22.616697890536173],[120.42638546581377,22.616697890536173],[120.42638546581377,22.607704686898927],[120.41739226217652,22.607704686898927]]]}},{"type":"Feature","properties":{"jobs":312,"pop":65,"pointCount":7,"homeWorkCommuteMedian":7336,"workHomeCommuteMedian":17814},"geometry":{"type":"Polygon","coordinates":[[[120.41739226217652,22.616697890536173],[120.41739226217652,22.62569109417342],[120.42638546581377,22.62569109417342],[120.42638546581377,22.616697890536173],[120.41739226217652,22.616697890536173]]]}},{"type":"Feature","properties":{"jobs":184,"pop":784,"pointCount":7,"homeWorkCommuteMedian":7005,"workHomeCommuteMedian":4488},"geometry":{"type":"Polygon","coordinates":[[[120.41739226217652,22.62569109417342],[120.41739226217652,22.634684297810665],[120.42638546581377,22.634684297810665],[120.42638546581377,22.62569109417342],[120.41739226217652,22.62569109417342]]]}},{"type":"Feature","properties":{"jobs":429,"pop":1215,"pointCount":9,"homeWorkCommuteMedian":9245,"workHomeCommuteMedian":10045},"geometry":{"type":"Polygon","coordinates":[[[120.41739226217652,22.634684297810665],[120.41739226217652,22.64367750144791],[120.42638546581377,22.64367750144791],[120.42638546581377,22.634684297810665],[120.41739226217652,22.634684297810665]]]}},{"type":"Feature","properties":{"jobs":1543,"pop":1775,"pointCount":14,"homeWorkCommuteMedian":10027,"workHomeCommuteMedian":10372},"geometry":{"type":"Polygon","coordinates":[[[120.41739226217652,22.64367750144791],[120.41739226217652,22.652670705085157],[120.42638546581377,22.652670705085157],[120.42638546581377,22.64367750144791],[120.41739226217652,22.64367750144791]]]}},{"type":"Feature","properties":{"jobs":2587,"pop":2502,"pointCount":14,"homeWorkCommuteMedian":12940,"workHomeCommuteMedian":8832},"geometry":{"type":"Polygon","coordinates":[[[120.41739226217652,22.652670705085157],[120.41739226217652,22.661663908722403],[120.42638546581377,22.661663908722403],[120.42638546581377,22.652670705085157],[120.41739226217652,22.652670705085157]]]}},{"type":"Feature","properties":{"jobs":1250,"pop":1151,"pointCount":8,"homeWorkCommuteMedian":13255,"workHomeCommuteMedian":5803},"geometry":{"type":"Polygon","coordinates":[[[120.41739226217652,22.661663908722403],[120.41739226217652,22.67065711235965],[120.42638546581377,22.67065711235965],[120.42638546581377,22.661663908722403],[120.41739226217652,22.661663908722403]]]}},{"type":"Feature","properties":{"jobs":0,"pop":465,"pointCount":5,"homeWorkCommuteMedian":10893,"workHomeCommuteMedian":-1},"geometry":{"type":"Polygon","coordinates":[[[120.41739226217652,22.67065711235965],[120.41739226217652,22.679650315996895],[120.42638546581377,22.679650315996895],[120.42638546581377,22.67065711235965],[120.41739226217652,22.67065711235965]]]}},{"type":"Feature","properties":{"jobs":0,"pop":208,"pointCount":2,"homeWorkCommuteMedian":13387,"workHomeCommuteMedian":-1},"geometry":{"type":"Polygon","coordinates":[[[120.41739226217652,22.679650315996895],[120.41739226217652,22.68864351963414],[120.42638546581377,22.68864351963414],[120.42638546581377,22.679650315996895],[120.41739226217652,22.679650315996895]]]}},{"type":"Feature","properties":{"jobs":26,"pop":487,"pointCount":4,"homeWorkCommuteMedian":18764,"workHomeCommuteMedian":4534},"geometry":{"type":"Polygon","coordinates":[[[120.41739226217652,22.68864351963414],[120.41739226217652,22.697636723271387],[120.42638546581377,22.697636723271387],[120.42638546581377,22.68864351963414],[120.41739226217652,22.68864351963414]]]}},{"type":"Feature","properties":{"jobs":0,"pop":138,"pointCount":1,"homeWorkCommuteMedian":8801,"workHomeCommuteMedian":-1},"geometry":{"type":"Polygon","coordinates":[[[120.41739226217652,22.697636723271387],[120.41739226217652,22.706629926908633],[120.42638546581377,22.706629926908633],[120.42638546581377,22.697636723271387],[120.41739226217652,22.697636723271387]]]}},{"type":"Feature","properties":{"jobs":0,"pop":54,"pointCount":2,"homeWorkCommuteMedian":17786,"workHomeCommuteMedian":-1},"geometry":{"type":"Polygon","coordinates":[[[120.41739226217652,22.706629926908633],[120.41739226217652,22.71562313054588],[120.42638546581377,22.71562313054588],[120.42638546581377,22.706629926908633],[120.41739226217652,22.706629926908633]]]}},{"type":"Feature","properties":{"jobs":55,"pop":70,"pointCount":2,"homeWorkCommuteMedian":23696,"workHomeCommuteMedian":8099},"geometry":{"type":"Polygon","coordinates":[[[120.41739226217652,22.71562313054588],[120.41739226217652,22.724616334183125],[120.42638546581377,22.724616334183125],[120.42638546581377,22.71562313054588],[120.41739226217652,22.71562313054588]]]}},{"type":"Feature","properties":{"jobs":0,"pop":226,"pointCount":2,"homeWorkCommuteMedian":14454,"workHomeCommuteMedian":-1},"geometry":{"type":"Polygon","coordinates":[[[120.41739226217652,22.724616334183125],[120.41739226217652,22.73360953782037],[120.42638546581377,22.73360953782037],[120.42638546581377,22.724616334183125],[120.41739226217652,22.724616334183125]]]}},{"type":"Feature","properties":{"jobs":27,"pop":35,"pointCount":1,"homeWorkCommuteMedian":24029,"workHomeCommuteMedian":25388},"geometry":{"type":"Polygon","coordinates":[[[120.41739226217652,22.769582352369355],[120.41739226217652,22.7785755560066],[120.42638546581377,22.7785755560066],[120.42638546581377,22.769582352369355],[120.41739226217652,22.769582352369355]]]}},{"type":"Feature","properties":{"jobs":878,"pop":94,"pointCount":3,"homeWorkCommuteMedian":24249,"workHomeCommuteMedian":10877},"geometry":{"type":"Polygon","coordinates":[[[120.41739226217652,22.7785755560066],[120.41739226217652,22.787568759643847],[120.42638546581377,22.787568759643847],[120.42638546581377,22.7785755560066],[120.41739226217652,22.7785755560066]]]}},{"type":"Feature","properties":{"jobs":30,"pop":54,"pointCount":2,"homeWorkCommuteMedian":63735,"workHomeCommuteMedian":11223},"geometry":{"type":"Polygon","coordinates":[[[120.41739226217652,22.814548370555585],[120.41739226217652,22.82354157419283],[120.42638546581377,22.82354157419283],[120.42638546581377,22.814548370555585],[120.41739226217652,22.814548370555585]]]}},{"type":"Feature","properties":{"jobs":0,"pop":46,"pointCount":1,"homeWorkCommuteMedian":11182,"workHomeCommuteMedian":-1},"geometry":{"type":"Polygon","coordinates":[[[120.41739226217652,22.841527981467323],[120.41739226217652,22.85052118510457],[120.42638546581377,22.85052118510457],[120.42638546581377,22.841527981467323],[120.41739226217652,22.841527981467323]]]}},{"type":"Feature","properties":{"jobs":4,"pop":166,"pointCount":3,"homeWorkCommuteMedian":16436,"workHomeCommuteMedian":4868},"geometry":{"type":"Polygon","coordinates":[[[120.41739226217652,22.877500796016307],[120.41739226217652,22.886493999653553],[120.42638546581377,22.886493999653553],[120.42638546581377,22.877500796016307],[120.41739226217652,22.877500796016307]]]}},{"type":"Feature","properties":{"jobs":0,"pop":28,"pointCount":1,"homeWorkCommuteMedian":8167,"workHomeCommuteMedian":-1},"geometry":{"type":"Polygon","coordinates":[[[120.41739226217652,22.904480406928045],[120.41739226217652,22.91347361056529],[120.42638546581377,22.91347361056529],[120.42638546581377,22.904480406928045],[120.41739226217652,22.904480406928045]]]}},{"type":"Feature","properties":{"jobs":0,"pop":64,"pointCount":2,"homeWorkCommuteMedian":50355,"workHomeCommuteMedian":-1},"geometry":{"type":"Polygon","coordinates":[[[120.41739226217652,22.91347361056529],[120.41739226217652,22.922466814202537],[120.42638546581377,22.922466814202537],[120.42638546581377,22.91347361056529],[120.41739226217652,22.91347361056529]]]}},{"type":"Feature","properties":{"jobs":0,"pop":64,"pointCount":1,"homeWorkCommuteMedian":24800,"workHomeCommuteMedian":-1},"geometry":{"type":"Polygon","coordinates":[[[120.42638546581377,22.499786243251975],[120.42638546581377,22.50877944688922],[120.43537866945101,22.50877944688922],[120.43537866945101,22.499786243251975],[120.42638546581377,22.499786243251975]]]}},{"type":"Feature","properties":{"jobs":56,"pop":443,"pointCount":3,"homeWorkCommuteMedian":4019,"workHomeCommuteMedian":24767},"geometry":{"type":"Polygon","coordinates":[[[120.42638546581377,22.55374546507545],[120.42638546581377,22.562738668712697],[120.43537866945101,22.562738668712697],[120.43537866945101,22.55374546507545],[120.42638546581377,22.55374546507545]]]}},{"type":"Feature","properties":{"jobs":826,"pop":997,"pointCount":10,"homeWorkCommuteMedian":9578,"workHomeCommuteMedian":9302},"geometry":{"type":"Polygon","coordinates":[[[120.42638546581377,22.562738668712697],[120.42638546581377,22.571731872349943],[120.43537866945101,22.571731872349943],[120.43537866945101,22.562738668712697],[120.42638546581377,22.562738668712697]]]}},{"type":"Feature","properties":{"jobs":2521,"pop":0,"pointCount":9,"homeWorkCommuteMedian":-1,"workHomeCommuteMedian":13508},"geometry":{"type":"Polygon","coordinates":[[[120.42638546581377,22.571731872349943],[120.42638546581377,22.58072507598719],[120.43537866945101,22.58072507598719],[120.43537866945101,22.571731872349943],[120.42638546581377,22.571731872349943]]]}},{"type":"Feature","properties":{"jobs":4209,"pop":0,"pointCount":8,"homeWorkCommuteMedian":-1,"workHomeCommuteMedian":11046},"geometry":{"type":"Polygon","coordinates":[[[120.42638546581377,22.58072507598719],[120.42638546581377,22.589718279624435],[120.43537866945101,22.589718279624435],[120.43537866945101,22.58072507598719],[120.42638546581377,22.58072507598719]]]}},{"type":"Feature","properties":{"jobs":1014,"pop":0,"pointCount":3,"homeWorkCommuteMedian":-1,"workHomeCommuteMedian":8512},"geometry":{"type":"Polygon","coordinates":[[[120.42638546581377,22.589718279624435],[120.42638546581377,22.59871148326168],[120.43537866945101,22.59871148326168],[120.43537866945101,22.589718279624435],[120.42638546581377,22.589718279624435]]]}},{"type":"Feature","properties":{"jobs":1169,"pop":46,"pointCount":5,"homeWorkCommuteMedian":4777,"workHomeCommuteMedian":10654},"geometry":{"type":"Polygon","coordinates":[[[120.42638546581377,22.59871148326168],[120.42638546581377,22.607704686898927],[120.43537866945101,22.607704686898927],[120.43537866945101,22.59871148326168],[120.42638546581377,22.59871148326168]]]}},{"type":"Feature","properties":{"jobs":1160,"pop":26,"pointCount":6,"homeWorkCommuteMedian":15996,"workHomeCommuteMedian":7747},"geometry":{"type":"Polygon","coordinates":[[[120.42638546581377,22.607704686898927],[120.42638546581377,22.616697890536173],[120.43537866945101,22.616697890536173],[120.43537866945101,22.607704686898927],[120.42638546581377,22.607704686898927]]]}},{"type":"Feature","properties":{"jobs":358,"pop":0,"pointCount":2,"homeWorkCommuteMedian":-1,"workHomeCommuteMedian":8661},"geometry":{"type":"Polygon","coordinates":[[[120.42638546581377,22.616697890536173],[120.42638546581377,22.62569109417342],[120.43537866945101,22.62569109417342],[120.43537866945101,22.616697890536173],[120.42638546581377,22.616697890536173]]]}},{"type":"Feature","properties":{"jobs":83,"pop":55,"pointCount":2,"homeWorkCommuteMedian":18426,"workHomeCommuteMedian":6552},"geometry":{"type":"Polygon","coordinates":[[[120.42638546581377,22.661663908722403],[120.42638546581377,22.67065711235965],[120.43537866945101,22.67065711235965],[120.43537866945101,22.661663908722403],[120.42638546581377,22.661663908722403]]]}},{"type":"Feature","properties":{"jobs":0,"pop":368,"pointCount":3,"homeWorkCommuteMedian":4582,"workHomeCommuteMedian":-1},"geometry":{"type":"Polygon","coordinates":[[[120.42638546581377,22.67065711235965],[120.42638546581377,22.679650315996895],[120.43537866945101,22.679650315996895],[120.43537866945101,22.67065711235965],[120.42638546581377,22.67065711235965]]]}},{"type":"Feature","properties":{"jobs":293,"pop":1252,"pointCount":8,"homeWorkCommuteMedian":10367,"workHomeCommuteMedian":4599},"geometry":{"type":"Polygon","coordinates":[[[120.42638546581377,22.679650315996895],[120.42638546581377,22.68864351963414],[120.43537866945101,22.68864351963414],[120.43537866945101,22.679650315996895],[120.42638546581377,22.679650315996895]]]}},{"type":"Feature","properties":{"jobs":690,"pop":1776,"pointCount":12,"homeWorkCommuteMedian":18270,"workHomeCommuteMedian":6977},"geometry":{"type":"Polygon","coordinates":[[[120.42638546581377,22.68864351963414],[120.42638546581377,22.697636723271387],[120.43537866945101,22.697636723271387],[120.43537866945101,22.68864351963414],[120.42638546581377,22.68864351963414]]]}},{"type":"Feature","properties":{"jobs":24,"pop":290,"pointCount":4,"homeWorkCommuteMedian":19165,"workHomeCommuteMedian":17519},"geometry":{"type":"Polygon","coordinates":[[[120.42638546581377,22.697636723271387],[120.42638546581377,22.706629926908633],[120.43537866945101,22.706629926908633],[120.43537866945101,22.697636723271387],[120.42638546581377,22.697636723271387]]]}},{"type":"Feature","properties":{"jobs":0,"pop":89,"pointCount":1,"homeWorkCommuteMedian":24978,"workHomeCommuteMedian":-1},"geometry":{"type":"Polygon","coordinates":[[[120.42638546581377,22.706629926908633],[120.42638546581377,22.71562313054588],[120.43537866945101,22.71562313054588],[120.43537866945101,22.706629926908633],[120.42638546581377,22.706629926908633]]]}},{"type":"Feature","properties":{"jobs":0,"pop":123,"pointCount":3,"homeWorkCommuteMedian":8819,"workHomeCommuteMedian":-1},"geometry":{"type":"Polygon","coordinates":[[[120.42638546581377,22.71562313054588],[120.42638546581377,22.724616334183125],[120.43537866945101,22.724616334183125],[120.43537866945101,22.71562313054588],[120.42638546581377,22.71562313054588]]]}},{"type":"Feature","properties":{"jobs":0,"pop":75,"pointCount":2,"homeWorkCommuteMedian":36367,"workHomeCommuteMedian":-1},"geometry":{"type":"Polygon","coordinates":[[[120.42638546581377,22.724616334183125],[120.42638546581377,22.73360953782037],[120.43537866945101,22.73360953782037],[120.43537866945101,22.724616334183125],[120.42638546581377,22.724616334183125]]]}},{"type":"Feature","properties":{"jobs":45,"pop":32,"pointCount":2,"homeWorkCommuteMedian":13737,"workHomeCommuteMedian":27348},"geometry":{"type":"Polygon","coordinates":[[[120.42638546581377,22.769582352369355],[120.42638546581377,22.7785755560066],[120.43537866945101,22.7785755560066],[120.43537866945101,22.769582352369355],[120.42638546581377,22.769582352369355]]]}},{"type":"Feature","properties":{"jobs":20,"pop":0,"pointCount":1,"homeWorkCommuteMedian":-1,"workHomeCommuteMedian":10576},"geometry":{"type":"Polygon","coordinates":[[[120.42638546581377,22.7785755560066],[120.42638546581377,22.787568759643847],[120.43537866945101,22.787568759643847],[120.43537866945101,22.7785755560066],[120.42638546581377,22.7785755560066]]]}},{"type":"Feature","properties":{"jobs":22,"pop":28,"pointCount":2,"homeWorkCommuteMedian":20384,"workHomeCommuteMedian":18008},"geometry":{"type":"Polygon","coordinates":[[[120.42638546581377,22.814548370555585],[120.42638546581377,22.82354157419283],[120.43537866945101,22.82354157419283],[120.43537866945101,22.814548370555585],[120.42638546581377,22.814548370555585]]]}},{"type":"Feature","properties":{"jobs":0,"pop":81,"pointCount":1,"homeWorkCommuteMedian":49868,"workHomeCommuteMedian":-1},"geometry":{"type":"Polygon","coordinates":[[[120.42638546581377,22.832534777830077],[120.42638546581377,22.841527981467323],[120.43537866945101,22.841527981467323],[120.43537866945101,22.832534777830077],[120.42638546581377,22.832534777830077]]]}},{"type":"Feature","properties":{"jobs":0,"pop":56,"pointCount":2,"homeWorkCommuteMedian":35844,"workHomeCommuteMedian":-1},"geometry":{"type":"Polygon","coordinates":[[[120.42638546581377,22.8954872032908],[120.42638546581377,22.904480406928045],[120.43537866945101,22.904480406928045],[120.43537866945101,22.8954872032908],[120.42638546581377,22.8954872032908]]]}},{"type":"Feature","properties":{"jobs":0,"pop":48,"pointCount":1,"homeWorkCommuteMedian":53539,"workHomeCommuteMedian":-1},"geometry":{"type":"Polygon","coordinates":[[[120.42638546581377,22.904480406928045],[120.42638546581377,22.91347361056529],[120.43537866945101,22.91347361056529],[120.43537866945101,22.904480406928045],[120.42638546581377,22.904480406928045]]]}},{"type":"Feature","properties":{"jobs":143,"pop":127,"pointCount":4,"homeWorkCommuteMedian":38752,"workHomeCommuteMedian":6180},"geometry":{"type":"Polygon","coordinates":[[[120.42638546581377,22.91347361056529],[120.42638546581377,22.922466814202537],[120.43537866945101,22.922466814202537],[120.43537866945101,22.91347361056529],[120.42638546581377,22.91347361056529]]]}},{"type":"Feature","properties":{"jobs":0,"pop":42,"pointCount":1,"homeWorkCommuteMedian":36533,"workHomeCommuteMedian":-1},"geometry":{"type":"Polygon","coordinates":[[[120.42638546581377,22.922466814202537],[120.42638546581377,22.931460017839782],[120.43537866945101,22.931460017839782],[120.43537866945101,22.922466814202537],[120.42638546581377,22.922466814202537]]]}},{"type":"Feature","properties":{"jobs":538,"pop":916,"pointCount":3,"homeWorkCommuteMedian":35781,"workHomeCommuteMedian":4549},"geometry":{"type":"Polygon","coordinates":[[[120.43537866945101,22.454820225065745],[120.43537866945101,22.46381342870299],[120.44437187308826,22.46381342870299],[120.44437187308826,22.454820225065745],[120.43537866945101,22.454820225065745]]]}},{"type":"Feature","properties":{"jobs":1198,"pop":0,"pointCount":3,"homeWorkCommuteMedian":-1,"workHomeCommuteMedian":6094},"geometry":{"type":"Polygon","coordinates":[[[120.43537866945101,22.46381342870299],[120.43537866945101,22.472806632340237],[120.44437187308826,22.472806632340237],[120.44437187308826,22.46381342870299],[120.43537866945101,22.46381342870299]]]}},{"type":"Feature","properties":{"jobs":326,"pop":3095,"pointCount":13,"homeWorkCommuteMedian":9772,"workHomeCommuteMedian":25378},"geometry":{"type":"Polygon","coordinates":[[[120.43537866945101,22.472806632340237],[120.43537866945101,22.481799835977483],[120.44437187308826,22.481799835977483],[120.44437187308826,22.472806632340237],[120.43537866945101,22.472806632340237]]]}},{"type":"Feature","properties":{"jobs":397,"pop":513,"pointCount":5,"homeWorkCommuteMedian":25616,"workHomeCommuteMedian":7153},"geometry":{"type":"Polygon","coordinates":[[[120.43537866945101,22.481799835977483],[120.43537866945101,22.49079303961473],[120.44437187308826,22.49079303961473],[120.44437187308826,22.481799835977483],[120.43537866945101,22.481799835977483]]]}},{"type":"Feature","properties":{"jobs":480,"pop":457,"pointCount":9,"homeWorkCommuteMedian":14914,"workHomeCommuteMedian":4968},"geometry":{"type":"Polygon","coordinates":[[[120.43537866945101,22.49079303961473],[120.43537866945101,22.499786243251975],[120.44437187308826,22.499786243251975],[120.44437187308826,22.49079303961473],[120.43537866945101,22.49079303961473]]]}},{"type":"Feature","properties":{"jobs":168,"pop":921,"pointCount":10,"homeWorkCommuteMedian":9880,"workHomeCommuteMedian":22870},"geometry":{"type":"Polygon","coordinates":[[[120.43537866945101,22.499786243251975],[120.43537866945101,22.50877944688922],[120.44437187308826,22.50877944688922],[120.44437187308826,22.499786243251975],[120.43537866945101,22.499786243251975]]]}},{"type":"Feature","properties":{"jobs":510,"pop":114,"pointCount":5,"homeWorkCommuteMedian":6458,"workHomeCommuteMedian":4159},"geometry":{"type":"Polygon","coordinates":[[[120.43537866945101,22.50877944688922],[120.43537866945101,22.517772650526467],[120.44437187308826,22.517772650526467],[120.44437187308826,22.50877944688922],[120.43537866945101,22.50877944688922]]]}},{"type":"Feature","properties":{"jobs":39,"pop":23,"pointCount":2,"homeWorkCommuteMedian":28998,"workHomeCommuteMedian":4588},"geometry":{"type":"Polygon","coordinates":[[[120.43537866945101,22.517772650526467],[120.43537866945101,22.526765854163713],[120.44437187308826,22.526765854163713],[120.44437187308826,22.517772650526467],[120.43537866945101,22.517772650526467]]]}},{"type":"Feature","properties":{"jobs":41,"pop":87,"pointCount":2,"homeWorkCommuteMedian":25115,"workHomeCommuteMedian":46644},"geometry":{"type":"Polygon","coordinates":[[[120.43537866945101,22.68864351963414],[120.43537866945101,22.697636723271387],[120.44437187308826,22.697636723271387],[120.44437187308826,22.68864351963414],[120.43537866945101,22.68864351963414]]]}},{"type":"Feature","properties":{"jobs":68,"pop":72,"pointCount":3,"homeWorkCommuteMedian":21587,"workHomeCommuteMedian":8042},"geometry":{"type":"Polygon","coordinates":[[[120.43537866945101,22.697636723271387],[120.43537866945101,22.706629926908633],[120.44437187308826,22.706629926908633],[120.44437187308826,22.697636723271387],[120.43537866945101,22.697636723271387]]]}},{"type":"Feature","properties":{"jobs":291,"pop":692,"pointCount":8,"homeWorkCommuteMedian":8208,"workHomeCommuteMedian":7416},"geometry":{"type":"Polygon","coordinates":[[[120.43537866945101,22.706629926908633],[120.43537866945101,22.71562313054588],[120.44437187308826,22.71562313054588],[120.44437187308826,22.706629926908633],[120.43537866945101,22.706629926908633]]]}},{"type":"Feature","properties":{"jobs":78,"pop":567,"pointCount":6,"homeWorkCommuteMedian":10576,"workHomeCommuteMedian":7417},"geometry":{"type":"Polygon","coordinates":[[[120.43537866945101,22.71562313054588],[120.43537866945101,22.724616334183125],[120.44437187308826,22.724616334183125],[120.44437187308826,22.71562313054588],[120.43537866945101,22.71562313054588]]]}},{"type":"Feature","properties":{"jobs":77,"pop":317,"pointCount":5,"homeWorkCommuteMedian":10699,"workHomeCommuteMedian":6823},"geometry":{"type":"Polygon","coordinates":[[[120.43537866945101,22.724616334183125],[120.43537866945101,22.73360953782037],[120.44437187308826,22.73360953782037],[120.44437187308826,22.724616334183125],[120.43537866945101,22.724616334183125]]]}},{"type":"Feature","properties":{"jobs":0,"pop":40,"pointCount":1,"homeWorkCommuteMedian":17613,"workHomeCommuteMedian":-1},"geometry":{"type":"Polygon","coordinates":[[[120.43537866945101,22.73360953782037],[120.43537866945101,22.742602741457617],[120.44437187308826,22.742602741457617],[120.44437187308826,22.73360953782037],[120.43537866945101,22.73360953782037]]]}},{"type":"Feature","properties":{"jobs":49,"pop":41,"pointCount":2,"homeWorkCommuteMedian":9550,"workHomeCommuteMedian":9398},"geometry":{"type":"Polygon","coordinates":[[[120.43537866945101,22.742602741457617],[120.43537866945101,22.751595945094863],[120.44437187308826,22.751595945094863],[120.44437187308826,22.742602741457617],[120.43537866945101,22.742602741457617]]]}},{"type":"Feature","properties":{"jobs":68,"pop":159,"pointCount":3,"homeWorkCommuteMedian":12184,"workHomeCommuteMedian":9608},"geometry":{"type":"Polygon","coordinates":[[[120.43537866945101,22.751595945094863],[120.43537866945101,22.76058914873211],[120.44437187308826,22.76058914873211],[120.44437187308826,22.751595945094863],[120.43537866945101,22.751595945094863]]]}},{"type":"Feature","properties":{"jobs":0,"pop":46,"pointCount":1,"homeWorkCommuteMedian":31864,"workHomeCommuteMedian":-1},"geometry":{"type":"Polygon","coordinates":[[[120.43537866945101,22.76058914873211],[120.43537866945101,22.769582352369355],[120.44437187308826,22.769582352369355],[120.44437187308826,22.76058914873211],[120.43537866945101,22.76058914873211]]]}},{"type":"Feature","properties":{"jobs":66,"pop":179,"pointCount":2,"homeWorkCommuteMedian":18910,"workHomeCommuteMedian":22251},"geometry":{"type":"Polygon","coordinates":[[[120.43537866945101,22.769582352369355],[120.43537866945101,22.7785755560066],[120.44437187308826,22.7785755560066],[120.44437187308826,22.769582352369355],[120.43537866945101,22.769582352369355]]]}},{"type":"Feature","properties":{"jobs":0,"pop":116,"pointCount":2,"homeWorkCommuteMedian":23733,"workHomeCommuteMedian":-1},"geometry":{"type":"Polygon","coordinates":[[[120.43537866945101,22.796561963281093],[120.43537866945101,22.80555516691834],[120.44437187308826,22.80555516691834],[120.44437187308826,22.796561963281093],[120.43537866945101,22.796561963281093]]]}},{"type":"Feature","properties":{"jobs":0,"pop":36,"pointCount":1,"homeWorkCommuteMedian":8640,"workHomeCommuteMedian":-1},"geometry":{"type":"Polygon","coordinates":[[[120.43537866945101,22.832534777830077],[120.43537866945101,22.841527981467323],[120.44437187308826,22.841527981467323],[120.44437187308826,22.832534777830077],[120.43537866945101,22.832534777830077]]]}},{"type":"Feature","properties":{"jobs":18,"pop":22,"pointCount":2,"homeWorkCommuteMedian":17669,"workHomeCommuteMedian":12792},"geometry":{"type":"Polygon","coordinates":[[[120.43537866945101,22.8954872032908],[120.43537866945101,22.904480406928045],[120.44437187308826,22.904480406928045],[120.44437187308826,22.8954872032908],[120.43537866945101,22.8954872032908]]]}},{"type":"Feature","properties":{"jobs":0,"pop":30,"pointCount":1,"homeWorkCommuteMedian":27170,"workHomeCommuteMedian":-1},"geometry":{"type":"Polygon","coordinates":[[[120.43537866945101,22.904480406928045],[120.43537866945101,22.91347361056529],[120.44437187308826,22.91347361056529],[120.44437187308826,22.904480406928045],[120.43537866945101,22.904480406928045]]]}},{"type":"Feature","properties":{"jobs":0,"pop":54,"pointCount":1,"homeWorkCommuteMedian":39305,"workHomeCommuteMedian":-1},"geometry":{"type":"Polygon","coordinates":[[[120.43537866945101,22.91347361056529],[120.43537866945101,22.922466814202537],[120.44437187308826,22.922466814202537],[120.44437187308826,22.91347361056529],[120.43537866945101,22.91347361056529]]]}},{"type":"Feature","properties":{"jobs":0,"pop":87,"pointCount":3,"homeWorkCommuteMedian":31290,"workHomeCommuteMedian":-1},"geometry":{"type":"Polygon","coordinates":[[[120.43537866945101,22.922466814202537],[120.43537866945101,22.931460017839782],[120.44437187308826,22.931460017839782],[120.44437187308826,22.922466814202537],[120.43537866945101,22.922466814202537]]]}},{"type":"Feature","properties":{"jobs":0,"pop":39,"pointCount":1,"homeWorkCommuteMedian":36360,"workHomeCommuteMedian":-1},"geometry":{"type":"Polygon","coordinates":[[[120.43537866945101,22.94045322147703],[120.43537866945101,22.949446425114274],[120.44437187308826,22.949446425114274],[120.44437187308826,22.94045322147703],[120.43537866945101,22.94045322147703]]]}},{"type":"Feature","properties":{"jobs":20,"pop":265,"pointCount":1,"homeWorkCommuteMedian":28086,"workHomeCommuteMedian":6398},"geometry":{"type":"Polygon","coordinates":[[[120.44437187308826,22.4458270214285],[120.44437187308826,22.454820225065745],[120.4533650767255,22.454820225065745],[120.4533650767255,22.4458270214285],[120.44437187308826,22.4458270214285]]]}},{"type":"Feature","properties":{"jobs":173,"pop":4206,"pointCount":12,"homeWorkCommuteMedian":12405,"workHomeCommuteMedian":19081},"geometry":{"type":"Polygon","coordinates":[[[120.44437187308826,22.454820225065745],[120.44437187308826,22.46381342870299],[120.4533650767255,22.46381342870299],[120.4533650767255,22.454820225065745],[120.44437187308826,22.454820225065745]]]}},{"type":"Feature","properties":{"jobs":5526,"pop":2279,"pointCount":11,"homeWorkCommuteMedian":17350,"workHomeCommuteMedian":9018},"geometry":{"type":"Polygon","coordinates":[[[120.44437187308826,22.46381342870299],[120.44437187308826,22.472806632340237],[120.4533650767255,22.472806632340237],[120.4533650767255,22.46381342870299],[120.44437187308826,22.46381342870299]]]}},{"type":"Feature","properties":{"jobs":667,"pop":103,"pointCount":6,"homeWorkCommuteMedian":26863,"workHomeCommuteMedian":6818},"geometry":{"type":"Polygon","coordinates":[[[120.44437187308826,22.472806632340237],[120.44437187308826,22.481799835977483],[120.4533650767255,22.481799835977483],[120.4533650767255,22.472806632340237],[120.44437187308826,22.472806632340237]]]}},{"type":"Feature","properties":{"jobs":62,"pop":215,"pointCount":1,"homeWorkCommuteMedian":10168,"workHomeCommuteMedian":9596},"geometry":{"type":"Polygon","coordinates":[[[120.44437187308826,22.481799835977483],[120.44437187308826,22.49079303961473],[120.4533650767255,22.49079303961473],[120.4533650767255,22.481799835977483],[120.44437187308826,22.481799835977483]]]}},{"type":"Feature","properties":{"jobs":415,"pop":66,"pointCount":6,"homeWorkCommuteMedian":21245,"workHomeCommuteMedian":6643},"geometry":{"type":"Polygon","coordinates":[[[120.44437187308826,22.49079303961473],[120.44437187308826,22.499786243251975],[120.4533650767255,22.499786243251975],[120.4533650767255,22.49079303961473],[120.44437187308826,22.49079303961473]]]}},{"type":"Feature","properties":{"jobs":63,"pop":0,"pointCount":2,"homeWorkCommuteMedian":-1,"workHomeCommuteMedian":3615},"geometry":{"type":"Polygon","coordinates":[[[120.44437187308826,22.499786243251975],[120.44437187308826,22.50877944688922],[120.4533650767255,22.50877944688922],[120.4533650767255,22.499786243251975],[120.44437187308826,22.499786243251975]]]}},{"type":"Feature","properties":{"jobs":991,"pop":83,"pointCount":6,"homeWorkCommuteMedian":5410,"workHomeCommuteMedian":5530},"geometry":{"type":"Polygon","coordinates":[[[120.44437187308826,22.50877944688922],[120.44437187308826,22.517772650526467],[120.4533650767255,22.517772650526467],[120.4533650767255,22.50877944688922],[120.44437187308826,22.50877944688922]]]}},{"type":"Feature","properties":{"jobs":199,"pop":790,"pointCount":7,"homeWorkCommuteMedian":17326,"workHomeCommuteMedian":5682},"geometry":{"type":"Polygon","coordinates":[[[120.44437187308826,22.517772650526467],[120.44437187308826,22.526765854163713],[120.4533650767255,22.526765854163713],[120.4533650767255,22.517772650526467],[120.44437187308826,22.517772650526467]]]}},{"type":"Feature","properties":{"jobs":89,"pop":1482,"pointCount":7,"homeWorkCommuteMedian":10638,"workHomeCommuteMedian":7134},"geometry":{"type":"Polygon","coordinates":[[[120.44437187308826,22.526765854163713],[120.44437187308826,22.53575905780096],[120.4533650767255,22.53575905780096],[120.4533650767255,22.526765854163713],[120.44437187308826,22.526765854163713]]]}},{"type":"Feature","properties":{"jobs":0,"pop":118,"pointCount":1,"homeWorkCommuteMedian":27780,"workHomeCommuteMedian":-1},"geometry":{"type":"Polygon","coordinates":[[[120.44437187308826,22.53575905780096],[120.44437187308826,22.544752261438205],[120.4533650767255,22.544752261438205],[120.4533650767255,22.53575905780096],[120.44437187308826,22.53575905780096]]]}},{"type":"Feature","properties":{"jobs":27,"pop":806,"pointCount":5,"homeWorkCommuteMedian":7574,"workHomeCommuteMedian":9741},"geometry":{"type":"Polygon","coordinates":[[[120.44437187308826,22.544752261438205],[120.44437187308826,22.55374546507545],[120.4533650767255,22.55374546507545],[120.4533650767255,22.544752261438205],[120.44437187308826,22.544752261438205]]]}},{"type":"Feature","properties":{"jobs":227,"pop":35,"pointCount":1,"homeWorkCommuteMedian":6969,"workHomeCommuteMedian":36522},"geometry":{"type":"Polygon","coordinates":[[[120.44437187308826,22.62569109417342],[120.44437187308826,22.634684297810665],[120.4533650767255,22.634684297810665],[120.4533650767255,22.62569109417342],[120.44437187308826,22.62569109417342]]]}},{"type":"Feature","properties":{"jobs":2222,"pop":0,"pointCount":3,"homeWorkCommuteMedian":-1,"workHomeCommuteMedian":12022},"geometry":{"type":"Polygon","coordinates":[[[120.44437187308826,22.634684297810665],[120.44437187308826,22.64367750144791],[120.4533650767255,22.64367750144791],[120.4533650767255,22.634684297810665],[120.44437187308826,22.634684297810665]]]}},{"type":"Feature","properties":{"jobs":1288,"pop":0,"pointCount":3,"homeWorkCommuteMedian":-1,"workHomeCommuteMedian":8017},"geometry":{"type":"Polygon","coordinates":[[[120.44437187308826,22.64367750144791],[120.44437187308826,22.652670705085157],[120.4533650767255,22.652670705085157],[120.4533650767255,22.64367750144791],[120.44437187308826,22.64367750144791]]]}},{"type":"Feature","properties":{"jobs":238,"pop":0,"pointCount":1,"homeWorkCommuteMedian":-1,"workHomeCommuteMedian":16334},"geometry":{"type":"Polygon","coordinates":[[[120.44437187308826,22.652670705085157],[120.44437187308826,22.661663908722403],[120.4533650767255,22.661663908722403],[120.4533650767255,22.652670705085157],[120.44437187308826,22.652670705085157]]]}},{"type":"Feature","properties":{"jobs":334,"pop":125,"pointCount":4,"homeWorkCommuteMedian":20615,"workHomeCommuteMedian":7055},"geometry":{"type":"Polygon","coordinates":[[[120.44437187308826,22.661663908722403],[120.44437187308826,22.67065711235965],[120.4533650767255,22.67065711235965],[120.4533650767255,22.661663908722403],[120.44437187308826,22.661663908722403]]]}},{"type":"Feature","properties":{"jobs":116,"pop":0,"pointCount":1,"homeWorkCommuteMedian":-1,"workHomeCommuteMedian":8218},"geometry":{"type":"Polygon","coordinates":[[[120.44437187308826,22.706629926908633],[120.44437187308826,22.71562313054588],[120.4533650767255,22.71562313054588],[120.4533650767255,22.706629926908633],[120.44437187308826,22.706629926908633]]]}},{"type":"Feature","properties":{"jobs":63,"pop":0,"pointCount":1,"homeWorkCommuteMedian":-1,"workHomeCommuteMedian":9606},"geometry":{"type":"Polygon","coordinates":[[[120.44437187308826,22.71562313054588],[120.44437187308826,22.724616334183125],[120.4533650767255,22.724616334183125],[120.4533650767255,22.71562313054588],[120.44437187308826,22.71562313054588]]]}},{"type":"Feature","properties":{"jobs":57,"pop":387,"pointCount":6,"homeWorkCommuteMedian":16072,"workHomeCommuteMedian":5052},"geometry":{"type":"Polygon","coordinates":[[[120.44437187308826,22.724616334183125],[120.44437187308826,22.73360953782037],[120.4533650767255,22.73360953782037],[120.4533650767255,22.724616334183125],[120.44437187308826,22.724616334183125]]]}},{"type":"Feature","properties":{"jobs":51,"pop":288,"pointCount":3,"homeWorkCommuteMedian":15676,"workHomeCommuteMedian":27141},"geometry":{"type":"Polygon","coordinates":[[[120.44437187308826,22.73360953782037],[120.44437187308826,22.742602741457617],[120.4533650767255,22.742602741457617],[120.4533650767255,22.73360953782037],[120.44437187308826,22.73360953782037]]]}},{"type":"Feature","properties":{"jobs":377,"pop":483,"pointCount":8,"homeWorkCommuteMedian":11242,"workHomeCommuteMedian":12022},"geometry":{"type":"Polygon","coordinates":[[[120.44437187308826,22.742602741457617],[120.44437187308826,22.751595945094863],[120.4533650767255,22.751595945094863],[120.4533650767255,22.742602741457617],[120.44437187308826,22.742602741457617]]]}},{"type":"Feature","properties":{"jobs":439,"pop":0,"pointCount":2,"homeWorkCommuteMedian":-1,"workHomeCommuteMedian":15910},"geometry":{"type":"Polygon","coordinates":[[[120.44437187308826,22.751595945094863],[120.44437187308826,22.76058914873211],[120.4533650767255,22.76058914873211],[120.4533650767255,22.751595945094863],[120.44437187308826,22.751595945094863]]]}},{"type":"Feature","properties":{"jobs":47,"pop":31,"pointCount":2,"homeWorkCommuteMedian":26510,"workHomeCommuteMedian":33871},"geometry":{"type":"Polygon","coordinates":[[[120.44437187308826,22.76058914873211],[120.44437187308826,22.769582352369355],[120.4533650767255,22.769582352369355],[120.4533650767255,22.76058914873211],[120.44437187308826,22.76058914873211]]]}},{"type":"Feature","properties":{"jobs":85,"pop":400,"pointCount":5,"homeWorkCommuteMedian":13646,"workHomeCommuteMedian":14258},"geometry":{"type":"Polygon","coordinates":[[[120.44437187308826,22.769582352369355],[120.44437187308826,22.7785755560066],[120.4533650767255,22.7785755560066],[120.4533650767255,22.769582352369355],[120.44437187308826,22.769582352369355]]]}},{"type":"Feature","properties":{"jobs":39,"pop":87,"pointCount":1,"homeWorkCommuteMedian":30038,"workHomeCommuteMedian":15073},"geometry":{"type":"Polygon","coordinates":[[[120.44437187308826,22.7785755560066],[120.44437187308826,22.787568759643847],[120.4533650767255,22.787568759643847],[120.4533650767255,22.7785755560066],[120.44437187308826,22.7785755560066]]]}},{"type":"Feature","properties":{"jobs":92,"pop":65,"pointCount":2,"homeWorkCommuteMedian":23800,"workHomeCommuteMedian":25772},"geometry":{"type":"Polygon","coordinates":[[[120.44437187308826,22.787568759643847],[120.44437187308826,22.796561963281093],[120.4533650767255,22.796561963281093],[120.4533650767255,22.787568759643847],[120.44437187308826,22.787568759643847]]]}},{"type":"Feature","properties":{"jobs":0,"pop":36,"pointCount":1,"homeWorkCommuteMedian":46327,"workHomeCommuteMedian":-1},"geometry":{"type":"Polygon","coordinates":[[[120.44437187308826,22.859514388741815],[120.44437187308826,22.86850759237906],[120.4533650767255,22.86850759237906],[120.4533650767255,22.859514388741815],[120.44437187308826,22.859514388741815]]]}},{"type":"Feature","properties":{"jobs":45,"pop":0,"pointCount":1,"homeWorkCommuteMedian":-1,"workHomeCommuteMedian":6390},"geometry":{"type":"Polygon","coordinates":[[[120.44437187308826,22.86850759237906],[120.44437187308826,22.877500796016307],[120.4533650767255,22.877500796016307],[120.4533650767255,22.86850759237906],[120.44437187308826,22.86850759237906]]]}},{"type":"Feature","properties":{"jobs":20,"pop":0,"pointCount":1,"homeWorkCommuteMedian":-1,"workHomeCommuteMedian":49079},"geometry":{"type":"Polygon","coordinates":[[[120.44437187308826,22.877500796016307],[120.44437187308826,22.886493999653553],[120.4533650767255,22.886493999653553],[120.4533650767255,22.877500796016307],[120.44437187308826,22.877500796016307]]]}},{"type":"Feature","properties":{"jobs":0,"pop":46,"pointCount":2,"homeWorkCommuteMedian":35644,"workHomeCommuteMedian":-1},"geometry":{"type":"Polygon","coordinates":[[[120.44437187308826,22.886493999653553],[120.44437187308826,22.8954872032908],[120.4533650767255,22.8954872032908],[120.4533650767255,22.886493999653553],[120.44437187308826,22.886493999653553]]]}},{"type":"Feature","properties":{"jobs":0,"pop":80,"pointCount":2,"homeWorkCommuteMedian":4598,"workHomeCommuteMedian":-1},"geometry":{"type":"Polygon","coordinates":[[[120.44437187308826,22.904480406928045],[120.44437187308826,22.91347361056529],[120.4533650767255,22.91347361056529],[120.4533650767255,22.904480406928045],[120.44437187308826,22.904480406928045]]]}},{"type":"Feature","properties":{"jobs":28,"pop":260,"pointCount":5,"homeWorkCommuteMedian":39160,"workHomeCommuteMedian":5131},"geometry":{"type":"Polygon","coordinates":[[[120.44437187308826,22.91347361056529],[120.44437187308826,22.922466814202537],[120.4533650767255,22.922466814202537],[120.4533650767255,22.91347361056529],[120.44437187308826,22.91347361056529]]]}},{"type":"Feature","properties":{"jobs":0,"pop":48,"pointCount":1,"homeWorkCommuteMedian":50281,"workHomeCommuteMedian":-1},"geometry":{"type":"Polygon","coordinates":[[[120.44437187308826,22.922466814202537],[120.44437187308826,22.931460017839782],[120.4533650767255,22.931460017839782],[120.4533650767255,22.922466814202537],[120.44437187308826,22.922466814202537]]]}},{"type":"Feature","properties":{"jobs":0,"pop":97,"pointCount":3,"homeWorkCommuteMedian":35783,"workHomeCommuteMedian":-1},"geometry":{"type":"Polygon","coordinates":[[[120.44437187308826,22.931460017839782],[120.44437187308826,22.94045322147703],[120.4533650767255,22.94045322147703],[120.4533650767255,22.931460017839782],[120.44437187308826,22.931460017839782]]]}},{"type":"Feature","properties":{"jobs":0,"pop":23,"pointCount":1,"homeWorkCommuteMedian":51582,"workHomeCommuteMedian":-1},"geometry":{"type":"Polygon","coordinates":[[[120.44437187308826,22.94045322147703],[120.44437187308826,22.949446425114274],[120.4533650767255,22.949446425114274],[120.4533650767255,22.94045322147703],[120.44437187308826,22.94045322147703]]]}},{"type":"Feature","properties":{"jobs":0,"pop":46,"pointCount":1,"homeWorkCommuteMedian":48241,"workHomeCommuteMedian":-1},"geometry":{"type":"Polygon","coordinates":[[[120.44437187308826,22.95843962875152],[120.44437187308826,22.967432832388766],[120.4533650767255,22.967432832388766],[120.4533650767255,22.95843962875152],[120.44437187308826,22.95843962875152]]]}},{"type":"Feature","properties":{"jobs":0,"pop":41,"pointCount":1,"homeWorkCommuteMedian":4711,"workHomeCommuteMedian":-1},"geometry":{"type":"Polygon","coordinates":[[[120.4533650767255,22.436833817791253],[120.4533650767255,22.4458270214285],[120.46235828036275,22.4458270214285],[120.46235828036275,22.436833817791253],[120.4533650767255,22.436833817791253]]]}},{"type":"Feature","properties":{"jobs":4645,"pop":481,"pointCount":8,"homeWorkCommuteMedian":1949,"workHomeCommuteMedian":6583},"geometry":{"type":"Polygon","coordinates":[[[120.4533650767255,22.46381342870299],[120.4533650767255,22.472806632340237],[120.46235828036275,22.472806632340237],[120.46235828036275,22.46381342870299],[120.4533650767255,22.46381342870299]]]}},{"type":"Feature","properties":{"jobs":723,"pop":0,"pointCount":1,"homeWorkCommuteMedian":-1,"workHomeCommuteMedian":3856},"geometry":{"type":"Polygon","coordinates":[[[120.4533650767255,22.472806632340237],[120.4533650767255,22.481799835977483],[120.46235828036275,22.481799835977483],[120.46235828036275,22.472806632340237],[120.4533650767255,22.472806632340237]]]}},{"type":"Feature","properties":{"jobs":622,"pop":1839,"pointCount":10,"homeWorkCommuteMedian":13403,"workHomeCommuteMedian":6310},"geometry":{"type":"Polygon","coordinates":[[[120.4533650767255,22.481799835977483],[120.4533650767255,22.49079303961473],[120.46235828036275,22.49079303961473],[120.46235828036275,22.481799835977483],[120.4533650767255,22.481799835977483]]]}},{"type":"Feature","properties":{"jobs":250,"pop":1171,"pointCount":8,"homeWorkCommuteMedian":19036,"workHomeCommuteMedian":6380},"geometry":{"type":"Polygon","coordinates":[[[120.4533650767255,22.49079303961473],[120.4533650767255,22.499786243251975],[120.46235828036275,22.499786243251975],[120.46235828036275,22.49079303961473],[120.4533650767255,22.49079303961473]]]}},{"type":"Feature","properties":{"jobs":130,"pop":566,"pointCount":6,"homeWorkCommuteMedian":6572,"workHomeCommuteMedian":4886},"geometry":{"type":"Polygon","coordinates":[[[120.4533650767255,22.499786243251975],[120.4533650767255,22.50877944688922],[120.46235828036275,22.50877944688922],[120.46235828036275,22.499786243251975],[120.4533650767255,22.499786243251975]]]}},{"type":"Feature","properties":{"jobs":87,"pop":575,"pointCount":7,"homeWorkCommuteMedian":6586,"workHomeCommuteMedian":29212},"geometry":{"type":"Polygon","coordinates":[[[120.4533650767255,22.50877944688922],[120.4533650767255,22.517772650526467],[120.46235828036275,22.517772650526467],[120.46235828036275,22.50877944688922],[120.4533650767255,22.50877944688922]]]}},{"type":"Feature","properties":{"jobs":20,"pop":329,"pointCount":3,"homeWorkCommuteMedian":26990,"workHomeCommuteMedian":14952},"geometry":{"type":"Polygon","coordinates":[[[120.4533650767255,22.517772650526467],[120.4533650767255,22.526765854163713],[120.46235828036275,22.526765854163713],[120.46235828036275,22.517772650526467],[120.4533650767255,22.517772650526467]]]}},{"type":"Feature","properties":{"jobs":545,"pop":761,"pointCount":8,"homeWorkCommuteMedian":10954,"workHomeCommuteMedian":5062},"geometry":{"type":"Polygon","coordinates":[[[120.4533650767255,22.526765854163713],[120.4533650767255,22.53575905780096],[120.46235828036275,22.53575905780096],[120.46235828036275,22.526765854163713],[120.4533650767255,22.526765854163713]]]}},{"type":"Feature","properties":{"jobs":1318,"pop":1207,"pointCount":12,"homeWorkCommuteMedian":16720,"workHomeCommuteMedian":11807},"geometry":{"type":"Polygon","coordinates":[[[120.4533650767255,22.53575905780096],[120.4533650767255,22.544752261438205],[120.46235828036275,22.544752261438205],[120.46235828036275,22.53575905780096],[120.4533650767255,22.53575905780096]]]}},{"type":"Feature","properties":{"jobs":178,"pop":48,"pointCount":5,"homeWorkCommuteMedian":26285,"workHomeCommuteMedian":18211},"geometry":{"type":"Polygon","coordinates":[[[120.4533650767255,22.544752261438205],[120.4533650767255,22.55374546507545],[120.46235828036275,22.55374546507545],[120.46235828036275,22.544752261438205],[120.4533650767255,22.544752261438205]]]}},{"type":"Feature","properties":{"jobs":80,"pop":0,"pointCount":2,"homeWorkCommuteMedian":-1,"workHomeCommuteMedian":49483},"geometry":{"type":"Polygon","coordinates":[[[120.4533650767255,22.55374546507545],[120.4533650767255,22.562738668712697],[120.46235828036275,22.562738668712697],[120.46235828036275,22.55374546507545],[120.4533650767255,22.55374546507545]]]}},{"type":"Feature","properties":{"jobs":92,"pop":275,"pointCount":4,"homeWorkCommuteMedian":6834,"workHomeCommuteMedian":5102},"geometry":{"type":"Polygon","coordinates":[[[120.4533650767255,22.562738668712697],[120.4533650767255,22.571731872349943],[120.46235828036275,22.571731872349943],[120.46235828036275,22.562738668712697],[120.4533650767255,22.562738668712697]]]}},{"type":"Feature","properties":{"jobs":0,"pop":598,"pointCount":7,"homeWorkCommuteMedian":18627,"workHomeCommuteMedian":-1},"geometry":{"type":"Polygon","coordinates":[[[120.4533650767255,22.571731872349943],[120.4533650767255,22.58072507598719],[120.46235828036275,22.58072507598719],[120.46235828036275,22.571731872349943],[120.4533650767255,22.571731872349943]]]}},{"type":"Feature","properties":{"jobs":57,"pop":492,"pointCount":4,"homeWorkCommuteMedian":5729,"workHomeCommuteMedian":4083},"geometry":{"type":"Polygon","coordinates":[[[120.4533650767255,22.58072507598719],[120.4533650767255,22.589718279624435],[120.46235828036275,22.589718279624435],[120.46235828036275,22.58072507598719],[120.4533650767255,22.58072507598719]]]}},{"type":"Feature","properties":{"jobs":87,"pop":438,"pointCount":3,"homeWorkCommuteMedian":14404,"workHomeCommuteMedian":4410},"geometry":{"type":"Polygon","coordinates":[[[120.4533650767255,22.589718279624435],[120.4533650767255,22.59871148326168],[120.46235828036275,22.59871148326168],[120.46235828036275,22.589718279624435],[120.4533650767255,22.589718279624435]]]}},{"type":"Feature","properties":{"jobs":39,"pop":280,"pointCount":3,"homeWorkCommuteMedian":7766,"workHomeCommuteMedian":5416},"geometry":{"type":"Polygon","coordinates":[[[120.4533650767255,22.59871148326168],[120.4533650767255,22.607704686898927],[120.46235828036275,22.607704686898927],[120.46235828036275,22.59871148326168],[120.4533650767255,22.59871148326168]]]}},{"type":"Feature","properties":{"jobs":0,"pop":21,"pointCount":1,"homeWorkCommuteMedian":29381,"workHomeCommuteMedian":-1},"geometry":{"type":"Polygon","coordinates":[[[120.4533650767255,22.607704686898927],[120.4533650767255,22.616697890536173],[120.46235828036275,22.616697890536173],[120.46235828036275,22.607704686898927],[120.4533650767255,22.607704686898927]]]}},{"type":"Feature","properties":{"jobs":96,"pop":403,"pointCount":5,"homeWorkCommuteMedian":19469,"workHomeCommuteMedian":6929},"geometry":{"type":"Polygon","coordinates":[[[120.4533650767255,22.616697890536173],[120.4533650767255,22.62569109417342],[120.46235828036275,22.62569109417342],[120.46235828036275,22.616697890536173],[120.4533650767255,22.616697890536173]]]}},{"type":"Feature","properties":{"jobs":287,"pop":27,"pointCount":5,"homeWorkCommuteMedian":24075,"workHomeCommuteMedian":17066},"geometry":{"type":"Polygon","coordinates":[[[120.4533650767255,22.62569109417342],[120.4533650767255,22.634684297810665],[120.46235828036275,22.634684297810665],[120.46235828036275,22.62569109417342],[120.4533650767255,22.62569109417342]]]}},{"type":"Feature","properties":{"jobs":2774,"pop":120,"pointCount":11,"homeWorkCommuteMedian":10788,"workHomeCommuteMedian":15718},"geometry":{"type":"Polygon","coordinates":[[[120.4533650767255,22.634684297810665],[120.4533650767255,22.64367750144791],[120.46235828036275,22.64367750144791],[120.46235828036275,22.634684297810665],[120.4533650767255,22.634684297810665]]]}},{"type":"Feature","properties":{"jobs":1030,"pop":371,"pointCount":6,"homeWorkCommuteMedian":18017,"workHomeCommuteMedian":5773},"geometry":{"type":"Polygon","coordinates":[[[120.4533650767255,22.64367750144791],[120.4533650767255,22.652670705085157],[120.46235828036275,22.652670705085157],[120.46235828036275,22.64367750144791],[120.4533650767255,22.64367750144791]]]}},{"type":"Feature","properties":{"jobs":554,"pop":34,"pointCount":4,"homeWorkCommuteMedian":17252,"workHomeCommuteMedian":14375},"geometry":{"type":"Polygon","coordinates":[[[120.4533650767255,22.652670705085157],[120.4533650767255,22.661663908722403],[120.46235828036275,22.661663908722403],[120.46235828036275,22.652670705085157],[120.4533650767255,22.652670705085157]]]}},{"type":"Feature","properties":{"jobs":42,"pop":148,"pointCount":3,"homeWorkCommuteMedian":7265,"workHomeCommuteMedian":42417},"geometry":{"type":"Polygon","coordinates":[[[120.4533650767255,22.661663908722403],[120.4533650767255,22.67065711235965],[120.46235828036275,22.67065711235965],[120.46235828036275,22.661663908722403],[120.4533650767255,22.661663908722403]]]}},{"type":"Feature","properties":{"jobs":43,"pop":161,"pointCount":3,"homeWorkCommuteMedian":20938,"workHomeCommuteMedian":25890},"geometry":{"type":"Polygon","coordinates":[[[120.4533650767255,22.796561963281093],[120.4533650767255,22.80555516691834],[120.46235828036275,22.80555516691834],[120.46235828036275,22.796561963281093],[120.4533650767255,22.796561963281093]]]}},{"type":"Feature","properties":{"jobs":43,"pop":72,"pointCount":2,"homeWorkCommuteMedian":26148,"workHomeCommuteMedian":11751},"geometry":{"type":"Polygon","coordinates":[[[120.4533650767255,22.80555516691834],[120.4533650767255,22.814548370555585],[120.46235828036275,22.814548370555585],[120.46235828036275,22.80555516691834],[120.4533650767255,22.80555516691834]]]}},{"type":"Feature","properties":{"jobs":36,"pop":107,"pointCount":1,"homeWorkCommuteMedian":29948,"workHomeCommuteMedian":4209},"geometry":{"type":"Polygon","coordinates":[[[120.4533650767255,22.814548370555585],[120.4533650767255,22.82354157419283],[120.46235828036275,22.82354157419283],[120.46235828036275,22.814548370555585],[120.4533650767255,22.814548370555585]]]}},{"type":"Feature","properties":{"jobs":52,"pop":138,"pointCount":2,"homeWorkCommuteMedian":28801,"workHomeCommuteMedian":7669},"geometry":{"type":"Polygon","coordinates":[[[120.4533650767255,22.82354157419283],[120.4533650767255,22.832534777830077],[120.46235828036275,22.832534777830077],[120.46235828036275,22.82354157419283],[120.4533650767255,22.82354157419283]]]}},{"type":"Feature","properties":{"jobs":37,"pop":143,"pointCount":1,"homeWorkCommuteMedian":6575,"workHomeCommuteMedian":7576},"geometry":{"type":"Polygon","coordinates":[[[120.4533650767255,22.832534777830077],[120.4533650767255,22.841527981467323],[120.46235828036275,22.841527981467323],[120.46235828036275,22.832534777830077],[120.4533650767255,22.832534777830077]]]}},{"type":"Feature","properties":{"jobs":0,"pop":64,"pointCount":1,"homeWorkCommuteMedian":28764,"workHomeCommuteMedian":-1},"geometry":{"type":"Polygon","coordinates":[[[120.4533650767255,22.841527981467323],[120.4533650767255,22.85052118510457],[120.46235828036275,22.85052118510457],[120.46235828036275,22.841527981467323],[120.4533650767255,22.841527981467323]]]}},{"type":"Feature","properties":{"jobs":487,"pop":190,"pointCount":4,"homeWorkCommuteMedian":37312,"workHomeCommuteMedian":10296},"geometry":{"type":"Polygon","coordinates":[[[120.4533650767255,22.877500796016307],[120.4533650767255,22.886493999653553],[120.46235828036275,22.886493999653553],[120.46235828036275,22.877500796016307],[120.4533650767255,22.877500796016307]]]}},{"type":"Feature","properties":{"jobs":137,"pop":0,"pointCount":1,"homeWorkCommuteMedian":-1,"workHomeCommuteMedian":12537},"geometry":{"type":"Polygon","coordinates":[[[120.4533650767255,22.904480406928045],[120.4533650767255,22.91347361056529],[120.46235828036275,22.91347361056529],[120.46235828036275,22.904480406928045],[120.4533650767255,22.904480406928045]]]}},{"type":"Feature","properties":{"jobs":247,"pop":564,"pointCount":7,"homeWorkCommuteMedian":34223,"workHomeCommuteMedian":10697},"geometry":{"type":"Polygon","coordinates":[[[120.4533650767255,22.91347361056529],[120.4533650767255,22.922466814202537],[120.46235828036275,22.922466814202537],[120.46235828036275,22.91347361056529],[120.4533650767255,22.91347361056529]]]}},{"type":"Feature","properties":{"jobs":42,"pop":104,"pointCount":2,"homeWorkCommuteMedian":48182,"workHomeCommuteMedian":2784},"geometry":{"type":"Polygon","coordinates":[[[120.4533650767255,22.922466814202537],[120.4533650767255,22.931460017839782],[120.46235828036275,22.931460017839782],[120.46235828036275,22.922466814202537],[120.4533650767255,22.922466814202537]]]}},{"type":"Feature","properties":{"jobs":152,"pop":403,"pointCount":6,"homeWorkCommuteMedian":35957,"workHomeCommuteMedian":2048},"geometry":{"type":"Polygon","coordinates":[[[120.4533650767255,22.931460017839782],[120.4533650767255,22.94045322147703],[120.46235828036275,22.94045322147703],[120.46235828036275,22.931460017839782],[120.4533650767255,22.931460017839782]]]}},{"type":"Feature","properties":{"jobs":68,"pop":212,"pointCount":4,"homeWorkCommuteMedian":16007,"workHomeCommuteMedian":28958},"geometry":{"type":"Polygon","coordinates":[[[120.4533650767255,22.94045322147703],[120.4533650767255,22.949446425114274],[120.46235828036275,22.949446425114274],[120.46235828036275,22.94045322147703],[120.4533650767255,22.94045322147703]]]}},{"type":"Feature","properties":{"jobs":0,"pop":81,"pointCount":1,"homeWorkCommuteMedian":44153,"workHomeCommuteMedian":-1},"geometry":{"type":"Polygon","coordinates":[[[120.4533650767255,22.949446425114274],[120.4533650767255,22.95843962875152],[120.46235828036275,22.95843962875152],[120.46235828036275,22.949446425114274],[120.4533650767255,22.949446425114274]]]}},{"type":"Feature","properties":{"jobs":15,"pop":85,"pointCount":3,"homeWorkCommuteMedian":37117,"workHomeCommuteMedian":10896},"geometry":{"type":"Polygon","coordinates":[[[120.4533650767255,22.95843962875152],[120.4533650767255,22.967432832388766],[120.46235828036275,22.967432832388766],[120.46235828036275,22.95843962875152],[120.4533650767255,22.95843962875152]]]}},{"type":"Feature","properties":{"jobs":33,"pop":612,"pointCount":6,"homeWorkCommuteMedian":4856,"workHomeCommuteMedian":3470},"geometry":{"type":"Polygon","coordinates":[[[120.46235828036275,22.436833817791253],[120.46235828036275,22.4458270214285],[120.471351484,22.4458270214285],[120.471351484,22.436833817791253],[120.46235828036275,22.436833817791253]]]}},{"type":"Feature","properties":{"jobs":1641,"pop":2847,"pointCount":8,"homeWorkCommuteMedian":10150,"workHomeCommuteMedian":5010},"geometry":{"type":"Polygon","coordinates":[[[120.46235828036275,22.454820225065745],[120.46235828036275,22.46381342870299],[120.471351484,22.46381342870299],[120.471351484,22.454820225065745],[120.46235828036275,22.454820225065745]]]}},{"type":"Feature","properties":{"jobs":1758,"pop":0,"pointCount":6,"homeWorkCommuteMedian":-1,"workHomeCommuteMedian":5701},"geometry":{"type":"Polygon","coordinates":[[[120.46235828036275,22.46381342870299],[120.46235828036275,22.472806632340237],[120.471351484,22.472806632340237],[120.471351484,22.46381342870299],[120.46235828036275,22.46381342870299]]]}},{"type":"Feature","properties":{"jobs":1581,"pop":0,"pointCount":5,"homeWorkCommuteMedian":-1,"workHomeCommuteMedian":6527},"geometry":{"type":"Polygon","coordinates":[[[120.46235828036275,22.472806632340237],[120.46235828036275,22.481799835977483],[120.471351484,22.481799835977483],[120.471351484,22.472806632340237],[120.46235828036275,22.472806632340237]]]}},{"type":"Feature","properties":{"jobs":211,"pop":769,"pointCount":5,"homeWorkCommuteMedian":22010,"workHomeCommuteMedian":11863},"geometry":{"type":"Polygon","coordinates":[[[120.46235828036275,22.481799835977483],[120.46235828036275,22.49079303961473],[120.471351484,22.49079303961473],[120.471351484,22.481799835977483],[120.46235828036275,22.481799835977483]]]}},{"type":"Feature","properties":{"jobs":0,"pop":122,"pointCount":1,"homeWorkCommuteMedian":4159,"workHomeCommuteMedian":-1},"geometry":{"type":"Polygon","coordinates":[[[120.46235828036275,22.49079303961473],[120.46235828036275,22.499786243251975],[120.471351484,22.499786243251975],[120.471351484,22.49079303961473],[120.46235828036275,22.49079303961473]]]}},{"type":"Feature","properties":{"jobs":0,"pop":56,"pointCount":1,"homeWorkCommuteMedian":7982,"workHomeCommuteMedian":-1},"geometry":{"type":"Polygon","coordinates":[[[120.46235828036275,22.499786243251975],[120.46235828036275,22.50877944688922],[120.471351484,22.50877944688922],[120.471351484,22.499786243251975],[120.46235828036275,22.499786243251975]]]}},{"type":"Feature","properties":{"jobs":93,"pop":0,"pointCount":2,"homeWorkCommuteMedian":-1,"workHomeCommuteMedian":2740},"geometry":{"type":"Polygon","coordinates":[[[120.46235828036275,22.50877944688922],[120.46235828036275,22.517772650526467],[120.471351484,22.517772650526467],[120.471351484,22.50877944688922],[120.46235828036275,22.50877944688922]]]}},{"type":"Feature","properties":{"jobs":109,"pop":72,"pointCount":4,"homeWorkCommuteMedian":18917,"workHomeCommuteMedian":4421},"geometry":{"type":"Polygon","coordinates":[[[120.46235828036275,22.517772650526467],[120.46235828036275,22.526765854163713],[120.471351484,22.526765854163713],[120.471351484,22.517772650526467],[120.46235828036275,22.517772650526467]]]}},{"type":"Feature","properties":{"jobs":281,"pop":499,"pointCount":7,"homeWorkCommuteMedian":8798,"workHomeCommuteMedian":21961},"geometry":{"type":"Polygon","coordinates":[[[120.46235828036275,22.526765854163713],[120.46235828036275,22.53575905780096],[120.471351484,22.53575905780096],[120.471351484,22.526765854163713],[120.46235828036275,22.526765854163713]]]}},{"type":"Feature","properties":{"jobs":145,"pop":351,"pointCount":6,"homeWorkCommuteMedian":5530,"workHomeCommuteMedian":5611},"geometry":{"type":"Polygon","coordinates":[[[120.46235828036275,22.53575905780096],[120.46235828036275,22.544752261438205],[120.471351484,22.544752261438205],[120.471351484,22.53575905780096],[120.46235828036275,22.53575905780096]]]}},{"type":"Feature","properties":{"jobs":897,"pop":341,"pointCount":8,"homeWorkCommuteMedian":19588,"workHomeCommuteMedian":6035},"geometry":{"type":"Polygon","coordinates":[[[120.46235828036275,22.544752261438205],[120.46235828036275,22.55374546507545],[120.471351484,22.55374546507545],[120.471351484,22.544752261438205],[120.46235828036275,22.544752261438205]]]}},{"type":"Feature","properties":{"jobs":277,"pop":476,"pointCount":8,"homeWorkCommuteMedian":8542,"workHomeCommuteMedian":8960},"geometry":{"type":"Polygon","coordinates":[[[120.46235828036275,22.55374546507545],[120.46235828036275,22.562738668712697],[120.471351484,22.562738668712697],[120.471351484,22.55374546507545],[120.46235828036275,22.55374546507545]]]}},{"type":"Feature","properties":{"jobs":47,"pop":724,"pointCount":5,"homeWorkCommuteMedian":8072,"workHomeCommuteMedian":3192},"geometry":{"type":"Polygon","coordinates":[[[120.46235828036275,22.562738668712697],[120.46235828036275,22.571731872349943],[120.471351484,22.571731872349943],[120.471351484,22.562738668712697],[120.46235828036275,22.562738668712697]]]}},{"type":"Feature","properties":{"jobs":317,"pop":197,"pointCount":7,"homeWorkCommuteMedian":23783,"workHomeCommuteMedian":3103},"geometry":{"type":"Polygon","coordinates":[[[120.46235828036275,22.571731872349943],[120.46235828036275,22.58072507598719],[120.471351484,22.58072507598719],[120.471351484,22.571731872349943],[120.46235828036275,22.571731872349943]]]}},{"type":"Feature","properties":{"jobs":636,"pop":396,"pointCount":9,"homeWorkCommuteMedian":19691,"workHomeCommuteMedian":3798},"geometry":{"type":"Polygon","coordinates":[[[120.46235828036275,22.58072507598719],[120.46235828036275,22.589718279624435],[120.471351484,22.589718279624435],[120.471351484,22.58072507598719],[120.46235828036275,22.58072507598719]]]}},{"type":"Feature","properties":{"jobs":221,"pop":1533,"pointCount":9,"homeWorkCommuteMedian":11845,"workHomeCommuteMedian":34022},"geometry":{"type":"Polygon","coordinates":[[[120.46235828036275,22.589718279624435],[120.46235828036275,22.59871148326168],[120.471351484,22.59871148326168],[120.471351484,22.589718279624435],[120.46235828036275,22.589718279624435]]]}},{"type":"Feature","properties":{"jobs":202,"pop":1005,"pointCount":8,"homeWorkCommuteMedian":11767,"workHomeCommuteMedian":5866},"geometry":{"type":"Polygon","coordinates":[[[120.46235828036275,22.59871148326168],[120.46235828036275,22.607704686898927],[120.471351484,22.607704686898927],[120.471351484,22.59871148326168],[120.46235828036275,22.59871148326168]]]}},{"type":"Feature","properties":{"jobs":393,"pop":1500,"pointCount":13,"homeWorkCommuteMedian":7435,"workHomeCommuteMedian":5094},"geometry":{"type":"Polygon","coordinates":[[[120.46235828036275,22.607704686898927],[120.46235828036275,22.616697890536173],[120.471351484,22.616697890536173],[120.471351484,22.607704686898927],[120.46235828036275,22.607704686898927]]]}},{"type":"Feature","properties":{"jobs":507,"pop":2102,"pointCount":9,"homeWorkCommuteMedian":14567,"workHomeCommuteMedian":5079},"geometry":{"type":"Polygon","coordinates":[[[120.46235828036275,22.616697890536173],[120.46235828036275,22.62569109417342],[120.471351484,22.62569109417342],[120.471351484,22.616697890536173],[120.46235828036275,22.616697890536173]]]}},{"type":"Feature","properties":{"jobs":658,"pop":224,"pointCount":6,"homeWorkCommuteMedian":23448,"workHomeCommuteMedian":20524},"geometry":{"type":"Polygon","coordinates":[[[120.46235828036275,22.62569109417342],[120.46235828036275,22.634684297810665],[120.471351484,22.634684297810665],[120.471351484,22.62569109417342],[120.46235828036275,22.62569109417342]]]}},{"type":"Feature","properties":{"jobs":399,"pop":456,"pointCount":7,"homeWorkCommuteMedian":6321,"workHomeCommuteMedian":17676},"geometry":{"type":"Polygon","coordinates":[[[120.46235828036275,22.634684297810665],[120.46235828036275,22.64367750144791],[120.471351484,22.64367750144791],[120.471351484,22.634684297810665],[120.46235828036275,22.634684297810665]]]}},{"type":"Feature","properties":{"jobs":1428,"pop":1014,"pointCount":11,"homeWorkCommuteMedian":7021,"workHomeCommuteMedian":17987},"geometry":{"type":"Polygon","coordinates":[[[120.46235828036275,22.64367750144791],[120.46235828036275,22.652670705085157],[120.471351484,22.652670705085157],[120.471351484,22.64367750144791],[120.46235828036275,22.64367750144791]]]}},{"type":"Feature","properties":{"jobs":7951,"pop":319,"pointCount":9,"homeWorkCommuteMedian":4794,"workHomeCommuteMedian":7137},"geometry":{"type":"Polygon","coordinates":[[[120.46235828036275,22.652670705085157],[120.46235828036275,22.661663908722403],[120.471351484,22.661663908722403],[120.471351484,22.652670705085157],[120.46235828036275,22.652670705085157]]]}},{"type":"Feature","properties":{"jobs":443,"pop":144,"pointCount":5,"homeWorkCommuteMedian":8321,"workHomeCommuteMedian":5374},"geometry":{"type":"Polygon","coordinates":[[[120.46235828036275,22.661663908722403],[120.46235828036275,22.67065711235965],[120.471351484,22.67065711235965],[120.471351484,22.661663908722403],[120.46235828036275,22.661663908722403]]]}},{"type":"Feature","properties":{"jobs":29,"pop":0,"pointCount":1,"homeWorkCommuteMedian":-1,"workHomeCommuteMedian":16491},"geometry":{"type":"Polygon","coordinates":[[[120.46235828036275,22.67065711235965],[120.46235828036275,22.679650315996895],[120.471351484,22.679650315996895],[120.471351484,22.67065711235965],[120.46235828036275,22.67065711235965]]]}},{"type":"Feature","properties":{"jobs":0,"pop":928,"pointCount":1,"homeWorkCommuteMedian":6654,"workHomeCommuteMedian":-1},"geometry":{"type":"Polygon","coordinates":[[[120.46235828036275,22.679650315996895],[120.46235828036275,22.68864351963414],[120.471351484,22.68864351963414],[120.471351484,22.679650315996895],[120.46235828036275,22.679650315996895]]]}},{"type":"Feature","properties":{"jobs":102,"pop":388,"pointCount":6,"homeWorkCommuteMedian":30651,"workHomeCommuteMedian":2315},"geometry":{"type":"Polygon","coordinates":[[[120.46235828036275,22.832534777830077],[120.46235828036275,22.841527981467323],[120.471351484,22.841527981467323],[120.471351484,22.832534777830077],[120.46235828036275,22.832534777830077]]]}},{"type":"Feature","properties":{"jobs":312,"pop":1061,"pointCount":13,"homeWorkCommuteMedian":12034,"workHomeCommuteMedian":5435},"geometry":{"type":"Polygon","coordinates":[[[120.46235828036275,22.841527981467323],[120.46235828036275,22.85052118510457],[120.471351484,22.85052118510457],[120.471351484,22.841527981467323],[120.46235828036275,22.841527981467323]]]}},{"type":"Feature","properties":{"jobs":263,"pop":129,"pointCount":3,"homeWorkCommuteMedian":29850,"workHomeCommuteMedian":39529},"geometry":{"type":"Polygon","coordinates":[[[120.46235828036275,22.85052118510457],[120.46235828036275,22.859514388741815],[120.471351484,22.859514388741815],[120.471351484,22.85052118510457],[120.46235828036275,22.85052118510457]]]}},{"type":"Feature","properties":{"jobs":63,"pop":123,"pointCount":4,"homeWorkCommuteMedian":35249,"workHomeCommuteMedian":2731},"geometry":{"type":"Polygon","coordinates":[[[120.46235828036275,22.859514388741815],[120.46235828036275,22.86850759237906],[120.471351484,22.86850759237906],[120.471351484,22.859514388741815],[120.46235828036275,22.859514388741815]]]}},{"type":"Feature","properties":{"jobs":0,"pop":23,"pointCount":1,"homeWorkCommuteMedian":3477,"workHomeCommuteMedian":-1},"geometry":{"type":"Polygon","coordinates":[[[120.46235828036275,22.86850759237906],[120.46235828036275,22.877500796016307],[120.471351484,22.877500796016307],[120.471351484,22.86850759237906],[120.46235828036275,22.86850759237906]]]}},{"type":"Feature","properties":{"jobs":96,"pop":226,"pointCount":5,"homeWorkCommuteMedian":5131,"workHomeCommuteMedian":5052},"geometry":{"type":"Polygon","coordinates":[[[120.46235828036275,22.877500796016307],[120.46235828036275,22.886493999653553],[120.471351484,22.886493999653553],[120.471351484,22.877500796016307],[120.46235828036275,22.877500796016307]]]}},{"type":"Feature","properties":{"jobs":0,"pop":44,"pointCount":1,"homeWorkCommuteMedian":32610,"workHomeCommuteMedian":-1},"geometry":{"type":"Polygon","coordinates":[[[120.46235828036275,22.8954872032908],[120.46235828036275,22.904480406928045],[120.471351484,22.904480406928045],[120.471351484,22.8954872032908],[120.46235828036275,22.8954872032908]]]}},{"type":"Feature","properties":{"jobs":347,"pop":0,"pointCount":3,"homeWorkCommuteMedian":-1,"workHomeCommuteMedian":8167},"geometry":{"type":"Polygon","coordinates":[[[120.46235828036275,22.904480406928045],[120.46235828036275,22.91347361056529],[120.471351484,22.91347361056529],[120.471351484,22.904480406928045],[120.46235828036275,22.904480406928045]]]}},{"type":"Feature","properties":{"jobs":0,"pop":68,"pointCount":2,"homeWorkCommuteMedian":45284,"workHomeCommuteMedian":-1},"geometry":{"type":"Polygon","coordinates":[[[120.46235828036275,22.91347361056529],[120.46235828036275,22.922466814202537],[120.471351484,22.922466814202537],[120.471351484,22.91347361056529],[120.46235828036275,22.91347361056529]]]}},{"type":"Feature","properties":{"jobs":0,"pop":80,"pointCount":2,"homeWorkCommuteMedian":42914,"workHomeCommuteMedian":-1},"geometry":{"type":"Polygon","coordinates":[[[120.46235828036275,22.922466814202537],[120.46235828036275,22.931460017839782],[120.471351484,22.931460017839782],[120.471351484,22.922466814202537],[120.46235828036275,22.922466814202537]]]}},{"type":"Feature","properties":{"jobs":0,"pop":101,"pointCount":2,"homeWorkCommuteMedian":49767,"workHomeCommuteMedian":-1},"geometry":{"type":"Polygon","coordinates":[[[120.46235828036275,22.931460017839782],[120.46235828036275,22.94045322147703],[120.471351484,22.94045322147703],[120.471351484,22.931460017839782],[120.46235828036275,22.931460017839782]]]}},{"type":"Feature","properties":{"jobs":183,"pop":298,"pointCount":5,"homeWorkCommuteMedian":47994,"workHomeCommuteMedian":4326},"geometry":{"type":"Polygon","coordinates":[[[120.46235828036275,22.94045322147703],[120.46235828036275,22.949446425114274],[120.471351484,22.949446425114274],[120.471351484,22.94045322147703],[120.46235828036275,22.94045322147703]]]}},{"type":"Feature","properties":{"jobs":0,"pop":29,"pointCount":1,"homeWorkCommuteMedian":38830,"workHomeCommuteMedian":-1},"geometry":{"type":"Polygon","coordinates":[[[120.46235828036275,22.949446425114274],[120.46235828036275,22.95843962875152],[120.471351484,22.95843962875152],[120.471351484,22.949446425114274],[120.46235828036275,22.949446425114274]]]}},{"type":"Feature","properties":{"jobs":0,"pop":125,"pointCount":2,"homeWorkCommuteMedian":44303,"workHomeCommuteMedian":-1},"geometry":{"type":"Polygon","coordinates":[[[120.46235828036275,22.95843962875152],[120.46235828036275,22.967432832388766],[120.471351484,22.967432832388766],[120.471351484,22.95843962875152],[120.46235828036275,22.95843962875152]]]}},{"type":"Feature","properties":{"jobs":68,"pop":65,"pointCount":2,"homeWorkCommuteMedian":53282,"workHomeCommuteMedian":16668},"geometry":{"type":"Polygon","coordinates":[[[120.46235828036275,22.967432832388766],[120.46235828036275,22.976426036026012],[120.471351484,22.976426036026012],[120.471351484,22.967432832388766],[120.46235828036275,22.967432832388766]]]}},{"type":"Feature","properties":{"jobs":34,"pop":101,"pointCount":4,"homeWorkCommuteMedian":51270,"workHomeCommuteMedian":14112},"geometry":{"type":"Polygon","coordinates":[[[120.46235828036275,22.976426036026012],[120.46235828036275,22.98541923966326],[120.471351484,22.98541923966326],[120.471351484,22.976426036026012],[120.46235828036275,22.976426036026012]]]}},{"type":"Feature","properties":{"jobs":23,"pop":87,"pointCount":3,"homeWorkCommuteMedian":14103,"workHomeCommuteMedian":20604},"geometry":{"type":"Polygon","coordinates":[[[120.46235828036275,22.98541923966326],[120.46235828036275,22.994412443300504],[120.471351484,22.994412443300504],[120.471351484,22.98541923966326],[120.46235828036275,22.98541923966326]]]}},{"type":"Feature","properties":{"jobs":0,"pop":150,"pointCount":3,"homeWorkCommuteMedian":43534,"workHomeCommuteMedian":-1},"geometry":{"type":"Polygon","coordinates":[[[120.46235828036275,22.994412443300504],[120.46235828036275,23.00340564693775],[120.471351484,23.00340564693775],[120.471351484,22.994412443300504],[120.46235828036275,22.994412443300504]]]}},{"type":"Feature","properties":{"jobs":152,"pop":166,"pointCount":3,"homeWorkCommuteMedian":7322,"workHomeCommuteMedian":5899},"geometry":{"type":"Polygon","coordinates":[[[120.471351484,22.427840614154007],[120.471351484,22.436833817791253],[120.48034468763724,22.436833817791253],[120.48034468763724,22.427840614154007],[120.471351484,22.427840614154007]]]}},{"type":"Feature","properties":{"jobs":61,"pop":0,"pointCount":1,"homeWorkCommuteMedian":-1,"workHomeCommuteMedian":5421},"geometry":{"type":"Polygon","coordinates":[[[120.471351484,22.4458270214285],[120.471351484,22.454820225065745],[120.48034468763724,22.454820225065745],[120.48034468763724,22.4458270214285],[120.471351484,22.4458270214285]]]}},{"type":"Feature","properties":{"jobs":152,"pop":111,"pointCount":3,"homeWorkCommuteMedian":4422,"workHomeCommuteMedian":18644},"geometry":{"type":"Polygon","coordinates":[[[120.471351484,22.454820225065745],[120.471351484,22.46381342870299],[120.48034468763724,22.46381342870299],[120.48034468763724,22.454820225065745],[120.471351484,22.454820225065745]]]}},{"type":"Feature","properties":{"jobs":41,"pop":152,"pointCount":2,"homeWorkCommuteMedian":3392,"workHomeCommuteMedian":7440},"geometry":{"type":"Polygon","coordinates":[[[120.471351484,22.46381342870299],[120.471351484,22.472806632340237],[120.48034468763724,22.472806632340237],[120.48034468763724,22.46381342870299],[120.471351484,22.46381342870299]]]}},{"type":"Feature","properties":{"jobs":379,"pop":190,"pointCount":5,"homeWorkCommuteMedian":34564,"workHomeCommuteMedian":5727},"geometry":{"type":"Polygon","coordinates":[[[120.471351484,22.481799835977483],[120.471351484,22.49079303961473],[120.48034468763724,22.49079303961473],[120.48034468763724,22.481799835977483],[120.471351484,22.481799835977483]]]}},{"type":"Feature","properties":{"jobs":33,"pop":240,"pointCount":3,"homeWorkCommuteMedian":6847,"workHomeCommuteMedian":50047},"geometry":{"type":"Polygon","coordinates":[[[120.471351484,22.49079303961473],[120.471351484,22.499786243251975],[120.48034468763724,22.499786243251975],[120.48034468763724,22.49079303961473],[120.471351484,22.49079303961473]]]}},{"type":"Feature","properties":{"jobs":36,"pop":882,"pointCount":7,"homeWorkCommuteMedian":26882,"workHomeCommuteMedian":2948},"geometry":{"type":"Polygon","coordinates":[[[120.471351484,22.499786243251975],[120.471351484,22.50877944688922],[120.48034468763724,22.50877944688922],[120.48034468763724,22.499786243251975],[120.471351484,22.499786243251975]]]}},{"type":"Feature","properties":{"jobs":83,"pop":0,"pointCount":1,"homeWorkCommuteMedian":-1,"workHomeCommuteMedian":40244},"geometry":{"type":"Polygon","coordinates":[[[120.471351484,22.53575905780096],[120.471351484,22.544752261438205],[120.48034468763724,22.544752261438205],[120.48034468763724,22.53575905780096],[120.471351484,22.53575905780096]]]}},{"type":"Feature","properties":{"jobs":108,"pop":540,"pointCount":5,"homeWorkCommuteMedian":21869,"workHomeCommuteMedian":35351},"geometry":{"type":"Polygon","coordinates":[[[120.471351484,22.544752261438205],[120.471351484,22.55374546507545],[120.48034468763724,22.55374546507545],[120.48034468763724,22.544752261438205],[120.471351484,22.544752261438205]]]}},{"type":"Feature","properties":{"jobs":181,"pop":202,"pointCount":5,"homeWorkCommuteMedian":9953,"workHomeCommuteMedian":3832},"geometry":{"type":"Polygon","coordinates":[[[120.471351484,22.55374546507545],[120.471351484,22.562738668712697],[120.48034468763724,22.562738668712697],[120.48034468763724,22.55374546507545],[120.471351484,22.55374546507545]]]}},{"type":"Feature","properties":{"jobs":335,"pop":180,"pointCount":6,"homeWorkCommuteMedian":6921,"workHomeCommuteMedian":4087},"geometry":{"type":"Polygon","coordinates":[[[120.471351484,22.562738668712697],[120.471351484,22.571731872349943],[120.48034468763724,22.571731872349943],[120.48034468763724,22.562738668712697],[120.471351484,22.562738668712697]]]}},{"type":"Feature","properties":{"jobs":144,"pop":335,"pointCount":3,"homeWorkCommuteMedian":23134,"workHomeCommuteMedian":5608},"geometry":{"type":"Polygon","coordinates":[[[120.471351484,22.571731872349943],[120.471351484,22.58072507598719],[120.48034468763724,22.58072507598719],[120.48034468763724,22.571731872349943],[120.471351484,22.571731872349943]]]}},{"type":"Feature","properties":{"jobs":0,"pop":148,"pointCount":2,"homeWorkCommuteMedian":20472,"workHomeCommuteMedian":-1},"geometry":{"type":"Polygon","coordinates":[[[120.471351484,22.58072507598719],[120.471351484,22.589718279624435],[120.48034468763724,22.589718279624435],[120.48034468763724,22.58072507598719],[120.471351484,22.58072507598719]]]}},{"type":"Feature","properties":{"jobs":123,"pop":91,"pointCount":2,"homeWorkCommuteMedian":24129,"workHomeCommuteMedian":4611},"geometry":{"type":"Polygon","coordinates":[[[120.471351484,22.589718279624435],[120.471351484,22.59871148326168],[120.48034468763724,22.59871148326168],[120.48034468763724,22.589718279624435],[120.471351484,22.589718279624435]]]}},{"type":"Feature","properties":{"jobs":145,"pop":76,"pointCount":3,"homeWorkCommuteMedian":34704,"workHomeCommuteMedian":14733},"geometry":{"type":"Polygon","coordinates":[[[120.471351484,22.59871148326168],[120.471351484,22.607704686898927],[120.48034468763724,22.607704686898927],[120.48034468763724,22.59871148326168],[120.471351484,22.59871148326168]]]}},{"type":"Feature","properties":{"jobs":510,"pop":363,"pointCount":9,"homeWorkCommuteMedian":14690,"workHomeCommuteMedian":3860},"geometry":{"type":"Polygon","coordinates":[[[120.471351484,22.607704686898927],[120.471351484,22.616697890536173],[120.48034468763724,22.616697890536173],[120.48034468763724,22.607704686898927],[120.471351484,22.607704686898927]]]}},{"type":"Feature","properties":{"jobs":476,"pop":535,"pointCount":6,"homeWorkCommuteMedian":4772,"workHomeCommuteMedian":5729},"geometry":{"type":"Polygon","coordinates":[[[120.471351484,22.616697890536173],[120.471351484,22.62569109417342],[120.48034468763724,22.62569109417342],[120.48034468763724,22.616697890536173],[120.471351484,22.616697890536173]]]}},{"type":"Feature","properties":{"jobs":274,"pop":451,"pointCount":4,"homeWorkCommuteMedian":24323,"workHomeCommuteMedian":8460},"geometry":{"type":"Polygon","coordinates":[[[120.471351484,22.62569109417342],[120.471351484,22.634684297810665],[120.48034468763724,22.634684297810665],[120.48034468763724,22.62569109417342],[120.471351484,22.62569109417342]]]}},{"type":"Feature","properties":{"jobs":214,"pop":1566,"pointCount":7,"homeWorkCommuteMedian":5116,"workHomeCommuteMedian":20581},"geometry":{"type":"Polygon","coordinates":[[[120.471351484,22.634684297810665],[120.471351484,22.64367750144791],[120.48034468763724,22.64367750144791],[120.48034468763724,22.634684297810665],[120.471351484,22.634684297810665]]]}},{"type":"Feature","properties":{"jobs":1323,"pop":0,"pointCount":2,"homeWorkCommuteMedian":-1,"workHomeCommuteMedian":12897},"geometry":{"type":"Polygon","coordinates":[[[120.471351484,22.64367750144791],[120.471351484,22.652670705085157],[120.48034468763724,22.652670705085157],[120.48034468763724,22.64367750144791],[120.471351484,22.64367750144791]]]}},{"type":"Feature","properties":{"jobs":2534,"pop":5102,"pointCount":8,"homeWorkCommuteMedian":4670,"workHomeCommuteMedian":9301},"geometry":{"type":"Polygon","coordinates":[[[120.471351484,22.652670705085157],[120.471351484,22.661663908722403],[120.48034468763724,22.661663908722403],[120.48034468763724,22.652670705085157],[120.471351484,22.652670705085157]]]}},{"type":"Feature","properties":{"jobs":1683,"pop":5692,"pointCount":15,"homeWorkCommuteMedian":4714,"workHomeCommuteMedian":9738},"geometry":{"type":"Polygon","coordinates":[[[120.471351484,22.661663908722403],[120.471351484,22.67065711235965],[120.48034468763724,22.67065711235965],[120.48034468763724,22.661663908722403],[120.471351484,22.661663908722403]]]}},{"type":"Feature","properties":{"jobs":1698,"pop":629,"pointCount":8,"homeWorkCommuteMedian":5282,"workHomeCommuteMedian":18115},"geometry":{"type":"Polygon","coordinates":[[[120.471351484,22.67065711235965],[120.471351484,22.679650315996895],[120.48034468763724,22.679650315996895],[120.48034468763724,22.67065711235965],[120.471351484,22.67065711235965]]]}},{"type":"Feature","properties":{"jobs":1157,"pop":12299,"pointCount":11,"homeWorkCommuteMedian":7584,"workHomeCommuteMedian":9040},"geometry":{"type":"Polygon","coordinates":[[[120.471351484,22.679650315996895],[120.471351484,22.68864351963414],[120.48034468763724,22.68864351963414],[120.48034468763724,22.679650315996895],[120.471351484,22.679650315996895]]]}},{"type":"Feature","properties":{"jobs":0,"pop":594,"pointCount":3,"homeWorkCommuteMedian":23061,"workHomeCommuteMedian":-1},"geometry":{"type":"Polygon","coordinates":[[[120.471351484,22.706629926908633],[120.471351484,22.71562313054588],[120.48034468763724,22.71562313054588],[120.48034468763724,22.706629926908633],[120.471351484,22.706629926908633]]]}},{"type":"Feature","properties":{"jobs":48,"pop":102,"pointCount":4,"homeWorkCommuteMedian":19386,"workHomeCommuteMedian":7383},"geometry":{"type":"Polygon","coordinates":[[[120.471351484,22.724616334183125],[120.471351484,22.73360953782037],[120.48034468763724,22.73360953782037],[120.48034468763724,22.724616334183125],[120.471351484,22.724616334183125]]]}},{"type":"Feature","properties":{"jobs":0,"pop":161,"pointCount":3,"homeWorkCommuteMedian":10228,"workHomeCommuteMedian":-1},"geometry":{"type":"Polygon","coordinates":[[[120.471351484,22.73360953782037],[120.471351484,22.742602741457617],[120.48034468763724,22.742602741457617],[120.48034468763724,22.73360953782037],[120.471351484,22.73360953782037]]]}},{"type":"Feature","properties":{"jobs":23,"pop":417,"pointCount":4,"homeWorkCommuteMedian":9878,"workHomeCommuteMedian":2495},"geometry":{"type":"Polygon","coordinates":[[[120.471351484,22.742602741457617],[120.471351484,22.751595945094863],[120.48034468763724,22.751595945094863],[120.48034468763724,22.742602741457617],[120.471351484,22.742602741457617]]]}},{"type":"Feature","properties":{"jobs":26,"pop":0,"pointCount":1,"homeWorkCommuteMedian":-1,"workHomeCommuteMedian":3187},"geometry":{"type":"Polygon","coordinates":[[[120.471351484,22.751595945094863],[120.471351484,22.76058914873211],[120.48034468763724,22.76058914873211],[120.48034468763724,22.751595945094863],[120.471351484,22.751595945094863]]]}},{"type":"Feature","properties":{"jobs":116,"pop":122,"pointCount":4,"homeWorkCommuteMedian":25997,"workHomeCommuteMedian":17310},"geometry":{"type":"Polygon","coordinates":[[[120.471351484,22.76058914873211],[120.471351484,22.769582352369355],[120.48034468763724,22.769582352369355],[120.48034468763724,22.76058914873211],[120.471351484,22.76058914873211]]]}},{"type":"Feature","properties":{"jobs":38,"pop":431,"pointCount":3,"homeWorkCommuteMedian":3667,"workHomeCommuteMedian":3851},"geometry":{"type":"Polygon","coordinates":[[[120.471351484,22.769582352369355],[120.471351484,22.7785755560066],[120.48034468763724,22.7785755560066],[120.48034468763724,22.769582352369355],[120.471351484,22.769582352369355]]]}},{"type":"Feature","properties":{"jobs":51,"pop":331,"pointCount":4,"homeWorkCommuteMedian":25766,"workHomeCommuteMedian":5131},"geometry":{"type":"Polygon","coordinates":[[[120.471351484,22.841527981467323],[120.471351484,22.85052118510457],[120.48034468763724,22.85052118510457],[120.48034468763724,22.841527981467323],[120.471351484,22.841527981467323]]]}},{"type":"Feature","properties":{"jobs":0,"pop":561,"pointCount":6,"homeWorkCommuteMedian":5616,"workHomeCommuteMedian":-1},"geometry":{"type":"Polygon","coordinates":[[[120.471351484,22.85052118510457],[120.471351484,22.859514388741815],[120.48034468763724,22.859514388741815],[120.48034468763724,22.85052118510457],[120.471351484,22.85052118510457]]]}},{"type":"Feature","properties":{"jobs":195,"pop":129,"pointCount":3,"homeWorkCommuteMedian":30638,"workHomeCommuteMedian":3921},"geometry":{"type":"Polygon","coordinates":[[[120.471351484,22.859514388741815],[120.471351484,22.86850759237906],[120.48034468763724,22.86850759237906],[120.48034468763724,22.859514388741815],[120.471351484,22.859514388741815]]]}},{"type":"Feature","properties":{"jobs":49,"pop":190,"pointCount":3,"homeWorkCommuteMedian":32002,"workHomeCommuteMedian":1120},"geometry":{"type":"Polygon","coordinates":[[[120.471351484,22.86850759237906],[120.471351484,22.877500796016307],[120.48034468763724,22.877500796016307],[120.48034468763724,22.86850759237906],[120.471351484,22.86850759237906]]]}},{"type":"Feature","properties":{"jobs":324,"pop":1271,"pointCount":9,"homeWorkCommuteMedian":29709,"workHomeCommuteMedian":2301},"geometry":{"type":"Polygon","coordinates":[[[120.471351484,22.877500796016307],[120.471351484,22.886493999653553],[120.48034468763724,22.886493999653553],[120.48034468763724,22.877500796016307],[120.471351484,22.877500796016307]]]}},{"type":"Feature","properties":{"jobs":331,"pop":116,"pointCount":4,"homeWorkCommuteMedian":40392,"workHomeCommuteMedian":5599},"geometry":{"type":"Polygon","coordinates":[[[120.471351484,22.886493999653553],[120.471351484,22.8954872032908],[120.48034468763724,22.8954872032908],[120.48034468763724,22.886493999653553],[120.471351484,22.886493999653553]]]}},{"type":"Feature","properties":{"jobs":180,"pop":433,"pointCount":5,"homeWorkCommuteMedian":11751,"workHomeCommuteMedian":4656},"geometry":{"type":"Polygon","coordinates":[[[120.471351484,22.8954872032908],[120.471351484,22.904480406928045],[120.48034468763724,22.904480406928045],[120.48034468763724,22.8954872032908],[120.471351484,22.8954872032908]]]}},{"type":"Feature","properties":{"jobs":0,"pop":53,"pointCount":1,"homeWorkCommuteMedian":5028,"workHomeCommuteMedian":-1},"geometry":{"type":"Polygon","coordinates":[[[120.471351484,22.904480406928045],[120.471351484,22.91347361056529],[120.48034468763724,22.91347361056529],[120.48034468763724,22.904480406928045],[120.471351484,22.904480406928045]]]}},{"type":"Feature","properties":{"jobs":0,"pop":64,"pointCount":2,"homeWorkCommuteMedian":50759,"workHomeCommuteMedian":-1},"geometry":{"type":"Polygon","coordinates":[[[120.471351484,22.922466814202537],[120.471351484,22.931460017839782],[120.48034468763724,22.931460017839782],[120.48034468763724,22.922466814202537],[120.471351484,22.922466814202537]]]}},{"type":"Feature","properties":{"jobs":0,"pop":73,"pointCount":2,"homeWorkCommuteMedian":45701,"workHomeCommuteMedian":-1},"geometry":{"type":"Polygon","coordinates":[[[120.471351484,22.949446425114274],[120.471351484,22.95843962875152],[120.48034468763724,22.95843962875152],[120.48034468763724,22.949446425114274],[120.471351484,22.949446425114274]]]}},{"type":"Feature","properties":{"jobs":0,"pop":61,"pointCount":1,"homeWorkCommuteMedian":50836,"workHomeCommuteMedian":-1},"geometry":{"type":"Polygon","coordinates":[[[120.471351484,22.994412443300504],[120.471351484,23.00340564693775],[120.48034468763724,23.00340564693775],[120.48034468763724,22.994412443300504],[120.471351484,22.994412443300504]]]}},{"type":"Feature","properties":{"jobs":0,"pop":246,"pointCount":3,"homeWorkCommuteMedian":3050,"workHomeCommuteMedian":-1},"geometry":{"type":"Polygon","coordinates":[[[120.48034468763724,22.427840614154007],[120.48034468763724,22.436833817791253],[120.48933789127449,22.436833817791253],[120.48933789127449,22.427840614154007],[120.48034468763724,22.427840614154007]]]}},{"type":"Feature","properties":{"jobs":439,"pop":0,"pointCount":4,"homeWorkCommuteMedian":-1,"workHomeCommuteMedian":30463},"geometry":{"type":"Polygon","coordinates":[[[120.48034468763724,22.4458270214285],[120.48034468763724,22.454820225065745],[120.48933789127449,22.454820225065745],[120.48933789127449,22.4458270214285],[120.48034468763724,22.4458270214285]]]}},{"type":"Feature","properties":{"jobs":491,"pop":38,"pointCount":5,"homeWorkCommuteMedian":4285,"workHomeCommuteMedian":11636},"geometry":{"type":"Polygon","coordinates":[[[120.48034468763724,22.454820225065745],[120.48034468763724,22.46381342870299],[120.48933789127449,22.46381342870299],[120.48933789127449,22.454820225065745],[120.48034468763724,22.454820225065745]]]}},{"type":"Feature","properties":{"jobs":0,"pop":87,"pointCount":1,"homeWorkCommuteMedian":5637,"workHomeCommuteMedian":-1},"geometry":{"type":"Polygon","coordinates":[[[120.48034468763724,22.46381342870299],[120.48034468763724,22.472806632340237],[120.48933789127449,22.472806632340237],[120.48933789127449,22.46381342870299],[120.48034468763724,22.46381342870299]]]}},{"type":"Feature","properties":{"jobs":316,"pop":669,"pointCount":11,"homeWorkCommuteMedian":12533,"workHomeCommuteMedian":5163},"geometry":{"type":"Polygon","coordinates":[[[120.48034468763724,22.481799835977483],[120.48034468763724,22.49079303961473],[120.48933789127449,22.49079303961473],[120.48933789127449,22.481799835977483],[120.48034468763724,22.481799835977483]]]}},{"type":"Feature","properties":{"jobs":44,"pop":209,"pointCount":4,"homeWorkCommuteMedian":26080,"workHomeCommuteMedian":3356},"geometry":{"type":"Polygon","coordinates":[[[120.48034468763724,22.499786243251975],[120.48034468763724,22.50877944688922],[120.48933789127449,22.50877944688922],[120.48933789127449,22.499786243251975],[120.48034468763724,22.499786243251975]]]}},{"type":"Feature","properties":{"jobs":35,"pop":197,"pointCount":3,"homeWorkCommuteMedian":34942,"workHomeCommuteMedian":68606},"geometry":{"type":"Polygon","coordinates":[[[120.48034468763724,22.50877944688922],[120.48034468763724,22.517772650526467],[120.48933789127449,22.517772650526467],[120.48933789127449,22.50877944688922],[120.48034468763724,22.50877944688922]]]}},{"type":"Feature","properties":{"jobs":0,"pop":192,"pointCount":2,"homeWorkCommuteMedian":19807,"workHomeCommuteMedian":-1},"geometry":{"type":"Polygon","coordinates":[[[120.48034468763724,22.517772650526467],[120.48034468763724,22.526765854163713],[120.48933789127449,22.526765854163713],[120.48933789127449,22.517772650526467],[120.48034468763724,22.517772650526467]]]}},{"type":"Feature","properties":{"jobs":32,"pop":234,"pointCount":3,"homeWorkCommuteMedian":7634,"workHomeCommuteMedian":22289},"geometry":{"type":"Polygon","coordinates":[[[120.48034468763724,22.53575905780096],[120.48034468763724,22.544752261438205],[120.48933789127449,22.544752261438205],[120.48933789127449,22.53575905780096],[120.48034468763724,22.53575905780096]]]}},{"type":"Feature","properties":{"jobs":169,"pop":1172,"pointCount":6,"homeWorkCommuteMedian":10210,"workHomeCommuteMedian":7689},"geometry":{"type":"Polygon","coordinates":[[[120.48034468763724,22.55374546507545],[120.48034468763724,22.562738668712697],[120.48933789127449,22.562738668712697],[120.48933789127449,22.55374546507545],[120.48034468763724,22.55374546507545]]]}},{"type":"Feature","properties":{"jobs":73,"pop":1448,"pointCount":5,"homeWorkCommuteMedian":9257,"workHomeCommuteMedian":5457},"geometry":{"type":"Polygon","coordinates":[[[120.48034468763724,22.562738668712697],[120.48034468763724,22.571731872349943],[120.48933789127449,22.571731872349943],[120.48933789127449,22.562738668712697],[120.48034468763724,22.562738668712697]]]}},{"type":"Feature","properties":{"jobs":835,"pop":1473,"pointCount":10,"homeWorkCommuteMedian":10499,"workHomeCommuteMedian":3347},"geometry":{"type":"Polygon","coordinates":[[[120.48034468763724,22.571731872349943],[120.48034468763724,22.58072507598719],[120.48933789127449,22.58072507598719],[120.48933789127449,22.571731872349943],[120.48034468763724,22.571731872349943]]]}},{"type":"Feature","properties":{"jobs":918,"pop":1986,"pointCount":10,"homeWorkCommuteMedian":5221,"workHomeCommuteMedian":3138},"geometry":{"type":"Polygon","coordinates":[[[120.48034468763724,22.58072507598719],[120.48034468763724,22.589718279624435],[120.48933789127449,22.589718279624435],[120.48933789127449,22.58072507598719],[120.48034468763724,22.58072507598719]]]}},{"type":"Feature","properties":{"jobs":869,"pop":716,"pointCount":5,"homeWorkCommuteMedian":9892,"workHomeCommuteMedian":4329},"geometry":{"type":"Polygon","coordinates":[[[120.48034468763724,22.589718279624435],[120.48034468763724,22.59871148326168],[120.48933789127449,22.59871148326168],[120.48933789127449,22.589718279624435],[120.48034468763724,22.589718279624435]]]}},{"type":"Feature","properties":{"jobs":266,"pop":0,"pointCount":4,"homeWorkCommuteMedian":-1,"workHomeCommuteMedian":3962},"geometry":{"type":"Polygon","coordinates":[[[120.48034468763724,22.59871148326168],[120.48034468763724,22.607704686898927],[120.48933789127449,22.607704686898927],[120.48933789127449,22.59871148326168],[120.48034468763724,22.59871148326168]]]}},{"type":"Feature","properties":{"jobs":1169,"pop":1022,"pointCount":11,"homeWorkCommuteMedian":6146,"workHomeCommuteMedian":5836},"geometry":{"type":"Polygon","coordinates":[[[120.48034468763724,22.607704686898927],[120.48034468763724,22.616697890536173],[120.48933789127449,22.616697890536173],[120.48933789127449,22.607704686898927],[120.48034468763724,22.607704686898927]]]}},{"type":"Feature","properties":{"jobs":714,"pop":72,"pointCount":6,"homeWorkCommuteMedian":5821,"workHomeCommuteMedian":8072},"geometry":{"type":"Polygon","coordinates":[[[120.48034468763724,22.616697890536173],[120.48034468763724,22.62569109417342],[120.48933789127449,22.62569109417342],[120.48933789127449,22.616697890536173],[120.48034468763724,22.616697890536173]]]}},{"type":"Feature","properties":{"jobs":2432,"pop":193,"pointCount":4,"homeWorkCommuteMedian":11307,"workHomeCommuteMedian":9472},"geometry":{"type":"Polygon","coordinates":[[[120.48034468763724,22.62569109417342],[120.48034468763724,22.634684297810665],[120.48933789127449,22.634684297810665],[120.48933789127449,22.62569109417342],[120.48034468763724,22.62569109417342]]]}},{"type":"Feature","properties":{"jobs":1877,"pop":1225,"pointCount":9,"homeWorkCommuteMedian":5858,"workHomeCommuteMedian":5869},"geometry":{"type":"Polygon","coordinates":[[[120.48034468763724,22.634684297810665],[120.48034468763724,22.64367750144791],[120.48933789127449,22.64367750144791],[120.48933789127449,22.634684297810665],[120.48034468763724,22.634684297810665]]]}},{"type":"Feature","properties":{"jobs":2014,"pop":3118,"pointCount":8,"homeWorkCommuteMedian":5773,"workHomeCommuteMedian":14926},"geometry":{"type":"Polygon","coordinates":[[[120.48034468763724,22.64367750144791],[120.48034468763724,22.652670705085157],[120.48933789127449,22.652670705085157],[120.48933789127449,22.64367750144791],[120.48034468763724,22.64367750144791]]]}},{"type":"Feature","properties":{"jobs":2708,"pop":3944,"pointCount":10,"homeWorkCommuteMedian":3495,"workHomeCommuteMedian":5625},"geometry":{"type":"Polygon","coordinates":[[[120.48034468763724,22.652670705085157],[120.48034468763724,22.661663908722403],[120.48933789127449,22.661663908722403],[120.48933789127449,22.652670705085157],[120.48034468763724,22.652670705085157]]]}},{"type":"Feature","properties":{"jobs":6843,"pop":2862,"pointCount":13,"homeWorkCommuteMedian":6375,"workHomeCommuteMedian":5257},"geometry":{"type":"Polygon","coordinates":[[[120.48034468763724,22.661663908722403],[120.48034468763724,22.67065711235965],[120.48933789127449,22.67065711235965],[120.48933789127449,22.661663908722403],[120.48034468763724,22.661663908722403]]]}},{"type":"Feature","properties":{"jobs":8376,"pop":2911,"pointCount":14,"homeWorkCommuteMedian":4502,"workHomeCommuteMedian":4381},"geometry":{"type":"Polygon","coordinates":[[[120.48034468763724,22.67065711235965],[120.48034468763724,22.679650315996895],[120.48933789127449,22.679650315996895],[120.48933789127449,22.67065711235965],[120.48034468763724,22.67065711235965]]]}},{"type":"Feature","properties":{"jobs":6254,"pop":3853,"pointCount":15,"homeWorkCommuteMedian":5894,"workHomeCommuteMedian":13748},"geometry":{"type":"Polygon","coordinates":[[[120.48034468763724,22.679650315996895],[120.48034468763724,22.68864351963414],[120.48933789127449,22.68864351963414],[120.48933789127449,22.679650315996895],[120.48034468763724,22.679650315996895]]]}},{"type":"Feature","properties":{"jobs":246,"pop":2453,"pointCount":10,"homeWorkCommuteMedian":8986,"workHomeCommuteMedian":15661},"geometry":{"type":"Polygon","coordinates":[[[120.48034468763724,22.68864351963414],[120.48034468763724,22.697636723271387],[120.48933789127449,22.697636723271387],[120.48933789127449,22.68864351963414],[120.48034468763724,22.68864351963414]]]}},{"type":"Feature","properties":{"jobs":66,"pop":159,"pointCount":3,"homeWorkCommuteMedian":6814,"workHomeCommuteMedian":25192},"geometry":{"type":"Polygon","coordinates":[[[120.48034468763724,22.706629926908633],[120.48034468763724,22.71562313054588],[120.48933789127449,22.71562313054588],[120.48933789127449,22.706629926908633],[120.48034468763724,22.706629926908633]]]}},{"type":"Feature","properties":{"jobs":256,"pop":271,"pointCount":7,"homeWorkCommuteMedian":7034,"workHomeCommuteMedian":7249},"geometry":{"type":"Polygon","coordinates":[[[120.48034468763724,22.71562313054588],[120.48034468763724,22.724616334183125],[120.48933789127449,22.724616334183125],[120.48933789127449,22.71562313054588],[120.48034468763724,22.71562313054588]]]}},{"type":"Feature","properties":{"jobs":581,"pop":1936,"pointCount":13,"homeWorkCommuteMedian":21916,"workHomeCommuteMedian":2640},"geometry":{"type":"Polygon","coordinates":[[[120.48034468763724,22.724616334183125],[120.48034468763724,22.73360953782037],[120.48933789127449,22.73360953782037],[120.48933789127449,22.724616334183125],[120.48034468763724,22.724616334183125]]]}},{"type":"Feature","properties":{"jobs":281,"pop":1156,"pointCount":7,"homeWorkCommuteMedian":13528,"workHomeCommuteMedian":2721},"geometry":{"type":"Polygon","coordinates":[[[120.48034468763724,22.73360953782037],[120.48034468763724,22.742602741457617],[120.48933789127449,22.742602741457617],[120.48933789127449,22.73360953782037],[120.48034468763724,22.73360953782037]]]}},{"type":"Feature","properties":{"jobs":155,"pop":727,"pointCount":11,"homeWorkCommuteMedian":25631,"workHomeCommuteMedian":4143},"geometry":{"type":"Polygon","coordinates":[[[120.48034468763724,22.742602741457617],[120.48034468763724,22.751595945094863],[120.48933789127449,22.751595945094863],[120.48933789127449,22.742602741457617],[120.48034468763724,22.742602741457617]]]}},{"type":"Feature","properties":{"jobs":61,"pop":267,"pointCount":4,"homeWorkCommuteMedian":12683,"workHomeCommuteMedian":32476},"geometry":{"type":"Polygon","coordinates":[[[120.48034468763724,22.751595945094863],[120.48034468763724,22.76058914873211],[120.48933789127449,22.76058914873211],[120.48933789127449,22.751595945094863],[120.48034468763724,22.751595945094863]]]}},{"type":"Feature","properties":{"jobs":125,"pop":658,"pointCount":9,"homeWorkCommuteMedian":19024,"workHomeCommuteMedian":32694},"geometry":{"type":"Polygon","coordinates":[[[120.48034468763724,22.76058914873211],[120.48034468763724,22.769582352369355],[120.48933789127449,22.769582352369355],[120.48933789127449,22.76058914873211],[120.48034468763724,22.76058914873211]]]}},{"type":"Feature","properties":{"jobs":41,"pop":1973,"pointCount":10,"homeWorkCommuteMedian":24821,"workHomeCommuteMedian":5317},"geometry":{"type":"Polygon","coordinates":[[[120.48034468763724,22.769582352369355],[120.48034468763724,22.7785755560066],[120.48933789127449,22.7785755560066],[120.48933789127449,22.769582352369355],[120.48034468763724,22.769582352369355]]]}},{"type":"Feature","properties":{"jobs":33,"pop":74,"pointCount":2,"homeWorkCommuteMedian":5486,"workHomeCommuteMedian":31592},"geometry":{"type":"Polygon","coordinates":[[[120.48034468763724,22.796561963281093],[120.48034468763724,22.80555516691834],[120.48933789127449,22.80555516691834],[120.48933789127449,22.796561963281093],[120.48034468763724,22.796561963281093]]]}},{"type":"Feature","properties":{"jobs":0,"pop":62,"pointCount":1,"homeWorkCommuteMedian":23191,"workHomeCommuteMedian":-1},"geometry":{"type":"Polygon","coordinates":[[[120.48034468763724,22.80555516691834],[120.48034468763724,22.814548370555585],[120.48933789127449,22.814548370555585],[120.48933789127449,22.80555516691834],[120.48034468763724,22.80555516691834]]]}},{"type":"Feature","properties":{"jobs":0,"pop":138,"pointCount":2,"homeWorkCommuteMedian":37683,"workHomeCommuteMedian":-1},"geometry":{"type":"Polygon","coordinates":[[[120.48034468763724,22.814548370555585],[120.48034468763724,22.82354157419283],[120.48933789127449,22.82354157419283],[120.48933789127449,22.814548370555585],[120.48034468763724,22.814548370555585]]]}},{"type":"Feature","properties":{"jobs":35,"pop":0,"pointCount":1,"homeWorkCommuteMedian":-1,"workHomeCommuteMedian":6859},"geometry":{"type":"Polygon","coordinates":[[[120.48034468763724,22.841527981467323],[120.48034468763724,22.85052118510457],[120.48933789127449,22.85052118510457],[120.48933789127449,22.841527981467323],[120.48034468763724,22.841527981467323]]]}},{"type":"Feature","properties":{"jobs":90,"pop":49,"pointCount":3,"homeWorkCommuteMedian":3151,"workHomeCommuteMedian":5357},"geometry":{"type":"Polygon","coordinates":[[[120.48034468763724,22.86850759237906],[120.48034468763724,22.877500796016307],[120.48933789127449,22.877500796016307],[120.48933789127449,22.86850759237906],[120.48034468763724,22.86850759237906]]]}},{"type":"Feature","properties":{"jobs":1968,"pop":1344,"pointCount":8,"homeWorkCommuteMedian":5837,"workHomeCommuteMedian":4693},"geometry":{"type":"Polygon","coordinates":[[[120.48034468763724,22.877500796016307],[120.48034468763724,22.886493999653553],[120.48933789127449,22.886493999653553],[120.48933789127449,22.877500796016307],[120.48034468763724,22.877500796016307]]]}},{"type":"Feature","properties":{"jobs":1545,"pop":2336,"pointCount":13,"homeWorkCommuteMedian":7576,"workHomeCommuteMedian":3735},"geometry":{"type":"Polygon","coordinates":[[[120.48034468763724,22.886493999653553],[120.48034468763724,22.8954872032908],[120.48933789127449,22.8954872032908],[120.48933789127449,22.886493999653553],[120.48034468763724,22.886493999653553]]]}},{"type":"Feature","properties":{"jobs":486,"pop":712,"pointCount":8,"homeWorkCommuteMedian":31819,"workHomeCommuteMedian":6172},"geometry":{"type":"Polygon","coordinates":[[[120.48034468763724,22.8954872032908],[120.48034468763724,22.904480406928045],[120.48933789127449,22.904480406928045],[120.48933789127449,22.8954872032908],[120.48034468763724,22.8954872032908]]]}},{"type":"Feature","properties":{"jobs":92,"pop":165,"pointCount":4,"homeWorkCommuteMedian":30305,"workHomeCommuteMedian":13416},"geometry":{"type":"Polygon","coordinates":[[[120.48034468763724,22.904480406928045],[120.48034468763724,22.91347361056529],[120.48933789127449,22.91347361056529],[120.48933789127449,22.904480406928045],[120.48034468763724,22.904480406928045]]]}},{"type":"Feature","properties":{"jobs":0,"pop":67,"pointCount":1,"homeWorkCommuteMedian":12495,"workHomeCommuteMedian":-1},"geometry":{"type":"Polygon","coordinates":[[[120.48034468763724,22.91347361056529],[120.48034468763724,22.922466814202537],[120.48933789127449,22.922466814202537],[120.48933789127449,22.91347361056529],[120.48034468763724,22.91347361056529]]]}},{"type":"Feature","properties":{"jobs":0,"pop":38,"pointCount":1,"homeWorkCommuteMedian":10296,"workHomeCommuteMedian":-1},"geometry":{"type":"Polygon","coordinates":[[[120.48034468763724,22.922466814202537],[120.48034468763724,22.931460017839782],[120.48933789127449,22.931460017839782],[120.48933789127449,22.922466814202537],[120.48034468763724,22.922466814202537]]]}},{"type":"Feature","properties":{"jobs":0,"pop":77,"pointCount":1,"homeWorkCommuteMedian":6902,"workHomeCommuteMedian":-1},"geometry":{"type":"Polygon","coordinates":[[[120.48034468763724,22.95843962875152],[120.48034468763724,22.967432832388766],[120.48933789127449,22.967432832388766],[120.48933789127449,22.95843962875152],[120.48034468763724,22.95843962875152]]]}},{"type":"Feature","properties":{"jobs":24,"pop":39,"pointCount":1,"homeWorkCommuteMedian":50711,"workHomeCommuteMedian":17669},"geometry":{"type":"Polygon","coordinates":[[[120.48034468763724,23.00340564693775],[120.48034468763724,23.012398850574996],[120.48933789127449,23.012398850574996],[120.48933789127449,23.00340564693775],[120.48034468763724,23.00340564693775]]]}},{"type":"Feature","properties":{"jobs":64,"pop":367,"pointCount":3,"homeWorkCommuteMedian":7403,"workHomeCommuteMedian":7506},"geometry":{"type":"Polygon","coordinates":[[[120.48933789127449,22.41884741051676],[120.48933789127449,22.427840614154007],[120.49833109491173,22.427840614154007],[120.49833109491173,22.41884741051676],[120.48933789127449,22.41884741051676]]]}},{"type":"Feature","properties":{"jobs":49,"pop":171,"pointCount":3,"homeWorkCommuteMedian":41338,"workHomeCommuteMedian":2951},"geometry":{"type":"Polygon","coordinates":[[[120.48933789127449,22.427840614154007],[120.48933789127449,22.436833817791253],[120.49833109491173,22.436833817791253],[120.49833109491173,22.427840614154007],[120.48933789127449,22.427840614154007]]]}},{"type":"Feature","properties":{"jobs":80,"pop":338,"pointCount":4,"homeWorkCommuteMedian":6592,"workHomeCommuteMedian":5299},"geometry":{"type":"Polygon","coordinates":[[[120.48933789127449,22.4458270214285],[120.48933789127449,22.454820225065745],[120.49833109491173,22.454820225065745],[120.49833109491173,22.4458270214285],[120.48933789127449,22.4458270214285]]]}},{"type":"Feature","properties":{"jobs":312,"pop":1093,"pointCount":10,"homeWorkCommuteMedian":5713,"workHomeCommuteMedian":9880},"geometry":{"type":"Polygon","coordinates":[[[120.48933789127449,22.454820225065745],[120.48933789127449,22.46381342870299],[120.49833109491173,22.46381342870299],[120.49833109491173,22.454820225065745],[120.48933789127449,22.454820225065745]]]}},{"type":"Feature","properties":{"jobs":0,"pop":596,"pointCount":2,"homeWorkCommuteMedian":4686,"workHomeCommuteMedian":-1},"geometry":{"type":"Polygon","coordinates":[[[120.48933789127449,22.46381342870299],[120.48933789127449,22.472806632340237],[120.49833109491173,22.472806632340237],[120.49833109491173,22.46381342870299],[120.48933789127449,22.46381342870299]]]}},{"type":"Feature","properties":{"jobs":1141,"pop":105,"pointCount":5,"homeWorkCommuteMedian":41751,"workHomeCommuteMedian":19459},"geometry":{"type":"Polygon","coordinates":[[[120.48933789127449,22.481799835977483],[120.48933789127449,22.49079303961473],[120.49833109491173,22.49079303961473],[120.49833109491173,22.481799835977483],[120.48933789127449,22.481799835977483]]]}},{"type":"Feature","properties":{"jobs":48,"pop":212,"pointCount":3,"homeWorkCommuteMedian":41083,"workHomeCommuteMedian":2726},"geometry":{"type":"Polygon","coordinates":[[[120.48933789127449,22.49079303961473],[120.48933789127449,22.499786243251975],[120.49833109491173,22.499786243251975],[120.49833109491173,22.49079303961473],[120.48933789127449,22.49079303961473]]]}},{"type":"Feature","properties":{"jobs":168,"pop":241,"pointCount":3,"homeWorkCommuteMedian":12052,"workHomeCommuteMedian":29266},"geometry":{"type":"Polygon","coordinates":[[[120.48933789127449,22.499786243251975],[120.48933789127449,22.50877944688922],[120.49833109491173,22.50877944688922],[120.49833109491173,22.499786243251975],[120.48933789127449,22.499786243251975]]]}},{"type":"Feature","properties":{"jobs":0,"pop":307,"pointCount":4,"homeWorkCommuteMedian":38027,"workHomeCommuteMedian":-1},"geometry":{"type":"Polygon","coordinates":[[[120.48933789127449,22.50877944688922],[120.48933789127449,22.517772650526467],[120.49833109491173,22.517772650526467],[120.49833109491173,22.50877944688922],[120.48933789127449,22.50877944688922]]]}},{"type":"Feature","properties":{"jobs":0,"pop":510,"pointCount":6,"homeWorkCommuteMedian":7823,"workHomeCommuteMedian":-1},"geometry":{"type":"Polygon","coordinates":[[[120.48933789127449,22.526765854163713],[120.48933789127449,22.53575905780096],[120.49833109491173,22.53575905780096],[120.49833109491173,22.526765854163713],[120.48933789127449,22.526765854163713]]]}},{"type":"Feature","properties":{"jobs":14,"pop":0,"pointCount":1,"homeWorkCommuteMedian":-1,"workHomeCommuteMedian":4491},"geometry":{"type":"Polygon","coordinates":[[[120.48933789127449,22.53575905780096],[120.48933789127449,22.544752261438205],[120.49833109491173,22.544752261438205],[120.49833109491173,22.53575905780096],[120.48933789127449,22.53575905780096]]]}},{"type":"Feature","properties":{"jobs":29,"pop":967,"pointCount":7,"homeWorkCommuteMedian":12664,"workHomeCommuteMedian":6375},"geometry":{"type":"Polygon","coordinates":[[[120.48933789127449,22.544752261438205],[120.48933789127449,22.55374546507545],[120.49833109491173,22.55374546507545],[120.49833109491173,22.544752261438205],[120.48933789127449,22.544752261438205]]]}},{"type":"Feature","properties":{"jobs":357,"pop":329,"pointCount":6,"homeWorkCommuteMedian":14653,"workHomeCommuteMedian":5476},"geometry":{"type":"Polygon","coordinates":[[[120.48933789127449,22.55374546507545],[120.48933789127449,22.562738668712697],[120.49833109491173,22.562738668712697],[120.49833109491173,22.55374546507545],[120.48933789127449,22.55374546507545]]]}},{"type":"Feature","properties":{"jobs":110,"pop":0,"pointCount":2,"homeWorkCommuteMedian":-1,"workHomeCommuteMedian":6282},"geometry":{"type":"Polygon","coordinates":[[[120.48933789127449,22.562738668712697],[120.48933789127449,22.571731872349943],[120.49833109491173,22.571731872349943],[120.49833109491173,22.562738668712697],[120.48933789127449,22.562738668712697]]]}},{"type":"Feature","properties":{"jobs":50,"pop":41,"pointCount":2,"homeWorkCommuteMedian":4645,"workHomeCommuteMedian":18311},"geometry":{"type":"Polygon","coordinates":[[[120.48933789127449,22.571731872349943],[120.48933789127449,22.58072507598719],[120.49833109491173,22.58072507598719],[120.49833109491173,22.571731872349943],[120.48933789127449,22.571731872349943]]]}},{"type":"Feature","properties":{"jobs":763,"pop":797,"pointCount":12,"homeWorkCommuteMedian":4920,"workHomeCommuteMedian":4923},"geometry":{"type":"Polygon","coordinates":[[[120.48933789127449,22.58072507598719],[120.48933789127449,22.589718279624435],[120.49833109491173,22.589718279624435],[120.49833109491173,22.58072507598719],[120.48933789127449,22.58072507598719]]]}},{"type":"Feature","properties":{"jobs":756,"pop":2321,"pointCount":11,"homeWorkCommuteMedian":5094,"workHomeCommuteMedian":3106},"geometry":{"type":"Polygon","coordinates":[[[120.48933789127449,22.589718279624435],[120.48933789127449,22.59871148326168],[120.49833109491173,22.59871148326168],[120.49833109491173,22.589718279624435],[120.48933789127449,22.589718279624435]]]}},{"type":"Feature","properties":{"jobs":548,"pop":179,"pointCount":5,"homeWorkCommuteMedian":19376,"workHomeCommuteMedian":3550},"geometry":{"type":"Polygon","coordinates":[[[120.48933789127449,22.59871148326168],[120.48933789127449,22.607704686898927],[120.49833109491173,22.607704686898927],[120.49833109491173,22.59871148326168],[120.48933789127449,22.59871148326168]]]}},{"type":"Feature","properties":{"jobs":47,"pop":264,"pointCount":3,"homeWorkCommuteMedian":7051,"workHomeCommuteMedian":4552},"geometry":{"type":"Polygon","coordinates":[[[120.48933789127449,22.607704686898927],[120.48933789127449,22.616697890536173],[120.49833109491173,22.616697890536173],[120.49833109491173,22.607704686898927],[120.48933789127449,22.607704686898927]]]}},{"type":"Feature","properties":{"jobs":29,"pop":350,"pointCount":4,"homeWorkCommuteMedian":22175,"workHomeCommuteMedian":7297},"geometry":{"type":"Polygon","coordinates":[[[120.48933789127449,22.616697890536173],[120.48933789127449,22.62569109417342],[120.49833109491173,22.62569109417342],[120.49833109491173,22.616697890536173],[120.48933789127449,22.616697890536173]]]}},{"type":"Feature","properties":{"jobs":157,"pop":283,"pointCount":5,"homeWorkCommuteMedian":11008,"workHomeCommuteMedian":12772},"geometry":{"type":"Polygon","coordinates":[[[120.48933789127449,22.62569109417342],[120.48933789127449,22.634684297810665],[120.49833109491173,22.634684297810665],[120.49833109491173,22.62569109417342],[120.48933789127449,22.62569109417342]]]}},{"type":"Feature","properties":{"jobs":199,"pop":22,"pointCount":3,"homeWorkCommuteMedian":4983,"workHomeCommuteMedian":4633},"geometry":{"type":"Polygon","coordinates":[[[120.48933789127449,22.634684297810665],[120.48933789127449,22.64367750144791],[120.49833109491173,22.64367750144791],[120.49833109491173,22.634684297810665],[120.48933789127449,22.634684297810665]]]}},{"type":"Feature","properties":{"jobs":424,"pop":511,"pointCount":5,"homeWorkCommuteMedian":5790,"workHomeCommuteMedian":6769},"geometry":{"type":"Polygon","coordinates":[[[120.48933789127449,22.64367750144791],[120.48933789127449,22.652670705085157],[120.49833109491173,22.652670705085157],[120.49833109491173,22.64367750144791],[120.48933789127449,22.64367750144791]]]}},{"type":"Feature","properties":{"jobs":2897,"pop":51,"pointCount":4,"homeWorkCommuteMedian":2777,"workHomeCommuteMedian":5859},"geometry":{"type":"Polygon","coordinates":[[[120.48933789127449,22.652670705085157],[120.48933789127449,22.661663908722403],[120.49833109491173,22.661663908722403],[120.49833109491173,22.652670705085157],[120.48933789127449,22.652670705085157]]]}},{"type":"Feature","properties":{"jobs":4012,"pop":2363,"pointCount":10,"homeWorkCommuteMedian":3969,"workHomeCommuteMedian":9633},"geometry":{"type":"Polygon","coordinates":[[[120.48933789127449,22.661663908722403],[120.48933789127449,22.67065711235965],[120.49833109491173,22.67065711235965],[120.49833109491173,22.661663908722403],[120.48933789127449,22.661663908722403]]]}},{"type":"Feature","properties":{"jobs":13179,"pop":953,"pointCount":9,"homeWorkCommuteMedian":3803,"workHomeCommuteMedian":7378},"geometry":{"type":"Polygon","coordinates":[[[120.48933789127449,22.67065711235965],[120.48933789127449,22.679650315996895],[120.49833109491173,22.679650315996895],[120.49833109491173,22.67065711235965],[120.48933789127449,22.67065711235965]]]}},{"type":"Feature","properties":{"jobs":4748,"pop":5774,"pointCount":15,"homeWorkCommuteMedian":4072,"workHomeCommuteMedian":7538},"geometry":{"type":"Polygon","coordinates":[[[120.48933789127449,22.679650315996895],[120.48933789127449,22.68864351963414],[120.49833109491173,22.68864351963414],[120.49833109491173,22.679650315996895],[120.48933789127449,22.679650315996895]]]}},{"type":"Feature","properties":{"jobs":4046,"pop":3040,"pointCount":13,"homeWorkCommuteMedian":6641,"workHomeCommuteMedian":10009},"geometry":{"type":"Polygon","coordinates":[[[120.48933789127449,22.68864351963414],[120.48933789127449,22.697636723271387],[120.49833109491173,22.697636723271387],[120.49833109491173,22.68864351963414],[120.48933789127449,22.68864351963414]]]}},{"type":"Feature","properties":{"jobs":571,"pop":525,"pointCount":4,"homeWorkCommuteMedian":23756,"workHomeCommuteMedian":6091},"geometry":{"type":"Polygon","coordinates":[[[120.48933789127449,22.697636723271387],[120.48933789127449,22.706629926908633],[120.49833109491173,22.706629926908633],[120.49833109491173,22.697636723271387],[120.48933789127449,22.697636723271387]]]}},{"type":"Feature","properties":{"jobs":647,"pop":0,"pointCount":2,"homeWorkCommuteMedian":-1,"workHomeCommuteMedian":21011},"geometry":{"type":"Polygon","coordinates":[[[120.48933789127449,22.706629926908633],[120.48933789127449,22.71562313054588],[120.49833109491173,22.71562313054588],[120.49833109491173,22.706629926908633],[120.48933789127449,22.706629926908633]]]}},{"type":"Feature","properties":{"jobs":104,"pop":268,"pointCount":4,"homeWorkCommuteMedian":25927,"workHomeCommuteMedian":5662},"geometry":{"type":"Polygon","coordinates":[[[120.48933789127449,22.71562313054588],[120.48933789127449,22.724616334183125],[120.49833109491173,22.724616334183125],[120.49833109491173,22.71562313054588],[120.48933789127449,22.71562313054588]]]}},{"type":"Feature","properties":{"jobs":117,"pop":39,"pointCount":2,"homeWorkCommuteMedian":26976,"workHomeCommuteMedian":35460},"geometry":{"type":"Polygon","coordinates":[[[120.48933789127449,22.724616334183125],[120.48933789127449,22.73360953782037],[120.49833109491173,22.73360953782037],[120.49833109491173,22.724616334183125],[120.48933789127449,22.724616334183125]]]}},{"type":"Feature","properties":{"jobs":588,"pop":1779,"pointCount":11,"homeWorkCommuteMedian":20886,"workHomeCommuteMedian":4444},"geometry":{"type":"Polygon","coordinates":[[[120.48933789127449,22.73360953782037],[120.48933789127449,22.742602741457617],[120.49833109491173,22.742602741457617],[120.49833109491173,22.73360953782037],[120.48933789127449,22.73360953782037]]]}},{"type":"Feature","properties":{"jobs":350,"pop":168,"pointCount":7,"homeWorkCommuteMedian":5694,"workHomeCommuteMedian":4465},"geometry":{"type":"Polygon","coordinates":[[[120.48933789127449,22.742602741457617],[120.48933789127449,22.751595945094863],[120.49833109491173,22.751595945094863],[120.49833109491173,22.742602741457617],[120.48933789127449,22.742602741457617]]]}},{"type":"Feature","properties":{"jobs":392,"pop":496,"pointCount":9,"homeWorkCommuteMedian":25590,"workHomeCommuteMedian":3191},"geometry":{"type":"Polygon","coordinates":[[[120.48933789127449,22.751595945094863],[120.48933789127449,22.76058914873211],[120.49833109491173,22.76058914873211],[120.49833109491173,22.751595945094863],[120.48933789127449,22.751595945094863]]]}},{"type":"Feature","properties":{"jobs":283,"pop":256,"pointCount":5,"homeWorkCommuteMedian":19925,"workHomeCommuteMedian":3551},"geometry":{"type":"Polygon","coordinates":[[[120.48933789127449,22.76058914873211],[120.48933789127449,22.769582352369355],[120.49833109491173,22.769582352369355],[120.49833109491173,22.76058914873211],[120.48933789127449,22.76058914873211]]]}},{"type":"Feature","properties":{"jobs":2654,"pop":2226,"pointCount":12,"homeWorkCommuteMedian":18283,"workHomeCommuteMedian":4369},"geometry":{"type":"Polygon","coordinates":[[[120.48933789127449,22.769582352369355],[120.48933789127449,22.7785755560066],[120.49833109491173,22.7785755560066],[120.49833109491173,22.769582352369355],[120.48933789127449,22.769582352369355]]]}},{"type":"Feature","properties":{"jobs":373,"pop":1692,"pointCount":9,"homeWorkCommuteMedian":3914,"workHomeCommuteMedian":2838},"geometry":{"type":"Polygon","coordinates":[[[120.48933789127449,22.7785755560066],[120.48933789127449,22.787568759643847],[120.49833109491173,22.787568759643847],[120.49833109491173,22.7785755560066],[120.48933789127449,22.7785755560066]]]}},{"type":"Feature","properties":{"jobs":247,"pop":30,"pointCount":4,"homeWorkCommuteMedian":5736,"workHomeCommuteMedian":5256},"geometry":{"type":"Polygon","coordinates":[[[120.48933789127449,22.796561963281093],[120.48933789127449,22.80555516691834],[120.49833109491173,22.80555516691834],[120.49833109491173,22.796561963281093],[120.48933789127449,22.796561963281093]]]}},{"type":"Feature","properties":{"jobs":102,"pop":442,"pointCount":5,"homeWorkCommuteMedian":22734,"workHomeCommuteMedian":5507},"geometry":{"type":"Polygon","coordinates":[[[120.48933789127449,22.80555516691834],[120.48933789127449,22.814548370555585],[120.49833109491173,22.814548370555585],[120.49833109491173,22.80555516691834],[120.48933789127449,22.80555516691834]]]}},{"type":"Feature","properties":{"jobs":69,"pop":168,"pointCount":3,"homeWorkCommuteMedian":33029,"workHomeCommuteMedian":19101},"geometry":{"type":"Polygon","coordinates":[[[120.48933789127449,22.814548370555585],[120.48933789127449,22.82354157419283],[120.49833109491173,22.82354157419283],[120.49833109491173,22.814548370555585],[120.48933789127449,22.814548370555585]]]}},{"type":"Feature","properties":{"jobs":49,"pop":31,"pointCount":3,"homeWorkCommuteMedian":4880,"workHomeCommuteMedian":32077},"geometry":{"type":"Polygon","coordinates":[[[120.48933789127449,22.86850759237906],[120.48933789127449,22.877500796016307],[120.49833109491173,22.877500796016307],[120.49833109491173,22.86850759237906],[120.48933789127449,22.86850759237906]]]}},{"type":"Feature","properties":{"jobs":690,"pop":999,"pointCount":14,"homeWorkCommuteMedian":14258,"workHomeCommuteMedian":5939},"geometry":{"type":"Polygon","coordinates":[[[120.48933789127449,22.877500796016307],[120.48933789127449,22.886493999653553],[120.49833109491173,22.886493999653553],[120.49833109491173,22.877500796016307],[120.48933789127449,22.877500796016307]]]}},{"type":"Feature","properties":{"jobs":22,"pop":0,"pointCount":1,"homeWorkCommuteMedian":-1,"workHomeCommuteMedian":3380},"geometry":{"type":"Polygon","coordinates":[[[120.48933789127449,22.886493999653553],[120.48933789127449,22.8954872032908],[120.49833109491173,22.8954872032908],[120.49833109491173,22.886493999653553],[120.48933789127449,22.886493999653553]]]}},{"type":"Feature","properties":{"jobs":0,"pop":42,"pointCount":1,"homeWorkCommuteMedian":14439,"workHomeCommuteMedian":-1},"geometry":{"type":"Polygon","coordinates":[[[120.48933789127449,22.8954872032908],[120.48933789127449,22.904480406928045],[120.49833109491173,22.904480406928045],[120.49833109491173,22.8954872032908],[120.48933789127449,22.8954872032908]]]}},{"type":"Feature","properties":{"jobs":32,"pop":124,"pointCount":2,"homeWorkCommuteMedian":42476,"workHomeCommuteMedian":8853},"geometry":{"type":"Polygon","coordinates":[[[120.48933789127449,22.904480406928045],[120.48933789127449,22.91347361056529],[120.49833109491173,22.91347361056529],[120.49833109491173,22.904480406928045],[120.48933789127449,22.904480406928045]]]}},{"type":"Feature","properties":{"jobs":162,"pop":623,"pointCount":6,"homeWorkCommuteMedian":29174,"workHomeCommuteMedian":4435},"geometry":{"type":"Polygon","coordinates":[[[120.48933789127449,22.91347361056529],[120.48933789127449,22.922466814202537],[120.49833109491173,22.922466814202537],[120.49833109491173,22.91347361056529],[120.48933789127449,22.91347361056529]]]}},{"type":"Feature","properties":{"jobs":80,"pop":166,"pointCount":2,"homeWorkCommuteMedian":4864,"workHomeCommuteMedian":9714},"geometry":{"type":"Polygon","coordinates":[[[120.48933789127449,22.922466814202537],[120.48933789127449,22.931460017839782],[120.49833109491173,22.931460017839782],[120.49833109491173,22.922466814202537],[120.48933789127449,22.922466814202537]]]}},{"type":"Feature","properties":{"jobs":0,"pop":203,"pointCount":4,"homeWorkCommuteMedian":34289,"workHomeCommuteMedian":-1},"geometry":{"type":"Polygon","coordinates":[[[120.48933789127449,22.931460017839782],[120.48933789127449,22.94045322147703],[120.49833109491173,22.94045322147703],[120.49833109491173,22.931460017839782],[120.48933789127449,22.931460017839782]]]}},{"type":"Feature","properties":{"jobs":0,"pop":64,"pointCount":2,"homeWorkCommuteMedian":39198,"workHomeCommuteMedian":-1},"geometry":{"type":"Polygon","coordinates":[[[120.48933789127449,22.94045322147703],[120.48933789127449,22.949446425114274],[120.49833109491173,22.949446425114274],[120.49833109491173,22.94045322147703],[120.48933789127449,22.94045322147703]]]}},{"type":"Feature","properties":{"jobs":67,"pop":98,"pointCount":2,"homeWorkCommuteMedian":9661,"workHomeCommuteMedian":13674},"geometry":{"type":"Polygon","coordinates":[[[120.48933789127449,22.949446425114274],[120.48933789127449,22.95843962875152],[120.49833109491173,22.95843962875152],[120.49833109491173,22.949446425114274],[120.48933789127449,22.949446425114274]]]}},{"type":"Feature","properties":{"jobs":25,"pop":82,"pointCount":3,"homeWorkCommuteMedian":59871,"workHomeCommuteMedian":14103},"geometry":{"type":"Polygon","coordinates":[[[120.48933789127449,22.967432832388766],[120.48933789127449,22.976426036026012],[120.49833109491173,22.976426036026012],[120.49833109491173,22.967432832388766],[120.48933789127449,22.967432832388766]]]}},{"type":"Feature","properties":{"jobs":0,"pop":156,"pointCount":3,"homeWorkCommuteMedian":12537,"workHomeCommuteMedian":-1},"geometry":{"type":"Polygon","coordinates":[[[120.48933789127449,22.976426036026012],[120.48933789127449,22.98541923966326],[120.49833109491173,22.98541923966326],[120.49833109491173,22.976426036026012],[120.48933789127449,22.976426036026012]]]}},{"type":"Feature","properties":{"jobs":0,"pop":58,"pointCount":2,"homeWorkCommuteMedian":56478,"workHomeCommuteMedian":-1},"geometry":{"type":"Polygon","coordinates":[[[120.48933789127449,22.98541923966326],[120.48933789127449,22.994412443300504],[120.49833109491173,22.994412443300504],[120.49833109491173,22.98541923966326],[120.48933789127449,22.98541923966326]]]}},{"type":"Feature","properties":{"jobs":0,"pop":62,"pointCount":1,"homeWorkCommuteMedian":43243,"workHomeCommuteMedian":-1},"geometry":{"type":"Polygon","coordinates":[[[120.48933789127449,22.994412443300504],[120.48933789127449,23.00340564693775],[120.49833109491173,23.00340564693775],[120.49833109491173,22.994412443300504],[120.48933789127449,22.994412443300504]]]}},{"type":"Feature","properties":{"jobs":0,"pop":45,"pointCount":2,"homeWorkCommuteMedian":65286,"workHomeCommuteMedian":-1},"geometry":{"type":"Polygon","coordinates":[[[120.48933789127449,23.00340564693775],[120.48933789127449,23.012398850574996],[120.49833109491173,23.012398850574996],[120.49833109491173,23.00340564693775],[120.48933789127449,23.00340564693775]]]}},{"type":"Feature","properties":{"jobs":27,"pop":143,"pointCount":1,"homeWorkCommuteMedian":15140,"workHomeCommuteMedian":6162},"geometry":{"type":"Polygon","coordinates":[[[120.49833109491173,22.409854206879515],[120.49833109491173,22.41884741051676],[120.50732429854898,22.41884741051676],[120.50732429854898,22.409854206879515],[120.49833109491173,22.409854206879515]]]}},{"type":"Feature","properties":{"jobs":0,"pop":363,"pointCount":3,"homeWorkCommuteMedian":46739,"workHomeCommuteMedian":-1},"geometry":{"type":"Polygon","coordinates":[[[120.49833109491173,22.41884741051676],[120.49833109491173,22.427840614154007],[120.50732429854898,22.427840614154007],[120.50732429854898,22.41884741051676],[120.49833109491173,22.41884741051676]]]}},{"type":"Feature","properties":{"jobs":40,"pop":523,"pointCount":5,"homeWorkCommuteMedian":42955,"workHomeCommuteMedian":2242},"geometry":{"type":"Polygon","coordinates":[[[120.49833109491173,22.427840614154007],[120.49833109491173,22.436833817791253],[120.50732429854898,22.436833817791253],[120.50732429854898,22.427840614154007],[120.49833109491173,22.427840614154007]]]}},{"type":"Feature","properties":{"jobs":56,"pop":27,"pointCount":2,"homeWorkCommuteMedian":7452,"workHomeCommuteMedian":16378},"geometry":{"type":"Polygon","coordinates":[[[120.49833109491173,22.4458270214285],[120.49833109491173,22.454820225065745],[120.50732429854898,22.454820225065745],[120.50732429854898,22.4458270214285],[120.49833109491173,22.4458270214285]]]}},{"type":"Feature","properties":{"jobs":75,"pop":535,"pointCount":8,"homeWorkCommuteMedian":25556,"workHomeCommuteMedian":6062},"geometry":{"type":"Polygon","coordinates":[[[120.49833109491173,22.454820225065745],[120.49833109491173,22.46381342870299],[120.50732429854898,22.46381342870299],[120.50732429854898,22.454820225065745],[120.49833109491173,22.454820225065745]]]}},{"type":"Feature","properties":{"jobs":0,"pop":303,"pointCount":5,"homeWorkCommuteMedian":24373,"workHomeCommuteMedian":-1},"geometry":{"type":"Polygon","coordinates":[[[120.49833109491173,22.46381342870299],[120.49833109491173,22.472806632340237],[120.50732429854898,22.472806632340237],[120.50732429854898,22.46381342870299],[120.49833109491173,22.46381342870299]]]}},{"type":"Feature","properties":{"jobs":239,"pop":26,"pointCount":3,"homeWorkCommuteMedian":33146,"workHomeCommuteMedian":6135},"geometry":{"type":"Polygon","coordinates":[[[120.49833109491173,22.472806632340237],[120.49833109491173,22.481799835977483],[120.50732429854898,22.481799835977483],[120.50732429854898,22.472806632340237],[120.49833109491173,22.472806632340237]]]}},{"type":"Feature","properties":{"jobs":117,"pop":804,"pointCount":5,"homeWorkCommuteMedian":25710,"workHomeCommuteMedian":3531},"geometry":{"type":"Polygon","coordinates":[[[120.49833109491173,22.481799835977483],[120.49833109491173,22.49079303961473],[120.50732429854898,22.49079303961473],[120.50732429854898,22.481799835977483],[120.49833109491173,22.481799835977483]]]}},{"type":"Feature","properties":{"jobs":79,"pop":165,"pointCount":4,"homeWorkCommuteMedian":22579,"workHomeCommuteMedian":39318},"geometry":{"type":"Polygon","coordinates":[[[120.49833109491173,22.49079303961473],[120.49833109491173,22.499786243251975],[120.50732429854898,22.499786243251975],[120.50732429854898,22.49079303961473],[120.49833109491173,22.49079303961473]]]}},{"type":"Feature","properties":{"jobs":479,"pop":0,"pointCount":2,"homeWorkCommuteMedian":-1,"workHomeCommuteMedian":2961},"geometry":{"type":"Polygon","coordinates":[[[120.49833109491173,22.499786243251975],[120.49833109491173,22.50877944688922],[120.50732429854898,22.50877944688922],[120.50732429854898,22.499786243251975],[120.49833109491173,22.499786243251975]]]}},{"type":"Feature","properties":{"jobs":79,"pop":175,"pointCount":3,"homeWorkCommuteMedian":21239,"workHomeCommuteMedian":4808},"geometry":{"type":"Polygon","coordinates":[[[120.49833109491173,22.50877944688922],[120.49833109491173,22.517772650526467],[120.50732429854898,22.517772650526467],[120.50732429854898,22.50877944688922],[120.49833109491173,22.50877944688922]]]}},{"type":"Feature","properties":{"jobs":19,"pop":0,"pointCount":1,"homeWorkCommuteMedian":-1,"workHomeCommuteMedian":881},"geometry":{"type":"Polygon","coordinates":[[[120.49833109491173,22.517772650526467],[120.49833109491173,22.526765854163713],[120.50732429854898,22.526765854163713],[120.50732429854898,22.517772650526467],[120.49833109491173,22.517772650526467]]]}},{"type":"Feature","properties":{"jobs":0,"pop":123,"pointCount":2,"homeWorkCommuteMedian":4954,"workHomeCommuteMedian":-1},"geometry":{"type":"Polygon","coordinates":[[[120.49833109491173,22.526765854163713],[120.49833109491173,22.53575905780096],[120.50732429854898,22.53575905780096],[120.50732429854898,22.526765854163713],[120.49833109491173,22.526765854163713]]]}},{"type":"Feature","properties":{"jobs":0,"pop":120,"pointCount":1,"homeWorkCommuteMedian":47908,"workHomeCommuteMedian":-1},"geometry":{"type":"Polygon","coordinates":[[[120.49833109491173,22.53575905780096],[120.49833109491173,22.544752261438205],[120.50732429854898,22.544752261438205],[120.50732429854898,22.53575905780096],[120.49833109491173,22.53575905780096]]]}},{"type":"Feature","properties":{"jobs":42,"pop":225,"pointCount":1,"homeWorkCommuteMedian":37650,"workHomeCommuteMedian":2654},"geometry":{"type":"Polygon","coordinates":[[[120.49833109491173,22.544752261438205],[120.49833109491173,22.55374546507545],[120.50732429854898,22.55374546507545],[120.50732429854898,22.544752261438205],[120.49833109491173,22.544752261438205]]]}},{"type":"Feature","properties":{"jobs":29,"pop":32,"pointCount":2,"homeWorkCommuteMedian":29651,"workHomeCommuteMedian":7703},"geometry":{"type":"Polygon","coordinates":[[[120.49833109491173,22.55374546507545],[120.49833109491173,22.562738668712697],[120.50732429854898,22.562738668712697],[120.50732429854898,22.55374546507545],[120.49833109491173,22.55374546507545]]]}},{"type":"Feature","properties":{"jobs":46,"pop":389,"pointCount":4,"homeWorkCommuteMedian":19963,"workHomeCommuteMedian":26807},"geometry":{"type":"Polygon","coordinates":[[[120.49833109491173,22.562738668712697],[120.49833109491173,22.571731872349943],[120.50732429854898,22.571731872349943],[120.50732429854898,22.562738668712697],[120.49833109491173,22.562738668712697]]]}},{"type":"Feature","properties":{"jobs":111,"pop":25,"pointCount":4,"homeWorkCommuteMedian":23937,"workHomeCommuteMedian":21310},"geometry":{"type":"Polygon","coordinates":[[[120.49833109491173,22.571731872349943],[120.49833109491173,22.58072507598719],[120.50732429854898,22.58072507598719],[120.50732429854898,22.571731872349943],[120.49833109491173,22.571731872349943]]]}},{"type":"Feature","properties":{"jobs":282,"pop":53,"pointCount":6,"homeWorkCommuteMedian":11556,"workHomeCommuteMedian":2657},"geometry":{"type":"Polygon","coordinates":[[[120.49833109491173,22.58072507598719],[120.49833109491173,22.589718279624435],[120.50732429854898,22.589718279624435],[120.50732429854898,22.58072507598719],[120.49833109491173,22.58072507598719]]]}},{"type":"Feature","properties":{"jobs":27,"pop":155,"pointCount":2,"homeWorkCommuteMedian":25807,"workHomeCommuteMedian":6074},"geometry":{"type":"Polygon","coordinates":[[[120.49833109491173,22.589718279624435],[120.49833109491173,22.59871148326168],[120.50732429854898,22.59871148326168],[120.50732429854898,22.589718279624435],[120.49833109491173,22.589718279624435]]]}},{"type":"Feature","properties":{"jobs":47,"pop":0,"pointCount":1,"homeWorkCommuteMedian":-1,"workHomeCommuteMedian":4285},"geometry":{"type":"Polygon","coordinates":[[[120.49833109491173,22.59871148326168],[120.49833109491173,22.607704686898927],[120.50732429854898,22.607704686898927],[120.50732429854898,22.59871148326168],[120.49833109491173,22.59871148326168]]]}},{"type":"Feature","properties":{"jobs":49,"pop":297,"pointCount":5,"homeWorkCommuteMedian":21512,"workHomeCommuteMedian":10377},"geometry":{"type":"Polygon","coordinates":[[[120.49833109491173,22.607704686898927],[120.49833109491173,22.616697890536173],[120.50732429854898,22.616697890536173],[120.50732429854898,22.607704686898927],[120.49833109491173,22.607704686898927]]]}},{"type":"Feature","properties":{"jobs":37,"pop":349,"pointCount":6,"homeWorkCommuteMedian":7993,"workHomeCommuteMedian":20122},"geometry":{"type":"Polygon","coordinates":[[[120.49833109491173,22.616697890536173],[120.49833109491173,22.62569109417342],[120.50732429854898,22.62569109417342],[120.50732429854898,22.616697890536173],[120.49833109491173,22.616697890536173]]]}},{"type":"Feature","properties":{"jobs":102,"pop":260,"pointCount":4,"homeWorkCommuteMedian":9830,"workHomeCommuteMedian":954},"geometry":{"type":"Polygon","coordinates":[[[120.49833109491173,22.62569109417342],[120.49833109491173,22.634684297810665],[120.50732429854898,22.634684297810665],[120.50732429854898,22.62569109417342],[120.49833109491173,22.62569109417342]]]}},{"type":"Feature","properties":{"jobs":578,"pop":121,"pointCount":6,"homeWorkCommuteMedian":6900,"workHomeCommuteMedian":19036},"geometry":{"type":"Polygon","coordinates":[[[120.49833109491173,22.634684297810665],[120.49833109491173,22.64367750144791],[120.50732429854898,22.64367750144791],[120.50732429854898,22.634684297810665],[120.49833109491173,22.634684297810665]]]}},{"type":"Feature","properties":{"jobs":200,"pop":469,"pointCount":5,"homeWorkCommuteMedian":6620,"workHomeCommuteMedian":19896},"geometry":{"type":"Polygon","coordinates":[[[120.49833109491173,22.64367750144791],[120.49833109491173,22.652670705085157],[120.50732429854898,22.652670705085157],[120.50732429854898,22.64367750144791],[120.49833109491173,22.64367750144791]]]}},{"type":"Feature","properties":{"jobs":4265,"pop":1778,"pointCount":11,"homeWorkCommuteMedian":7526,"workHomeCommuteMedian":10866},"geometry":{"type":"Polygon","coordinates":[[[120.49833109491173,22.652670705085157],[120.49833109491173,22.661663908722403],[120.50732429854898,22.661663908722403],[120.50732429854898,22.652670705085157],[120.49833109491173,22.652670705085157]]]}},{"type":"Feature","properties":{"jobs":10701,"pop":3496,"pointCount":14,"homeWorkCommuteMedian":5157,"workHomeCommuteMedian":13125},"geometry":{"type":"Polygon","coordinates":[[[120.49833109491173,22.661663908722403],[120.49833109491173,22.67065711235965],[120.50732429854898,22.67065711235965],[120.50732429854898,22.661663908722403],[120.49833109491173,22.661663908722403]]]}},{"type":"Feature","properties":{"jobs":3579,"pop":3473,"pointCount":8,"homeWorkCommuteMedian":3437,"workHomeCommuteMedian":11969},"geometry":{"type":"Polygon","coordinates":[[[120.49833109491173,22.67065711235965],[120.49833109491173,22.679650315996895],[120.50732429854898,22.679650315996895],[120.50732429854898,22.67065711235965],[120.49833109491173,22.67065711235965]]]}},{"type":"Feature","properties":{"jobs":3726,"pop":4074,"pointCount":11,"homeWorkCommuteMedian":5374,"workHomeCommuteMedian":6113},"geometry":{"type":"Polygon","coordinates":[[[120.49833109491173,22.679650315996895],[120.49833109491173,22.68864351963414],[120.50732429854898,22.68864351963414],[120.50732429854898,22.679650315996895],[120.49833109491173,22.679650315996895]]]}},{"type":"Feature","properties":{"jobs":2253,"pop":1483,"pointCount":8,"homeWorkCommuteMedian":6074,"workHomeCommuteMedian":14701},"geometry":{"type":"Polygon","coordinates":[[[120.49833109491173,22.68864351963414],[120.49833109491173,22.697636723271387],[120.50732429854898,22.697636723271387],[120.50732429854898,22.68864351963414],[120.49833109491173,22.68864351963414]]]}},{"type":"Feature","properties":{"jobs":722,"pop":496,"pointCount":8,"homeWorkCommuteMedian":25285,"workHomeCommuteMedian":10793},"geometry":{"type":"Polygon","coordinates":[[[120.49833109491173,22.697636723271387],[120.49833109491173,22.706629926908633],[120.50732429854898,22.706629926908633],[120.50732429854898,22.697636723271387],[120.49833109491173,22.697636723271387]]]}},{"type":"Feature","properties":{"jobs":61,"pop":0,"pointCount":1,"homeWorkCommuteMedian":-1,"workHomeCommuteMedian":14347},"geometry":{"type":"Polygon","coordinates":[[[120.49833109491173,22.706629926908633],[120.49833109491173,22.71562313054588],[120.50732429854898,22.71562313054588],[120.50732429854898,22.706629926908633],[120.49833109491173,22.706629926908633]]]}},{"type":"Feature","properties":{"jobs":208,"pop":528,"pointCount":4,"homeWorkCommuteMedian":13471,"workHomeCommuteMedian":5694},"geometry":{"type":"Polygon","coordinates":[[[120.49833109491173,22.71562313054588],[120.49833109491173,22.724616334183125],[120.50732429854898,22.724616334183125],[120.50732429854898,22.71562313054588],[120.49833109491173,22.71562313054588]]]}},{"type":"Feature","properties":{"jobs":89,"pop":224,"pointCount":2,"homeWorkCommuteMedian":10385,"workHomeCommuteMedian":4113},"geometry":{"type":"Polygon","coordinates":[[[120.49833109491173,22.724616334183125],[120.49833109491173,22.73360953782037],[120.50732429854898,22.73360953782037],[120.50732429854898,22.724616334183125],[120.49833109491173,22.724616334183125]]]}},{"type":"Feature","properties":{"jobs":117,"pop":501,"pointCount":3,"homeWorkCommuteMedian":21217,"workHomeCommuteMedian":3574},"geometry":{"type":"Polygon","coordinates":[[[120.49833109491173,22.73360953782037],[120.49833109491173,22.742602741457617],[120.50732429854898,22.742602741457617],[120.50732429854898,22.73360953782037],[120.49833109491173,22.73360953782037]]]}},{"type":"Feature","properties":{"jobs":52,"pop":876,"pointCount":5,"homeWorkCommuteMedian":24357,"workHomeCommuteMedian":17192},"geometry":{"type":"Polygon","coordinates":[[[120.49833109491173,22.742602741457617],[120.49833109491173,22.751595945094863],[120.50732429854898,22.751595945094863],[120.50732429854898,22.742602741457617],[120.49833109491173,22.742602741457617]]]}},{"type":"Feature","properties":{"jobs":50,"pop":578,"pointCount":3,"homeWorkCommuteMedian":13323,"workHomeCommuteMedian":28349},"geometry":{"type":"Polygon","coordinates":[[[120.49833109491173,22.751595945094863],[120.49833109491173,22.76058914873211],[120.50732429854898,22.76058914873211],[120.50732429854898,22.751595945094863],[120.49833109491173,22.751595945094863]]]}},{"type":"Feature","properties":{"jobs":56,"pop":271,"pointCount":3,"homeWorkCommuteMedian":18046,"workHomeCommuteMedian":6843},"geometry":{"type":"Polygon","coordinates":[[[120.49833109491173,22.76058914873211],[120.49833109491173,22.769582352369355],[120.50732429854898,22.769582352369355],[120.50732429854898,22.76058914873211],[120.49833109491173,22.76058914873211]]]}},{"type":"Feature","properties":{"jobs":127,"pop":742,"pointCount":6,"homeWorkCommuteMedian":24506,"workHomeCommuteMedian":4350},"geometry":{"type":"Polygon","coordinates":[[[120.49833109491173,22.769582352369355],[120.49833109491173,22.7785755560066],[120.50732429854898,22.7785755560066],[120.50732429854898,22.769582352369355],[120.49833109491173,22.769582352369355]]]}},{"type":"Feature","properties":{"jobs":365,"pop":116,"pointCount":3,"homeWorkCommuteMedian":3851,"workHomeCommuteMedian":4060},"geometry":{"type":"Polygon","coordinates":[[[120.49833109491173,22.7785755560066],[120.49833109491173,22.787568759643847],[120.50732429854898,22.787568759643847],[120.50732429854898,22.7785755560066],[120.49833109491173,22.7785755560066]]]}},{"type":"Feature","properties":{"jobs":288,"pop":85,"pointCount":5,"homeWorkCommuteMedian":32778,"workHomeCommuteMedian":6567},"geometry":{"type":"Polygon","coordinates":[[[120.49833109491173,22.796561963281093],[120.49833109491173,22.80555516691834],[120.50732429854898,22.80555516691834],[120.50732429854898,22.796561963281093],[120.49833109491173,22.796561963281093]]]}},{"type":"Feature","properties":{"jobs":395,"pop":972,"pointCount":10,"homeWorkCommuteMedian":7690,"workHomeCommuteMedian":7696},"geometry":{"type":"Polygon","coordinates":[[[120.49833109491173,22.80555516691834],[120.49833109491173,22.814548370555585],[120.50732429854898,22.814548370555585],[120.50732429854898,22.80555516691834],[120.49833109491173,22.80555516691834]]]}},{"type":"Feature","properties":{"jobs":101,"pop":117,"pointCount":2,"homeWorkCommuteMedian":6012,"workHomeCommuteMedian":249},"geometry":{"type":"Polygon","coordinates":[[[120.49833109491173,22.814548370555585],[120.49833109491173,22.82354157419283],[120.50732429854898,22.82354157419283],[120.50732429854898,22.814548370555585],[120.49833109491173,22.814548370555585]]]}},{"type":"Feature","properties":{"jobs":33,"pop":145,"pointCount":2,"homeWorkCommuteMedian":7043,"workHomeCommuteMedian":40016},"geometry":{"type":"Polygon","coordinates":[[[120.49833109491173,22.82354157419283],[120.49833109491173,22.832534777830077],[120.50732429854898,22.832534777830077],[120.50732429854898,22.82354157419283],[120.49833109491173,22.82354157419283]]]}},{"type":"Feature","properties":{"jobs":68,"pop":39,"pointCount":1,"homeWorkCommuteMedian":21729,"workHomeCommuteMedian":5954},"geometry":{"type":"Polygon","coordinates":[[[120.49833109491173,22.841527981467323],[120.49833109491173,22.85052118510457],[120.50732429854898,22.85052118510457],[120.50732429854898,22.841527981467323],[120.49833109491173,22.841527981467323]]]}},{"type":"Feature","properties":{"jobs":34,"pop":87,"pointCount":1,"homeWorkCommuteMedian":30305,"workHomeCommuteMedian":6341},"geometry":{"type":"Polygon","coordinates":[[[120.49833109491173,22.85052118510457],[120.49833109491173,22.859514388741815],[120.50732429854898,22.859514388741815],[120.50732429854898,22.85052118510457],[120.49833109491173,22.85052118510457]]]}},{"type":"Feature","properties":{"jobs":0,"pop":25,"pointCount":1,"homeWorkCommuteMedian":41490,"workHomeCommuteMedian":-1},"geometry":{"type":"Polygon","coordinates":[[[120.49833109491173,22.859514388741815],[120.49833109491173,22.86850759237906],[120.50732429854898,22.86850759237906],[120.50732429854898,22.859514388741815],[120.49833109491173,22.859514388741815]]]}},{"type":"Feature","properties":{"jobs":304,"pop":257,"pointCount":8,"homeWorkCommuteMedian":35279,"workHomeCommuteMedian":3944},"geometry":{"type":"Polygon","coordinates":[[[120.49833109491173,22.877500796016307],[120.49833109491173,22.886493999653553],[120.50732429854898,22.886493999653553],[120.50732429854898,22.877500796016307],[120.49833109491173,22.877500796016307]]]}},{"type":"Feature","properties":{"jobs":40,"pop":72,"pointCount":1,"homeWorkCommuteMedian":2883,"workHomeCommuteMedian":34208},"geometry":{"type":"Polygon","coordinates":[[[120.49833109491173,22.886493999653553],[120.49833109491173,22.8954872032908],[120.50732429854898,22.8954872032908],[120.50732429854898,22.886493999653553],[120.49833109491173,22.886493999653553]]]}},{"type":"Feature","properties":{"jobs":135,"pop":226,"pointCount":6,"homeWorkCommuteMedian":6855,"workHomeCommuteMedian":3308},"geometry":{"type":"Polygon","coordinates":[[[120.49833109491173,22.922466814202537],[120.49833109491173,22.931460017839782],[120.50732429854898,22.931460017839782],[120.50732429854898,22.922466814202537],[120.49833109491173,22.922466814202537]]]}},{"type":"Feature","properties":{"jobs":153,"pop":203,"pointCount":3,"homeWorkCommuteMedian":34478,"workHomeCommuteMedian":5269},"geometry":{"type":"Polygon","coordinates":[[[120.49833109491173,22.931460017839782],[120.49833109491173,22.94045322147703],[120.50732429854898,22.94045322147703],[120.50732429854898,22.931460017839782],[120.49833109491173,22.931460017839782]]]}},{"type":"Feature","properties":{"jobs":0,"pop":84,"pointCount":2,"homeWorkCommuteMedian":8087,"workHomeCommuteMedian":-1},"geometry":{"type":"Polygon","coordinates":[[[120.49833109491173,22.94045322147703],[120.49833109491173,22.949446425114274],[120.50732429854898,22.949446425114274],[120.50732429854898,22.94045322147703],[120.49833109491173,22.94045322147703]]]}},{"type":"Feature","properties":{"jobs":0,"pop":31,"pointCount":1,"homeWorkCommuteMedian":54602,"workHomeCommuteMedian":-1},"geometry":{"type":"Polygon","coordinates":[[[120.49833109491173,22.95843962875152],[120.49833109491173,22.967432832388766],[120.50732429854898,22.967432832388766],[120.50732429854898,22.95843962875152],[120.49833109491173,22.95843962875152]]]}},{"type":"Feature","properties":{"jobs":0,"pop":33,"pointCount":1,"homeWorkCommuteMedian":46981,"workHomeCommuteMedian":-1},"geometry":{"type":"Polygon","coordinates":[[[120.49833109491173,22.967432832388766],[120.49833109491173,22.976426036026012],[120.50732429854898,22.976426036026012],[120.50732429854898,22.967432832388766],[120.49833109491173,22.967432832388766]]]}},{"type":"Feature","properties":{"jobs":12,"pop":0,"pointCount":1,"homeWorkCommuteMedian":-1,"workHomeCommuteMedian":4022},"geometry":{"type":"Polygon","coordinates":[[[120.49833109491173,22.976426036026012],[120.49833109491173,22.98541923966326],[120.50732429854898,22.98541923966326],[120.50732429854898,22.976426036026012],[120.49833109491173,22.976426036026012]]]}},{"type":"Feature","properties":{"jobs":25,"pop":260,"pointCount":5,"homeWorkCommuteMedian":43080,"workHomeCommuteMedian":11037},"geometry":{"type":"Polygon","coordinates":[[[120.49833109491173,22.98541923966326],[120.49833109491173,22.994412443300504],[120.50732429854898,22.994412443300504],[120.50732429854898,22.98541923966326],[120.49833109491173,22.98541923966326]]]}},{"type":"Feature","properties":{"jobs":0,"pop":104,"pointCount":2,"homeWorkCommuteMedian":58637,"workHomeCommuteMedian":-1},"geometry":{"type":"Polygon","coordinates":[[[120.49833109491173,22.994412443300504],[120.49833109491173,23.00340564693775],[120.50732429854898,23.00340564693775],[120.50732429854898,22.994412443300504],[120.49833109491173,22.994412443300504]]]}},{"type":"Feature","properties":{"jobs":0,"pop":116,"pointCount":2,"homeWorkCommuteMedian":49352,"workHomeCommuteMedian":-1},"geometry":{"type":"Polygon","coordinates":[[[120.49833109491173,23.012398850574996],[120.49833109491173,23.021392054212242],[120.50732429854898,23.021392054212242],[120.50732429854898,23.012398850574996],[120.49833109491173,23.012398850574996]]]}},{"type":"Feature","properties":{"jobs":0,"pop":510,"pointCount":2,"homeWorkCommuteMedian":34158,"workHomeCommuteMedian":-1},"geometry":{"type":"Polygon","coordinates":[[[120.50732429854898,22.409854206879515],[120.50732429854898,22.41884741051676],[120.51631750218623,22.41884741051676],[120.51631750218623,22.409854206879515],[120.50732429854898,22.409854206879515]]]}},{"type":"Feature","properties":{"jobs":40,"pop":0,"pointCount":1,"homeWorkCommuteMedian":-1,"workHomeCommuteMedian":26656},"geometry":{"type":"Polygon","coordinates":[[[120.50732429854898,22.41884741051676],[120.50732429854898,22.427840614154007],[120.51631750218623,22.427840614154007],[120.51631750218623,22.41884741051676],[120.50732429854898,22.41884741051676]]]}},{"type":"Feature","properties":{"jobs":904,"pop":1588,"pointCount":8,"homeWorkCommuteMedian":25836,"workHomeCommuteMedian":2095},"geometry":{"type":"Polygon","coordinates":[[[120.50732429854898,22.427840614154007],[120.50732429854898,22.436833817791253],[120.51631750218623,22.436833817791253],[120.51631750218623,22.427840614154007],[120.50732429854898,22.427840614154007]]]}},{"type":"Feature","properties":{"jobs":121,"pop":426,"pointCount":1,"homeWorkCommuteMedian":43436,"workHomeCommuteMedian":1156},"geometry":{"type":"Polygon","coordinates":[[[120.50732429854898,22.436833817791253],[120.50732429854898,22.4458270214285],[120.51631750218623,22.4458270214285],[120.51631750218623,22.436833817791253],[120.50732429854898,22.436833817791253]]]}},{"type":"Feature","properties":{"jobs":54,"pop":170,"pointCount":3,"homeWorkCommuteMedian":43871,"workHomeCommuteMedian":2048},"geometry":{"type":"Polygon","coordinates":[[[120.50732429854898,22.454820225065745],[120.50732429854898,22.46381342870299],[120.51631750218623,22.46381342870299],[120.51631750218623,22.454820225065745],[120.50732429854898,22.454820225065745]]]}},{"type":"Feature","properties":{"jobs":9,"pop":0,"pointCount":1,"homeWorkCommuteMedian":-1,"workHomeCommuteMedian":1098},"geometry":{"type":"Polygon","coordinates":[[[120.50732429854898,22.46381342870299],[120.50732429854898,22.472806632340237],[120.51631750218623,22.472806632340237],[120.51631750218623,22.46381342870299],[120.50732429854898,22.46381342870299]]]}},{"type":"Feature","properties":{"jobs":0,"pop":64,"pointCount":2,"homeWorkCommuteMedian":39485,"workHomeCommuteMedian":-1},"geometry":{"type":"Polygon","coordinates":[[[120.50732429854898,22.472806632340237],[120.50732429854898,22.481799835977483],[120.51631750218623,22.481799835977483],[120.51631750218623,22.472806632340237],[120.50732429854898,22.472806632340237]]]}},{"type":"Feature","properties":{"jobs":191,"pop":823,"pointCount":6,"homeWorkCommuteMedian":27786,"workHomeCommuteMedian":37822},"geometry":{"type":"Polygon","coordinates":[[[120.50732429854898,22.481799835977483],[120.50732429854898,22.49079303961473],[120.51631750218623,22.49079303961473],[120.51631750218623,22.481799835977483],[120.50732429854898,22.481799835977483]]]}},{"type":"Feature","properties":{"jobs":631,"pop":998,"pointCount":7,"homeWorkCommuteMedian":9946,"workHomeCommuteMedian":3908},"geometry":{"type":"Polygon","coordinates":[[[120.50732429854898,22.49079303961473],[120.50732429854898,22.499786243251975],[120.51631750218623,22.499786243251975],[120.51631750218623,22.49079303961473],[120.50732429854898,22.49079303961473]]]}},{"type":"Feature","properties":{"jobs":70,"pop":971,"pointCount":8,"homeWorkCommuteMedian":8949,"workHomeCommuteMedian":3589},"geometry":{"type":"Polygon","coordinates":[[[120.50732429854898,22.50877944688922],[120.50732429854898,22.517772650526467],[120.51631750218623,22.517772650526467],[120.51631750218623,22.50877944688922],[120.50732429854898,22.50877944688922]]]}},{"type":"Feature","properties":{"jobs":71,"pop":264,"pointCount":4,"homeWorkCommuteMedian":17987,"workHomeCommuteMedian":31802},"geometry":{"type":"Polygon","coordinates":[[[120.50732429854898,22.517772650526467],[120.50732429854898,22.526765854163713],[120.51631750218623,22.526765854163713],[120.51631750218623,22.517772650526467],[120.50732429854898,22.517772650526467]]]}},{"type":"Feature","properties":{"jobs":7,"pop":315,"pointCount":6,"homeWorkCommuteMedian":17183,"workHomeCommuteMedian":2506},"geometry":{"type":"Polygon","coordinates":[[[120.50732429854898,22.526765854163713],[120.50732429854898,22.53575905780096],[120.51631750218623,22.53575905780096],[120.51631750218623,22.526765854163713],[120.50732429854898,22.526765854163713]]]}},{"type":"Feature","properties":{"jobs":61,"pop":861,"pointCount":8,"homeWorkCommuteMedian":16069,"workHomeCommuteMedian":6847},"geometry":{"type":"Polygon","coordinates":[[[120.50732429854898,22.53575905780096],[120.50732429854898,22.544752261438205],[120.51631750218623,22.544752261438205],[120.51631750218623,22.53575905780096],[120.50732429854898,22.53575905780096]]]}},{"type":"Feature","properties":{"jobs":0,"pop":33,"pointCount":1,"homeWorkCommuteMedian":16140,"workHomeCommuteMedian":-1},"geometry":{"type":"Polygon","coordinates":[[[120.50732429854898,22.544752261438205],[120.50732429854898,22.55374546507545],[120.51631750218623,22.55374546507545],[120.51631750218623,22.544752261438205],[120.50732429854898,22.544752261438205]]]}},{"type":"Feature","properties":{"jobs":0,"pop":85,"pointCount":2,"homeWorkCommuteMedian":14120,"workHomeCommuteMedian":-1},"geometry":{"type":"Polygon","coordinates":[[[120.50732429854898,22.55374546507545],[120.50732429854898,22.562738668712697],[120.51631750218623,22.562738668712697],[120.51631750218623,22.55374546507545],[120.50732429854898,22.55374546507545]]]}},{"type":"Feature","properties":{"jobs":191,"pop":221,"pointCount":6,"homeWorkCommuteMedian":24896,"workHomeCommuteMedian":7823},"geometry":{"type":"Polygon","coordinates":[[[120.50732429854898,22.562738668712697],[120.50732429854898,22.571731872349943],[120.51631750218623,22.571731872349943],[120.51631750218623,22.562738668712697],[120.50732429854898,22.562738668712697]]]}},{"type":"Feature","properties":{"jobs":66,"pop":156,"pointCount":2,"homeWorkCommuteMedian":8770,"workHomeCommuteMedian":22681},"geometry":{"type":"Polygon","coordinates":[[[120.50732429854898,22.571731872349943],[120.50732429854898,22.58072507598719],[120.51631750218623,22.58072507598719],[120.51631750218623,22.571731872349943],[120.50732429854898,22.571731872349943]]]}},{"type":"Feature","properties":{"jobs":195,"pop":0,"pointCount":3,"homeWorkCommuteMedian":-1,"workHomeCommuteMedian":5015},"geometry":{"type":"Polygon","coordinates":[[[120.50732429854898,22.58072507598719],[120.50732429854898,22.589718279624435],[120.51631750218623,22.589718279624435],[120.51631750218623,22.58072507598719],[120.50732429854898,22.58072507598719]]]}},{"type":"Feature","properties":{"jobs":49,"pop":307,"pointCount":5,"homeWorkCommuteMedian":5457,"workHomeCommuteMedian":4079},"geometry":{"type":"Polygon","coordinates":[[[120.50732429854898,22.589718279624435],[120.50732429854898,22.59871148326168],[120.51631750218623,22.59871148326168],[120.51631750218623,22.589718279624435],[120.50732429854898,22.589718279624435]]]}},{"type":"Feature","properties":{"jobs":142,"pop":363,"pointCount":6,"homeWorkCommuteMedian":6776,"workHomeCommuteMedian":8768},"geometry":{"type":"Polygon","coordinates":[[[120.50732429854898,22.59871148326168],[120.50732429854898,22.607704686898927],[120.51631750218623,22.607704686898927],[120.51631750218623,22.59871148326168],[120.50732429854898,22.59871148326168]]]}},{"type":"Feature","properties":{"jobs":54,"pop":0,"pointCount":1,"homeWorkCommuteMedian":-1,"workHomeCommuteMedian":4556},"geometry":{"type":"Polygon","coordinates":[[[120.50732429854898,22.607704686898927],[120.50732429854898,22.616697890536173],[120.51631750218623,22.616697890536173],[120.51631750218623,22.607704686898927],[120.50732429854898,22.607704686898927]]]}},{"type":"Feature","properties":{"jobs":0,"pop":40,"pointCount":1,"homeWorkCommuteMedian":17197,"workHomeCommuteMedian":-1},"geometry":{"type":"Polygon","coordinates":[[[120.50732429854898,22.616697890536173],[120.50732429854898,22.62569109417342],[120.51631750218623,22.62569109417342],[120.51631750218623,22.616697890536173],[120.50732429854898,22.616697890536173]]]}},{"type":"Feature","properties":{"jobs":32,"pop":233,"pointCount":5,"homeWorkCommuteMedian":18147,"workHomeCommuteMedian":41550},"geometry":{"type":"Polygon","coordinates":[[[120.50732429854898,22.62569109417342],[120.50732429854898,22.634684297810665],[120.51631750218623,22.634684297810665],[120.51631750218623,22.62569109417342],[120.50732429854898,22.62569109417342]]]}},{"type":"Feature","properties":{"jobs":0,"pop":20,"pointCount":1,"homeWorkCommuteMedian":18966,"workHomeCommuteMedian":-1},"geometry":{"type":"Polygon","coordinates":[[[120.50732429854898,22.634684297810665],[120.50732429854898,22.64367750144791],[120.51631750218623,22.64367750144791],[120.51631750218623,22.634684297810665],[120.50732429854898,22.634684297810665]]]}},{"type":"Feature","properties":{"jobs":45,"pop":71,"pointCount":2,"homeWorkCommuteMedian":5444,"workHomeCommuteMedian":7175},"geometry":{"type":"Polygon","coordinates":[[[120.50732429854898,22.64367750144791],[120.50732429854898,22.652670705085157],[120.51631750218623,22.652670705085157],[120.51631750218623,22.64367750144791],[120.50732429854898,22.64367750144791]]]}},{"type":"Feature","properties":{"jobs":3445,"pop":1783,"pointCount":7,"homeWorkCommuteMedian":9090,"workHomeCommuteMedian":10058},"geometry":{"type":"Polygon","coordinates":[[[120.50732429854898,22.652670705085157],[120.50732429854898,22.661663908722403],[120.51631750218623,22.661663908722403],[120.51631750218623,22.652670705085157],[120.50732429854898,22.652670705085157]]]}},{"type":"Feature","properties":{"jobs":2846,"pop":2228,"pointCount":8,"homeWorkCommuteMedian":9952,"workHomeCommuteMedian":10048},"geometry":{"type":"Polygon","coordinates":[[[120.50732429854898,22.661663908722403],[120.50732429854898,22.67065711235965],[120.51631750218623,22.67065711235965],[120.51631750218623,22.661663908722403],[120.50732429854898,22.661663908722403]]]}},{"type":"Feature","properties":{"jobs":1349,"pop":2114,"pointCount":8,"homeWorkCommuteMedian":6646,"workHomeCommuteMedian":14792},"geometry":{"type":"Polygon","coordinates":[[[120.50732429854898,22.67065711235965],[120.50732429854898,22.679650315996895],[120.51631750218623,22.679650315996895],[120.51631750218623,22.67065711235965],[120.50732429854898,22.67065711235965]]]}},{"type":"Feature","properties":{"jobs":1373,"pop":3534,"pointCount":12,"homeWorkCommuteMedian":6444,"workHomeCommuteMedian":7006},"geometry":{"type":"Polygon","coordinates":[[[120.50732429854898,22.679650315996895],[120.50732429854898,22.68864351963414],[120.51631750218623,22.68864351963414],[120.51631750218623,22.679650315996895],[120.50732429854898,22.679650315996895]]]}},{"type":"Feature","properties":{"jobs":250,"pop":1517,"pointCount":7,"homeWorkCommuteMedian":7292,"workHomeCommuteMedian":3361},"geometry":{"type":"Polygon","coordinates":[[[120.50732429854898,22.697636723271387],[120.50732429854898,22.706629926908633],[120.51631750218623,22.706629926908633],[120.51631750218623,22.697636723271387],[120.50732429854898,22.697636723271387]]]}},{"type":"Feature","properties":{"jobs":151,"pop":0,"pointCount":1,"homeWorkCommuteMedian":-1,"workHomeCommuteMedian":13697},"geometry":{"type":"Polygon","coordinates":[[[120.50732429854898,22.706629926908633],[120.50732429854898,22.71562313054588],[120.51631750218623,22.71562313054588],[120.51631750218623,22.706629926908633],[120.50732429854898,22.706629926908633]]]}},{"type":"Feature","properties":{"jobs":0,"pop":251,"pointCount":2,"homeWorkCommuteMedian":27806,"workHomeCommuteMedian":-1},"geometry":{"type":"Polygon","coordinates":[[[120.50732429854898,22.71562313054588],[120.50732429854898,22.724616334183125],[120.51631750218623,22.724616334183125],[120.51631750218623,22.71562313054588],[120.50732429854898,22.71562313054588]]]}},{"type":"Feature","properties":{"jobs":64,"pop":61,"pointCount":3,"homeWorkCommuteMedian":34994,"workHomeCommuteMedian":29671},"geometry":{"type":"Polygon","coordinates":[[[120.50732429854898,22.724616334183125],[120.50732429854898,22.73360953782037],[120.51631750218623,22.73360953782037],[120.51631750218623,22.724616334183125],[120.50732429854898,22.724616334183125]]]}},{"type":"Feature","properties":{"jobs":241,"pop":107,"pointCount":4,"homeWorkCommuteMedian":36563,"workHomeCommuteMedian":6262},"geometry":{"type":"Polygon","coordinates":[[[120.50732429854898,22.73360953782037],[120.50732429854898,22.742602741457617],[120.51631750218623,22.742602741457617],[120.51631750218623,22.73360953782037],[120.50732429854898,22.73360953782037]]]}},{"type":"Feature","properties":{"jobs":0,"pop":192,"pointCount":2,"homeWorkCommuteMedian":12687,"workHomeCommuteMedian":-1},"geometry":{"type":"Polygon","coordinates":[[[120.50732429854898,22.751595945094863],[120.50732429854898,22.76058914873211],[120.51631750218623,22.76058914873211],[120.51631750218623,22.751595945094863],[120.50732429854898,22.751595945094863]]]}},{"type":"Feature","properties":{"jobs":0,"pop":136,"pointCount":2,"homeWorkCommuteMedian":25988,"workHomeCommuteMedian":-1},"geometry":{"type":"Polygon","coordinates":[[[120.50732429854898,22.76058914873211],[120.50732429854898,22.769582352369355],[120.51631750218623,22.769582352369355],[120.51631750218623,22.76058914873211],[120.50732429854898,22.76058914873211]]]}},{"type":"Feature","properties":{"jobs":100,"pop":592,"pointCount":6,"homeWorkCommuteMedian":19196,"workHomeCommuteMedian":6582},"geometry":{"type":"Polygon","coordinates":[[[120.50732429854898,22.769582352369355],[120.50732429854898,22.7785755560066],[120.51631750218623,22.7785755560066],[120.51631750218623,22.769582352369355],[120.50732429854898,22.769582352369355]]]}},{"type":"Feature","properties":{"jobs":0,"pop":140,"pointCount":2,"homeWorkCommuteMedian":24603,"workHomeCommuteMedian":-1},"geometry":{"type":"Polygon","coordinates":[[[120.50732429854898,22.7785755560066],[120.50732429854898,22.787568759643847],[120.51631750218623,22.787568759643847],[120.51631750218623,22.7785755560066],[120.50732429854898,22.7785755560066]]]}},{"type":"Feature","properties":{"jobs":34,"pop":146,"pointCount":2,"homeWorkCommuteMedian":22247,"workHomeCommuteMedian":4408},"geometry":{"type":"Polygon","coordinates":[[[120.50732429854898,22.787568759643847],[120.50732429854898,22.796561963281093],[120.51631750218623,22.796561963281093],[120.51631750218623,22.787568759643847],[120.50732429854898,22.787568759643847]]]}},{"type":"Feature","properties":{"jobs":48,"pop":37,"pointCount":2,"homeWorkCommuteMedian":4350,"workHomeCommuteMedian":6882},"geometry":{"type":"Polygon","coordinates":[[[120.50732429854898,22.796561963281093],[120.50732429854898,22.80555516691834],[120.51631750218623,22.80555516691834],[120.51631750218623,22.796561963281093],[120.50732429854898,22.796561963281093]]]}},{"type":"Feature","properties":{"jobs":120,"pop":160,"pointCount":4,"homeWorkCommuteMedian":7577,"workHomeCommuteMedian":9483},"geometry":{"type":"Polygon","coordinates":[[[120.50732429854898,22.80555516691834],[120.50732429854898,22.814548370555585],[120.51631750218623,22.814548370555585],[120.51631750218623,22.80555516691834],[120.50732429854898,22.80555516691834]]]}},{"type":"Feature","properties":{"jobs":0,"pop":380,"pointCount":3,"homeWorkCommuteMedian":6003,"workHomeCommuteMedian":-1},"geometry":{"type":"Polygon","coordinates":[[[120.50732429854898,22.814548370555585],[120.50732429854898,22.82354157419283],[120.51631750218623,22.82354157419283],[120.51631750218623,22.814548370555585],[120.50732429854898,22.814548370555585]]]}},{"type":"Feature","properties":{"jobs":0,"pop":80,"pointCount":1,"homeWorkCommuteMedian":35140,"workHomeCommuteMedian":-1},"geometry":{"type":"Polygon","coordinates":[[[120.50732429854898,22.85052118510457],[120.50732429854898,22.859514388741815],[120.51631750218623,22.859514388741815],[120.51631750218623,22.85052118510457],[120.50732429854898,22.85052118510457]]]}},{"type":"Feature","properties":{"jobs":0,"pop":146,"pointCount":2,"homeWorkCommuteMedian":31876,"workHomeCommuteMedian":-1},"geometry":{"type":"Polygon","coordinates":[[[120.50732429854898,22.859514388741815],[120.50732429854898,22.86850759237906],[120.51631750218623,22.86850759237906],[120.51631750218623,22.859514388741815],[120.50732429854898,22.859514388741815]]]}},{"type":"Feature","properties":{"jobs":30,"pop":23,"pointCount":1,"homeWorkCommuteMedian":8728,"workHomeCommuteMedian":5214},"geometry":{"type":"Polygon","coordinates":[[[120.50732429854898,22.86850759237906],[120.50732429854898,22.877500796016307],[120.51631750218623,22.877500796016307],[120.51631750218623,22.86850759237906],[120.50732429854898,22.86850759237906]]]}},{"type":"Feature","properties":{"jobs":0,"pop":78,"pointCount":3,"homeWorkCommuteMedian":28925,"workHomeCommuteMedian":-1},"geometry":{"type":"Polygon","coordinates":[[[120.50732429854898,22.877500796016307],[120.50732429854898,22.886493999653553],[120.51631750218623,22.886493999653553],[120.51631750218623,22.877500796016307],[120.50732429854898,22.877500796016307]]]}},{"type":"Feature","properties":{"jobs":173,"pop":161,"pointCount":5,"homeWorkCommuteMedian":8286,"workHomeCommuteMedian":7132},"geometry":{"type":"Polygon","coordinates":[[[120.50732429854898,22.886493999653553],[120.50732429854898,22.8954872032908],[120.51631750218623,22.8954872032908],[120.51631750218623,22.886493999653553],[120.50732429854898,22.886493999653553]]]}},{"type":"Feature","properties":{"jobs":77,"pop":105,"pointCount":3,"homeWorkCommuteMedian":35238,"workHomeCommuteMedian":8499},"geometry":{"type":"Polygon","coordinates":[[[120.50732429854898,22.8954872032908],[120.50732429854898,22.904480406928045],[120.51631750218623,22.904480406928045],[120.51631750218623,22.8954872032908],[120.50732429854898,22.8954872032908]]]}},{"type":"Feature","properties":{"jobs":0,"pop":159,"pointCount":2,"homeWorkCommuteMedian":35553,"workHomeCommuteMedian":-1},"geometry":{"type":"Polygon","coordinates":[[[120.50732429854898,22.922466814202537],[120.50732429854898,22.931460017839782],[120.51631750218623,22.931460017839782],[120.51631750218623,22.922466814202537],[120.50732429854898,22.922466814202537]]]}},{"type":"Feature","properties":{"jobs":0,"pop":107,"pointCount":3,"homeWorkCommuteMedian":37341,"workHomeCommuteMedian":-1},"geometry":{"type":"Polygon","coordinates":[[[120.50732429854898,22.931460017839782],[120.50732429854898,22.94045322147703],[120.51631750218623,22.94045322147703],[120.51631750218623,22.931460017839782],[120.50732429854898,22.931460017839782]]]}},{"type":"Feature","properties":{"jobs":0,"pop":142,"pointCount":2,"homeWorkCommuteMedian":9900,"workHomeCommuteMedian":-1},"geometry":{"type":"Polygon","coordinates":[[[120.50732429854898,22.94045322147703],[120.50732429854898,22.949446425114274],[120.51631750218623,22.949446425114274],[120.51631750218623,22.94045322147703],[120.50732429854898,22.94045322147703]]]}},{"type":"Feature","properties":{"jobs":30,"pop":149,"pointCount":3,"homeWorkCommuteMedian":45541,"workHomeCommuteMedian":3968},"geometry":{"type":"Polygon","coordinates":[[[120.50732429854898,22.949446425114274],[120.50732429854898,22.95843962875152],[120.51631750218623,22.95843962875152],[120.51631750218623,22.949446425114274],[120.50732429854898,22.949446425114274]]]}},{"type":"Feature","properties":{"jobs":0,"pop":93,"pointCount":2,"homeWorkCommuteMedian":49723,"workHomeCommuteMedian":-1},"geometry":{"type":"Polygon","coordinates":[[[120.50732429854898,22.95843962875152],[120.50732429854898,22.967432832388766],[120.51631750218623,22.967432832388766],[120.51631750218623,22.95843962875152],[120.50732429854898,22.95843962875152]]]}},{"type":"Feature","properties":{"jobs":533,"pop":0,"pointCount":1,"homeWorkCommuteMedian":-1,"workHomeCommuteMedian":20938},"geometry":{"type":"Polygon","coordinates":[[[120.50732429854898,22.967432832388766],[120.50732429854898,22.976426036026012],[120.51631750218623,22.976426036026012],[120.51631750218623,22.967432832388766],[120.50732429854898,22.967432832388766]]]}},{"type":"Feature","properties":{"jobs":19,"pop":0,"pointCount":1,"homeWorkCommuteMedian":-1,"workHomeCommuteMedian":16636},"geometry":{"type":"Polygon","coordinates":[[[120.50732429854898,22.976426036026012],[120.50732429854898,22.98541923966326],[120.51631750218623,22.98541923966326],[120.51631750218623,22.976426036026012],[120.50732429854898,22.976426036026012]]]}},{"type":"Feature","properties":{"jobs":23,"pop":64,"pointCount":2,"homeWorkCommuteMedian":48121,"workHomeCommuteMedian":16671},"geometry":{"type":"Polygon","coordinates":[[[120.50732429854898,23.00340564693775],[120.50732429854898,23.012398850574996],[120.51631750218623,23.012398850574996],[120.51631750218623,23.00340564693775],[120.50732429854898,23.00340564693775]]]}},{"type":"Feature","properties":{"jobs":0,"pop":215,"pointCount":1,"homeWorkCommuteMedian":55784,"workHomeCommuteMedian":-1},"geometry":{"type":"Polygon","coordinates":[[[120.51631750218623,22.40086100324227],[120.51631750218623,22.409854206879515],[120.52531070582347,22.409854206879515],[120.52531070582347,22.40086100324227],[120.51631750218623,22.40086100324227]]]}},{"type":"Feature","properties":{"jobs":114,"pop":1289,"pointCount":5,"homeWorkCommuteMedian":31046,"workHomeCommuteMedian":5915},"geometry":{"type":"Polygon","coordinates":[[[120.51631750218623,22.409854206879515],[120.51631750218623,22.41884741051676],[120.52531070582347,22.41884741051676],[120.52531070582347,22.409854206879515],[120.51631750218623,22.409854206879515]]]}},{"type":"Feature","properties":{"jobs":31,"pop":325,"pointCount":4,"homeWorkCommuteMedian":8498,"workHomeCommuteMedian":4140},"geometry":{"type":"Polygon","coordinates":[[[120.51631750218623,22.41884741051676],[120.51631750218623,22.427840614154007],[120.52531070582347,22.427840614154007],[120.52531070582347,22.41884741051676],[120.51631750218623,22.41884741051676]]]}},{"type":"Feature","properties":{"jobs":663,"pop":1777,"pointCount":8,"homeWorkCommuteMedian":27352,"workHomeCommuteMedian":2099},"geometry":{"type":"Polygon","coordinates":[[[120.51631750218623,22.427840614154007],[120.51631750218623,22.436833817791253],[120.52531070582347,22.436833817791253],[120.52531070582347,22.427840614154007],[120.51631750218623,22.427840614154007]]]}},{"type":"Feature","properties":{"jobs":191,"pop":1111,"pointCount":5,"homeWorkCommuteMedian":37080,"workHomeCommuteMedian":747},"geometry":{"type":"Polygon","coordinates":[[[120.51631750218623,22.436833817791253],[120.51631750218623,22.4458270214285],[120.52531070582347,22.4458270214285],[120.52531070582347,22.436833817791253],[120.51631750218623,22.436833817791253]]]}},{"type":"Feature","properties":{"jobs":67,"pop":220,"pointCount":5,"homeWorkCommuteMedian":32674,"workHomeCommuteMedian":723},"geometry":{"type":"Polygon","coordinates":[[[120.51631750218623,22.4458270214285],[120.51631750218623,22.454820225065745],[120.52531070582347,22.454820225065745],[120.52531070582347,22.4458270214285],[120.51631750218623,22.4458270214285]]]}},{"type":"Feature","properties":{"jobs":0,"pop":56,"pointCount":1,"homeWorkCommuteMedian":62381,"workHomeCommuteMedian":-1},"geometry":{"type":"Polygon","coordinates":[[[120.51631750218623,22.454820225065745],[120.51631750218623,22.46381342870299],[120.52531070582347,22.46381342870299],[120.52531070582347,22.454820225065745],[120.51631750218623,22.454820225065745]]]}},{"type":"Feature","properties":{"jobs":26,"pop":174,"pointCount":4,"homeWorkCommuteMedian":26324,"workHomeCommuteMedian":3224},"geometry":{"type":"Polygon","coordinates":[[[120.51631750218623,22.46381342870299],[120.51631750218623,22.472806632340237],[120.52531070582347,22.472806632340237],[120.52531070582347,22.46381342870299],[120.51631750218623,22.46381342870299]]]}},{"type":"Feature","properties":{"jobs":0,"pop":404,"pointCount":4,"homeWorkCommuteMedian":46788,"workHomeCommuteMedian":-1},"geometry":{"type":"Polygon","coordinates":[[[120.51631750218623,22.472806632340237],[120.51631750218623,22.481799835977483],[120.52531070582347,22.481799835977483],[120.52531070582347,22.472806632340237],[120.51631750218623,22.472806632340237]]]}},{"type":"Feature","properties":{"jobs":79,"pop":202,"pointCount":5,"homeWorkCommuteMedian":9596,"workHomeCommuteMedian":4417},"geometry":{"type":"Polygon","coordinates":[[[120.51631750218623,22.481799835977483],[120.51631750218623,22.49079303961473],[120.52531070582347,22.49079303961473],[120.52531070582347,22.481799835977483],[120.51631750218623,22.481799835977483]]]}},{"type":"Feature","properties":{"jobs":74,"pop":48,"pointCount":3,"homeWorkCommuteMedian":2961,"workHomeCommuteMedian":35828},"geometry":{"type":"Polygon","coordinates":[[[120.51631750218623,22.49079303961473],[120.51631750218623,22.499786243251975],[120.52531070582347,22.499786243251975],[120.52531070582347,22.49079303961473],[120.51631750218623,22.49079303961473]]]}},{"type":"Feature","properties":{"jobs":0,"pop":55,"pointCount":1,"homeWorkCommuteMedian":45345,"workHomeCommuteMedian":-1},"geometry":{"type":"Polygon","coordinates":[[[120.51631750218623,22.499786243251975],[120.51631750218623,22.50877944688922],[120.52531070582347,22.50877944688922],[120.52531070582347,22.499786243251975],[120.51631750218623,22.499786243251975]]]}},{"type":"Feature","properties":{"jobs":200,"pop":186,"pointCount":3,"homeWorkCommuteMedian":2761,"workHomeCommuteMedian":1401},"geometry":{"type":"Polygon","coordinates":[[[120.51631750218623,22.50877944688922],[120.51631750218623,22.517772650526467],[120.52531070582347,22.517772650526467],[120.52531070582347,22.50877944688922],[120.51631750218623,22.50877944688922]]]}},{"type":"Feature","properties":{"jobs":826,"pop":0,"pointCount":1,"homeWorkCommuteMedian":-1,"workHomeCommuteMedian":4742},"geometry":{"type":"Polygon","coordinates":[[[120.51631750218623,22.517772650526467],[120.51631750218623,22.526765854163713],[120.52531070582347,22.526765854163713],[120.52531070582347,22.517772650526467],[120.51631750218623,22.517772650526467]]]}},{"type":"Feature","properties":{"jobs":56,"pop":87,"pointCount":3,"homeWorkCommuteMedian":10774,"workHomeCommuteMedian":2648},"geometry":{"type":"Polygon","coordinates":[[[120.51631750218623,22.53575905780096],[120.51631750218623,22.544752261438205],[120.52531070582347,22.544752261438205],[120.52531070582347,22.53575905780096],[120.51631750218623,22.53575905780096]]]}},{"type":"Feature","properties":{"jobs":43,"pop":45,"pointCount":2,"homeWorkCommuteMedian":3720,"workHomeCommuteMedian":22773},"geometry":{"type":"Polygon","coordinates":[[[120.51631750218623,22.544752261438205],[120.51631750218623,22.55374546507545],[120.52531070582347,22.55374546507545],[120.52531070582347,22.544752261438205],[120.51631750218623,22.544752261438205]]]}},{"type":"Feature","properties":{"jobs":121,"pop":38,"pointCount":2,"homeWorkCommuteMedian":12354,"workHomeCommuteMedian":6361},"geometry":{"type":"Polygon","coordinates":[[[120.51631750218623,22.55374546507545],[120.51631750218623,22.562738668712697],[120.52531070582347,22.562738668712697],[120.52531070582347,22.55374546507545],[120.51631750218623,22.55374546507545]]]}},{"type":"Feature","properties":{"jobs":95,"pop":256,"pointCount":4,"homeWorkCommuteMedian":18602,"workHomeCommuteMedian":37005},"geometry":{"type":"Polygon","coordinates":[[[120.51631750218623,22.562738668712697],[120.51631750218623,22.571731872349943],[120.52531070582347,22.571731872349943],[120.52531070582347,22.562738668712697],[120.51631750218623,22.562738668712697]]]}},{"type":"Feature","properties":{"jobs":271,"pop":416,"pointCount":8,"homeWorkCommuteMedian":13508,"workHomeCommuteMedian":19441},"geometry":{"type":"Polygon","coordinates":[[[120.51631750218623,22.571731872349943],[120.51631750218623,22.58072507598719],[120.52531070582347,22.58072507598719],[120.52531070582347,22.571731872349943],[120.51631750218623,22.571731872349943]]]}},{"type":"Feature","properties":{"jobs":103,"pop":324,"pointCount":3,"homeWorkCommuteMedian":13178,"workHomeCommuteMedian":2034},"geometry":{"type":"Polygon","coordinates":[[[120.51631750218623,22.58072507598719],[120.51631750218623,22.589718279624435],[120.52531070582347,22.589718279624435],[120.52531070582347,22.58072507598719],[120.51631750218623,22.58072507598719]]]}},{"type":"Feature","properties":{"jobs":358,"pop":41,"pointCount":4,"homeWorkCommuteMedian":40717,"workHomeCommuteMedian":6814},"geometry":{"type":"Polygon","coordinates":[[[120.51631750218623,22.589718279624435],[120.51631750218623,22.59871148326168],[120.52531070582347,22.59871148326168],[120.52531070582347,22.589718279624435],[120.51631750218623,22.589718279624435]]]}},{"type":"Feature","properties":{"jobs":21,"pop":211,"pointCount":4,"homeWorkCommuteMedian":10150,"workHomeCommuteMedian":5703},"geometry":{"type":"Polygon","coordinates":[[[120.51631750218623,22.59871148326168],[120.51631750218623,22.607704686898927],[120.52531070582347,22.607704686898927],[120.52531070582347,22.59871148326168],[120.51631750218623,22.59871148326168]]]}},{"type":"Feature","properties":{"jobs":235,"pop":410,"pointCount":5,"homeWorkCommuteMedian":10021,"workHomeCommuteMedian":5296},"geometry":{"type":"Polygon","coordinates":[[[120.51631750218623,22.607704686898927],[120.51631750218623,22.616697890536173],[120.52531070582347,22.616697890536173],[120.52531070582347,22.607704686898927],[120.51631750218623,22.607704686898927]]]}},{"type":"Feature","properties":{"jobs":80,"pop":896,"pointCount":6,"homeWorkCommuteMedian":15133,"workHomeCommuteMedian":4123},"geometry":{"type":"Polygon","coordinates":[[[120.51631750218623,22.616697890536173],[120.51631750218623,22.62569109417342],[120.52531070582347,22.62569109417342],[120.52531070582347,22.616697890536173],[120.51631750218623,22.616697890536173]]]}},{"type":"Feature","properties":{"jobs":27,"pop":84,"pointCount":3,"homeWorkCommuteMedian":43945,"workHomeCommuteMedian":2648},"geometry":{"type":"Polygon","coordinates":[[[120.51631750218623,22.62569109417342],[120.51631750218623,22.634684297810665],[120.52531070582347,22.634684297810665],[120.52531070582347,22.62569109417342],[120.51631750218623,22.62569109417342]]]}},{"type":"Feature","properties":{"jobs":46,"pop":952,"pointCount":10,"homeWorkCommuteMedian":14937,"workHomeCommuteMedian":33540},"geometry":{"type":"Polygon","coordinates":[[[120.51631750218623,22.634684297810665],[120.51631750218623,22.64367750144791],[120.52531070582347,22.64367750144791],[120.52531070582347,22.634684297810665],[120.51631750218623,22.634684297810665]]]}},{"type":"Feature","properties":{"jobs":207,"pop":1096,"pointCount":5,"homeWorkCommuteMedian":7171,"workHomeCommuteMedian":28411},"geometry":{"type":"Polygon","coordinates":[[[120.51631750218623,22.64367750144791],[120.51631750218623,22.652670705085157],[120.52531070582347,22.652670705085157],[120.52531070582347,22.64367750144791],[120.51631750218623,22.64367750144791]]]}},{"type":"Feature","properties":{"jobs":1158,"pop":320,"pointCount":7,"homeWorkCommuteMedian":4203,"workHomeCommuteMedian":8018},"geometry":{"type":"Polygon","coordinates":[[[120.51631750218623,22.652670705085157],[120.51631750218623,22.661663908722403],[120.52531070582347,22.661663908722403],[120.52531070582347,22.652670705085157],[120.51631750218623,22.652670705085157]]]}},{"type":"Feature","properties":{"jobs":463,"pop":358,"pointCount":5,"homeWorkCommuteMedian":8450,"workHomeCommuteMedian":6008},"geometry":{"type":"Polygon","coordinates":[[[120.51631750218623,22.661663908722403],[120.51631750218623,22.67065711235965],[120.52531070582347,22.67065711235965],[120.52531070582347,22.661663908722403],[120.51631750218623,22.661663908722403]]]}},{"type":"Feature","properties":{"jobs":323,"pop":2101,"pointCount":8,"homeWorkCommuteMedian":7337,"workHomeCommuteMedian":5072},"geometry":{"type":"Polygon","coordinates":[[[120.51631750218623,22.67065711235965],[120.51631750218623,22.679650315996895],[120.52531070582347,22.679650315996895],[120.52531070582347,22.67065711235965],[120.51631750218623,22.67065711235965]]]}},{"type":"Feature","properties":{"jobs":675,"pop":450,"pointCount":4,"homeWorkCommuteMedian":22590,"workHomeCommuteMedian":19701},"geometry":{"type":"Polygon","coordinates":[[[120.51631750218623,22.679650315996895],[120.51631750218623,22.68864351963414],[120.52531070582347,22.68864351963414],[120.52531070582347,22.679650315996895],[120.51631750218623,22.679650315996895]]]}},{"type":"Feature","properties":{"jobs":57,"pop":124,"pointCount":3,"homeWorkCommuteMedian":6367,"workHomeCommuteMedian":10644},"geometry":{"type":"Polygon","coordinates":[[[120.51631750218623,22.68864351963414],[120.51631750218623,22.697636723271387],[120.52531070582347,22.697636723271387],[120.52531070582347,22.68864351963414],[120.51631750218623,22.68864351963414]]]}},{"type":"Feature","properties":{"jobs":1417,"pop":317,"pointCount":4,"homeWorkCommuteMedian":11290,"workHomeCommuteMedian":9558},"geometry":{"type":"Polygon","coordinates":[[[120.51631750218623,22.697636723271387],[120.51631750218623,22.706629926908633],[120.52531070582347,22.706629926908633],[120.52531070582347,22.697636723271387],[120.51631750218623,22.697636723271387]]]}},{"type":"Feature","properties":{"jobs":1120,"pop":93,"pointCount":2,"homeWorkCommuteMedian":5037,"workHomeCommuteMedian":7024},"geometry":{"type":"Polygon","coordinates":[[[120.51631750218623,22.706629926908633],[120.51631750218623,22.71562313054588],[120.52531070582347,22.71562313054588],[120.52531070582347,22.706629926908633],[120.51631750218623,22.706629926908633]]]}},{"type":"Feature","properties":{"jobs":66,"pop":311,"pointCount":3,"homeWorkCommuteMedian":10686,"workHomeCommuteMedian":7605},"geometry":{"type":"Polygon","coordinates":[[[120.51631750218623,22.71562313054588],[120.51631750218623,22.724616334183125],[120.52531070582347,22.724616334183125],[120.52531070582347,22.71562313054588],[120.51631750218623,22.71562313054588]]]}},{"type":"Feature","properties":{"jobs":263,"pop":20,"pointCount":4,"homeWorkCommuteMedian":34174,"workHomeCommuteMedian":6526},"geometry":{"type":"Polygon","coordinates":[[[120.51631750218623,22.724616334183125],[120.51631750218623,22.73360953782037],[120.52531070582347,22.73360953782037],[120.52531070582347,22.724616334183125],[120.51631750218623,22.724616334183125]]]}},{"type":"Feature","properties":{"jobs":182,"pop":592,"pointCount":5,"homeWorkCommuteMedian":22942,"workHomeCommuteMedian":4845},"geometry":{"type":"Polygon","coordinates":[[[120.51631750218623,22.73360953782037],[120.51631750218623,22.742602741457617],[120.52531070582347,22.742602741457617],[120.52531070582347,22.73360953782037],[120.51631750218623,22.73360953782037]]]}},{"type":"Feature","properties":{"jobs":39,"pop":32,"pointCount":2,"homeWorkCommuteMedian":4152,"workHomeCommuteMedian":1320},"geometry":{"type":"Polygon","coordinates":[[[120.51631750218623,22.742602741457617],[120.51631750218623,22.751595945094863],[120.52531070582347,22.751595945094863],[120.52531070582347,22.742602741457617],[120.51631750218623,22.742602741457617]]]}},{"type":"Feature","properties":{"jobs":36,"pop":213,"pointCount":3,"homeWorkCommuteMedian":27359,"workHomeCommuteMedian":5901},"geometry":{"type":"Polygon","coordinates":[[[120.51631750218623,22.751595945094863],[120.51631750218623,22.76058914873211],[120.52531070582347,22.76058914873211],[120.52531070582347,22.751595945094863],[120.51631750218623,22.751595945094863]]]}},{"type":"Feature","properties":{"jobs":127,"pop":159,"pointCount":3,"homeWorkCommuteMedian":1677,"workHomeCommuteMedian":4047},"geometry":{"type":"Polygon","coordinates":[[[120.51631750218623,22.769582352369355],[120.51631750218623,22.7785755560066],[120.52531070582347,22.7785755560066],[120.52531070582347,22.769582352369355],[120.51631750218623,22.769582352369355]]]}},{"type":"Feature","properties":{"jobs":58,"pop":0,"pointCount":1,"homeWorkCommuteMedian":-1,"workHomeCommuteMedian":2782},"geometry":{"type":"Polygon","coordinates":[[[120.51631750218623,22.80555516691834],[120.51631750218623,22.814548370555585],[120.52531070582347,22.814548370555585],[120.52531070582347,22.80555516691834],[120.51631750218623,22.80555516691834]]]}},{"type":"Feature","properties":{"jobs":0,"pop":65,"pointCount":1,"homeWorkCommuteMedian":24747,"workHomeCommuteMedian":-1},"geometry":{"type":"Polygon","coordinates":[[[120.51631750218623,22.82354157419283],[120.51631750218623,22.832534777830077],[120.52531070582347,22.832534777830077],[120.52531070582347,22.82354157419283],[120.51631750218623,22.82354157419283]]]}},{"type":"Feature","properties":{"jobs":0,"pop":143,"pointCount":3,"homeWorkCommuteMedian":36613,"workHomeCommuteMedian":-1},"geometry":{"type":"Polygon","coordinates":[[[120.51631750218623,22.832534777830077],[120.51631750218623,22.841527981467323],[120.52531070582347,22.841527981467323],[120.52531070582347,22.832534777830077],[120.51631750218623,22.832534777830077]]]}},{"type":"Feature","properties":{"jobs":0,"pop":120,"pointCount":1,"homeWorkCommuteMedian":41272,"workHomeCommuteMedian":-1},"geometry":{"type":"Polygon","coordinates":[[[120.51631750218623,22.841527981467323],[120.51631750218623,22.85052118510457],[120.52531070582347,22.85052118510457],[120.52531070582347,22.841527981467323],[120.51631750218623,22.841527981467323]]]}},{"type":"Feature","properties":{"jobs":126,"pop":258,"pointCount":8,"homeWorkCommuteMedian":34055,"workHomeCommuteMedian":6296},"geometry":{"type":"Polygon","coordinates":[[[120.51631750218623,22.85052118510457],[120.51631750218623,22.859514388741815],[120.52531070582347,22.859514388741815],[120.52531070582347,22.85052118510457],[120.51631750218623,22.85052118510457]]]}},{"type":"Feature","properties":{"jobs":25,"pop":124,"pointCount":4,"homeWorkCommuteMedian":29519,"workHomeCommuteMedian":8320},"geometry":{"type":"Polygon","coordinates":[[[120.51631750218623,22.859514388741815],[120.51631750218623,22.86850759237906],[120.52531070582347,22.86850759237906],[120.52531070582347,22.859514388741815],[120.51631750218623,22.859514388741815]]]}},{"type":"Feature","properties":{"jobs":0,"pop":233,"pointCount":3,"homeWorkCommuteMedian":4496,"workHomeCommuteMedian":-1},"geometry":{"type":"Polygon","coordinates":[[[120.51631750218623,22.86850759237906],[120.51631750218623,22.877500796016307],[120.52531070582347,22.877500796016307],[120.52531070582347,22.86850759237906],[120.51631750218623,22.86850759237906]]]}},{"type":"Feature","properties":{"jobs":102,"pop":326,"pointCount":2,"homeWorkCommuteMedian":33087,"workHomeCommuteMedian":6480},"geometry":{"type":"Polygon","coordinates":[[[120.51631750218623,22.877500796016307],[120.51631750218623,22.886493999653553],[120.52531070582347,22.886493999653553],[120.52531070582347,22.877500796016307],[120.51631750218623,22.877500796016307]]]}},{"type":"Feature","properties":{"jobs":89,"pop":368,"pointCount":6,"homeWorkCommuteMedian":42152,"workHomeCommuteMedian":6167},"geometry":{"type":"Polygon","coordinates":[[[120.51631750218623,22.886493999653553],[120.51631750218623,22.8954872032908],[120.52531070582347,22.8954872032908],[120.52531070582347,22.886493999653553],[120.51631750218623,22.886493999653553]]]}},{"type":"Feature","properties":{"jobs":0,"pop":229,"pointCount":4,"homeWorkCommuteMedian":6383,"workHomeCommuteMedian":-1},"geometry":{"type":"Polygon","coordinates":[[[120.51631750218623,22.8954872032908],[120.51631750218623,22.904480406928045],[120.52531070582347,22.904480406928045],[120.52531070582347,22.8954872032908],[120.51631750218623,22.8954872032908]]]}},{"type":"Feature","properties":{"jobs":66,"pop":32,"pointCount":2,"homeWorkCommuteMedian":40353,"workHomeCommuteMedian":4232},"geometry":{"type":"Polygon","coordinates":[[[120.51631750218623,22.904480406928045],[120.51631750218623,22.91347361056529],[120.52531070582347,22.91347361056529],[120.52531070582347,22.904480406928045],[120.51631750218623,22.904480406928045]]]}},{"type":"Feature","properties":{"jobs":0,"pop":28,"pointCount":1,"homeWorkCommuteMedian":3308,"workHomeCommuteMedian":-1},"geometry":{"type":"Polygon","coordinates":[[[120.51631750218623,22.94045322147703],[120.51631750218623,22.949446425114274],[120.52531070582347,22.949446425114274],[120.52531070582347,22.94045322147703],[120.51631750218623,22.94045322147703]]]}},{"type":"Feature","properties":{"jobs":0,"pop":46,"pointCount":1,"homeWorkCommuteMedian":12906,"workHomeCommuteMedian":-1},"geometry":{"type":"Polygon","coordinates":[[[120.51631750218623,22.949446425114274],[120.51631750218623,22.95843962875152],[120.52531070582347,22.95843962875152],[120.52531070582347,22.949446425114274],[120.51631750218623,22.949446425114274]]]}},{"type":"Feature","properties":{"jobs":26,"pop":185,"pointCount":3,"homeWorkCommuteMedian":45746,"workHomeCommuteMedian":58811},"geometry":{"type":"Polygon","coordinates":[[[120.51631750218623,22.95843962875152],[120.51631750218623,22.967432832388766],[120.52531070582347,22.967432832388766],[120.52531070582347,22.95843962875152],[120.51631750218623,22.95843962875152]]]}},{"type":"Feature","properties":{"jobs":0,"pop":75,"pointCount":2,"homeWorkCommuteMedian":53344,"workHomeCommuteMedian":-1},"geometry":{"type":"Polygon","coordinates":[[[120.51631750218623,22.967432832388766],[120.51631750218623,22.976426036026012],[120.52531070582347,22.976426036026012],[120.52531070582347,22.967432832388766],[120.51631750218623,22.967432832388766]]]}},{"type":"Feature","properties":{"jobs":0,"pop":99,"pointCount":2,"homeWorkCommuteMedian":59199,"workHomeCommuteMedian":-1},"geometry":{"type":"Polygon","coordinates":[[[120.51631750218623,23.012398850574996],[120.51631750218623,23.021392054212242],[120.52531070582347,23.021392054212242],[120.52531070582347,23.012398850574996],[120.51631750218623,23.012398850574996]]]}},{"type":"Feature","properties":{"jobs":0,"pop":67,"pointCount":1,"homeWorkCommuteMedian":69662,"workHomeCommuteMedian":-1},"geometry":{"type":"Polygon","coordinates":[[[120.51631750218623,23.021392054212242],[120.51631750218623,23.03038525784949],[120.52531070582347,23.03038525784949],[120.52531070582347,23.021392054212242],[120.51631750218623,23.021392054212242]]]}},{"type":"Feature","properties":{"jobs":64,"pop":42,"pointCount":2,"homeWorkCommuteMedian":4306,"workHomeCommuteMedian":624},"geometry":{"type":"Polygon","coordinates":[[[120.52531070582347,22.40086100324227],[120.52531070582347,22.409854206879515],[120.53430390946072,22.409854206879515],[120.53430390946072,22.40086100324227],[120.52531070582347,22.40086100324227]]]}},{"type":"Feature","properties":{"jobs":0,"pop":68,"pointCount":2,"homeWorkCommuteMedian":51923,"workHomeCommuteMedian":-1},"geometry":{"type":"Polygon","coordinates":[[[120.52531070582347,22.409854206879515],[120.52531070582347,22.41884741051676],[120.53430390946072,22.41884741051676],[120.53430390946072,22.409854206879515],[120.52531070582347,22.409854206879515]]]}},{"type":"Feature","properties":{"jobs":110,"pop":177,"pointCount":3,"homeWorkCommuteMedian":27072,"workHomeCommuteMedian":1461},"geometry":{"type":"Polygon","coordinates":[[[120.52531070582347,22.41884741051676],[120.52531070582347,22.427840614154007],[120.53430390946072,22.427840614154007],[120.53430390946072,22.41884741051676],[120.52531070582347,22.41884741051676]]]}},{"type":"Feature","properties":{"jobs":71,"pop":267,"pointCount":5,"homeWorkCommuteMedian":9854,"workHomeCommuteMedian":5553},"geometry":{"type":"Polygon","coordinates":[[[120.52531070582347,22.427840614154007],[120.52531070582347,22.436833817791253],[120.53430390946072,22.436833817791253],[120.53430390946072,22.427840614154007],[120.52531070582347,22.427840614154007]]]}},{"type":"Feature","properties":{"jobs":50,"pop":0,"pointCount":2,"homeWorkCommuteMedian":-1,"workHomeCommuteMedian":8455},"geometry":{"type":"Polygon","coordinates":[[[120.52531070582347,22.436833817791253],[120.52531070582347,22.4458270214285],[120.53430390946072,22.4458270214285],[120.53430390946072,22.436833817791253],[120.52531070582347,22.436833817791253]]]}},{"type":"Feature","properties":{"jobs":36,"pop":649,"pointCount":8,"homeWorkCommuteMedian":37789,"workHomeCommuteMedian":3623},"geometry":{"type":"Polygon","coordinates":[[[120.52531070582347,22.454820225065745],[120.52531070582347,22.46381342870299],[120.53430390946072,22.46381342870299],[120.53430390946072,22.454820225065745],[120.52531070582347,22.454820225065745]]]}},{"type":"Feature","properties":{"jobs":20,"pop":78,"pointCount":2,"homeWorkCommuteMedian":21833,"workHomeCommuteMedian":1077},"geometry":{"type":"Polygon","coordinates":[[[120.52531070582347,22.46381342870299],[120.52531070582347,22.472806632340237],[120.53430390946072,22.472806632340237],[120.53430390946072,22.46381342870299],[120.52531070582347,22.46381342870299]]]}},{"type":"Feature","properties":{"jobs":51,"pop":117,"pointCount":3,"homeWorkCommuteMedian":40484,"workHomeCommuteMedian":3857},"geometry":{"type":"Polygon","coordinates":[[[120.52531070582347,22.472806632340237],[120.52531070582347,22.481799835977483],[120.53430390946072,22.481799835977483],[120.53430390946072,22.472806632340237],[120.52531070582347,22.472806632340237]]]}},{"type":"Feature","properties":{"jobs":32,"pop":261,"pointCount":5,"homeWorkCommuteMedian":30764,"workHomeCommuteMedian":3951},"geometry":{"type":"Polygon","coordinates":[[[120.52531070582347,22.481799835977483],[120.52531070582347,22.49079303961473],[120.53430390946072,22.49079303961473],[120.53430390946072,22.481799835977483],[120.52531070582347,22.481799835977483]]]}},{"type":"Feature","properties":{"jobs":21,"pop":99,"pointCount":2,"homeWorkCommuteMedian":11807,"workHomeCommuteMedian":5244},"geometry":{"type":"Polygon","coordinates":[[[120.52531070582347,22.499786243251975],[120.52531070582347,22.50877944688922],[120.53430390946072,22.50877944688922],[120.53430390946072,22.499786243251975],[120.52531070582347,22.499786243251975]]]}},{"type":"Feature","properties":{"jobs":113,"pop":490,"pointCount":9,"homeWorkCommuteMedian":22862,"workHomeCommuteMedian":9176},"geometry":{"type":"Polygon","coordinates":[[[120.52531070582347,22.50877944688922],[120.52531070582347,22.517772650526467],[120.53430390946072,22.517772650526467],[120.53430390946072,22.50877944688922],[120.52531070582347,22.50877944688922]]]}},{"type":"Feature","properties":{"jobs":602,"pop":28,"pointCount":3,"homeWorkCommuteMedian":41202,"workHomeCommuteMedian":5943},"geometry":{"type":"Polygon","coordinates":[[[120.52531070582347,22.517772650526467],[120.52531070582347,22.526765854163713],[120.53430390946072,22.526765854163713],[120.53430390946072,22.517772650526467],[120.52531070582347,22.517772650526467]]]}},{"type":"Feature","properties":{"jobs":292,"pop":379,"pointCount":3,"homeWorkCommuteMedian":26886,"workHomeCommuteMedian":37634},"geometry":{"type":"Polygon","coordinates":[[[120.52531070582347,22.526765854163713],[120.52531070582347,22.53575905780096],[120.53430390946072,22.53575905780096],[120.53430390946072,22.526765854163713],[120.52531070582347,22.526765854163713]]]}},{"type":"Feature","properties":{"jobs":1409,"pop":2046,"pointCount":12,"homeWorkCommuteMedian":17130,"workHomeCommuteMedian":8720},"geometry":{"type":"Polygon","coordinates":[[[120.52531070582347,22.53575905780096],[120.52531070582347,22.544752261438205],[120.53430390946072,22.544752261438205],[120.53430390946072,22.53575905780096],[120.52531070582347,22.53575905780096]]]}},{"type":"Feature","properties":{"jobs":73,"pop":1483,"pointCount":7,"homeWorkCommuteMedian":13478,"workHomeCommuteMedian":9089},"geometry":{"type":"Polygon","coordinates":[[[120.52531070582347,22.544752261438205],[120.52531070582347,22.55374546507545],[120.53430390946072,22.55374546507545],[120.53430390946072,22.544752261438205],[120.52531070582347,22.544752261438205]]]}},{"type":"Feature","properties":{"jobs":602,"pop":585,"pointCount":6,"homeWorkCommuteMedian":22386,"workHomeCommuteMedian":6475},"geometry":{"type":"Polygon","coordinates":[[[120.52531070582347,22.55374546507545],[120.52531070582347,22.562738668712697],[120.53430390946072,22.562738668712697],[120.53430390946072,22.55374546507545],[120.52531070582347,22.55374546507545]]]}},{"type":"Feature","properties":{"jobs":53,"pop":364,"pointCount":2,"homeWorkCommuteMedian":7785,"workHomeCommuteMedian":2983},"geometry":{"type":"Polygon","coordinates":[[[120.52531070582347,22.562738668712697],[120.52531070582347,22.571731872349943],[120.53430390946072,22.571731872349943],[120.53430390946072,22.562738668712697],[120.52531070582347,22.562738668712697]]]}},{"type":"Feature","properties":{"jobs":115,"pop":27,"pointCount":2,"homeWorkCommuteMedian":7666,"workHomeCommuteMedian":25007},"geometry":{"type":"Polygon","coordinates":[[[120.52531070582347,22.571731872349943],[120.52531070582347,22.58072507598719],[120.53430390946072,22.58072507598719],[120.53430390946072,22.571731872349943],[120.52531070582347,22.571731872349943]]]}},{"type":"Feature","properties":{"jobs":0,"pop":292,"pointCount":4,"homeWorkCommuteMedian":10525,"workHomeCommuteMedian":-1},"geometry":{"type":"Polygon","coordinates":[[[120.52531070582347,22.58072507598719],[120.52531070582347,22.589718279624435],[120.53430390946072,22.589718279624435],[120.53430390946072,22.58072507598719],[120.52531070582347,22.58072507598719]]]}},{"type":"Feature","properties":{"jobs":0,"pop":364,"pointCount":3,"homeWorkCommuteMedian":14223,"workHomeCommuteMedian":-1},"geometry":{"type":"Polygon","coordinates":[[[120.52531070582347,22.589718279624435],[120.52531070582347,22.59871148326168],[120.53430390946072,22.59871148326168],[120.53430390946072,22.589718279624435],[120.52531070582347,22.589718279624435]]]}},{"type":"Feature","properties":{"jobs":154,"pop":253,"pointCount":5,"homeWorkCommuteMedian":12515,"workHomeCommuteMedian":23757},"geometry":{"type":"Polygon","coordinates":[[[120.52531070582347,22.59871148326168],[120.52531070582347,22.607704686898927],[120.53430390946072,22.607704686898927],[120.53430390946072,22.59871148326168],[120.52531070582347,22.59871148326168]]]}},{"type":"Feature","properties":{"jobs":50,"pop":242,"pointCount":4,"homeWorkCommuteMedian":8413,"workHomeCommuteMedian":7885},"geometry":{"type":"Polygon","coordinates":[[[120.52531070582347,22.607704686898927],[120.52531070582347,22.616697890536173],[120.53430390946072,22.616697890536173],[120.53430390946072,22.607704686898927],[120.52531070582347,22.607704686898927]]]}},{"type":"Feature","properties":{"jobs":143,"pop":111,"pointCount":5,"homeWorkCommuteMedian":2094,"workHomeCommuteMedian":5674},"geometry":{"type":"Polygon","coordinates":[[[120.52531070582347,22.616697890536173],[120.52531070582347,22.62569109417342],[120.53430390946072,22.62569109417342],[120.53430390946072,22.616697890536173],[120.52531070582347,22.616697890536173]]]}},{"type":"Feature","properties":{"jobs":1267,"pop":362,"pointCount":7,"homeWorkCommuteMedian":33849,"workHomeCommuteMedian":9098},"geometry":{"type":"Polygon","coordinates":[[[120.52531070582347,22.62569109417342],[120.52531070582347,22.634684297810665],[120.53430390946072,22.634684297810665],[120.53430390946072,22.62569109417342],[120.52531070582347,22.62569109417342]]]}},{"type":"Feature","properties":{"jobs":148,"pop":150,"pointCount":3,"homeWorkCommuteMedian":4515,"workHomeCommuteMedian":6604},"geometry":{"type":"Polygon","coordinates":[[[120.52531070582347,22.634684297810665],[120.52531070582347,22.64367750144791],[120.53430390946072,22.64367750144791],[120.53430390946072,22.634684297810665],[120.52531070582347,22.634684297810665]]]}},{"type":"Feature","properties":{"jobs":295,"pop":601,"pointCount":5,"homeWorkCommuteMedian":32263,"workHomeCommuteMedian":20179},"geometry":{"type":"Polygon","coordinates":[[[120.52531070582347,22.64367750144791],[120.52531070582347,22.652670705085157],[120.53430390946072,22.652670705085157],[120.53430390946072,22.64367750144791],[120.52531070582347,22.64367750144791]]]}},{"type":"Feature","properties":{"jobs":124,"pop":1001,"pointCount":8,"homeWorkCommuteMedian":25343,"workHomeCommuteMedian":16866},"geometry":{"type":"Polygon","coordinates":[[[120.52531070582347,22.652670705085157],[120.52531070582347,22.661663908722403],[120.53430390946072,22.661663908722403],[120.53430390946072,22.652670705085157],[120.52531070582347,22.652670705085157]]]}},{"type":"Feature","properties":{"jobs":32,"pop":27,"pointCount":2,"homeWorkCommuteMedian":25359,"workHomeCommuteMedian":11515},"geometry":{"type":"Polygon","coordinates":[[[120.52531070582347,22.661663908722403],[120.52531070582347,22.67065711235965],[120.53430390946072,22.67065711235965],[120.53430390946072,22.661663908722403],[120.52531070582347,22.661663908722403]]]}},{"type":"Feature","properties":{"jobs":301,"pop":1430,"pointCount":5,"homeWorkCommuteMedian":5647,"workHomeCommuteMedian":6960},"geometry":{"type":"Polygon","coordinates":[[[120.52531070582347,22.67065711235965],[120.52531070582347,22.679650315996895],[120.53430390946072,22.679650315996895],[120.53430390946072,22.67065711235965],[120.52531070582347,22.67065711235965]]]}},{"type":"Feature","properties":{"jobs":74,"pop":446,"pointCount":4,"homeWorkCommuteMedian":25582,"workHomeCommuteMedian":33505},"geometry":{"type":"Polygon","coordinates":[[[120.52531070582347,22.679650315996895],[120.52531070582347,22.68864351963414],[120.53430390946072,22.68864351963414],[120.53430390946072,22.679650315996895],[120.52531070582347,22.679650315996895]]]}},{"type":"Feature","properties":{"jobs":218,"pop":388,"pointCount":7,"homeWorkCommuteMedian":10235,"workHomeCommuteMedian":15467},"geometry":{"type":"Polygon","coordinates":[[[120.52531070582347,22.68864351963414],[120.52531070582347,22.697636723271387],[120.53430390946072,22.697636723271387],[120.53430390946072,22.68864351963414],[120.52531070582347,22.68864351963414]]]}},{"type":"Feature","properties":{"jobs":0,"pop":76,"pointCount":1,"homeWorkCommuteMedian":33199,"workHomeCommuteMedian":-1},"geometry":{"type":"Polygon","coordinates":[[[120.52531070582347,22.697636723271387],[120.52531070582347,22.706629926908633],[120.53430390946072,22.706629926908633],[120.53430390946072,22.697636723271387],[120.52531070582347,22.697636723271387]]]}},{"type":"Feature","properties":{"jobs":727,"pop":0,"pointCount":2,"homeWorkCommuteMedian":-1,"workHomeCommuteMedian":9910},"geometry":{"type":"Polygon","coordinates":[[[120.52531070582347,22.706629926908633],[120.52531070582347,22.71562313054588],[120.53430390946072,22.71562313054588],[120.53430390946072,22.706629926908633],[120.52531070582347,22.706629926908633]]]}},{"type":"Feature","properties":{"jobs":1140,"pop":380,"pointCount":6,"homeWorkCommuteMedian":7519,"workHomeCommuteMedian":6458},"geometry":{"type":"Polygon","coordinates":[[[120.52531070582347,22.71562313054588],[120.52531070582347,22.724616334183125],[120.53430390946072,22.724616334183125],[120.53430390946072,22.71562313054588],[120.52531070582347,22.71562313054588]]]}},{"type":"Feature","properties":{"jobs":60,"pop":384,"pointCount":3,"homeWorkCommuteMedian":12130,"workHomeCommuteMedian":23000},"geometry":{"type":"Polygon","coordinates":[[[120.52531070582347,22.73360953782037],[120.52531070582347,22.742602741457617],[120.53430390946072,22.742602741457617],[120.53430390946072,22.73360953782037],[120.52531070582347,22.73360953782037]]]}},{"type":"Feature","properties":{"jobs":130,"pop":39,"pointCount":1,"homeWorkCommuteMedian":39314,"workHomeCommuteMedian":6901},"geometry":{"type":"Polygon","coordinates":[[[120.52531070582347,22.751595945094863],[120.52531070582347,22.76058914873211],[120.53430390946072,22.76058914873211],[120.53430390946072,22.751595945094863],[120.52531070582347,22.751595945094863]]]}},{"type":"Feature","properties":{"jobs":0,"pop":34,"pointCount":1,"homeWorkCommuteMedian":41508,"workHomeCommuteMedian":-1},"geometry":{"type":"Polygon","coordinates":[[[120.52531070582347,22.76058914873211],[120.52531070582347,22.769582352369355],[120.53430390946072,22.769582352369355],[120.53430390946072,22.76058914873211],[120.52531070582347,22.76058914873211]]]}},{"type":"Feature","properties":{"jobs":481,"pop":27,"pointCount":4,"homeWorkCommuteMedian":39634,"workHomeCommuteMedian":4442},"geometry":{"type":"Polygon","coordinates":[[[120.52531070582347,22.769582352369355],[120.52531070582347,22.7785755560066],[120.53430390946072,22.7785755560066],[120.53430390946072,22.769582352369355],[120.52531070582347,22.769582352369355]]]}},{"type":"Feature","properties":{"jobs":88,"pop":1116,"pointCount":9,"homeWorkCommuteMedian":9483,"workHomeCommuteMedian":6449},"geometry":{"type":"Polygon","coordinates":[[[120.52531070582347,22.7785755560066],[120.52531070582347,22.787568759643847],[120.53430390946072,22.787568759643847],[120.53430390946072,22.7785755560066],[120.52531070582347,22.7785755560066]]]}},{"type":"Feature","properties":{"jobs":70,"pop":135,"pointCount":3,"homeWorkCommuteMedian":35430,"workHomeCommuteMedian":9137},"geometry":{"type":"Polygon","coordinates":[[[120.52531070582347,22.814548370555585],[120.52531070582347,22.82354157419283],[120.53430390946072,22.82354157419283],[120.53430390946072,22.814548370555585],[120.52531070582347,22.814548370555585]]]}},{"type":"Feature","properties":{"jobs":233,"pop":59,"pointCount":4,"homeWorkCommuteMedian":34820,"workHomeCommuteMedian":10922},"geometry":{"type":"Polygon","coordinates":[[[120.52531070582347,22.82354157419283],[120.52531070582347,22.832534777830077],[120.53430390946072,22.832534777830077],[120.53430390946072,22.82354157419283],[120.52531070582347,22.82354157419283]]]}},{"type":"Feature","properties":{"jobs":54,"pop":234,"pointCount":4,"homeWorkCommuteMedian":38157,"workHomeCommuteMedian":8018},"geometry":{"type":"Polygon","coordinates":[[[120.52531070582347,22.832534777830077],[120.52531070582347,22.841527981467323],[120.53430390946072,22.841527981467323],[120.53430390946072,22.832534777830077],[120.52531070582347,22.832534777830077]]]}},{"type":"Feature","properties":{"jobs":0,"pop":206,"pointCount":4,"homeWorkCommuteMedian":42865,"workHomeCommuteMedian":-1},"geometry":{"type":"Polygon","coordinates":[[[120.52531070582347,22.841527981467323],[120.52531070582347,22.85052118510457],[120.53430390946072,22.85052118510457],[120.53430390946072,22.841527981467323],[120.52531070582347,22.841527981467323]]]}},{"type":"Feature","properties":{"jobs":0,"pop":252,"pointCount":4,"homeWorkCommuteMedian":6922,"workHomeCommuteMedian":-1},"geometry":{"type":"Polygon","coordinates":[[[120.52531070582347,22.85052118510457],[120.52531070582347,22.859514388741815],[120.53430390946072,22.859514388741815],[120.53430390946072,22.85052118510457],[120.52531070582347,22.85052118510457]]]}},{"type":"Feature","properties":{"jobs":22,"pop":128,"pointCount":3,"homeWorkCommuteMedian":39513,"workHomeCommuteMedian":5334},"geometry":{"type":"Polygon","coordinates":[[[120.52531070582347,22.859514388741815],[120.52531070582347,22.86850759237906],[120.53430390946072,22.86850759237906],[120.53430390946072,22.859514388741815],[120.52531070582347,22.859514388741815]]]}},{"type":"Feature","properties":{"jobs":0,"pop":358,"pointCount":5,"homeWorkCommuteMedian":37608,"workHomeCommuteMedian":-1},"geometry":{"type":"Polygon","coordinates":[[[120.52531070582347,22.86850759237906],[120.52531070582347,22.877500796016307],[120.53430390946072,22.877500796016307],[120.53430390946072,22.86850759237906],[120.52531070582347,22.86850759237906]]]}},{"type":"Feature","properties":{"jobs":223,"pop":450,"pointCount":7,"homeWorkCommuteMedian":34090,"workHomeCommuteMedian":3255},"geometry":{"type":"Polygon","coordinates":[[[120.52531070582347,22.877500796016307],[120.52531070582347,22.886493999653553],[120.53430390946072,22.886493999653553],[120.53430390946072,22.877500796016307],[120.52531070582347,22.877500796016307]]]}},{"type":"Feature","properties":{"jobs":110,"pop":299,"pointCount":3,"homeWorkCommuteMedian":32790,"workHomeCommuteMedian":5955},"geometry":{"type":"Polygon","coordinates":[[[120.52531070582347,22.886493999653553],[120.52531070582347,22.8954872032908],[120.53430390946072,22.8954872032908],[120.53430390946072,22.886493999653553],[120.52531070582347,22.886493999653553]]]}},{"type":"Feature","properties":{"jobs":62,"pop":214,"pointCount":4,"homeWorkCommuteMedian":44739,"workHomeCommuteMedian":6922},"geometry":{"type":"Polygon","coordinates":[[[120.52531070582347,22.8954872032908],[120.52531070582347,22.904480406928045],[120.53430390946072,22.904480406928045],[120.53430390946072,22.8954872032908],[120.52531070582347,22.8954872032908]]]}},{"type":"Feature","properties":{"jobs":0,"pop":141,"pointCount":2,"homeWorkCommuteMedian":31788,"workHomeCommuteMedian":-1},"geometry":{"type":"Polygon","coordinates":[[[120.52531070582347,22.904480406928045],[120.52531070582347,22.91347361056529],[120.53430390946072,22.91347361056529],[120.53430390946072,22.904480406928045],[120.52531070582347,22.904480406928045]]]}},{"type":"Feature","properties":{"jobs":0,"pop":27,"pointCount":1,"homeWorkCommuteMedian":57533,"workHomeCommuteMedian":-1},"geometry":{"type":"Polygon","coordinates":[[[120.52531070582347,22.931460017839782],[120.52531070582347,22.94045322147703],[120.53430390946072,22.94045322147703],[120.53430390946072,22.931460017839782],[120.52531070582347,22.931460017839782]]]}},{"type":"Feature","properties":{"jobs":45,"pop":396,"pointCount":5,"homeWorkCommuteMedian":45638,"workHomeCommuteMedian":43111},"geometry":{"type":"Polygon","coordinates":[[[120.52531070582347,22.94045322147703],[120.52531070582347,22.949446425114274],[120.53430390946072,22.949446425114274],[120.53430390946072,22.94045322147703],[120.52531070582347,22.94045322147703]]]}},{"type":"Feature","properties":{"jobs":54,"pop":89,"pointCount":3,"homeWorkCommuteMedian":56026,"workHomeCommuteMedian":4427},"geometry":{"type":"Polygon","coordinates":[[[120.52531070582347,22.949446425114274],[120.52531070582347,22.95843962875152],[120.53430390946072,22.95843962875152],[120.53430390946072,22.949446425114274],[120.52531070582347,22.949446425114274]]]}},{"type":"Feature","properties":{"jobs":103,"pop":199,"pointCount":7,"homeWorkCommuteMedian":52402,"workHomeCommuteMedian":14185},"geometry":{"type":"Polygon","coordinates":[[[120.52531070582347,22.95843962875152],[120.52531070582347,22.967432832388766],[120.53430390946072,22.967432832388766],[120.53430390946072,22.95843962875152],[120.52531070582347,22.95843962875152]]]}},{"type":"Feature","properties":{"jobs":0,"pop":241,"pointCount":1,"homeWorkCommuteMedian":33556,"workHomeCommuteMedian":-1},"geometry":{"type":"Polygon","coordinates":[[[120.52531070582347,22.967432832388766],[120.52531070582347,22.976426036026012],[120.53430390946072,22.976426036026012],[120.53430390946072,22.967432832388766],[120.52531070582347,22.967432832388766]]]}},{"type":"Feature","properties":{"jobs":0,"pop":24,"pointCount":1,"homeWorkCommuteMedian":59309,"workHomeCommuteMedian":-1},"geometry":{"type":"Polygon","coordinates":[[[120.52531070582347,23.012398850574996],[120.52531070582347,23.021392054212242],[120.53430390946072,23.021392054212242],[120.53430390946072,23.012398850574996],[120.52531070582347,23.012398850574996]]]}},{"type":"Feature","properties":{"jobs":36,"pop":253,"pointCount":4,"homeWorkCommuteMedian":43792,"workHomeCommuteMedian":24094},"geometry":{"type":"Polygon","coordinates":[[[120.53430390946072,22.40086100324227],[120.53430390946072,22.409854206879515],[120.54329711309796,22.409854206879515],[120.54329711309796,22.40086100324227],[120.53430390946072,22.40086100324227]]]}},{"type":"Feature","properties":{"jobs":70,"pop":47,"pointCount":3,"homeWorkCommuteMedian":3774,"workHomeCommuteMedian":46109},"geometry":{"type":"Polygon","coordinates":[[[120.53430390946072,22.409854206879515],[120.53430390946072,22.41884741051676],[120.54329711309796,22.41884741051676],[120.54329711309796,22.409854206879515],[120.53430390946072,22.409854206879515]]]}},{"type":"Feature","properties":{"jobs":46,"pop":37,"pointCount":2,"homeWorkCommuteMedian":39679,"workHomeCommuteMedian":3734},"geometry":{"type":"Polygon","coordinates":[[[120.53430390946072,22.41884741051676],[120.53430390946072,22.427840614154007],[120.54329711309796,22.427840614154007],[120.54329711309796,22.41884741051676],[120.53430390946072,22.41884741051676]]]}},{"type":"Feature","properties":{"jobs":23,"pop":155,"pointCount":2,"homeWorkCommuteMedian":5912,"workHomeCommuteMedian":51681},"geometry":{"type":"Polygon","coordinates":[[[120.53430390946072,22.427840614154007],[120.53430390946072,22.436833817791253],[120.54329711309796,22.436833817791253],[120.54329711309796,22.427840614154007],[120.53430390946072,22.427840614154007]]]}},{"type":"Feature","properties":{"jobs":0,"pop":25,"pointCount":1,"homeWorkCommuteMedian":45951,"workHomeCommuteMedian":-1},"geometry":{"type":"Polygon","coordinates":[[[120.53430390946072,22.436833817791253],[120.53430390946072,22.4458270214285],[120.54329711309796,22.4458270214285],[120.54329711309796,22.436833817791253],[120.53430390946072,22.436833817791253]]]}},{"type":"Feature","properties":{"jobs":0,"pop":587,"pointCount":8,"homeWorkCommuteMedian":28785,"workHomeCommuteMedian":-1},"geometry":{"type":"Polygon","coordinates":[[[120.53430390946072,22.4458270214285],[120.53430390946072,22.454820225065745],[120.54329711309796,22.454820225065745],[120.54329711309796,22.4458270214285],[120.53430390946072,22.4458270214285]]]}},{"type":"Feature","properties":{"jobs":23,"pop":39,"pointCount":2,"homeWorkCommuteMedian":11096,"workHomeCommuteMedian":3039},"geometry":{"type":"Polygon","coordinates":[[[120.53430390946072,22.454820225065745],[120.53430390946072,22.46381342870299],[120.54329711309796,22.46381342870299],[120.54329711309796,22.454820225065745],[120.53430390946072,22.454820225065745]]]}},{"type":"Feature","properties":{"jobs":0,"pop":53,"pointCount":1,"homeWorkCommuteMedian":33504,"workHomeCommuteMedian":-1},"geometry":{"type":"Polygon","coordinates":[[[120.53430390946072,22.46381342870299],[120.53430390946072,22.472806632340237],[120.54329711309796,22.472806632340237],[120.54329711309796,22.46381342870299],[120.53430390946072,22.46381342870299]]]}},{"type":"Feature","properties":{"jobs":0,"pop":32,"pointCount":1,"homeWorkCommuteMedian":6135,"workHomeCommuteMedian":-1},"geometry":{"type":"Polygon","coordinates":[[[120.53430390946072,22.472806632340237],[120.53430390946072,22.481799835977483],[120.54329711309796,22.481799835977483],[120.54329711309796,22.472806632340237],[120.53430390946072,22.472806632340237]]]}},{"type":"Feature","properties":{"jobs":219,"pop":161,"pointCount":5,"homeWorkCommuteMedian":39700,"workHomeCommuteMedian":4017},"geometry":{"type":"Polygon","coordinates":[[[120.53430390946072,22.481799835977483],[120.53430390946072,22.49079303961473],[120.54329711309796,22.49079303961473],[120.54329711309796,22.481799835977483],[120.53430390946072,22.481799835977483]]]}},{"type":"Feature","properties":{"jobs":0,"pop":45,"pointCount":1,"homeWorkCommuteMedian":25116,"workHomeCommuteMedian":-1},"geometry":{"type":"Polygon","coordinates":[[[120.53430390946072,22.49079303961473],[120.53430390946072,22.499786243251975],[120.54329711309796,22.499786243251975],[120.54329711309796,22.49079303961473],[120.53430390946072,22.49079303961473]]]}},{"type":"Feature","properties":{"jobs":0,"pop":197,"pointCount":1,"homeWorkCommuteMedian":5554,"workHomeCommuteMedian":-1},"geometry":{"type":"Polygon","coordinates":[[[120.53430390946072,22.499786243251975],[120.53430390946072,22.50877944688922],[120.54329711309796,22.50877944688922],[120.54329711309796,22.499786243251975],[120.53430390946072,22.499786243251975]]]}},{"type":"Feature","properties":{"jobs":199,"pop":89,"pointCount":5,"homeWorkCommuteMedian":5174,"workHomeCommuteMedian":9460},"geometry":{"type":"Polygon","coordinates":[[[120.53430390946072,22.50877944688922],[120.53430390946072,22.517772650526467],[120.54329711309796,22.517772650526467],[120.54329711309796,22.50877944688922],[120.53430390946072,22.50877944688922]]]}},{"type":"Feature","properties":{"jobs":0,"pop":39,"pointCount":1,"homeWorkCommuteMedian":4584,"workHomeCommuteMedian":-1},"geometry":{"type":"Polygon","coordinates":[[[120.53430390946072,22.517772650526467],[120.53430390946072,22.526765854163713],[120.54329711309796,22.526765854163713],[120.54329711309796,22.517772650526467],[120.53430390946072,22.517772650526467]]]}},{"type":"Feature","properties":{"jobs":1143,"pop":204,"pointCount":7,"homeWorkCommuteMedian":27114,"workHomeCommuteMedian":4566},"geometry":{"type":"Polygon","coordinates":[[[120.53430390946072,22.526765854163713],[120.53430390946072,22.53575905780096],[120.54329711309796,22.53575905780096],[120.54329711309796,22.526765854163713],[120.53430390946072,22.526765854163713]]]}},{"type":"Feature","properties":{"jobs":2493,"pop":2652,"pointCount":12,"homeWorkCommuteMedian":15178,"workHomeCommuteMedian":6436},"geometry":{"type":"Polygon","coordinates":[[[120.53430390946072,22.53575905780096],[120.53430390946072,22.544752261438205],[120.54329711309796,22.544752261438205],[120.54329711309796,22.53575905780096],[120.53430390946072,22.53575905780096]]]}},{"type":"Feature","properties":{"jobs":6787,"pop":2949,"pointCount":12,"homeWorkCommuteMedian":7487,"workHomeCommuteMedian":4544},"geometry":{"type":"Polygon","coordinates":[[[120.53430390946072,22.544752261438205],[120.53430390946072,22.55374546507545],[120.54329711309796,22.55374546507545],[120.54329711309796,22.544752261438205],[120.53430390946072,22.544752261438205]]]}},{"type":"Feature","properties":{"jobs":2795,"pop":3559,"pointCount":10,"homeWorkCommuteMedian":13202,"workHomeCommuteMedian":3920},"geometry":{"type":"Polygon","coordinates":[[[120.53430390946072,22.55374546507545],[120.53430390946072,22.562738668712697],[120.54329711309796,22.562738668712697],[120.54329711309796,22.55374546507545],[120.53430390946072,22.55374546507545]]]}},{"type":"Feature","properties":{"jobs":398,"pop":161,"pointCount":4,"homeWorkCommuteMedian":9098,"workHomeCommuteMedian":12321},"geometry":{"type":"Polygon","coordinates":[[[120.53430390946072,22.562738668712697],[120.53430390946072,22.571731872349943],[120.54329711309796,22.571731872349943],[120.54329711309796,22.562738668712697],[120.53430390946072,22.562738668712697]]]}},{"type":"Feature","properties":{"jobs":72,"pop":466,"pointCount":9,"homeWorkCommuteMedian":21028,"workHomeCommuteMedian":40049},"geometry":{"type":"Polygon","coordinates":[[[120.53430390946072,22.571731872349943],[120.53430390946072,22.58072507598719],[120.54329711309796,22.58072507598719],[120.54329711309796,22.571731872349943],[120.53430390946072,22.571731872349943]]]}},{"type":"Feature","properties":{"jobs":235,"pop":393,"pointCount":8,"homeWorkCommuteMedian":28625,"workHomeCommuteMedian":7992},"geometry":{"type":"Polygon","coordinates":[[[120.53430390946072,22.58072507598719],[120.53430390946072,22.589718279624435],[120.54329711309796,22.589718279624435],[120.54329711309796,22.58072507598719],[120.53430390946072,22.58072507598719]]]}},{"type":"Feature","properties":{"jobs":0,"pop":398,"pointCount":3,"homeWorkCommuteMedian":17216,"workHomeCommuteMedian":-1},"geometry":{"type":"Polygon","coordinates":[[[120.53430390946072,22.589718279624435],[120.53430390946072,22.59871148326168],[120.54329711309796,22.59871148326168],[120.54329711309796,22.589718279624435],[120.53430390946072,22.589718279624435]]]}},{"type":"Feature","properties":{"jobs":0,"pop":151,"pointCount":3,"homeWorkCommuteMedian":12601,"workHomeCommuteMedian":-1},"geometry":{"type":"Polygon","coordinates":[[[120.53430390946072,22.59871148326168],[120.53430390946072,22.607704686898927],[120.54329711309796,22.607704686898927],[120.54329711309796,22.59871148326168],[120.53430390946072,22.59871148326168]]]}},{"type":"Feature","properties":{"jobs":0,"pop":419,"pointCount":4,"homeWorkCommuteMedian":16041,"workHomeCommuteMedian":-1},"geometry":{"type":"Polygon","coordinates":[[[120.53430390946072,22.607704686898927],[120.53430390946072,22.616697890536173],[120.54329711309796,22.616697890536173],[120.54329711309796,22.607704686898927],[120.53430390946072,22.607704686898927]]]}},{"type":"Feature","properties":{"jobs":30,"pop":389,"pointCount":6,"homeWorkCommuteMedian":8452,"workHomeCommuteMedian":6821},"geometry":{"type":"Polygon","coordinates":[[[120.53430390946072,22.616697890536173],[120.53430390946072,22.62569109417342],[120.54329711309796,22.62569109417342],[120.54329711309796,22.616697890536173],[120.53430390946072,22.616697890536173]]]}},{"type":"Feature","properties":{"jobs":351,"pop":670,"pointCount":10,"homeWorkCommuteMedian":8799,"workHomeCommuteMedian":6680},"geometry":{"type":"Polygon","coordinates":[[[120.53430390946072,22.62569109417342],[120.53430390946072,22.634684297810665],[120.54329711309796,22.634684297810665],[120.54329711309796,22.62569109417342],[120.53430390946072,22.62569109417342]]]}},{"type":"Feature","properties":{"jobs":483,"pop":0,"pointCount":3,"homeWorkCommuteMedian":-1,"workHomeCommuteMedian":4150},"geometry":{"type":"Polygon","coordinates":[[[120.53430390946072,22.634684297810665],[120.53430390946072,22.64367750144791],[120.54329711309796,22.64367750144791],[120.54329711309796,22.634684297810665],[120.53430390946072,22.634684297810665]]]}},{"type":"Feature","properties":{"jobs":241,"pop":156,"pointCount":5,"homeWorkCommuteMedian":6113,"workHomeCommuteMedian":22247},"geometry":{"type":"Polygon","coordinates":[[[120.53430390946072,22.64367750144791],[120.53430390946072,22.652670705085157],[120.54329711309796,22.652670705085157],[120.54329711309796,22.64367750144791],[120.53430390946072,22.64367750144791]]]}},{"type":"Feature","properties":{"jobs":70,"pop":200,"pointCount":5,"homeWorkCommuteMedian":29794,"workHomeCommuteMedian":7215},"geometry":{"type":"Polygon","coordinates":[[[120.53430390946072,22.652670705085157],[120.53430390946072,22.661663908722403],[120.54329711309796,22.661663908722403],[120.54329711309796,22.652670705085157],[120.53430390946072,22.652670705085157]]]}},{"type":"Feature","properties":{"jobs":171,"pop":106,"pointCount":4,"homeWorkCommuteMedian":26342,"workHomeCommuteMedian":27020},"geometry":{"type":"Polygon","coordinates":[[[120.53430390946072,22.661663908722403],[120.53430390946072,22.67065711235965],[120.54329711309796,22.67065711235965],[120.54329711309796,22.661663908722403],[120.53430390946072,22.661663908722403]]]}},{"type":"Feature","properties":{"jobs":48,"pop":261,"pointCount":6,"homeWorkCommuteMedian":7356,"workHomeCommuteMedian":20550},"geometry":{"type":"Polygon","coordinates":[[[120.53430390946072,22.67065711235965],[120.53430390946072,22.679650315996895],[120.54329711309796,22.679650315996895],[120.54329711309796,22.67065711235965],[120.53430390946072,22.67065711235965]]]}},{"type":"Feature","properties":{"jobs":0,"pop":609,"pointCount":6,"homeWorkCommuteMedian":5999,"workHomeCommuteMedian":-1},"geometry":{"type":"Polygon","coordinates":[[[120.53430390946072,22.679650315996895],[120.53430390946072,22.68864351963414],[120.54329711309796,22.68864351963414],[120.54329711309796,22.679650315996895],[120.53430390946072,22.679650315996895]]]}},{"type":"Feature","properties":{"jobs":478,"pop":804,"pointCount":4,"homeWorkCommuteMedian":7659,"workHomeCommuteMedian":5466},"geometry":{"type":"Polygon","coordinates":[[[120.53430390946072,22.68864351963414],[120.53430390946072,22.697636723271387],[120.54329711309796,22.697636723271387],[120.54329711309796,22.68864351963414],[120.53430390946072,22.68864351963414]]]}},{"type":"Feature","properties":{"jobs":99,"pop":52,"pointCount":3,"homeWorkCommuteMedian":31724,"workHomeCommuteMedian":26285},"geometry":{"type":"Polygon","coordinates":[[[120.53430390946072,22.697636723271387],[120.53430390946072,22.706629926908633],[120.54329711309796,22.706629926908633],[120.54329711309796,22.697636723271387],[120.53430390946072,22.697636723271387]]]}},{"type":"Feature","properties":{"jobs":1795,"pop":0,"pointCount":9,"homeWorkCommuteMedian":-1,"workHomeCommuteMedian":10389},"geometry":{"type":"Polygon","coordinates":[[[120.53430390946072,22.706629926908633],[120.53430390946072,22.71562313054588],[120.54329711309796,22.71562313054588],[120.54329711309796,22.706629926908633],[120.53430390946072,22.706629926908633]]]}},{"type":"Feature","properties":{"jobs":526,"pop":26,"pointCount":5,"homeWorkCommuteMedian":27243,"workHomeCommuteMedian":19643},"geometry":{"type":"Polygon","coordinates":[[[120.53430390946072,22.71562313054588],[120.53430390946072,22.724616334183125],[120.54329711309796,22.724616334183125],[120.54329711309796,22.71562313054588],[120.53430390946072,22.71562313054588]]]}},{"type":"Feature","properties":{"jobs":559,"pop":209,"pointCount":6,"homeWorkCommuteMedian":21973,"workHomeCommuteMedian":9839},"geometry":{"type":"Polygon","coordinates":[[[120.53430390946072,22.724616334183125],[120.53430390946072,22.73360953782037],[120.54329711309796,22.73360953782037],[120.54329711309796,22.724616334183125],[120.53430390946072,22.724616334183125]]]}},{"type":"Feature","properties":{"jobs":195,"pop":32,"pointCount":2,"homeWorkCommuteMedian":2594,"workHomeCommuteMedian":2455},"geometry":{"type":"Polygon","coordinates":[[[120.53430390946072,22.742602741457617],[120.53430390946072,22.751595945094863],[120.54329711309796,22.751595945094863],[120.54329711309796,22.742602741457617],[120.53430390946072,22.742602741457617]]]}},{"type":"Feature","properties":{"jobs":20,"pop":80,"pointCount":3,"homeWorkCommuteMedian":14683,"workHomeCommuteMedian":4796},"geometry":{"type":"Polygon","coordinates":[[[120.53430390946072,22.76058914873211],[120.53430390946072,22.769582352369355],[120.54329711309796,22.769582352369355],[120.54329711309796,22.76058914873211],[120.53430390946072,22.76058914873211]]]}},{"type":"Feature","properties":{"jobs":82,"pop":40,"pointCount":2,"homeWorkCommuteMedian":5300,"workHomeCommuteMedian":735},"geometry":{"type":"Polygon","coordinates":[[[120.53430390946072,22.769582352369355],[120.53430390946072,22.7785755560066],[120.54329711309796,22.7785755560066],[120.54329711309796,22.769582352369355],[120.53430390946072,22.769582352369355]]]}},{"type":"Feature","properties":{"jobs":0,"pop":138,"pointCount":1,"homeWorkCommuteMedian":39292,"workHomeCommuteMedian":-1},"geometry":{"type":"Polygon","coordinates":[[[120.53430390946072,22.7785755560066],[120.53430390946072,22.787568759643847],[120.54329711309796,22.787568759643847],[120.54329711309796,22.7785755560066],[120.53430390946072,22.7785755560066]]]}},{"type":"Feature","properties":{"jobs":94,"pop":0,"pointCount":1,"homeWorkCommuteMedian":-1,"workHomeCommuteMedian":8708},"geometry":{"type":"Polygon","coordinates":[[[120.53430390946072,22.814548370555585],[120.53430390946072,22.82354157419283],[120.54329711309796,22.82354157419283],[120.54329711309796,22.814548370555585],[120.53430390946072,22.814548370555585]]]}},{"type":"Feature","properties":{"jobs":47,"pop":153,"pointCount":4,"homeWorkCommuteMedian":6306,"workHomeCommuteMedian":10784},"geometry":{"type":"Polygon","coordinates":[[[120.53430390946072,22.82354157419283],[120.53430390946072,22.832534777830077],[120.54329711309796,22.832534777830077],[120.54329711309796,22.82354157419283],[120.53430390946072,22.82354157419283]]]}},{"type":"Feature","properties":{"jobs":0,"pop":86,"pointCount":2,"homeWorkCommuteMedian":36278,"workHomeCommuteMedian":-1},"geometry":{"type":"Polygon","coordinates":[[[120.53430390946072,22.832534777830077],[120.53430390946072,22.841527981467323],[120.54329711309796,22.841527981467323],[120.54329711309796,22.832534777830077],[120.53430390946072,22.832534777830077]]]}},{"type":"Feature","properties":{"jobs":0,"pop":276,"pointCount":4,"homeWorkCommuteMedian":41667,"workHomeCommuteMedian":-1},"geometry":{"type":"Polygon","coordinates":[[[120.53430390946072,22.841527981467323],[120.53430390946072,22.85052118510457],[120.54329711309796,22.85052118510457],[120.54329711309796,22.841527981467323],[120.53430390946072,22.841527981467323]]]}},{"type":"Feature","properties":{"jobs":36,"pop":354,"pointCount":4,"homeWorkCommuteMedian":44057,"workHomeCommuteMedian":2773},"geometry":{"type":"Polygon","coordinates":[[[120.53430390946072,22.85052118510457],[120.53430390946072,22.859514388741815],[120.54329711309796,22.859514388741815],[120.54329711309796,22.85052118510457],[120.53430390946072,22.85052118510457]]]}},{"type":"Feature","properties":{"jobs":172,"pop":271,"pointCount":4,"homeWorkCommuteMedian":36664,"workHomeCommuteMedian":4989},"geometry":{"type":"Polygon","coordinates":[[[120.53430390946072,22.859514388741815],[120.53430390946072,22.86850759237906],[120.54329711309796,22.86850759237906],[120.54329711309796,22.859514388741815],[120.53430390946072,22.859514388741815]]]}},{"type":"Feature","properties":{"jobs":25,"pop":483,"pointCount":4,"homeWorkCommuteMedian":42940,"workHomeCommuteMedian":6743},"geometry":{"type":"Polygon","coordinates":[[[120.53430390946072,22.86850759237906],[120.53430390946072,22.877500796016307],[120.54329711309796,22.877500796016307],[120.54329711309796,22.86850759237906],[120.53430390946072,22.86850759237906]]]}},{"type":"Feature","properties":{"jobs":0,"pop":616,"pointCount":6,"homeWorkCommuteMedian":30022,"workHomeCommuteMedian":-1},"geometry":{"type":"Polygon","coordinates":[[[120.53430390946072,22.877500796016307],[120.53430390946072,22.886493999653553],[120.54329711309796,22.886493999653553],[120.54329711309796,22.877500796016307],[120.53430390946072,22.877500796016307]]]}},{"type":"Feature","properties":{"jobs":362,"pop":454,"pointCount":7,"homeWorkCommuteMedian":43155,"workHomeCommuteMedian":3133},"geometry":{"type":"Polygon","coordinates":[[[120.53430390946072,22.886493999653553],[120.53430390946072,22.8954872032908],[120.54329711309796,22.8954872032908],[120.54329711309796,22.886493999653553],[120.53430390946072,22.886493999653553]]]}},{"type":"Feature","properties":{"jobs":608,"pop":927,"pointCount":7,"homeWorkCommuteMedian":44274,"workHomeCommuteMedian":5240},"geometry":{"type":"Polygon","coordinates":[[[120.53430390946072,22.8954872032908],[120.53430390946072,22.904480406928045],[120.54329711309796,22.904480406928045],[120.54329711309796,22.8954872032908],[120.53430390946072,22.8954872032908]]]}},{"type":"Feature","properties":{"jobs":33,"pop":745,"pointCount":6,"homeWorkCommuteMedian":45413,"workHomeCommuteMedian":2758},"geometry":{"type":"Polygon","coordinates":[[[120.53430390946072,22.904480406928045],[120.53430390946072,22.91347361056529],[120.54329711309796,22.91347361056529],[120.54329711309796,22.904480406928045],[120.53430390946072,22.904480406928045]]]}},{"type":"Feature","properties":{"jobs":0,"pop":112,"pointCount":1,"homeWorkCommuteMedian":35623,"workHomeCommuteMedian":-1},"geometry":{"type":"Polygon","coordinates":[[[120.53430390946072,22.91347361056529],[120.53430390946072,22.922466814202537],[120.54329711309796,22.922466814202537],[120.54329711309796,22.91347361056529],[120.53430390946072,22.91347361056529]]]}},{"type":"Feature","properties":{"jobs":0,"pop":48,"pointCount":1,"homeWorkCommuteMedian":44814,"workHomeCommuteMedian":-1},"geometry":{"type":"Polygon","coordinates":[[[120.53430390946072,22.94045322147703],[120.53430390946072,22.949446425114274],[120.54329711309796,22.949446425114274],[120.54329711309796,22.94045322147703],[120.53430390946072,22.94045322147703]]]}},{"type":"Feature","properties":{"jobs":0,"pop":281,"pointCount":2,"homeWorkCommuteMedian":42591,"workHomeCommuteMedian":-1},"geometry":{"type":"Polygon","coordinates":[[[120.53430390946072,22.949446425114274],[120.53430390946072,22.95843962875152],[120.54329711309796,22.95843962875152],[120.54329711309796,22.949446425114274],[120.53430390946072,22.949446425114274]]]}},{"type":"Feature","properties":{"jobs":79,"pop":547,"pointCount":4,"homeWorkCommuteMedian":48902,"workHomeCommuteMedian":52592},"geometry":{"type":"Polygon","coordinates":[[[120.53430390946072,22.95843962875152],[120.53430390946072,22.967432832388766],[120.54329711309796,22.967432832388766],[120.54329711309796,22.95843962875152],[120.53430390946072,22.95843962875152]]]}},{"type":"Feature","properties":{"jobs":252,"pop":359,"pointCount":8,"homeWorkCommuteMedian":46026,"workHomeCommuteMedian":2690},"geometry":{"type":"Polygon","coordinates":[[[120.53430390946072,22.967432832388766],[120.53430390946072,22.976426036026012],[120.54329711309796,22.976426036026012],[120.54329711309796,22.967432832388766],[120.53430390946072,22.967432832388766]]]}},{"type":"Feature","properties":{"jobs":0,"pop":78,"pointCount":2,"homeWorkCommuteMedian":52970,"workHomeCommuteMedian":-1},"geometry":{"type":"Polygon","coordinates":[[[120.53430390946072,22.976426036026012],[120.53430390946072,22.98541923966326],[120.54329711309796,22.98541923966326],[120.54329711309796,22.976426036026012],[120.53430390946072,22.976426036026012]]]}},{"type":"Feature","properties":{"jobs":0,"pop":121,"pointCount":1,"homeWorkCommuteMedian":50077,"workHomeCommuteMedian":-1},"geometry":{"type":"Polygon","coordinates":[[[120.53430390946072,23.021392054212242],[120.53430390946072,23.03038525784949],[120.54329711309796,23.03038525784949],[120.54329711309796,23.021392054212242],[120.53430390946072,23.021392054212242]]]}},{"type":"Feature","properties":{"jobs":0,"pop":52,"pointCount":1,"homeWorkCommuteMedian":72833,"workHomeCommuteMedian":-1},"geometry":{"type":"Polygon","coordinates":[[[120.53430390946072,23.04837166512398],[120.53430390946072,23.057364868761226],[120.54329711309796,23.057364868761226],[120.54329711309796,23.04837166512398],[120.53430390946072,23.04837166512398]]]}},{"type":"Feature","properties":{"jobs":0,"pop":72,"pointCount":1,"homeWorkCommuteMedian":17732,"workHomeCommuteMedian":-1},"geometry":{"type":"Polygon","coordinates":[[[120.54329711309796,22.40086100324227],[120.54329711309796,22.409854206879515],[120.55229031673521,22.409854206879515],[120.55229031673521,22.40086100324227],[120.54329711309796,22.40086100324227]]]}},{"type":"Feature","properties":{"jobs":199,"pop":1008,"pointCount":11,"homeWorkCommuteMedian":40174,"workHomeCommuteMedian":2375},"geometry":{"type":"Polygon","coordinates":[[[120.54329711309796,22.409854206879515],[120.54329711309796,22.41884741051676],[120.55229031673521,22.41884741051676],[120.55229031673521,22.409854206879515],[120.54329711309796,22.409854206879515]]]}},{"type":"Feature","properties":{"jobs":35,"pop":313,"pointCount":3,"homeWorkCommuteMedian":46788,"workHomeCommuteMedian":2839},"geometry":{"type":"Polygon","coordinates":[[[120.54329711309796,22.41884741051676],[120.54329711309796,22.427840614154007],[120.55229031673521,22.427840614154007],[120.55229031673521,22.41884741051676],[120.54329711309796,22.41884741051676]]]}},{"type":"Feature","properties":{"jobs":43,"pop":131,"pointCount":3,"homeWorkCommuteMedian":45026,"workHomeCommuteMedian":2245},"geometry":{"type":"Polygon","coordinates":[[[120.54329711309796,22.427840614154007],[120.54329711309796,22.436833817791253],[120.55229031673521,22.436833817791253],[120.55229031673521,22.427840614154007],[120.54329711309796,22.427840614154007]]]}},{"type":"Feature","properties":{"jobs":0,"pop":48,"pointCount":1,"homeWorkCommuteMedian":38700,"workHomeCommuteMedian":-1},"geometry":{"type":"Polygon","coordinates":[[[120.54329711309796,22.436833817791253],[120.54329711309796,22.4458270214285],[120.55229031673521,22.4458270214285],[120.55229031673521,22.436833817791253],[120.54329711309796,22.436833817791253]]]}},{"type":"Feature","properties":{"jobs":0,"pop":144,"pointCount":2,"homeWorkCommuteMedian":42419,"workHomeCommuteMedian":-1},"geometry":{"type":"Polygon","coordinates":[[[120.54329711309796,22.4458270214285],[120.54329711309796,22.454820225065745],[120.55229031673521,22.454820225065745],[120.55229031673521,22.4458270214285],[120.54329711309796,22.4458270214285]]]}},{"type":"Feature","properties":{"jobs":72,"pop":0,"pointCount":1,"homeWorkCommuteMedian":-1,"workHomeCommuteMedian":6964},"geometry":{"type":"Polygon","coordinates":[[[120.54329711309796,22.454820225065745],[120.54329711309796,22.46381342870299],[120.55229031673521,22.46381342870299],[120.55229031673521,22.454820225065745],[120.54329711309796,22.454820225065745]]]}},{"type":"Feature","properties":{"jobs":265,"pop":625,"pointCount":8,"homeWorkCommuteMedian":11036,"workHomeCommuteMedian":4281},"geometry":{"type":"Polygon","coordinates":[[[120.54329711309796,22.46381342870299],[120.54329711309796,22.472806632340237],[120.55229031673521,22.472806632340237],[120.55229031673521,22.46381342870299],[120.54329711309796,22.46381342870299]]]}},{"type":"Feature","properties":{"jobs":100,"pop":204,"pointCount":7,"homeWorkCommuteMedian":26518,"workHomeCommuteMedian":8165},"geometry":{"type":"Polygon","coordinates":[[[120.54329711309796,22.472806632340237],[120.54329711309796,22.481799835977483],[120.55229031673521,22.481799835977483],[120.55229031673521,22.472806632340237],[120.54329711309796,22.472806632340237]]]}},{"type":"Feature","properties":{"jobs":0,"pop":125,"pointCount":3,"homeWorkCommuteMedian":29904,"workHomeCommuteMedian":-1},"geometry":{"type":"Polygon","coordinates":[[[120.54329711309796,22.481799835977483],[120.54329711309796,22.49079303961473],[120.55229031673521,22.49079303961473],[120.55229031673521,22.481799835977483],[120.54329711309796,22.481799835977483]]]}},{"type":"Feature","properties":{"jobs":66,"pop":314,"pointCount":5,"homeWorkCommuteMedian":25259,"workHomeCommuteMedian":10458},"geometry":{"type":"Polygon","coordinates":[[[120.54329711309796,22.49079303961473],[120.54329711309796,22.499786243251975],[120.55229031673521,22.499786243251975],[120.55229031673521,22.49079303961473],[120.54329711309796,22.49079303961473]]]}},{"type":"Feature","properties":{"jobs":0,"pop":88,"pointCount":2,"homeWorkCommuteMedian":40904,"workHomeCommuteMedian":-1},"geometry":{"type":"Polygon","coordinates":[[[120.54329711309796,22.499786243251975],[120.54329711309796,22.50877944688922],[120.55229031673521,22.50877944688922],[120.55229031673521,22.499786243251975],[120.54329711309796,22.499786243251975]]]}},{"type":"Feature","properties":{"jobs":97,"pop":28,"pointCount":3,"homeWorkCommuteMedian":2683,"workHomeCommuteMedian":11957},"geometry":{"type":"Polygon","coordinates":[[[120.54329711309796,22.50877944688922],[120.54329711309796,22.517772650526467],[120.55229031673521,22.517772650526467],[120.55229031673521,22.50877944688922],[120.54329711309796,22.50877944688922]]]}},{"type":"Feature","properties":{"jobs":183,"pop":45,"pointCount":3,"homeWorkCommuteMedian":4076,"workHomeCommuteMedian":5240},"geometry":{"type":"Polygon","coordinates":[[[120.54329711309796,22.517772650526467],[120.54329711309796,22.526765854163713],[120.55229031673521,22.526765854163713],[120.55229031673521,22.517772650526467],[120.54329711309796,22.517772650526467]]]}},{"type":"Feature","properties":{"jobs":260,"pop":415,"pointCount":4,"homeWorkCommuteMedian":5244,"workHomeCommuteMedian":4027},"geometry":{"type":"Polygon","coordinates":[[[120.54329711309796,22.526765854163713],[120.54329711309796,22.53575905780096],[120.55229031673521,22.53575905780096],[120.55229031673521,22.526765854163713],[120.54329711309796,22.526765854163713]]]}},{"type":"Feature","properties":{"jobs":580,"pop":1514,"pointCount":8,"homeWorkCommuteMedian":3431,"workHomeCommuteMedian":5244},"geometry":{"type":"Polygon","coordinates":[[[120.54329711309796,22.53575905780096],[120.54329711309796,22.544752261438205],[120.55229031673521,22.544752261438205],[120.55229031673521,22.53575905780096],[120.54329711309796,22.53575905780096]]]}},{"type":"Feature","properties":{"jobs":3249,"pop":4644,"pointCount":12,"homeWorkCommuteMedian":11863,"workHomeCommuteMedian":2946},"geometry":{"type":"Polygon","coordinates":[[[120.54329711309796,22.544752261438205],[120.54329711309796,22.55374546507545],[120.55229031673521,22.55374546507545],[120.55229031673521,22.544752261438205],[120.54329711309796,22.544752261438205]]]}},{"type":"Feature","properties":{"jobs":1426,"pop":3033,"pointCount":11,"homeWorkCommuteMedian":3834,"workHomeCommuteMedian":4407},"geometry":{"type":"Polygon","coordinates":[[[120.54329711309796,22.55374546507545],[120.54329711309796,22.562738668712697],[120.55229031673521,22.562738668712697],[120.55229031673521,22.55374546507545],[120.54329711309796,22.55374546507545]]]}},{"type":"Feature","properties":{"jobs":325,"pop":72,"pointCount":5,"homeWorkCommuteMedian":5342,"workHomeCommuteMedian":28901},"geometry":{"type":"Polygon","coordinates":[[[120.54329711309796,22.571731872349943],[120.54329711309796,22.58072507598719],[120.55229031673521,22.58072507598719],[120.55229031673521,22.571731872349943],[120.54329711309796,22.571731872349943]]]}},{"type":"Feature","properties":{"jobs":385,"pop":747,"pointCount":8,"homeWorkCommuteMedian":10831,"workHomeCommuteMedian":6144},"geometry":{"type":"Polygon","coordinates":[[[120.54329711309796,22.58072507598719],[120.54329711309796,22.589718279624435],[120.55229031673521,22.589718279624435],[120.55229031673521,22.58072507598719],[120.54329711309796,22.58072507598719]]]}},{"type":"Feature","properties":{"jobs":375,"pop":459,"pointCount":6,"homeWorkCommuteMedian":18509,"workHomeCommuteMedian":12372},"geometry":{"type":"Polygon","coordinates":[[[120.54329711309796,22.589718279624435],[120.54329711309796,22.59871148326168],[120.55229031673521,22.59871148326168],[120.55229031673521,22.589718279624435],[120.54329711309796,22.589718279624435]]]}},{"type":"Feature","properties":{"jobs":190,"pop":292,"pointCount":8,"homeWorkCommuteMedian":14894,"workHomeCommuteMedian":38535},"geometry":{"type":"Polygon","coordinates":[[[120.54329711309796,22.59871148326168],[120.54329711309796,22.607704686898927],[120.55229031673521,22.607704686898927],[120.55229031673521,22.59871148326168],[120.54329711309796,22.59871148326168]]]}},{"type":"Feature","properties":{"jobs":87,"pop":318,"pointCount":6,"homeWorkCommuteMedian":11605,"workHomeCommuteMedian":10914},"geometry":{"type":"Polygon","coordinates":[[[120.54329711309796,22.607704686898927],[120.54329711309796,22.616697890536173],[120.55229031673521,22.616697890536173],[120.55229031673521,22.607704686898927],[120.54329711309796,22.607704686898927]]]}},{"type":"Feature","properties":{"jobs":160,"pop":278,"pointCount":5,"homeWorkCommuteMedian":10130,"workHomeCommuteMedian":8532},"geometry":{"type":"Polygon","coordinates":[[[120.54329711309796,22.616697890536173],[120.54329711309796,22.62569109417342],[120.55229031673521,22.62569109417342],[120.55229031673521,22.616697890536173],[120.54329711309796,22.616697890536173]]]}},{"type":"Feature","properties":{"jobs":27,"pop":644,"pointCount":4,"homeWorkCommuteMedian":5203,"workHomeCommuteMedian":9596},"geometry":{"type":"Polygon","coordinates":[[[120.54329711309796,22.62569109417342],[120.54329711309796,22.634684297810665],[120.55229031673521,22.634684297810665],[120.55229031673521,22.62569109417342],[120.54329711309796,22.62569109417342]]]}},{"type":"Feature","properties":{"jobs":1055,"pop":713,"pointCount":9,"homeWorkCommuteMedian":10215,"workHomeCommuteMedian":7352},"geometry":{"type":"Polygon","coordinates":[[[120.54329711309796,22.634684297810665],[120.54329711309796,22.64367750144791],[120.55229031673521,22.64367750144791],[120.55229031673521,22.634684297810665],[120.54329711309796,22.634684297810665]]]}},{"type":"Feature","properties":{"jobs":421,"pop":311,"pointCount":7,"homeWorkCommuteMedian":12981,"workHomeCommuteMedian":11765},"geometry":{"type":"Polygon","coordinates":[[[120.54329711309796,22.64367750144791],[120.54329711309796,22.652670705085157],[120.55229031673521,22.652670705085157],[120.55229031673521,22.64367750144791],[120.54329711309796,22.64367750144791]]]}},{"type":"Feature","properties":{"jobs":48,"pop":21,"pointCount":2,"homeWorkCommuteMedian":26372,"workHomeCommuteMedian":27811},"geometry":{"type":"Polygon","coordinates":[[[120.54329711309796,22.652670705085157],[120.54329711309796,22.661663908722403],[120.55229031673521,22.661663908722403],[120.55229031673521,22.652670705085157],[120.54329711309796,22.652670705085157]]]}},{"type":"Feature","properties":{"jobs":0,"pop":182,"pointCount":5,"homeWorkCommuteMedian":7971,"workHomeCommuteMedian":-1},"geometry":{"type":"Polygon","coordinates":[[[120.54329711309796,22.661663908722403],[120.54329711309796,22.67065711235965],[120.55229031673521,22.67065711235965],[120.55229031673521,22.661663908722403],[120.54329711309796,22.661663908722403]]]}},{"type":"Feature","properties":{"jobs":58,"pop":0,"pointCount":2,"homeWorkCommuteMedian":-1,"workHomeCommuteMedian":6669},"geometry":{"type":"Polygon","coordinates":[[[120.54329711309796,22.67065711235965],[120.54329711309796,22.679650315996895],[120.55229031673521,22.679650315996895],[120.55229031673521,22.67065711235965],[120.54329711309796,22.67065711235965]]]}},{"type":"Feature","properties":{"jobs":302,"pop":227,"pointCount":5,"homeWorkCommuteMedian":8204,"workHomeCommuteMedian":8019},"geometry":{"type":"Polygon","coordinates":[[[120.54329711309796,22.679650315996895],[120.54329711309796,22.68864351963414],[120.55229031673521,22.68864351963414],[120.55229031673521,22.679650315996895],[120.54329711309796,22.679650315996895]]]}},{"type":"Feature","properties":{"jobs":364,"pop":928,"pointCount":8,"homeWorkCommuteMedian":7152,"workHomeCommuteMedian":17953},"geometry":{"type":"Polygon","coordinates":[[[120.54329711309796,22.68864351963414],[120.54329711309796,22.697636723271387],[120.55229031673521,22.697636723271387],[120.55229031673521,22.68864351963414],[120.54329711309796,22.68864351963414]]]}},{"type":"Feature","properties":{"jobs":125,"pop":131,"pointCount":7,"homeWorkCommuteMedian":24963,"workHomeCommuteMedian":18685},"geometry":{"type":"Polygon","coordinates":[[[120.54329711309796,22.697636723271387],[120.54329711309796,22.706629926908633],[120.55229031673521,22.706629926908633],[120.55229031673521,22.697636723271387],[120.54329711309796,22.697636723271387]]]}},{"type":"Feature","properties":{"jobs":207,"pop":27,"pointCount":2,"homeWorkCommuteMedian":3823,"workHomeCommuteMedian":7773},"geometry":{"type":"Polygon","coordinates":[[[120.54329711309796,22.706629926908633],[120.54329711309796,22.71562313054588],[120.55229031673521,22.71562313054588],[120.55229031673521,22.706629926908633],[120.54329711309796,22.706629926908633]]]}},{"type":"Feature","properties":{"jobs":26,"pop":0,"pointCount":1,"homeWorkCommuteMedian":-1,"workHomeCommuteMedian":5962},"geometry":{"type":"Polygon","coordinates":[[[120.54329711309796,22.71562313054588],[120.54329711309796,22.724616334183125],[120.55229031673521,22.724616334183125],[120.55229031673521,22.71562313054588],[120.54329711309796,22.71562313054588]]]}},{"type":"Feature","properties":{"jobs":2030,"pop":84,"pointCount":6,"homeWorkCommuteMedian":13089,"workHomeCommuteMedian":18882},"geometry":{"type":"Polygon","coordinates":[[[120.54329711309796,22.724616334183125],[120.54329711309796,22.73360953782037],[120.55229031673521,22.73360953782037],[120.55229031673521,22.724616334183125],[120.54329711309796,22.724616334183125]]]}},{"type":"Feature","properties":{"jobs":39,"pop":216,"pointCount":3,"homeWorkCommuteMedian":32634,"workHomeCommuteMedian":1384},"geometry":{"type":"Polygon","coordinates":[[[120.54329711309796,22.73360953782037],[120.54329711309796,22.742602741457617],[120.55229031673521,22.742602741457617],[120.55229031673521,22.73360953782037],[120.54329711309796,22.73360953782037]]]}},{"type":"Feature","properties":{"jobs":56,"pop":538,"pointCount":6,"homeWorkCommuteMedian":5634,"workHomeCommuteMedian":33126},"geometry":{"type":"Polygon","coordinates":[[[120.54329711309796,22.742602741457617],[120.54329711309796,22.751595945094863],[120.55229031673521,22.751595945094863],[120.55229031673521,22.742602741457617],[120.54329711309796,22.742602741457617]]]}},{"type":"Feature","properties":{"jobs":286,"pop":0,"pointCount":1,"homeWorkCommuteMedian":-1,"workHomeCommuteMedian":3179},"geometry":{"type":"Polygon","coordinates":[[[120.54329711309796,22.751595945094863],[120.54329711309796,22.76058914873211],[120.55229031673521,22.76058914873211],[120.55229031673521,22.751595945094863],[120.54329711309796,22.751595945094863]]]}},{"type":"Feature","properties":{"jobs":161,"pop":24,"pointCount":4,"homeWorkCommuteMedian":26712,"workHomeCommuteMedian":4273},"geometry":{"type":"Polygon","coordinates":[[[120.54329711309796,22.76058914873211],[120.54329711309796,22.769582352369355],[120.55229031673521,22.769582352369355],[120.55229031673521,22.76058914873211],[120.54329711309796,22.76058914873211]]]}},{"type":"Feature","properties":{"jobs":68,"pop":0,"pointCount":1,"homeWorkCommuteMedian":-1,"workHomeCommuteMedian":5363},"geometry":{"type":"Polygon","coordinates":[[[120.54329711309796,22.769582352369355],[120.54329711309796,22.7785755560066],[120.55229031673521,22.7785755560066],[120.55229031673521,22.769582352369355],[120.54329711309796,22.769582352369355]]]}},{"type":"Feature","properties":{"jobs":0,"pop":25,"pointCount":1,"homeWorkCommuteMedian":22025,"workHomeCommuteMedian":-1},"geometry":{"type":"Polygon","coordinates":[[[120.54329711309796,22.787568759643847],[120.54329711309796,22.796561963281093],[120.55229031673521,22.796561963281093],[120.55229031673521,22.787568759643847],[120.54329711309796,22.787568759643847]]]}},{"type":"Feature","properties":{"jobs":58,"pop":0,"pointCount":1,"homeWorkCommuteMedian":-1,"workHomeCommuteMedian":8967},"geometry":{"type":"Polygon","coordinates":[[[120.54329711309796,22.82354157419283],[120.54329711309796,22.832534777830077],[120.55229031673521,22.832534777830077],[120.55229031673521,22.82354157419283],[120.54329711309796,22.82354157419283]]]}},{"type":"Feature","properties":{"jobs":0,"pop":195,"pointCount":3,"homeWorkCommuteMedian":44549,"workHomeCommuteMedian":-1},"geometry":{"type":"Polygon","coordinates":[[[120.54329711309796,22.841527981467323],[120.54329711309796,22.85052118510457],[120.55229031673521,22.85052118510457],[120.55229031673521,22.841527981467323],[120.54329711309796,22.841527981467323]]]}},{"type":"Feature","properties":{"jobs":32,"pop":188,"pointCount":4,"homeWorkCommuteMedian":40873,"workHomeCommuteMedian":4467},"geometry":{"type":"Polygon","coordinates":[[[120.54329711309796,22.85052118510457],[120.54329711309796,22.859514388741815],[120.55229031673521,22.859514388741815],[120.55229031673521,22.85052118510457],[120.54329711309796,22.85052118510457]]]}},{"type":"Feature","properties":{"jobs":0,"pop":314,"pointCount":6,"homeWorkCommuteMedian":44806,"workHomeCommuteMedian":-1},"geometry":{"type":"Polygon","coordinates":[[[120.54329711309796,22.859514388741815],[120.54329711309796,22.86850759237906],[120.55229031673521,22.86850759237906],[120.55229031673521,22.859514388741815],[120.54329711309796,22.859514388741815]]]}},{"type":"Feature","properties":{"jobs":31,"pop":282,"pointCount":3,"homeWorkCommuteMedian":3127,"workHomeCommuteMedian":5170},"geometry":{"type":"Polygon","coordinates":[[[120.54329711309796,22.86850759237906],[120.54329711309796,22.877500796016307],[120.55229031673521,22.877500796016307],[120.55229031673521,22.86850759237906],[120.54329711309796,22.86850759237906]]]}},{"type":"Feature","properties":{"jobs":169,"pop":127,"pointCount":5,"homeWorkCommuteMedian":40448,"workHomeCommuteMedian":5230},"geometry":{"type":"Polygon","coordinates":[[[120.54329711309796,22.877500796016307],[120.54329711309796,22.886493999653553],[120.55229031673521,22.886493999653553],[120.55229031673521,22.877500796016307],[120.54329711309796,22.877500796016307]]]}},{"type":"Feature","properties":{"jobs":210,"pop":583,"pointCount":7,"homeWorkCommuteMedian":33689,"workHomeCommuteMedian":4078},"geometry":{"type":"Polygon","coordinates":[[[120.54329711309796,22.886493999653553],[120.54329711309796,22.8954872032908],[120.55229031673521,22.8954872032908],[120.55229031673521,22.886493999653553],[120.54329711309796,22.886493999653553]]]}},{"type":"Feature","properties":{"jobs":221,"pop":770,"pointCount":8,"homeWorkCommuteMedian":37473,"workHomeCommuteMedian":4496},"geometry":{"type":"Polygon","coordinates":[[[120.54329711309796,22.8954872032908],[120.54329711309796,22.904480406928045],[120.55229031673521,22.904480406928045],[120.55229031673521,22.8954872032908],[120.54329711309796,22.8954872032908]]]}},{"type":"Feature","properties":{"jobs":420,"pop":540,"pointCount":9,"homeWorkCommuteMedian":38727,"workHomeCommuteMedian":6855},"geometry":{"type":"Polygon","coordinates":[[[120.54329711309796,22.904480406928045],[120.54329711309796,22.91347361056529],[120.55229031673521,22.91347361056529],[120.55229031673521,22.904480406928045],[120.54329711309796,22.904480406928045]]]}},{"type":"Feature","properties":{"jobs":0,"pop":143,"pointCount":2,"homeWorkCommuteMedian":47330,"workHomeCommuteMedian":-1},"geometry":{"type":"Polygon","coordinates":[[[120.54329711309796,22.91347361056529],[120.54329711309796,22.922466814202537],[120.55229031673521,22.922466814202537],[120.55229031673521,22.91347361056529],[120.54329711309796,22.91347361056529]]]}},{"type":"Feature","properties":{"jobs":34,"pop":164,"pointCount":3,"homeWorkCommuteMedian":70388,"workHomeCommuteMedian":3152},"geometry":{"type":"Polygon","coordinates":[[[120.54329711309796,22.95843962875152],[120.54329711309796,22.967432832388766],[120.55229031673521,22.967432832388766],[120.55229031673521,22.95843962875152],[120.54329711309796,22.95843962875152]]]}},{"type":"Feature","properties":{"jobs":0,"pop":992,"pointCount":4,"homeWorkCommuteMedian":44802,"workHomeCommuteMedian":-1},"geometry":{"type":"Polygon","coordinates":[[[120.54329711309796,22.967432832388766],[120.54329711309796,22.976426036026012],[120.55229031673521,22.976426036026012],[120.55229031673521,22.967432832388766],[120.54329711309796,22.967432832388766]]]}},{"type":"Feature","properties":{"jobs":95,"pop":67,"pointCount":4,"homeWorkCommuteMedian":53297,"workHomeCommuteMedian":8338},"geometry":{"type":"Polygon","coordinates":[[[120.54329711309796,22.976426036026012],[120.54329711309796,22.98541923966326],[120.55229031673521,22.98541923966326],[120.55229031673521,22.976426036026012],[120.54329711309796,22.976426036026012]]]}},{"type":"Feature","properties":{"jobs":39,"pop":134,"pointCount":2,"homeWorkCommuteMedian":50187,"workHomeCommuteMedian":9968},"geometry":{"type":"Polygon","coordinates":[[[120.54329711309796,22.994412443300504],[120.54329711309796,23.00340564693775],[120.55229031673521,23.00340564693775],[120.55229031673521,22.994412443300504],[120.54329711309796,22.994412443300504]]]}},{"type":"Feature","properties":{"jobs":0,"pop":54,"pointCount":1,"homeWorkCommuteMedian":73752,"workHomeCommuteMedian":-1},"geometry":{"type":"Polygon","coordinates":[[[120.54329711309796,23.012398850574996],[120.54329711309796,23.021392054212242],[120.55229031673521,23.021392054212242],[120.55229031673521,23.012398850574996],[120.54329711309796,23.012398850574996]]]}},{"type":"Feature","properties":{"jobs":35,"pop":0,"pointCount":1,"homeWorkCommuteMedian":-1,"workHomeCommuteMedian":3567},"geometry":{"type":"Polygon","coordinates":[[[120.54329711309796,23.021392054212242],[120.54329711309796,23.03038525784949],[120.55229031673521,23.03038525784949],[120.55229031673521,23.021392054212242],[120.54329711309796,23.021392054212242]]]}},{"type":"Feature","properties":{"jobs":30,"pop":28,"pointCount":1,"homeWorkCommuteMedian":65581,"workHomeCommuteMedian":14321},"geometry":{"type":"Polygon","coordinates":[[[120.54329711309796,23.03038525784949],[120.54329711309796,23.039378461486734],[120.55229031673521,23.039378461486734],[120.55229031673521,23.03038525784949],[120.54329711309796,23.03038525784949]]]}},{"type":"Feature","properties":{"jobs":24,"pop":22,"pointCount":1,"homeWorkCommuteMedian":42400,"workHomeCommuteMedian":4763},"geometry":{"type":"Polygon","coordinates":[[[120.55229031673521,22.382874595967778],[120.55229031673521,22.391867799605023],[120.56128352037246,22.391867799605023],[120.56128352037246,22.382874595967778],[120.55229031673521,22.382874595967778]]]}},{"type":"Feature","properties":{"jobs":26,"pop":279,"pointCount":3,"homeWorkCommuteMedian":6513,"workHomeCommuteMedian":6556},"geometry":{"type":"Polygon","coordinates":[[[120.55229031673521,22.391867799605023],[120.55229031673521,22.40086100324227],[120.56128352037246,22.40086100324227],[120.56128352037246,22.391867799605023],[120.55229031673521,22.391867799605023]]]}},{"type":"Feature","properties":{"jobs":55,"pop":262,"pointCount":4,"homeWorkCommuteMedian":12423,"workHomeCommuteMedian":4306},"geometry":{"type":"Polygon","coordinates":[[[120.55229031673521,22.40086100324227],[120.55229031673521,22.409854206879515],[120.56128352037246,22.409854206879515],[120.56128352037246,22.40086100324227],[120.55229031673521,22.40086100324227]]]}},{"type":"Feature","properties":{"jobs":152,"pop":196,"pointCount":7,"homeWorkCommuteMedian":12392,"workHomeCommuteMedian":4413},"geometry":{"type":"Polygon","coordinates":[[[120.55229031673521,22.409854206879515],[120.55229031673521,22.41884741051676],[120.56128352037246,22.41884741051676],[120.56128352037246,22.409854206879515],[120.55229031673521,22.409854206879515]]]}},{"type":"Feature","properties":{"jobs":111,"pop":770,"pointCount":4,"homeWorkCommuteMedian":30765,"workHomeCommuteMedian":4540},"geometry":{"type":"Polygon","coordinates":[[[120.55229031673521,22.41884741051676],[120.55229031673521,22.427840614154007],[120.56128352037246,22.427840614154007],[120.56128352037246,22.41884741051676],[120.55229031673521,22.41884741051676]]]}},{"type":"Feature","properties":{"jobs":0,"pop":105,"pointCount":2,"homeWorkCommuteMedian":66418,"workHomeCommuteMedian":-1},"geometry":{"type":"Polygon","coordinates":[[[120.55229031673521,22.427840614154007],[120.55229031673521,22.436833817791253],[120.56128352037246,22.436833817791253],[120.56128352037246,22.427840614154007],[120.55229031673521,22.427840614154007]]]}},{"type":"Feature","properties":{"jobs":116,"pop":334,"pointCount":6,"homeWorkCommuteMedian":30365,"workHomeCommuteMedian":6512},"geometry":{"type":"Polygon","coordinates":[[[120.55229031673521,22.4458270214285],[120.55229031673521,22.454820225065745],[120.56128352037246,22.454820225065745],[120.56128352037246,22.4458270214285],[120.55229031673521,22.4458270214285]]]}},{"type":"Feature","properties":{"jobs":0,"pop":113,"pointCount":1,"homeWorkCommuteMedian":25417,"workHomeCommuteMedian":-1},"geometry":{"type":"Polygon","coordinates":[[[120.55229031673521,22.46381342870299],[120.55229031673521,22.472806632340237],[120.56128352037246,22.472806632340237],[120.56128352037246,22.46381342870299],[120.55229031673521,22.46381342870299]]]}},{"type":"Feature","properties":{"jobs":0,"pop":80,"pointCount":1,"homeWorkCommuteMedian":40791,"workHomeCommuteMedian":-1},"geometry":{"type":"Polygon","coordinates":[[[120.55229031673521,22.472806632340237],[120.55229031673521,22.481799835977483],[120.56128352037246,22.481799835977483],[120.56128352037246,22.472806632340237],[120.55229031673521,22.472806632340237]]]}},{"type":"Feature","properties":{"jobs":0,"pop":102,"pointCount":2,"homeWorkCommuteMedian":32256,"workHomeCommuteMedian":-1},"geometry":{"type":"Polygon","coordinates":[[[120.55229031673521,22.481799835977483],[120.55229031673521,22.49079303961473],[120.56128352037246,22.49079303961473],[120.56128352037246,22.481799835977483],[120.55229031673521,22.481799835977483]]]}},{"type":"Feature","properties":{"jobs":0,"pop":283,"pointCount":3,"homeWorkCommuteMedian":9565,"workHomeCommuteMedian":-1},"geometry":{"type":"Polygon","coordinates":[[[120.55229031673521,22.49079303961473],[120.55229031673521,22.499786243251975],[120.56128352037246,22.499786243251975],[120.56128352037246,22.49079303961473],[120.55229031673521,22.49079303961473]]]}},{"type":"Feature","properties":{"jobs":8,"pop":85,"pointCount":2,"homeWorkCommuteMedian":18518,"workHomeCommuteMedian":2465},"geometry":{"type":"Polygon","coordinates":[[[120.55229031673521,22.499786243251975],[120.55229031673521,22.50877944688922],[120.56128352037246,22.50877944688922],[120.56128352037246,22.499786243251975],[120.55229031673521,22.499786243251975]]]}},{"type":"Feature","properties":{"jobs":248,"pop":99,"pointCount":3,"homeWorkCommuteMedian":5599,"workHomeCommuteMedian":13862},"geometry":{"type":"Polygon","coordinates":[[[120.55229031673521,22.50877944688922],[120.55229031673521,22.517772650526467],[120.56128352037246,22.517772650526467],[120.56128352037246,22.50877944688922],[120.55229031673521,22.50877944688922]]]}},{"type":"Feature","properties":{"jobs":180,"pop":259,"pointCount":6,"homeWorkCommuteMedian":4407,"workHomeCommuteMedian":3771},"geometry":{"type":"Polygon","coordinates":[[[120.55229031673521,22.517772650526467],[120.55229031673521,22.526765854163713],[120.56128352037246,22.526765854163713],[120.56128352037246,22.517772650526467],[120.55229031673521,22.517772650526467]]]}},{"type":"Feature","properties":{"jobs":104,"pop":382,"pointCount":6,"homeWorkCommuteMedian":4496,"workHomeCommuteMedian":18028},"geometry":{"type":"Polygon","coordinates":[[[120.55229031673521,22.526765854163713],[120.55229031673521,22.53575905780096],[120.56128352037246,22.53575905780096],[120.56128352037246,22.526765854163713],[120.55229031673521,22.526765854163713]]]}},{"type":"Feature","properties":{"jobs":116,"pop":42,"pointCount":1,"homeWorkCommuteMedian":1544,"workHomeCommuteMedian":25011},"geometry":{"type":"Polygon","coordinates":[[[120.55229031673521,22.53575905780096],[120.55229031673521,22.544752261438205],[120.56128352037246,22.544752261438205],[120.56128352037246,22.53575905780096],[120.55229031673521,22.53575905780096]]]}},{"type":"Feature","properties":{"jobs":184,"pop":163,"pointCount":6,"homeWorkCommuteMedian":2886,"workHomeCommuteMedian":5535},"geometry":{"type":"Polygon","coordinates":[[[120.55229031673521,22.544752261438205],[120.55229031673521,22.55374546507545],[120.56128352037246,22.55374546507545],[120.56128352037246,22.544752261438205],[120.55229031673521,22.544752261438205]]]}},{"type":"Feature","properties":{"jobs":1122,"pop":61,"pointCount":5,"homeWorkCommuteMedian":31452,"workHomeCommuteMedian":4590},"geometry":{"type":"Polygon","coordinates":[[[120.55229031673521,22.55374546507545],[120.55229031673521,22.562738668712697],[120.56128352037246,22.562738668712697],[120.56128352037246,22.55374546507545],[120.55229031673521,22.55374546507545]]]}},{"type":"Feature","properties":{"jobs":272,"pop":261,"pointCount":7,"homeWorkCommuteMedian":14365,"workHomeCommuteMedian":21866},"geometry":{"type":"Polygon","coordinates":[[[120.55229031673521,22.562738668712697],[120.55229031673521,22.571731872349943],[120.56128352037246,22.571731872349943],[120.56128352037246,22.562738668712697],[120.55229031673521,22.562738668712697]]]}},{"type":"Feature","properties":{"jobs":0,"pop":39,"pointCount":1,"homeWorkCommuteMedian":5086,"workHomeCommuteMedian":-1},"geometry":{"type":"Polygon","coordinates":[[[120.55229031673521,22.571731872349943],[120.55229031673521,22.58072507598719],[120.56128352037246,22.58072507598719],[120.56128352037246,22.571731872349943],[120.55229031673521,22.571731872349943]]]}},{"type":"Feature","properties":{"jobs":58,"pop":147,"pointCount":2,"homeWorkCommuteMedian":5044,"workHomeCommuteMedian":5452},"geometry":{"type":"Polygon","coordinates":[[[120.55229031673521,22.58072507598719],[120.55229031673521,22.589718279624435],[120.56128352037246,22.589718279624435],[120.56128352037246,22.58072507598719],[120.55229031673521,22.58072507598719]]]}},{"type":"Feature","properties":{"jobs":151,"pop":629,"pointCount":7,"homeWorkCommuteMedian":17267,"workHomeCommuteMedian":11813},"geometry":{"type":"Polygon","coordinates":[[[120.55229031673521,22.589718279624435],[120.55229031673521,22.59871148326168],[120.56128352037246,22.59871148326168],[120.56128352037246,22.589718279624435],[120.55229031673521,22.589718279624435]]]}},{"type":"Feature","properties":{"jobs":3032,"pop":109,"pointCount":6,"homeWorkCommuteMedian":8282,"workHomeCommuteMedian":11400},"geometry":{"type":"Polygon","coordinates":[[[120.55229031673521,22.59871148326168],[120.55229031673521,22.607704686898927],[120.56128352037246,22.607704686898927],[120.56128352037246,22.59871148326168],[120.55229031673521,22.59871148326168]]]}},{"type":"Feature","properties":{"jobs":137,"pop":290,"pointCount":5,"homeWorkCommuteMedian":8892,"workHomeCommuteMedian":11834},"geometry":{"type":"Polygon","coordinates":[[[120.55229031673521,22.607704686898927],[120.55229031673521,22.616697890536173],[120.56128352037246,22.616697890536173],[120.56128352037246,22.607704686898927],[120.55229031673521,22.607704686898927]]]}},{"type":"Feature","properties":{"jobs":293,"pop":606,"pointCount":6,"homeWorkCommuteMedian":5287,"workHomeCommuteMedian":8920},"geometry":{"type":"Polygon","coordinates":[[[120.55229031673521,22.616697890536173],[120.55229031673521,22.62569109417342],[120.56128352037246,22.62569109417342],[120.56128352037246,22.616697890536173],[120.55229031673521,22.616697890536173]]]}},{"type":"Feature","properties":{"jobs":0,"pop":129,"pointCount":2,"homeWorkCommuteMedian":22500,"workHomeCommuteMedian":-1},"geometry":{"type":"Polygon","coordinates":[[[120.55229031673521,22.62569109417342],[120.55229031673521,22.634684297810665],[120.56128352037246,22.634684297810665],[120.56128352037246,22.62569109417342],[120.55229031673521,22.62569109417342]]]}},{"type":"Feature","properties":{"jobs":0,"pop":144,"pointCount":2,"homeWorkCommuteMedian":27324,"workHomeCommuteMedian":-1},"geometry":{"type":"Polygon","coordinates":[[[120.55229031673521,22.634684297810665],[120.55229031673521,22.64367750144791],[120.56128352037246,22.64367750144791],[120.56128352037246,22.634684297810665],[120.55229031673521,22.634684297810665]]]}},{"type":"Feature","properties":{"jobs":551,"pop":179,"pointCount":8,"homeWorkCommuteMedian":11694,"workHomeCommuteMedian":13422},"geometry":{"type":"Polygon","coordinates":[[[120.55229031673521,22.64367750144791],[120.55229031673521,22.652670705085157],[120.56128352037246,22.652670705085157],[120.56128352037246,22.64367750144791],[120.55229031673521,22.64367750144791]]]}},{"type":"Feature","properties":{"jobs":117,"pop":0,"pointCount":2,"homeWorkCommuteMedian":-1,"workHomeCommuteMedian":8700},"geometry":{"type":"Polygon","coordinates":[[[120.55229031673521,22.652670705085157],[120.55229031673521,22.661663908722403],[120.56128352037246,22.661663908722403],[120.56128352037246,22.652670705085157],[120.55229031673521,22.652670705085157]]]}},{"type":"Feature","properties":{"jobs":163,"pop":0,"pointCount":2,"homeWorkCommuteMedian":-1,"workHomeCommuteMedian":9211},"geometry":{"type":"Polygon","coordinates":[[[120.55229031673521,22.661663908722403],[120.55229031673521,22.67065711235965],[120.56128352037246,22.67065711235965],[120.56128352037246,22.661663908722403],[120.55229031673521,22.661663908722403]]]}},{"type":"Feature","properties":{"jobs":203,"pop":330,"pointCount":6,"homeWorkCommuteMedian":5911,"workHomeCommuteMedian":9608},"geometry":{"type":"Polygon","coordinates":[[[120.55229031673521,22.67065711235965],[120.55229031673521,22.679650315996895],[120.56128352037246,22.679650315996895],[120.56128352037246,22.67065711235965],[120.55229031673521,22.67065711235965]]]}},{"type":"Feature","properties":{"jobs":107,"pop":63,"pointCount":4,"homeWorkCommuteMedian":36011,"workHomeCommuteMedian":37742},"geometry":{"type":"Polygon","coordinates":[[[120.55229031673521,22.679650315996895],[120.55229031673521,22.68864351963414],[120.56128352037246,22.68864351963414],[120.56128352037246,22.679650315996895],[120.55229031673521,22.679650315996895]]]}},{"type":"Feature","properties":{"jobs":338,"pop":89,"pointCount":5,"homeWorkCommuteMedian":6628,"workHomeCommuteMedian":5218},"geometry":{"type":"Polygon","coordinates":[[[120.55229031673521,22.68864351963414],[120.55229031673521,22.697636723271387],[120.56128352037246,22.697636723271387],[120.56128352037246,22.68864351963414],[120.55229031673521,22.68864351963414]]]}},{"type":"Feature","properties":{"jobs":164,"pop":0,"pointCount":3,"homeWorkCommuteMedian":-1,"workHomeCommuteMedian":5313},"geometry":{"type":"Polygon","coordinates":[[[120.55229031673521,22.697636723271387],[120.55229031673521,22.706629926908633],[120.56128352037246,22.706629926908633],[120.56128352037246,22.697636723271387],[120.55229031673521,22.697636723271387]]]}},{"type":"Feature","properties":{"jobs":0,"pop":51,"pointCount":1,"homeWorkCommuteMedian":40681,"workHomeCommuteMedian":-1},"geometry":{"type":"Polygon","coordinates":[[[120.55229031673521,22.706629926908633],[120.55229031673521,22.71562313054588],[120.56128352037246,22.71562313054588],[120.56128352037246,22.706629926908633],[120.55229031673521,22.706629926908633]]]}},{"type":"Feature","properties":{"jobs":198,"pop":0,"pointCount":2,"homeWorkCommuteMedian":-1,"workHomeCommuteMedian":14937},"geometry":{"type":"Polygon","coordinates":[[[120.55229031673521,22.71562313054588],[120.55229031673521,22.724616334183125],[120.56128352037246,22.724616334183125],[120.56128352037246,22.71562313054588],[120.55229031673521,22.71562313054588]]]}},{"type":"Feature","properties":{"jobs":42,"pop":49,"pointCount":2,"homeWorkCommuteMedian":11798,"workHomeCommuteMedian":2615},"geometry":{"type":"Polygon","coordinates":[[[120.55229031673521,22.724616334183125],[120.55229031673521,22.73360953782037],[120.56128352037246,22.73360953782037],[120.56128352037246,22.724616334183125],[120.55229031673521,22.724616334183125]]]}},{"type":"Feature","properties":{"jobs":546,"pop":2877,"pointCount":11,"homeWorkCommuteMedian":10077,"workHomeCommuteMedian":2349},"geometry":{"type":"Polygon","coordinates":[[[120.55229031673521,22.73360953782037],[120.55229031673521,22.742602741457617],[120.56128352037246,22.742602741457617],[120.56128352037246,22.73360953782037],[120.55229031673521,22.73360953782037]]]}},{"type":"Feature","properties":{"jobs":263,"pop":385,"pointCount":7,"homeWorkCommuteMedian":15132,"workHomeCommuteMedian":3719},"geometry":{"type":"Polygon","coordinates":[[[120.55229031673521,22.742602741457617],[120.55229031673521,22.751595945094863],[120.56128352037246,22.751595945094863],[120.56128352037246,22.742602741457617],[120.55229031673521,22.742602741457617]]]}},{"type":"Feature","properties":{"jobs":52,"pop":397,"pointCount":3,"homeWorkCommuteMedian":12044,"workHomeCommuteMedian":2862},"geometry":{"type":"Polygon","coordinates":[[[120.55229031673521,22.751595945094863],[120.55229031673521,22.76058914873211],[120.56128352037246,22.76058914873211],[120.56128352037246,22.751595945094863],[120.55229031673521,22.751595945094863]]]}},{"type":"Feature","properties":{"jobs":0,"pop":152,"pointCount":2,"homeWorkCommuteMedian":9957,"workHomeCommuteMedian":-1},"geometry":{"type":"Polygon","coordinates":[[[120.55229031673521,22.76058914873211],[120.55229031673521,22.769582352369355],[120.56128352037246,22.769582352369355],[120.56128352037246,22.76058914873211],[120.55229031673521,22.76058914873211]]]}},{"type":"Feature","properties":{"jobs":147,"pop":335,"pointCount":5,"homeWorkCommuteMedian":17622,"workHomeCommuteMedian":6401},"geometry":{"type":"Polygon","coordinates":[[[120.55229031673521,22.7785755560066],[120.55229031673521,22.787568759643847],[120.56128352037246,22.787568759643847],[120.56128352037246,22.7785755560066],[120.55229031673521,22.7785755560066]]]}},{"type":"Feature","properties":{"jobs":0,"pop":50,"pointCount":1,"homeWorkCommuteMedian":40325,"workHomeCommuteMedian":-1},"geometry":{"type":"Polygon","coordinates":[[[120.55229031673521,22.787568759643847],[120.55229031673521,22.796561963281093],[120.56128352037246,22.796561963281093],[120.56128352037246,22.787568759643847],[120.55229031673521,22.787568759643847]]]}},{"type":"Feature","properties":{"jobs":0,"pop":33,"pointCount":1,"homeWorkCommuteMedian":45260,"workHomeCommuteMedian":-1},"geometry":{"type":"Polygon","coordinates":[[[120.55229031673521,22.796561963281093],[120.55229031673521,22.80555516691834],[120.56128352037246,22.80555516691834],[120.56128352037246,22.796561963281093],[120.55229031673521,22.796561963281093]]]}},{"type":"Feature","properties":{"jobs":31,"pop":44,"pointCount":2,"homeWorkCommuteMedian":47082,"workHomeCommuteMedian":42650},"geometry":{"type":"Polygon","coordinates":[[[120.55229031673521,22.841527981467323],[120.55229031673521,22.85052118510457],[120.56128352037246,22.85052118510457],[120.56128352037246,22.841527981467323],[120.55229031673521,22.841527981467323]]]}},{"type":"Feature","properties":{"jobs":0,"pop":128,"pointCount":3,"homeWorkCommuteMedian":46407,"workHomeCommuteMedian":-1},"geometry":{"type":"Polygon","coordinates":[[[120.55229031673521,22.85052118510457],[120.55229031673521,22.859514388741815],[120.56128352037246,22.859514388741815],[120.56128352037246,22.85052118510457],[120.55229031673521,22.85052118510457]]]}},{"type":"Feature","properties":{"jobs":70,"pop":534,"pointCount":6,"homeWorkCommuteMedian":45353,"workHomeCommuteMedian":8810},"geometry":{"type":"Polygon","coordinates":[[[120.55229031673521,22.859514388741815],[120.55229031673521,22.86850759237906],[120.56128352037246,22.86850759237906],[120.56128352037246,22.859514388741815],[120.55229031673521,22.859514388741815]]]}},{"type":"Feature","properties":{"jobs":0,"pop":308,"pointCount":5,"homeWorkCommuteMedian":38439,"workHomeCommuteMedian":-1},"geometry":{"type":"Polygon","coordinates":[[[120.55229031673521,22.86850759237906],[120.55229031673521,22.877500796016307],[120.56128352037246,22.877500796016307],[120.56128352037246,22.86850759237906],[120.55229031673521,22.86850759237906]]]}},{"type":"Feature","properties":{"jobs":145,"pop":124,"pointCount":3,"homeWorkCommuteMedian":43083,"workHomeCommuteMedian":3405},"geometry":{"type":"Polygon","coordinates":[[[120.55229031673521,22.877500796016307],[120.55229031673521,22.886493999653553],[120.56128352037246,22.886493999653553],[120.56128352037246,22.877500796016307],[120.55229031673521,22.877500796016307]]]}},{"type":"Feature","properties":{"jobs":0,"pop":105,"pointCount":3,"homeWorkCommuteMedian":51334,"workHomeCommuteMedian":-1},"geometry":{"type":"Polygon","coordinates":[[[120.55229031673521,22.886493999653553],[120.55229031673521,22.8954872032908],[120.56128352037246,22.8954872032908],[120.56128352037246,22.886493999653553],[120.55229031673521,22.886493999653553]]]}},{"type":"Feature","properties":{"jobs":33,"pop":192,"pointCount":3,"homeWorkCommuteMedian":6939,"workHomeCommuteMedian":3737},"geometry":{"type":"Polygon","coordinates":[[[120.55229031673521,22.8954872032908],[120.55229031673521,22.904480406928045],[120.56128352037246,22.904480406928045],[120.56128352037246,22.8954872032908],[120.55229031673521,22.8954872032908]]]}},{"type":"Feature","properties":{"jobs":48,"pop":69,"pointCount":4,"homeWorkCommuteMedian":50395,"workHomeCommuteMedian":36079},"geometry":{"type":"Polygon","coordinates":[[[120.55229031673521,22.904480406928045],[120.55229031673521,22.91347361056529],[120.56128352037246,22.91347361056529],[120.56128352037246,22.904480406928045],[120.55229031673521,22.904480406928045]]]}},{"type":"Feature","properties":{"jobs":34,"pop":224,"pointCount":5,"homeWorkCommuteMedian":28510,"workHomeCommuteMedian":2810},"geometry":{"type":"Polygon","coordinates":[[[120.55229031673521,22.91347361056529],[120.55229031673521,22.922466814202537],[120.56128352037246,22.922466814202537],[120.56128352037246,22.91347361056529],[120.55229031673521,22.91347361056529]]]}},{"type":"Feature","properties":{"jobs":0,"pop":25,"pointCount":1,"homeWorkCommuteMedian":58440,"workHomeCommuteMedian":-1},"geometry":{"type":"Polygon","coordinates":[[[120.55229031673521,22.949446425114274],[120.55229031673521,22.95843962875152],[120.56128352037246,22.95843962875152],[120.56128352037246,22.949446425114274],[120.55229031673521,22.949446425114274]]]}},{"type":"Feature","properties":{"jobs":0,"pop":26,"pointCount":1,"homeWorkCommuteMedian":54932,"workHomeCommuteMedian":-1},"geometry":{"type":"Polygon","coordinates":[[[120.55229031673521,22.95843962875152],[120.55229031673521,22.967432832388766],[120.56128352037246,22.967432832388766],[120.56128352037246,22.95843962875152],[120.55229031673521,22.95843962875152]]]}},{"type":"Feature","properties":{"jobs":61,"pop":297,"pointCount":4,"homeWorkCommuteMedian":56442,"workHomeCommuteMedian":7019},"geometry":{"type":"Polygon","coordinates":[[[120.55229031673521,22.976426036026012],[120.55229031673521,22.98541923966326],[120.56128352037246,22.98541923966326],[120.56128352037246,22.976426036026012],[120.55229031673521,22.976426036026012]]]}},{"type":"Feature","properties":{"jobs":0,"pop":77,"pointCount":1,"homeWorkCommuteMedian":53556,"workHomeCommuteMedian":-1},"geometry":{"type":"Polygon","coordinates":[[[120.55229031673521,22.98541923966326],[120.55229031673521,22.994412443300504],[120.56128352037246,22.994412443300504],[120.56128352037246,22.98541923966326],[120.55229031673521,22.98541923966326]]]}},{"type":"Feature","properties":{"jobs":0,"pop":102,"pointCount":2,"homeWorkCommuteMedian":58869,"workHomeCommuteMedian":-1},"geometry":{"type":"Polygon","coordinates":[[[120.55229031673521,22.994412443300504],[120.55229031673521,23.00340564693775],[120.56128352037246,23.00340564693775],[120.56128352037246,22.994412443300504],[120.55229031673521,22.994412443300504]]]}},{"type":"Feature","properties":{"jobs":0,"pop":181,"pointCount":2,"homeWorkCommuteMedian":57828,"workHomeCommuteMedian":-1},"geometry":{"type":"Polygon","coordinates":[[[120.55229031673521,23.012398850574996],[120.55229031673521,23.021392054212242],[120.56128352037246,23.021392054212242],[120.56128352037246,23.012398850574996],[120.55229031673521,23.012398850574996]]]}},{"type":"Feature","properties":{"jobs":0,"pop":75,"pointCount":1,"homeWorkCommuteMedian":56038,"workHomeCommuteMedian":-1},"geometry":{"type":"Polygon","coordinates":[[[120.55229031673521,23.039378461486734],[120.55229031673521,23.04837166512398],[120.56128352037246,23.04837166512398],[120.56128352037246,23.039378461486734],[120.55229031673521,23.039378461486734]]]}},{"type":"Feature","properties":{"jobs":48,"pop":181,"pointCount":2,"homeWorkCommuteMedian":65822,"workHomeCommuteMedian":8571},"geometry":{"type":"Polygon","coordinates":[[[120.55229031673521,23.04837166512398],[120.55229031673521,23.057364868761226],[120.56128352037246,23.057364868761226],[120.56128352037246,23.04837166512398],[120.55229031673521,23.04837166512398]]]}},{"type":"Feature","properties":{"jobs":58,"pop":52,"pointCount":2,"homeWorkCommuteMedian":2220,"workHomeCommuteMedian":2442},"geometry":{"type":"Polygon","coordinates":[[[120.56128352037246,22.391867799605023],[120.56128352037246,22.40086100324227],[120.5702767240097,22.40086100324227],[120.5702767240097,22.391867799605023],[120.56128352037246,22.391867799605023]]]}},{"type":"Feature","properties":{"jobs":440,"pop":180,"pointCount":2,"homeWorkCommuteMedian":50799,"workHomeCommuteMedian":8029},"geometry":{"type":"Polygon","coordinates":[[[120.56128352037246,22.40086100324227],[120.56128352037246,22.409854206879515],[120.5702767240097,22.409854206879515],[120.5702767240097,22.40086100324227],[120.56128352037246,22.40086100324227]]]}},{"type":"Feature","properties":{"jobs":407,"pop":0,"pointCount":5,"homeWorkCommuteMedian":-1,"workHomeCommuteMedian":5822},"geometry":{"type":"Polygon","coordinates":[[[120.56128352037246,22.409854206879515],[120.56128352037246,22.41884741051676],[120.5702767240097,22.41884741051676],[120.5702767240097,22.409854206879515],[120.56128352037246,22.409854206879515]]]}},{"type":"Feature","properties":{"jobs":143,"pop":803,"pointCount":7,"homeWorkCommuteMedian":45077,"workHomeCommuteMedian":5497},"geometry":{"type":"Polygon","coordinates":[[[120.56128352037246,22.41884741051676],[120.56128352037246,22.427840614154007],[120.5702767240097,22.427840614154007],[120.5702767240097,22.41884741051676],[120.56128352037246,22.41884741051676]]]}},{"type":"Feature","properties":{"jobs":183,"pop":1702,"pointCount":9,"homeWorkCommuteMedian":40154,"workHomeCommuteMedian":4284},"geometry":{"type":"Polygon","coordinates":[[[120.56128352037246,22.427840614154007],[120.56128352037246,22.436833817791253],[120.5702767240097,22.436833817791253],[120.5702767240097,22.427840614154007],[120.56128352037246,22.427840614154007]]]}},{"type":"Feature","properties":{"jobs":103,"pop":65,"pointCount":4,"homeWorkCommuteMedian":52415,"workHomeCommuteMedian":6155},"geometry":{"type":"Polygon","coordinates":[[[120.56128352037246,22.436833817791253],[120.56128352037246,22.4458270214285],[120.5702767240097,22.4458270214285],[120.5702767240097,22.436833817791253],[120.56128352037246,22.436833817791253]]]}},{"type":"Feature","properties":{"jobs":0,"pop":441,"pointCount":4,"homeWorkCommuteMedian":17522,"workHomeCommuteMedian":-1},"geometry":{"type":"Polygon","coordinates":[[[120.56128352037246,22.4458270214285],[120.56128352037246,22.454820225065745],[120.5702767240097,22.454820225065745],[120.5702767240097,22.4458270214285],[120.56128352037246,22.4458270214285]]]}},{"type":"Feature","properties":{"jobs":0,"pop":147,"pointCount":2,"homeWorkCommuteMedian":36591,"workHomeCommuteMedian":-1},"geometry":{"type":"Polygon","coordinates":[[[120.56128352037246,22.46381342870299],[120.56128352037246,22.472806632340237],[120.5702767240097,22.472806632340237],[120.5702767240097,22.46381342870299],[120.56128352037246,22.46381342870299]]]}},{"type":"Feature","properties":{"jobs":0,"pop":276,"pointCount":2,"homeWorkCommuteMedian":57669,"workHomeCommuteMedian":-1},"geometry":{"type":"Polygon","coordinates":[[[120.56128352037246,22.472806632340237],[120.56128352037246,22.481799835977483],[120.5702767240097,22.481799835977483],[120.5702767240097,22.472806632340237],[120.56128352037246,22.472806632340237]]]}},{"type":"Feature","properties":{"jobs":52,"pop":0,"pointCount":1,"homeWorkCommuteMedian":-1,"workHomeCommuteMedian":10427},"geometry":{"type":"Polygon","coordinates":[[[120.56128352037246,22.481799835977483],[120.56128352037246,22.49079303961473],[120.5702767240097,22.49079303961473],[120.5702767240097,22.481799835977483],[120.56128352037246,22.481799835977483]]]}},{"type":"Feature","properties":{"jobs":0,"pop":120,"pointCount":2,"homeWorkCommuteMedian":5457,"workHomeCommuteMedian":-1},"geometry":{"type":"Polygon","coordinates":[[[120.56128352037246,22.50877944688922],[120.56128352037246,22.517772650526467],[120.5702767240097,22.517772650526467],[120.5702767240097,22.50877944688922],[120.56128352037246,22.50877944688922]]]}},{"type":"Feature","properties":{"jobs":205,"pop":322,"pointCount":5,"homeWorkCommuteMedian":4544,"workHomeCommuteMedian":14089},"geometry":{"type":"Polygon","coordinates":[[[120.56128352037246,22.517772650526467],[120.56128352037246,22.526765854163713],[120.5702767240097,22.526765854163713],[120.5702767240097,22.517772650526467],[120.56128352037246,22.517772650526467]]]}},{"type":"Feature","properties":{"jobs":119,"pop":66,"pointCount":4,"homeWorkCommuteMedian":4090,"workHomeCommuteMedian":15340},"geometry":{"type":"Polygon","coordinates":[[[120.56128352037246,22.526765854163713],[120.56128352037246,22.53575905780096],[120.5702767240097,22.53575905780096],[120.5702767240097,22.526765854163713],[120.56128352037246,22.526765854163713]]]}},{"type":"Feature","properties":{"jobs":0,"pop":168,"pointCount":2,"homeWorkCommuteMedian":17008,"workHomeCommuteMedian":-1},"geometry":{"type":"Polygon","coordinates":[[[120.56128352037246,22.53575905780096],[120.56128352037246,22.544752261438205],[120.5702767240097,22.544752261438205],[120.5702767240097,22.53575905780096],[120.56128352037246,22.53575905780096]]]}},{"type":"Feature","properties":{"jobs":105,"pop":486,"pointCount":7,"homeWorkCommuteMedian":14578,"workHomeCommuteMedian":5084},"geometry":{"type":"Polygon","coordinates":[[[120.56128352037246,22.544752261438205],[120.56128352037246,22.55374546507545],[120.5702767240097,22.55374546507545],[120.5702767240097,22.544752261438205],[120.56128352037246,22.544752261438205]]]}},{"type":"Feature","properties":{"jobs":90,"pop":144,"pointCount":3,"homeWorkCommuteMedian":33763,"workHomeCommuteMedian":4572},"geometry":{"type":"Polygon","coordinates":[[[120.56128352037246,22.55374546507545],[120.56128352037246,22.562738668712697],[120.5702767240097,22.562738668712697],[120.5702767240097,22.55374546507545],[120.56128352037246,22.55374546507545]]]}},{"type":"Feature","properties":{"jobs":93,"pop":324,"pointCount":4,"homeWorkCommuteMedian":24974,"workHomeCommuteMedian":22410},"geometry":{"type":"Polygon","coordinates":[[[120.56128352037246,22.562738668712697],[120.56128352037246,22.571731872349943],[120.5702767240097,22.571731872349943],[120.5702767240097,22.562738668712697],[120.56128352037246,22.562738668712697]]]}},{"type":"Feature","properties":{"jobs":255,"pop":770,"pointCount":8,"homeWorkCommuteMedian":9618,"workHomeCommuteMedian":2130},"geometry":{"type":"Polygon","coordinates":[[[120.56128352037246,22.571731872349943],[120.56128352037246,22.58072507598719],[120.5702767240097,22.58072507598719],[120.5702767240097,22.571731872349943],[120.56128352037246,22.571731872349943]]]}},{"type":"Feature","properties":{"jobs":0,"pop":63,"pointCount":1,"homeWorkCommuteMedian":11456,"workHomeCommuteMedian":-1},"geometry":{"type":"Polygon","coordinates":[[[120.56128352037246,22.589718279624435],[120.56128352037246,22.59871148326168],[120.5702767240097,22.59871148326168],[120.5702767240097,22.589718279624435],[120.56128352037246,22.589718279624435]]]}},{"type":"Feature","properties":{"jobs":484,"pop":1738,"pointCount":11,"homeWorkCommuteMedian":12605,"workHomeCommuteMedian":3842},"geometry":{"type":"Polygon","coordinates":[[[120.56128352037246,22.59871148326168],[120.56128352037246,22.607704686898927],[120.5702767240097,22.607704686898927],[120.5702767240097,22.59871148326168],[120.56128352037246,22.59871148326168]]]}},{"type":"Feature","properties":{"jobs":1476,"pop":1978,"pointCount":10,"homeWorkCommuteMedian":7483,"workHomeCommuteMedian":4892},"geometry":{"type":"Polygon","coordinates":[[[120.56128352037246,22.607704686898927],[120.56128352037246,22.616697890536173],[120.5702767240097,22.616697890536173],[120.5702767240097,22.607704686898927],[120.56128352037246,22.607704686898927]]]}},{"type":"Feature","properties":{"jobs":776,"pop":1220,"pointCount":7,"homeWorkCommuteMedian":8043,"workHomeCommuteMedian":5044},"geometry":{"type":"Polygon","coordinates":[[[120.56128352037246,22.616697890536173],[120.56128352037246,22.62569109417342],[120.5702767240097,22.62569109417342],[120.5702767240097,22.616697890536173],[120.56128352037246,22.616697890536173]]]}},{"type":"Feature","properties":{"jobs":97,"pop":383,"pointCount":4,"homeWorkCommuteMedian":4131,"workHomeCommuteMedian":16469},"geometry":{"type":"Polygon","coordinates":[[[120.56128352037246,22.62569109417342],[120.56128352037246,22.634684297810665],[120.5702767240097,22.634684297810665],[120.5702767240097,22.62569109417342],[120.56128352037246,22.62569109417342]]]}},{"type":"Feature","properties":{"jobs":0,"pop":402,"pointCount":4,"homeWorkCommuteMedian":6915,"workHomeCommuteMedian":-1},"geometry":{"type":"Polygon","coordinates":[[[120.56128352037246,22.634684297810665],[120.56128352037246,22.64367750144791],[120.5702767240097,22.64367750144791],[120.5702767240097,22.634684297810665],[120.56128352037246,22.634684297810665]]]}},{"type":"Feature","properties":{"jobs":0,"pop":104,"pointCount":3,"homeWorkCommuteMedian":8550,"workHomeCommuteMedian":-1},"geometry":{"type":"Polygon","coordinates":[[[120.56128352037246,22.64367750144791],[120.56128352037246,22.652670705085157],[120.5702767240097,22.652670705085157],[120.5702767240097,22.64367750144791],[120.56128352037246,22.64367750144791]]]}},{"type":"Feature","properties":{"jobs":0,"pop":192,"pointCount":3,"homeWorkCommuteMedian":30023,"workHomeCommuteMedian":-1},"geometry":{"type":"Polygon","coordinates":[[[120.56128352037246,22.652670705085157],[120.56128352037246,22.661663908722403],[120.5702767240097,22.661663908722403],[120.5702767240097,22.652670705085157],[120.56128352037246,22.652670705085157]]]}},{"type":"Feature","properties":{"jobs":1143,"pop":32,"pointCount":8,"homeWorkCommuteMedian":7885,"workHomeCommuteMedian":5871},"geometry":{"type":"Polygon","coordinates":[[[120.56128352037246,22.661663908722403],[120.56128352037246,22.67065711235965],[120.5702767240097,22.67065711235965],[120.5702767240097,22.661663908722403],[120.56128352037246,22.661663908722403]]]}},{"type":"Feature","properties":{"jobs":1183,"pop":0,"pointCount":2,"homeWorkCommuteMedian":-1,"workHomeCommuteMedian":8006},"geometry":{"type":"Polygon","coordinates":[[[120.56128352037246,22.67065711235965],[120.56128352037246,22.679650315996895],[120.5702767240097,22.679650315996895],[120.5702767240097,22.67065711235965],[120.56128352037246,22.67065711235965]]]}},{"type":"Feature","properties":{"jobs":225,"pop":401,"pointCount":5,"homeWorkCommuteMedian":9633,"workHomeCommuteMedian":7311},"geometry":{"type":"Polygon","coordinates":[[[120.56128352037246,22.697636723271387],[120.56128352037246,22.706629926908633],[120.5702767240097,22.706629926908633],[120.5702767240097,22.697636723271387],[120.56128352037246,22.697636723271387]]]}},{"type":"Feature","properties":{"jobs":101,"pop":33,"pointCount":3,"homeWorkCommuteMedian":29867,"workHomeCommuteMedian":15261},"geometry":{"type":"Polygon","coordinates":[[[120.56128352037246,22.706629926908633],[120.56128352037246,22.71562313054588],[120.5702767240097,22.71562313054588],[120.5702767240097,22.706629926908633],[120.56128352037246,22.706629926908633]]]}},{"type":"Feature","properties":{"jobs":41,"pop":140,"pointCount":3,"homeWorkCommuteMedian":28305,"workHomeCommuteMedian":3799},"geometry":{"type":"Polygon","coordinates":[[[120.56128352037246,22.73360953782037],[120.56128352037246,22.742602741457617],[120.5702767240097,22.742602741457617],[120.5702767240097,22.73360953782037],[120.56128352037246,22.73360953782037]]]}},{"type":"Feature","properties":{"jobs":320,"pop":132,"pointCount":5,"homeWorkCommuteMedian":2851,"workHomeCommuteMedian":2256},"geometry":{"type":"Polygon","coordinates":[[[120.56128352037246,22.742602741457617],[120.56128352037246,22.751595945094863],[120.5702767240097,22.751595945094863],[120.5702767240097,22.742602741457617],[120.56128352037246,22.742602741457617]]]}},{"type":"Feature","properties":{"jobs":215,"pop":186,"pointCount":6,"homeWorkCommuteMedian":12623,"workHomeCommuteMedian":2846},"geometry":{"type":"Polygon","coordinates":[[[120.56128352037246,22.751595945094863],[120.56128352037246,22.76058914873211],[120.5702767240097,22.76058914873211],[120.5702767240097,22.751595945094863],[120.56128352037246,22.751595945094863]]]}},{"type":"Feature","properties":{"jobs":49,"pop":0,"pointCount":2,"homeWorkCommuteMedian":-1,"workHomeCommuteMedian":8402},"geometry":{"type":"Polygon","coordinates":[[[120.56128352037246,22.76058914873211],[120.56128352037246,22.769582352369355],[120.5702767240097,22.769582352369355],[120.5702767240097,22.76058914873211],[120.56128352037246,22.76058914873211]]]}},{"type":"Feature","properties":{"jobs":104,"pop":139,"pointCount":3,"homeWorkCommuteMedian":31606,"workHomeCommuteMedian":39200},"geometry":{"type":"Polygon","coordinates":[[[120.56128352037246,22.7785755560066],[120.56128352037246,22.787568759643847],[120.5702767240097,22.787568759643847],[120.5702767240097,22.7785755560066],[120.56128352037246,22.7785755560066]]]}},{"type":"Feature","properties":{"jobs":70,"pop":352,"pointCount":4,"homeWorkCommuteMedian":39625,"workHomeCommuteMedian":16299},"geometry":{"type":"Polygon","coordinates":[[[120.56128352037246,22.787568759643847],[120.56128352037246,22.796561963281093],[120.5702767240097,22.796561963281093],[120.5702767240097,22.787568759643847],[120.56128352037246,22.787568759643847]]]}},{"type":"Feature","properties":{"jobs":0,"pop":245,"pointCount":2,"homeWorkCommuteMedian":39634,"workHomeCommuteMedian":-1},"geometry":{"type":"Polygon","coordinates":[[[120.56128352037246,22.796561963281093],[120.56128352037246,22.80555516691834],[120.5702767240097,22.80555516691834],[120.5702767240097,22.796561963281093],[120.56128352037246,22.796561963281093]]]}},{"type":"Feature","properties":{"jobs":57,"pop":0,"pointCount":1,"homeWorkCommuteMedian":-1,"workHomeCommuteMedian":14677},"geometry":{"type":"Polygon","coordinates":[[[120.56128352037246,22.814548370555585],[120.56128352037246,22.82354157419283],[120.5702767240097,22.82354157419283],[120.5702767240097,22.814548370555585],[120.56128352037246,22.814548370555585]]]}},{"type":"Feature","properties":{"jobs":0,"pop":48,"pointCount":1,"homeWorkCommuteMedian":45060,"workHomeCommuteMedian":-1},"geometry":{"type":"Polygon","coordinates":[[[120.56128352037246,22.85052118510457],[120.56128352037246,22.859514388741815],[120.5702767240097,22.859514388741815],[120.5702767240097,22.85052118510457],[120.56128352037246,22.85052118510457]]]}},{"type":"Feature","properties":{"jobs":81,"pop":368,"pointCount":5,"homeWorkCommuteMedian":44691,"workHomeCommuteMedian":8286},"geometry":{"type":"Polygon","coordinates":[[[120.56128352037246,22.859514388741815],[120.56128352037246,22.86850759237906],[120.5702767240097,22.86850759237906],[120.5702767240097,22.859514388741815],[120.56128352037246,22.859514388741815]]]}},{"type":"Feature","properties":{"jobs":0,"pop":311,"pointCount":4,"homeWorkCommuteMedian":47885,"workHomeCommuteMedian":-1},"geometry":{"type":"Polygon","coordinates":[[[120.56128352037246,22.86850759237906],[120.56128352037246,22.877500796016307],[120.5702767240097,22.877500796016307],[120.5702767240097,22.86850759237906],[120.56128352037246,22.86850759237906]]]}},{"type":"Feature","properties":{"jobs":104,"pop":215,"pointCount":4,"homeWorkCommuteMedian":8499,"workHomeCommuteMedian":6629},"geometry":{"type":"Polygon","coordinates":[[[120.56128352037246,22.877500796016307],[120.56128352037246,22.886493999653553],[120.5702767240097,22.886493999653553],[120.5702767240097,22.877500796016307],[120.56128352037246,22.877500796016307]]]}},{"type":"Feature","properties":{"jobs":0,"pop":65,"pointCount":1,"homeWorkCommuteMedian":49229,"workHomeCommuteMedian":-1},"geometry":{"type":"Polygon","coordinates":[[[120.56128352037246,22.886493999653553],[120.56128352037246,22.8954872032908],[120.5702767240097,22.8954872032908],[120.5702767240097,22.886493999653553],[120.56128352037246,22.886493999653553]]]}},{"type":"Feature","properties":{"jobs":27,"pop":142,"pointCount":4,"homeWorkCommuteMedian":49912,"workHomeCommuteMedian":3140},"geometry":{"type":"Polygon","coordinates":[[[120.56128352037246,22.904480406928045],[120.56128352037246,22.91347361056529],[120.5702767240097,22.91347361056529],[120.5702767240097,22.904480406928045],[120.56128352037246,22.904480406928045]]]}},{"type":"Feature","properties":{"jobs":197,"pop":583,"pointCount":9,"homeWorkCommuteMedian":32536,"workHomeCommuteMedian":6596},"geometry":{"type":"Polygon","coordinates":[[[120.56128352037246,22.91347361056529],[120.56128352037246,22.922466814202537],[120.5702767240097,22.922466814202537],[120.5702767240097,22.91347361056529],[120.56128352037246,22.91347361056529]]]}},{"type":"Feature","properties":{"jobs":0,"pop":24,"pointCount":1,"homeWorkCommuteMedian":36655,"workHomeCommuteMedian":-1},"geometry":{"type":"Polygon","coordinates":[[[120.56128352037246,22.922466814202537],[120.56128352037246,22.931460017839782],[120.5702767240097,22.931460017839782],[120.5702767240097,22.922466814202537],[120.56128352037246,22.922466814202537]]]}},{"type":"Feature","properties":{"jobs":0,"pop":49,"pointCount":1,"homeWorkCommuteMedian":51086,"workHomeCommuteMedian":-1},"geometry":{"type":"Polygon","coordinates":[[[120.56128352037246,22.967432832388766],[120.56128352037246,22.976426036026012],[120.5702767240097,22.976426036026012],[120.5702767240097,22.967432832388766],[120.56128352037246,22.967432832388766]]]}},{"type":"Feature","properties":{"jobs":36,"pop":279,"pointCount":4,"homeWorkCommuteMedian":51275,"workHomeCommuteMedian":9612},"geometry":{"type":"Polygon","coordinates":[[[120.56128352037246,22.98541923966326],[120.56128352037246,22.994412443300504],[120.5702767240097,22.994412443300504],[120.5702767240097,22.98541923966326],[120.56128352037246,22.98541923966326]]]}},{"type":"Feature","properties":{"jobs":0,"pop":55,"pointCount":1,"homeWorkCommuteMedian":58895,"workHomeCommuteMedian":-1},"geometry":{"type":"Polygon","coordinates":[[[120.56128352037246,23.00340564693775],[120.56128352037246,23.012398850574996],[120.5702767240097,23.012398850574996],[120.5702767240097,23.00340564693775],[120.56128352037246,23.00340564693775]]]}},{"type":"Feature","properties":{"jobs":0,"pop":80,"pointCount":1,"homeWorkCommuteMedian":60096,"workHomeCommuteMedian":-1},"geometry":{"type":"Polygon","coordinates":[[[120.56128352037246,23.012398850574996],[120.56128352037246,23.021392054212242],[120.5702767240097,23.021392054212242],[120.5702767240097,23.012398850574996],[120.56128352037246,23.012398850574996]]]}},{"type":"Feature","properties":{"jobs":32,"pop":143,"pointCount":3,"homeWorkCommuteMedian":48198,"workHomeCommuteMedian":7812},"geometry":{"type":"Polygon","coordinates":[[[120.56128352037246,23.021392054212242],[120.56128352037246,23.03038525784949],[120.5702767240097,23.03038525784949],[120.5702767240097,23.021392054212242],[120.56128352037246,23.021392054212242]]]}},{"type":"Feature","properties":{"jobs":0,"pop":101,"pointCount":2,"homeWorkCommuteMedian":61712,"workHomeCommuteMedian":-1},"geometry":{"type":"Polygon","coordinates":[[[120.56128352037246,23.03038525784949],[120.56128352037246,23.039378461486734],[120.5702767240097,23.039378461486734],[120.5702767240097,23.03038525784949],[120.56128352037246,23.03038525784949]]]}},{"type":"Feature","properties":{"jobs":0,"pop":88,"pointCount":1,"homeWorkCommuteMedian":55140,"workHomeCommuteMedian":-1},"geometry":{"type":"Polygon","coordinates":[[[120.56128352037246,23.04837166512398],[120.56128352037246,23.057364868761226],[120.5702767240097,23.057364868761226],[120.5702767240097,23.04837166512398],[120.56128352037246,23.04837166512398]]]}},{"type":"Feature","properties":{"jobs":0,"pop":122,"pointCount":1,"homeWorkCommuteMedian":4121,"workHomeCommuteMedian":-1},"geometry":{"type":"Polygon","coordinates":[[[120.56128352037246,23.057364868761226],[120.56128352037246,23.066358072398472],[120.5702767240097,23.066358072398472],[120.5702767240097,23.057364868761226],[120.56128352037246,23.057364868761226]]]}},{"type":"Feature","properties":{"jobs":0,"pop":162,"pointCount":3,"homeWorkCommuteMedian":37451,"workHomeCommuteMedian":-1},"geometry":{"type":"Polygon","coordinates":[[[120.5702767240097,22.382874595967778],[120.5702767240097,22.391867799605023],[120.57926992764695,22.391867799605023],[120.57926992764695,22.382874595967778],[120.5702767240097,22.382874595967778]]]}},{"type":"Feature","properties":{"jobs":0,"pop":538,"pointCount":5,"homeWorkCommuteMedian":6187,"workHomeCommuteMedian":-1},"geometry":{"type":"Polygon","coordinates":[[[120.5702767240097,22.391867799605023],[120.5702767240097,22.40086100324227],[120.57926992764695,22.40086100324227],[120.57926992764695,22.391867799605023],[120.5702767240097,22.391867799605023]]]}},{"type":"Feature","properties":{"jobs":1841,"pop":670,"pointCount":13,"homeWorkCommuteMedian":5329,"workHomeCommuteMedian":6483},"geometry":{"type":"Polygon","coordinates":[[[120.5702767240097,22.40086100324227],[120.5702767240097,22.409854206879515],[120.57926992764695,22.409854206879515],[120.57926992764695,22.40086100324227],[120.5702767240097,22.40086100324227]]]}},{"type":"Feature","properties":{"jobs":1118,"pop":0,"pointCount":8,"homeWorkCommuteMedian":-1,"workHomeCommuteMedian":5692},"geometry":{"type":"Polygon","coordinates":[[[120.5702767240097,22.409854206879515],[120.5702767240097,22.41884741051676],[120.57926992764695,22.41884741051676],[120.57926992764695,22.409854206879515],[120.5702767240097,22.409854206879515]]]}},{"type":"Feature","properties":{"jobs":43,"pop":0,"pointCount":1,"homeWorkCommuteMedian":-1,"workHomeCommuteMedian":8957},"geometry":{"type":"Polygon","coordinates":[[[120.5702767240097,22.41884741051676],[120.5702767240097,22.427840614154007],[120.57926992764695,22.427840614154007],[120.57926992764695,22.41884741051676],[120.5702767240097,22.41884741051676]]]}},{"type":"Feature","properties":{"jobs":0,"pop":34,"pointCount":1,"homeWorkCommuteMedian":52200,"workHomeCommuteMedian":-1},"geometry":{"type":"Polygon","coordinates":[[[120.5702767240097,22.481799835977483],[120.5702767240097,22.49079303961473],[120.57926992764695,22.49079303961473],[120.57926992764695,22.481799835977483],[120.5702767240097,22.481799835977483]]]}},{"type":"Feature","properties":{"jobs":0,"pop":83,"pointCount":1,"homeWorkCommuteMedian":28114,"workHomeCommuteMedian":-1},"geometry":{"type":"Polygon","coordinates":[[[120.5702767240097,22.49079303961473],[120.5702767240097,22.499786243251975],[120.57926992764695,22.499786243251975],[120.57926992764695,22.49079303961473],[120.5702767240097,22.49079303961473]]]}},{"type":"Feature","properties":{"jobs":132,"pop":121,"pointCount":4,"homeWorkCommuteMedian":27545,"workHomeCommuteMedian":6250},"geometry":{"type":"Polygon","coordinates":[[[120.5702767240097,22.499786243251975],[120.5702767240097,22.50877944688922],[120.57926992764695,22.50877944688922],[120.57926992764695,22.499786243251975],[120.5702767240097,22.499786243251975]]]}},{"type":"Feature","properties":{"jobs":386,"pop":23,"pointCount":3,"homeWorkCommuteMedian":26016,"workHomeCommuteMedian":7785},"geometry":{"type":"Polygon","coordinates":[[[120.5702767240097,22.50877944688922],[120.5702767240097,22.517772650526467],[120.57926992764695,22.517772650526467],[120.57926992764695,22.50877944688922],[120.5702767240097,22.50877944688922]]]}},{"type":"Feature","properties":{"jobs":209,"pop":336,"pointCount":4,"homeWorkCommuteMedian":27451,"workHomeCommuteMedian":5581},"geometry":{"type":"Polygon","coordinates":[[[120.5702767240097,22.517772650526467],[120.5702767240097,22.526765854163713],[120.57926992764695,22.526765854163713],[120.57926992764695,22.517772650526467],[120.5702767240097,22.517772650526467]]]}},{"type":"Feature","properties":{"jobs":63,"pop":88,"pointCount":3,"homeWorkCommuteMedian":4485,"workHomeCommuteMedian":11915},"geometry":{"type":"Polygon","coordinates":[[[120.5702767240097,22.53575905780096],[120.5702767240097,22.544752261438205],[120.57926992764695,22.544752261438205],[120.57926992764695,22.53575905780096],[120.5702767240097,22.53575905780096]]]}},{"type":"Feature","properties":{"jobs":241,"pop":604,"pointCount":9,"homeWorkCommuteMedian":6330,"workHomeCommuteMedian":4427},"geometry":{"type":"Polygon","coordinates":[[[120.5702767240097,22.544752261438205],[120.5702767240097,22.55374546507545],[120.57926992764695,22.55374546507545],[120.57926992764695,22.544752261438205],[120.5702767240097,22.544752261438205]]]}},{"type":"Feature","properties":{"jobs":0,"pop":190,"pointCount":3,"homeWorkCommuteMedian":5499,"workHomeCommuteMedian":-1},"geometry":{"type":"Polygon","coordinates":[[[120.5702767240097,22.55374546507545],[120.5702767240097,22.562738668712697],[120.57926992764695,22.562738668712697],[120.57926992764695,22.55374546507545],[120.5702767240097,22.55374546507545]]]}},{"type":"Feature","properties":{"jobs":159,"pop":534,"pointCount":2,"homeWorkCommuteMedian":28442,"workHomeCommuteMedian":31059},"geometry":{"type":"Polygon","coordinates":[[[120.5702767240097,22.562738668712697],[120.5702767240097,22.571731872349943],[120.57926992764695,22.571731872349943],[120.57926992764695,22.562738668712697],[120.5702767240097,22.562738668712697]]]}},{"type":"Feature","properties":{"jobs":105,"pop":632,"pointCount":7,"homeWorkCommuteMedian":32556,"workHomeCommuteMedian":3392},"geometry":{"type":"Polygon","coordinates":[[[120.5702767240097,22.571731872349943],[120.5702767240097,22.58072507598719],[120.57926992764695,22.58072507598719],[120.57926992764695,22.571731872349943],[120.5702767240097,22.571731872349943]]]}},{"type":"Feature","properties":{"jobs":0,"pop":284,"pointCount":3,"homeWorkCommuteMedian":14151,"workHomeCommuteMedian":-1},"geometry":{"type":"Polygon","coordinates":[[[120.5702767240097,22.58072507598719],[120.5702767240097,22.589718279624435],[120.57926992764695,22.589718279624435],[120.57926992764695,22.58072507598719],[120.5702767240097,22.58072507598719]]]}},{"type":"Feature","properties":{"jobs":0,"pop":68,"pointCount":1,"homeWorkCommuteMedian":18246,"workHomeCommuteMedian":-1},"geometry":{"type":"Polygon","coordinates":[[[120.5702767240097,22.589718279624435],[120.5702767240097,22.59871148326168],[120.57926992764695,22.59871148326168],[120.57926992764695,22.589718279624435],[120.5702767240097,22.589718279624435]]]}},{"type":"Feature","properties":{"jobs":0,"pop":121,"pointCount":2,"homeWorkCommuteMedian":5498,"workHomeCommuteMedian":-1},"geometry":{"type":"Polygon","coordinates":[[[120.5702767240097,22.59871148326168],[120.5702767240097,22.607704686898927],[120.57926992764695,22.607704686898927],[120.57926992764695,22.59871148326168],[120.5702767240097,22.59871148326168]]]}},{"type":"Feature","properties":{"jobs":483,"pop":714,"pointCount":5,"homeWorkCommuteMedian":5884,"workHomeCommuteMedian":1806},"geometry":{"type":"Polygon","coordinates":[[[120.5702767240097,22.607704686898927],[120.5702767240097,22.616697890536173],[120.57926992764695,22.616697890536173],[120.57926992764695,22.607704686898927],[120.5702767240097,22.607704686898927]]]}},{"type":"Feature","properties":{"jobs":72,"pop":456,"pointCount":5,"homeWorkCommuteMedian":6845,"workHomeCommuteMedian":704},"geometry":{"type":"Polygon","coordinates":[[[120.5702767240097,22.616697890536173],[120.5702767240097,22.62569109417342],[120.57926992764695,22.62569109417342],[120.57926992764695,22.616697890536173],[120.5702767240097,22.616697890536173]]]}},{"type":"Feature","properties":{"jobs":44,"pop":128,"pointCount":3,"homeWorkCommuteMedian":5217,"workHomeCommuteMedian":4116},"geometry":{"type":"Polygon","coordinates":[[[120.5702767240097,22.62569109417342],[120.5702767240097,22.634684297810665],[120.57926992764695,22.634684297810665],[120.57926992764695,22.62569109417342],[120.5702767240097,22.62569109417342]]]}},{"type":"Feature","properties":{"jobs":52,"pop":580,"pointCount":9,"homeWorkCommuteMedian":8774,"workHomeCommuteMedian":4649},"geometry":{"type":"Polygon","coordinates":[[[120.5702767240097,22.634684297810665],[120.5702767240097,22.64367750144791],[120.57926992764695,22.64367750144791],[120.57926992764695,22.634684297810665],[120.5702767240097,22.634684297810665]]]}},{"type":"Feature","properties":{"jobs":0,"pop":231,"pointCount":3,"homeWorkCommuteMedian":12578,"workHomeCommuteMedian":-1},"geometry":{"type":"Polygon","coordinates":[[[120.5702767240097,22.64367750144791],[120.5702767240097,22.652670705085157],[120.57926992764695,22.652670705085157],[120.57926992764695,22.64367750144791],[120.5702767240097,22.64367750144791]]]}},{"type":"Feature","properties":{"jobs":2668,"pop":169,"pointCount":3,"homeWorkCommuteMedian":14220,"workHomeCommuteMedian":6978},"geometry":{"type":"Polygon","coordinates":[[[120.5702767240097,22.652670705085157],[120.5702767240097,22.661663908722403],[120.57926992764695,22.661663908722403],[120.57926992764695,22.652670705085157],[120.5702767240097,22.652670705085157]]]}},{"type":"Feature","properties":{"jobs":145,"pop":53,"pointCount":5,"homeWorkCommuteMedian":9032,"workHomeCommuteMedian":8530},"geometry":{"type":"Polygon","coordinates":[[[120.5702767240097,22.67065711235965],[120.5702767240097,22.679650315996895],[120.57926992764695,22.679650315996895],[120.57926992764695,22.67065711235965],[120.5702767240097,22.67065711235965]]]}},{"type":"Feature","properties":{"jobs":0,"pop":227,"pointCount":3,"homeWorkCommuteMedian":29266,"workHomeCommuteMedian":-1},"geometry":{"type":"Polygon","coordinates":[[[120.5702767240097,22.68864351963414],[120.5702767240097,22.697636723271387],[120.57926992764695,22.697636723271387],[120.57926992764695,22.68864351963414],[120.5702767240097,22.68864351963414]]]}},{"type":"Feature","properties":{"jobs":437,"pop":1858,"pointCount":16,"homeWorkCommuteMedian":6752,"workHomeCommuteMedian":20042},"geometry":{"type":"Polygon","coordinates":[[[120.5702767240097,22.697636723271387],[120.5702767240097,22.706629926908633],[120.57926992764695,22.706629926908633],[120.57926992764695,22.697636723271387],[120.5702767240097,22.697636723271387]]]}},{"type":"Feature","properties":{"jobs":120,"pop":685,"pointCount":6,"homeWorkCommuteMedian":10313,"workHomeCommuteMedian":43969},"geometry":{"type":"Polygon","coordinates":[[[120.5702767240097,22.706629926908633],[120.5702767240097,22.71562313054588],[120.57926992764695,22.71562313054588],[120.57926992764695,22.706629926908633],[120.5702767240097,22.706629926908633]]]}},{"type":"Feature","properties":{"jobs":232,"pop":0,"pointCount":3,"homeWorkCommuteMedian":-1,"workHomeCommuteMedian":26359},"geometry":{"type":"Polygon","coordinates":[[[120.5702767240097,22.71562313054588],[120.5702767240097,22.724616334183125],[120.57926992764695,22.724616334183125],[120.57926992764695,22.71562313054588],[120.5702767240097,22.71562313054588]]]}},{"type":"Feature","properties":{"jobs":20,"pop":43,"pointCount":2,"homeWorkCommuteMedian":2569,"workHomeCommuteMedian":4753},"geometry":{"type":"Polygon","coordinates":[[[120.5702767240097,22.73360953782037],[120.5702767240097,22.742602741457617],[120.57926992764695,22.742602741457617],[120.57926992764695,22.73360953782037],[120.5702767240097,22.73360953782037]]]}},{"type":"Feature","properties":{"jobs":0,"pop":390,"pointCount":3,"homeWorkCommuteMedian":36632,"workHomeCommuteMedian":-1},"geometry":{"type":"Polygon","coordinates":[[[120.5702767240097,22.742602741457617],[120.5702767240097,22.751595945094863],[120.57926992764695,22.751595945094863],[120.57926992764695,22.742602741457617],[120.5702767240097,22.742602741457617]]]}},{"type":"Feature","properties":{"jobs":628,"pop":2229,"pointCount":14,"homeWorkCommuteMedian":19800,"workHomeCommuteMedian":3008},"geometry":{"type":"Polygon","coordinates":[[[120.5702767240097,22.751595945094863],[120.5702767240097,22.76058914873211],[120.57926992764695,22.76058914873211],[120.57926992764695,22.751595945094863],[120.5702767240097,22.751595945094863]]]}},{"type":"Feature","properties":{"jobs":0,"pop":22,"pointCount":1,"homeWorkCommuteMedian":34537,"workHomeCommuteMedian":-1},"geometry":{"type":"Polygon","coordinates":[[[120.5702767240097,22.787568759643847],[120.5702767240097,22.796561963281093],[120.57926992764695,22.796561963281093],[120.57926992764695,22.787568759643847],[120.5702767240097,22.787568759643847]]]}},{"type":"Feature","properties":{"jobs":81,"pop":355,"pointCount":4,"homeWorkCommuteMedian":19109,"workHomeCommuteMedian":3295},"geometry":{"type":"Polygon","coordinates":[[[120.5702767240097,22.796561963281093],[120.5702767240097,22.80555516691834],[120.57926992764695,22.80555516691834],[120.57926992764695,22.796561963281093],[120.5702767240097,22.796561963281093]]]}},{"type":"Feature","properties":{"jobs":33,"pop":31,"pointCount":2,"homeWorkCommuteMedian":45679,"workHomeCommuteMedian":11864},"geometry":{"type":"Polygon","coordinates":[[[120.5702767240097,22.80555516691834],[120.5702767240097,22.814548370555585],[120.57926992764695,22.814548370555585],[120.57926992764695,22.80555516691834],[120.5702767240097,22.80555516691834]]]}},{"type":"Feature","properties":{"jobs":41,"pop":45,"pointCount":2,"homeWorkCommuteMedian":63156,"workHomeCommuteMedian":4266},"geometry":{"type":"Polygon","coordinates":[[[120.5702767240097,22.814548370555585],[120.5702767240097,22.82354157419283],[120.57926992764695,22.82354157419283],[120.57926992764695,22.814548370555585],[120.5702767240097,22.814548370555585]]]}},{"type":"Feature","properties":{"jobs":0,"pop":103,"pointCount":2,"homeWorkCommuteMedian":37209,"workHomeCommuteMedian":-1},"geometry":{"type":"Polygon","coordinates":[[[120.5702767240097,22.859514388741815],[120.5702767240097,22.86850759237906],[120.57926992764695,22.86850759237906],[120.57926992764695,22.859514388741815],[120.5702767240097,22.859514388741815]]]}},{"type":"Feature","properties":{"jobs":46,"pop":198,"pointCount":4,"homeWorkCommuteMedian":39118,"workHomeCommuteMedian":7882},"geometry":{"type":"Polygon","coordinates":[[[120.5702767240097,22.86850759237906],[120.5702767240097,22.877500796016307],[120.57926992764695,22.877500796016307],[120.57926992764695,22.86850759237906],[120.5702767240097,22.86850759237906]]]}},{"type":"Feature","properties":{"jobs":45,"pop":370,"pointCount":6,"homeWorkCommuteMedian":39511,"workHomeCommuteMedian":7378},"geometry":{"type":"Polygon","coordinates":[[[120.5702767240097,22.877500796016307],[120.5702767240097,22.886493999653553],[120.57926992764695,22.886493999653553],[120.57926992764695,22.877500796016307],[120.5702767240097,22.877500796016307]]]}},{"type":"Feature","properties":{"jobs":22,"pop":50,"pointCount":2,"homeWorkCommuteMedian":48726,"workHomeCommuteMedian":5308},"geometry":{"type":"Polygon","coordinates":[[[120.5702767240097,22.886493999653553],[120.5702767240097,22.8954872032908],[120.57926992764695,22.8954872032908],[120.57926992764695,22.886493999653553],[120.5702767240097,22.886493999653553]]]}},{"type":"Feature","properties":{"jobs":0,"pop":50,"pointCount":2,"homeWorkCommuteMedian":53098,"workHomeCommuteMedian":-1},"geometry":{"type":"Polygon","coordinates":[[[120.5702767240097,22.8954872032908],[120.5702767240097,22.904480406928045],[120.57926992764695,22.904480406928045],[120.57926992764695,22.8954872032908],[120.5702767240097,22.8954872032908]]]}},{"type":"Feature","properties":{"jobs":53,"pop":50,"pointCount":3,"homeWorkCommuteMedian":11198,"workHomeCommuteMedian":9829},"geometry":{"type":"Polygon","coordinates":[[[120.5702767240097,22.904480406928045],[120.5702767240097,22.91347361056529],[120.57926992764695,22.91347361056529],[120.57926992764695,22.904480406928045],[120.5702767240097,22.904480406928045]]]}},{"type":"Feature","properties":{"jobs":0,"pop":111,"pointCount":2,"homeWorkCommuteMedian":46464,"workHomeCommuteMedian":-1},"geometry":{"type":"Polygon","coordinates":[[[120.5702767240097,22.91347361056529],[120.5702767240097,22.922466814202537],[120.57926992764695,22.922466814202537],[120.57926992764695,22.91347361056529],[120.5702767240097,22.91347361056529]]]}},{"type":"Feature","properties":{"jobs":0,"pop":83,"pointCount":2,"homeWorkCommuteMedian":50076,"workHomeCommuteMedian":-1},"geometry":{"type":"Polygon","coordinates":[[[120.5702767240097,22.922466814202537],[120.5702767240097,22.931460017839782],[120.57926992764695,22.931460017839782],[120.57926992764695,22.922466814202537],[120.5702767240097,22.922466814202537]]]}},{"type":"Feature","properties":{"jobs":20,"pop":440,"pointCount":4,"homeWorkCommuteMedian":49731,"workHomeCommuteMedian":3736},"geometry":{"type":"Polygon","coordinates":[[[120.5702767240097,22.994412443300504],[120.5702767240097,23.00340564693775],[120.57926992764695,23.00340564693775],[120.57926992764695,22.994412443300504],[120.5702767240097,22.994412443300504]]]}},{"type":"Feature","properties":{"jobs":0,"pop":32,"pointCount":1,"homeWorkCommuteMedian":69609,"workHomeCommuteMedian":-1},"geometry":{"type":"Polygon","coordinates":[[[120.5702767240097,23.04837166512398],[120.5702767240097,23.057364868761226],[120.57926992764695,23.057364868761226],[120.57926992764695,23.04837166512398],[120.5702767240097,23.04837166512398]]]}},{"type":"Feature","properties":{"jobs":40,"pop":23,"pointCount":2,"homeWorkCommuteMedian":77104,"workHomeCommuteMedian":917},"geometry":{"type":"Polygon","coordinates":[[[120.5702767240097,23.057364868761226],[120.5702767240097,23.066358072398472],[120.57926992764695,23.066358072398472],[120.57926992764695,23.057364868761226],[120.5702767240097,23.057364868761226]]]}},{"type":"Feature","properties":{"jobs":0,"pop":157,"pointCount":2,"homeWorkCommuteMedian":57822,"workHomeCommuteMedian":-1},"geometry":{"type":"Polygon","coordinates":[[[120.5702767240097,23.066358072398472],[120.5702767240097,23.07535127603572],[120.57926992764695,23.07535127603572],[120.57926992764695,23.066358072398472],[120.5702767240097,23.066358072398472]]]}},{"type":"Feature","properties":{"jobs":32,"pop":155,"pointCount":4,"homeWorkCommuteMedian":36940,"workHomeCommuteMedian":3311},"geometry":{"type":"Polygon","coordinates":[[[120.57926992764695,22.37388139233053],[120.57926992764695,22.382874595967778],[120.5882631312842,22.382874595967778],[120.5882631312842,22.37388139233053],[120.57926992764695,22.37388139233053]]]}},{"type":"Feature","properties":{"jobs":50,"pop":34,"pointCount":2,"homeWorkCommuteMedian":3908,"workHomeCommuteMedian":5148},"geometry":{"type":"Polygon","coordinates":[[[120.57926992764695,22.382874595967778],[120.57926992764695,22.391867799605023],[120.5882631312842,22.391867799605023],[120.5882631312842,22.382874595967778],[120.57926992764695,22.382874595967778]]]}},{"type":"Feature","properties":{"jobs":56,"pop":172,"pointCount":2,"homeWorkCommuteMedian":29470,"workHomeCommuteMedian":1672},"geometry":{"type":"Polygon","coordinates":[[[120.57926992764695,22.391867799605023],[120.57926992764695,22.40086100324227],[120.5882631312842,22.40086100324227],[120.5882631312842,22.391867799605023],[120.57926992764695,22.391867799605023]]]}},{"type":"Feature","properties":{"jobs":830,"pop":173,"pointCount":5,"homeWorkCommuteMedian":2442,"workHomeCommuteMedian":6128},"geometry":{"type":"Polygon","coordinates":[[[120.57926992764695,22.40086100324227],[120.57926992764695,22.409854206879515],[120.5882631312842,22.409854206879515],[120.5882631312842,22.40086100324227],[120.57926992764695,22.40086100324227]]]}},{"type":"Feature","properties":{"jobs":1235,"pop":0,"pointCount":4,"homeWorkCommuteMedian":-1,"workHomeCommuteMedian":7536},"geometry":{"type":"Polygon","coordinates":[[[120.57926992764695,22.409854206879515],[120.57926992764695,22.41884741051676],[120.5882631312842,22.41884741051676],[120.5882631312842,22.409854206879515],[120.57926992764695,22.409854206879515]]]}},{"type":"Feature","properties":{"jobs":233,"pop":0,"pointCount":2,"homeWorkCommuteMedian":-1,"workHomeCommuteMedian":7686},"geometry":{"type":"Polygon","coordinates":[[[120.57926992764695,22.41884741051676],[120.57926992764695,22.427840614154007],[120.5882631312842,22.427840614154007],[120.5882631312842,22.41884741051676],[120.57926992764695,22.41884741051676]]]}},{"type":"Feature","properties":{"jobs":0,"pop":47,"pointCount":1,"homeWorkCommuteMedian":43286,"workHomeCommuteMedian":-1},"geometry":{"type":"Polygon","coordinates":[[[120.57926992764695,22.46381342870299],[120.57926992764695,22.472806632340237],[120.5882631312842,22.472806632340237],[120.5882631312842,22.46381342870299],[120.57926992764695,22.46381342870299]]]}},{"type":"Feature","properties":{"jobs":0,"pop":22,"pointCount":1,"homeWorkCommuteMedian":9858,"workHomeCommuteMedian":-1},"geometry":{"type":"Polygon","coordinates":[[[120.57926992764695,22.49079303961473],[120.57926992764695,22.499786243251975],[120.5882631312842,22.499786243251975],[120.5882631312842,22.49079303961473],[120.57926992764695,22.49079303961473]]]}},{"type":"Feature","properties":{"jobs":180,"pop":525,"pointCount":5,"homeWorkCommuteMedian":16752,"workHomeCommuteMedian":7462},"geometry":{"type":"Polygon","coordinates":[[[120.57926992764695,22.499786243251975],[120.57926992764695,22.50877944688922],[120.5882631312842,22.50877944688922],[120.5882631312842,22.499786243251975],[120.57926992764695,22.499786243251975]]]}},{"type":"Feature","properties":{"jobs":59,"pop":160,"pointCount":2,"homeWorkCommuteMedian":16540,"workHomeCommuteMedian":6649},"geometry":{"type":"Polygon","coordinates":[[[120.57926992764695,22.544752261438205],[120.57926992764695,22.55374546507545],[120.5882631312842,22.55374546507545],[120.5882631312842,22.544752261438205],[120.57926992764695,22.544752261438205]]]}},{"type":"Feature","properties":{"jobs":217,"pop":57,"pointCount":3,"homeWorkCommuteMedian":11972,"workHomeCommuteMedian":3295},"geometry":{"type":"Polygon","coordinates":[[[120.57926992764695,22.562738668712697],[120.57926992764695,22.571731872349943],[120.5882631312842,22.571731872349943],[120.5882631312842,22.562738668712697],[120.57926992764695,22.562738668712697]]]}},{"type":"Feature","properties":{"jobs":17,"pop":517,"pointCount":5,"homeWorkCommuteMedian":30368,"workHomeCommuteMedian":3794},"geometry":{"type":"Polygon","coordinates":[[[120.57926992764695,22.58072507598719],[120.57926992764695,22.589718279624435],[120.5882631312842,22.589718279624435],[120.5882631312842,22.58072507598719],[120.57926992764695,22.58072507598719]]]}},{"type":"Feature","properties":{"jobs":0,"pop":28,"pointCount":1,"homeWorkCommuteMedian":28741,"workHomeCommuteMedian":-1},"geometry":{"type":"Polygon","coordinates":[[[120.57926992764695,22.589718279624435],[120.57926992764695,22.59871148326168],[120.5882631312842,22.59871148326168],[120.5882631312842,22.589718279624435],[120.57926992764695,22.589718279624435]]]}},{"type":"Feature","properties":{"jobs":0,"pop":25,"pointCount":1,"homeWorkCommuteMedian":38687,"workHomeCommuteMedian":-1},"geometry":{"type":"Polygon","coordinates":[[[120.57926992764695,22.59871148326168],[120.57926992764695,22.607704686898927],[120.5882631312842,22.607704686898927],[120.5882631312842,22.59871148326168],[120.57926992764695,22.59871148326168]]]}},{"type":"Feature","properties":{"jobs":0,"pop":33,"pointCount":1,"homeWorkCommuteMedian":7183,"workHomeCommuteMedian":-1},"geometry":{"type":"Polygon","coordinates":[[[120.57926992764695,22.607704686898927],[120.57926992764695,22.616697890536173],[120.5882631312842,22.616697890536173],[120.5882631312842,22.607704686898927],[120.57926992764695,22.607704686898927]]]}},{"type":"Feature","properties":{"jobs":43,"pop":656,"pointCount":6,"homeWorkCommuteMedian":13204,"workHomeCommuteMedian":6268},"geometry":{"type":"Polygon","coordinates":[[[120.57926992764695,22.616697890536173],[120.57926992764695,22.62569109417342],[120.5882631312842,22.62569109417342],[120.5882631312842,22.616697890536173],[120.57926992764695,22.616697890536173]]]}},{"type":"Feature","properties":{"jobs":0,"pop":75,"pointCount":2,"homeWorkCommuteMedian":12772,"workHomeCommuteMedian":-1},"geometry":{"type":"Polygon","coordinates":[[[120.57926992764695,22.62569109417342],[120.57926992764695,22.634684297810665],[120.5882631312842,22.634684297810665],[120.5882631312842,22.62569109417342],[120.57926992764695,22.62569109417342]]]}},{"type":"Feature","properties":{"jobs":0,"pop":169,"pointCount":4,"homeWorkCommuteMedian":4977,"workHomeCommuteMedian":-1},"geometry":{"type":"Polygon","coordinates":[[[120.57926992764695,22.634684297810665],[120.57926992764695,22.64367750144791],[120.5882631312842,22.64367750144791],[120.5882631312842,22.634684297810665],[120.57926992764695,22.634684297810665]]]}},{"type":"Feature","properties":{"jobs":33,"pop":241,"pointCount":5,"homeWorkCommuteMedian":5598,"workHomeCommuteMedian":17036},"geometry":{"type":"Polygon","coordinates":[[[120.57926992764695,22.64367750144791],[120.57926992764695,22.652670705085157],[120.5882631312842,22.652670705085157],[120.5882631312842,22.64367750144791],[120.57926992764695,22.64367750144791]]]}},{"type":"Feature","properties":{"jobs":301,"pop":53,"pointCount":4,"homeWorkCommuteMedian":13292,"workHomeCommuteMedian":7403},"geometry":{"type":"Polygon","coordinates":[[[120.57926992764695,22.652670705085157],[120.57926992764695,22.661663908722403],[120.5882631312842,22.661663908722403],[120.5882631312842,22.652670705085157],[120.57926992764695,22.652670705085157]]]}},{"type":"Feature","properties":{"jobs":63,"pop":391,"pointCount":4,"homeWorkCommuteMedian":7703,"workHomeCommuteMedian":5607},"geometry":{"type":"Polygon","coordinates":[[[120.57926992764695,22.661663908722403],[120.57926992764695,22.67065711235965],[120.5882631312842,22.67065711235965],[120.5882631312842,22.661663908722403],[120.57926992764695,22.661663908722403]]]}},{"type":"Feature","properties":{"jobs":171,"pop":25,"pointCount":4,"homeWorkCommuteMedian":11834,"workHomeCommuteMedian":5502},"geometry":{"type":"Polygon","coordinates":[[[120.57926992764695,22.67065711235965],[120.57926992764695,22.679650315996895],[120.5882631312842,22.679650315996895],[120.5882631312842,22.67065711235965],[120.57926992764695,22.67065711235965]]]}},{"type":"Feature","properties":{"jobs":215,"pop":223,"pointCount":5,"homeWorkCommuteMedian":10083,"workHomeCommuteMedian":14893},"geometry":{"type":"Polygon","coordinates":[[[120.57926992764695,22.68864351963414],[120.57926992764695,22.697636723271387],[120.5882631312842,22.697636723271387],[120.5882631312842,22.68864351963414],[120.57926992764695,22.68864351963414]]]}},{"type":"Feature","properties":{"jobs":146,"pop":381,"pointCount":6,"homeWorkCommuteMedian":10048,"workHomeCommuteMedian":26033},"geometry":{"type":"Polygon","coordinates":[[[120.57926992764695,22.697636723271387],[120.57926992764695,22.706629926908633],[120.5882631312842,22.706629926908633],[120.5882631312842,22.697636723271387],[120.57926992764695,22.697636723271387]]]}},{"type":"Feature","properties":{"jobs":406,"pop":193,"pointCount":5,"homeWorkCommuteMedian":6816,"workHomeCommuteMedian":16633},"geometry":{"type":"Polygon","coordinates":[[[120.57926992764695,22.706629926908633],[120.57926992764695,22.71562313054588],[120.5882631312842,22.71562313054588],[120.5882631312842,22.706629926908633],[120.57926992764695,22.706629926908633]]]}},{"type":"Feature","properties":{"jobs":560,"pop":0,"pointCount":6,"homeWorkCommuteMedian":-1,"workHomeCommuteMedian":7356},"geometry":{"type":"Polygon","coordinates":[[[120.57926992764695,22.71562313054588],[120.57926992764695,22.724616334183125],[120.5882631312842,22.724616334183125],[120.5882631312842,22.71562313054588],[120.57926992764695,22.71562313054588]]]}},{"type":"Feature","properties":{"jobs":0,"pop":163,"pointCount":2,"homeWorkCommuteMedian":31887,"workHomeCommuteMedian":-1},"geometry":{"type":"Polygon","coordinates":[[[120.57926992764695,22.724616334183125],[120.57926992764695,22.73360953782037],[120.5882631312842,22.73360953782037],[120.5882631312842,22.724616334183125],[120.57926992764695,22.724616334183125]]]}},{"type":"Feature","properties":{"jobs":119,"pop":1352,"pointCount":9,"homeWorkCommuteMedian":15802,"workHomeCommuteMedian":3293},"geometry":{"type":"Polygon","coordinates":[[[120.57926992764695,22.73360953782037],[120.57926992764695,22.742602741457617],[120.5882631312842,22.742602741457617],[120.5882631312842,22.73360953782037],[120.57926992764695,22.73360953782037]]]}},{"type":"Feature","properties":{"jobs":168,"pop":263,"pointCount":5,"homeWorkCommuteMedian":36020,"workHomeCommuteMedian":4515},"geometry":{"type":"Polygon","coordinates":[[[120.57926992764695,22.742602741457617],[120.57926992764695,22.751595945094863],[120.5882631312842,22.751595945094863],[120.5882631312842,22.742602741457617],[120.57926992764695,22.742602741457617]]]}},{"type":"Feature","properties":{"jobs":63,"pop":1114,"pointCount":5,"homeWorkCommuteMedian":6922,"workHomeCommuteMedian":2718},"geometry":{"type":"Polygon","coordinates":[[[120.57926992764695,22.751595945094863],[120.57926992764695,22.76058914873211],[120.5882631312842,22.76058914873211],[120.5882631312842,22.751595945094863],[120.57926992764695,22.751595945094863]]]}},{"type":"Feature","properties":{"jobs":0,"pop":44,"pointCount":1,"homeWorkCommuteMedian":26074,"workHomeCommuteMedian":-1},"geometry":{"type":"Polygon","coordinates":[[[120.57926992764695,22.7785755560066],[120.57926992764695,22.787568759643847],[120.5882631312842,22.787568759643847],[120.5882631312842,22.7785755560066],[120.57926992764695,22.7785755560066]]]}},{"type":"Feature","properties":{"jobs":0,"pop":655,"pointCount":6,"homeWorkCommuteMedian":32483,"workHomeCommuteMedian":-1},"geometry":{"type":"Polygon","coordinates":[[[120.57926992764695,22.796561963281093],[120.57926992764695,22.80555516691834],[120.5882631312842,22.80555516691834],[120.5882631312842,22.796561963281093],[120.57926992764695,22.796561963281093]]]}},{"type":"Feature","properties":{"jobs":71,"pop":332,"pointCount":4,"homeWorkCommuteMedian":4292,"workHomeCommuteMedian":5819},"geometry":{"type":"Polygon","coordinates":[[[120.57926992764695,22.80555516691834],[120.57926992764695,22.814548370555585],[120.5882631312842,22.814548370555585],[120.5882631312842,22.80555516691834],[120.57926992764695,22.80555516691834]]]}},{"type":"Feature","properties":{"jobs":72,"pop":417,"pointCount":4,"homeWorkCommuteMedian":49117,"workHomeCommuteMedian":5588},"geometry":{"type":"Polygon","coordinates":[[[120.57926992764695,22.82354157419283],[120.57926992764695,22.832534777830077],[120.5882631312842,22.832534777830077],[120.5882631312842,22.82354157419283],[120.57926992764695,22.82354157419283]]]}},{"type":"Feature","properties":{"jobs":0,"pop":57,"pointCount":1,"homeWorkCommuteMedian":61984,"workHomeCommuteMedian":-1},"geometry":{"type":"Polygon","coordinates":[[[120.57926992764695,22.832534777830077],[120.57926992764695,22.841527981467323],[120.5882631312842,22.841527981467323],[120.5882631312842,22.832534777830077],[120.57926992764695,22.832534777830077]]]}},{"type":"Feature","properties":{"jobs":0,"pop":77,"pointCount":2,"homeWorkCommuteMedian":53959,"workHomeCommuteMedian":-1},"geometry":{"type":"Polygon","coordinates":[[[120.57926992764695,22.859514388741815],[120.57926992764695,22.86850759237906],[120.5882631312842,22.86850759237906],[120.5882631312842,22.859514388741815],[120.57926992764695,22.859514388741815]]]}},{"type":"Feature","properties":{"jobs":52,"pop":39,"pointCount":1,"homeWorkCommuteMedian":54208,"workHomeCommuteMedian":8728},"geometry":{"type":"Polygon","coordinates":[[[120.57926992764695,22.86850759237906],[120.57926992764695,22.877500796016307],[120.5882631312842,22.877500796016307],[120.5882631312842,22.86850759237906],[120.57926992764695,22.86850759237906]]]}},{"type":"Feature","properties":{"jobs":101,"pop":35,"pointCount":2,"homeWorkCommuteMedian":27359,"workHomeCommuteMedian":52443},"geometry":{"type":"Polygon","coordinates":[[[120.57926992764695,22.877500796016307],[120.57926992764695,22.886493999653553],[120.5882631312842,22.886493999653553],[120.5882631312842,22.877500796016307],[120.57926992764695,22.877500796016307]]]}},{"type":"Feature","properties":{"jobs":0,"pop":113,"pointCount":2,"homeWorkCommuteMedian":35014,"workHomeCommuteMedian":-1},"geometry":{"type":"Polygon","coordinates":[[[120.57926992764695,22.886493999653553],[120.57926992764695,22.8954872032908],[120.5882631312842,22.8954872032908],[120.5882631312842,22.886493999653553],[120.57926992764695,22.886493999653553]]]}},{"type":"Feature","properties":{"jobs":0,"pop":35,"pointCount":1,"homeWorkCommuteMedian":53898,"workHomeCommuteMedian":-1},"geometry":{"type":"Polygon","coordinates":[[[120.57926992764695,22.8954872032908],[120.57926992764695,22.904480406928045],[120.5882631312842,22.904480406928045],[120.5882631312842,22.8954872032908],[120.57926992764695,22.8954872032908]]]}},{"type":"Feature","properties":{"jobs":0,"pop":103,"pointCount":1,"homeWorkCommuteMedian":62774,"workHomeCommuteMedian":-1},"geometry":{"type":"Polygon","coordinates":[[[120.57926992764695,22.904480406928045],[120.57926992764695,22.91347361056529],[120.5882631312842,22.91347361056529],[120.5882631312842,22.904480406928045],[120.57926992764695,22.904480406928045]]]}},{"type":"Feature","properties":{"jobs":0,"pop":171,"pointCount":3,"homeWorkCommuteMedian":51044,"workHomeCommuteMedian":-1},"geometry":{"type":"Polygon","coordinates":[[[120.57926992764695,22.91347361056529],[120.57926992764695,22.922466814202537],[120.5882631312842,22.922466814202537],[120.5882631312842,22.91347361056529],[120.57926992764695,22.91347361056529]]]}},{"type":"Feature","properties":{"jobs":0,"pop":52,"pointCount":1,"homeWorkCommuteMedian":7951,"workHomeCommuteMedian":-1},"geometry":{"type":"Polygon","coordinates":[[[120.57926992764695,22.922466814202537],[120.57926992764695,22.931460017839782],[120.5882631312842,22.931460017839782],[120.5882631312842,22.922466814202537],[120.57926992764695,22.922466814202537]]]}},{"type":"Feature","properties":{"jobs":75,"pop":55,"pointCount":2,"homeWorkCommuteMedian":8845,"workHomeCommuteMedian":7178},"geometry":{"type":"Polygon","coordinates":[[[120.57926992764695,22.94045322147703],[120.57926992764695,22.949446425114274],[120.5882631312842,22.949446425114274],[120.5882631312842,22.94045322147703],[120.57926992764695,22.94045322147703]]]}},{"type":"Feature","properties":{"jobs":28,"pop":57,"pointCount":1,"homeWorkCommuteMedian":58818,"workHomeCommuteMedian":6518},"geometry":{"type":"Polygon","coordinates":[[[120.57926992764695,23.00340564693775],[120.57926992764695,23.012398850574996],[120.5882631312842,23.012398850574996],[120.5882631312842,23.00340564693775],[120.57926992764695,23.00340564693775]]]}},{"type":"Feature","properties":{"jobs":0,"pop":86,"pointCount":2,"homeWorkCommuteMedian":59523,"workHomeCommuteMedian":-1},"geometry":{"type":"Polygon","coordinates":[[[120.57926992764695,23.012398850574996],[120.57926992764695,23.021392054212242],[120.5882631312842,23.021392054212242],[120.5882631312842,23.012398850574996],[120.57926992764695,23.012398850574996]]]}},{"type":"Feature","properties":{"jobs":419,"pop":696,"pointCount":6,"homeWorkCommuteMedian":63244,"workHomeCommuteMedian":6596},"geometry":{"type":"Polygon","coordinates":[[[120.57926992764695,23.07535127603572],[120.57926992764695,23.084344479672964],[120.5882631312842,23.084344479672964],[120.5882631312842,23.07535127603572],[120.57926992764695,23.07535127603572]]]}},{"type":"Feature","properties":{"jobs":56,"pop":106,"pointCount":2,"homeWorkCommuteMedian":58098,"workHomeCommuteMedian":28510},"geometry":{"type":"Polygon","coordinates":[[[120.57926992764695,23.084344479672964],[120.57926992764695,23.09333768331021],[120.5882631312842,23.09333768331021],[120.5882631312842,23.084344479672964],[120.57926992764695,23.084344479672964]]]}},{"type":"Feature","properties":{"jobs":404,"pop":949,"pointCount":4,"homeWorkCommuteMedian":9471,"workHomeCommuteMedian":6398},"geometry":{"type":"Polygon","coordinates":[[[120.5882631312842,22.35589498505604],[120.5882631312842,22.364888188693286],[120.59725633492144,22.364888188693286],[120.59725633492144,22.35589498505604],[120.5882631312842,22.35589498505604]]]}},{"type":"Feature","properties":{"jobs":1265,"pop":935,"pointCount":8,"homeWorkCommuteMedian":5300,"workHomeCommuteMedian":5329},"geometry":{"type":"Polygon","coordinates":[[[120.5882631312842,22.364888188693286],[120.5882631312842,22.37388139233053],[120.59725633492144,22.37388139233053],[120.59725633492144,22.364888188693286],[120.5882631312842,22.364888188693286]]]}},{"type":"Feature","properties":{"jobs":460,"pop":0,"pointCount":3,"homeWorkCommuteMedian":-1,"workHomeCommuteMedian":6513},"geometry":{"type":"Polygon","coordinates":[[[120.5882631312842,22.37388139233053],[120.5882631312842,22.382874595967778],[120.59725633492144,22.382874595967778],[120.59725633492144,22.37388139233053],[120.5882631312842,22.37388139233053]]]}},{"type":"Feature","properties":{"jobs":996,"pop":1296,"pointCount":11,"homeWorkCommuteMedian":3990,"workHomeCommuteMedian":4057},"geometry":{"type":"Polygon","coordinates":[[[120.5882631312842,22.382874595967778],[120.5882631312842,22.391867799605023],[120.59725633492144,22.391867799605023],[120.59725633492144,22.382874595967778],[120.5882631312842,22.382874595967778]]]}},{"type":"Feature","properties":{"jobs":100,"pop":0,"pointCount":1,"homeWorkCommuteMedian":-1,"workHomeCommuteMedian":27102},"geometry":{"type":"Polygon","coordinates":[[[120.5882631312842,22.391867799605023],[120.5882631312842,22.40086100324227],[120.59725633492144,22.40086100324227],[120.59725633492144,22.391867799605023],[120.5882631312842,22.391867799605023]]]}},{"type":"Feature","properties":{"jobs":138,"pop":531,"pointCount":6,"homeWorkCommuteMedian":4711,"workHomeCommuteMedian":4792},"geometry":{"type":"Polygon","coordinates":[[[120.5882631312842,22.40086100324227],[120.5882631312842,22.409854206879515],[120.59725633492144,22.409854206879515],[120.59725633492144,22.40086100324227],[120.5882631312842,22.40086100324227]]]}},{"type":"Feature","properties":{"jobs":36,"pop":200,"pointCount":3,"homeWorkCommuteMedian":37140,"workHomeCommuteMedian":7621},"geometry":{"type":"Polygon","coordinates":[[[120.5882631312842,22.46381342870299],[120.5882631312842,22.472806632340237],[120.59725633492144,22.472806632340237],[120.59725633492144,22.46381342870299],[120.5882631312842,22.46381342870299]]]}},{"type":"Feature","properties":{"jobs":27,"pop":188,"pointCount":3,"homeWorkCommuteMedian":7875,"workHomeCommuteMedian":9175},"geometry":{"type":"Polygon","coordinates":[[[120.5882631312842,22.517772650526467],[120.5882631312842,22.526765854163713],[120.59725633492144,22.526765854163713],[120.59725633492144,22.517772650526467],[120.5882631312842,22.517772650526467]]]}},{"type":"Feature","properties":{"jobs":38,"pop":0,"pointCount":1,"homeWorkCommuteMedian":-1,"workHomeCommuteMedian":5606},"geometry":{"type":"Polygon","coordinates":[[[120.5882631312842,22.53575905780096],[120.5882631312842,22.544752261438205],[120.59725633492144,22.544752261438205],[120.59725633492144,22.53575905780096],[120.5882631312842,22.53575905780096]]]}},{"type":"Feature","properties":{"jobs":338,"pop":121,"pointCount":4,"homeWorkCommuteMedian":22125,"workHomeCommuteMedian":2804},"geometry":{"type":"Polygon","coordinates":[[[120.5882631312842,22.562738668712697],[120.5882631312842,22.571731872349943],[120.59725633492144,22.571731872349943],[120.59725633492144,22.562738668712697],[120.5882631312842,22.562738668712697]]]}},{"type":"Feature","properties":{"jobs":71,"pop":330,"pointCount":6,"homeWorkCommuteMedian":34927,"workHomeCommuteMedian":1591},"geometry":{"type":"Polygon","coordinates":[[[120.5882631312842,22.571731872349943],[120.5882631312842,22.58072507598719],[120.59725633492144,22.58072507598719],[120.59725633492144,22.571731872349943],[120.5882631312842,22.571731872349943]]]}},{"type":"Feature","properties":{"jobs":127,"pop":301,"pointCount":5,"homeWorkCommuteMedian":15520,"workHomeCommuteMedian":4394},"geometry":{"type":"Polygon","coordinates":[[[120.5882631312842,22.589718279624435],[120.5882631312842,22.59871148326168],[120.59725633492144,22.59871148326168],[120.59725633492144,22.589718279624435],[120.5882631312842,22.589718279624435]]]}},{"type":"Feature","properties":{"jobs":0,"pop":26,"pointCount":1,"homeWorkCommuteMedian":39298,"workHomeCommuteMedian":-1},"geometry":{"type":"Polygon","coordinates":[[[120.5882631312842,22.59871148326168],[120.5882631312842,22.607704686898927],[120.59725633492144,22.607704686898927],[120.59725633492144,22.59871148326168],[120.5882631312842,22.59871148326168]]]}},{"type":"Feature","properties":{"jobs":0,"pop":41,"pointCount":1,"homeWorkCommuteMedian":9447,"workHomeCommuteMedian":-1},"geometry":{"type":"Polygon","coordinates":[[[120.5882631312842,22.607704686898927],[120.5882631312842,22.616697890536173],[120.59725633492144,22.616697890536173],[120.59725633492144,22.607704686898927],[120.5882631312842,22.607704686898927]]]}},{"type":"Feature","properties":{"jobs":0,"pop":28,"pointCount":1,"homeWorkCommuteMedian":12235,"workHomeCommuteMedian":-1},"geometry":{"type":"Polygon","coordinates":[[[120.5882631312842,22.616697890536173],[120.5882631312842,22.62569109417342],[120.59725633492144,22.62569109417342],[120.59725633492144,22.616697890536173],[120.5882631312842,22.616697890536173]]]}},{"type":"Feature","properties":{"jobs":157,"pop":450,"pointCount":6,"homeWorkCommuteMedian":15220,"workHomeCommuteMedian":16160},"geometry":{"type":"Polygon","coordinates":[[[120.5882631312842,22.62569109417342],[120.5882631312842,22.634684297810665],[120.59725633492144,22.634684297810665],[120.59725633492144,22.62569109417342],[120.5882631312842,22.62569109417342]]]}},{"type":"Feature","properties":{"jobs":347,"pop":125,"pointCount":5,"homeWorkCommuteMedian":9677,"workHomeCommuteMedian":5507},"geometry":{"type":"Polygon","coordinates":[[[120.5882631312842,22.634684297810665],[120.5882631312842,22.64367750144791],[120.59725633492144,22.64367750144791],[120.59725633492144,22.634684297810665],[120.5882631312842,22.634684297810665]]]}},{"type":"Feature","properties":{"jobs":57,"pop":197,"pointCount":5,"homeWorkCommuteMedian":12343,"workHomeCommuteMedian":6121},"geometry":{"type":"Polygon","coordinates":[[[120.5882631312842,22.64367750144791],[120.5882631312842,22.652670705085157],[120.59725633492144,22.652670705085157],[120.59725633492144,22.64367750144791],[120.5882631312842,22.64367750144791]]]}},{"type":"Feature","properties":{"jobs":288,"pop":73,"pointCount":5,"homeWorkCommuteMedian":22462,"workHomeCommuteMedian":40661},"geometry":{"type":"Polygon","coordinates":[[[120.5882631312842,22.652670705085157],[120.5882631312842,22.661663908722403],[120.59725633492144,22.661663908722403],[120.59725633492144,22.652670705085157],[120.5882631312842,22.652670705085157]]]}},{"type":"Feature","properties":{"jobs":131,"pop":208,"pointCount":3,"homeWorkCommuteMedian":8947,"workHomeCommuteMedian":6858},"geometry":{"type":"Polygon","coordinates":[[[120.5882631312842,22.661663908722403],[120.5882631312842,22.67065711235965],[120.59725633492144,22.67065711235965],[120.59725633492144,22.661663908722403],[120.5882631312842,22.661663908722403]]]}},{"type":"Feature","properties":{"jobs":33,"pop":83,"pointCount":2,"homeWorkCommuteMedian":8503,"workHomeCommuteMedian":6119},"geometry":{"type":"Polygon","coordinates":[[[120.5882631312842,22.67065711235965],[120.5882631312842,22.679650315996895],[120.59725633492144,22.679650315996895],[120.59725633492144,22.67065711235965],[120.5882631312842,22.67065711235965]]]}},{"type":"Feature","properties":{"jobs":74,"pop":72,"pointCount":4,"homeWorkCommuteMedian":8246,"workHomeCommuteMedian":30408},"geometry":{"type":"Polygon","coordinates":[[[120.5882631312842,22.679650315996895],[120.5882631312842,22.68864351963414],[120.59725633492144,22.68864351963414],[120.59725633492144,22.679650315996895],[120.5882631312842,22.679650315996895]]]}},{"type":"Feature","properties":{"jobs":206,"pop":149,"pointCount":7,"homeWorkCommuteMedian":29939,"workHomeCommuteMedian":11998},"geometry":{"type":"Polygon","coordinates":[[[120.5882631312842,22.68864351963414],[120.5882631312842,22.697636723271387],[120.59725633492144,22.697636723271387],[120.59725633492144,22.68864351963414],[120.5882631312842,22.68864351963414]]]}},{"type":"Feature","properties":{"jobs":68,"pop":0,"pointCount":1,"homeWorkCommuteMedian":-1,"workHomeCommuteMedian":5855},"geometry":{"type":"Polygon","coordinates":[[[120.5882631312842,22.697636723271387],[120.5882631312842,22.706629926908633],[120.59725633492144,22.706629926908633],[120.59725633492144,22.697636723271387],[120.5882631312842,22.697636723271387]]]}},{"type":"Feature","properties":{"jobs":27,"pop":0,"pointCount":1,"homeWorkCommuteMedian":-1,"workHomeCommuteMedian":3438},"geometry":{"type":"Polygon","coordinates":[[[120.5882631312842,22.71562313054588],[120.5882631312842,22.724616334183125],[120.59725633492144,22.724616334183125],[120.59725633492144,22.71562313054588],[120.5882631312842,22.71562313054588]]]}},{"type":"Feature","properties":{"jobs":24,"pop":28,"pointCount":1,"homeWorkCommuteMedian":3799,"workHomeCommuteMedian":30856},"geometry":{"type":"Polygon","coordinates":[[[120.5882631312842,22.73360953782037],[120.5882631312842,22.742602741457617],[120.59725633492144,22.742602741457617],[120.59725633492144,22.73360953782037],[120.5882631312842,22.73360953782037]]]}},{"type":"Feature","properties":{"jobs":31,"pop":338,"pointCount":4,"homeWorkCommuteMedian":34257,"workHomeCommuteMedian":8866},"geometry":{"type":"Polygon","coordinates":[[[120.5882631312842,22.769582352369355],[120.5882631312842,22.7785755560066],[120.59725633492144,22.7785755560066],[120.59725633492144,22.769582352369355],[120.5882631312842,22.769582352369355]]]}},{"type":"Feature","properties":{"jobs":0,"pop":109,"pointCount":3,"homeWorkCommuteMedian":37503,"workHomeCommuteMedian":-1},"geometry":{"type":"Polygon","coordinates":[[[120.5882631312842,22.787568759643847],[120.5882631312842,22.796561963281093],[120.59725633492144,22.796561963281093],[120.59725633492144,22.787568759643847],[120.5882631312842,22.787568759643847]]]}},{"type":"Feature","properties":{"jobs":50,"pop":103,"pointCount":2,"homeWorkCommuteMedian":2706,"workHomeCommuteMedian":4191},"geometry":{"type":"Polygon","coordinates":[[[120.5882631312842,22.796561963281093],[120.5882631312842,22.80555516691834],[120.59725633492144,22.80555516691834],[120.59725633492144,22.796561963281093],[120.5882631312842,22.796561963281093]]]}},{"type":"Feature","properties":{"jobs":57,"pop":235,"pointCount":3,"homeWorkCommuteMedian":41283,"workHomeCommuteMedian":5722},"geometry":{"type":"Polygon","coordinates":[[[120.5882631312842,22.80555516691834],[120.5882631312842,22.814548370555585],[120.59725633492144,22.814548370555585],[120.59725633492144,22.80555516691834],[120.5882631312842,22.80555516691834]]]}},{"type":"Feature","properties":{"jobs":49,"pop":156,"pointCount":2,"homeWorkCommuteMedian":25567,"workHomeCommuteMedian":3948},"geometry":{"type":"Polygon","coordinates":[[[120.5882631312842,22.814548370555585],[120.5882631312842,22.82354157419283],[120.59725633492144,22.82354157419283],[120.59725633492144,22.814548370555585],[120.5882631312842,22.814548370555585]]]}},{"type":"Feature","properties":{"jobs":191,"pop":541,"pointCount":7,"homeWorkCommuteMedian":34022,"workHomeCommuteMedian":7784},"geometry":{"type":"Polygon","coordinates":[[[120.5882631312842,22.82354157419283],[120.5882631312842,22.832534777830077],[120.59725633492144,22.832534777830077],[120.59725633492144,22.82354157419283],[120.5882631312842,22.82354157419283]]]}},{"type":"Feature","properties":{"jobs":0,"pop":174,"pointCount":1,"homeWorkCommuteMedian":54778,"workHomeCommuteMedian":-1},"geometry":{"type":"Polygon","coordinates":[[[120.5882631312842,22.832534777830077],[120.5882631312842,22.841527981467323],[120.59725633492144,22.841527981467323],[120.59725633492144,22.832534777830077],[120.5882631312842,22.832534777830077]]]}},{"type":"Feature","properties":{"jobs":0,"pop":42,"pointCount":1,"homeWorkCommuteMedian":52845,"workHomeCommuteMedian":-1},"geometry":{"type":"Polygon","coordinates":[[[120.5882631312842,22.86850759237906],[120.5882631312842,22.877500796016307],[120.59725633492144,22.877500796016307],[120.59725633492144,22.86850759237906],[120.5882631312842,22.86850759237906]]]}},{"type":"Feature","properties":{"jobs":0,"pop":31,"pointCount":1,"homeWorkCommuteMedian":45600,"workHomeCommuteMedian":-1},"geometry":{"type":"Polygon","coordinates":[[[120.5882631312842,22.886493999653553],[120.5882631312842,22.8954872032908],[120.59725633492144,22.8954872032908],[120.59725633492144,22.886493999653553],[120.5882631312842,22.886493999653553]]]}},{"type":"Feature","properties":{"jobs":21,"pop":0,"pointCount":1,"homeWorkCommuteMedian":-1,"workHomeCommuteMedian":9077},"geometry":{"type":"Polygon","coordinates":[[[120.5882631312842,22.931460017839782],[120.5882631312842,22.94045322147703],[120.59725633492144,22.94045322147703],[120.59725633492144,22.931460017839782],[120.5882631312842,22.931460017839782]]]}},{"type":"Feature","properties":{"jobs":0,"pop":55,"pointCount":1,"homeWorkCommuteMedian":61594,"workHomeCommuteMedian":-1},"geometry":{"type":"Polygon","coordinates":[[[120.5882631312842,23.00340564693775],[120.5882631312842,23.012398850574996],[120.59725633492144,23.012398850574996],[120.59725633492144,23.00340564693775],[120.5882631312842,23.00340564693775]]]}},{"type":"Feature","properties":{"jobs":0,"pop":41,"pointCount":1,"homeWorkCommuteMedian":74305,"workHomeCommuteMedian":-1},"geometry":{"type":"Polygon","coordinates":[[[120.5882631312842,23.057364868761226],[120.5882631312842,23.066358072398472],[120.59725633492144,23.066358072398472],[120.59725633492144,23.057364868761226],[120.5882631312842,23.057364868761226]]]}},{"type":"Feature","properties":{"jobs":331,"pop":276,"pointCount":5,"homeWorkCommuteMedian":62805,"workHomeCommuteMedian":4121},"geometry":{"type":"Polygon","coordinates":[[[120.5882631312842,23.07535127603572],[120.5882631312842,23.084344479672964],[120.59725633492144,23.084344479672964],[120.59725633492144,23.07535127603572],[120.5882631312842,23.07535127603572]]]}},{"type":"Feature","properties":{"jobs":33,"pop":158,"pointCount":2,"homeWorkCommuteMedian":76579,"workHomeCommuteMedian":1444},"geometry":{"type":"Polygon","coordinates":[[[120.5882631312842,23.084344479672964],[120.5882631312842,23.09333768331021],[120.59725633492144,23.09333768331021],[120.59725633492144,23.084344479672964],[120.5882631312842,23.084344479672964]]]}},{"type":"Feature","properties":{"jobs":0,"pop":81,"pointCount":1,"homeWorkCommuteMedian":7496,"workHomeCommuteMedian":-1},"geometry":{"type":"Polygon","coordinates":[[[120.5882631312842,23.09333768331021],[120.5882631312842,23.102330886947456],[120.59725633492144,23.102330886947456],[120.59725633492144,23.09333768331021],[120.5882631312842,23.09333768331021]]]}},{"type":"Feature","properties":{"jobs":60,"pop":0,"pointCount":2,"homeWorkCommuteMedian":-1,"workHomeCommuteMedian":1692},"geometry":{"type":"Polygon","coordinates":[[[120.59725633492144,22.346901781418794],[120.59725633492144,22.35589498505604],[120.60624953855869,22.35589498505604],[120.60624953855869,22.346901781418794],[120.59725633492144,22.346901781418794]]]}},{"type":"Feature","properties":{"jobs":366,"pop":2340,"pointCount":14,"homeWorkCommuteMedian":7686,"workHomeCommuteMedian":50675},"geometry":{"type":"Polygon","coordinates":[[[120.59725633492144,22.35589498505604],[120.59725633492144,22.364888188693286],[120.60624953855869,22.364888188693286],[120.60624953855869,22.35589498505604],[120.59725633492144,22.35589498505604]]]}},{"type":"Feature","properties":{"jobs":92,"pop":604,"pointCount":6,"homeWorkCommuteMedian":41345,"workHomeCommuteMedian":25945},"geometry":{"type":"Polygon","coordinates":[[[120.59725633492144,22.364888188693286],[120.59725633492144,22.37388139233053],[120.60624953855869,22.37388139233053],[120.60624953855869,22.364888188693286],[120.59725633492144,22.364888188693286]]]}},{"type":"Feature","properties":{"jobs":277,"pop":68,"pointCount":5,"homeWorkCommuteMedian":5348,"workHomeCommuteMedian":21425},"geometry":{"type":"Polygon","coordinates":[[[120.59725633492144,22.37388139233053],[120.59725633492144,22.382874595967778],[120.60624953855869,22.382874595967778],[120.60624953855869,22.37388139233053],[120.59725633492144,22.37388139233053]]]}},{"type":"Feature","properties":{"jobs":588,"pop":1771,"pointCount":8,"homeWorkCommuteMedian":19459,"workHomeCommuteMedian":3843},"geometry":{"type":"Polygon","coordinates":[[[120.59725633492144,22.382874595967778],[120.59725633492144,22.391867799605023],[120.60624953855869,22.391867799605023],[120.60624953855869,22.382874595967778],[120.59725633492144,22.382874595967778]]]}},{"type":"Feature","properties":{"jobs":0,"pop":79,"pointCount":2,"homeWorkCommuteMedian":65965,"workHomeCommuteMedian":-1},"geometry":{"type":"Polygon","coordinates":[[[120.59725633492144,22.391867799605023],[120.59725633492144,22.40086100324227],[120.60624953855869,22.40086100324227],[120.60624953855869,22.391867799605023],[120.59725633492144,22.391867799605023]]]}},{"type":"Feature","properties":{"jobs":81,"pop":0,"pointCount":1,"homeWorkCommuteMedian":-1,"workHomeCommuteMedian":6684},"geometry":{"type":"Polygon","coordinates":[[[120.59725633492144,22.427840614154007],[120.59725633492144,22.436833817791253],[120.60624953855869,22.436833817791253],[120.60624953855869,22.427840614154007],[120.59725633492144,22.427840614154007]]]}},{"type":"Feature","properties":{"jobs":0,"pop":87,"pointCount":1,"homeWorkCommuteMedian":39040,"workHomeCommuteMedian":-1},"geometry":{"type":"Polygon","coordinates":[[[120.59725633492144,22.454820225065745],[120.59725633492144,22.46381342870299],[120.60624953855869,22.46381342870299],[120.60624953855869,22.454820225065745],[120.59725633492144,22.454820225065745]]]}},{"type":"Feature","properties":{"jobs":0,"pop":199,"pointCount":3,"homeWorkCommuteMedian":10589,"workHomeCommuteMedian":-1},"geometry":{"type":"Polygon","coordinates":[[[120.59725633492144,22.46381342870299],[120.59725633492144,22.472806632340237],[120.60624953855869,22.472806632340237],[120.60624953855869,22.46381342870299],[120.59725633492144,22.46381342870299]]]}},{"type":"Feature","properties":{"jobs":25,"pop":95,"pointCount":2,"homeWorkCommuteMedian":44588,"workHomeCommuteMedian":5609},"geometry":{"type":"Polygon","coordinates":[[[120.59725633492144,22.50877944688922],[120.59725633492144,22.517772650526467],[120.60624953855869,22.517772650526467],[120.60624953855869,22.50877944688922],[120.59725633492144,22.50877944688922]]]}},{"type":"Feature","properties":{"jobs":0,"pop":58,"pointCount":1,"homeWorkCommuteMedian":31218,"workHomeCommuteMedian":-1},"geometry":{"type":"Polygon","coordinates":[[[120.59725633492144,22.55374546507545],[120.59725633492144,22.562738668712697],[120.60624953855869,22.562738668712697],[120.60624953855869,22.55374546507545],[120.59725633492144,22.55374546507545]]]}},{"type":"Feature","properties":{"jobs":70,"pop":815,"pointCount":9,"homeWorkCommuteMedian":9518,"workHomeCommuteMedian":5574},"geometry":{"type":"Polygon","coordinates":[[[120.59725633492144,22.562738668712697],[120.59725633492144,22.571731872349943],[120.60624953855869,22.571731872349943],[120.60624953855869,22.562738668712697],[120.59725633492144,22.562738668712697]]]}},{"type":"Feature","properties":{"jobs":77,"pop":422,"pointCount":4,"homeWorkCommuteMedian":23688,"workHomeCommuteMedian":3876},"geometry":{"type":"Polygon","coordinates":[[[120.59725633492144,22.571731872349943],[120.59725633492144,22.58072507598719],[120.60624953855869,22.58072507598719],[120.60624953855869,22.571731872349943],[120.59725633492144,22.571731872349943]]]}},{"type":"Feature","properties":{"jobs":0,"pop":193,"pointCount":3,"homeWorkCommuteMedian":3928,"workHomeCommuteMedian":-1},"geometry":{"type":"Polygon","coordinates":[[[120.59725633492144,22.58072507598719],[120.59725633492144,22.589718279624435],[120.60624953855869,22.589718279624435],[120.60624953855869,22.58072507598719],[120.59725633492144,22.58072507598719]]]}},{"type":"Feature","properties":{"jobs":64,"pop":154,"pointCount":3,"homeWorkCommuteMedian":34718,"workHomeCommuteMedian":5086},"geometry":{"type":"Polygon","coordinates":[[[120.59725633492144,22.589718279624435],[120.59725633492144,22.59871148326168],[120.60624953855869,22.59871148326168],[120.60624953855869,22.589718279624435],[120.59725633492144,22.589718279624435]]]}},{"type":"Feature","properties":{"jobs":0,"pop":74,"pointCount":1,"homeWorkCommuteMedian":34139,"workHomeCommuteMedian":-1},"geometry":{"type":"Polygon","coordinates":[[[120.59725633492144,22.59871148326168],[120.59725633492144,22.607704686898927],[120.60624953855869,22.607704686898927],[120.60624953855869,22.59871148326168],[120.59725633492144,22.59871148326168]]]}},{"type":"Feature","properties":{"jobs":0,"pop":302,"pointCount":5,"homeWorkCommuteMedian":19643,"workHomeCommuteMedian":-1},"geometry":{"type":"Polygon","coordinates":[[[120.59725633492144,22.607704686898927],[120.59725633492144,22.616697890536173],[120.60624953855869,22.616697890536173],[120.60624953855869,22.607704686898927],[120.59725633492144,22.607704686898927]]]}},{"type":"Feature","properties":{"jobs":0,"pop":224,"pointCount":1,"homeWorkCommuteMedian":17953,"workHomeCommuteMedian":-1},"geometry":{"type":"Polygon","coordinates":[[[120.59725633492144,22.616697890536173],[120.59725633492144,22.62569109417342],[120.60624953855869,22.62569109417342],[120.60624953855869,22.616697890536173],[120.59725633492144,22.616697890536173]]]}},{"type":"Feature","properties":{"jobs":389,"pop":293,"pointCount":8,"homeWorkCommuteMedian":11606,"workHomeCommuteMedian":5309},"geometry":{"type":"Polygon","coordinates":[[[120.59725633492144,22.62569109417342],[120.59725633492144,22.634684297810665],[120.60624953855869,22.634684297810665],[120.60624953855869,22.62569109417342],[120.59725633492144,22.62569109417342]]]}},{"type":"Feature","properties":{"jobs":215,"pop":76,"pointCount":4,"homeWorkCommuteMedian":24019,"workHomeCommuteMedian":12314},"geometry":{"type":"Polygon","coordinates":[[[120.59725633492144,22.634684297810665],[120.59725633492144,22.64367750144791],[120.60624953855869,22.64367750144791],[120.60624953855869,22.634684297810665],[120.59725633492144,22.634684297810665]]]}},{"type":"Feature","properties":{"jobs":150,"pop":126,"pointCount":5,"homeWorkCommuteMedian":34530,"workHomeCommuteMedian":6854},"geometry":{"type":"Polygon","coordinates":[[[120.59725633492144,22.64367750144791],[120.59725633492144,22.652670705085157],[120.60624953855869,22.652670705085157],[120.60624953855869,22.64367750144791],[120.59725633492144,22.64367750144791]]]}},{"type":"Feature","properties":{"jobs":51,"pop":291,"pointCount":5,"homeWorkCommuteMedian":8290,"workHomeCommuteMedian":7122},"geometry":{"type":"Polygon","coordinates":[[[120.59725633492144,22.652670705085157],[120.59725633492144,22.661663908722403],[120.60624953855869,22.661663908722403],[120.60624953855869,22.652670705085157],[120.59725633492144,22.652670705085157]]]}},{"type":"Feature","properties":{"jobs":752,"pop":998,"pointCount":8,"homeWorkCommuteMedian":7569,"workHomeCommuteMedian":10002},"geometry":{"type":"Polygon","coordinates":[[[120.59725633492144,22.661663908722403],[120.59725633492144,22.67065711235965],[120.60624953855869,22.67065711235965],[120.60624953855869,22.661663908722403],[120.59725633492144,22.661663908722403]]]}},{"type":"Feature","properties":{"jobs":1542,"pop":848,"pointCount":6,"homeWorkCommuteMedian":14327,"workHomeCommuteMedian":10130},"geometry":{"type":"Polygon","coordinates":[[[120.59725633492144,22.67065711235965],[120.59725633492144,22.679650315996895],[120.60624953855869,22.679650315996895],[120.60624953855869,22.67065711235965],[120.59725633492144,22.67065711235965]]]}},{"type":"Feature","properties":{"jobs":303,"pop":365,"pointCount":5,"homeWorkCommuteMedian":7371,"workHomeCommuteMedian":5598},"geometry":{"type":"Polygon","coordinates":[[[120.59725633492144,22.679650315996895],[120.59725633492144,22.68864351963414],[120.60624953855869,22.68864351963414],[120.60624953855869,22.679650315996895],[120.59725633492144,22.679650315996895]]]}},{"type":"Feature","properties":{"jobs":37,"pop":505,"pointCount":8,"homeWorkCommuteMedian":8744,"workHomeCommuteMedian":11015},"geometry":{"type":"Polygon","coordinates":[[[120.59725633492144,22.68864351963414],[120.59725633492144,22.697636723271387],[120.60624953855869,22.697636723271387],[120.60624953855869,22.68864351963414],[120.59725633492144,22.68864351963414]]]}},{"type":"Feature","properties":{"jobs":25,"pop":44,"pointCount":2,"homeWorkCommuteMedian":19205,"workHomeCommuteMedian":7175},"geometry":{"type":"Polygon","coordinates":[[[120.59725633492144,22.697636723271387],[120.59725633492144,22.706629926908633],[120.60624953855869,22.706629926908633],[120.60624953855869,22.697636723271387],[120.59725633492144,22.697636723271387]]]}},{"type":"Feature","properties":{"jobs":0,"pop":31,"pointCount":1,"homeWorkCommuteMedian":9054,"workHomeCommuteMedian":-1},"geometry":{"type":"Polygon","coordinates":[[[120.59725633492144,22.706629926908633],[120.59725633492144,22.71562313054588],[120.60624953855869,22.71562313054588],[120.60624953855869,22.706629926908633],[120.59725633492144,22.706629926908633]]]}},{"type":"Feature","properties":{"jobs":93,"pop":332,"pointCount":4,"homeWorkCommuteMedian":14326,"workHomeCommuteMedian":38379},"geometry":{"type":"Polygon","coordinates":[[[120.59725633492144,22.71562313054588],[120.59725633492144,22.724616334183125],[120.60624953855869,22.724616334183125],[120.60624953855869,22.71562313054588],[120.59725633492144,22.71562313054588]]]}},{"type":"Feature","properties":{"jobs":75,"pop":630,"pointCount":5,"homeWorkCommuteMedian":34481,"workHomeCommuteMedian":6539},"geometry":{"type":"Polygon","coordinates":[[[120.59725633492144,22.769582352369355],[120.59725633492144,22.7785755560066],[120.60624953855869,22.7785755560066],[120.60624953855869,22.769582352369355],[120.59725633492144,22.769582352369355]]]}},{"type":"Feature","properties":{"jobs":0,"pop":26,"pointCount":1,"homeWorkCommuteMedian":32856,"workHomeCommuteMedian":-1},"geometry":{"type":"Polygon","coordinates":[[[120.59725633492144,22.796561963281093],[120.59725633492144,22.80555516691834],[120.60624953855869,22.80555516691834],[120.60624953855869,22.796561963281093],[120.59725633492144,22.796561963281093]]]}},{"type":"Feature","properties":{"jobs":50,"pop":476,"pointCount":5,"homeWorkCommuteMedian":23651,"workHomeCommuteMedian":8020},"geometry":{"type":"Polygon","coordinates":[[[120.59725633492144,22.80555516691834],[120.59725633492144,22.814548370555585],[120.60624953855869,22.814548370555585],[120.60624953855869,22.80555516691834],[120.59725633492144,22.80555516691834]]]}},{"type":"Feature","properties":{"jobs":426,"pop":349,"pointCount":7,"homeWorkCommuteMedian":22956,"workHomeCommuteMedian":4219},"geometry":{"type":"Polygon","coordinates":[[[120.59725633492144,22.814548370555585],[120.59725633492144,22.82354157419283],[120.60624953855869,22.82354157419283],[120.60624953855869,22.814548370555585],[120.59725633492144,22.814548370555585]]]}},{"type":"Feature","properties":{"jobs":567,"pop":1237,"pointCount":9,"homeWorkCommuteMedian":40765,"workHomeCommuteMedian":3114},"geometry":{"type":"Polygon","coordinates":[[[120.59725633492144,22.82354157419283],[120.59725633492144,22.832534777830077],[120.60624953855869,22.832534777830077],[120.60624953855869,22.82354157419283],[120.59725633492144,22.82354157419283]]]}},{"type":"Feature","properties":{"jobs":44,"pop":176,"pointCount":5,"homeWorkCommuteMedian":25317,"workHomeCommuteMedian":4292},"geometry":{"type":"Polygon","coordinates":[[[120.59725633492144,22.832534777830077],[120.59725633492144,22.841527981467323],[120.60624953855869,22.841527981467323],[120.60624953855869,22.832534777830077],[120.59725633492144,22.832534777830077]]]}},{"type":"Feature","properties":{"jobs":0,"pop":275,"pointCount":3,"homeWorkCommuteMedian":35804,"workHomeCommuteMedian":-1},"geometry":{"type":"Polygon","coordinates":[[[120.59725633492144,22.841527981467323],[120.59725633492144,22.85052118510457],[120.60624953855869,22.85052118510457],[120.60624953855869,22.841527981467323],[120.59725633492144,22.841527981467323]]]}},{"type":"Feature","properties":{"jobs":1,"pop":175,"pointCount":2,"homeWorkCommuteMedian":41417,"workHomeCommuteMedian":7852},"geometry":{"type":"Polygon","coordinates":[[[120.59725633492144,22.85052118510457],[120.59725633492144,22.859514388741815],[120.60624953855869,22.859514388741815],[120.60624953855869,22.85052118510457],[120.59725633492144,22.85052118510457]]]}},{"type":"Feature","properties":{"jobs":0,"pop":44,"pointCount":1,"homeWorkCommuteMedian":55248,"workHomeCommuteMedian":-1},"geometry":{"type":"Polygon","coordinates":[[[120.59725633492144,22.877500796016307],[120.59725633492144,22.886493999653553],[120.60624953855869,22.886493999653553],[120.60624953855869,22.877500796016307],[120.59725633492144,22.877500796016307]]]}},{"type":"Feature","properties":{"jobs":0,"pop":37,"pointCount":1,"homeWorkCommuteMedian":65794,"workHomeCommuteMedian":-1},"geometry":{"type":"Polygon","coordinates":[[[120.59725633492144,22.886493999653553],[120.59725633492144,22.8954872032908],[120.60624953855869,22.8954872032908],[120.60624953855869,22.886493999653553],[120.59725633492144,22.886493999653553]]]}},{"type":"Feature","properties":{"jobs":0,"pop":97,"pointCount":1,"homeWorkCommuteMedian":52979,"workHomeCommuteMedian":-1},"geometry":{"type":"Polygon","coordinates":[[[120.59725633492144,22.922466814202537],[120.59725633492144,22.931460017839782],[120.60624953855869,22.931460017839782],[120.60624953855869,22.922466814202537],[120.59725633492144,22.922466814202537]]]}},{"type":"Feature","properties":{"jobs":0,"pop":47,"pointCount":1,"homeWorkCommuteMedian":45363,"workHomeCommuteMedian":-1},"geometry":{"type":"Polygon","coordinates":[[[120.59725633492144,22.98541923966326],[120.59725633492144,22.994412443300504],[120.60624953855869,22.994412443300504],[120.60624953855869,22.98541923966326],[120.59725633492144,22.98541923966326]]]}},{"type":"Feature","properties":{"jobs":0,"pop":37,"pointCount":1,"homeWorkCommuteMedian":74362,"workHomeCommuteMedian":-1},"geometry":{"type":"Polygon","coordinates":[[[120.59725633492144,23.066358072398472],[120.59725633492144,23.07535127603572],[120.60624953855869,23.07535127603572],[120.60624953855869,23.066358072398472],[120.59725633492144,23.066358072398472]]]}},{"type":"Feature","properties":{"jobs":0,"pop":60,"pointCount":1,"homeWorkCommuteMedian":70577,"workHomeCommuteMedian":-1},"geometry":{"type":"Polygon","coordinates":[[[120.59725633492144,23.084344479672964],[120.59725633492144,23.09333768331021],[120.60624953855869,23.09333768331021],[120.60624953855869,23.084344479672964],[120.59725633492144,23.084344479672964]]]}},{"type":"Feature","properties":{"jobs":0,"pop":59,"pointCount":1,"homeWorkCommuteMedian":64636,"workHomeCommuteMedian":-1},"geometry":{"type":"Polygon","coordinates":[[[120.59725633492144,23.102330886947456],[120.59725633492144,23.111324090584702],[120.60624953855869,23.111324090584702],[120.60624953855869,23.102330886947456],[120.59725633492144,23.102330886947456]]]}},{"type":"Feature","properties":{"jobs":10,"pop":134,"pointCount":2,"homeWorkCommuteMedian":4594,"workHomeCommuteMedian":6921},"geometry":{"type":"Polygon","coordinates":[[[120.59725633492144,23.111324090584702],[120.59725633492144,23.120317294221948],[120.60624953855869,23.120317294221948],[120.60624953855869,23.111324090584702],[120.59725633492144,23.111324090584702]]]}},{"type":"Feature","properties":{"jobs":32,"pop":0,"pointCount":1,"homeWorkCommuteMedian":-1,"workHomeCommuteMedian":45245},"geometry":{"type":"Polygon","coordinates":[[[120.60624953855869,22.346901781418794],[120.60624953855869,22.35589498505604],[120.61524274219593,22.35589498505604],[120.61524274219593,22.346901781418794],[120.60624953855869,22.346901781418794]]]}},{"type":"Feature","properties":{"jobs":181,"pop":75,"pointCount":4,"homeWorkCommuteMedian":7503,"workHomeCommuteMedian":5834},"geometry":{"type":"Polygon","coordinates":[[[120.60624953855869,22.35589498505604],[120.60624953855869,22.364888188693286],[120.61524274219593,22.364888188693286],[120.61524274219593,22.35589498505604],[120.60624953855869,22.35589498505604]]]}},{"type":"Feature","properties":{"jobs":704,"pop":124,"pointCount":4,"homeWorkCommuteMedian":42139,"workHomeCommuteMedian":3185},"geometry":{"type":"Polygon","coordinates":[[[120.60624953855869,22.364888188693286],[120.60624953855869,22.37388139233053],[120.61524274219593,22.37388139233053],[120.61524274219593,22.364888188693286],[120.60624953855869,22.364888188693286]]]}},{"type":"Feature","properties":{"jobs":87,"pop":186,"pointCount":3,"homeWorkCommuteMedian":6150,"workHomeCommuteMedian":49902},"geometry":{"type":"Polygon","coordinates":[[[120.60624953855869,22.37388139233053],[120.60624953855869,22.382874595967778],[120.61524274219593,22.382874595967778],[120.61524274219593,22.37388139233053],[120.60624953855869,22.37388139233053]]]}},{"type":"Feature","properties":{"jobs":0,"pop":45,"pointCount":1,"homeWorkCommuteMedian":42660,"workHomeCommuteMedian":-1},"geometry":{"type":"Polygon","coordinates":[[[120.60624953855869,22.382874595967778],[120.60624953855869,22.391867799605023],[120.61524274219593,22.391867799605023],[120.61524274219593,22.382874595967778],[120.60624953855869,22.382874595967778]]]}},{"type":"Feature","properties":{"jobs":0,"pop":49,"pointCount":1,"homeWorkCommuteMedian":48986,"workHomeCommuteMedian":-1},"geometry":{"type":"Polygon","coordinates":[[[120.60624953855869,22.40086100324227],[120.60624953855869,22.409854206879515],[120.61524274219593,22.409854206879515],[120.61524274219593,22.40086100324227],[120.60624953855869,22.40086100324227]]]}},{"type":"Feature","properties":{"jobs":213,"pop":0,"pointCount":2,"homeWorkCommuteMedian":-1,"workHomeCommuteMedian":10033},"geometry":{"type":"Polygon","coordinates":[[[120.60624953855869,22.454820225065745],[120.60624953855869,22.46381342870299],[120.61524274219593,22.46381342870299],[120.61524274219593,22.454820225065745],[120.60624953855869,22.454820225065745]]]}},{"type":"Feature","properties":{"jobs":54,"pop":0,"pointCount":1,"homeWorkCommuteMedian":-1,"workHomeCommuteMedian":3025},"geometry":{"type":"Polygon","coordinates":[[[120.60624953855869,22.46381342870299],[120.60624953855869,22.472806632340237],[120.61524274219593,22.472806632340237],[120.61524274219593,22.46381342870299],[120.60624953855869,22.46381342870299]]]}},{"type":"Feature","properties":{"jobs":94,"pop":713,"pointCount":8,"homeWorkCommuteMedian":39012,"workHomeCommuteMedian":8926},"geometry":{"type":"Polygon","coordinates":[[[120.60624953855869,22.472806632340237],[120.60624953855869,22.481799835977483],[120.61524274219593,22.481799835977483],[120.61524274219593,22.472806632340237],[120.60624953855869,22.472806632340237]]]}},{"type":"Feature","properties":{"jobs":23,"pop":0,"pointCount":1,"homeWorkCommuteMedian":-1,"workHomeCommuteMedian":11036},"geometry":{"type":"Polygon","coordinates":[[[120.60624953855869,22.50877944688922],[120.60624953855869,22.517772650526467],[120.61524274219593,22.517772650526467],[120.61524274219593,22.50877944688922],[120.60624953855869,22.50877944688922]]]}},{"type":"Feature","properties":{"jobs":0,"pop":112,"pointCount":1,"homeWorkCommuteMedian":38529,"workHomeCommuteMedian":-1},"geometry":{"type":"Polygon","coordinates":[[[120.60624953855869,22.526765854163713],[120.60624953855869,22.53575905780096],[120.61524274219593,22.53575905780096],[120.61524274219593,22.526765854163713],[120.60624953855869,22.526765854163713]]]}},{"type":"Feature","properties":{"jobs":21,"pop":24,"pointCount":2,"homeWorkCommuteMedian":34985,"workHomeCommuteMedian":7420},"geometry":{"type":"Polygon","coordinates":[[[120.60624953855869,22.53575905780096],[120.60624953855869,22.544752261438205],[120.61524274219593,22.544752261438205],[120.61524274219593,22.53575905780096],[120.60624953855869,22.53575905780096]]]}},{"type":"Feature","properties":{"jobs":88,"pop":290,"pointCount":4,"homeWorkCommuteMedian":38450,"workHomeCommuteMedian":38922},"geometry":{"type":"Polygon","coordinates":[[[120.60624953855869,22.544752261438205],[120.60624953855869,22.55374546507545],[120.61524274219593,22.55374546507545],[120.61524274219593,22.544752261438205],[120.60624953855869,22.544752261438205]]]}},{"type":"Feature","properties":{"jobs":246,"pop":0,"pointCount":1,"homeWorkCommuteMedian":-1,"workHomeCommuteMedian":3928},"geometry":{"type":"Polygon","coordinates":[[[120.60624953855869,22.55374546507545],[120.60624953855869,22.562738668712697],[120.61524274219593,22.562738668712697],[120.61524274219593,22.55374546507545],[120.60624953855869,22.55374546507545]]]}},{"type":"Feature","properties":{"jobs":0,"pop":556,"pointCount":5,"homeWorkCommuteMedian":23385,"workHomeCommuteMedian":-1},"geometry":{"type":"Polygon","coordinates":[[[120.60624953855869,22.562738668712697],[120.60624953855869,22.571731872349943],[120.61524274219593,22.571731872349943],[120.61524274219593,22.562738668712697],[120.60624953855869,22.562738668712697]]]}},{"type":"Feature","properties":{"jobs":33,"pop":422,"pointCount":2,"homeWorkCommuteMedian":38177,"workHomeCommuteMedian":3502},"geometry":{"type":"Polygon","coordinates":[[[120.60624953855869,22.571731872349943],[120.60624953855869,22.58072507598719],[120.61524274219593,22.58072507598719],[120.61524274219593,22.571731872349943],[120.60624953855869,22.571731872349943]]]}},{"type":"Feature","properties":{"jobs":30,"pop":690,"pointCount":6,"homeWorkCommuteMedian":29518,"workHomeCommuteMedian":2552},"geometry":{"type":"Polygon","coordinates":[[[120.60624953855869,22.58072507598719],[120.60624953855869,22.589718279624435],[120.61524274219593,22.589718279624435],[120.61524274219593,22.58072507598719],[120.60624953855869,22.58072507598719]]]}},{"type":"Feature","properties":{"jobs":136,"pop":874,"pointCount":9,"homeWorkCommuteMedian":24983,"workHomeCommuteMedian":3246},"geometry":{"type":"Polygon","coordinates":[[[120.60624953855869,22.589718279624435],[120.60624953855869,22.59871148326168],[120.61524274219593,22.59871148326168],[120.61524274219593,22.589718279624435],[120.60624953855869,22.589718279624435]]]}},{"type":"Feature","properties":{"jobs":119,"pop":735,"pointCount":5,"homeWorkCommuteMedian":14590,"workHomeCommuteMedian":5814},"geometry":{"type":"Polygon","coordinates":[[[120.60624953855869,22.59871148326168],[120.60624953855869,22.607704686898927],[120.61524274219593,22.607704686898927],[120.61524274219593,22.59871148326168],[120.60624953855869,22.59871148326168]]]}},{"type":"Feature","properties":{"jobs":0,"pop":148,"pointCount":4,"homeWorkCommuteMedian":17496,"workHomeCommuteMedian":-1},"geometry":{"type":"Polygon","coordinates":[[[120.60624953855869,22.616697890536173],[120.60624953855869,22.62569109417342],[120.61524274219593,22.62569109417342],[120.61524274219593,22.616697890536173],[120.60624953855869,22.616697890536173]]]}},{"type":"Feature","properties":{"jobs":25,"pop":34,"pointCount":2,"homeWorkCommuteMedian":7222,"workHomeCommuteMedian":2878},"geometry":{"type":"Polygon","coordinates":[[[120.60624953855869,22.62569109417342],[120.60624953855869,22.634684297810665],[120.61524274219593,22.634684297810665],[120.61524274219593,22.62569109417342],[120.60624953855869,22.62569109417342]]]}},{"type":"Feature","properties":{"jobs":6731,"pop":0,"pointCount":5,"homeWorkCommuteMedian":-1,"workHomeCommuteMedian":28344},"geometry":{"type":"Polygon","coordinates":[[[120.60624953855869,22.634684297810665],[120.60624953855869,22.64367750144791],[120.61524274219593,22.64367750144791],[120.61524274219593,22.634684297810665],[120.60624953855869,22.634684297810665]]]}},{"type":"Feature","properties":{"jobs":1622,"pop":0,"pointCount":7,"homeWorkCommuteMedian":-1,"workHomeCommuteMedian":8799},"geometry":{"type":"Polygon","coordinates":[[[120.60624953855869,22.64367750144791],[120.60624953855869,22.652670705085157],[120.61524274219593,22.652670705085157],[120.61524274219593,22.64367750144791],[120.60624953855869,22.64367750144791]]]}},{"type":"Feature","properties":{"jobs":0,"pop":242,"pointCount":2,"homeWorkCommuteMedian":10014,"workHomeCommuteMedian":-1},"geometry":{"type":"Polygon","coordinates":[[[120.60624953855869,22.652670705085157],[120.60624953855869,22.661663908722403],[120.61524274219593,22.661663908722403],[120.61524274219593,22.652670705085157],[120.60624953855869,22.652670705085157]]]}},{"type":"Feature","properties":{"jobs":41,"pop":92,"pointCount":3,"homeWorkCommuteMedian":16936,"workHomeCommuteMedian":9902},"geometry":{"type":"Polygon","coordinates":[[[120.60624953855869,22.661663908722403],[120.60624953855869,22.67065711235965],[120.61524274219593,22.67065711235965],[120.61524274219593,22.661663908722403],[120.60624953855869,22.661663908722403]]]}},{"type":"Feature","properties":{"jobs":175,"pop":211,"pointCount":4,"homeWorkCommuteMedian":7859,"workHomeCommuteMedian":10445},"geometry":{"type":"Polygon","coordinates":[[[120.60624953855869,22.67065711235965],[120.60624953855869,22.679650315996895],[120.61524274219593,22.679650315996895],[120.61524274219593,22.67065711235965],[120.60624953855869,22.67065711235965]]]}},{"type":"Feature","properties":{"jobs":30,"pop":55,"pointCount":2,"homeWorkCommuteMedian":6720,"workHomeCommuteMedian":41579},"geometry":{"type":"Polygon","coordinates":[[[120.60624953855869,22.679650315996895],[120.60624953855869,22.68864351963414],[120.61524274219593,22.68864351963414],[120.61524274219593,22.679650315996895],[120.60624953855869,22.679650315996895]]]}},{"type":"Feature","properties":{"jobs":51,"pop":173,"pointCount":4,"homeWorkCommuteMedian":8366,"workHomeCommuteMedian":1760},"geometry":{"type":"Polygon","coordinates":[[[120.60624953855869,22.68864351963414],[120.60624953855869,22.697636723271387],[120.61524274219593,22.697636723271387],[120.61524274219593,22.68864351963414],[120.60624953855869,22.68864351963414]]]}},{"type":"Feature","properties":{"jobs":169,"pop":150,"pointCount":4,"homeWorkCommuteMedian":12883,"workHomeCommuteMedian":31750},"geometry":{"type":"Polygon","coordinates":[[[120.60624953855869,22.697636723271387],[120.60624953855869,22.706629926908633],[120.61524274219593,22.706629926908633],[120.61524274219593,22.697636723271387],[120.60624953855869,22.697636723271387]]]}},{"type":"Feature","properties":{"jobs":116,"pop":691,"pointCount":7,"homeWorkCommuteMedian":13736,"workHomeCommuteMedian":5986},"geometry":{"type":"Polygon","coordinates":[[[120.60624953855869,22.71562313054588],[120.60624953855869,22.724616334183125],[120.61524274219593,22.724616334183125],[120.61524274219593,22.71562313054588],[120.60624953855869,22.71562313054588]]]}},{"type":"Feature","properties":{"jobs":0,"pop":201,"pointCount":3,"homeWorkCommuteMedian":24568,"workHomeCommuteMedian":-1},"geometry":{"type":"Polygon","coordinates":[[[120.60624953855869,22.724616334183125],[120.60624953855869,22.73360953782037],[120.61524274219593,22.73360953782037],[120.61524274219593,22.724616334183125],[120.60624953855869,22.724616334183125]]]}},{"type":"Feature","properties":{"jobs":0,"pop":73,"pointCount":1,"homeWorkCommuteMedian":47201,"workHomeCommuteMedian":-1},"geometry":{"type":"Polygon","coordinates":[[[120.60624953855869,22.76058914873211],[120.60624953855869,22.769582352369355],[120.61524274219593,22.769582352369355],[120.61524274219593,22.76058914873211],[120.60624953855869,22.76058914873211]]]}},{"type":"Feature","properties":{"jobs":60,"pop":168,"pointCount":3,"homeWorkCommuteMedian":40464,"workHomeCommuteMedian":7359},"geometry":{"type":"Polygon","coordinates":[[[120.60624953855869,22.7785755560066],[120.60624953855869,22.787568759643847],[120.61524274219593,22.787568759643847],[120.61524274219593,22.7785755560066],[120.60624953855869,22.7785755560066]]]}},{"type":"Feature","properties":{"jobs":116,"pop":614,"pointCount":5,"homeWorkCommuteMedian":35408,"workHomeCommuteMedian":12483},"geometry":{"type":"Polygon","coordinates":[[[120.60624953855869,22.787568759643847],[120.60624953855869,22.796561963281093],[120.61524274219593,22.796561963281093],[120.61524274219593,22.787568759643847],[120.60624953855869,22.787568759643847]]]}},{"type":"Feature","properties":{"jobs":0,"pop":95,"pointCount":1,"homeWorkCommuteMedian":43706,"workHomeCommuteMedian":-1},"geometry":{"type":"Polygon","coordinates":[[[120.60624953855869,22.80555516691834],[120.60624953855869,22.814548370555585],[120.61524274219593,22.814548370555585],[120.61524274219593,22.80555516691834],[120.60624953855869,22.80555516691834]]]}},{"type":"Feature","properties":{"jobs":0,"pop":23,"pointCount":1,"homeWorkCommuteMedian":51970,"workHomeCommuteMedian":-1},"geometry":{"type":"Polygon","coordinates":[[[120.60624953855869,22.814548370555585],[120.60624953855869,22.82354157419283],[120.61524274219593,22.82354157419283],[120.61524274219593,22.814548370555585],[120.60624953855869,22.814548370555585]]]}},{"type":"Feature","properties":{"jobs":0,"pop":324,"pointCount":3,"homeWorkCommuteMedian":43447,"workHomeCommuteMedian":-1},"geometry":{"type":"Polygon","coordinates":[[[120.60624953855869,22.832534777830077],[120.60624953855869,22.841527981467323],[120.61524274219593,22.841527981467323],[120.61524274219593,22.832534777830077],[120.60624953855869,22.832534777830077]]]}},{"type":"Feature","properties":{"jobs":48,"pop":491,"pointCount":6,"homeWorkCommuteMedian":49499,"workHomeCommuteMedian":6897},"geometry":{"type":"Polygon","coordinates":[[[120.60624953855869,22.841527981467323],[120.60624953855869,22.85052118510457],[120.61524274219593,22.85052118510457],[120.61524274219593,22.841527981467323],[120.60624953855869,22.841527981467323]]]}},{"type":"Feature","properties":{"jobs":32,"pop":556,"pointCount":3,"homeWorkCommuteMedian":24215,"workHomeCommuteMedian":4104},"geometry":{"type":"Polygon","coordinates":[[[120.60624953855869,22.85052118510457],[120.60624953855869,22.859514388741815],[120.61524274219593,22.859514388741815],[120.61524274219593,22.85052118510457],[120.60624953855869,22.85052118510457]]]}},{"type":"Feature","properties":{"jobs":0,"pop":26,"pointCount":1,"homeWorkCommuteMedian":8571,"workHomeCommuteMedian":-1},"geometry":{"type":"Polygon","coordinates":[[[120.60624953855869,23.084344479672964],[120.60624953855869,23.09333768331021],[120.61524274219593,23.09333768331021],[120.61524274219593,23.084344479672964],[120.60624953855869,23.084344479672964]]]}},{"type":"Feature","properties":{"jobs":0,"pop":28,"pointCount":1,"homeWorkCommuteMedian":3266,"workHomeCommuteMedian":-1},"geometry":{"type":"Polygon","coordinates":[[[120.60624953855869,23.09333768331021],[120.60624953855869,23.102330886947456],[120.61524274219593,23.102330886947456],[120.61524274219593,23.09333768331021],[120.60624953855869,23.09333768331021]]]}},{"type":"Feature","properties":{"jobs":0,"pop":24,"pointCount":1,"homeWorkCommuteMedian":51515,"workHomeCommuteMedian":-1},"geometry":{"type":"Polygon","coordinates":[[[120.61524274219593,22.364888188693286],[120.61524274219593,22.37388139233053],[120.62423594583318,22.37388139233053],[120.62423594583318,22.364888188693286],[120.61524274219593,22.364888188693286]]]}},{"type":"Feature","properties":{"jobs":91,"pop":391,"pointCount":4,"homeWorkCommuteMedian":22922,"workHomeCommuteMedian":35289},"geometry":{"type":"Polygon","coordinates":[[[120.61524274219593,22.391867799605023],[120.61524274219593,22.40086100324227],[120.62423594583318,22.40086100324227],[120.62423594583318,22.391867799605023],[120.61524274219593,22.391867799605023]]]}},{"type":"Feature","properties":{"jobs":77,"pop":216,"pointCount":2,"homeWorkCommuteMedian":6398,"workHomeCommuteMedian":6227},"geometry":{"type":"Polygon","coordinates":[[[120.61524274219593,22.40086100324227],[120.61524274219593,22.409854206879515],[120.62423594583318,22.409854206879515],[120.62423594583318,22.40086100324227],[120.61524274219593,22.40086100324227]]]}},{"type":"Feature","properties":{"jobs":33,"pop":58,"pointCount":1,"homeWorkCommuteMedian":6785,"workHomeCommuteMedian":5212},"geometry":{"type":"Polygon","coordinates":[[[120.61524274219593,22.41884741051676],[120.61524274219593,22.427840614154007],[120.62423594583318,22.427840614154007],[120.62423594583318,22.41884741051676],[120.61524274219593,22.41884741051676]]]}},{"type":"Feature","properties":{"jobs":0,"pop":28,"pointCount":1,"homeWorkCommuteMedian":56997,"workHomeCommuteMedian":-1},"geometry":{"type":"Polygon","coordinates":[[[120.61524274219593,22.49079303961473],[120.61524274219593,22.499786243251975],[120.62423594583318,22.499786243251975],[120.62423594583318,22.49079303961473],[120.61524274219593,22.49079303961473]]]}},{"type":"Feature","properties":{"jobs":27,"pop":0,"pointCount":1,"homeWorkCommuteMedian":-1,"workHomeCommuteMedian":11760},"geometry":{"type":"Polygon","coordinates":[[[120.61524274219593,22.517772650526467],[120.61524274219593,22.526765854163713],[120.62423594583318,22.526765854163713],[120.62423594583318,22.517772650526467],[120.61524274219593,22.517772650526467]]]}},{"type":"Feature","properties":{"jobs":113,"pop":0,"pointCount":2,"homeWorkCommuteMedian":-1,"workHomeCommuteMedian":8900},"geometry":{"type":"Polygon","coordinates":[[[120.61524274219593,22.526765854163713],[120.61524274219593,22.53575905780096],[120.62423594583318,22.53575905780096],[120.62423594583318,22.526765854163713],[120.61524274219593,22.526765854163713]]]}},{"type":"Feature","properties":{"jobs":0,"pop":154,"pointCount":2,"homeWorkCommuteMedian":21916,"workHomeCommuteMedian":-1},"geometry":{"type":"Polygon","coordinates":[[[120.61524274219593,22.53575905780096],[120.61524274219593,22.544752261438205],[120.62423594583318,22.544752261438205],[120.62423594583318,22.53575905780096],[120.61524274219593,22.53575905780096]]]}},{"type":"Feature","properties":{"jobs":0,"pop":28,"pointCount":1,"homeWorkCommuteMedian":8871,"workHomeCommuteMedian":-1},"geometry":{"type":"Polygon","coordinates":[[[120.61524274219593,22.571731872349943],[120.61524274219593,22.58072507598719],[120.62423594583318,22.58072507598719],[120.62423594583318,22.571731872349943],[120.61524274219593,22.571731872349943]]]}},{"type":"Feature","properties":{"jobs":45,"pop":46,"pointCount":2,"homeWorkCommuteMedian":42691,"workHomeCommuteMedian":7222},"geometry":{"type":"Polygon","coordinates":[[[120.61524274219593,22.58072507598719],[120.61524274219593,22.589718279624435],[120.62423594583318,22.589718279624435],[120.62423594583318,22.58072507598719],[120.61524274219593,22.58072507598719]]]}},{"type":"Feature","properties":{"jobs":149,"pop":25,"pointCount":3,"homeWorkCommuteMedian":2878,"workHomeCommuteMedian":3827},"geometry":{"type":"Polygon","coordinates":[[[120.61524274219593,22.616697890536173],[120.61524274219593,22.62569109417342],[120.62423594583318,22.62569109417342],[120.62423594583318,22.616697890536173],[120.61524274219593,22.616697890536173]]]}},{"type":"Feature","properties":{"jobs":0,"pop":90,"pointCount":2,"homeWorkCommuteMedian":40580,"workHomeCommuteMedian":-1},"geometry":{"type":"Polygon","coordinates":[[[120.61524274219593,22.62569109417342],[120.61524274219593,22.634684297810665],[120.62423594583318,22.634684297810665],[120.62423594583318,22.62569109417342],[120.61524274219593,22.62569109417342]]]}},{"type":"Feature","properties":{"jobs":306,"pop":0,"pointCount":3,"homeWorkCommuteMedian":-1,"workHomeCommuteMedian":16337},"geometry":{"type":"Polygon","coordinates":[[[120.61524274219593,22.64367750144791],[120.61524274219593,22.652670705085157],[120.62423594583318,22.652670705085157],[120.62423594583318,22.64367750144791],[120.61524274219593,22.64367750144791]]]}},{"type":"Feature","properties":{"jobs":0,"pop":23,"pointCount":1,"homeWorkCommuteMedian":14978,"workHomeCommuteMedian":-1},"geometry":{"type":"Polygon","coordinates":[[[120.61524274219593,22.679650315996895],[120.61524274219593,22.68864351963414],[120.62423594583318,22.68864351963414],[120.62423594583318,22.679650315996895],[120.61524274219593,22.679650315996895]]]}},{"type":"Feature","properties":{"jobs":43,"pop":95,"pointCount":4,"homeWorkCommuteMedian":46566,"workHomeCommuteMedian":11530},"geometry":{"type":"Polygon","coordinates":[[[120.61524274219593,22.68864351963414],[120.61524274219593,22.697636723271387],[120.62423594583318,22.697636723271387],[120.62423594583318,22.68864351963414],[120.61524274219593,22.68864351963414]]]}},{"type":"Feature","properties":{"jobs":0,"pop":65,"pointCount":1,"homeWorkCommuteMedian":39605,"workHomeCommuteMedian":-1},"geometry":{"type":"Polygon","coordinates":[[[120.61524274219593,22.697636723271387],[120.61524274219593,22.706629926908633],[120.62423594583318,22.706629926908633],[120.62423594583318,22.697636723271387],[120.61524274219593,22.697636723271387]]]}},{"type":"Feature","properties":{"jobs":33,"pop":267,"pointCount":4,"homeWorkCommuteMedian":37754,"workHomeCommuteMedian":24287},"geometry":{"type":"Polygon","coordinates":[[[120.61524274219593,22.706629926908633],[120.61524274219593,22.71562313054588],[120.62423594583318,22.71562313054588],[120.62423594583318,22.706629926908633],[120.61524274219593,22.706629926908633]]]}},{"type":"Feature","properties":{"jobs":0,"pop":78,"pointCount":1,"homeWorkCommuteMedian":8402,"workHomeCommuteMedian":-1},"geometry":{"type":"Polygon","coordinates":[[[120.61524274219593,22.71562313054588],[120.61524274219593,22.724616334183125],[120.62423594583318,22.724616334183125],[120.62423594583318,22.71562313054588],[120.61524274219593,22.71562313054588]]]}},{"type":"Feature","properties":{"jobs":25,"pop":47,"pointCount":3,"homeWorkCommuteMedian":55805,"workHomeCommuteMedian":5895},"geometry":{"type":"Polygon","coordinates":[[[120.61524274219593,22.73360953782037],[120.61524274219593,22.742602741457617],[120.62423594583318,22.742602741457617],[120.62423594583318,22.73360953782037],[120.61524274219593,22.73360953782037]]]}},{"type":"Feature","properties":{"jobs":0,"pop":653,"pointCount":5,"homeWorkCommuteMedian":40177,"workHomeCommuteMedian":-1},"geometry":{"type":"Polygon","coordinates":[[[120.61524274219593,22.742602741457617],[120.61524274219593,22.751595945094863],[120.62423594583318,22.751595945094863],[120.62423594583318,22.742602741457617],[120.61524274219593,22.742602741457617]]]}},{"type":"Feature","properties":{"jobs":0,"pop":167,"pointCount":1,"homeWorkCommuteMedian":43618,"workHomeCommuteMedian":-1},"geometry":{"type":"Polygon","coordinates":[[[120.61524274219593,22.751595945094863],[120.61524274219593,22.76058914873211],[120.62423594583318,22.76058914873211],[120.62423594583318,22.751595945094863],[120.61524274219593,22.751595945094863]]]}},{"type":"Feature","properties":{"jobs":105,"pop":280,"pointCount":6,"homeWorkCommuteMedian":31634,"workHomeCommuteMedian":9818},"geometry":{"type":"Polygon","coordinates":[[[120.61524274219593,22.76058914873211],[120.61524274219593,22.769582352369355],[120.62423594583318,22.769582352369355],[120.62423594583318,22.76058914873211],[120.61524274219593,22.76058914873211]]]}},{"type":"Feature","properties":{"jobs":0,"pop":63,"pointCount":1,"homeWorkCommuteMedian":39148,"workHomeCommuteMedian":-1},"geometry":{"type":"Polygon","coordinates":[[[120.61524274219593,22.769582352369355],[120.61524274219593,22.7785755560066],[120.62423594583318,22.7785755560066],[120.62423594583318,22.769582352369355],[120.61524274219593,22.769582352369355]]]}},{"type":"Feature","properties":{"jobs":51,"pop":181,"pointCount":4,"homeWorkCommuteMedian":37377,"workHomeCommuteMedian":6693},"geometry":{"type":"Polygon","coordinates":[[[120.61524274219593,22.7785755560066],[120.61524274219593,22.787568759643847],[120.62423594583318,22.787568759643847],[120.62423594583318,22.7785755560066],[120.61524274219593,22.7785755560066]]]}},{"type":"Feature","properties":{"jobs":0,"pop":84,"pointCount":1,"homeWorkCommuteMedian":27408,"workHomeCommuteMedian":-1},"geometry":{"type":"Polygon","coordinates":[[[120.61524274219593,22.787568759643847],[120.61524274219593,22.796561963281093],[120.62423594583318,22.796561963281093],[120.62423594583318,22.787568759643847],[120.61524274219593,22.787568759643847]]]}},{"type":"Feature","properties":{"jobs":49,"pop":563,"pointCount":3,"homeWorkCommuteMedian":34479,"workHomeCommuteMedian":5902},"geometry":{"type":"Polygon","coordinates":[[[120.61524274219593,22.82354157419283],[120.61524274219593,22.832534777830077],[120.62423594583318,22.832534777830077],[120.62423594583318,22.82354157419283],[120.61524274219593,22.82354157419283]]]}},{"type":"Feature","properties":{"jobs":0,"pop":78,"pointCount":1,"homeWorkCommuteMedian":25867,"workHomeCommuteMedian":-1},"geometry":{"type":"Polygon","coordinates":[[[120.61524274219593,22.832534777830077],[120.61524274219593,22.841527981467323],[120.62423594583318,22.841527981467323],[120.62423594583318,22.832534777830077],[120.61524274219593,22.832534777830077]]]}},{"type":"Feature","properties":{"jobs":0,"pop":63,"pointCount":1,"homeWorkCommuteMedian":30006,"workHomeCommuteMedian":-1},"geometry":{"type":"Polygon","coordinates":[[[120.61524274219593,22.841527981467323],[120.61524274219593,22.85052118510457],[120.62423594583318,22.85052118510457],[120.62423594583318,22.841527981467323],[120.61524274219593,22.841527981467323]]]}},{"type":"Feature","properties":{"jobs":0,"pop":46,"pointCount":1,"homeWorkCommuteMedian":44572,"workHomeCommuteMedian":-1},"geometry":{"type":"Polygon","coordinates":[[[120.61524274219593,22.85052118510457],[120.61524274219593,22.859514388741815],[120.62423594583318,22.859514388741815],[120.62423594583318,22.85052118510457],[120.61524274219593,22.85052118510457]]]}},{"type":"Feature","properties":{"jobs":0,"pop":88,"pointCount":1,"homeWorkCommuteMedian":57106,"workHomeCommuteMedian":-1},"geometry":{"type":"Polygon","coordinates":[[[120.61524274219593,22.859514388741815],[120.61524274219593,22.86850759237906],[120.62423594583318,22.86850759237906],[120.62423594583318,22.859514388741815],[120.61524274219593,22.859514388741815]]]}},{"type":"Feature","properties":{"jobs":0,"pop":238,"pointCount":1,"homeWorkCommuteMedian":46129,"workHomeCommuteMedian":-1},"geometry":{"type":"Polygon","coordinates":[[[120.61524274219593,22.877500796016307],[120.61524274219593,22.886493999653553],[120.62423594583318,22.886493999653553],[120.62423594583318,22.877500796016307],[120.61524274219593,22.877500796016307]]]}},{"type":"Feature","properties":{"jobs":113,"pop":0,"pointCount":2,"homeWorkCommuteMedian":-1,"workHomeCommuteMedian":2907},"geometry":{"type":"Polygon","coordinates":[[[120.61524274219593,22.886493999653553],[120.61524274219593,22.8954872032908],[120.62423594583318,22.8954872032908],[120.62423594583318,22.886493999653553],[120.61524274219593,22.886493999653553]]]}},{"type":"Feature","properties":{"jobs":56,"pop":0,"pointCount":1,"homeWorkCommuteMedian":-1,"workHomeCommuteMedian":12750},"geometry":{"type":"Polygon","coordinates":[[[120.61524274219593,22.8954872032908],[120.61524274219593,22.904480406928045],[120.62423594583318,22.904480406928045],[120.62423594583318,22.8954872032908],[120.61524274219593,22.8954872032908]]]}},{"type":"Feature","properties":{"jobs":0,"pop":50,"pointCount":1,"homeWorkCommuteMedian":6596,"workHomeCommuteMedian":-1},"geometry":{"type":"Polygon","coordinates":[[[120.61524274219593,23.111324090584702],[120.61524274219593,23.120317294221948],[120.62423594583318,23.120317294221948],[120.62423594583318,23.111324090584702],[120.61524274219593,23.111324090584702]]]}},{"type":"Feature","properties":{"jobs":0,"pop":83,"pointCount":1,"homeWorkCommuteMedian":44256,"workHomeCommuteMedian":-1},"geometry":{"type":"Polygon","coordinates":[[[120.62423594583318,22.35589498505604],[120.62423594583318,22.364888188693286],[120.63322914947042,22.364888188693286],[120.63322914947042,22.35589498505604],[120.62423594583318,22.35589498505604]]]}},{"type":"Feature","properties":{"jobs":113,"pop":0,"pointCount":1,"homeWorkCommuteMedian":-1,"workHomeCommuteMedian":3809},"geometry":{"type":"Polygon","coordinates":[[[120.62423594583318,22.364888188693286],[120.62423594583318,22.37388139233053],[120.63322914947042,22.37388139233053],[120.63322914947042,22.364888188693286],[120.62423594583318,22.364888188693286]]]}},{"type":"Feature","properties":{"jobs":0,"pop":67,"pointCount":1,"homeWorkCommuteMedian":58617,"workHomeCommuteMedian":-1},"geometry":{"type":"Polygon","coordinates":[[[120.62423594583318,22.41884741051676],[120.62423594583318,22.427840614154007],[120.63322914947042,22.427840614154007],[120.63322914947042,22.41884741051676],[120.62423594583318,22.41884741051676]]]}},{"type":"Feature","properties":{"jobs":51,"pop":100,"pointCount":2,"homeWorkCommuteMedian":10194,"workHomeCommuteMedian":8578},"geometry":{"type":"Polygon","coordinates":[[[120.62423594583318,22.427840614154007],[120.62423594583318,22.436833817791253],[120.63322914947042,22.436833817791253],[120.63322914947042,22.427840614154007],[120.62423594583318,22.427840614154007]]]}},{"type":"Feature","properties":{"jobs":161,"pop":182,"pointCount":3,"homeWorkCommuteMedian":37588,"workHomeCommuteMedian":6641},"geometry":{"type":"Polygon","coordinates":[[[120.62423594583318,22.517772650526467],[120.62423594583318,22.526765854163713],[120.63322914947042,22.526765854163713],[120.63322914947042,22.517772650526467],[120.62423594583318,22.517772650526467]]]}},{"type":"Feature","properties":{"jobs":0,"pop":74,"pointCount":1,"homeWorkCommuteMedian":53886,"workHomeCommuteMedian":-1},"geometry":{"type":"Polygon","coordinates":[[[120.62423594583318,22.526765854163713],[120.62423594583318,22.53575905780096],[120.63322914947042,22.53575905780096],[120.63322914947042,22.526765854163713],[120.62423594583318,22.526765854163713]]]}},{"type":"Feature","properties":{"jobs":109,"pop":0,"pointCount":1,"homeWorkCommuteMedian":-1,"workHomeCommuteMedian":7895},"geometry":{"type":"Polygon","coordinates":[[[120.62423594583318,22.55374546507545],[120.62423594583318,22.562738668712697],[120.63322914947042,22.562738668712697],[120.63322914947042,22.55374546507545],[120.62423594583318,22.55374546507545]]]}},{"type":"Feature","properties":{"jobs":43,"pop":74,"pointCount":2,"homeWorkCommuteMedian":50942,"workHomeCommuteMedian":8398},"geometry":{"type":"Polygon","coordinates":[[[120.62423594583318,22.571731872349943],[120.62423594583318,22.58072507598719],[120.63322914947042,22.58072507598719],[120.63322914947042,22.571731872349943],[120.62423594583318,22.571731872349943]]]}},{"type":"Feature","properties":{"jobs":0,"pop":33,"pointCount":1,"homeWorkCommuteMedian":3640,"workHomeCommuteMedian":-1},"geometry":{"type":"Polygon","coordinates":[[[120.62423594583318,22.589718279624435],[120.62423594583318,22.59871148326168],[120.63322914947042,22.59871148326168],[120.63322914947042,22.589718279624435],[120.62423594583318,22.589718279624435]]]}},{"type":"Feature","properties":{"jobs":36,"pop":50,"pointCount":2,"homeWorkCommuteMedian":47673,"workHomeCommuteMedian":6142},"geometry":{"type":"Polygon","coordinates":[[[120.62423594583318,22.607704686898927],[120.62423594583318,22.616697890536173],[120.63322914947042,22.616697890536173],[120.63322914947042,22.607704686898927],[120.62423594583318,22.607704686898927]]]}},{"type":"Feature","properties":{"jobs":53,"pop":0,"pointCount":2,"homeWorkCommuteMedian":-1,"workHomeCommuteMedian":6230},"geometry":{"type":"Polygon","coordinates":[[[120.62423594583318,22.616697890536173],[120.62423594583318,22.62569109417342],[120.63322914947042,22.62569109417342],[120.63322914947042,22.616697890536173],[120.62423594583318,22.616697890536173]]]}},{"type":"Feature","properties":{"jobs":101,"pop":0,"pointCount":1,"homeWorkCommuteMedian":-1,"workHomeCommuteMedian":10310},"geometry":{"type":"Polygon","coordinates":[[[120.62423594583318,22.64367750144791],[120.62423594583318,22.652670705085157],[120.63322914947042,22.652670705085157],[120.63322914947042,22.64367750144791],[120.62423594583318,22.64367750144791]]]}},{"type":"Feature","properties":{"jobs":71,"pop":175,"pointCount":3,"homeWorkCommuteMedian":45171,"workHomeCommuteMedian":15133},"geometry":{"type":"Polygon","coordinates":[[[120.62423594583318,22.652670705085157],[120.62423594583318,22.661663908722403],[120.63322914947042,22.661663908722403],[120.63322914947042,22.652670705085157],[120.62423594583318,22.652670705085157]]]}},{"type":"Feature","properties":{"jobs":51,"pop":165,"pointCount":5,"homeWorkCommuteMedian":37548,"workHomeCommuteMedian":40975},"geometry":{"type":"Polygon","coordinates":[[[120.62423594583318,22.68864351963414],[120.62423594583318,22.697636723271387],[120.63322914947042,22.697636723271387],[120.63322914947042,22.68864351963414],[120.62423594583318,22.68864351963414]]]}},{"type":"Feature","properties":{"jobs":0,"pop":43,"pointCount":1,"homeWorkCommuteMedian":19912,"workHomeCommuteMedian":-1},"geometry":{"type":"Polygon","coordinates":[[[120.62423594583318,22.697636723271387],[120.62423594583318,22.706629926908633],[120.63322914947042,22.706629926908633],[120.63322914947042,22.697636723271387],[120.62423594583318,22.697636723271387]]]}},{"type":"Feature","properties":{"jobs":176,"pop":0,"pointCount":2,"homeWorkCommuteMedian":-1,"workHomeCommuteMedian":2252},"geometry":{"type":"Polygon","coordinates":[[[120.62423594583318,22.73360953782037],[120.62423594583318,22.742602741457617],[120.63322914947042,22.742602741457617],[120.63322914947042,22.73360953782037],[120.62423594583318,22.73360953782037]]]}},{"type":"Feature","properties":{"jobs":0,"pop":40,"pointCount":1,"homeWorkCommuteMedian":48347,"workHomeCommuteMedian":-1},"geometry":{"type":"Polygon","coordinates":[[[120.62423594583318,22.751595945094863],[120.62423594583318,22.76058914873211],[120.63322914947042,22.76058914873211],[120.63322914947042,22.751595945094863],[120.62423594583318,22.751595945094863]]]}},{"type":"Feature","properties":{"jobs":48,"pop":25,"pointCount":2,"homeWorkCommuteMedian":39414,"workHomeCommuteMedian":6452},"geometry":{"type":"Polygon","coordinates":[[[120.62423594583318,22.7785755560066],[120.62423594583318,22.787568759643847],[120.63322914947042,22.787568759643847],[120.63322914947042,22.7785755560066],[120.62423594583318,22.7785755560066]]]}},{"type":"Feature","properties":{"jobs":0,"pop":41,"pointCount":1,"homeWorkCommuteMedian":46837,"workHomeCommuteMedian":-1},"geometry":{"type":"Polygon","coordinates":[[[120.62423594583318,22.80555516691834],[120.62423594583318,22.814548370555585],[120.63322914947042,22.814548370555585],[120.63322914947042,22.80555516691834],[120.62423594583318,22.80555516691834]]]}},{"type":"Feature","properties":{"jobs":0,"pop":29,"pointCount":1,"homeWorkCommuteMedian":1749,"workHomeCommuteMedian":-1},"geometry":{"type":"Polygon","coordinates":[[[120.62423594583318,22.82354157419283],[120.62423594583318,22.832534777830077],[120.63322914947042,22.832534777830077],[120.63322914947042,22.82354157419283],[120.62423594583318,22.82354157419283]]]}},{"type":"Feature","properties":{"jobs":0,"pop":25,"pointCount":1,"homeWorkCommuteMedian":48913,"workHomeCommuteMedian":-1},"geometry":{"type":"Polygon","coordinates":[[[120.62423594583318,22.832534777830077],[120.62423594583318,22.841527981467323],[120.63322914947042,22.841527981467323],[120.63322914947042,22.832534777830077],[120.62423594583318,22.832534777830077]]]}},{"type":"Feature","properties":{"jobs":113,"pop":0,"pointCount":3,"homeWorkCommuteMedian":-1,"workHomeCommuteMedian":10691},"geometry":{"type":"Polygon","coordinates":[[[120.62423594583318,22.841527981467323],[120.62423594583318,22.85052118510457],[120.63322914947042,22.85052118510457],[120.63322914947042,22.841527981467323],[120.62423594583318,22.841527981467323]]]}},{"type":"Feature","properties":{"jobs":0,"pop":196,"pointCount":4,"homeWorkCommuteMedian":54789,"workHomeCommuteMedian":-1},"geometry":{"type":"Polygon","coordinates":[[[120.62423594583318,22.859514388741815],[120.62423594583318,22.86850759237906],[120.63322914947042,22.86850759237906],[120.63322914947042,22.859514388741815],[120.62423594583318,22.859514388741815]]]}},{"type":"Feature","properties":{"jobs":42,"pop":429,"pointCount":6,"homeWorkCommuteMedian":40450,"workHomeCommuteMedian":1183},"geometry":{"type":"Polygon","coordinates":[[[120.62423594583318,22.8954872032908],[120.62423594583318,22.904480406928045],[120.63322914947042,22.904480406928045],[120.63322914947042,22.8954872032908],[120.62423594583318,22.8954872032908]]]}},{"type":"Feature","properties":{"jobs":0,"pop":83,"pointCount":2,"homeWorkCommuteMedian":53638,"workHomeCommuteMedian":-1},"geometry":{"type":"Polygon","coordinates":[[[120.62423594583318,22.904480406928045],[120.62423594583318,22.91347361056529],[120.63322914947042,22.91347361056529],[120.63322914947042,22.904480406928045],[120.62423594583318,22.904480406928045]]]}},{"type":"Feature","properties":{"jobs":61,"pop":180,"pointCount":2,"homeWorkCommuteMedian":68017,"workHomeCommuteMedian":2191},"geometry":{"type":"Polygon","coordinates":[[[120.62423594583318,22.994412443300504],[120.62423594583318,23.00340564693775],[120.63322914947042,23.00340564693775],[120.63322914947042,22.994412443300504],[120.62423594583318,22.994412443300504]]]}},{"type":"Feature","properties":{"jobs":0,"pop":29,"pointCount":1,"homeWorkCommuteMedian":6831,"workHomeCommuteMedian":-1},"geometry":{"type":"Polygon","coordinates":[[[120.63322914947042,22.35589498505604],[120.63322914947042,22.364888188693286],[120.64222235310767,22.364888188693286],[120.64222235310767,22.35589498505604],[120.63322914947042,22.35589498505604]]]}},{"type":"Feature","properties":{"jobs":0,"pop":128,"pointCount":2,"homeWorkCommuteMedian":38807,"workHomeCommuteMedian":-1},"geometry":{"type":"Polygon","coordinates":[[[120.63322914947042,22.616697890536173],[120.63322914947042,22.62569109417342],[120.64222235310767,22.62569109417342],[120.64222235310767,22.616697890536173],[120.63322914947042,22.616697890536173]]]}},{"type":"Feature","properties":{"jobs":132,"pop":217,"pointCount":3,"homeWorkCommuteMedian":12183,"workHomeCommuteMedian":13204},"geometry":{"type":"Polygon","coordinates":[[[120.63322914947042,22.68864351963414],[120.63322914947042,22.697636723271387],[120.64222235310767,22.697636723271387],[120.64222235310767,22.68864351963414],[120.63322914947042,22.68864351963414]]]}},{"type":"Feature","properties":{"jobs":409,"pop":138,"pointCount":5,"homeWorkCommuteMedian":21649,"workHomeCommuteMedian":10946},"geometry":{"type":"Polygon","coordinates":[[[120.63322914947042,22.697636723271387],[120.63322914947042,22.706629926908633],[120.64222235310767,22.706629926908633],[120.64222235310767,22.697636723271387],[120.63322914947042,22.697636723271387]]]}},{"type":"Feature","properties":{"jobs":167,"pop":72,"pointCount":2,"homeWorkCommuteMedian":6558,"workHomeCommuteMedian":15287},"geometry":{"type":"Polygon","coordinates":[[[120.63322914947042,22.706629926908633],[120.63322914947042,22.71562313054588],[120.64222235310767,22.71562313054588],[120.64222235310767,22.706629926908633],[120.63322914947042,22.706629926908633]]]}},{"type":"Feature","properties":{"jobs":23,"pop":0,"pointCount":1,"homeWorkCommuteMedian":-1,"workHomeCommuteMedian":19246},"geometry":{"type":"Polygon","coordinates":[[[120.63322914947042,22.76058914873211],[120.63322914947042,22.769582352369355],[120.64222235310767,22.769582352369355],[120.64222235310767,22.76058914873211],[120.63322914947042,22.76058914873211]]]}},{"type":"Feature","properties":{"jobs":130,"pop":56,"pointCount":2,"homeWorkCommuteMedian":65094,"workHomeCommuteMedian":6885},"geometry":{"type":"Polygon","coordinates":[[[120.63322914947042,22.85052118510457],[120.63322914947042,22.859514388741815],[120.64222235310767,22.859514388741815],[120.64222235310767,22.85052118510457],[120.63322914947042,22.85052118510457]]]}},{"type":"Feature","properties":{"jobs":141,"pop":176,"pointCount":5,"homeWorkCommuteMedian":48711,"workHomeCommuteMedian":7346},"geometry":{"type":"Polygon","coordinates":[[[120.63322914947042,22.859514388741815],[120.63322914947042,22.86850759237906],[120.64222235310767,22.86850759237906],[120.64222235310767,22.859514388741815],[120.63322914947042,22.859514388741815]]]}},{"type":"Feature","properties":{"jobs":103,"pop":122,"pointCount":4,"homeWorkCommuteMedian":57498,"workHomeCommuteMedian":8862},"geometry":{"type":"Polygon","coordinates":[[[120.63322914947042,22.86850759237906],[120.63322914947042,22.877500796016307],[120.64222235310767,22.877500796016307],[120.64222235310767,22.86850759237906],[120.63322914947042,22.86850759237906]]]}},{"type":"Feature","properties":{"jobs":13,"pop":0,"pointCount":1,"homeWorkCommuteMedian":-1,"workHomeCommuteMedian":4468},"geometry":{"type":"Polygon","coordinates":[[[120.63322914947042,22.904480406928045],[120.63322914947042,22.91347361056529],[120.64222235310767,22.91347361056529],[120.64222235310767,22.904480406928045],[120.63322914947042,22.904480406928045]]]}},{"type":"Feature","properties":{"jobs":0,"pop":130,"pointCount":2,"homeWorkCommuteMedian":47609,"workHomeCommuteMedian":-1},"geometry":{"type":"Polygon","coordinates":[[[120.63322914947042,22.91347361056529],[120.63322914947042,22.922466814202537],[120.64222235310767,22.922466814202537],[120.64222235310767,22.91347361056529],[120.63322914947042,22.91347361056529]]]}},{"type":"Feature","properties":{"jobs":0,"pop":42,"pointCount":1,"homeWorkCommuteMedian":58377,"workHomeCommuteMedian":-1},"geometry":{"type":"Polygon","coordinates":[[[120.63322914947042,22.922466814202537],[120.63322914947042,22.931460017839782],[120.64222235310767,22.931460017839782],[120.64222235310767,22.922466814202537],[120.63322914947042,22.922466814202537]]]}},{"type":"Feature","properties":{"jobs":0,"pop":134,"pointCount":1,"homeWorkCommuteMedian":64300,"workHomeCommuteMedian":-1},"geometry":{"type":"Polygon","coordinates":[[[120.63322914947042,22.95843962875152],[120.63322914947042,22.967432832388766],[120.64222235310767,22.967432832388766],[120.64222235310767,22.95843962875152],[120.63322914947042,22.95843962875152]]]}},{"type":"Feature","properties":{"jobs":0,"pop":171,"pointCount":2,"homeWorkCommuteMedian":13174,"workHomeCommuteMedian":-1},"geometry":{"type":"Polygon","coordinates":[[[120.63322914947042,22.976426036026012],[120.63322914947042,22.98541923966326],[120.64222235310767,22.98541923966326],[120.64222235310767,22.976426036026012],[120.63322914947042,22.976426036026012]]]}},{"type":"Feature","properties":{"jobs":78,"pop":659,"pointCount":6,"homeWorkCommuteMedian":54336,"workHomeCommuteMedian":6734},"geometry":{"type":"Polygon","coordinates":[[[120.63322914947042,22.98541923966326],[120.63322914947042,22.994412443300504],[120.64222235310767,22.994412443300504],[120.64222235310767,22.98541923966326],[120.63322914947042,22.98541923966326]]]}},{"type":"Feature","properties":{"jobs":237,"pop":623,"pointCount":7,"homeWorkCommuteMedian":46081,"workHomeCommuteMedian":2285},"geometry":{"type":"Polygon","coordinates":[[[120.63322914947042,22.994412443300504],[120.63322914947042,23.00340564693775],[120.64222235310767,23.00340564693775],[120.64222235310767,22.994412443300504],[120.63322914947042,22.994412443300504]]]}},{"type":"Feature","properties":{"jobs":25,"pop":0,"pointCount":1,"homeWorkCommuteMedian":-1,"workHomeCommuteMedian":19449},"geometry":{"type":"Polygon","coordinates":[[[120.63322914947042,23.00340564693775],[120.63322914947042,23.012398850574996],[120.64222235310767,23.012398850574996],[120.64222235310767,23.00340564693775],[120.63322914947042,23.00340564693775]]]}},{"type":"Feature","properties":{"jobs":0,"pop":28,"pointCount":1,"homeWorkCommuteMedian":69980,"workHomeCommuteMedian":-1},"geometry":{"type":"Polygon","coordinates":[[[120.63322914947042,23.111324090584702],[120.63322914947042,23.120317294221948],[120.64222235310767,23.120317294221948],[120.64222235310767,23.111324090584702],[120.63322914947042,23.111324090584702]]]}},{"type":"Feature","properties":{"jobs":181,"pop":143,"pointCount":4,"homeWorkCommuteMedian":19434,"workHomeCommuteMedian":14220},"geometry":{"type":"Polygon","coordinates":[[[120.64222235310767,22.697636723271387],[120.64222235310767,22.706629926908633],[120.65121555674492,22.706629926908633],[120.65121555674492,22.697636723271387],[120.64222235310767,22.697636723271387]]]}},{"type":"Feature","properties":{"jobs":908,"pop":165,"pointCount":4,"homeWorkCommuteMedian":13422,"workHomeCommuteMedian":16328},"geometry":{"type":"Polygon","coordinates":[[[120.64222235310767,22.706629926908633],[120.64222235310767,22.71562313054588],[120.65121555674492,22.71562313054588],[120.65121555674492,22.706629926908633],[120.64222235310767,22.706629926908633]]]}},{"type":"Feature","properties":{"jobs":0,"pop":28,"pointCount":1,"homeWorkCommuteMedian":54032,"workHomeCommuteMedian":-1},"geometry":{"type":"Polygon","coordinates":[[[120.64222235310767,22.859514388741815],[120.64222235310767,22.86850759237906],[120.65121555674492,22.86850759237906],[120.65121555674492,22.859514388741815],[120.64222235310767,22.859514388741815]]]}},{"type":"Feature","properties":{"jobs":0,"pop":45,"pointCount":1,"homeWorkCommuteMedian":54082,"workHomeCommuteMedian":-1},"geometry":{"type":"Polygon","coordinates":[[[120.64222235310767,22.86850759237906],[120.64222235310767,22.877500796016307],[120.65121555674492,22.877500796016307],[120.65121555674492,22.86850759237906],[120.64222235310767,22.86850759237906]]]}},{"type":"Feature","properties":{"jobs":21,"pop":95,"pointCount":1,"homeWorkCommuteMedian":34720,"workHomeCommuteMedian":13574},"geometry":{"type":"Polygon","coordinates":[[[120.64222235310767,22.877500796016307],[120.64222235310767,22.886493999653553],[120.65121555674492,22.886493999653553],[120.65121555674492,22.877500796016307],[120.64222235310767,22.877500796016307]]]}},{"type":"Feature","properties":{"jobs":55,"pop":33,"pointCount":1,"homeWorkCommuteMedian":0,"workHomeCommuteMedian":1738},"geometry":{"type":"Polygon","coordinates":[[[120.64222235310767,22.886493999653553],[120.64222235310767,22.8954872032908],[120.65121555674492,22.8954872032908],[120.65121555674492,22.886493999653553],[120.64222235310767,22.886493999653553]]]}},{"type":"Feature","properties":{"jobs":0,"pop":117,"pointCount":1,"homeWorkCommuteMedian":49820,"workHomeCommuteMedian":-1},"geometry":{"type":"Polygon","coordinates":[[[120.64222235310767,22.8954872032908],[120.64222235310767,22.904480406928045],[120.65121555674492,22.904480406928045],[120.65121555674492,22.8954872032908],[120.64222235310767,22.8954872032908]]]}},{"type":"Feature","properties":{"jobs":35,"pop":0,"pointCount":1,"homeWorkCommuteMedian":-1,"workHomeCommuteMedian":1937},"geometry":{"type":"Polygon","coordinates":[[[120.64222235310767,22.95843962875152],[120.64222235310767,22.967432832388766],[120.65121555674492,22.967432832388766],[120.65121555674492,22.95843962875152],[120.64222235310767,22.95843962875152]]]}},{"type":"Feature","properties":{"jobs":106,"pop":127,"pointCount":3,"homeWorkCommuteMedian":44975,"workHomeCommuteMedian":1598},"geometry":{"type":"Polygon","coordinates":[[[120.64222235310767,22.98541923966326],[120.64222235310767,22.994412443300504],[120.65121555674492,22.994412443300504],[120.65121555674492,22.98541923966326],[120.64222235310767,22.98541923966326]]]}},{"type":"Feature","properties":{"jobs":0,"pop":375,"pointCount":5,"homeWorkCommuteMedian":62291,"workHomeCommuteMedian":-1},"geometry":{"type":"Polygon","coordinates":[[[120.64222235310767,22.994412443300504],[120.64222235310767,23.00340564693775],[120.65121555674492,23.00340564693775],[120.65121555674492,22.994412443300504],[120.64222235310767,22.994412443300504]]]}},{"type":"Feature","properties":{"jobs":0,"pop":242,"pointCount":2,"homeWorkCommuteMedian":65930,"workHomeCommuteMedian":-1},"geometry":{"type":"Polygon","coordinates":[[[120.64222235310767,23.00340564693775],[120.64222235310767,23.012398850574996],[120.65121555674492,23.012398850574996],[120.65121555674492,23.00340564693775],[120.64222235310767,23.00340564693775]]]}},{"type":"Feature","properties":{"jobs":0,"pop":82,"pointCount":1,"homeWorkCommuteMedian":5874,"workHomeCommuteMedian":-1},"geometry":{"type":"Polygon","coordinates":[[[120.64222235310767,23.012398850574996],[120.64222235310767,23.021392054212242],[120.65121555674492,23.021392054212242],[120.65121555674492,23.012398850574996],[120.64222235310767,23.012398850574996]]]}},{"type":"Feature","properties":{"jobs":0,"pop":272,"pointCount":1,"homeWorkCommuteMedian":12028,"workHomeCommuteMedian":-1},"geometry":{"type":"Polygon","coordinates":[[[120.64222235310767,23.129310497859194],[120.64222235310767,23.13830370149644],[120.65121555674492,23.13830370149644],[120.65121555674492,23.129310497859194],[120.64222235310767,23.129310497859194]]]}},{"type":"Feature","properties":{"jobs":0,"pop":40,"pointCount":1,"homeWorkCommuteMedian":63273,"workHomeCommuteMedian":-1},"geometry":{"type":"Polygon","coordinates":[[[120.65121555674492,22.95843962875152],[120.65121555674492,22.967432832388766],[120.66020876038216,22.967432832388766],[120.66020876038216,22.95843962875152],[120.65121555674492,22.95843962875152]]]}},{"type":"Feature","properties":{"jobs":0,"pop":89,"pointCount":2,"homeWorkCommuteMedian":74629,"workHomeCommuteMedian":-1},"geometry":{"type":"Polygon","coordinates":[[[120.65121555674492,22.976426036026012],[120.65121555674492,22.98541923966326],[120.66020876038216,22.98541923966326],[120.66020876038216,22.976426036026012],[120.65121555674492,22.976426036026012]]]}},{"type":"Feature","properties":{"jobs":0,"pop":53,"pointCount":1,"homeWorkCommuteMedian":15024,"workHomeCommuteMedian":-1},"geometry":{"type":"Polygon","coordinates":[[[120.65121555674492,22.994412443300504],[120.65121555674492,23.00340564693775],[120.66020876038216,23.00340564693775],[120.66020876038216,22.994412443300504],[120.65121555674492,22.994412443300504]]]}},{"type":"Feature","properties":{"jobs":238,"pop":50,"pointCount":3,"homeWorkCommuteMedian":58272,"workHomeCommuteMedian":6208},"geometry":{"type":"Polygon","coordinates":[[[120.65121555674492,23.00340564693775],[120.65121555674492,23.012398850574996],[120.66020876038216,23.012398850574996],[120.66020876038216,23.00340564693775],[120.65121555674492,23.00340564693775]]]}},{"type":"Feature","properties":{"jobs":45,"pop":87,"pointCount":1,"homeWorkCommuteMedian":13135,"workHomeCommuteMedian":6753},"geometry":{"type":"Polygon","coordinates":[[[120.65121555674492,23.021392054212242],[120.65121555674492,23.03038525784949],[120.66020876038216,23.03038525784949],[120.66020876038216,23.021392054212242],[120.65121555674492,23.021392054212242]]]}},{"type":"Feature","properties":{"jobs":0,"pop":53,"pointCount":1,"homeWorkCommuteMedian":10683,"workHomeCommuteMedian":-1},"geometry":{"type":"Polygon","coordinates":[[[120.65121555674492,23.066358072398472],[120.65121555674492,23.07535127603572],[120.66020876038216,23.07535127603572],[120.66020876038216,23.066358072398472],[120.65121555674492,23.066358072398472]]]}},{"type":"Feature","properties":{"jobs":0,"pop":37,"pointCount":1,"homeWorkCommuteMedian":47016,"workHomeCommuteMedian":-1},"geometry":{"type":"Polygon","coordinates":[[[120.65121555674492,23.120317294221948],[120.65121555674492,23.129310497859194],[120.66020876038216,23.129310497859194],[120.66020876038216,23.120317294221948],[120.65121555674492,23.120317294221948]]]}},{"type":"Feature","properties":{"jobs":0,"pop":58,"pointCount":1,"homeWorkCommuteMedian":76713,"workHomeCommuteMedian":-1},"geometry":{"type":"Polygon","coordinates":[[[120.66020876038216,23.012398850574996],[120.66020876038216,23.021392054212242],[120.66920196401941,23.021392054212242],[120.66920196401941,23.012398850574996],[120.66020876038216,23.012398850574996]]]}},{"type":"Feature","properties":{"jobs":0,"pop":95,"pointCount":2,"homeWorkCommuteMedian":73201,"workHomeCommuteMedian":-1},"geometry":{"type":"Polygon","coordinates":[[[120.66020876038216,23.021392054212242],[120.66020876038216,23.03038525784949],[120.66920196401941,23.03038525784949],[120.66920196401941,23.021392054212242],[120.66020876038216,23.021392054212242]]]}},{"type":"Feature","properties":{"jobs":95,"pop":155,"pointCount":3,"homeWorkCommuteMedian":72248,"workHomeCommuteMedian":22143},"geometry":{"type":"Polygon","coordinates":[[[120.66020876038216,23.03038525784949],[120.66020876038216,23.039378461486734],[120.66920196401941,23.039378461486734],[120.66920196401941,23.03038525784949],[120.66020876038216,23.03038525784949]]]}},{"type":"Feature","properties":{"jobs":0,"pop":39,"pointCount":1,"homeWorkCommuteMedian":5749,"workHomeCommuteMedian":-1},"geometry":{"type":"Polygon","coordinates":[[[120.66020876038216,23.039378461486734],[120.66020876038216,23.04837166512398],[120.66920196401941,23.04837166512398],[120.66920196401941,23.039378461486734],[120.66020876038216,23.039378461486734]]]}},{"type":"Feature","properties":{"jobs":0,"pop":69,"pointCount":1,"homeWorkCommuteMedian":77792,"workHomeCommuteMedian":-1},"geometry":{"type":"Polygon","coordinates":[[[120.66020876038216,23.04837166512398],[120.66020876038216,23.057364868761226],[120.66920196401941,23.057364868761226],[120.66920196401941,23.04837166512398],[120.66020876038216,23.04837166512398]]]}},{"type":"Feature","properties":{"jobs":33,"pop":40,"pointCount":2,"homeWorkCommuteMedian":9030,"workHomeCommuteMedian":21119},"geometry":{"type":"Polygon","coordinates":[[[120.66920196401941,23.04837166512398],[120.66920196401941,23.057364868761226],[120.67819516765665,23.057364868761226],[120.67819516765665,23.04837166512398],[120.66920196401941,23.04837166512398]]]}},{"type":"Feature","properties":{"jobs":74,"pop":244,"pointCount":4,"homeWorkCommuteMedian":70948,"workHomeCommuteMedian":13103},"geometry":{"type":"Polygon","coordinates":[[[120.66920196401941,23.066358072398472],[120.66920196401941,23.07535127603572],[120.67819516765665,23.07535127603572],[120.67819516765665,23.066358072398472],[120.66920196401941,23.066358072398472]]]}},{"type":"Feature","properties":{"jobs":0,"pop":45,"pointCount":1,"homeWorkCommuteMedian":7921,"workHomeCommuteMedian":-1},"geometry":{"type":"Polygon","coordinates":[[[120.66920196401941,23.07535127603572],[120.66920196401941,23.084344479672964],[120.67819516765665,23.084344479672964],[120.67819516765665,23.07535127603572],[120.66920196401941,23.07535127603572]]]}},{"type":"Feature","properties":{"jobs":211,"pop":0,"pointCount":2,"homeWorkCommuteMedian":-1,"workHomeCommuteMedian":13174},"geometry":{"type":"Polygon","coordinates":[[[120.67819516765665,23.057364868761226],[120.67819516765665,23.066358072398472],[120.6871883712939,23.066358072398472],[120.6871883712939,23.057364868761226],[120.67819516765665,23.057364868761226]]]}},{"type":"Feature","properties":{"jobs":0,"pop":128,"pointCount":2,"homeWorkCommuteMedian":80823,"workHomeCommuteMedian":-1},"geometry":{"type":"Polygon","coordinates":[[[120.67819516765665,23.07535127603572],[120.67819516765665,23.084344479672964],[120.6871883712939,23.084344479672964],[120.6871883712939,23.07535127603572],[120.67819516765665,23.07535127603572]]]}},{"type":"Feature","properties":{"jobs":0,"pop":152,"pointCount":2,"homeWorkCommuteMedian":55390,"workHomeCommuteMedian":-1},"geometry":{"type":"Polygon","coordinates":[[[120.67819516765665,23.084344479672964],[120.67819516765665,23.09333768331021],[120.6871883712939,23.09333768331021],[120.6871883712939,23.084344479672964],[120.67819516765665,23.084344479672964]]]}},{"type":"Feature","properties":{"jobs":0,"pop":25,"pointCount":1,"homeWorkCommuteMedian":78662,"workHomeCommuteMedian":-1},"geometry":{"type":"Polygon","coordinates":[[[120.6871883712939,23.066358072398472],[120.6871883712939,23.07535127603572],[120.69618157493115,23.07535127603572],[120.69618157493115,23.066358072398472],[120.6871883712939,23.066358072398472]]]}},{"type":"Feature","properties":{"jobs":214,"pop":0,"pointCount":2,"homeWorkCommuteMedian":-1,"workHomeCommuteMedian":15024},"geometry":{"type":"Polygon","coordinates":[[[120.6871883712939,23.09333768331021],[120.6871883712939,23.102330886947456],[120.69618157493115,23.102330886947456],[120.69618157493115,23.09333768331021],[120.6871883712939,23.09333768331021]]]}},{"type":"Feature","properties":{"jobs":0,"pop":55,"pointCount":1,"homeWorkCommuteMedian":89982,"workHomeCommuteMedian":-1},"geometry":{"type":"Polygon","coordinates":[[[120.69618157493115,23.084344479672964],[120.69618157493115,23.09333768331021],[120.70517477856839,23.09333768331021],[120.70517477856839,23.084344479672964],[120.69618157493115,23.084344479672964]]]}},{"type":"Feature","properties":{"jobs":326,"pop":362,"pointCount":6,"homeWorkCommuteMedian":78094,"workHomeCommuteMedian":13135},"geometry":{"type":"Polygon","coordinates":[[[120.69618157493115,23.102330886947456],[120.69618157493115,23.111324090584702],[120.70517477856839,23.111324090584702],[120.70517477856839,23.102330886947456],[120.69618157493115,23.102330886947456]]]}},{"type":"Feature","properties":{"jobs":60,"pop":39,"pointCount":1,"homeWorkCommuteMedian":87500,"workHomeCommuteMedian":25072},"geometry":{"type":"Polygon","coordinates":[[[120.71416798220564,23.04837166512398],[120.71416798220564,23.057364868761226],[120.72316118584288,23.057364868761226],[120.72316118584288,23.04837166512398],[120.71416798220564,23.04837166512398]]]}},{"type":"Feature","properties":{"jobs":60,"pop":0,"pointCount":1,"homeWorkCommuteMedian":-1,"workHomeCommuteMedian":20246},"geometry":{"type":"Polygon","coordinates":[[[120.71416798220564,23.09333768331021],[120.71416798220564,23.102330886947456],[120.72316118584288,23.102330886947456],[120.72316118584288,23.09333768331021],[120.71416798220564,23.09333768331021]]]}}],"properties":{"residentWeightedNearestNeighborKm":{"p10":0.16565948080884896,"p25":0.17747434276655552,"p50":0.18985067409688205,"p75":0.22176388639074557,"p90":0.26430163782776517,"mean":0.20957612197012304},"workerWeightedNearestNeighborKm":{"p10":0.17256816057298002,"p25":0.18457340180392073,"p50":0.20656592947561175,"p75":0.24569321086195378,"p90":0.29534313359933695,"mean":0.22753518385523253},"commuteDistanceKm":{"p10":1852,"p25":3475,"p50":6785,"p75":17071,"p90":33197,"mean":12548.230549743199},"residentCellDensity":{"p10":40,"p25":84,"p50":241,"p75":815,"p90":2996,"mean":1067.2853437094682},"workerCellDensity":{"p10":36,"p25":70,"p50":235,"p75":1001,"p90":3501,"mean":1209.9301470588234},"detail":{"radiusKm":0.19803202002805984,"expectedPointSpacingKm":0.44816105586705435,"normalizedRadius":0.4418769043752107,"activityPerPoint":188.68760747449272,"playableAreaKm2":2440,"playableAreaPerPointKm2":0.27972027972027974,"playableCatchmentRadiusKm":0.29839190739874355,"localityScore":0.7531946351909431,"deaggregationScore":1,"score":0.8678678673570898},"polycentrism":{"activity":{"score":0,"continuousScore":0.7830156273525598,"detectedCenterCount":1,"effectiveCenterCount":1,"largestCenterShare":1,"bandwidthKm":1.3,"reliabilityScore":1,"supportLevel":"high","usedFallback":false,"topCenters":[{"longitude":120.36994716016667,"latitude":22.65251487773218,"massShare":1,"assignedMass":3291844,"assignedPointCount":8723,"prominenceRatio":1}],"debug":{"rawPeakCount":58,"mergedPeakCount":36,"filteredPeakCount":1,"prominenceThreshold":0.22,"minPointsPerCenter":10,"rejectedCenters":[{"longitude":120.31220728298891,"latitude":22.711771345452778,"massShare":0.13988086920279333,"assignedMass":460466,"assignedPointCount":752,"prominenceRatio":0.9999999999999042,"strongestCompetitorDistanceKm":10.218155706464545,"strongestCompetitorPotential":242498.95903251998,"localConsolidatedShare":0.13988086920279333,"localConsolidatedMass":460466,"localContributorCount":1,"localContributorDistancesKm":[],"rejectionReasons":["not_dominant_local_peak","below_relative_share_floor","too_close_for_low_share_center"]},{"longitude":120.4864443788899,"latitude":22.66819589312383,"massShare":0.07752493739071475,"assignedMass":255200,"assignedPointCount":608,"prominenceRatio":1,"strongestCompetitorDistanceKm":19.258508291912346,"strongestCompetitorPotential":242498.95903251998,"localConsolidatedShare":0.09863104083911631,"localConsolidatedMass":324678,"localContributorCount":2,"localContributorDistancesKm":[14.603125240378427],"rejectionReasons":["below_relative_share_floor"]},{"longitude":120.36017306887997,"latitude":22.57775105302711,"massShare":0.1079987387008619,"assignedMass":355515,"assignedPointCount":684,"prominenceRatio":0.99999995499397,"strongestCompetitorDistanceKm":7.800937647845734,"strongestCompetitorPotential":242498.95903251998,"localConsolidatedShare":0.1079987387008619,"localConsolidatedMass":355515,"localContributorCount":1,"localContributorDistancesKm":[],"rejectionReasons":["not_dominant_local_peak","below_relative_share_floor","too_close_for_low_share_center"]},{"longitude":120.28546500900926,"latitude":22.796547140563447,"massShare":0.05767010830403871,"assignedMass":189841,"assignedPointCount":630,"prominenceRatio":1,"strongestCompetitorDistanceKm":18.755496620650494,"strongestCompetitorPotential":242498.95903251998,"localConsolidatedShare":0.05767010830403871,"localConsolidatedMass":189841,"localContributorCount":1,"localContributorDistancesKm":[],"rejectionReasons":["below_secondary_share_floor"]},{"longitude":120.54525991153788,"latitude":22.54881841190143,"massShare":0.021106103448401563,"assignedMass":69478,"assignedPointCount":357,"prominenceRatio":1,"strongestCompetitorDistanceKm":25.11822578142992,"strongestCompetitorPotential":242498.95903251998,"localConsolidatedShare":0.021106103448401563,"localConsolidatedMass":69478,"localContributorCount":1,"localContributorDistancesKm":[],"rejectionReasons":["below_secondary_share_floor"]},{"longitude":120.39146165149998,"latitude":22.50978002412459,"massShare":0.020383104424146467,"assignedMass":67098,"assignedPointCount":290,"prominenceRatio":1,"strongestCompetitorDistanceKm":15.896720182670183,"strongestCompetitorPotential":242498.95903251998,"localConsolidatedShare":0.020383104424146467,"localConsolidatedMass":67098,"localContributorCount":1,"localContributorDistancesKm":[],"rejectionReasons":["below_secondary_share_floor"]},{"longitude":120.45547990135273,"latitude":22.471075448422628,"massShare":0.013958134103560192,"assignedMass":45948,"assignedPointCount":174,"prominenceRatio":1,"strongestCompetitorDistanceKm":22.845129744960857,"strongestCompetitorPotential":242498.95903251998,"localConsolidatedShare":0.013958134103560192,"localConsolidatedMass":45948,"localContributorCount":1,"localContributorDistancesKm":[],"rejectionReasons":["below_secondary_share_floor"]},{"longitude":120.37979963087248,"latitude":22.77425291301633,"massShare":0.01746802096332633,"assignedMass":57502,"assignedPointCount":216,"prominenceRatio":1,"strongestCompetitorDistanceKm":18.407706846882135,"strongestCompetitorPotential":242498.95903251998,"localConsolidatedShare":0.01746802096332633,"localConsolidatedMass":57502,"localContributorCount":1,"localContributorDistancesKm":[],"rejectionReasons":["below_secondary_share_floor"]},{"longitude":120.46922862543332,"latitude":22.59470219609583,"massShare":0.016566094869623228,"assignedMass":54533,"assignedPointCount":340,"prominenceRatio":1,"strongestCompetitorDistanceKm":18.534993787333626,"strongestCompetitorPotential":242498.95903251998,"localConsolidatedShare":0.016566094869623228,"localConsolidatedMass":54533,"localContributorCount":1,"localContributorDistancesKm":[],"rejectionReasons":["below_secondary_share_floor"]},{"longitude":120.56168817919941,"latitude":22.61216219431707,"massShare":0.011491735331321898,"assignedMass":37829,"assignedPointCount":294,"prominenceRatio":1,"strongestCompetitorDistanceKm":25.697791172475743,"strongestCompetitorPotential":242498.95903251998,"localConsolidatedShare":0.011491735331321898,"localConsolidatedMass":37829,"localContributorCount":1,"localContributorDistancesKm":[],"rejectionReasons":["below_secondary_share_floor"]},{"longitude":120.39289983624855,"latitude":22.706837205534576,"massShare":0.01836083362395059,"assignedMass":60441,"assignedPointCount":288,"prominenceRatio":1,"strongestCompetitorDistanceKm":14.581450617204677,"strongestCompetitorPotential":242498.95903251998,"localConsolidatedShare":0.01836083362395059,"localConsolidatedMass":60441,"localContributorCount":1,"localContributorDistancesKm":[],"rejectionReasons":["below_secondary_share_floor"]},{"longitude":120.49812334203243,"latitude":22.782768630525208,"massShare":0.0072959107418213015,"assignedMass":24017,"assignedPointCount":181,"prominenceRatio":1,"strongestCompetitorDistanceKm":24.75431507775793,"strongestCompetitorPotential":242498.95903251998,"localConsolidatedShare":0.0072959107418213015,"localConsolidatedMass":24017,"localContributorCount":1,"localContributorDistancesKm":[],"rejectionReasons":["below_secondary_share_floor"]},{"longitude":120.47861906478171,"latitude":22.889863596734106,"massShare":0.008451797837321574,"assignedMass":27822,"assignedPointCount":269,"prominenceRatio":1,"strongestCompetitorDistanceKm":33.8698666514379,"strongestCompetitorPotential":242498.95903251998,"localConsolidatedShare":0.008451797837321574,"localConsolidatedMass":27822,"localContributorCount":1,"localContributorDistancesKm":[],"rejectionReasons":["below_secondary_share_floor"]},{"longitude":120.60088153377082,"latitude":22.650053261219423,"massShare":0.0074569147262142435,"assignedMass":24547,"assignedPointCount":148,"prominenceRatio":1,"strongestCompetitorDistanceKm":30.667767377034206,"strongestCompetitorPotential":242498.95903251998,"localConsolidatedShare":0.0074569147262142435,"localConsolidatedMass":24547,"localContributorCount":1,"localContributorDistancesKm":[],"rejectionReasons":["below_secondary_share_floor"]},{"longitude":120.49351488065041,"latitude":22.7339563839105,"massShare":0.0048118926656305705,"assignedMass":15840,"assignedPointCount":126,"prominenceRatio":1,"strongestCompetitorDistanceKm":21.924547198160518,"strongestCompetitorPotential":242498.95903251998,"localConsolidatedShare":0.0048118926656305705,"localConsolidatedMass":15840,"localContributorCount":1,"localContributorDistancesKm":[],"rejectionReasons":["below_secondary_share_floor"]},{"longitude":120.59948548463576,"latitude":22.373356568099403,"massShare":0.004435811660576868,"assignedMass":14602,"assignedPointCount":88,"prominenceRatio":1,"strongestCompetitorDistanceKm":41.470482900700596,"strongestCompetitorPotential":242498.95903251998,"localConsolidatedShare":0.004435811660576868,"localConsolidatedMass":14602,"localContributorCount":1,"localContributorDistancesKm":[],"rejectionReasons":["below_secondary_share_floor"]},{"longitude":120.51814614293322,"latitude":22.436628603460154,"massShare":0.005428264522863173,"assignedMass":17869,"assignedPointCount":144,"prominenceRatio":1,"strongestCompetitorDistanceKm":30.09538932234885,"strongestCompetitorPotential":242498.95903251998,"localConsolidatedShare":0.005428264522863173,"localConsolidatedMass":17869,"localContributorCount":1,"localContributorDistancesKm":[],"rejectionReasons":["below_secondary_share_floor"]},{"longitude":120.57176526140678,"latitude":22.41424805500217,"massShare":0.005333181037740549,"assignedMass":17556,"assignedPointCount":135,"prominenceRatio":1,"strongestCompetitorDistanceKm":36.39922330786637,"strongestCompetitorPotential":242498.95903251998,"localConsolidatedShare":0.005333181037740549,"localConsolidatedMass":17556,"localContributorCount":1,"localContributorDistancesKm":[],"rejectionReasons":["below_secondary_share_floor"]},{"longitude":120.44418604761823,"latitude":22.550361086275117,"massShare":0.0096006979674614,"assignedMass":31604,"assignedPointCount":209,"prominenceRatio":1,"strongestCompetitorDistanceKm":18.131177957687726,"strongestCompetitorPotential":242498.95903251998,"localConsolidatedShare":0.0096006979674614,"localConsolidatedMass":31604,"localContributorCount":1,"localContributorDistancesKm":[],"rejectionReasons":["below_secondary_share_floor"]},{"longitude":120.56031030339844,"latitude":22.74286394853029,"massShare":0.007541062091642253,"assignedMass":24824,"assignedPointCount":168,"prominenceRatio":1,"strongestCompetitorDistanceKm":28.377611258231983,"strongestCompetitorPotential":242498.95903251998,"localConsolidatedShare":0.007541062091642253,"localConsolidatedMass":24824,"localContributorCount":1,"localContributorDistancesKm":[],"rejectionReasons":["below_secondary_share_floor"]},{"longitude":120.54607271130936,"latitude":22.886773741068453,"massShare":0.006206247926693975,"assignedMass":20430,"assignedPointCount":247,"prominenceRatio":1,"strongestCompetitorDistanceKm":38.18310006504415,"strongestCompetitorPotential":242498.95903251998,"localConsolidatedShare":0.006206247926693975,"localConsolidatedMass":20430,"localContributorCount":1,"localContributorDistancesKm":[],"rejectionReasons":["below_secondary_share_floor"]},{"longitude":120.57213986992478,"latitude":22.69513067310956,"massShare":0.005166405212397671,"assignedMass":17007,"assignedPointCount":173,"prominenceRatio":1,"strongestCompetitorDistanceKm":28.39203334937178,"strongestCompetitorPotential":242498.95903251998,"localConsolidatedShare":0.005166405212397671,"localConsolidatedMass":17007,"localContributorCount":1,"localContributorDistancesKm":[],"rejectionReasons":["below_secondary_share_floor"]},{"longitude":120.50892030953985,"latitude":22.492429782070563,"massShare":0.0047417192309234584,"assignedMass":15609,"assignedPointCount":150,"prominenceRatio":1,"strongestCompetitorDistanceKm":25.02409013837247,"strongestCompetitorPotential":242498.95903251998,"localConsolidatedShare":0.0047417192309234584,"localConsolidatedMass":15609,"localContributorCount":1,"localContributorDistancesKm":[],"rejectionReasons":["below_secondary_share_floor"]},{"longitude":120.59804358519575,"latitude":22.821159855543833,"massShare":0.004015682395642078,"assignedMass":13219,"assignedPointCount":142,"prominenceRatio":1,"strongestCompetitorDistanceKm":36.756800927324406,"strongestCompetitorPotential":242498.95903251998,"localConsolidatedShare":0.004015682395642078,"localConsolidatedMass":13219,"localContributorCount":1,"localContributorDistancesKm":[],"rejectionReasons":["below_secondary_share_floor"]},{"longitude":120.52945594059065,"latitude":22.975393243284028,"massShare":0.0032173456579351876,"assignedMass":10591,"assignedPointCount":152,"prominenceRatio":1,"strongestCompetitorDistanceKm":44.397262147424165,"strongestCompetitorPotential":242498.95903251998,"localConsolidatedShare":0.0032173456579351876,"localConsolidatedMass":10591,"localContributorCount":1,"localContributorDistancesKm":[],"rejectionReasons":["below_secondary_share_floor"]},{"longitude":120.64013630602166,"latitude":22.998545367024338,"massShare":0.0013032209302749462,"assignedMass":4290,"assignedPointCount":48,"prominenceRatio":1,"strongestCompetitorDistanceKm":53.23433271236559,"strongestCompetitorPotential":null,"localConsolidatedShare":0.0013032209302749462,"localConsolidatedMass":4290,"localContributorCount":1,"localContributorDistancesKm":[],"rejectionReasons":["below_secondary_share_floor"]},{"longitude":120.63141174198351,"latitude":22.713878441648834,"massShare":0.0014830593430308363,"assignedMass":4882,"assignedPointCount":54,"prominenceRatio":1,"strongestCompetitorDistanceKm":34.62723167491334,"strongestCompetitorPotential":242498.95903251998,"localConsolidatedShare":0.0014830593430308363,"localConsolidatedMass":4882,"localContributorCount":1,"localContributorDistancesKm":[],"rejectionReasons":["below_secondary_share_floor"]},{"longitude":120.58192987980003,"latitude":23.075257614184046,"massShare":0.0010717397300722634,"assignedMass":3528,"assignedPointCount":38,"prominenceRatio":1,"strongestCompetitorDistanceKm":57.79363564081289,"strongestCompetitorPotential":null,"localConsolidatedShare":0.0010717397300722634,"localConsolidatedMass":3528,"localContributorCount":1,"localContributorDistancesKm":[],"rejectionReasons":["below_secondary_share_floor"]},{"longitude":120.37849915682928,"latitude":22.863748353008926,"massShare":0.0012488441129044998,"assignedMass":4111,"assignedPointCount":70,"prominenceRatio":1,"strongestCompetitorDistanceKm":28.157228212901785,"strongestCompetitorPotential":242498.95903251998,"localConsolidatedShare":0.0012488441129044998,"localConsolidatedMass":4111,"localContributorCount":1,"localContributorDistancesKm":[],"rejectionReasons":["below_secondary_share_floor"]},{"longitude":120.59989950875757,"latitude":22.487438144664512,"massShare":0.0010085532607255995,"assignedMass":3320,"assignedPointCount":41,"prominenceRatio":1,"strongestCompetitorDistanceKm":35.05566391504557,"strongestCompetitorPotential":242498.95903251998,"localConsolidatedShare":0.0010085532607255995,"localConsolidatedMass":3320,"localContributorCount":1,"localContributorDistancesKm":[],"rejectionReasons":["below_secondary_share_floor"]},{"longitude":120.70036608350811,"latitude":23.104470148984458,"massShare":0.0003162361278359485,"assignedMass":1041,"assignedPointCount":11,"prominenceRatio":1,"strongestCompetitorDistanceKm":66.54201675373062,"strongestCompetitorPotential":null,"localConsolidatedShare":0.0003162361278359485,"localConsolidatedMass":1041,"localContributorCount":1,"localContributorDistancesKm":[],"rejectionReasons":["below_secondary_share_floor"]},{"longitude":120.6301866320821,"latitude":22.88819734987763,"massShare":0.0007427447959259309,"assignedMass":2445,"assignedPointCount":36,"prominenceRatio":1,"strongestCompetitorDistanceKm":44.186234453023054,"strongestCompetitorPotential":242498.95903251998,"localConsolidatedShare":0.0007427447959259309,"localConsolidatedMass":2445,"localContributorCount":1,"localContributorDistancesKm":[],"rejectionReasons":["below_secondary_share_floor"]},{"longitude":120.67536883518362,"latitude":23.067054563296473,"massShare":0.00037547344284844604,"assignedMass":1236,"assignedPointCount":19,"prominenceRatio":1,"strongestCompetitorDistanceKm":62.57982284181711,"strongestCompetitorPotential":null,"localConsolidatedShare":0.00037547344284844604,"localConsolidatedMass":1236,"localContributorCount":1,"localContributorDistancesKm":[],"rejectionReasons":["below_secondary_share_floor"]},{"longitude":120.64202126841195,"latitude":23.129880747686723,"massShare":0.00011999353553813607,"assignedMass":395,"assignedPointCount":5,"prominenceRatio":1,"strongestCompetitorDistanceKm":65.78012151264674,"strongestCompetitorPotential":null,"localConsolidatedShare":0.00011999353553813607,"localConsolidatedMass":395,"localContributorCount":1,"localContributorDistancesKm":[],"rejectionReasons":["below_min_points_per_center"]},{"longitude":120.7221035659774,"latitude":23.055171757525734,"massShare":0.000030074329160191064,"assignedMass":99,"assignedPointCount":1,"prominenceRatio":1,"strongestCompetitorDistanceKm":63.51521124890471,"strongestCompetitorPotential":null,"localConsolidatedShare":0.000030074329160191064,"localConsolidatedMass":99,"localContributorCount":1,"localContributorDistancesKm":[],"rejectionReasons":["below_min_points_per_center"]}]}}}}}
