{"type":"FeatureCollection","features":[{"type":"Feature","properties":{"jobs":1286,"pop":0,"pointCount":1,"homeWorkCommuteMedian":-1,"workHomeCommuteMedian":31642},"geometry":{"type":"Polygon","coordinates":[[[129.10213932543647,35.42148835271581],[129.10213932543647,35.43048155635306],[129.1111325290737,35.43048155635306],[129.1111325290737,35.42148835271581],[129.10213932543647,35.42148835271581]]]}},{"type":"Feature","properties":{"jobs":3223,"pop":64,"pointCount":1,"homeWorkCommuteMedian":32874,"workHomeCommuteMedian":41361},"geometry":{"type":"Polygon","coordinates":[[[129.10213932543647,35.439474759990304],[129.10213932543647,35.44846796362755],[129.1111325290737,35.44846796362755],[129.1111325290737,35.439474759990304],[129.10213932543647,35.439474759990304]]]}},{"type":"Feature","properties":{"jobs":3412,"pop":68,"pointCount":1,"homeWorkCommuteMedian":35616,"workHomeCommuteMedian":37793},"geometry":{"type":"Polygon","coordinates":[[[129.10213932543647,35.46645437090204],[129.10213932543647,35.47544757453929],[129.1111325290737,35.47544757453929],[129.1111325290737,35.46645437090204],[129.10213932543647,35.46645437090204]]]}},{"type":"Feature","properties":{"jobs":1274,"pop":59,"pointCount":1,"homeWorkCommuteMedian":7072,"workHomeCommuteMedian":4651},"geometry":{"type":"Polygon","coordinates":[[[129.10213932543647,35.529406796362764],[129.10213932543647,35.53840000000001],[129.1111325290737,35.53840000000001],[129.1111325290737,35.529406796362764],[129.10213932543647,35.529406796362764]]]}},{"type":"Feature","properties":{"jobs":5100,"pop":784,"pointCount":2,"homeWorkCommuteMedian":6350,"workHomeCommuteMedian":4964},"geometry":{"type":"Polygon","coordinates":[[[129.10213932543647,35.53840000000001],[129.10213932543647,35.547393203637256],[129.1111325290737,35.547393203637256],[129.1111325290737,35.53840000000001],[129.10213932543647,35.53840000000001]]]}},{"type":"Feature","properties":{"jobs":1704,"pop":47,"pointCount":2,"homeWorkCommuteMedian":5610,"workHomeCommuteMedian":5561},"geometry":{"type":"Polygon","coordinates":[[[129.10213932543647,35.547393203637256],[129.10213932543647,35.5563864072745],[129.1111325290737,35.5563864072745],[129.1111325290737,35.547393203637256],[129.10213932543647,35.547393203637256]]]}},{"type":"Feature","properties":{"jobs":11713,"pop":2538,"pointCount":3,"homeWorkCommuteMedian":6377,"workHomeCommuteMedian":7132},"geometry":{"type":"Polygon","coordinates":[[[129.10213932543647,35.5563864072745],[129.10213932543647,35.56537961091175],[129.1111325290737,35.56537961091175],[129.1111325290737,35.5563864072745],[129.10213932543647,35.5563864072745]]]}},{"type":"Feature","properties":{"jobs":7846,"pop":1369,"pointCount":3,"homeWorkCommuteMedian":6015,"workHomeCommuteMedian":8570},"geometry":{"type":"Polygon","coordinates":[[[129.10213932543647,35.56537961091175],[129.10213932543647,35.574372814548994],[129.1111325290737,35.574372814548994],[129.1111325290737,35.56537961091175],[129.10213932543647,35.56537961091175]]]}},{"type":"Feature","properties":{"jobs":1078,"pop":57,"pointCount":1,"homeWorkCommuteMedian":4651,"workHomeCommuteMedian":4618},"geometry":{"type":"Polygon","coordinates":[[[129.10213932543647,35.574372814548994],[129.10213932543647,35.58336601818624],[129.1111325290737,35.58336601818624],[129.1111325290737,35.574372814548994],[129.10213932543647,35.574372814548994]]]}},{"type":"Feature","properties":{"jobs":4416,"pop":1058,"pointCount":1,"homeWorkCommuteMedian":8991,"workHomeCommuteMedian":6029},"geometry":{"type":"Polygon","coordinates":[[[129.10213932543647,35.58336601818624],[129.10213932543647,35.592359221823486],[129.1111325290737,35.592359221823486],[129.1111325290737,35.58336601818624],[129.10213932543647,35.58336601818624]]]}},{"type":"Feature","properties":{"jobs":2208,"pop":306,"pointCount":1,"homeWorkCommuteMedian":6993,"workHomeCommuteMedian":6993},"geometry":{"type":"Polygon","coordinates":[[[129.10213932543647,35.592359221823486],[129.10213932543647,35.60135242546073],[129.1111325290737,35.60135242546073],[129.1111325290737,35.592359221823486],[129.10213932543647,35.592359221823486]]]}},{"type":"Feature","properties":{"jobs":534,"pop":23,"pointCount":1,"homeWorkCommuteMedian":22261,"workHomeCommuteMedian":-1},"geometry":{"type":"Polygon","coordinates":[[[129.10213932543647,35.70027766547044],[129.10213932543647,35.709270869107684],[129.1111325290737,35.709270869107684],[129.1111325290737,35.70027766547044],[129.10213932543647,35.70027766547044]]]}},{"type":"Feature","properties":{"jobs":3279,"pop":742,"pointCount":3,"homeWorkCommuteMedian":4253,"workHomeCommuteMedian":5074},"geometry":{"type":"Polygon","coordinates":[[[129.1111325290737,35.547393203637256],[129.1111325290737,35.5563864072745],[129.12012573271093,35.5563864072745],[129.12012573271093,35.547393203637256],[129.1111325290737,35.547393203637256]]]}},{"type":"Feature","properties":{"jobs":11115,"pop":1341,"pointCount":9,"homeWorkCommuteMedian":4712,"workHomeCommuteMedian":7817},"geometry":{"type":"Polygon","coordinates":[[[129.1111325290737,35.5563864072745],[129.1111325290737,35.56537961091175],[129.12012573271093,35.56537961091175],[129.12012573271093,35.5563864072745],[129.1111325290737,35.5563864072745]]]}},{"type":"Feature","properties":{"jobs":14373,"pop":2005,"pointCount":11,"homeWorkCommuteMedian":8780,"workHomeCommuteMedian":8125},"geometry":{"type":"Polygon","coordinates":[[[129.1111325290737,35.56537961091175],[129.1111325290737,35.574372814548994],[129.12012573271093,35.574372814548994],[129.12012573271093,35.56537961091175],[129.1111325290737,35.56537961091175]]]}},{"type":"Feature","properties":{"jobs":18488,"pop":7085,"pointCount":2,"homeWorkCommuteMedian":18235,"workHomeCommuteMedian":18932},"geometry":{"type":"Polygon","coordinates":[[[129.1111325290737,35.574372814548994],[129.1111325290737,35.58336601818624],[129.12012573271093,35.58336601818624],[129.12012573271093,35.574372814548994],[129.1111325290737,35.574372814548994]]]}},{"type":"Feature","properties":{"jobs":68,"pop":12340,"pointCount":1,"homeWorkCommuteMedian":4584,"workHomeCommuteMedian":-1},"geometry":{"type":"Polygon","coordinates":[[[129.12012573271093,35.367529130892336],[129.12012573271093,35.37652233452958],[129.12911893634816,35.37652233452958],[129.12911893634816,35.367529130892336],[129.12012573271093,35.367529130892336]]]}},{"type":"Feature","properties":{"jobs":4656,"pop":478,"pointCount":4,"homeWorkCommuteMedian":9090,"workHomeCommuteMedian":6514},"geometry":{"type":"Polygon","coordinates":[[[129.12012573271093,35.547393203637256],[129.12012573271093,35.5563864072745],[129.12911893634816,35.5563864072745],[129.12911893634816,35.547393203637256],[129.12012573271093,35.547393203637256]]]}},{"type":"Feature","properties":{"jobs":17264,"pop":4158,"pointCount":7,"homeWorkCommuteMedian":12924,"workHomeCommuteMedian":12346},"geometry":{"type":"Polygon","coordinates":[[[129.12012573271093,35.5563864072745],[129.12012573271093,35.56537961091175],[129.12911893634816,35.56537961091175],[129.12911893634816,35.5563864072745],[129.12012573271093,35.5563864072745]]]}},{"type":"Feature","properties":{"jobs":18949,"pop":4666,"pointCount":9,"homeWorkCommuteMedian":13886,"workHomeCommuteMedian":7896},"geometry":{"type":"Polygon","coordinates":[[[129.12012573271093,35.56537961091175],[129.12012573271093,35.574372814548994],[129.12911893634816,35.574372814548994],[129.12911893634816,35.56537961091175],[129.12012573271093,35.56537961091175]]]}},{"type":"Feature","properties":{"jobs":1342,"pop":0,"pointCount":1,"homeWorkCommuteMedian":-1,"workHomeCommuteMedian":14732},"geometry":{"type":"Polygon","coordinates":[[[129.12012573271093,35.574372814548994],[129.12012573271093,35.58336601818624],[129.12911893634816,35.58336601818624],[129.12911893634816,35.574372814548994],[129.12012573271093,35.574372814548994]]]}},{"type":"Feature","properties":{"jobs":3193,"pop":706,"pointCount":2,"homeWorkCommuteMedian":4290,"workHomeCommuteMedian":3565},"geometry":{"type":"Polygon","coordinates":[[[129.12911893634816,35.37652233452958],[129.12911893634816,35.38551553816683],[129.1381121399854,35.38551553816683],[129.1381121399854,35.37652233452958],[129.12911893634816,35.37652233452958]]]}},{"type":"Feature","properties":{"jobs":1293,"pop":0,"pointCount":1,"homeWorkCommuteMedian":-1,"workHomeCommuteMedian":5881},"geometry":{"type":"Polygon","coordinates":[[[129.12911893634816,35.46645437090204],[129.12911893634816,35.47544757453929],[129.1381121399854,35.47544757453929],[129.1381121399854,35.46645437090204],[129.12911893634816,35.46645437090204]]]}},{"type":"Feature","properties":{"jobs":4662,"pop":987,"pointCount":2,"homeWorkCommuteMedian":5660,"workHomeCommuteMedian":7839},"geometry":{"type":"Polygon","coordinates":[[[129.12911893634816,35.53840000000001],[129.12911893634816,35.547393203637256],[129.1381121399854,35.547393203637256],[129.1381121399854,35.53840000000001],[129.12911893634816,35.53840000000001]]]}},{"type":"Feature","properties":{"jobs":1915,"pop":3863,"pointCount":3,"homeWorkCommuteMedian":14352,"workHomeCommuteMedian":12319},"geometry":{"type":"Polygon","coordinates":[[[129.12911893634816,35.5563864072745],[129.12911893634816,35.56537961091175],[129.1381121399854,35.56537961091175],[129.1381121399854,35.5563864072745],[129.12911893634816,35.5563864072745]]]}},{"type":"Feature","properties":{"jobs":20066,"pop":5604,"pointCount":7,"homeWorkCommuteMedian":5839,"workHomeCommuteMedian":5216},"geometry":{"type":"Polygon","coordinates":[[[129.1381121399854,35.367529130892336],[129.1381121399854,35.37652233452958],[129.14710534362263,35.37652233452958],[129.14710534362263,35.367529130892336],[129.1381121399854,35.367529130892336]]]}},{"type":"Feature","properties":{"jobs":33217,"pop":10061,"pointCount":8,"homeWorkCommuteMedian":4895,"workHomeCommuteMedian":4624},"geometry":{"type":"Polygon","coordinates":[[[129.1381121399854,35.37652233452958],[129.1381121399854,35.38551553816683],[129.14710534362263,35.38551553816683],[129.14710534362263,35.37652233452958],[129.1381121399854,35.37652233452958]]]}},{"type":"Feature","properties":{"jobs":12406,"pop":2238,"pointCount":2,"homeWorkCommuteMedian":3583,"workHomeCommuteMedian":4584},"geometry":{"type":"Polygon","coordinates":[[[129.1381121399854,35.38551553816683],[129.1381121399854,35.394508741804074],[129.14710534362263,35.394508741804074],[129.14710534362263,35.38551553816683],[129.1381121399854,35.38551553816683]]]}},{"type":"Feature","properties":{"jobs":6081,"pop":12966,"pointCount":1,"homeWorkCommuteMedian":3719,"workHomeCommuteMedian":4253},"geometry":{"type":"Polygon","coordinates":[[[129.1381121399854,35.40350194544132],[129.1381121399854,35.412495149078566],[129.14710534362263,35.412495149078566],[129.14710534362263,35.40350194544132],[129.1381121399854,35.40350194544132]]]}},{"type":"Feature","properties":{"jobs":1648,"pop":0,"pointCount":1,"homeWorkCommuteMedian":-1,"workHomeCommuteMedian":27095},"geometry":{"type":"Polygon","coordinates":[[[129.1381121399854,35.42148835271581],[129.1381121399854,35.43048155635306],[129.14710534362263,35.43048155635306],[129.14710534362263,35.42148835271581],[129.1381121399854,35.42148835271581]]]}},{"type":"Feature","properties":{"jobs":17676,"pop":5092,"pointCount":2,"homeWorkCommuteMedian":17970,"workHomeCommuteMedian":23231},"geometry":{"type":"Polygon","coordinates":[[[129.1381121399854,35.547393203637256],[129.1381121399854,35.5563864072745],[129.14710534362263,35.5563864072745],[129.14710534362263,35.547393203637256],[129.1381121399854,35.547393203637256]]]}},{"type":"Feature","properties":{"jobs":24663,"pop":6187,"pointCount":4,"homeWorkCommuteMedian":4077,"workHomeCommuteMedian":4322},"geometry":{"type":"Polygon","coordinates":[[[129.14710534362263,35.367529130892336],[129.14710534362263,35.37652233452958],[129.15609854725986,35.37652233452958],[129.15609854725986,35.367529130892336],[129.14710534362263,35.367529130892336]]]}},{"type":"Feature","properties":{"jobs":17428,"pop":3727,"pointCount":8,"homeWorkCommuteMedian":3496,"workHomeCommuteMedian":4034},"geometry":{"type":"Polygon","coordinates":[[[129.14710534362263,35.37652233452958],[129.14710534362263,35.38551553816683],[129.15609854725986,35.38551553816683],[129.15609854725986,35.37652233452958],[129.14710534362263,35.37652233452958]]]}},{"type":"Feature","properties":{"jobs":14079,"pop":4467,"pointCount":3,"homeWorkCommuteMedian":3337,"workHomeCommuteMedian":3246},"geometry":{"type":"Polygon","coordinates":[[[129.14710534362263,35.38551553816683],[129.14710534362263,35.394508741804074],[129.15609854725986,35.394508741804074],[129.15609854725986,35.38551553816683],[129.14710534362263,35.38551553816683]]]}},{"type":"Feature","properties":{"jobs":4776,"pop":1435,"pointCount":2,"homeWorkCommuteMedian":2966,"workHomeCommuteMedian":3127},"geometry":{"type":"Polygon","coordinates":[[[129.14710534362263,35.394508741804074],[129.14710534362263,35.40350194544132],[129.15609854725986,35.40350194544132],[129.15609854725986,35.394508741804074],[129.14710534362263,35.394508741804074]]]}},{"type":"Feature","properties":{"jobs":10944,"pop":3489,"pointCount":4,"homeWorkCommuteMedian":3765,"workHomeCommuteMedian":3565},"geometry":{"type":"Polygon","coordinates":[[[129.14710534362263,35.40350194544132],[129.14710534362263,35.412495149078566],[129.15609854725986,35.412495149078566],[129.15609854725986,35.40350194544132],[129.14710534362263,35.40350194544132]]]}},{"type":"Feature","properties":{"jobs":486,"pop":20,"pointCount":1,"homeWorkCommuteMedian":4357,"workHomeCommuteMedian":3955},"geometry":{"type":"Polygon","coordinates":[[[129.14710534362263,35.412495149078566],[129.14710534362263,35.42148835271581],[129.15609854725986,35.42148835271581],[129.15609854725986,35.412495149078566],[129.14710534362263,35.412495149078566]]]}},{"type":"Feature","properties":{"jobs":439,"pop":0,"pointCount":1,"homeWorkCommuteMedian":-1,"workHomeCommuteMedian":3046},"geometry":{"type":"Polygon","coordinates":[[[129.14710534362263,35.42148835271581],[129.14710534362263,35.43048155635306],[129.15609854725986,35.43048155635306],[129.15609854725986,35.42148835271581],[129.14710534362263,35.42148835271581]]]}},{"type":"Feature","properties":{"jobs":264,"pop":1489,"pointCount":1,"homeWorkCommuteMedian":5881,"workHomeCommuteMedian":-1},"geometry":{"type":"Polygon","coordinates":[[[129.14710534362263,35.502427185451026],[129.14710534362263,35.51142038908827],[129.15609854725986,35.51142038908827],[129.15609854725986,35.502427185451026],[129.14710534362263,35.502427185451026]]]}},{"type":"Feature","properties":{"jobs":643,"pop":24,"pointCount":1,"homeWorkCommuteMedian":11275,"workHomeCommuteMedian":-1},"geometry":{"type":"Polygon","coordinates":[[[129.14710534362263,35.51142038908827],[129.14710534362263,35.52041359272552],[129.15609854725986,35.52041359272552],[129.15609854725986,35.51142038908827],[129.14710534362263,35.51142038908827]]]}},{"type":"Feature","properties":{"jobs":975,"pop":0,"pointCount":1,"homeWorkCommuteMedian":-1,"workHomeCommuteMedian":3981},"geometry":{"type":"Polygon","coordinates":[[[129.14710534362263,35.5563864072745],[129.14710534362263,35.56537961091175],[129.15609854725986,35.56537961091175],[129.15609854725986,35.5563864072745],[129.14710534362263,35.5563864072745]]]}},{"type":"Feature","properties":{"jobs":721,"pop":52,"pointCount":1,"homeWorkCommuteMedian":12391,"workHomeCommuteMedian":8929},"geometry":{"type":"Polygon","coordinates":[[[129.14710534362263,35.62833203637247],[129.14710534362263,35.637325240009716],[129.15609854725986,35.637325240009716],[129.15609854725986,35.62833203637247],[129.14710534362263,35.62833203637247]]]}},{"type":"Feature","properties":{"jobs":598,"pop":26,"pointCount":1,"homeWorkCommuteMedian":10674,"workHomeCommuteMedian":-1},"geometry":{"type":"Polygon","coordinates":[[[129.14710534362263,35.637325240009716],[129.14710534362263,35.64631844364696],[129.15609854725986,35.64631844364696],[129.15609854725986,35.637325240009716],[129.14710534362263,35.637325240009716]]]}},{"type":"Feature","properties":{"jobs":108,"pop":315,"pointCount":1,"homeWorkCommuteMedian":4330,"workHomeCommuteMedian":-1},"geometry":{"type":"Polygon","coordinates":[[[129.14710534362263,35.664304850921454],[129.14710534362263,35.6732980545587],[129.15609854725986,35.6732980545587],[129.15609854725986,35.664304850921454],[129.14710534362263,35.664304850921454]]]}},{"type":"Feature","properties":{"jobs":20390,"pop":6384,"pointCount":5,"homeWorkCommuteMedian":4077,"workHomeCommuteMedian":3856},"geometry":{"type":"Polygon","coordinates":[[[129.15609854725986,35.367529130892336],[129.15609854725986,35.37652233452958],[129.1650917508971,35.37652233452958],[129.1650917508971,35.367529130892336],[129.15609854725986,35.367529130892336]]]}},{"type":"Feature","properties":{"jobs":418,"pop":0,"pointCount":1,"homeWorkCommuteMedian":-1,"workHomeCommuteMedian":4995},"geometry":{"type":"Polygon","coordinates":[[[129.15609854725986,35.37652233452958],[129.15609854725986,35.38551553816683],[129.1650917508971,35.38551553816683],[129.1650917508971,35.37652233452958],[129.15609854725986,35.37652233452958]]]}},{"type":"Feature","properties":{"jobs":986,"pop":23,"pointCount":1,"homeWorkCommuteMedian":2881,"workHomeCommuteMedian":2521},"geometry":{"type":"Polygon","coordinates":[[[129.15609854725986,35.38551553816683],[129.15609854725986,35.394508741804074],[129.1650917508971,35.394508741804074],[129.1650917508971,35.38551553816683],[129.15609854725986,35.38551553816683]]]}},{"type":"Feature","properties":{"jobs":3083,"pop":868,"pointCount":2,"homeWorkCommuteMedian":3127,"workHomeCommuteMedian":3009},"geometry":{"type":"Polygon","coordinates":[[[129.15609854725986,35.394508741804074],[129.15609854725986,35.40350194544132],[129.1650917508971,35.40350194544132],[129.1650917508971,35.394508741804074],[129.15609854725986,35.394508741804074]]]}},{"type":"Feature","properties":{"jobs":19521,"pop":4924,"pointCount":6,"homeWorkCommuteMedian":4111,"workHomeCommuteMedian":4370},"geometry":{"type":"Polygon","coordinates":[[[129.15609854725986,35.40350194544132],[129.15609854725986,35.412495149078566],[129.1650917508971,35.412495149078566],[129.1650917508971,35.40350194544132],[129.15609854725986,35.40350194544132]]]}},{"type":"Feature","properties":{"jobs":6211,"pop":1703,"pointCount":2,"homeWorkCommuteMedian":5503,"workHomeCommuteMedian":5352},"geometry":{"type":"Polygon","coordinates":[[[129.15609854725986,35.412495149078566],[129.15609854725986,35.42148835271581],[129.1650917508971,35.42148835271581],[129.1650917508971,35.412495149078566],[129.15609854725986,35.412495149078566]]]}},{"type":"Feature","properties":{"jobs":839,"pop":0,"pointCount":2,"homeWorkCommuteMedian":-1,"workHomeCommuteMedian":2945},"geometry":{"type":"Polygon","coordinates":[[[129.15609854725986,35.42148835271581],[129.15609854725986,35.43048155635306],[129.1650917508971,35.43048155635306],[129.1650917508971,35.42148835271581],[129.15609854725986,35.42148835271581]]]}},{"type":"Feature","properties":{"jobs":5,"pop":0,"pointCount":1,"homeWorkCommuteMedian":-1,"workHomeCommuteMedian":3189},"geometry":{"type":"Polygon","coordinates":[[[129.15609854725986,35.52041359272552],[129.15609854725986,35.529406796362764],[129.1650917508971,35.529406796362764],[129.1650917508971,35.52041359272552],[129.15609854725986,35.52041359272552]]]}},{"type":"Feature","properties":{"jobs":1867,"pop":91,"pointCount":1,"homeWorkCommuteMedian":11885,"workHomeCommuteMedian":8679},"geometry":{"type":"Polygon","coordinates":[[[129.15609854725986,35.53840000000001],[129.15609854725986,35.547393203637256],[129.1650917508971,35.547393203637256],[129.1650917508971,35.53840000000001],[129.15609854725986,35.53840000000001]]]}},{"type":"Feature","properties":{"jobs":35,"pop":14536,"pointCount":1,"homeWorkCommuteMedian":7854,"workHomeCommuteMedian":-1},"geometry":{"type":"Polygon","coordinates":[[[129.15609854725986,35.574372814548994],[129.15609854725986,35.58336601818624],[129.1650917508971,35.58336601818624],[129.1650917508971,35.574372814548994],[129.15609854725986,35.574372814548994]]]}},{"type":"Feature","properties":{"jobs":1335,"pop":331,"pointCount":1,"homeWorkCommuteMedian":13933,"workHomeCommuteMedian":11127},"geometry":{"type":"Polygon","coordinates":[[[129.15609854725986,35.637325240009716],[129.15609854725986,35.64631844364696],[129.1650917508971,35.64631844364696],[129.1650917508971,35.637325240009716],[129.15609854725986,35.637325240009716]]]}},{"type":"Feature","properties":{"jobs":86,"pop":11439,"pointCount":1,"homeWorkCommuteMedian":5517,"workHomeCommuteMedian":-1},"geometry":{"type":"Polygon","coordinates":[[[129.1650917508971,35.367529130892336],[129.1650917508971,35.37652233452958],[129.17408495453432,35.37652233452958],[129.17408495453432,35.367529130892336],[129.1650917508971,35.367529130892336]]]}},{"type":"Feature","properties":{"jobs":39288,"pop":8193,"pointCount":6,"homeWorkCommuteMedian":5042,"workHomeCommuteMedian":4477},"geometry":{"type":"Polygon","coordinates":[[[129.1650917508971,35.394508741804074],[129.1650917508971,35.40350194544132],[129.17408495453432,35.40350194544132],[129.17408495453432,35.394508741804074],[129.1650917508971,35.394508741804074]]]}},{"type":"Feature","properties":{"jobs":38581,"pop":10232,"pointCount":15,"homeWorkCommuteMedian":5933,"workHomeCommuteMedian":5415},"geometry":{"type":"Polygon","coordinates":[[[129.1650917508971,35.40350194544132],[129.1650917508971,35.412495149078566],[129.17408495453432,35.412495149078566],[129.17408495453432,35.40350194544132],[129.1650917508971,35.40350194544132]]]}},{"type":"Feature","properties":{"jobs":12906,"pop":2005,"pointCount":5,"homeWorkCommuteMedian":5917,"workHomeCommuteMedian":6299},"geometry":{"type":"Polygon","coordinates":[[[129.1650917508971,35.412495149078566],[129.1650917508971,35.42148835271581],[129.17408495453432,35.42148835271581],[129.17408495453432,35.412495149078566],[129.1650917508971,35.412495149078566]]]}},{"type":"Feature","properties":{"jobs":315,"pop":0,"pointCount":1,"homeWorkCommuteMedian":-1,"workHomeCommuteMedian":24817},"geometry":{"type":"Polygon","coordinates":[[[129.1650917508971,35.60135242546073],[129.1650917508971,35.61034562909798],[129.17408495453432,35.61034562909798],[129.17408495453432,35.60135242546073],[129.1650917508971,35.60135242546073]]]}},{"type":"Feature","properties":{"jobs":83,"pop":0,"pointCount":1,"homeWorkCommuteMedian":-1,"workHomeCommuteMedian":11291},"geometry":{"type":"Polygon","coordinates":[[[129.1650917508971,35.61034562909798],[129.1650917508971,35.619338832735224],[129.17408495453432,35.619338832735224],[129.17408495453432,35.61034562909798],[129.1650917508971,35.61034562909798]]]}},{"type":"Feature","properties":{"jobs":9,"pop":0,"pointCount":1,"homeWorkCommuteMedian":-1,"workHomeCommuteMedian":6947},"geometry":{"type":"Polygon","coordinates":[[[129.1650917508971,35.64631844364696],[129.1650917508971,35.65531164728421],[129.17408495453432,35.65531164728421],[129.17408495453432,35.64631844364696],[129.1650917508971,35.64631844364696]]]}},{"type":"Feature","properties":{"jobs":368,"pop":0,"pointCount":1,"homeWorkCommuteMedian":-1,"workHomeCommuteMedian":28155},"geometry":{"type":"Polygon","coordinates":[[[129.17408495453432,35.37652233452958],[129.17408495453432,35.38551553816683],[129.18307815817155,35.38551553816683],[129.18307815817155,35.37652233452958],[129.17408495453432,35.37652233452958]]]}},{"type":"Feature","properties":{"jobs":9506,"pop":21524,"pointCount":3,"homeWorkCommuteMedian":1657,"workHomeCommuteMedian":2185},"geometry":{"type":"Polygon","coordinates":[[[129.17408495453432,35.40350194544132],[129.17408495453432,35.412495149078566],[129.18307815817155,35.412495149078566],[129.18307815817155,35.40350194544132],[129.17408495453432,35.40350194544132]]]}},{"type":"Feature","properties":{"jobs":15523,"pop":4910,"pointCount":6,"homeWorkCommuteMedian":7564,"workHomeCommuteMedian":5933},"geometry":{"type":"Polygon","coordinates":[[[129.17408495453432,35.412495149078566],[129.17408495453432,35.42148835271581],[129.18307815817155,35.42148835271581],[129.18307815817155,35.412495149078566],[129.17408495453432,35.412495149078566]]]}},{"type":"Feature","properties":{"jobs":825,"pop":0,"pointCount":1,"homeWorkCommuteMedian":-1,"workHomeCommuteMedian":5376},"geometry":{"type":"Polygon","coordinates":[[[129.17408495453432,35.64631844364696],[129.17408495453432,35.65531164728421],[129.18307815817155,35.65531164728421],[129.18307815817155,35.64631844364696],[129.17408495453432,35.64631844364696]]]}},{"type":"Feature","properties":{"jobs":857,"pop":0,"pointCount":2,"homeWorkCommuteMedian":-1,"workHomeCommuteMedian":2845},"geometry":{"type":"Polygon","coordinates":[[[129.18307815817155,35.42148835271581],[129.18307815817155,35.43048155635306],[129.1920713618088,35.43048155635306],[129.1920713618088,35.42148835271581],[129.18307815817155,35.42148835271581]]]}},{"type":"Feature","properties":{"jobs":344,"pop":200,"pointCount":1,"homeWorkCommuteMedian":19605,"workHomeCommuteMedian":-1},"geometry":{"type":"Polygon","coordinates":[[[129.18307815817155,35.44846796362755],[129.18307815817155,35.457461167264796],[129.1920713618088,35.457461167264796],[129.1920713618088,35.44846796362755],[129.18307815817155,35.44846796362755]]]}},{"type":"Feature","properties":{"jobs":9035,"pop":2916,"pointCount":1,"homeWorkCommuteMedian":11533,"workHomeCommuteMedian":11908},"geometry":{"type":"Polygon","coordinates":[[[129.18307815817155,35.547393203637256],[129.18307815817155,35.5563864072745],[129.1920713618088,35.5563864072745],[129.1920713618088,35.547393203637256],[129.18307815817155,35.547393203637256]]]}},{"type":"Feature","properties":{"jobs":2603,"pop":284,"pointCount":1,"homeWorkCommuteMedian":12071,"workHomeCommuteMedian":12212},"geometry":{"type":"Polygon","coordinates":[[[129.18307815817155,35.574372814548994],[129.18307815817155,35.58336601818624],[129.1920713618088,35.58336601818624],[129.1920713618088,35.574372814548994],[129.18307815817155,35.574372814548994]]]}},{"type":"Feature","properties":{"jobs":1848,"pop":0,"pointCount":1,"homeWorkCommuteMedian":-1,"workHomeCommuteMedian":10368},"geometry":{"type":"Polygon","coordinates":[[[129.18307815817155,35.69128446183319],[129.18307815817155,35.70027766547044],[129.1920713618088,35.70027766547044],[129.1920713618088,35.69128446183319],[129.18307815817155,35.69128446183319]]]}},{"type":"Feature","properties":{"jobs":1381,"pop":0,"pointCount":2,"homeWorkCommuteMedian":-1,"workHomeCommuteMedian":4609},"geometry":{"type":"Polygon","coordinates":[[[129.1920713618088,35.43048155635306],[129.1920713618088,35.439474759990304],[129.20106456544602,35.439474759990304],[129.20106456544602,35.43048155635306],[129.1920713618088,35.43048155635306]]]}},{"type":"Feature","properties":{"jobs":1185,"pop":117,"pointCount":1,"homeWorkCommuteMedian":9090,"workHomeCommuteMedian":9382},"geometry":{"type":"Polygon","coordinates":[[[129.1920713618088,35.44846796362755],[129.1920713618088,35.457461167264796],[129.20106456544602,35.457461167264796],[129.20106456544602,35.44846796362755],[129.1920713618088,35.44846796362755]]]}},{"type":"Feature","properties":{"jobs":1096,"pop":0,"pointCount":1,"homeWorkCommuteMedian":-1,"workHomeCommuteMedian":10325},"geometry":{"type":"Polygon","coordinates":[[[129.1920713618088,35.457461167264796],[129.1920713618088,35.46645437090204],[129.20106456544602,35.46645437090204],[129.20106456544602,35.457461167264796],[129.1920713618088,35.457461167264796]]]}},{"type":"Feature","properties":{"jobs":665,"pop":110,"pointCount":2,"homeWorkCommuteMedian":41026,"workHomeCommuteMedian":-1},"geometry":{"type":"Polygon","coordinates":[[[129.1920713618088,35.64631844364696],[129.1920713618088,35.65531164728421],[129.20106456544602,35.65531164728421],[129.20106456544602,35.64631844364696],[129.1920713618088,35.64631844364696]]]}},{"type":"Feature","properties":{"jobs":506,"pop":0,"pointCount":1,"homeWorkCommuteMedian":-1,"workHomeCommuteMedian":24432},"geometry":{"type":"Polygon","coordinates":[[[129.20106456544602,35.412495149078566],[129.20106456544602,35.42148835271581],[129.21005776908325,35.42148835271581],[129.21005776908325,35.412495149078566],[129.20106456544602,35.412495149078566]]]}},{"type":"Feature","properties":{"jobs":3961,"pop":1051,"pointCount":6,"homeWorkCommuteMedian":5013,"workHomeCommuteMedian":8155},"geometry":{"type":"Polygon","coordinates":[[[129.20106456544602,35.457461167264796],[129.20106456544602,35.46645437090204],[129.21005776908325,35.46645437090204],[129.21005776908325,35.457461167264796],[129.20106456544602,35.457461167264796]]]}},{"type":"Feature","properties":{"jobs":3256,"pop":205,"pointCount":1,"homeWorkCommuteMedian":12856,"workHomeCommuteMedian":14304},"geometry":{"type":"Polygon","coordinates":[[[129.20106456544602,35.484440778176534],[129.20106456544602,35.49343398181378],[129.21005776908325,35.49343398181378],[129.21005776908325,35.484440778176534],[129.20106456544602,35.484440778176534]]]}},{"type":"Feature","properties":{"jobs":9,"pop":0,"pointCount":1,"homeWorkCommuteMedian":-1,"workHomeCommuteMedian":3069},"geometry":{"type":"Polygon","coordinates":[[[129.20106456544602,35.64631844364696],[129.20106456544602,35.65531164728421],[129.21005776908325,35.65531164728421],[129.21005776908325,35.64631844364696],[129.20106456544602,35.64631844364696]]]}},{"type":"Feature","properties":{"jobs":134,"pop":0,"pointCount":1,"homeWorkCommuteMedian":-1,"workHomeCommuteMedian":8051},"geometry":{"type":"Polygon","coordinates":[[[129.21005776908325,35.47544757453929],[129.21005776908325,35.484440778176534],[129.21905097272048,35.484440778176534],[129.21905097272048,35.47544757453929],[129.21005776908325,35.47544757453929]]]}},{"type":"Feature","properties":{"jobs":12778,"pop":1829,"pointCount":2,"homeWorkCommuteMedian":14403,"workHomeCommuteMedian":14551},"geometry":{"type":"Polygon","coordinates":[[[129.21005776908325,35.484440778176534],[129.21005776908325,35.49343398181378],[129.21905097272048,35.49343398181378],[129.21905097272048,35.484440778176534],[129.21005776908325,35.484440778176534]]]}},{"type":"Feature","properties":{"jobs":236,"pop":24,"pointCount":1,"homeWorkCommuteMedian":36591,"workHomeCommuteMedian":-1},"geometry":{"type":"Polygon","coordinates":[[[129.21005776908325,35.619338832735224],[129.21005776908325,35.62833203637247],[129.21905097272048,35.62833203637247],[129.21905097272048,35.619338832735224],[129.21005776908325,35.619338832735224]]]}},{"type":"Feature","properties":{"jobs":479,"pop":48,"pointCount":2,"homeWorkCommuteMedian":31349,"workHomeCommuteMedian":-1},"geometry":{"type":"Polygon","coordinates":[[[129.21005776908325,35.62833203637247],[129.21005776908325,35.637325240009716],[129.21905097272048,35.637325240009716],[129.21905097272048,35.62833203637247],[129.21005776908325,35.62833203637247]]]}},{"type":"Feature","properties":{"jobs":329,"pop":33,"pointCount":1,"homeWorkCommuteMedian":33386,"workHomeCommuteMedian":-1},"geometry":{"type":"Polygon","coordinates":[[[129.21005776908325,35.64631844364696],[129.21005776908325,35.65531164728421],[129.21905097272048,35.65531164728421],[129.21905097272048,35.64631844364696],[129.21005776908325,35.64631844364696]]]}},{"type":"Feature","properties":{"jobs":24,"pop":2399,"pointCount":1,"homeWorkCommuteMedian":10368,"workHomeCommuteMedian":-1},"geometry":{"type":"Polygon","coordinates":[[[129.21005776908325,35.65531164728421],[129.21005776908325,35.664304850921454],[129.21905097272048,35.664304850921454],[129.21905097272048,35.65531164728421],[129.21005776908325,35.65531164728421]]]}},{"type":"Feature","properties":{"jobs":25147,"pop":12712,"pointCount":6,"homeWorkCommuteMedian":12599,"workHomeCommuteMedian":12174},"geometry":{"type":"Polygon","coordinates":[[[129.21905097272048,35.5563864072745],[129.21905097272048,35.56537961091175],[129.2280441763577,35.56537961091175],[129.2280441763577,35.5563864072745],[129.21905097272048,35.5563864072745]]]}},{"type":"Feature","properties":{"jobs":540,"pop":0,"pointCount":1,"homeWorkCommuteMedian":-1,"workHomeCommuteMedian":7540},"geometry":{"type":"Polygon","coordinates":[[[129.21905097272048,35.56537961091175],[129.21905097272048,35.574372814548994],[129.2280441763577,35.574372814548994],[129.2280441763577,35.56537961091175],[129.21905097272048,35.56537961091175]]]}},{"type":"Feature","properties":{"jobs":459,"pop":46,"pointCount":2,"homeWorkCommuteMedian":37658,"workHomeCommuteMedian":-1},"geometry":{"type":"Polygon","coordinates":[[[129.21905097272048,35.64631844364696],[129.21905097272048,35.65531164728421],[129.2280441763577,35.65531164728421],[129.2280441763577,35.64631844364696],[129.21905097272048,35.64631844364696]]]}},{"type":"Feature","properties":{"jobs":12500,"pop":0,"pointCount":1,"homeWorkCommuteMedian":-1,"workHomeCommuteMedian":10323},"geometry":{"type":"Polygon","coordinates":[[[129.2280441763577,35.37652233452958],[129.2280441763577,35.38551553816683],[129.23703737999494,35.38551553816683],[129.23703737999494,35.37652233452958],[129.2280441763577,35.37652233452958]]]}},{"type":"Feature","properties":{"jobs":17552,"pop":7851,"pointCount":1,"homeWorkCommuteMedian":12820,"workHomeCommuteMedian":13268},"geometry":{"type":"Polygon","coordinates":[[[129.2280441763577,35.484440778176534],[129.2280441763577,35.49343398181378],[129.23703737999494,35.49343398181378],[129.23703737999494,35.484440778176534],[129.2280441763577,35.484440778176534]]]}},{"type":"Feature","properties":{"jobs":10159,"pop":642,"pointCount":5,"homeWorkCommuteMedian":9820,"workHomeCommuteMedian":6537},"geometry":{"type":"Polygon","coordinates":[[[129.2280441763577,35.5563864072745],[129.2280441763577,35.56537961091175],[129.23703737999494,35.56537961091175],[129.23703737999494,35.5563864072745],[129.2280441763577,35.5563864072745]]]}},{"type":"Feature","properties":{"jobs":7986,"pop":21455,"pointCount":2,"homeWorkCommuteMedian":11888,"workHomeCommuteMedian":11344},"geometry":{"type":"Polygon","coordinates":[[[129.2280441763577,35.56537961091175],[129.2280441763577,35.574372814548994],[129.23703737999494,35.574372814548994],[129.23703737999494,35.56537961091175],[129.2280441763577,35.56537961091175]]]}},{"type":"Feature","properties":{"jobs":12500,"pop":0,"pointCount":1,"homeWorkCommuteMedian":-1,"workHomeCommuteMedian":3461},"geometry":{"type":"Polygon","coordinates":[[[129.2280441763577,35.574372814548994],[129.2280441763577,35.58336601818624],[129.23703737999494,35.58336601818624],[129.23703737999494,35.574372814548994],[129.2280441763577,35.574372814548994]]]}},{"type":"Feature","properties":{"jobs":247,"pop":25,"pointCount":1,"homeWorkCommuteMedian":33158,"workHomeCommuteMedian":-1},"geometry":{"type":"Polygon","coordinates":[[[129.2280441763577,35.637325240009716],[129.2280441763577,35.64631844364696],[129.23703737999494,35.64631844364696],[129.23703737999494,35.637325240009716],[129.2280441763577,35.637325240009716]]]}},{"type":"Feature","properties":{"jobs":44,"pop":0,"pointCount":1,"homeWorkCommuteMedian":-1,"workHomeCommuteMedian":21398},"geometry":{"type":"Polygon","coordinates":[[[129.2280441763577,35.64631844364696],[129.2280441763577,35.65531164728421],[129.23703737999494,35.65531164728421],[129.23703737999494,35.64631844364696],[129.2280441763577,35.64631844364696]]]}},{"type":"Feature","properties":{"jobs":1048,"pop":23,"pointCount":1,"homeWorkCommuteMedian":12606,"workHomeCommuteMedian":12606},"geometry":{"type":"Polygon","coordinates":[[[129.23703737999494,35.484440778176534],[129.23703737999494,35.49343398181378],[129.24603058363218,35.49343398181378],[129.24603058363218,35.484440778176534],[129.23703737999494,35.484440778176534]]]}},{"type":"Feature","properties":{"jobs":6523,"pop":1242,"pointCount":2,"homeWorkCommuteMedian":9197,"workHomeCommuteMedian":7937},"geometry":{"type":"Polygon","coordinates":[[[129.23703737999494,35.52041359272552],[129.23703737999494,35.529406796362764],[129.24603058363218,35.529406796362764],[129.24603058363218,35.52041359272552],[129.23703737999494,35.52041359272552]]]}},{"type":"Feature","properties":{"jobs":106540,"pop":47739,"pointCount":9,"homeWorkCommuteMedian":11888,"workHomeCommuteMedian":10454},"geometry":{"type":"Polygon","coordinates":[[[129.23703737999494,35.56537961091175],[129.23703737999494,35.574372814548994],[129.24603058363218,35.574372814548994],[129.24603058363218,35.56537961091175],[129.23703737999494,35.56537961091175]]]}},{"type":"Feature","properties":{"jobs":20113,"pop":10278,"pointCount":3,"homeWorkCommuteMedian":11612,"workHomeCommuteMedian":11056},"geometry":{"type":"Polygon","coordinates":[[[129.23703737999494,35.574372814548994],[129.23703737999494,35.58336601818624],[129.24603058363218,35.58336601818624],[129.24603058363218,35.574372814548994],[129.23703737999494,35.574372814548994]]]}},{"type":"Feature","properties":{"jobs":4351,"pop":0,"pointCount":1,"homeWorkCommuteMedian":-1,"workHomeCommuteMedian":7153},"geometry":{"type":"Polygon","coordinates":[[[129.24603058363218,35.367529130892336],[129.24603058363218,35.37652233452958],[129.2550237872694,35.37652233452958],[129.2550237872694,35.367529130892336],[129.24603058363218,35.367529130892336]]]}},{"type":"Feature","properties":{"jobs":5258,"pop":796,"pointCount":4,"homeWorkCommuteMedian":6332,"workHomeCommuteMedian":6634},"geometry":{"type":"Polygon","coordinates":[[[129.24603058363218,35.529406796362764],[129.24603058363218,35.53840000000001],[129.2550237872694,35.53840000000001],[129.2550237872694,35.529406796362764],[129.24603058363218,35.529406796362764]]]}},{"type":"Feature","properties":{"jobs":12230,"pop":24131,"pointCount":5,"homeWorkCommuteMedian":5872,"workHomeCommuteMedian":7779},"geometry":{"type":"Polygon","coordinates":[[[129.24603058363218,35.53840000000001],[129.24603058363218,35.547393203637256],[129.2550237872694,35.547393203637256],[129.2550237872694,35.53840000000001],[129.24603058363218,35.53840000000001]]]}},{"type":"Feature","properties":{"jobs":22516,"pop":9680,"pointCount":13,"homeWorkCommuteMedian":10038,"workHomeCommuteMedian":8492},"geometry":{"type":"Polygon","coordinates":[[[129.24603058363218,35.547393203637256],[129.24603058363218,35.5563864072745],[129.2550237872694,35.5563864072745],[129.2550237872694,35.547393203637256],[129.24603058363218,35.547393203637256]]]}},{"type":"Feature","properties":{"jobs":7449,"pop":652,"pointCount":2,"homeWorkCommuteMedian":10428,"workHomeCommuteMedian":9197},"geometry":{"type":"Polygon","coordinates":[[[129.24603058363218,35.5563864072745],[129.24603058363218,35.56537961091175],[129.2550237872694,35.56537961091175],[129.2550237872694,35.5563864072745],[129.24603058363218,35.5563864072745]]]}},{"type":"Feature","properties":{"jobs":2872,"pop":0,"pointCount":7,"homeWorkCommuteMedian":-1,"workHomeCommuteMedian":4494},"geometry":{"type":"Polygon","coordinates":[[[129.24603058363218,35.56537961091175],[129.24603058363218,35.574372814548994],[129.2550237872694,35.574372814548994],[129.2550237872694,35.56537961091175],[129.24603058363218,35.56537961091175]]]}},{"type":"Feature","properties":{"jobs":322,"pop":33568,"pointCount":1,"homeWorkCommuteMedian":4890,"workHomeCommuteMedian":-1},"geometry":{"type":"Polygon","coordinates":[[[129.24603058363218,35.592359221823486],[129.24603058363218,35.60135242546073],[129.2550237872694,35.60135242546073],[129.2550237872694,35.592359221823486],[129.24603058363218,35.592359221823486]]]}},{"type":"Feature","properties":{"jobs":15,"pop":17877,"pointCount":1,"homeWorkCommuteMedian":2345,"workHomeCommuteMedian":-1},"geometry":{"type":"Polygon","coordinates":[[[129.2550237872694,35.37652233452958],[129.2550237872694,35.38551553816683],[129.26401699090664,35.38551553816683],[129.26401699090664,35.37652233452958],[129.2550237872694,35.37652233452958]]]}},{"type":"Feature","properties":{"jobs":20,"pop":18239,"pointCount":1,"homeWorkCommuteMedian":10323,"workHomeCommuteMedian":-1},"geometry":{"type":"Polygon","coordinates":[[[129.2550237872694,35.412495149078566],[129.2550237872694,35.42148835271581],[129.26401699090664,35.42148835271581],[129.26401699090664,35.412495149078566],[129.2550237872694,35.412495149078566]]]}},{"type":"Feature","properties":{"jobs":349,"pop":4667,"pointCount":1,"homeWorkCommuteMedian":6817,"workHomeCommuteMedian":-1},"geometry":{"type":"Polygon","coordinates":[[[129.2550237872694,35.484440778176534],[129.2550237872694,35.49343398181378],[129.26401699090664,35.49343398181378],[129.26401699090664,35.484440778176534],[129.2550237872694,35.484440778176534]]]}},{"type":"Feature","properties":{"jobs":10302,"pop":2983,"pointCount":3,"homeWorkCommuteMedian":7094,"workHomeCommuteMedian":6833},"geometry":{"type":"Polygon","coordinates":[[[129.2550237872694,35.529406796362764],[129.2550237872694,35.53840000000001],[129.26401699090664,35.53840000000001],[129.26401699090664,35.529406796362764],[129.2550237872694,35.529406796362764]]]}},{"type":"Feature","properties":{"jobs":23357,"pop":3203,"pointCount":14,"homeWorkCommuteMedian":5974,"workHomeCommuteMedian":6688},"geometry":{"type":"Polygon","coordinates":[[[129.2550237872694,35.53840000000001],[129.2550237872694,35.547393203637256],[129.26401699090664,35.547393203637256],[129.26401699090664,35.53840000000001],[129.2550237872694,35.53840000000001]]]}},{"type":"Feature","properties":{"jobs":25813,"pop":9885,"pointCount":11,"homeWorkCommuteMedian":7687,"workHomeCommuteMedian":6491},"geometry":{"type":"Polygon","coordinates":[[[129.2550237872694,35.547393203637256],[129.2550237872694,35.5563864072745],[129.26401699090664,35.5563864072745],[129.26401699090664,35.547393203637256],[129.2550237872694,35.547393203637256]]]}},{"type":"Feature","properties":{"jobs":12183,"pop":1437,"pointCount":5,"homeWorkCommuteMedian":8458,"workHomeCommuteMedian":5943},"geometry":{"type":"Polygon","coordinates":[[[129.2550237872694,35.5563864072745],[129.2550237872694,35.56537961091175],[129.26401699090664,35.56537961091175],[129.26401699090664,35.5563864072745],[129.2550237872694,35.5563864072745]]]}},{"type":"Feature","properties":{"jobs":5074,"pop":1472,"pointCount":1,"homeWorkCommuteMedian":21975,"workHomeCommuteMedian":11275},"geometry":{"type":"Polygon","coordinates":[[[129.2550237872694,35.56537961091175],[129.2550237872694,35.574372814548994],[129.26401699090664,35.574372814548994],[129.26401699090664,35.56537961091175],[129.2550237872694,35.56537961091175]]]}},{"type":"Feature","properties":{"jobs":1087,"pop":90,"pointCount":1,"homeWorkCommuteMedian":6447,"workHomeCommuteMedian":8330},"geometry":{"type":"Polygon","coordinates":[[[129.26401699090664,35.40350194544132],[129.26401699090664,35.412495149078566],[129.27301019454387,35.412495149078566],[129.27301019454387,35.40350194544132],[129.26401699090664,35.40350194544132]]]}},{"type":"Feature","properties":{"jobs":10848,"pop":2183,"pointCount":7,"homeWorkCommuteMedian":6447,"workHomeCommuteMedian":6015},"geometry":{"type":"Polygon","coordinates":[[[129.26401699090664,35.53840000000001],[129.26401699090664,35.547393203637256],[129.27301019454387,35.547393203637256],[129.27301019454387,35.53840000000001],[129.26401699090664,35.53840000000001]]]}},{"type":"Feature","properties":{"jobs":14018,"pop":3053,"pointCount":14,"homeWorkCommuteMedian":5637,"workHomeCommuteMedian":5239},"geometry":{"type":"Polygon","coordinates":[[[129.26401699090664,35.547393203637256],[129.26401699090664,35.5563864072745],[129.27301019454387,35.5563864072745],[129.27301019454387,35.547393203637256],[129.26401699090664,35.547393203637256]]]}},{"type":"Feature","properties":{"jobs":20522,"pop":20188,"pointCount":9,"homeWorkCommuteMedian":6171,"workHomeCommuteMedian":7434},"geometry":{"type":"Polygon","coordinates":[[[129.26401699090664,35.5563864072745],[129.26401699090664,35.56537961091175],[129.27301019454387,35.56537961091175],[129.27301019454387,35.5563864072745],[129.26401699090664,35.5563864072745]]]}},{"type":"Feature","properties":{"jobs":11260,"pop":0,"pointCount":6,"homeWorkCommuteMedian":-1,"workHomeCommuteMedian":6548},"geometry":{"type":"Polygon","coordinates":[[[129.26401699090664,35.56537961091175],[129.26401699090664,35.574372814548994],[129.27301019454387,35.574372814548994],[129.27301019454387,35.56537961091175],[129.26401699090664,35.56537961091175]]]}},{"type":"Feature","properties":{"jobs":7362,"pop":0,"pointCount":2,"homeWorkCommuteMedian":-1,"workHomeCommuteMedian":4776},"geometry":{"type":"Polygon","coordinates":[[[129.26401699090664,35.574372814548994],[129.26401699090664,35.58336601818624],[129.27301019454387,35.58336601818624],[129.27301019454387,35.574372814548994],[129.26401699090664,35.574372814548994]]]}},{"type":"Feature","properties":{"jobs":6,"pop":0,"pointCount":1,"homeWorkCommuteMedian":-1,"workHomeCommuteMedian":2355},"geometry":{"type":"Polygon","coordinates":[[[129.26401699090664,35.592359221823486],[129.26401699090664,35.60135242546073],[129.27301019454387,35.60135242546073],[129.27301019454387,35.592359221823486],[129.26401699090664,35.592359221823486]]]}},{"type":"Feature","properties":{"jobs":24396,"pop":6953,"pointCount":5,"homeWorkCommuteMedian":10892,"workHomeCommuteMedian":9560},"geometry":{"type":"Polygon","coordinates":[[[129.27301019454387,35.40350194544132],[129.27301019454387,35.412495149078566],[129.2820033981811,35.412495149078566],[129.2820033981811,35.40350194544132],[129.27301019454387,35.40350194544132]]]}},{"type":"Feature","properties":{"jobs":3209,"pop":305,"pointCount":4,"homeWorkCommuteMedian":5517,"workHomeCommuteMedian":5118},"geometry":{"type":"Polygon","coordinates":[[[129.27301019454387,35.412495149078566],[129.27301019454387,35.42148835271581],[129.2820033981811,35.42148835271581],[129.2820033981811,35.412495149078566],[129.27301019454387,35.412495149078566]]]}},{"type":"Feature","properties":{"jobs":349,"pop":0,"pointCount":4,"homeWorkCommuteMedian":-1,"workHomeCommuteMedian":28479},"geometry":{"type":"Polygon","coordinates":[[[129.27301019454387,35.43048155635306],[129.27301019454387,35.439474759990304],[129.2820033981811,35.439474759990304],[129.2820033981811,35.43048155635306],[129.27301019454387,35.43048155635306]]]}},{"type":"Feature","properties":{"jobs":1035,"pop":145,"pointCount":1,"homeWorkCommuteMedian":11032,"workHomeCommuteMedian":3565},"geometry":{"type":"Polygon","coordinates":[[[129.27301019454387,35.529406796362764],[129.27301019454387,35.53840000000001],[129.2820033981811,35.53840000000001],[129.2820033981811,35.529406796362764],[129.27301019454387,35.529406796362764]]]}},{"type":"Feature","properties":{"jobs":5600,"pop":1286,"pointCount":2,"homeWorkCommuteMedian":6408,"workHomeCommuteMedian":5590},"geometry":{"type":"Polygon","coordinates":[[[129.27301019454387,35.53840000000001],[129.27301019454387,35.547393203637256],[129.2820033981811,35.547393203637256],[129.2820033981811,35.53840000000001],[129.27301019454387,35.53840000000001]]]}},{"type":"Feature","properties":{"jobs":9916,"pop":12326,"pointCount":7,"homeWorkCommuteMedian":5401,"workHomeCommuteMedian":5157},"geometry":{"type":"Polygon","coordinates":[[[129.27301019454387,35.547393203637256],[129.27301019454387,35.5563864072745],[129.2820033981811,35.5563864072745],[129.2820033981811,35.547393203637256],[129.27301019454387,35.547393203637256]]]}},{"type":"Feature","properties":{"jobs":8048,"pop":0,"pointCount":3,"homeWorkCommuteMedian":-1,"workHomeCommuteMedian":4581},"geometry":{"type":"Polygon","coordinates":[[[129.27301019454387,35.5563864072745],[129.27301019454387,35.56537961091175],[129.2820033981811,35.56537961091175],[129.2820033981811,35.5563864072745],[129.27301019454387,35.5563864072745]]]}},{"type":"Feature","properties":{"jobs":6430,"pop":1726,"pointCount":2,"homeWorkCommuteMedian":7607,"workHomeCommuteMedian":7268},"geometry":{"type":"Polygon","coordinates":[[[129.2820033981811,35.394508741804074],[129.2820033981811,35.40350194544132],[129.29099660181834,35.40350194544132],[129.29099660181834,35.394508741804074],[129.2820033981811,35.394508741804074]]]}},{"type":"Feature","properties":{"jobs":19506,"pop":4016,"pointCount":11,"homeWorkCommuteMedian":7825,"workHomeCommuteMedian":6689},"geometry":{"type":"Polygon","coordinates":[[[129.2820033981811,35.40350194544132],[129.2820033981811,35.412495149078566],[129.29099660181834,35.412495149078566],[129.29099660181834,35.40350194544132],[129.2820033981811,35.40350194544132]]]}},{"type":"Feature","properties":{"jobs":629,"pop":0,"pointCount":2,"homeWorkCommuteMedian":-1,"workHomeCommuteMedian":3203},"geometry":{"type":"Polygon","coordinates":[[[129.2820033981811,35.412495149078566],[129.2820033981811,35.42148835271581],[129.29099660181834,35.42148835271581],[129.29099660181834,35.412495149078566],[129.2820033981811,35.412495149078566]]]}},{"type":"Feature","properties":{"jobs":6694,"pop":1160,"pointCount":2,"homeWorkCommuteMedian":12071,"workHomeCommuteMedian":12441},"geometry":{"type":"Polygon","coordinates":[[[129.2820033981811,35.44846796362755],[129.2820033981811,35.457461167264796],[129.29099660181834,35.457461167264796],[129.29099660181834,35.44846796362755],[129.2820033981811,35.44846796362755]]]}},{"type":"Feature","properties":{"jobs":4741,"pop":2104,"pointCount":1,"homeWorkCommuteMedian":7842,"workHomeCommuteMedian":7873},"geometry":{"type":"Polygon","coordinates":[[[129.2820033981811,35.51142038908827],[129.2820033981811,35.52041359272552],[129.29099660181834,35.52041359272552],[129.29099660181834,35.51142038908827],[129.2820033981811,35.51142038908827]]]}},{"type":"Feature","properties":{"jobs":25,"pop":18120,"pointCount":1,"homeWorkCommuteMedian":6697,"workHomeCommuteMedian":-1},"geometry":{"type":"Polygon","coordinates":[[[129.2820033981811,35.52041359272552],[129.2820033981811,35.529406796362764],[129.29099660181834,35.529406796362764],[129.29099660181834,35.52041359272552],[129.2820033981811,35.52041359272552]]]}},{"type":"Feature","properties":{"jobs":50497,"pop":31501,"pointCount":10,"homeWorkCommuteMedian":6499,"workHomeCommuteMedian":6015},"geometry":{"type":"Polygon","coordinates":[[[129.2820033981811,35.529406796362764],[129.2820033981811,35.53840000000001],[129.29099660181834,35.53840000000001],[129.29099660181834,35.529406796362764],[129.2820033981811,35.529406796362764]]]}},{"type":"Feature","properties":{"jobs":4311,"pop":92,"pointCount":4,"homeWorkCommuteMedian":8123,"workHomeCommuteMedian":5404},"geometry":{"type":"Polygon","coordinates":[[[129.2820033981811,35.53840000000001],[129.2820033981811,35.547393203637256],[129.29099660181834,35.547393203637256],[129.29099660181834,35.53840000000001],[129.2820033981811,35.53840000000001]]]}},{"type":"Feature","properties":{"jobs":30249,"pop":13921,"pointCount":11,"homeWorkCommuteMedian":5637,"workHomeCommuteMedian":5524},"geometry":{"type":"Polygon","coordinates":[[[129.2820033981811,35.547393203637256],[129.2820033981811,35.5563864072745],[129.29099660181834,35.5563864072745],[129.29099660181834,35.547393203637256],[129.2820033981811,35.547393203637256]]]}},{"type":"Feature","properties":{"jobs":14705,"pop":8843,"pointCount":1,"homeWorkCommuteMedian":5696,"workHomeCommuteMedian":6191},"geometry":{"type":"Polygon","coordinates":[[[129.2820033981811,35.5563864072745],[129.2820033981811,35.56537961091175],[129.29099660181834,35.56537961091175],[129.29099660181834,35.5563864072745],[129.2820033981811,35.5563864072745]]]}},{"type":"Feature","properties":{"jobs":1262,"pop":0,"pointCount":1,"homeWorkCommuteMedian":-1,"workHomeCommuteMedian":11400},"geometry":{"type":"Polygon","coordinates":[[[129.2820033981811,35.664304850921454],[129.2820033981811,35.6732980545587],[129.29099660181834,35.6732980545587],[129.29099660181834,35.664304850921454],[129.2820033981811,35.664304850921454]]]}},{"type":"Feature","properties":{"jobs":563,"pop":0,"pointCount":1,"homeWorkCommuteMedian":-1,"workHomeCommuteMedian":14717},"geometry":{"type":"Polygon","coordinates":[[[129.2820033981811,35.69128446183319],[129.2820033981811,35.70027766547044],[129.29099660181834,35.70027766547044],[129.29099660181834,35.69128446183319],[129.2820033981811,35.69128446183319]]]}},{"type":"Feature","properties":{"jobs":972,"pop":0,"pointCount":1,"homeWorkCommuteMedian":-1,"workHomeCommuteMedian":12542},"geometry":{"type":"Polygon","coordinates":[[[129.2820033981811,35.70027766547044],[129.2820033981811,35.709270869107684],[129.29099660181834,35.709270869107684],[129.29099660181834,35.70027766547044],[129.2820033981811,35.70027766547044]]]}},{"type":"Feature","properties":{"jobs":5377,"pop":797,"pointCount":3,"homeWorkCommuteMedian":6993,"workHomeCommuteMedian":5535},"geometry":{"type":"Polygon","coordinates":[[[129.29099660181834,35.40350194544132],[129.29099660181834,35.412495149078566],[129.29998980545557,35.412495149078566],[129.29998980545557,35.40350194544132],[129.29099660181834,35.40350194544132]]]}},{"type":"Feature","properties":{"jobs":14308,"pop":2611,"pointCount":5,"homeWorkCommuteMedian":11888,"workHomeCommuteMedian":12105},"geometry":{"type":"Polygon","coordinates":[[[129.29099660181834,35.44846796362755],[129.29099660181834,35.457461167264796],[129.29998980545557,35.457461167264796],[129.29998980545557,35.44846796362755],[129.29099660181834,35.44846796362755]]]}},{"type":"Feature","properties":{"jobs":16019,"pop":5160,"pointCount":2,"homeWorkCommuteMedian":9801,"workHomeCommuteMedian":10601},"geometry":{"type":"Polygon","coordinates":[[[129.29099660181834,35.47544757453929],[129.29099660181834,35.484440778176534],[129.29998980545557,35.484440778176534],[129.29998980545557,35.47544757453929],[129.29099660181834,35.47544757453929]]]}},{"type":"Feature","properties":{"jobs":16904,"pop":5394,"pointCount":3,"homeWorkCommuteMedian":10011,"workHomeCommuteMedian":9393},"geometry":{"type":"Polygon","coordinates":[[[129.29099660181834,35.484440778176534],[129.29099660181834,35.49343398181378],[129.29998980545557,35.49343398181378],[129.29998980545557,35.484440778176534],[129.29099660181834,35.484440778176534]]]}},{"type":"Feature","properties":{"jobs":12499,"pop":0,"pointCount":1,"homeWorkCommuteMedian":-1,"workHomeCommuteMedian":5757},"geometry":{"type":"Polygon","coordinates":[[[129.29099660181834,35.502427185451026],[129.29099660181834,35.51142038908827],[129.29998980545557,35.51142038908827],[129.29998980545557,35.502427185451026],[129.29099660181834,35.502427185451026]]]}},{"type":"Feature","properties":{"jobs":8836,"pop":5261,"pointCount":2,"homeWorkCommuteMedian":7206,"workHomeCommuteMedian":6991},"geometry":{"type":"Polygon","coordinates":[[[129.29099660181834,35.51142038908827],[129.29099660181834,35.52041359272552],[129.29998980545557,35.52041359272552],[129.29998980545557,35.51142038908827],[129.29099660181834,35.51142038908827]]]}},{"type":"Feature","properties":{"jobs":27405,"pop":16401,"pointCount":2,"homeWorkCommuteMedian":7684,"workHomeCommuteMedian":7136},"geometry":{"type":"Polygon","coordinates":[[[129.29099660181834,35.52041359272552],[129.29099660181834,35.529406796362764],[129.29998980545557,35.529406796362764],[129.29998980545557,35.52041359272552],[129.29099660181834,35.52041359272552]]]}},{"type":"Feature","properties":{"jobs":73102,"pop":32794,"pointCount":15,"homeWorkCommuteMedian":6447,"workHomeCommuteMedian":5569},"geometry":{"type":"Polygon","coordinates":[[[129.29099660181834,35.529406796362764],[129.29099660181834,35.53840000000001],[129.29998980545557,35.53840000000001],[129.29998980545557,35.529406796362764],[129.29099660181834,35.529406796362764]]]}},{"type":"Feature","properties":{"jobs":2906,"pop":21,"pointCount":5,"homeWorkCommuteMedian":1998,"workHomeCommuteMedian":4209},"geometry":{"type":"Polygon","coordinates":[[[129.29099660181834,35.53840000000001],[129.29099660181834,35.547393203637256],[129.29998980545557,35.547393203637256],[129.29998980545557,35.53840000000001],[129.29099660181834,35.53840000000001]]]}},{"type":"Feature","properties":{"jobs":40451,"pop":11230,"pointCount":7,"homeWorkCommuteMedian":5089,"workHomeCommuteMedian":4858},"geometry":{"type":"Polygon","coordinates":[[[129.29099660181834,35.547393203637256],[129.29099660181834,35.5563864072745],[129.29998980545557,35.5563864072745],[129.29998980545557,35.547393203637256],[129.29099660181834,35.547393203637256]]]}},{"type":"Feature","properties":{"jobs":48322,"pop":39225,"pointCount":9,"homeWorkCommuteMedian":5025,"workHomeCommuteMedian":5150},"geometry":{"type":"Polygon","coordinates":[[[129.29099660181834,35.5563864072745],[129.29099660181834,35.56537961091175],[129.29998980545557,35.56537961091175],[129.29998980545557,35.5563864072745],[129.29099660181834,35.5563864072745]]]}},{"type":"Feature","properties":{"jobs":1399,"pop":0,"pointCount":1,"homeWorkCommuteMedian":-1,"workHomeCommuteMedian":10776},"geometry":{"type":"Polygon","coordinates":[[[129.29099660181834,35.664304850921454],[129.29099660181834,35.6732980545587],[129.29998980545557,35.6732980545587],[129.29998980545557,35.664304850921454],[129.29099660181834,35.664304850921454]]]}},{"type":"Feature","properties":{"jobs":1092,"pop":0,"pointCount":1,"homeWorkCommuteMedian":-1,"workHomeCommuteMedian":10395},"geometry":{"type":"Polygon","coordinates":[[[129.29099660181834,35.6732980545587],[129.29099660181834,35.682291258195946],[129.29998980545557,35.682291258195946],[129.29998980545557,35.6732980545587],[129.29099660181834,35.6732980545587]]]}},{"type":"Feature","properties":{"jobs":3208,"pop":76,"pointCount":1,"homeWorkCommuteMedian":11263,"workHomeCommuteMedian":12608},"geometry":{"type":"Polygon","coordinates":[[[129.29099660181834,35.69128446183319],[129.29099660181834,35.70027766547044],[129.29998980545557,35.70027766547044],[129.29998980545557,35.69128446183319],[129.29099660181834,35.69128446183319]]]}},{"type":"Feature","properties":{"jobs":631,"pop":0,"pointCount":1,"homeWorkCommuteMedian":-1,"workHomeCommuteMedian":12361},"geometry":{"type":"Polygon","coordinates":[[[129.29099660181834,35.70027766547044],[129.29099660181834,35.709270869107684],[129.29998980545557,35.709270869107684],[129.29998980545557,35.70027766547044],[129.29099660181834,35.70027766547044]]]}},{"type":"Feature","properties":{"jobs":31439,"pop":6280,"pointCount":6,"homeWorkCommuteMedian":15336,"workHomeCommuteMedian":16246},"geometry":{"type":"Polygon","coordinates":[[[129.29998980545557,35.42148835271581],[129.29998980545557,35.43048155635306],[129.3089830090928,35.43048155635306],[129.3089830090928,35.42148835271581],[129.29998980545557,35.42148835271581]]]}},{"type":"Feature","properties":{"jobs":41971,"pop":8368,"pointCount":7,"homeWorkCommuteMedian":13778,"workHomeCommuteMedian":14834},"geometry":{"type":"Polygon","coordinates":[[[129.29998980545557,35.43048155635306],[129.29998980545557,35.439474759990304],[129.3089830090928,35.439474759990304],[129.3089830090928,35.43048155635306],[129.29998980545557,35.43048155635306]]]}},{"type":"Feature","properties":{"jobs":7075,"pop":790,"pointCount":3,"homeWorkCommuteMedian":9265,"workHomeCommuteMedian":12027},"geometry":{"type":"Polygon","coordinates":[[[129.29998980545557,35.439474759990304],[129.29998980545557,35.44846796362755],[129.3089830090928,35.44846796362755],[129.3089830090928,35.439474759990304],[129.29998980545557,35.439474759990304]]]}},{"type":"Feature","properties":{"jobs":7899,"pop":1209,"pointCount":4,"homeWorkCommuteMedian":8977,"workHomeCommuteMedian":7973},"geometry":{"type":"Polygon","coordinates":[[[129.29998980545557,35.47544757453929],[129.29998980545557,35.484440778176534],[129.3089830090928,35.484440778176534],[129.3089830090928,35.47544757453929],[129.29998980545557,35.47544757453929]]]}},{"type":"Feature","properties":{"jobs":7913,"pop":850,"pointCount":7,"homeWorkCommuteMedian":8285,"workHomeCommuteMedian":6777},"geometry":{"type":"Polygon","coordinates":[[[129.29998980545557,35.484440778176534],[129.29998980545557,35.49343398181378],[129.3089830090928,35.49343398181378],[129.3089830090928,35.484440778176534],[129.29998980545557,35.484440778176534]]]}},{"type":"Feature","properties":{"jobs":716,"pop":114,"pointCount":1,"homeWorkCommuteMedian":12078,"workHomeCommuteMedian":6447},"geometry":{"type":"Polygon","coordinates":[[[129.29998980545557,35.502427185451026],[129.29998980545557,35.51142038908827],[129.3089830090928,35.51142038908827],[129.3089830090928,35.502427185451026],[129.29998980545557,35.502427185451026]]]}},{"type":"Feature","properties":{"jobs":18285,"pop":28551,"pointCount":3,"homeWorkCommuteMedian":5766,"workHomeCommuteMedian":5455},"geometry":{"type":"Polygon","coordinates":[[[129.29998980545557,35.52041359272552],[129.29998980545557,35.529406796362764],[129.3089830090928,35.529406796362764],[129.3089830090928,35.52041359272552],[129.29998980545557,35.52041359272552]]]}},{"type":"Feature","properties":{"jobs":63417,"pop":36912,"pointCount":10,"homeWorkCommuteMedian":6332,"workHomeCommuteMedian":5357},"geometry":{"type":"Polygon","coordinates":[[[129.29998980545557,35.529406796362764],[129.29998980545557,35.53840000000001],[129.3089830090928,35.53840000000001],[129.3089830090928,35.529406796362764],[129.29998980545557,35.529406796362764]]]}},{"type":"Feature","properties":{"jobs":39758,"pop":29756,"pointCount":8,"homeWorkCommuteMedian":4088,"workHomeCommuteMedian":3544},"geometry":{"type":"Polygon","coordinates":[[[129.29998980545557,35.53840000000001],[129.29998980545557,35.547393203637256],[129.3089830090928,35.547393203637256],[129.3089830090928,35.53840000000001],[129.29998980545557,35.53840000000001]]]}},{"type":"Feature","properties":{"jobs":19878,"pop":14893,"pointCount":6,"homeWorkCommuteMedian":4156,"workHomeCommuteMedian":3517},"geometry":{"type":"Polygon","coordinates":[[[129.29998980545557,35.547393203637256],[129.29998980545557,35.5563864072745],[129.3089830090928,35.5563864072745],[129.3089830090928,35.547393203637256],[129.29998980545557,35.547393203637256]]]}},{"type":"Feature","properties":{"jobs":37515,"pop":24916,"pointCount":10,"homeWorkCommuteMedian":4691,"workHomeCommuteMedian":3496},"geometry":{"type":"Polygon","coordinates":[[[129.29998980545557,35.5563864072745],[129.29998980545557,35.56537961091175],[129.3089830090928,35.56537961091175],[129.3089830090928,35.5563864072745],[129.29998980545557,35.5563864072745]]]}},{"type":"Feature","properties":{"jobs":22468,"pop":11358,"pointCount":3,"homeWorkCommuteMedian":6152,"workHomeCommuteMedian":6405},"geometry":{"type":"Polygon","coordinates":[[[129.29998980545557,35.56537961091175],[129.29998980545557,35.574372814548994],[129.3089830090928,35.574372814548994],[129.3089830090928,35.56537961091175],[129.29998980545557,35.56537961091175]]]}},{"type":"Feature","properties":{"jobs":5984,"pop":2272,"pointCount":2,"homeWorkCommuteMedian":5957,"workHomeCommuteMedian":5594},"geometry":{"type":"Polygon","coordinates":[[[129.29998980545557,35.574372814548994],[129.29998980545557,35.58336601818624],[129.3089830090928,35.58336601818624],[129.3089830090928,35.574372814548994],[129.29998980545557,35.574372814548994]]]}},{"type":"Feature","properties":{"jobs":1655,"pop":0,"pointCount":1,"homeWorkCommuteMedian":-1,"workHomeCommuteMedian":10674},"geometry":{"type":"Polygon","coordinates":[[[129.29998980545557,35.6732980545587],[129.29998980545557,35.682291258195946],[129.3089830090928,35.682291258195946],[129.3089830090928,35.6732980545587],[129.29998980545557,35.6732980545587]]]}},{"type":"Feature","properties":{"jobs":40,"pop":16473,"pointCount":1,"homeWorkCommuteMedian":5816,"workHomeCommuteMedian":-1},"geometry":{"type":"Polygon","coordinates":[[[129.3089830090928,35.367529130892336],[129.3089830090928,35.37652233452958],[129.31797621273003,35.37652233452958],[129.31797621273003,35.367529130892336],[129.3089830090928,35.367529130892336]]]}},{"type":"Feature","properties":{"jobs":4517,"pop":545,"pointCount":2,"homeWorkCommuteMedian":9010,"workHomeCommuteMedian":9270},"geometry":{"type":"Polygon","coordinates":[[[129.3089830090928,35.42148835271581],[129.3089830090928,35.43048155635306],[129.31797621273003,35.43048155635306],[129.31797621273003,35.42148835271581],[129.3089830090928,35.42148835271581]]]}},{"type":"Feature","properties":{"jobs":16907,"pop":1099,"pointCount":5,"homeWorkCommuteMedian":8649,"workHomeCommuteMedian":3708},"geometry":{"type":"Polygon","coordinates":[[[129.3089830090928,35.43048155635306],[129.3089830090928,35.439474759990304],[129.31797621273003,35.439474759990304],[129.31797621273003,35.43048155635306],[129.3089830090928,35.43048155635306]]]}},{"type":"Feature","properties":{"jobs":159,"pop":0,"pointCount":1,"homeWorkCommuteMedian":-1,"workHomeCommuteMedian":3569},"geometry":{"type":"Polygon","coordinates":[[[129.3089830090928,35.439474759990304],[129.3089830090928,35.44846796362755],[129.31797621273003,35.44846796362755],[129.31797621273003,35.439474759990304],[129.3089830090928,35.439474759990304]]]}},{"type":"Feature","properties":{"jobs":51366,"pop":35339,"pointCount":1,"homeWorkCommuteMedian":13004,"workHomeCommuteMedian":13360},"geometry":{"type":"Polygon","coordinates":[[[129.3089830090928,35.457461167264796],[129.3089830090928,35.46645437090204],[129.31797621273003,35.46645437090204],[129.31797621273003,35.457461167264796],[129.3089830090928,35.457461167264796]]]}},{"type":"Feature","properties":{"jobs":11512,"pop":4456,"pointCount":2,"homeWorkCommuteMedian":9815,"workHomeCommuteMedian":10012},"geometry":{"type":"Polygon","coordinates":[[[129.3089830090928,35.46645437090204],[129.3089830090928,35.47544757453929],[129.31797621273003,35.47544757453929],[129.31797621273003,35.46645437090204],[129.3089830090928,35.46645437090204]]]}},{"type":"Feature","properties":{"jobs":2369,"pop":786,"pointCount":2,"homeWorkCommuteMedian":7131,"workHomeCommuteMedian":11213},"geometry":{"type":"Polygon","coordinates":[[[129.3089830090928,35.502427185451026],[129.3089830090928,35.51142038908827],[129.31797621273003,35.51142038908827],[129.31797621273003,35.502427185451026],[129.3089830090928,35.502427185451026]]]}},{"type":"Feature","properties":{"jobs":8824,"pop":5235,"pointCount":5,"homeWorkCommuteMedian":5090,"workHomeCommuteMedian":3893},"geometry":{"type":"Polygon","coordinates":[[[129.3089830090928,35.51142038908827],[129.3089830090928,35.52041359272552],[129.31797621273003,35.52041359272552],[129.31797621273003,35.51142038908827],[129.3089830090928,35.51142038908827]]]}},{"type":"Feature","properties":{"jobs":36988,"pop":38876,"pointCount":10,"homeWorkCommuteMedian":5312,"workHomeCommuteMedian":4944},"geometry":{"type":"Polygon","coordinates":[[[129.3089830090928,35.52041359272552],[129.3089830090928,35.529406796362764],[129.31797621273003,35.529406796362764],[129.31797621273003,35.52041359272552],[129.3089830090928,35.52041359272552]]]}},{"type":"Feature","properties":{"jobs":47788,"pop":22402,"pointCount":9,"homeWorkCommuteMedian":4655,"workHomeCommuteMedian":4638},"geometry":{"type":"Polygon","coordinates":[[[129.3089830090928,35.529406796362764],[129.3089830090928,35.53840000000001],[129.31797621273003,35.53840000000001],[129.31797621273003,35.529406796362764],[129.3089830090928,35.529406796362764]]]}},{"type":"Feature","properties":{"jobs":45867,"pop":63068,"pointCount":7,"homeWorkCommuteMedian":4317,"workHomeCommuteMedian":3942},"geometry":{"type":"Polygon","coordinates":[[[129.3089830090928,35.53840000000001],[129.3089830090928,35.547393203637256],[129.31797621273003,35.547393203637256],[129.31797621273003,35.53840000000001],[129.3089830090928,35.53840000000001]]]}},{"type":"Feature","properties":{"jobs":19611,"pop":8295,"pointCount":7,"homeWorkCommuteMedian":3618,"workHomeCommuteMedian":3472},"geometry":{"type":"Polygon","coordinates":[[[129.3089830090928,35.547393203637256],[129.3089830090928,35.5563864072745],[129.31797621273003,35.5563864072745],[129.31797621273003,35.547393203637256],[129.3089830090928,35.547393203637256]]]}},{"type":"Feature","properties":{"jobs":13309,"pop":5434,"pointCount":8,"homeWorkCommuteMedian":3948,"workHomeCommuteMedian":3171},"geometry":{"type":"Polygon","coordinates":[[[129.3089830090928,35.5563864072745],[129.3089830090928,35.56537961091175],[129.31797621273003,35.56537961091175],[129.31797621273003,35.5563864072745],[129.3089830090928,35.5563864072745]]]}},{"type":"Feature","properties":{"jobs":30409,"pop":5865,"pointCount":8,"homeWorkCommuteMedian":5090,"workHomeCommuteMedian":4472},"geometry":{"type":"Polygon","coordinates":[[[129.3089830090928,35.56537961091175],[129.3089830090928,35.574372814548994],[129.31797621273003,35.574372814548994],[129.31797621273003,35.56537961091175],[129.3089830090928,35.56537961091175]]]}},{"type":"Feature","properties":{"jobs":23344,"pop":20500,"pointCount":9,"homeWorkCommuteMedian":5793,"workHomeCommuteMedian":6267},"geometry":{"type":"Polygon","coordinates":[[[129.3089830090928,35.574372814548994],[129.3089830090928,35.58336601818624],[129.31797621273003,35.58336601818624],[129.31797621273003,35.574372814548994],[129.3089830090928,35.574372814548994]]]}},{"type":"Feature","properties":{"jobs":20,"pop":18610,"pointCount":1,"homeWorkCommuteMedian":6403,"workHomeCommuteMedian":-1},"geometry":{"type":"Polygon","coordinates":[[[129.3089830090928,35.619338832735224],[129.3089830090928,35.62833203637247],[129.31797621273003,35.62833203637247],[129.31797621273003,35.619338832735224],[129.3089830090928,35.619338832735224]]]}},{"type":"Feature","properties":{"jobs":3122,"pop":257,"pointCount":2,"homeWorkCommuteMedian":11158,"workHomeCommuteMedian":9938},"geometry":{"type":"Polygon","coordinates":[[[129.3089830090928,35.6732980545587],[129.3089830090928,35.682291258195946],[129.31797621273003,35.682291258195946],[129.31797621273003,35.6732980545587],[129.3089830090928,35.6732980545587]]]}},{"type":"Feature","properties":{"jobs":580,"pop":0,"pointCount":1,"homeWorkCommuteMedian":-1,"workHomeCommuteMedian":10133},"geometry":{"type":"Polygon","coordinates":[[[129.3089830090928,35.682291258195946],[129.3089830090928,35.69128446183319],[129.31797621273003,35.69128446183319],[129.31797621273003,35.682291258195946],[129.3089830090928,35.682291258195946]]]}},{"type":"Feature","properties":{"jobs":938,"pop":0,"pointCount":1,"homeWorkCommuteMedian":-1,"workHomeCommuteMedian":11908},"geometry":{"type":"Polygon","coordinates":[[[129.3089830090928,35.69128446183319],[129.3089830090928,35.70027766547044],[129.31797621273003,35.70027766547044],[129.31797621273003,35.69128446183319],[129.3089830090928,35.69128446183319]]]}},{"type":"Feature","properties":{"jobs":9113,"pop":54257,"pointCount":2,"homeWorkCommuteMedian":2912,"workHomeCommuteMedian":980},"geometry":{"type":"Polygon","coordinates":[[[129.31797621273003,35.42148835271581],[129.31797621273003,35.43048155635306],[129.32696941636726,35.43048155635306],[129.32696941636726,35.42148835271581],[129.31797621273003,35.42148835271581]]]}},{"type":"Feature","properties":{"jobs":17712,"pop":10686,"pointCount":1,"homeWorkCommuteMedian":11793,"workHomeCommuteMedian":12071},"geometry":{"type":"Polygon","coordinates":[[[129.31797621273003,35.457461167264796],[129.31797621273003,35.46645437090204],[129.32696941636726,35.46645437090204],[129.32696941636726,35.457461167264796],[129.31797621273003,35.457461167264796]]]}},{"type":"Feature","properties":{"jobs":13284,"pop":5835,"pointCount":2,"homeWorkCommuteMedian":10181,"workHomeCommuteMedian":10209},"geometry":{"type":"Polygon","coordinates":[[[129.31797621273003,35.46645437090204],[129.31797621273003,35.47544757453929],[129.32696941636726,35.47544757453929],[129.32696941636726,35.46645437090204],[129.31797621273003,35.46645437090204]]]}},{"type":"Feature","properties":{"jobs":4872,"pop":0,"pointCount":1,"homeWorkCommuteMedian":-1,"workHomeCommuteMedian":7194},"geometry":{"type":"Polygon","coordinates":[[[129.31797621273003,35.47544757453929],[129.31797621273003,35.484440778176534],[129.32696941636726,35.484440778176534],[129.32696941636726,35.47544757453929],[129.31797621273003,35.47544757453929]]]}},{"type":"Feature","properties":{"jobs":16756,"pop":1669,"pointCount":3,"homeWorkCommuteMedian":4691,"workHomeCommuteMedian":4766},"geometry":{"type":"Polygon","coordinates":[[[129.31797621273003,35.51142038908827],[129.31797621273003,35.52041359272552],[129.32696941636726,35.52041359272552],[129.32696941636726,35.51142038908827],[129.31797621273003,35.51142038908827]]]}},{"type":"Feature","properties":{"jobs":33092,"pop":33803,"pointCount":11,"homeWorkCommuteMedian":6152,"workHomeCommuteMedian":4921},"geometry":{"type":"Polygon","coordinates":[[[129.31797621273003,35.52041359272552],[129.31797621273003,35.529406796362764],[129.32696941636726,35.529406796362764],[129.32696941636726,35.52041359272552],[129.31797621273003,35.52041359272552]]]}},{"type":"Feature","properties":{"jobs":63254,"pop":60780,"pointCount":13,"homeWorkCommuteMedian":5637,"workHomeCommuteMedian":5637},"geometry":{"type":"Polygon","coordinates":[[[129.31797621273003,35.529406796362764],[129.31797621273003,35.53840000000001],[129.32696941636726,35.53840000000001],[129.32696941636726,35.529406796362764],[129.31797621273003,35.529406796362764]]]}},{"type":"Feature","properties":{"jobs":12977,"pop":5985,"pointCount":8,"homeWorkCommuteMedian":4422,"workHomeCommuteMedian":3127},"geometry":{"type":"Polygon","coordinates":[[[129.31797621273003,35.53840000000001],[129.31797621273003,35.547393203637256],[129.32696941636726,35.547393203637256],[129.32696941636726,35.53840000000001],[129.31797621273003,35.53840000000001]]]}},{"type":"Feature","properties":{"jobs":46900,"pop":194982,"pointCount":10,"homeWorkCommuteMedian":3671,"workHomeCommuteMedian":3849},"geometry":{"type":"Polygon","coordinates":[[[129.31797621273003,35.547393203637256],[129.31797621273003,35.5563864072745],[129.32696941636726,35.5563864072745],[129.32696941636726,35.547393203637256],[129.31797621273003,35.547393203637256]]]}},{"type":"Feature","properties":{"jobs":47919,"pop":20697,"pointCount":10,"homeWorkCommuteMedian":4077,"workHomeCommuteMedian":3496},"geometry":{"type":"Polygon","coordinates":[[[129.31797621273003,35.5563864072745],[129.31797621273003,35.56537961091175],[129.32696941636726,35.56537961091175],[129.32696941636726,35.5563864072745],[129.31797621273003,35.5563864072745]]]}},{"type":"Feature","properties":{"jobs":28240,"pop":5742,"pointCount":6,"homeWorkCommuteMedian":5409,"workHomeCommuteMedian":3880},"geometry":{"type":"Polygon","coordinates":[[[129.31797621273003,35.56537961091175],[129.31797621273003,35.574372814548994],[129.32696941636726,35.574372814548994],[129.32696941636726,35.56537961091175],[129.31797621273003,35.56537961091175]]]}},{"type":"Feature","properties":{"jobs":20249,"pop":17518,"pointCount":12,"homeWorkCommuteMedian":6332,"workHomeCommuteMedian":5461},"geometry":{"type":"Polygon","coordinates":[[[129.31797621273003,35.574372814548994],[129.31797621273003,35.58336601818624],[129.32696941636726,35.58336601818624],[129.32696941636726,35.574372814548994],[129.31797621273003,35.574372814548994]]]}},{"type":"Feature","properties":{"jobs":24273,"pop":9644,"pointCount":4,"homeWorkCommuteMedian":11188,"workHomeCommuteMedian":10656},"geometry":{"type":"Polygon","coordinates":[[[129.31797621273003,35.62833203637247],[129.31797621273003,35.637325240009716],[129.32696941636726,35.637325240009716],[129.32696941636726,35.62833203637247],[129.31797621273003,35.62833203637247]]]}},{"type":"Feature","properties":{"jobs":2228,"pop":0,"pointCount":1,"homeWorkCommuteMedian":-1,"workHomeCommuteMedian":5683},"geometry":{"type":"Polygon","coordinates":[[[129.31797621273003,35.637325240009716],[129.31797621273003,35.64631844364696],[129.32696941636726,35.64631844364696],[129.32696941636726,35.637325240009716],[129.31797621273003,35.637325240009716]]]}},{"type":"Feature","properties":{"jobs":8805,"pop":815,"pointCount":1,"homeWorkCommuteMedian":10465,"workHomeCommuteMedian":10511},"geometry":{"type":"Polygon","coordinates":[[[129.31797621273003,35.69128446183319],[129.31797621273003,35.70027766547044],[129.32696941636726,35.70027766547044],[129.32696941636726,35.69128446183319],[129.31797621273003,35.69128446183319]]]}},{"type":"Feature","properties":{"jobs":18548,"pop":2317,"pointCount":2,"homeWorkCommuteMedian":11202,"workHomeCommuteMedian":11463},"geometry":{"type":"Polygon","coordinates":[[[129.31797621273003,35.70027766547044],[129.31797621273003,35.709270869107684],[129.32696941636726,35.709270869107684],[129.32696941636726,35.70027766547044],[129.31797621273003,35.70027766547044]]]}},{"type":"Feature","properties":{"jobs":1556,"pop":158,"pointCount":1,"homeWorkCommuteMedian":6967,"workHomeCommuteMedian":6967},"geometry":{"type":"Polygon","coordinates":[[[129.32696941636726,35.37652233452958],[129.32696941636726,35.38551553816683],[129.3359626200045,35.38551553816683],[129.3359626200045,35.37652233452958],[129.32696941636726,35.37652233452958]]]}},{"type":"Feature","properties":{"jobs":253,"pop":0,"pointCount":1,"homeWorkCommuteMedian":-1,"workHomeCommuteMedian":3063},"geometry":{"type":"Polygon","coordinates":[[[129.32696941636726,35.439474759990304],[129.32696941636726,35.44846796362755],[129.3359626200045,35.44846796362755],[129.3359626200045,35.439474759990304],[129.32696941636726,35.439474759990304]]]}},{"type":"Feature","properties":{"jobs":12500,"pop":0,"pointCount":1,"homeWorkCommuteMedian":-1,"workHomeCommuteMedian":6608},"geometry":{"type":"Polygon","coordinates":[[[129.32696941636726,35.47544757453929],[129.32696941636726,35.484440778176534],[129.3359626200045,35.484440778176534],[129.3359626200045,35.47544757453929],[129.32696941636726,35.47544757453929]]]}},{"type":"Feature","properties":{"jobs":1007,"pop":112,"pointCount":1,"homeWorkCommuteMedian":11949,"workHomeCommuteMedian":7972},"geometry":{"type":"Polygon","coordinates":[[[129.32696941636726,35.502427185451026],[129.32696941636726,35.51142038908827],[129.3359626200045,35.51142038908827],[129.3359626200045,35.502427185451026],[129.32696941636726,35.502427185451026]]]}},{"type":"Feature","properties":{"jobs":9030,"pop":5002,"pointCount":2,"homeWorkCommuteMedian":4590,"workHomeCommuteMedian":4691},"geometry":{"type":"Polygon","coordinates":[[[129.32696941636726,35.51142038908827],[129.32696941636726,35.52041359272552],[129.3359626200045,35.52041359272552],[129.3359626200045,35.51142038908827],[129.32696941636726,35.51142038908827]]]}},{"type":"Feature","properties":{"jobs":20931,"pop":31122,"pointCount":5,"homeWorkCommuteMedian":5310,"workHomeCommuteMedian":4543},"geometry":{"type":"Polygon","coordinates":[[[129.32696941636726,35.52041359272552],[129.32696941636726,35.529406796362764],[129.3359626200045,35.529406796362764],[129.3359626200045,35.52041359272552],[129.32696941636726,35.52041359272552]]]}},{"type":"Feature","properties":{"jobs":33922,"pop":14517,"pointCount":10,"homeWorkCommuteMedian":5797,"workHomeCommuteMedian":5180},"geometry":{"type":"Polygon","coordinates":[[[129.32696941636726,35.529406796362764],[129.32696941636726,35.53840000000001],[129.3359626200045,35.53840000000001],[129.3359626200045,35.529406796362764],[129.32696941636726,35.529406796362764]]]}},{"type":"Feature","properties":{"jobs":99533,"pop":34671,"pointCount":15,"homeWorkCommuteMedian":7236,"workHomeCommuteMedian":6900},"geometry":{"type":"Polygon","coordinates":[[[129.32696941636726,35.53840000000001],[129.32696941636726,35.547393203637256],[129.3359626200045,35.547393203637256],[129.3359626200045,35.53840000000001],[129.32696941636726,35.53840000000001]]]}},{"type":"Feature","properties":{"jobs":12142,"pop":16015,"pointCount":7,"homeWorkCommuteMedian":3701,"workHomeCommuteMedian":3765},"geometry":{"type":"Polygon","coordinates":[[[129.32696941636726,35.547393203637256],[129.32696941636726,35.5563864072745],[129.3359626200045,35.5563864072745],[129.3359626200045,35.547393203637256],[129.32696941636726,35.547393203637256]]]}},{"type":"Feature","properties":{"jobs":56359,"pop":36501,"pointCount":15,"homeWorkCommuteMedian":4126,"workHomeCommuteMedian":3656},"geometry":{"type":"Polygon","coordinates":[[[129.32696941636726,35.5563864072745],[129.32696941636726,35.56537961091175],[129.3359626200045,35.56537961091175],[129.3359626200045,35.5563864072745],[129.32696941636726,35.5563864072745]]]}},{"type":"Feature","properties":{"jobs":17355,"pop":9198,"pointCount":13,"homeWorkCommuteMedian":4480,"workHomeCommuteMedian":3955},"geometry":{"type":"Polygon","coordinates":[[[129.32696941636726,35.56537961091175],[129.32696941636726,35.574372814548994],[129.3359626200045,35.574372814548994],[129.3359626200045,35.56537961091175],[129.32696941636726,35.56537961091175]]]}},{"type":"Feature","properties":{"jobs":19187,"pop":11854,"pointCount":3,"homeWorkCommuteMedian":5793,"workHomeCommuteMedian":4765},"geometry":{"type":"Polygon","coordinates":[[[129.32696941636726,35.574372814548994],[129.32696941636726,35.58336601818624],[129.3359626200045,35.58336601818624],[129.3359626200045,35.574372814548994],[129.32696941636726,35.574372814548994]]]}},{"type":"Feature","properties":{"jobs":10315,"pop":3749,"pointCount":3,"homeWorkCommuteMedian":11385,"workHomeCommuteMedian":10812},"geometry":{"type":"Polygon","coordinates":[[[129.32696941636726,35.619338832735224],[129.32696941636726,35.62833203637247],[129.3359626200045,35.62833203637247],[129.3359626200045,35.619338832735224],[129.32696941636726,35.619338832735224]]]}},{"type":"Feature","properties":{"jobs":21705,"pop":8272,"pointCount":8,"homeWorkCommuteMedian":11614,"workHomeCommuteMedian":10567},"geometry":{"type":"Polygon","coordinates":[[[129.32696941636726,35.62833203637247],[129.32696941636726,35.637325240009716],[129.3359626200045,35.637325240009716],[129.3359626200045,35.62833203637247],[129.32696941636726,35.62833203637247]]]}},{"type":"Feature","properties":{"jobs":71,"pop":0,"pointCount":1,"homeWorkCommuteMedian":-1,"workHomeCommuteMedian":2872},"geometry":{"type":"Polygon","coordinates":[[[129.32696941636726,35.637325240009716],[129.32696941636726,35.64631844364696],[129.3359626200045,35.64631844364696],[129.3359626200045,35.637325240009716],[129.32696941636726,35.637325240009716]]]}},{"type":"Feature","properties":{"jobs":1913,"pop":404,"pointCount":1,"homeWorkCommuteMedian":6103,"workHomeCommuteMedian":5572},"geometry":{"type":"Polygon","coordinates":[[[129.32696941636726,35.65531164728421],[129.32696941636726,35.664304850921454],[129.3359626200045,35.664304850921454],[129.3359626200045,35.65531164728421],[129.32696941636726,35.65531164728421]]]}},{"type":"Feature","properties":{"jobs":11418,"pop":4864,"pointCount":3,"homeWorkCommuteMedian":13563,"workHomeCommuteMedian":8449},"geometry":{"type":"Polygon","coordinates":[[[129.32696941636726,35.664304850921454],[129.32696941636726,35.6732980545587],[129.3359626200045,35.6732980545587],[129.3359626200045,35.664304850921454],[129.32696941636726,35.664304850921454]]]}},{"type":"Feature","properties":{"jobs":3646,"pop":0,"pointCount":3,"homeWorkCommuteMedian":-1,"workHomeCommuteMedian":3668},"geometry":{"type":"Polygon","coordinates":[[[129.32696941636726,35.6732980545587],[129.32696941636726,35.682291258195946],[129.3359626200045,35.682291258195946],[129.3359626200045,35.6732980545587],[129.32696941636726,35.6732980545587]]]}},{"type":"Feature","properties":{"jobs":6177,"pop":552,"pointCount":1,"homeWorkCommuteMedian":10747,"workHomeCommuteMedian":11188},"geometry":{"type":"Polygon","coordinates":[[[129.32696941636726,35.70027766547044],[129.32696941636726,35.709270869107684],[129.3359626200045,35.709270869107684],[129.3359626200045,35.70027766547044],[129.32696941636726,35.70027766547044]]]}},{"type":"Feature","properties":{"jobs":15247,"pop":3664,"pointCount":4,"homeWorkCommuteMedian":9583,"workHomeCommuteMedian":8845},"geometry":{"type":"Polygon","coordinates":[[[129.3359626200045,35.37652233452958],[129.3359626200045,35.38551553816683],[129.34495582364173,35.38551553816683],[129.34495582364173,35.37652233452958],[129.3359626200045,35.37652233452958]]]}},{"type":"Feature","properties":{"jobs":3563,"pop":698,"pointCount":3,"homeWorkCommuteMedian":6877,"workHomeCommuteMedian":6340},"geometry":{"type":"Polygon","coordinates":[[[129.3359626200045,35.38551553816683],[129.3359626200045,35.394508741804074],[129.34495582364173,35.394508741804074],[129.34495582364173,35.38551553816683],[129.3359626200045,35.38551553816683]]]}},{"type":"Feature","properties":{"jobs":12500,"pop":0,"pointCount":1,"homeWorkCommuteMedian":-1,"workHomeCommuteMedian":2330},"geometry":{"type":"Polygon","coordinates":[[[129.3359626200045,35.43048155635306],[129.3359626200045,35.439474759990304],[129.34495582364173,35.439474759990304],[129.34495582364173,35.43048155635306],[129.3359626200045,35.43048155635306]]]}},{"type":"Feature","properties":{"jobs":646,"pop":20,"pointCount":2,"homeWorkCommuteMedian":8918,"workHomeCommuteMedian":2319},"geometry":{"type":"Polygon","coordinates":[[[129.3359626200045,35.51142038908827],[129.3359626200045,35.52041359272552],[129.34495582364173,35.52041359272552],[129.34495582364173,35.51142038908827],[129.3359626200045,35.51142038908827]]]}},{"type":"Feature","properties":{"jobs":2054,"pop":21,"pointCount":3,"homeWorkCommuteMedian":9740,"workHomeCommuteMedian":11101},"geometry":{"type":"Polygon","coordinates":[[[129.3359626200045,35.52041359272552],[129.3359626200045,35.529406796362764],[129.34495582364173,35.529406796362764],[129.34495582364173,35.52041359272552],[129.3359626200045,35.52041359272552]]]}},{"type":"Feature","properties":{"jobs":60045,"pop":16302,"pointCount":11,"homeWorkCommuteMedian":7056,"workHomeCommuteMedian":7300},"geometry":{"type":"Polygon","coordinates":[[[129.3359626200045,35.529406796362764],[129.3359626200045,35.53840000000001],[129.34495582364173,35.53840000000001],[129.34495582364173,35.529406796362764],[129.3359626200045,35.529406796362764]]]}},{"type":"Feature","properties":{"jobs":120235,"pop":75614,"pointCount":12,"homeWorkCommuteMedian":6391,"workHomeCommuteMedian":6993},"geometry":{"type":"Polygon","coordinates":[[[129.3359626200045,35.53840000000001],[129.3359626200045,35.547393203637256],[129.34495582364173,35.547393203637256],[129.34495582364173,35.53840000000001],[129.3359626200045,35.53840000000001]]]}},{"type":"Feature","properties":{"jobs":37129,"pop":14174,"pointCount":6,"homeWorkCommuteMedian":3765,"workHomeCommuteMedian":4477},"geometry":{"type":"Polygon","coordinates":[[[129.3359626200045,35.547393203637256],[129.3359626200045,35.5563864072745],[129.34495582364173,35.5563864072745],[129.34495582364173,35.547393203637256],[129.3359626200045,35.547393203637256]]]}},{"type":"Feature","properties":{"jobs":29077,"pop":13999,"pointCount":9,"homeWorkCommuteMedian":4738,"workHomeCommuteMedian":4771},"geometry":{"type":"Polygon","coordinates":[[[129.3359626200045,35.5563864072745],[129.3359626200045,35.56537961091175],[129.34495582364173,35.56537961091175],[129.34495582364173,35.5563864072745],[129.3359626200045,35.5563864072745]]]}},{"type":"Feature","properties":{"jobs":33612,"pop":13013,"pointCount":11,"homeWorkCommuteMedian":4477,"workHomeCommuteMedian":4455},"geometry":{"type":"Polygon","coordinates":[[[129.3359626200045,35.56537961091175],[129.3359626200045,35.574372814548994],[129.34495582364173,35.574372814548994],[129.34495582364173,35.56537961091175],[129.3359626200045,35.56537961091175]]]}},{"type":"Feature","properties":{"jobs":33094,"pop":14385,"pointCount":12,"homeWorkCommuteMedian":5500,"workHomeCommuteMedian":5538},"geometry":{"type":"Polygon","coordinates":[[[129.3359626200045,35.574372814548994],[129.3359626200045,35.58336601818624],[129.34495582364173,35.58336601818624],[129.34495582364173,35.574372814548994],[129.3359626200045,35.574372814548994]]]}},{"type":"Feature","properties":{"jobs":17989,"pop":12196,"pointCount":7,"homeWorkCommuteMedian":5215,"workHomeCommuteMedian":5386},"geometry":{"type":"Polygon","coordinates":[[[129.3359626200045,35.58336601818624],[129.3359626200045,35.592359221823486],[129.34495582364173,35.592359221823486],[129.34495582364173,35.58336601818624],[129.3359626200045,35.58336601818624]]]}},{"type":"Feature","properties":{"jobs":8079,"pop":2262,"pointCount":3,"homeWorkCommuteMedian":11242,"workHomeCommuteMedian":7531},"geometry":{"type":"Polygon","coordinates":[[[129.3359626200045,35.619338832735224],[129.3359626200045,35.62833203637247],[129.34495582364173,35.62833203637247],[129.34495582364173,35.619338832735224],[129.3359626200045,35.619338832735224]]]}},{"type":"Feature","properties":{"jobs":6588,"pop":2855,"pointCount":5,"homeWorkCommuteMedian":9270,"workHomeCommuteMedian":6015},"geometry":{"type":"Polygon","coordinates":[[[129.3359626200045,35.62833203637247],[129.3359626200045,35.637325240009716],[129.34495582364173,35.637325240009716],[129.34495582364173,35.62833203637247],[129.3359626200045,35.62833203637247]]]}},{"type":"Feature","properties":{"jobs":8822,"pop":2797,"pointCount":3,"homeWorkCommuteMedian":8297,"workHomeCommuteMedian":3127},"geometry":{"type":"Polygon","coordinates":[[[129.3359626200045,35.637325240009716],[129.3359626200045,35.64631844364696],[129.34495582364173,35.64631844364696],[129.34495582364173,35.637325240009716],[129.3359626200045,35.637325240009716]]]}},{"type":"Feature","properties":{"jobs":3022,"pop":538,"pointCount":2,"homeWorkCommuteMedian":4878,"workHomeCommuteMedian":4534},"geometry":{"type":"Polygon","coordinates":[[[129.3359626200045,35.64631844364696],[129.3359626200045,35.65531164728421],[129.34495582364173,35.65531164728421],[129.34495582364173,35.64631844364696],[129.3359626200045,35.64631844364696]]]}},{"type":"Feature","properties":{"jobs":5251,"pop":2026,"pointCount":6,"homeWorkCommuteMedian":7451,"workHomeCommuteMedian":5255},"geometry":{"type":"Polygon","coordinates":[[[129.3359626200045,35.65531164728421],[129.3359626200045,35.664304850921454],[129.34495582364173,35.664304850921454],[129.34495582364173,35.65531164728421],[129.3359626200045,35.65531164728421]]]}},{"type":"Feature","properties":{"jobs":124,"pop":0,"pointCount":1,"homeWorkCommuteMedian":-1,"workHomeCommuteMedian":2450},"geometry":{"type":"Polygon","coordinates":[[[129.3359626200045,35.664304850921454],[129.3359626200045,35.6732980545587],[129.34495582364173,35.6732980545587],[129.34495582364173,35.664304850921454],[129.3359626200045,35.664304850921454]]]}},{"type":"Feature","properties":{"jobs":348,"pop":0,"pointCount":1,"homeWorkCommuteMedian":-1,"workHomeCommuteMedian":5927},"geometry":{"type":"Polygon","coordinates":[[[129.34495582364173,35.38551553816683],[129.34495582364173,35.394508741804074],[129.35394902727896,35.394508741804074],[129.35394902727896,35.38551553816683],[129.34495582364173,35.38551553816683]]]}},{"type":"Feature","properties":{"jobs":7134,"pop":0,"pointCount":2,"homeWorkCommuteMedian":-1,"workHomeCommuteMedian":8536},"geometry":{"type":"Polygon","coordinates":[[[129.34495582364173,35.46645437090204],[129.34495582364173,35.47544757453929],[129.35394902727896,35.47544757453929],[129.35394902727896,35.46645437090204],[129.34495582364173,35.46645437090204]]]}},{"type":"Feature","properties":{"jobs":5953,"pop":0,"pointCount":1,"homeWorkCommuteMedian":-1,"workHomeCommuteMedian":3644},"geometry":{"type":"Polygon","coordinates":[[[129.34495582364173,35.47544757453929],[129.34495582364173,35.484440778176534],[129.35394902727896,35.484440778176534],[129.35394902727896,35.47544757453929],[129.34495582364173,35.47544757453929]]]}},{"type":"Feature","properties":{"jobs":1480,"pop":0,"pointCount":1,"homeWorkCommuteMedian":-1,"workHomeCommuteMedian":6248},"geometry":{"type":"Polygon","coordinates":[[[129.34495582364173,35.51142038908827],[129.34495582364173,35.52041359272552],[129.35394902727896,35.52041359272552],[129.35394902727896,35.51142038908827],[129.34495582364173,35.51142038908827]]]}},{"type":"Feature","properties":{"jobs":2990,"pop":0,"pointCount":1,"homeWorkCommuteMedian":-1,"workHomeCommuteMedian":5375},"geometry":{"type":"Polygon","coordinates":[[[129.34495582364173,35.52041359272552],[129.34495582364173,35.529406796362764],[129.35394902727896,35.529406796362764],[129.35394902727896,35.52041359272552],[129.34495582364173,35.52041359272552]]]}},{"type":"Feature","properties":{"jobs":30460,"pop":7035,"pointCount":6,"homeWorkCommuteMedian":7240,"workHomeCommuteMedian":6872},"geometry":{"type":"Polygon","coordinates":[[[129.34495582364173,35.529406796362764],[129.34495582364173,35.53840000000001],[129.35394902727896,35.53840000000001],[129.35394902727896,35.529406796362764],[129.34495582364173,35.529406796362764]]]}},{"type":"Feature","properties":{"jobs":64471,"pop":24882,"pointCount":10,"homeWorkCommuteMedian":6887,"workHomeCommuteMedian":7506},"geometry":{"type":"Polygon","coordinates":[[[129.34495582364173,35.53840000000001],[129.34495582364173,35.547393203637256],[129.35394902727896,35.547393203637256],[129.35394902727896,35.53840000000001],[129.34495582364173,35.53840000000001]]]}},{"type":"Feature","properties":{"jobs":9551,"pop":9370,"pointCount":5,"homeWorkCommuteMedian":4691,"workHomeCommuteMedian":4919},"geometry":{"type":"Polygon","coordinates":[[[129.34495582364173,35.547393203637256],[129.34495582364173,35.5563864072745],[129.35394902727896,35.5563864072745],[129.35394902727896,35.547393203637256],[129.34495582364173,35.547393203637256]]]}},{"type":"Feature","properties":{"jobs":10502,"pop":3875,"pointCount":3,"homeWorkCommuteMedian":4895,"workHomeCommuteMedian":4944},"geometry":{"type":"Polygon","coordinates":[[[129.34495582364173,35.5563864072745],[129.34495582364173,35.56537961091175],[129.35394902727896,35.56537961091175],[129.35394902727896,35.5563864072745],[129.34495582364173,35.5563864072745]]]}},{"type":"Feature","properties":{"jobs":13954,"pop":12517,"pointCount":9,"homeWorkCommuteMedian":4380,"workHomeCommuteMedian":4422},"geometry":{"type":"Polygon","coordinates":[[[129.34495582364173,35.56537961091175],[129.34495582364173,35.574372814548994],[129.35394902727896,35.574372814548994],[129.35394902727896,35.56537961091175],[129.34495582364173,35.56537961091175]]]}},{"type":"Feature","properties":{"jobs":2238,"pop":174,"pointCount":4,"homeWorkCommuteMedian":4142,"workHomeCommuteMedian":4523},"geometry":{"type":"Polygon","coordinates":[[[129.34495582364173,35.574372814548994],[129.34495582364173,35.58336601818624],[129.35394902727896,35.58336601818624],[129.35394902727896,35.574372814548994],[129.34495582364173,35.574372814548994]]]}},{"type":"Feature","properties":{"jobs":1403,"pop":0,"pointCount":1,"homeWorkCommuteMedian":-1,"workHomeCommuteMedian":9369},"geometry":{"type":"Polygon","coordinates":[[[129.34495582364173,35.592359221823486],[129.34495582364173,35.60135242546073],[129.35394902727896,35.60135242546073],[129.35394902727896,35.592359221823486],[129.34495582364173,35.592359221823486]]]}},{"type":"Feature","properties":{"jobs":14935,"pop":8753,"pointCount":4,"homeWorkCommuteMedian":7818,"workHomeCommuteMedian":5766},"geometry":{"type":"Polygon","coordinates":[[[129.34495582364173,35.619338832735224],[129.34495582364173,35.62833203637247],[129.35394902727896,35.62833203637247],[129.35394902727896,35.619338832735224],[129.34495582364173,35.619338832735224]]]}},{"type":"Feature","properties":{"jobs":22532,"pop":14527,"pointCount":7,"homeWorkCommuteMedian":9869,"workHomeCommuteMedian":7531},"geometry":{"type":"Polygon","coordinates":[[[129.34495582364173,35.62833203637247],[129.34495582364173,35.637325240009716],[129.35394902727896,35.637325240009716],[129.35394902727896,35.62833203637247],[129.34495582364173,35.62833203637247]]]}},{"type":"Feature","properties":{"jobs":46267,"pop":13338,"pointCount":12,"homeWorkCommuteMedian":11575,"workHomeCommuteMedian":4315},"geometry":{"type":"Polygon","coordinates":[[[129.34495582364173,35.637325240009716],[129.34495582364173,35.64631844364696],[129.35394902727896,35.64631844364696],[129.35394902727896,35.637325240009716],[129.34495582364173,35.637325240009716]]]}},{"type":"Feature","properties":{"jobs":22173,"pop":6788,"pointCount":12,"homeWorkCommuteMedian":9293,"workHomeCommuteMedian":4477},"geometry":{"type":"Polygon","coordinates":[[[129.34495582364173,35.64631844364696],[129.34495582364173,35.65531164728421],[129.35394902727896,35.65531164728421],[129.35394902727896,35.64631844364696],[129.34495582364173,35.64631844364696]]]}},{"type":"Feature","properties":{"jobs":29,"pop":24680,"pointCount":1,"homeWorkCommuteMedian":2616,"workHomeCommuteMedian":-1},"geometry":{"type":"Polygon","coordinates":[[[129.34495582364173,35.65531164728421],[129.34495582364173,35.664304850921454],[129.35394902727896,35.664304850921454],[129.35394902727896,35.65531164728421],[129.34495582364173,35.65531164728421]]]}},{"type":"Feature","properties":{"jobs":5313,"pop":1961,"pointCount":1,"homeWorkCommuteMedian":12450,"workHomeCommuteMedian":12445},"geometry":{"type":"Polygon","coordinates":[[[129.35394902727896,35.457461167264796],[129.35394902727896,35.46645437090204],[129.3629422309162,35.46645437090204],[129.3629422309162,35.457461167264796],[129.35394902727896,35.457461167264796]]]}},{"type":"Feature","properties":{"jobs":1393,"pop":0,"pointCount":1,"homeWorkCommuteMedian":-1,"workHomeCommuteMedian":14844},"geometry":{"type":"Polygon","coordinates":[[[129.35394902727896,35.47544757453929],[129.35394902727896,35.484440778176534],[129.3629422309162,35.484440778176534],[129.3629422309162,35.47544757453929],[129.35394902727896,35.47544757453929]]]}},{"type":"Feature","properties":{"jobs":3856,"pop":422,"pointCount":3,"homeWorkCommuteMedian":4941,"workHomeCommuteMedian":5637},"geometry":{"type":"Polygon","coordinates":[[[129.35394902727896,35.547393203637256],[129.35394902727896,35.5563864072745],[129.3629422309162,35.5563864072745],[129.3629422309162,35.547393203637256],[129.35394902727896,35.547393203637256]]]}},{"type":"Feature","properties":{"jobs":17659,"pop":252,"pointCount":4,"homeWorkCommuteMedian":3308,"workHomeCommuteMedian":6304},"geometry":{"type":"Polygon","coordinates":[[[129.35394902727896,35.5563864072745],[129.35394902727896,35.56537961091175],[129.3629422309162,35.56537961091175],[129.3629422309162,35.5563864072745],[129.35394902727896,35.5563864072745]]]}},{"type":"Feature","properties":{"jobs":9302,"pop":0,"pointCount":3,"homeWorkCommuteMedian":-1,"workHomeCommuteMedian":7002},"geometry":{"type":"Polygon","coordinates":[[[129.35394902727896,35.56537961091175],[129.35394902727896,35.574372814548994],[129.3629422309162,35.574372814548994],[129.3629422309162,35.56537961091175],[129.35394902727896,35.56537961091175]]]}},{"type":"Feature","properties":{"jobs":96925,"pop":38707,"pointCount":9,"homeWorkCommuteMedian":8871,"workHomeCommuteMedian":8453},"geometry":{"type":"Polygon","coordinates":[[[129.35394902727896,35.574372814548994],[129.35394902727896,35.58336601818624],[129.3629422309162,35.58336601818624],[129.3629422309162,35.574372814548994],[129.35394902727896,35.574372814548994]]]}},{"type":"Feature","properties":{"jobs":18470,"pop":5123,"pointCount":9,"homeWorkCommuteMedian":6887,"workHomeCommuteMedian":6036},"geometry":{"type":"Polygon","coordinates":[[[129.35394902727896,35.58336601818624],[129.35394902727896,35.592359221823486],[129.3629422309162,35.592359221823486],[129.3629422309162,35.58336601818624],[129.35394902727896,35.58336601818624]]]}},{"type":"Feature","properties":{"jobs":23658,"pop":3037,"pointCount":8,"homeWorkCommuteMedian":5974,"workHomeCommuteMedian":5307},"geometry":{"type":"Polygon","coordinates":[[[129.35394902727896,35.592359221823486],[129.35394902727896,35.60135242546073],[129.3629422309162,35.60135242546073],[129.3629422309162,35.592359221823486],[129.35394902727896,35.592359221823486]]]}},{"type":"Feature","properties":{"jobs":1179,"pop":233,"pointCount":1,"homeWorkCommuteMedian":4634,"workHomeCommuteMedian":4442},"geometry":{"type":"Polygon","coordinates":[[[129.35394902727896,35.60135242546073],[129.35394902727896,35.61034562909798],[129.3629422309162,35.61034562909798],[129.3629422309162,35.60135242546073],[129.35394902727896,35.60135242546073]]]}},{"type":"Feature","properties":{"jobs":862,"pop":128,"pointCount":1,"homeWorkCommuteMedian":9511,"workHomeCommuteMedian":4895},"geometry":{"type":"Polygon","coordinates":[[[129.35394902727896,35.61034562909798],[129.35394902727896,35.619338832735224],[129.3629422309162,35.619338832735224],[129.3629422309162,35.61034562909798],[129.35394902727896,35.61034562909798]]]}},{"type":"Feature","properties":{"jobs":14830,"pop":7561,"pointCount":5,"homeWorkCommuteMedian":10167,"workHomeCommuteMedian":5090},"geometry":{"type":"Polygon","coordinates":[[[129.35394902727896,35.619338832735224],[129.35394902727896,35.62833203637247],[129.3629422309162,35.62833203637247],[129.3629422309162,35.619338832735224],[129.35394902727896,35.619338832735224]]]}},{"type":"Feature","properties":{"jobs":34923,"pop":22479,"pointCount":14,"homeWorkCommuteMedian":10743,"workHomeCommuteMedian":8130},"geometry":{"type":"Polygon","coordinates":[[[129.35394902727896,35.62833203637247],[129.35394902727896,35.637325240009716],[129.3629422309162,35.637325240009716],[129.3629422309162,35.62833203637247],[129.35394902727896,35.62833203637247]]]}},{"type":"Feature","properties":{"jobs":28050,"pop":15740,"pointCount":5,"homeWorkCommuteMedian":10460,"workHomeCommuteMedian":8796},"geometry":{"type":"Polygon","coordinates":[[[129.35394902727896,35.637325240009716],[129.35394902727896,35.64631844364696],[129.3629422309162,35.64631844364696],[129.3629422309162,35.637325240009716],[129.35394902727896,35.637325240009716]]]}},{"type":"Feature","properties":{"jobs":1669,"pop":0,"pointCount":2,"homeWorkCommuteMedian":-1,"workHomeCommuteMedian":2998},"geometry":{"type":"Polygon","coordinates":[[[129.35394902727896,35.64631844364696],[129.35394902727896,35.65531164728421],[129.3629422309162,35.65531164728421],[129.3629422309162,35.64631844364696],[129.35394902727896,35.64631844364696]]]}},{"type":"Feature","properties":{"jobs":264,"pop":0,"pointCount":1,"homeWorkCommuteMedian":-1,"workHomeCommuteMedian":6903},"geometry":{"type":"Polygon","coordinates":[[[129.35394902727896,35.65531164728421],[129.35394902727896,35.664304850921454],[129.3629422309162,35.664304850921454],[129.3629422309162,35.65531164728421],[129.35394902727896,35.65531164728421]]]}},{"type":"Feature","properties":{"jobs":419,"pop":0,"pointCount":1,"homeWorkCommuteMedian":-1,"workHomeCommuteMedian":8530},"geometry":{"type":"Polygon","coordinates":[[[129.3629422309162,35.46645437090204],[129.3629422309162,35.47544757453929],[129.37193543455342,35.47544757453929],[129.37193543455342,35.46645437090204],[129.3629422309162,35.46645437090204]]]}},{"type":"Feature","properties":{"jobs":6594,"pop":34767,"pointCount":3,"homeWorkCommuteMedian":7686,"workHomeCommuteMedian":9740},"geometry":{"type":"Polygon","coordinates":[[[129.3629422309162,35.502427185451026],[129.3629422309162,35.51142038908827],[129.37193543455342,35.51142038908827],[129.37193543455342,35.502427185451026],[129.3629422309162,35.502427185451026]]]}},{"type":"Feature","properties":{"jobs":70146,"pop":34197,"pointCount":5,"homeWorkCommuteMedian":9078,"workHomeCommuteMedian":8851},"geometry":{"type":"Polygon","coordinates":[[[129.3629422309162,35.574372814548994],[129.3629422309162,35.58336601818624],[129.37193543455342,35.58336601818624],[129.37193543455342,35.574372814548994],[129.3629422309162,35.574372814548994]]]}},{"type":"Feature","properties":{"jobs":22858,"pop":4240,"pointCount":13,"homeWorkCommuteMedian":6254,"workHomeCommuteMedian":5453},"geometry":{"type":"Polygon","coordinates":[[[129.3629422309162,35.58336601818624],[129.3629422309162,35.592359221823486],[129.37193543455342,35.592359221823486],[129.37193543455342,35.58336601818624],[129.3629422309162,35.58336601818624]]]}},{"type":"Feature","properties":{"jobs":34794,"pop":60348,"pointCount":15,"homeWorkCommuteMedian":4700,"workHomeCommuteMedian":5090},"geometry":{"type":"Polygon","coordinates":[[[129.3629422309162,35.592359221823486],[129.3629422309162,35.60135242546073],[129.37193543455342,35.60135242546073],[129.37193543455342,35.592359221823486],[129.3629422309162,35.592359221823486]]]}},{"type":"Feature","properties":{"jobs":8684,"pop":2736,"pointCount":4,"homeWorkCommuteMedian":6672,"workHomeCommuteMedian":5608},"geometry":{"type":"Polygon","coordinates":[[[129.3629422309162,35.60135242546073],[129.3629422309162,35.61034562909798],[129.37193543455342,35.61034562909798],[129.37193543455342,35.60135242546073],[129.3629422309162,35.60135242546073]]]}},{"type":"Feature","properties":{"jobs":3497,"pop":23869,"pointCount":5,"homeWorkCommuteMedian":3658,"workHomeCommuteMedian":4311},"geometry":{"type":"Polygon","coordinates":[[[129.3629422309162,35.62833203637247],[129.3629422309162,35.637325240009716],[129.37193543455342,35.637325240009716],[129.37193543455342,35.62833203637247],[129.3629422309162,35.62833203637247]]]}},{"type":"Feature","properties":{"jobs":2888,"pop":0,"pointCount":2,"homeWorkCommuteMedian":-1,"workHomeCommuteMedian":3166},"geometry":{"type":"Polygon","coordinates":[[[129.3629422309162,35.637325240009716],[129.3629422309162,35.64631844364696],[129.37193543455342,35.64631844364696],[129.37193543455342,35.637325240009716],[129.3629422309162,35.637325240009716]]]}},{"type":"Feature","properties":{"jobs":2469,"pop":0,"pointCount":1,"homeWorkCommuteMedian":-1,"workHomeCommuteMedian":16798},"geometry":{"type":"Polygon","coordinates":[[[129.37193543455342,35.46645437090204],[129.37193543455342,35.47544757453929],[129.38092863819065,35.47544757453929],[129.38092863819065,35.46645437090204],[129.37193543455342,35.46645437090204]]]}},{"type":"Feature","properties":{"jobs":19474,"pop":10366,"pointCount":2,"homeWorkCommuteMedian":10945,"workHomeCommuteMedian":9882},"geometry":{"type":"Polygon","coordinates":[[[129.37193543455342,35.502427185451026],[129.37193543455342,35.51142038908827],[129.38092863819065,35.51142038908827],[129.38092863819065,35.502427185451026],[129.37193543455342,35.502427185451026]]]}},{"type":"Feature","properties":{"jobs":955,"pop":4825,"pointCount":1,"homeWorkCommuteMedian":6146,"workHomeCommuteMedian":11908},"geometry":{"type":"Polygon","coordinates":[[[129.37193543455342,35.51142038908827],[129.37193543455342,35.52041359272552],[129.38092863819065,35.52041359272552],[129.38092863819065,35.51142038908827],[129.37193543455342,35.51142038908827]]]}},{"type":"Feature","properties":{"jobs":11768,"pop":4370,"pointCount":1,"homeWorkCommuteMedian":8205,"workHomeCommuteMedian":10178},"geometry":{"type":"Polygon","coordinates":[[[129.37193543455342,35.53840000000001],[129.37193543455342,35.547393203637256],[129.38092863819065,35.547393203637256],[129.38092863819065,35.53840000000001],[129.37193543455342,35.53840000000001]]]}},{"type":"Feature","properties":{"jobs":25680,"pop":10047,"pointCount":2,"homeWorkCommuteMedian":8492,"workHomeCommuteMedian":9424},"geometry":{"type":"Polygon","coordinates":[[[129.37193543455342,35.547393203637256],[129.37193543455342,35.5563864072745],[129.38092863819065,35.5563864072745],[129.38092863819065,35.547393203637256],[129.37193543455342,35.547393203637256]]]}},{"type":"Feature","properties":{"jobs":91621,"pop":61166,"pointCount":10,"homeWorkCommuteMedian":8449,"workHomeCommuteMedian":9273},"geometry":{"type":"Polygon","coordinates":[[[129.37193543455342,35.5563864072745],[129.37193543455342,35.56537961091175],[129.38092863819065,35.56537961091175],[129.38092863819065,35.5563864072745],[129.37193543455342,35.5563864072745]]]}},{"type":"Feature","properties":{"jobs":12500,"pop":0,"pointCount":1,"homeWorkCommuteMedian":-1,"workHomeCommuteMedian":4700},"geometry":{"type":"Polygon","coordinates":[[[129.37193543455342,35.56537961091175],[129.37193543455342,35.574372814548994],[129.38092863819065,35.574372814548994],[129.38092863819065,35.56537961091175],[129.37193543455342,35.56537961091175]]]}},{"type":"Feature","properties":{"jobs":1760,"pop":0,"pointCount":1,"homeWorkCommuteMedian":-1,"workHomeCommuteMedian":2828},"geometry":{"type":"Polygon","coordinates":[[[129.37193543455342,35.574372814548994],[129.37193543455342,35.58336601818624],[129.38092863819065,35.58336601818624],[129.38092863819065,35.574372814548994],[129.37193543455342,35.574372814548994]]]}},{"type":"Feature","properties":{"jobs":1046,"pop":8694,"pointCount":1,"homeWorkCommuteMedian":12371,"workHomeCommuteMedian":13268},"geometry":{"type":"Polygon","coordinates":[[[129.38092863819065,35.49343398181378],[129.38092863819065,35.502427185451026],[129.38992184182788,35.502427185451026],[129.38992184182788,35.49343398181378],[129.38092863819065,35.49343398181378]]]}},{"type":"Feature","properties":{"jobs":1760,"pop":0,"pointCount":1,"homeWorkCommuteMedian":-1,"workHomeCommuteMedian":12252},"geometry":{"type":"Polygon","coordinates":[[[129.38092863819065,35.502427185451026],[129.38092863819065,35.51142038908827],[129.38992184182788,35.51142038908827],[129.38992184182788,35.502427185451026],[129.38092863819065,35.502427185451026]]]}},{"type":"Feature","properties":{"jobs":709,"pop":355,"pointCount":1,"homeWorkCommuteMedian":6197,"workHomeCommuteMedian":5994},"geometry":{"type":"Polygon","coordinates":[[[129.38092863819065,35.52041359272552],[129.38092863819065,35.529406796362764],[129.38992184182788,35.529406796362764],[129.38992184182788,35.52041359272552],[129.38092863819065,35.52041359272552]]]}},{"type":"Feature","properties":{"jobs":18556,"pop":8560,"pointCount":3,"homeWorkCommuteMedian":7818,"workHomeCommuteMedian":7818},"geometry":{"type":"Polygon","coordinates":[[[129.38092863819065,35.529406796362764],[129.38092863819065,35.53840000000001],[129.38992184182788,35.53840000000001],[129.38992184182788,35.529406796362764],[129.38092863819065,35.529406796362764]]]}},{"type":"Feature","properties":{"jobs":30455,"pop":16055,"pointCount":4,"homeWorkCommuteMedian":7777,"workHomeCommuteMedian":9423},"geometry":{"type":"Polygon","coordinates":[[[129.38092863819065,35.53840000000001],[129.38092863819065,35.547393203637256],[129.38992184182788,35.547393203637256],[129.38992184182788,35.53840000000001],[129.38092863819065,35.53840000000001]]]}},{"type":"Feature","properties":{"jobs":1805,"pop":0,"pointCount":1,"homeWorkCommuteMedian":-1,"workHomeCommuteMedian":6531},"geometry":{"type":"Polygon","coordinates":[[[129.38092863819065,35.547393203637256],[129.38092863819065,35.5563864072745],[129.38992184182788,35.5563864072745],[129.38992184182788,35.547393203637256],[129.38092863819065,35.547393203637256]]]}},{"type":"Feature","properties":{"jobs":4410,"pop":0,"pointCount":1,"homeWorkCommuteMedian":-1,"workHomeCommuteMedian":5231},"geometry":{"type":"Polygon","coordinates":[[[129.38092863819065,35.5563864072745],[129.38092863819065,35.56537961091175],[129.38992184182788,35.56537961091175],[129.38992184182788,35.5563864072745],[129.38092863819065,35.5563864072745]]]}},{"type":"Feature","properties":{"jobs":658,"pop":166,"pointCount":1,"homeWorkCommuteMedian":7199,"workHomeCommuteMedian":5348},"geometry":{"type":"Polygon","coordinates":[[[129.38992184182788,35.51142038908827],[129.38992184182788,35.52041359272552],[129.39891504546512,35.52041359272552],[129.39891504546512,35.51142038908827],[129.38992184182788,35.51142038908827]]]}},{"type":"Feature","properties":{"jobs":9301,"pop":4654,"pointCount":4,"homeWorkCommuteMedian":6673,"workHomeCommuteMedian":5637},"geometry":{"type":"Polygon","coordinates":[[[129.38992184182788,35.52041359272552],[129.38992184182788,35.529406796362764],[129.39891504546512,35.529406796362764],[129.39891504546512,35.52041359272552],[129.38992184182788,35.52041359272552]]]}},{"type":"Feature","properties":{"jobs":6612,"pop":9007,"pointCount":2,"homeWorkCommuteMedian":6703,"workHomeCommuteMedian":6707},"geometry":{"type":"Polygon","coordinates":[[[129.38992184182788,35.529406796362764],[129.38992184182788,35.53840000000001],[129.39891504546512,35.53840000000001],[129.39891504546512,35.529406796362764],[129.38992184182788,35.529406796362764]]]}},{"type":"Feature","properties":{"jobs":1325,"pop":342,"pointCount":1,"homeWorkCommuteMedian":3850,"workHomeCommuteMedian":6011},"geometry":{"type":"Polygon","coordinates":[[[129.38992184182788,35.53840000000001],[129.38992184182788,35.547393203637256],[129.39891504546512,35.547393203637256],[129.39891504546512,35.53840000000001],[129.38992184182788,35.53840000000001]]]}},{"type":"Feature","properties":{"jobs":38411,"pop":22899,"pointCount":2,"homeWorkCommuteMedian":8302,"workHomeCommuteMedian":7751},"geometry":{"type":"Polygon","coordinates":[[[129.39891504546512,35.47544757453929],[129.39891504546512,35.484440778176534],[129.40790824910235,35.484440778176534],[129.40790824910235,35.47544757453929],[129.39891504546512,35.47544757453929]]]}},{"type":"Feature","properties":{"jobs":2249,"pop":658,"pointCount":1,"homeWorkCommuteMedian":6564,"workHomeCommuteMedian":6254},"geometry":{"type":"Polygon","coordinates":[[[129.39891504546512,35.484440778176534],[129.39891504546512,35.49343398181378],[129.40790824910235,35.49343398181378],[129.40790824910235,35.484440778176534],[129.39891504546512,35.484440778176534]]]}},{"type":"Feature","properties":{"jobs":475,"pop":0,"pointCount":1,"homeWorkCommuteMedian":-1,"workHomeCommuteMedian":17980},"geometry":{"type":"Polygon","coordinates":[[[129.39891504546512,35.49343398181378],[129.39891504546512,35.502427185451026],[129.40790824910235,35.502427185451026],[129.40790824910235,35.49343398181378],[129.39891504546512,35.49343398181378]]]}},{"type":"Feature","properties":{"jobs":439,"pop":0,"pointCount":1,"homeWorkCommuteMedian":-1,"workHomeCommuteMedian":6089},"geometry":{"type":"Polygon","coordinates":[[[129.39891504546512,35.52041359272552],[129.39891504546512,35.529406796362764],[129.40790824910235,35.529406796362764],[129.40790824910235,35.52041359272552],[129.39891504546512,35.52041359272552]]]}},{"type":"Feature","properties":{"jobs":1329,"pop":307,"pointCount":2,"homeWorkCommuteMedian":16383,"workHomeCommuteMedian":16622},"geometry":{"type":"Polygon","coordinates":[[[129.39891504546512,35.65531164728421],[129.39891504546512,35.664304850921454],[129.40790824910235,35.664304850921454],[129.40790824910235,35.65531164728421],[129.39891504546512,35.65531164728421]]]}},{"type":"Feature","properties":{"jobs":3728,"pop":1344,"pointCount":1,"homeWorkCommuteMedian":6502,"workHomeCommuteMedian":6634},"geometry":{"type":"Polygon","coordinates":[[[129.40790824910235,35.46645437090204],[129.40790824910235,35.47544757453929],[129.41690145273958,35.47544757453929],[129.41690145273958,35.46645437090204],[129.40790824910235,35.46645437090204]]]}},{"type":"Feature","properties":{"jobs":73258,"pop":39230,"pointCount":14,"homeWorkCommuteMedian":9948,"workHomeCommuteMedian":6887},"geometry":{"type":"Polygon","coordinates":[[[129.40790824910235,35.47544757453929],[129.40790824910235,35.484440778176534],[129.41690145273958,35.484440778176534],[129.41690145273958,35.47544757453929],[129.40790824910235,35.47544757453929]]]}},{"type":"Feature","properties":{"jobs":14362,"pop":5528,"pointCount":6,"homeWorkCommuteMedian":5197,"workHomeCommuteMedian":3765},"geometry":{"type":"Polygon","coordinates":[[[129.40790824910235,35.484440778176534],[129.40790824910235,35.49343398181378],[129.41690145273958,35.49343398181378],[129.41690145273958,35.484440778176534],[129.40790824910235,35.484440778176534]]]}},{"type":"Feature","properties":{"jobs":38123,"pop":60750,"pointCount":2,"homeWorkCommuteMedian":4097,"workHomeCommuteMedian":4077},"geometry":{"type":"Polygon","coordinates":[[[129.40790824910235,35.49343398181378],[129.40790824910235,35.502427185451026],[129.41690145273958,35.502427185451026],[129.41690145273958,35.49343398181378],[129.40790824910235,35.49343398181378]]]}},{"type":"Feature","properties":{"jobs":17266,"pop":7690,"pointCount":3,"homeWorkCommuteMedian":3412,"workHomeCommuteMedian":2754},"geometry":{"type":"Polygon","coordinates":[[[129.40790824910235,35.502427185451026],[129.40790824910235,35.51142038908827],[129.41690145273958,35.51142038908827],[129.41690145273958,35.502427185451026],[129.40790824910235,35.502427185451026]]]}},{"type":"Feature","properties":{"jobs":93,"pop":23,"pointCount":1,"homeWorkCommuteMedian":2211,"workHomeCommuteMedian":-1},"geometry":{"type":"Polygon","coordinates":[[[129.40790824910235,35.52041359272552],[129.40790824910235,35.529406796362764],[129.41690145273958,35.529406796362764],[129.41690145273958,35.52041359272552],[129.40790824910235,35.52041359272552]]]}},{"type":"Feature","properties":{"jobs":14,"pop":5741,"pointCount":1,"homeWorkCommuteMedian":4753,"workHomeCommuteMedian":-1},"geometry":{"type":"Polygon","coordinates":[[[129.40790824910235,35.529406796362764],[129.40790824910235,35.53840000000001],[129.41690145273958,35.53840000000001],[129.41690145273958,35.529406796362764],[129.40790824910235,35.529406796362764]]]}},{"type":"Feature","properties":{"jobs":12499,"pop":0,"pointCount":1,"homeWorkCommuteMedian":-1,"workHomeCommuteMedian":4876},"geometry":{"type":"Polygon","coordinates":[[[129.40790824910235,35.53840000000001],[129.40790824910235,35.547393203637256],[129.41690145273958,35.547393203637256],[129.41690145273958,35.53840000000001],[129.40790824910235,35.53840000000001]]]}},{"type":"Feature","properties":{"jobs":3392,"pop":1259,"pointCount":3,"homeWorkCommuteMedian":5423,"workHomeCommuteMedian":2797},"geometry":{"type":"Polygon","coordinates":[[[129.41690145273958,35.47544757453929],[129.41690145273958,35.484440778176534],[129.4258946563768,35.484440778176534],[129.4258946563768,35.47544757453929],[129.41690145273958,35.47544757453929]]]}},{"type":"Feature","properties":{"jobs":18501,"pop":4962,"pointCount":16,"homeWorkCommuteMedian":3372,"workHomeCommuteMedian":2521},"geometry":{"type":"Polygon","coordinates":[[[129.41690145273958,35.484440778176534],[129.41690145273958,35.49343398181378],[129.4258946563768,35.49343398181378],[129.4258946563768,35.484440778176534],[129.41690145273958,35.484440778176534]]]}},{"type":"Feature","properties":{"jobs":12398,"pop":13986,"pointCount":13,"homeWorkCommuteMedian":2966,"workHomeCommuteMedian":3028},"geometry":{"type":"Polygon","coordinates":[[[129.41690145273958,35.49343398181378],[129.41690145273958,35.502427185451026],[129.4258946563768,35.502427185451026],[129.4258946563768,35.49343398181378],[129.41690145273958,35.49343398181378]]]}},{"type":"Feature","properties":{"jobs":28694,"pop":42179,"pointCount":20,"homeWorkCommuteMedian":5583,"workHomeCommuteMedian":4097},"geometry":{"type":"Polygon","coordinates":[[[129.41690145273958,35.502427185451026],[129.41690145273958,35.51142038908827],[129.4258946563768,35.51142038908827],[129.4258946563768,35.502427185451026],[129.41690145273958,35.502427185451026]]]}},{"type":"Feature","properties":{"jobs":12082,"pop":13868,"pointCount":7,"homeWorkCommuteMedian":5974,"workHomeCommuteMedian":4182},"geometry":{"type":"Polygon","coordinates":[[[129.41690145273958,35.51142038908827],[129.41690145273958,35.52041359272552],[129.4258946563768,35.52041359272552],[129.4258946563768,35.51142038908827],[129.41690145273958,35.51142038908827]]]}},{"type":"Feature","properties":{"jobs":31612,"pop":47825,"pointCount":5,"homeWorkCommuteMedian":5915,"workHomeCommuteMedian":5881},"geometry":{"type":"Polygon","coordinates":[[[129.41690145273958,35.52041359272552],[129.41690145273958,35.529406796362764],[129.4258946563768,35.529406796362764],[129.4258946563768,35.52041359272552],[129.41690145273958,35.52041359272552]]]}},{"type":"Feature","properties":{"jobs":4527,"pop":1003,"pointCount":3,"homeWorkCommuteMedian":2747,"workHomeCommuteMedian":3036},"geometry":{"type":"Polygon","coordinates":[[[129.41690145273958,35.529406796362764],[129.41690145273958,35.53840000000001],[129.4258946563768,35.53840000000001],[129.4258946563768,35.529406796362764],[129.41690145273958,35.529406796362764]]]}},{"type":"Feature","properties":{"jobs":26885,"pop":8205,"pointCount":10,"homeWorkCommuteMedian":5974,"workHomeCommuteMedian":5259},"geometry":{"type":"Polygon","coordinates":[[[129.41690145273958,35.53840000000001],[129.41690145273958,35.547393203637256],[129.4258946563768,35.547393203637256],[129.4258946563768,35.53840000000001],[129.41690145273958,35.53840000000001]]]}},{"type":"Feature","properties":{"jobs":106,"pop":24211,"pointCount":1,"homeWorkCommuteMedian":4590,"workHomeCommuteMedian":-1},"geometry":{"type":"Polygon","coordinates":[[[129.41690145273958,35.61034562909798],[129.41690145273958,35.619338832735224],[129.4258946563768,35.619338832735224],[129.4258946563768,35.61034562909798],[129.41690145273958,35.61034562909798]]]}},{"type":"Feature","properties":{"jobs":40,"pop":12507,"pointCount":1,"homeWorkCommuteMedian":7361,"workHomeCommuteMedian":-1},"geometry":{"type":"Polygon","coordinates":[[[129.41690145273958,35.70027766547044],[129.41690145273958,35.709270869107684],[129.4258946563768,35.709270869107684],[129.4258946563768,35.70027766547044],[129.41690145273958,35.70027766547044]]]}},{"type":"Feature","properties":{"jobs":6906,"pop":20590,"pointCount":1,"homeWorkCommuteMedian":5594,"workHomeCommuteMedian":5090},"geometry":{"type":"Polygon","coordinates":[[[129.4258946563768,35.47544757453929],[129.4258946563768,35.484440778176534],[129.43488786001404,35.484440778176534],[129.43488786001404,35.47544757453929],[129.4258946563768,35.47544757453929]]]}},{"type":"Feature","properties":{"jobs":7425,"pop":2162,"pointCount":8,"homeWorkCommuteMedian":3765,"workHomeCommuteMedian":2755},"geometry":{"type":"Polygon","coordinates":[[[129.4258946563768,35.484440778176534],[129.4258946563768,35.49343398181378],[129.43488786001404,35.49343398181378],[129.43488786001404,35.484440778176534],[129.4258946563768,35.484440778176534]]]}},{"type":"Feature","properties":{"jobs":27527,"pop":25976,"pointCount":4,"homeWorkCommuteMedian":3955,"workHomeCommuteMedian":4159},"geometry":{"type":"Polygon","coordinates":[[[129.4258946563768,35.49343398181378],[129.4258946563768,35.502427185451026],[129.43488786001404,35.502427185451026],[129.43488786001404,35.49343398181378],[129.4258946563768,35.49343398181378]]]}},{"type":"Feature","properties":{"jobs":4525,"pop":2268,"pointCount":5,"homeWorkCommuteMedian":4547,"workHomeCommuteMedian":3594},"geometry":{"type":"Polygon","coordinates":[[[129.4258946563768,35.502427185451026],[129.4258946563768,35.51142038908827],[129.43488786001404,35.51142038908827],[129.43488786001404,35.502427185451026],[129.4258946563768,35.502427185451026]]]}},{"type":"Feature","properties":{"jobs":6967,"pop":5227,"pointCount":8,"homeWorkCommuteMedian":8040,"workHomeCommuteMedian":3806},"geometry":{"type":"Polygon","coordinates":[[[129.4258946563768,35.51142038908827],[129.4258946563768,35.52041359272552],[129.43488786001404,35.52041359272552],[129.43488786001404,35.51142038908827],[129.4258946563768,35.51142038908827]]]}},{"type":"Feature","properties":{"jobs":143879,"pop":93417,"pointCount":6,"homeWorkCommuteMedian":7876,"workHomeCommuteMedian":7064},"geometry":{"type":"Polygon","coordinates":[[[129.4258946563768,35.52041359272552],[129.4258946563768,35.529406796362764],[129.43488786001404,35.529406796362764],[129.43488786001404,35.52041359272552],[129.4258946563768,35.52041359272552]]]}},{"type":"Feature","properties":{"jobs":3789,"pop":2495,"pointCount":4,"homeWorkCommuteMedian":4793,"workHomeCommuteMedian":3895},"geometry":{"type":"Polygon","coordinates":[[[129.4258946563768,35.529406796362764],[129.4258946563768,35.53840000000001],[129.43488786001404,35.53840000000001],[129.43488786001404,35.529406796362764],[129.4258946563768,35.529406796362764]]]}},{"type":"Feature","properties":{"jobs":27239,"pop":20744,"pointCount":8,"homeWorkCommuteMedian":8781,"workHomeCommuteMedian":6327},"geometry":{"type":"Polygon","coordinates":[[[129.4258946563768,35.53840000000001],[129.4258946563768,35.547393203637256],[129.43488786001404,35.547393203637256],[129.43488786001404,35.53840000000001],[129.4258946563768,35.53840000000001]]]}},{"type":"Feature","properties":{"jobs":4176,"pop":7341,"pointCount":3,"homeWorkCommuteMedian":4337,"workHomeCommuteMedian":4659},"geometry":{"type":"Polygon","coordinates":[[[129.4258946563768,35.547393203637256],[129.4258946563768,35.5563864072745],[129.43488786001404,35.5563864072745],[129.43488786001404,35.547393203637256],[129.4258946563768,35.547393203637256]]]}},{"type":"Feature","properties":{"jobs":5695,"pop":1576,"pointCount":2,"homeWorkCommuteMedian":16283,"workHomeCommuteMedian":15196},"geometry":{"type":"Polygon","coordinates":[[[129.4258946563768,35.619338832735224],[129.4258946563768,35.62833203637247],[129.43488786001404,35.62833203637247],[129.43488786001404,35.619338832735224],[129.4258946563768,35.619338832735224]]]}},{"type":"Feature","properties":{"jobs":10651,"pop":3822,"pointCount":2,"homeWorkCommuteMedian":16310,"workHomeCommuteMedian":17029},"geometry":{"type":"Polygon","coordinates":[[[129.4258946563768,35.62833203637247],[129.4258946563768,35.637325240009716],[129.43488786001404,35.637325240009716],[129.43488786001404,35.62833203637247],[129.4258946563768,35.62833203637247]]]}},{"type":"Feature","properties":{"jobs":12500,"pop":0,"pointCount":1,"homeWorkCommuteMedian":-1,"workHomeCommuteMedian":3189},"geometry":{"type":"Polygon","coordinates":[[[129.43488786001404,35.484440778176534],[129.43488786001404,35.49343398181378],[129.44388106365128,35.49343398181378],[129.44388106365128,35.484440778176534],[129.43488786001404,35.484440778176534]]]}},{"type":"Feature","properties":{"jobs":28,"pop":0,"pointCount":1,"homeWorkCommuteMedian":-1,"workHomeCommuteMedian":46418},"geometry":{"type":"Polygon","coordinates":[[[129.43488786001404,35.51142038908827],[129.43488786001404,35.52041359272552],[129.44388106365128,35.52041359272552],[129.44388106365128,35.51142038908827],[129.43488786001404,35.51142038908827]]]}},{"type":"Feature","properties":{"jobs":10046,"pop":1142,"pointCount":3,"homeWorkCommuteMedian":16773,"workHomeCommuteMedian":3391},"geometry":{"type":"Polygon","coordinates":[[[129.43488786001404,35.619338832735224],[129.43488786001404,35.62833203637247],[129.44388106365128,35.62833203637247],[129.44388106365128,35.619338832735224],[129.43488786001404,35.619338832735224]]]}},{"type":"Feature","properties":{"jobs":18103,"pop":1234,"pointCount":7,"homeWorkCommuteMedian":17408,"workHomeCommuteMedian":4590},"geometry":{"type":"Polygon","coordinates":[[[129.43488786001404,35.62833203637247],[129.43488786001404,35.637325240009716],[129.44388106365128,35.637325240009716],[129.44388106365128,35.62833203637247],[129.43488786001404,35.62833203637247]]]}},{"type":"Feature","properties":{"jobs":542,"pop":125,"pointCount":1,"homeWorkCommuteMedian":20978,"workHomeCommuteMedian":20978},"geometry":{"type":"Polygon","coordinates":[[[129.43488786001404,35.682291258195946],[129.43488786001404,35.69128446183319],[129.44388106365128,35.69128446183319],[129.44388106365128,35.682291258195946],[129.43488786001404,35.682291258195946]]]}},{"type":"Feature","properties":{"jobs":519,"pop":120,"pointCount":1,"homeWorkCommuteMedian":21723,"workHomeCommuteMedian":21836},"geometry":{"type":"Polygon","coordinates":[[[129.43488786001404,35.69128446183319],[129.43488786001404,35.70027766547044],[129.44388106365128,35.70027766547044],[129.44388106365128,35.69128446183319],[129.43488786001404,35.69128446183319]]]}},{"type":"Feature","properties":{"jobs":5668,"pop":32,"pointCount":2,"homeWorkCommuteMedian":6017,"workHomeCommuteMedian":6070},"geometry":{"type":"Polygon","coordinates":[[[129.44388106365128,35.547393203637256],[129.44388106365128,35.5563864072745],[129.4528742672885,35.5563864072745],[129.4528742672885,35.547393203637256],[129.44388106365128,35.547393203637256]]]}},{"type":"Feature","properties":{"jobs":666,"pop":196,"pointCount":2,"homeWorkCommuteMedian":11870,"workHomeCommuteMedian":7199},"geometry":{"type":"Polygon","coordinates":[[[129.44388106365128,35.5563864072745],[129.44388106365128,35.56537961091175],[129.4528742672885,35.56537961091175],[129.4528742672885,35.5563864072745],[129.44388106365128,35.5563864072745]]]}},{"type":"Feature","properties":{"jobs":335,"pop":100,"pointCount":1,"homeWorkCommuteMedian":11698,"workHomeCommuteMedian":8406},"geometry":{"type":"Polygon","coordinates":[[[129.44388106365128,35.56537961091175],[129.44388106365128,35.574372814548994],[129.4528742672885,35.574372814548994],[129.4528742672885,35.56537961091175],[129.44388106365128,35.56537961091175]]]}},{"type":"Feature","properties":{"jobs":480,"pop":85,"pointCount":2,"homeWorkCommuteMedian":9925,"workHomeCommuteMedian":9922},"geometry":{"type":"Polygon","coordinates":[[[129.44388106365128,35.574372814548994],[129.44388106365128,35.58336601818624],[129.4528742672885,35.58336601818624],[129.4528742672885,35.574372814548994],[129.44388106365128,35.574372814548994]]]}},{"type":"Feature","properties":{"jobs":1987,"pop":221,"pointCount":2,"homeWorkCommuteMedian":12182,"workHomeCommuteMedian":14159},"geometry":{"type":"Polygon","coordinates":[[[129.44388106365128,35.61034562909798],[129.44388106365128,35.619338832735224],[129.4528742672885,35.619338832735224],[129.4528742672885,35.61034562909798],[129.44388106365128,35.61034562909798]]]}},{"type":"Feature","properties":{"jobs":373,"pop":0,"pointCount":1,"homeWorkCommuteMedian":-1,"workHomeCommuteMedian":24562},"geometry":{"type":"Polygon","coordinates":[[[129.44388106365128,35.69128446183319],[129.44388106365128,35.70027766547044],[129.4528742672885,35.70027766547044],[129.4528742672885,35.69128446183319],[129.44388106365128,35.69128446183319]]]}},{"type":"Feature","properties":{"jobs":14184,"pop":475,"pointCount":3,"homeWorkCommuteMedian":12606,"workHomeCommuteMedian":5715},"geometry":{"type":"Polygon","coordinates":[[[129.4528742672885,35.547393203637256],[129.4528742672885,35.5563864072745],[129.46186747092574,35.5563864072745],[129.46186747092574,35.547393203637256],[129.4528742672885,35.547393203637256]]]}},{"type":"Feature","properties":{"jobs":216,"pop":37,"pointCount":2,"homeWorkCommuteMedian":6940,"workHomeCommuteMedian":6992},"geometry":{"type":"Polygon","coordinates":[[[129.4528742672885,35.5563864072745],[129.4528742672885,35.56537961091175],[129.46186747092574,35.56537961091175],[129.46186747092574,35.5563864072745],[129.4528742672885,35.5563864072745]]]}},{"type":"Feature","properties":{"jobs":559,"pop":250,"pointCount":2,"homeWorkCommuteMedian":10012,"workHomeCommuteMedian":35529},"geometry":{"type":"Polygon","coordinates":[[[129.4528742672885,35.574372814548994],[129.4528742672885,35.58336601818624],[129.46186747092574,35.58336601818624],[129.46186747092574,35.574372814548994],[129.4528742672885,35.574372814548994]]]}},{"type":"Feature","properties":{"jobs":169,"pop":30,"pointCount":1,"homeWorkCommuteMedian":11358,"workHomeCommuteMedian":-1},"geometry":{"type":"Polygon","coordinates":[[[129.4528742672885,35.58336601818624],[129.4528742672885,35.592359221823486],[129.46186747092574,35.592359221823486],[129.46186747092574,35.58336601818624],[129.4528742672885,35.58336601818624]]]}},{"type":"Feature","properties":{"jobs":2329,"pop":754,"pointCount":3,"homeWorkCommuteMedian":18402,"workHomeCommuteMedian":17722},"geometry":{"type":"Polygon","coordinates":[[[129.4528742672885,35.664304850921454],[129.4528742672885,35.6732980545587],[129.46186747092574,35.6732980545587],[129.46186747092574,35.664304850921454],[129.4528742672885,35.664304850921454]]]}},{"type":"Feature","properties":{"jobs":455,"pop":86,"pointCount":1,"homeWorkCommuteMedian":22293,"workHomeCommuteMedian":16926},"geometry":{"type":"Polygon","coordinates":[[[129.4528742672885,35.6732980545587],[129.4528742672885,35.682291258195946],[129.46186747092574,35.682291258195946],[129.46186747092574,35.6732980545587],[129.4528742672885,35.6732980545587]]]}},{"type":"Feature","properties":{"jobs":358,"pop":0,"pointCount":1,"homeWorkCommuteMedian":-1,"workHomeCommuteMedian":27397},"geometry":{"type":"Polygon","coordinates":[[[129.4528742672885,35.70027766547044],[129.4528742672885,35.709270869107684],[129.46186747092574,35.709270869107684],[129.46186747092574,35.70027766547044],[129.4528742672885,35.70027766547044]]]}},{"type":"Feature","properties":{"jobs":2061,"pop":497,"pointCount":3,"homeWorkCommuteMedian":20394,"workHomeCommuteMedian":19881},"geometry":{"type":"Polygon","coordinates":[[[129.46186747092574,35.682291258195946],[129.46186747092574,35.69128446183319],[129.47086067456297,35.69128446183319],[129.47086067456297,35.682291258195946],[129.46186747092574,35.682291258195946]]]}},{"type":"Feature","properties":{"jobs":3521,"pop":894,"pointCount":4,"homeWorkCommuteMedian":20366,"workHomeCommuteMedian":20706},"geometry":{"type":"Polygon","coordinates":[[[129.46186747092574,35.69128446183319],[129.46186747092574,35.70027766547044],[129.47086067456297,35.70027766547044],[129.47086067456297,35.69128446183319],[129.46186747092574,35.69128446183319]]]}},{"type":"Feature","properties":{"jobs":12500,"pop":0,"pointCount":1,"homeWorkCommuteMedian":-1,"workHomeCommuteMedian":7361},"geometry":{"type":"Polygon","coordinates":[[[129.46186747092574,35.70027766547044],[129.46186747092574,35.709270869107684],[129.47086067456297,35.709270869107684],[129.47086067456297,35.70027766547044],[129.46186747092574,35.70027766547044]]]}}],"properties":{"residentWeightedNearestNeighborKm":{"p10":0.04694346774386284,"p25":0.10220137364231416,"p50":0.194310344735126,"p75":0.3307037582965228,"p90":0.5003778610509171,"mean":0.293583177443384},"workerWeightedNearestNeighborKm":{"p10":0.06881941211645899,"p25":0.11651511714925518,"p50":0.19696319860459452,"p75":0.3017711513611482,"p90":0.4075453388580622,"mean":0.24691079509947647},"commuteDistanceKm":{"p10":2481,"p25":3765,"p50":6387,"p75":11394,"p90":16325,"mean":8299.276450326815},"residentCellDensity":{"p10":90,"p25":698,"p50":4240,"p75":12966,"p90":29756,"mean":10365.989247311827},"workerCellDensity":{"p10":329,"p25":1096,"p50":6430,"p75":17712,"p90":33612,"mean":13224.15406162465},"detail":{"radiusKm":0.19563227499825242,"expectedPointSpacingKm":0.5030030300035687,"normalizedRadius":0.38892862135813466,"activityPerPoint":2659.0538186857602,"playableAreaKm2":780,"playableAreaPerPointKm2":0.5527994330262226,"playableCatchmentRadiusKm":0.4194776807042789,"localityScore":0.8883356627116098,"deaggregationScore":1,"score":0.9425156034313754},"polycentrism":{"activity":{"score":0.5931786562959203,"continuousScore":0.7218709335014336,"detectedCenterCount":2,"effectiveCenterCount":1.4216446238540246,"largestCenterShare":0.8189127403005717,"bandwidthKm":1.3,"reliabilityScore":1,"supportLevel":"high","usedFallback":false,"topCenters":[{"longitude":129.29707650691955,"latitude":35.539910800556505,"massShare":0.8189127403005717,"assignedMass":6347581,"assignedPointCount":1164,"prominenceRatio":1},{"longitude":129.41619276769478,"latitude":35.518452283628626,"massShare":0.18108725969942835,"assignedMass":1403649,"assignedPointCount":247,"prominenceRatio":0.9999999999823567}],"debug":{"rawPeakCount":34,"mergedPeakCount":25,"filteredPeakCount":2,"prominenceThreshold":0.22,"minPointsPerCenter":10,"rejectedCenters":[{"longitude":129.3515379606833,"latitude":35.6291233153746,"massShare":0.08285072175641801,"assignedMass":642195,"assignedPointCount":151,"prominenceRatio":0.9999999999999929,"strongestCompetitorDistanceKm":10.698823330981062,"strongestCompetitorPotential":968189.7422326516,"localConsolidatedShare":0.08285072175641801,"localConsolidatedMass":642195,"localContributorCount":1,"localContributorDistancesKm":[],"rejectionReasons":["not_dominant_local_peak","too_close_for_low_share_center"]},{"longitude":129.25003326620194,"latitude":35.562926202481464,"massShare":0.07781939124500241,"assignedMass":603196,"assignedPointCount":138,"prominenceRatio":0.9999999651717996,"strongestCompetitorDistanceKm":7.899744030165729,"strongestCompetitorPotential":968189.7422326516,"localConsolidatedShare":0.07781939124500241,"localConsolidatedMass":603196,"localContributorCount":1,"localContributorDistancesKm":[],"rejectionReasons":["not_dominant_local_peak","too_close_for_low_share_center"]},{"longitude":129.16666438407782,"latitude":35.40870560984954,"massShare":0.032122127713924115,"assignedMass":248986,"assignedPointCount":66,"prominenceRatio":1,"strongestCompetitorDistanceKm":21.064176820724352,"strongestCompetitorPotential":968189.7422326516,"localConsolidatedShare":0.032122127713924115,"localConsolidatedMass":248986,"localContributorCount":1,"localContributorDistancesKm":[],"rejectionReasons":["below_secondary_share_floor"]},{"longitude":129.31618377441185,"latitude":35.47142659903585,"massShare":0.033265172108168636,"assignedMass":257846,"assignedPointCount":32,"prominenceRatio":0.9999999975491526,"strongestCompetitorDistanceKm":8.54531345192058,"strongestCompetitorPotential":968189.7422326516,"localConsolidatedShare":0.033265172108168636,"localConsolidatedMass":257846,"localContributorCount":1,"localContributorDistancesKm":[],"rejectionReasons":["below_secondary_share_floor"]},{"longitude":129.14896323505516,"latitude":35.378191552976865,"massShare":0.02768876681507322,"assignedMass":214622,"assignedPointCount":50,"prominenceRatio":1,"strongestCompetitorDistanceKm":24.20445435958809,"strongestCompetitorPotential":968189.7422326516,"localConsolidatedShare":0.02768876681507322,"localConsolidatedMass":214622,"localContributorCount":1,"localContributorDistancesKm":[],"rejectionReasons":["below_secondary_share_floor"]},{"longitude":129.30274240494418,"latitude":35.42515681874261,"massShare":0.03929698899400482,"assignedMass":304600,"assignedPointCount":64,"prominenceRatio":1,"strongestCompetitorDistanceKm":12.5831916810667,"strongestCompetitorPotential":968189.7422326516,"localConsolidatedShare":0.03929698899400482,"localConsolidatedMass":304600,"localContributorCount":1,"localContributorDistancesKm":[],"rejectionReasons":["below_secondary_share_floor"]},{"longitude":129.11747659188967,"latitude":35.56685488436765,"massShare":0.029584078913927208,"assignedMass":229313,"assignedPointCount":84,"prominenceRatio":1,"strongestCompetitorDistanceKm":18.785300533629243,"strongestCompetitorPotential":968189.7422326516,"localConsolidatedShare":0.029584078913927208,"localConsolidatedMass":229313,"localContributorCount":1,"localContributorDistancesKm":[],"rejectionReasons":["below_secondary_share_floor"]},{"longitude":129.38709374238093,"latitude":35.49361436044091,"massShare":0.02056473617735508,"assignedMass":159402,"assignedPointCount":15,"prominenceRatio":0.9960964333888404,"strongestCompetitorDistanceKm":4.905710888843781,"strongestCompetitorPotential":421828.2249638177,"localConsolidatedShare":0.02056473617735508,"localConsolidatedMass":159402,"localContributorCount":1,"localContributorDistancesKm":[],"rejectionReasons":["below_secondary_share_floor"]},{"longitude":129.3218955637708,"latitude":35.70348749334252,"massShare":0.012353781270843467,"assignedMass":95757,"assignedPointCount":21,"prominenceRatio":1,"strongestCompetitorDistanceKm":18.013602997833004,"strongestCompetitorPotential":968189.7422326516,"localConsolidatedShare":0.012353781270843467,"localConsolidatedMass":95757,"localContributorCount":1,"localContributorDistancesKm":[],"rejectionReasons":["below_secondary_share_floor"]},{"longitude":129.43290268898747,"latitude":35.62407829572934,"massShare":0.010467370984992059,"assignedMass":81135,"assignedPointCount":22,"prominenceRatio":0.9999999999999999,"strongestCompetitorDistanceKm":11.48038751677484,"strongestCompetitorPotential":421828.2249638177,"localConsolidatedShare":0.010467370984992059,"localConsolidatedMass":81135,"localContributorCount":1,"localContributorDistancesKm":[],"rejectionReasons":["below_secondary_share_floor"]},{"longitude":129.2285567960513,"latitude":35.491872011909074,"massShare":0.008200633963899922,"assignedMass":63565,"assignedPointCount":16,"prominenceRatio":0.9999999999978922,"strongestCompetitorDistanceKm":10.117723114731252,"strongestCompetitorPotential":968189.7422326516,"localConsolidatedShare":0.008200633963899922,"localConsolidatedMass":63565,"localContributorCount":1,"localContributorDistancesKm":[],"rejectionReasons":["below_secondary_share_floor"]},{"longitude":129.25198474165708,"latitude":35.37477556842408,"massShare":0.006293710804607785,"assignedMass":48784,"assignedPointCount":5,"prominenceRatio":1,"strongestCompetitorDistanceKm":20.13086475266965,"strongestCompetitorPotential":968189.7422326516,"localConsolidatedShare":0.006293710804607785,"localConsolidatedMass":48784,"localContributorCount":1,"localContributorDistancesKm":[],"rejectionReasons":["below_min_points_per_center"]},{"longitude":129.10175947132169,"latitude":35.47612329911922,"massShare":0.0048629701350624355,"assignedMass":37694,"assignedPointCount":9,"prominenceRatio":1,"strongestCompetitorDistanceKm":21.825247575392932,"strongestCompetitorPotential":968189.7422326516,"localConsolidatedShare":0.0048629701350624355,"localConsolidatedMass":37694,"localContributorCount":1,"localContributorDistancesKm":[],"rejectionReasons":["below_min_points_per_center"]},{"longitude":129.34249663182757,"latitude":35.38311039186596,"massShare":0.0034957032625789713,"assignedMass":27096,"assignedPointCount":10,"prominenceRatio":1,"strongestCompetitorDistanceKm":17.333826641254863,"strongestCompetitorPotential":421828.2249638177,"localConsolidatedShare":0.0034957032625789713,"localConsolidatedMass":27096,"localContributorCount":1,"localContributorDistancesKm":[],"rejectionReasons":["below_secondary_share_floor"]},{"longitude":129.3165,"latitude":35.37,"massShare":0.0021303715668351993,"assignedMass":16513,"assignedPointCount":1,"prominenceRatio":1,"strongestCompetitorDistanceKm":19.531719911722508,"strongestCompetitorPotential":968189.7422326516,"localConsolidatedShare":0.0021303715668351993,"localConsolidatedMass":16513,"localContributorCount":1,"localContributorDistancesKm":[],"rejectionReasons":["below_min_points_per_center"]},{"longitude":129.46473448830008,"latitude":35.6959111825344,"massShare":0.0032914776106501807,"assignedMass":25513,"assignedPointCount":17,"prominenceRatio":1,"strongestCompetitorDistanceKm":19.855817944406446,"strongestCompetitorPotential":421828.2249638177,"localConsolidatedShare":0.0032914776106501807,"localConsolidatedMass":25513,"localContributorCount":1,"localContributorDistancesKm":[],"rejectionReasons":["below_secondary_share_floor"]},{"longitude":129.17480658760599,"latitude":35.57048862535324,"massShare":0.003834746227372946,"assignedMass":29724,"assignedPointCount":4,"prominenceRatio":1,"strongestCompetitorDistanceKm":15.19477511856243,"strongestCompetitorPotential":968189.7422326516,"localConsolidatedShare":0.003834746227372946,"localConsolidatedMass":29724,"localContributorCount":1,"localContributorDistancesKm":[],"rejectionReasons":["below_min_points_per_center"]},{"longitude":129.42,"latitude":35.703,"massShare":0.0016187108368607304,"assignedMass":12547,"assignedPointCount":1,"prominenceRatio":1,"strongestCompetitorDistanceKm":19.489076856925706,"strongestCompetitorPotential":968189.7422326516,"localConsolidatedShare":0.0016187108368607304,"localConsolidatedMass":12547,"localContributorCount":1,"localContributorDistancesKm":[],"rejectionReasons":["below_min_points_per_center"]},{"longitude":129.20014714385965,"latitude":35.70578296140351,"massShare":0.0007721355191369628,"assignedMass":5985,"assignedPointCount":2,"prominenceRatio":1,"strongestCompetitorDistanceKm":21.302914880432013,"strongestCompetitorPotential":968189.7422326516,"localConsolidatedShare":0.0007721355191369628,"localConsolidatedMass":5985,"localContributorCount":1,"localContributorDistancesKm":[],"rejectionReasons":["below_min_points_per_center"]},{"longitude":129.2134922072629,"latitude":35.65336064438864,"massShare":0.0006678939987589067,"assignedMass":5177,"assignedPointCount":12,"prominenceRatio":1,"strongestCompetitorDistanceKm":16.518806897926986,"strongestCompetitorPotential":968189.7422326516,"localConsolidatedShare":0.0006678939987589067,"localConsolidatedMass":5177,"localContributorCount":1,"localContributorDistancesKm":[],"rejectionReasons":["below_secondary_share_floor"]},{"longitude":129.16052297910517,"latitude":35.64344683920054,"massShare":0.0005680388789908183,"assignedMass":4403,"assignedPointCount":7,"prominenceRatio":1,"strongestCompetitorDistanceKm":18.367797445372926,"strongestCompetitorPotential":968189.7422326516,"localConsolidatedShare":0.0005680388789908183,"localConsolidatedMass":4403,"localContributorCount":1,"localContributorDistancesKm":[],"rejectionReasons":["below_min_points_per_center"]},{"longitude":129.15125594226805,"latitude":35.50875141030929,"massShare":0.0003128535729168145,"assignedMass":2425,"assignedPointCount":3,"prominenceRatio":1,"strongestCompetitorDistanceKm":16.505731708587952,"strongestCompetitorPotential":968189.7422326516,"localConsolidatedShare":0.0003128535729168145,"localConsolidatedMass":2425,"localContributorCount":1,"localContributorDistancesKm":[],"rejectionReasons":["below_min_points_per_center"]},{"longitude":129.105,"latitude":35.703,"massShare":0.00007185956293388275,"assignedMass":557,"assignedPointCount":1,"prominenceRatio":1,"strongestCompetitorDistanceKm":26.54735712386602,"strongestCompetitorPotential":968189.7422326516,"localConsolidatedShare":0.00007185956293388275,"localConsolidatedMass":557,"localContributorCount":1,"localContributorDistancesKm":[],"rejectionReasons":["below_min_points_per_center"]}]}}}}}
