{"type":"FeatureCollection","features":[{"type":"Feature","properties":{"jobs":0,"pop":111,"pointCount":3,"homeWorkCommuteMedian":36123,"workHomeCommuteMedian":-1},"geometry":{"type":"Polygon","coordinates":[[[120.99291412362246,24.93460139768946],[120.99291412362246,24.943594601326705],[121.0019073272597,24.943594601326705],[121.0019073272597,24.93460139768946],[120.99291412362246,24.93460139768946]]]}},{"type":"Feature","properties":{"jobs":29,"pop":292,"pointCount":5,"homeWorkCommuteMedian":67521,"workHomeCommuteMedian":14386},"geometry":{"type":"Polygon","coordinates":[[[120.99291412362246,24.943594601326705],[120.99291412362246,24.95258780496395],[121.0019073272597,24.95258780496395],[121.0019073272597,24.943594601326705],[120.99291412362246,24.943594601326705]]]}},{"type":"Feature","properties":{"jobs":39,"pop":258,"pointCount":3,"homeWorkCommuteMedian":48971,"workHomeCommuteMedian":75160},"geometry":{"type":"Polygon","coordinates":[[[121.0019073272597,24.943594601326705],[121.0019073272597,24.95258780496395],[121.01090053089695,24.95258780496395],[121.01090053089695,24.943594601326705],[121.0019073272597,24.943594601326705]]]}},{"type":"Feature","properties":{"jobs":36,"pop":176,"pointCount":3,"homeWorkCommuteMedian":11466,"workHomeCommuteMedian":10196},"geometry":{"type":"Polygon","coordinates":[[[121.0019073272597,24.95258780496395],[121.0019073272597,24.961581008601197],[121.01090053089695,24.961581008601197],[121.01090053089695,24.95258780496395],[121.0019073272597,24.95258780496395]]]}},{"type":"Feature","properties":{"jobs":0,"pop":36,"pointCount":1,"homeWorkCommuteMedian":70458,"workHomeCommuteMedian":-1},"geometry":{"type":"Polygon","coordinates":[[[121.0019073272597,24.961581008601197],[121.0019073272597,24.970574212238443],[121.01090053089695,24.970574212238443],[121.01090053089695,24.961581008601197],[121.0019073272597,24.961581008601197]]]}},{"type":"Feature","properties":{"jobs":57,"pop":242,"pointCount":6,"homeWorkCommuteMedian":38764,"workHomeCommuteMedian":8897},"geometry":{"type":"Polygon","coordinates":[[[121.01090053089695,24.943594601326705],[121.01090053089695,24.95258780496395],[121.0198937345342,24.95258780496395],[121.0198937345342,24.943594601326705],[121.01090053089695,24.943594601326705]]]}},{"type":"Feature","properties":{"jobs":0,"pop":201,"pointCount":4,"homeWorkCommuteMedian":69987,"workHomeCommuteMedian":-1},"geometry":{"type":"Polygon","coordinates":[[[121.01090053089695,24.95258780496395],[121.01090053089695,24.961581008601197],[121.0198937345342,24.961581008601197],[121.0198937345342,24.95258780496395],[121.01090053089695,24.95258780496395]]]}},{"type":"Feature","properties":{"jobs":57,"pop":155,"pointCount":3,"homeWorkCommuteMedian":10686,"workHomeCommuteMedian":22787},"geometry":{"type":"Polygon","coordinates":[[[121.01090053089695,24.961581008601197],[121.01090053089695,24.970574212238443],[121.0198937345342,24.970574212238443],[121.0198937345342,24.961581008601197],[121.01090053089695,24.961581008601197]]]}},{"type":"Feature","properties":{"jobs":93,"pop":159,"pointCount":3,"homeWorkCommuteMedian":49889,"workHomeCommuteMedian":14534},"geometry":{"type":"Polygon","coordinates":[[[121.01090053089695,24.970574212238443],[121.01090053089695,24.97956741587569],[121.0198937345342,24.97956741587569],[121.0198937345342,24.970574212238443],[121.01090053089695,24.970574212238443]]]}},{"type":"Feature","properties":{"jobs":480,"pop":75,"pointCount":4,"homeWorkCommuteMedian":69055,"workHomeCommuteMedian":9313},"geometry":{"type":"Polygon","coordinates":[[[121.01090053089695,24.97956741587569],[121.01090053089695,24.988560619512935],[121.0198937345342,24.988560619512935],[121.0198937345342,24.97956741587569],[121.01090053089695,24.97956741587569]]]}},{"type":"Feature","properties":{"jobs":88,"pop":0,"pointCount":1,"homeWorkCommuteMedian":-1,"workHomeCommuteMedian":7043},"geometry":{"type":"Polygon","coordinates":[[[121.01090053089695,24.988560619512935],[121.01090053089695,24.99755382315018],[121.0198937345342,24.99755382315018],[121.0198937345342,24.988560619512935],[121.01090053089695,24.988560619512935]]]}},{"type":"Feature","properties":{"jobs":0,"pop":34,"pointCount":1,"homeWorkCommuteMedian":6400,"workHomeCommuteMedian":-1},"geometry":{"type":"Polygon","coordinates":[[[121.0198937345342,24.93460139768946],[121.0198937345342,24.943594601326705],[121.02888693817144,24.943594601326705],[121.02888693817144,24.93460139768946],[121.0198937345342,24.93460139768946]]]}},{"type":"Feature","properties":{"jobs":148,"pop":40,"pointCount":3,"homeWorkCommuteMedian":59812,"workHomeCommuteMedian":6629},"geometry":{"type":"Polygon","coordinates":[[[121.0198937345342,24.943594601326705],[121.0198937345342,24.95258780496395],[121.02888693817144,24.95258780496395],[121.02888693817144,24.943594601326705],[121.0198937345342,24.943594601326705]]]}},{"type":"Feature","properties":{"jobs":0,"pop":184,"pointCount":3,"homeWorkCommuteMedian":43336,"workHomeCommuteMedian":-1},"geometry":{"type":"Polygon","coordinates":[[[121.0198937345342,24.95258780496395],[121.0198937345342,24.961581008601197],[121.02888693817144,24.961581008601197],[121.02888693817144,24.95258780496395],[121.0198937345342,24.95258780496395]]]}},{"type":"Feature","properties":{"jobs":52,"pop":145,"pointCount":3,"homeWorkCommuteMedian":71052,"workHomeCommuteMedian":5939},"geometry":{"type":"Polygon","coordinates":[[[121.0198937345342,24.961581008601197],[121.0198937345342,24.970574212238443],[121.02888693817144,24.970574212238443],[121.02888693817144,24.961581008601197],[121.0198937345342,24.961581008601197]]]}},{"type":"Feature","properties":{"jobs":148,"pop":172,"pointCount":5,"homeWorkCommuteMedian":19053,"workHomeCommuteMedian":25311},"geometry":{"type":"Polygon","coordinates":[[[121.0198937345342,24.970574212238443],[121.0198937345342,24.97956741587569],[121.02888693817144,24.97956741587569],[121.02888693817144,24.970574212238443],[121.0198937345342,24.970574212238443]]]}},{"type":"Feature","properties":{"jobs":2763,"pop":498,"pointCount":6,"homeWorkCommuteMedian":41330,"workHomeCommuteMedian":8816},"geometry":{"type":"Polygon","coordinates":[[[121.0198937345342,24.97956741587569],[121.0198937345342,24.988560619512935],[121.02888693817144,24.988560619512935],[121.02888693817144,24.97956741587569],[121.0198937345342,24.97956741587569]]]}},{"type":"Feature","properties":{"jobs":68,"pop":340,"pointCount":3,"homeWorkCommuteMedian":3095,"workHomeCommuteMedian":20090},"geometry":{"type":"Polygon","coordinates":[[[121.0198937345342,24.988560619512935],[121.0198937345342,24.99755382315018],[121.02888693817144,24.99755382315018],[121.02888693817144,24.988560619512935],[121.0198937345342,24.988560619512935]]]}},{"type":"Feature","properties":{"jobs":141,"pop":111,"pointCount":3,"homeWorkCommuteMedian":69099,"workHomeCommuteMedian":58832},"geometry":{"type":"Polygon","coordinates":[[[121.02888693817144,24.943594601326705],[121.02888693817144,24.95258780496395],[121.03788014180869,24.95258780496395],[121.03788014180869,24.943594601326705],[121.02888693817144,24.943594601326705]]]}},{"type":"Feature","properties":{"jobs":161,"pop":123,"pointCount":6,"homeWorkCommuteMedian":7942,"workHomeCommuteMedian":6662},"geometry":{"type":"Polygon","coordinates":[[[121.02888693817144,24.95258780496395],[121.02888693817144,24.961581008601197],[121.03788014180869,24.961581008601197],[121.03788014180869,24.95258780496395],[121.02888693817144,24.95258780496395]]]}},{"type":"Feature","properties":{"jobs":0,"pop":240,"pointCount":3,"homeWorkCommuteMedian":8032,"workHomeCommuteMedian":-1},"geometry":{"type":"Polygon","coordinates":[[[121.02888693817144,24.961581008601197],[121.02888693817144,24.970574212238443],[121.03788014180869,24.970574212238443],[121.03788014180869,24.961581008601197],[121.02888693817144,24.961581008601197]]]}},{"type":"Feature","properties":{"jobs":0,"pop":149,"pointCount":3,"homeWorkCommuteMedian":13872,"workHomeCommuteMedian":-1},"geometry":{"type":"Polygon","coordinates":[[[121.02888693817144,24.970574212238443],[121.02888693817144,24.97956741587569],[121.03788014180869,24.97956741587569],[121.03788014180869,24.970574212238443],[121.02888693817144,24.970574212238443]]]}},{"type":"Feature","properties":{"jobs":569,"pop":130,"pointCount":5,"homeWorkCommuteMedian":55500,"workHomeCommuteMedian":5317},"geometry":{"type":"Polygon","coordinates":[[[121.02888693817144,24.97956741587569],[121.02888693817144,24.988560619512935],[121.03788014180869,24.988560619512935],[121.03788014180869,24.97956741587569],[121.02888693817144,24.97956741587569]]]}},{"type":"Feature","properties":{"jobs":106,"pop":110,"pointCount":3,"homeWorkCommuteMedian":4625,"workHomeCommuteMedian":9217},"geometry":{"type":"Polygon","coordinates":[[[121.02888693817144,24.988560619512935],[121.02888693817144,24.99755382315018],[121.03788014180869,24.99755382315018],[121.03788014180869,24.988560619512935],[121.02888693817144,24.988560619512935]]]}},{"type":"Feature","properties":{"jobs":119,"pop":402,"pointCount":6,"homeWorkCommuteMedian":11172,"workHomeCommuteMedian":19824},"geometry":{"type":"Polygon","coordinates":[[[121.02888693817144,24.99755382315018],[121.02888693817144,25.006547026787427],[121.03788014180869,25.006547026787427],[121.03788014180869,24.99755382315018],[121.02888693817144,24.99755382315018]]]}},{"type":"Feature","properties":{"jobs":61,"pop":158,"pointCount":4,"homeWorkCommuteMedian":57323,"workHomeCommuteMedian":36920},"geometry":{"type":"Polygon","coordinates":[[[121.02888693817144,25.006547026787427],[121.02888693817144,25.015540230424673],[121.03788014180869,25.015540230424673],[121.03788014180869,25.006547026787427],[121.02888693817144,25.006547026787427]]]}},{"type":"Feature","properties":{"jobs":0,"pop":95,"pointCount":1,"homeWorkCommuteMedian":8354,"workHomeCommuteMedian":-1},"geometry":{"type":"Polygon","coordinates":[[[121.03788014180869,24.943594601326705],[121.03788014180869,24.95258780496395],[121.04687334544593,24.95258780496395],[121.04687334544593,24.943594601326705],[121.03788014180869,24.943594601326705]]]}},{"type":"Feature","properties":{"jobs":145,"pop":209,"pointCount":5,"homeWorkCommuteMedian":24144,"workHomeCommuteMedian":5212},"geometry":{"type":"Polygon","coordinates":[[[121.03788014180869,24.95258780496395],[121.03788014180869,24.961581008601197],[121.04687334544593,24.961581008601197],[121.04687334544593,24.95258780496395],[121.03788014180869,24.95258780496395]]]}},{"type":"Feature","properties":{"jobs":167,"pop":282,"pointCount":6,"homeWorkCommuteMedian":24439,"workHomeCommuteMedian":12005},"geometry":{"type":"Polygon","coordinates":[[[121.03788014180869,24.961581008601197],[121.03788014180869,24.970574212238443],[121.04687334544593,24.970574212238443],[121.04687334544593,24.961581008601197],[121.03788014180869,24.961581008601197]]]}},{"type":"Feature","properties":{"jobs":424,"pop":0,"pointCount":2,"homeWorkCommuteMedian":-1,"workHomeCommuteMedian":5875},"geometry":{"type":"Polygon","coordinates":[[[121.03788014180869,24.970574212238443],[121.03788014180869,24.97956741587569],[121.04687334544593,24.97956741587569],[121.04687334544593,24.970574212238443],[121.03788014180869,24.970574212238443]]]}},{"type":"Feature","properties":{"jobs":752,"pop":675,"pointCount":11,"homeWorkCommuteMedian":8296,"workHomeCommuteMedian":7383},"geometry":{"type":"Polygon","coordinates":[[[121.03788014180869,24.97956741587569],[121.03788014180869,24.988560619512935],[121.04687334544593,24.988560619512935],[121.04687334544593,24.97956741587569],[121.03788014180869,24.97956741587569]]]}},{"type":"Feature","properties":{"jobs":0,"pop":180,"pointCount":4,"homeWorkCommuteMedian":49583,"workHomeCommuteMedian":-1},"geometry":{"type":"Polygon","coordinates":[[[121.03788014180869,24.988560619512935],[121.03788014180869,24.99755382315018],[121.04687334544593,24.99755382315018],[121.04687334544593,24.988560619512935],[121.03788014180869,24.988560619512935]]]}},{"type":"Feature","properties":{"jobs":337,"pop":213,"pointCount":6,"homeWorkCommuteMedian":17641,"workHomeCommuteMedian":16578},"geometry":{"type":"Polygon","coordinates":[[[121.03788014180869,24.99755382315018],[121.03788014180869,25.006547026787427],[121.04687334544593,25.006547026787427],[121.04687334544593,24.99755382315018],[121.03788014180869,24.99755382315018]]]}},{"type":"Feature","properties":{"jobs":206,"pop":122,"pointCount":6,"homeWorkCommuteMedian":39930,"workHomeCommuteMedian":3549},"geometry":{"type":"Polygon","coordinates":[[[121.03788014180869,25.006547026787427],[121.03788014180869,25.015540230424673],[121.04687334544593,25.015540230424673],[121.04687334544593,25.006547026787427],[121.03788014180869,25.006547026787427]]]}},{"type":"Feature","properties":{"jobs":195,"pop":25,"pointCount":4,"homeWorkCommuteMedian":4645,"workHomeCommuteMedian":12481},"geometry":{"type":"Polygon","coordinates":[[[121.03788014180869,25.015540230424673],[121.03788014180869,25.02453343406192],[121.04687334544593,25.02453343406192],[121.04687334544593,25.015540230424673],[121.03788014180869,25.015540230424673]]]}},{"type":"Feature","properties":{"jobs":486,"pop":0,"pointCount":2,"homeWorkCommuteMedian":-1,"workHomeCommuteMedian":23875},"geometry":{"type":"Polygon","coordinates":[[[121.03788014180869,25.02453343406192],[121.03788014180869,25.033526637699165],[121.04687334544593,25.033526637699165],[121.04687334544593,25.02453343406192],[121.03788014180869,25.02453343406192]]]}},{"type":"Feature","properties":{"jobs":0,"pop":29,"pointCount":1,"homeWorkCommuteMedian":11802,"workHomeCommuteMedian":-1},"geometry":{"type":"Polygon","coordinates":[[[121.04687334544593,24.93460139768946],[121.04687334544593,24.943594601326705],[121.05586654908318,24.943594601326705],[121.05586654908318,24.93460139768946],[121.04687334544593,24.93460139768946]]]}},{"type":"Feature","properties":{"jobs":91,"pop":130,"pointCount":4,"homeWorkCommuteMedian":60378,"workHomeCommuteMedian":10288},"geometry":{"type":"Polygon","coordinates":[[[121.04687334544593,24.943594601326705],[121.04687334544593,24.95258780496395],[121.05586654908318,24.95258780496395],[121.05586654908318,24.943594601326705],[121.04687334544593,24.943594601326705]]]}},{"type":"Feature","properties":{"jobs":124,"pop":167,"pointCount":3,"homeWorkCommuteMedian":11667,"workHomeCommuteMedian":7648},"geometry":{"type":"Polygon","coordinates":[[[121.04687334544593,24.95258780496395],[121.04687334544593,24.961581008601197],[121.05586654908318,24.961581008601197],[121.05586654908318,24.95258780496395],[121.04687334544593,24.95258780496395]]]}},{"type":"Feature","properties":{"jobs":113,"pop":107,"pointCount":4,"homeWorkCommuteMedian":59792,"workHomeCommuteMedian":27808},"geometry":{"type":"Polygon","coordinates":[[[121.04687334544593,24.961581008601197],[121.04687334544593,24.970574212238443],[121.05586654908318,24.970574212238443],[121.05586654908318,24.961581008601197],[121.04687334544593,24.961581008601197]]]}},{"type":"Feature","properties":{"jobs":98,"pop":161,"pointCount":4,"homeWorkCommuteMedian":42093,"workHomeCommuteMedian":16285},"geometry":{"type":"Polygon","coordinates":[[[121.04687334544593,24.970574212238443],[121.04687334544593,24.97956741587569],[121.05586654908318,24.97956741587569],[121.05586654908318,24.970574212238443],[121.04687334544593,24.970574212238443]]]}},{"type":"Feature","properties":{"jobs":82,"pop":453,"pointCount":7,"homeWorkCommuteMedian":55319,"workHomeCommuteMedian":7334},"geometry":{"type":"Polygon","coordinates":[[[121.04687334544593,24.97956741587569],[121.04687334544593,24.988560619512935],[121.05586654908318,24.988560619512935],[121.05586654908318,24.97956741587569],[121.04687334544593,24.97956741587569]]]}},{"type":"Feature","properties":{"jobs":0,"pop":305,"pointCount":6,"homeWorkCommuteMedian":7238,"workHomeCommuteMedian":-1},"geometry":{"type":"Polygon","coordinates":[[[121.04687334544593,24.988560619512935],[121.04687334544593,24.99755382315018],[121.05586654908318,24.99755382315018],[121.05586654908318,24.988560619512935],[121.04687334544593,24.988560619512935]]]}},{"type":"Feature","properties":{"jobs":128,"pop":160,"pointCount":5,"homeWorkCommuteMedian":6892,"workHomeCommuteMedian":39580},"geometry":{"type":"Polygon","coordinates":[[[121.04687334544593,24.99755382315018],[121.04687334544593,25.006547026787427],[121.05586654908318,25.006547026787427],[121.05586654908318,24.99755382315018],[121.04687334544593,24.99755382315018]]]}},{"type":"Feature","properties":{"jobs":91,"pop":295,"pointCount":7,"homeWorkCommuteMedian":13271,"workHomeCommuteMedian":62528},"geometry":{"type":"Polygon","coordinates":[[[121.04687334544593,25.006547026787427],[121.04687334544593,25.015540230424673],[121.05586654908318,25.015540230424673],[121.05586654908318,25.006547026787427],[121.04687334544593,25.006547026787427]]]}},{"type":"Feature","properties":{"jobs":84,"pop":536,"pointCount":8,"homeWorkCommuteMedian":42712,"workHomeCommuteMedian":23985},"geometry":{"type":"Polygon","coordinates":[[[121.04687334544593,25.015540230424673],[121.04687334544593,25.02453343406192],[121.05586654908318,25.02453343406192],[121.05586654908318,25.015540230424673],[121.04687334544593,25.015540230424673]]]}},{"type":"Feature","properties":{"jobs":274,"pop":286,"pointCount":3,"homeWorkCommuteMedian":65894,"workHomeCommuteMedian":24029},"geometry":{"type":"Polygon","coordinates":[[[121.04687334544593,25.02453343406192],[121.04687334544593,25.033526637699165],[121.05586654908318,25.033526637699165],[121.05586654908318,25.02453343406192],[121.04687334544593,25.02453343406192]]]}},{"type":"Feature","properties":{"jobs":119,"pop":29,"pointCount":1,"homeWorkCommuteMedian":37250,"workHomeCommuteMedian":29846},"geometry":{"type":"Polygon","coordinates":[[[121.04687334544593,25.033526637699165],[121.04687334544593,25.04251984133641],[121.05586654908318,25.04251984133641],[121.05586654908318,25.033526637699165],[121.04687334544593,25.033526637699165]]]}},{"type":"Feature","properties":{"jobs":0,"pop":191,"pointCount":1,"homeWorkCommuteMedian":33511,"workHomeCommuteMedian":-1},"geometry":{"type":"Polygon","coordinates":[[[121.05586654908318,24.898628583140475],[121.05586654908318,24.90762178677772],[121.06485975272042,24.90762178677772],[121.06485975272042,24.898628583140475],[121.05586654908318,24.898628583140475]]]}},{"type":"Feature","properties":{"jobs":54,"pop":324,"pointCount":4,"homeWorkCommuteMedian":45299,"workHomeCommuteMedian":20294},"geometry":{"type":"Polygon","coordinates":[[[121.05586654908318,24.90762178677772],[121.05586654908318,24.916614990414967],[121.06485975272042,24.916614990414967],[121.06485975272042,24.90762178677772],[121.05586654908318,24.90762178677772]]]}},{"type":"Feature","properties":{"jobs":0,"pop":165,"pointCount":3,"homeWorkCommuteMedian":11239,"workHomeCommuteMedian":-1},"geometry":{"type":"Polygon","coordinates":[[[121.05586654908318,24.916614990414967],[121.05586654908318,24.925608194052213],[121.06485975272042,24.925608194052213],[121.06485975272042,24.916614990414967],[121.05586654908318,24.916614990414967]]]}},{"type":"Feature","properties":{"jobs":589,"pop":47,"pointCount":2,"homeWorkCommuteMedian":26620,"workHomeCommuteMedian":9243},"geometry":{"type":"Polygon","coordinates":[[[121.05586654908318,24.925608194052213],[121.05586654908318,24.93460139768946],[121.06485975272042,24.93460139768946],[121.06485975272042,24.925608194052213],[121.05586654908318,24.925608194052213]]]}},{"type":"Feature","properties":{"jobs":45,"pop":84,"pointCount":3,"homeWorkCommuteMedian":63372,"workHomeCommuteMedian":11016},"geometry":{"type":"Polygon","coordinates":[[[121.05586654908318,24.93460139768946],[121.05586654908318,24.943594601326705],[121.06485975272042,24.943594601326705],[121.06485975272042,24.93460139768946],[121.05586654908318,24.93460139768946]]]}},{"type":"Feature","properties":{"jobs":0,"pop":192,"pointCount":4,"homeWorkCommuteMedian":7702,"workHomeCommuteMedian":-1},"geometry":{"type":"Polygon","coordinates":[[[121.05586654908318,24.943594601326705],[121.05586654908318,24.95258780496395],[121.06485975272042,24.95258780496395],[121.06485975272042,24.943594601326705],[121.05586654908318,24.943594601326705]]]}},{"type":"Feature","properties":{"jobs":0,"pop":96,"pointCount":1,"homeWorkCommuteMedian":2324,"workHomeCommuteMedian":-1},"geometry":{"type":"Polygon","coordinates":[[[121.05586654908318,24.95258780496395],[121.05586654908318,24.961581008601197],[121.06485975272042,24.961581008601197],[121.06485975272042,24.95258780496395],[121.05586654908318,24.95258780496395]]]}},{"type":"Feature","properties":{"jobs":67,"pop":261,"pointCount":6,"homeWorkCommuteMedian":19032,"workHomeCommuteMedian":3827},"geometry":{"type":"Polygon","coordinates":[[[121.05586654908318,24.961581008601197],[121.05586654908318,24.970574212238443],[121.06485975272042,24.970574212238443],[121.06485975272042,24.961581008601197],[121.05586654908318,24.961581008601197]]]}},{"type":"Feature","properties":{"jobs":55,"pop":86,"pointCount":3,"homeWorkCommuteMedian":59052,"workHomeCommuteMedian":31851},"geometry":{"type":"Polygon","coordinates":[[[121.05586654908318,24.970574212238443],[121.05586654908318,24.97956741587569],[121.06485975272042,24.97956741587569],[121.06485975272042,24.970574212238443],[121.05586654908318,24.970574212238443]]]}},{"type":"Feature","properties":{"jobs":147,"pop":232,"pointCount":6,"homeWorkCommuteMedian":5126,"workHomeCommuteMedian":9976},"geometry":{"type":"Polygon","coordinates":[[[121.05586654908318,24.97956741587569],[121.05586654908318,24.988560619512935],[121.06485975272042,24.988560619512935],[121.06485975272042,24.97956741587569],[121.05586654908318,24.97956741587569]]]}},{"type":"Feature","properties":{"jobs":0,"pop":216,"pointCount":4,"homeWorkCommuteMedian":20790,"workHomeCommuteMedian":-1},"geometry":{"type":"Polygon","coordinates":[[[121.05586654908318,24.988560619512935],[121.05586654908318,24.99755382315018],[121.06485975272042,24.99755382315018],[121.06485975272042,24.988560619512935],[121.05586654908318,24.988560619512935]]]}},{"type":"Feature","properties":{"jobs":0,"pop":52,"pointCount":1,"homeWorkCommuteMedian":3433,"workHomeCommuteMedian":-1},"geometry":{"type":"Polygon","coordinates":[[[121.05586654908318,24.99755382315018],[121.05586654908318,25.006547026787427],[121.06485975272042,25.006547026787427],[121.06485975272042,24.99755382315018],[121.05586654908318,24.99755382315018]]]}},{"type":"Feature","properties":{"jobs":0,"pop":284,"pointCount":4,"homeWorkCommuteMedian":50050,"workHomeCommuteMedian":-1},"geometry":{"type":"Polygon","coordinates":[[[121.05586654908318,25.006547026787427],[121.05586654908318,25.015540230424673],[121.06485975272042,25.015540230424673],[121.06485975272042,25.006547026787427],[121.05586654908318,25.006547026787427]]]}},{"type":"Feature","properties":{"jobs":173,"pop":360,"pointCount":5,"homeWorkCommuteMedian":7141,"workHomeCommuteMedian":905},"geometry":{"type":"Polygon","coordinates":[[[121.05586654908318,25.015540230424673],[121.05586654908318,25.02453343406192],[121.06485975272042,25.02453343406192],[121.06485975272042,25.015540230424673],[121.05586654908318,25.015540230424673]]]}},{"type":"Feature","properties":{"jobs":958,"pop":408,"pointCount":7,"homeWorkCommuteMedian":9278,"workHomeCommuteMedian":10337},"geometry":{"type":"Polygon","coordinates":[[[121.05586654908318,25.02453343406192],[121.05586654908318,25.033526637699165],[121.06485975272042,25.033526637699165],[121.06485975272042,25.02453343406192],[121.05586654908318,25.02453343406192]]]}},{"type":"Feature","properties":{"jobs":2036,"pop":0,"pointCount":3,"homeWorkCommuteMedian":-1,"workHomeCommuteMedian":10686},"geometry":{"type":"Polygon","coordinates":[[[121.05586654908318,25.033526637699165],[121.05586654908318,25.04251984133641],[121.06485975272042,25.04251984133641],[121.06485975272042,25.033526637699165],[121.05586654908318,25.033526637699165]]]}},{"type":"Feature","properties":{"jobs":0,"pop":124,"pointCount":1,"homeWorkCommuteMedian":13760,"workHomeCommuteMedian":-1},"geometry":{"type":"Polygon","coordinates":[[[121.06485975272042,24.898628583140475],[121.06485975272042,24.90762178677772],[121.07385295635767,24.90762178677772],[121.07385295635767,24.898628583140475],[121.06485975272042,24.898628583140475]]]}},{"type":"Feature","properties":{"jobs":34,"pop":845,"pointCount":7,"homeWorkCommuteMedian":41880,"workHomeCommuteMedian":34884},"geometry":{"type":"Polygon","coordinates":[[[121.06485975272042,24.90762178677772],[121.06485975272042,24.916614990414967],[121.07385295635767,24.916614990414967],[121.07385295635767,24.90762178677772],[121.06485975272042,24.90762178677772]]]}},{"type":"Feature","properties":{"jobs":0,"pop":253,"pointCount":3,"homeWorkCommuteMedian":12564,"workHomeCommuteMedian":-1},"geometry":{"type":"Polygon","coordinates":[[[121.06485975272042,24.916614990414967],[121.06485975272042,24.925608194052213],[121.07385295635767,24.925608194052213],[121.07385295635767,24.916614990414967],[121.06485975272042,24.916614990414967]]]}},{"type":"Feature","properties":{"jobs":3714,"pop":684,"pointCount":10,"homeWorkCommuteMedian":28440,"workHomeCommuteMedian":10856},"geometry":{"type":"Polygon","coordinates":[[[121.06485975272042,24.925608194052213],[121.06485975272042,24.93460139768946],[121.07385295635767,24.93460139768946],[121.07385295635767,24.925608194052213],[121.06485975272042,24.925608194052213]]]}},{"type":"Feature","properties":{"jobs":620,"pop":77,"pointCount":6,"homeWorkCommuteMedian":5356,"workHomeCommuteMedian":12628},"geometry":{"type":"Polygon","coordinates":[[[121.06485975272042,24.93460139768946],[121.06485975272042,24.943594601326705],[121.07385295635767,24.943594601326705],[121.07385295635767,24.93460139768946],[121.06485975272042,24.93460139768946]]]}},{"type":"Feature","properties":{"jobs":51,"pop":138,"pointCount":2,"homeWorkCommuteMedian":7103,"workHomeCommuteMedian":57893},"geometry":{"type":"Polygon","coordinates":[[[121.06485975272042,24.943594601326705],[121.06485975272042,24.95258780496395],[121.07385295635767,24.95258780496395],[121.07385295635767,24.943594601326705],[121.06485975272042,24.943594601326705]]]}},{"type":"Feature","properties":{"jobs":0,"pop":76,"pointCount":2,"homeWorkCommuteMedian":35230,"workHomeCommuteMedian":-1},"geometry":{"type":"Polygon","coordinates":[[[121.06485975272042,24.95258780496395],[121.06485975272042,24.961581008601197],[121.07385295635767,24.961581008601197],[121.07385295635767,24.95258780496395],[121.06485975272042,24.95258780496395]]]}},{"type":"Feature","properties":{"jobs":146,"pop":148,"pointCount":5,"homeWorkCommuteMedian":7323,"workHomeCommuteMedian":16428},"geometry":{"type":"Polygon","coordinates":[[[121.06485975272042,24.961581008601197],[121.06485975272042,24.970574212238443],[121.07385295635767,24.970574212238443],[121.07385295635767,24.961581008601197],[121.06485975272042,24.961581008601197]]]}},{"type":"Feature","properties":{"jobs":111,"pop":167,"pointCount":5,"homeWorkCommuteMedian":8954,"workHomeCommuteMedian":28750},"geometry":{"type":"Polygon","coordinates":[[[121.06485975272042,24.970574212238443],[121.06485975272042,24.97956741587569],[121.07385295635767,24.97956741587569],[121.07385295635767,24.970574212238443],[121.06485975272042,24.970574212238443]]]}},{"type":"Feature","properties":{"jobs":100,"pop":155,"pointCount":5,"homeWorkCommuteMedian":4928,"workHomeCommuteMedian":8336},"geometry":{"type":"Polygon","coordinates":[[[121.06485975272042,24.97956741587569],[121.06485975272042,24.988560619512935],[121.07385295635767,24.988560619512935],[121.07385295635767,24.97956741587569],[121.06485975272042,24.97956741587569]]]}},{"type":"Feature","properties":{"jobs":0,"pop":154,"pointCount":3,"homeWorkCommuteMedian":6985,"workHomeCommuteMedian":-1},"geometry":{"type":"Polygon","coordinates":[[[121.06485975272042,24.988560619512935],[121.06485975272042,24.99755382315018],[121.07385295635767,24.99755382315018],[121.07385295635767,24.988560619512935],[121.06485975272042,24.988560619512935]]]}},{"type":"Feature","properties":{"jobs":0,"pop":166,"pointCount":2,"homeWorkCommuteMedian":9140,"workHomeCommuteMedian":-1},"geometry":{"type":"Polygon","coordinates":[[[121.06485975272042,24.99755382315018],[121.06485975272042,25.006547026787427],[121.07385295635767,25.006547026787427],[121.07385295635767,24.99755382315018],[121.06485975272042,24.99755382315018]]]}},{"type":"Feature","properties":{"jobs":121,"pop":422,"pointCount":8,"homeWorkCommuteMedian":7756,"workHomeCommuteMedian":22043},"geometry":{"type":"Polygon","coordinates":[[[121.06485975272042,25.006547026787427],[121.06485975272042,25.015540230424673],[121.07385295635767,25.015540230424673],[121.07385295635767,25.006547026787427],[121.06485975272042,25.006547026787427]]]}},{"type":"Feature","properties":{"jobs":60,"pop":35,"pointCount":2,"homeWorkCommuteMedian":55912,"workHomeCommuteMedian":27185},"geometry":{"type":"Polygon","coordinates":[[[121.06485975272042,25.015540230424673],[121.06485975272042,25.02453343406192],[121.07385295635767,25.02453343406192],[121.07385295635767,25.015540230424673],[121.06485975272042,25.015540230424673]]]}},{"type":"Feature","properties":{"jobs":74,"pop":688,"pointCount":8,"homeWorkCommuteMedian":10658,"workHomeCommuteMedian":7480},"geometry":{"type":"Polygon","coordinates":[[[121.06485975272042,25.02453343406192],[121.06485975272042,25.033526637699165],[121.07385295635767,25.033526637699165],[121.07385295635767,25.02453343406192],[121.06485975272042,25.02453343406192]]]}},{"type":"Feature","properties":{"jobs":2119,"pop":0,"pointCount":7,"homeWorkCommuteMedian":-1,"workHomeCommuteMedian":8694},"geometry":{"type":"Polygon","coordinates":[[[121.06485975272042,25.033526637699165],[121.06485975272042,25.04251984133641],[121.07385295635767,25.04251984133641],[121.07385295635767,25.033526637699165],[121.06485975272042,25.033526637699165]]]}},{"type":"Feature","properties":{"jobs":0,"pop":318,"pointCount":4,"homeWorkCommuteMedian":10794,"workHomeCommuteMedian":-1},"geometry":{"type":"Polygon","coordinates":[[[121.07385295635767,24.898628583140475],[121.07385295635767,24.90762178677772],[121.08284615999492,24.90762178677772],[121.08284615999492,24.898628583140475],[121.07385295635767,24.898628583140475]]]}},{"type":"Feature","properties":{"jobs":64,"pop":588,"pointCount":4,"homeWorkCommuteMedian":47588,"workHomeCommuteMedian":12799},"geometry":{"type":"Polygon","coordinates":[[[121.07385295635767,24.90762178677772],[121.07385295635767,24.916614990414967],[121.08284615999492,24.916614990414967],[121.08284615999492,24.90762178677772],[121.07385295635767,24.90762178677772]]]}},{"type":"Feature","properties":{"jobs":0,"pop":51,"pointCount":1,"homeWorkCommuteMedian":7147,"workHomeCommuteMedian":-1},"geometry":{"type":"Polygon","coordinates":[[[121.07385295635767,24.916614990414967],[121.07385295635767,24.925608194052213],[121.08284615999492,24.925608194052213],[121.08284615999492,24.916614990414967],[121.07385295635767,24.916614990414967]]]}},{"type":"Feature","properties":{"jobs":57,"pop":579,"pointCount":6,"homeWorkCommuteMedian":13421,"workHomeCommuteMedian":78320},"geometry":{"type":"Polygon","coordinates":[[[121.07385295635767,24.925608194052213],[121.07385295635767,24.93460139768946],[121.08284615999492,24.93460139768946],[121.08284615999492,24.925608194052213],[121.07385295635767,24.925608194052213]]]}},{"type":"Feature","properties":{"jobs":404,"pop":1419,"pointCount":8,"homeWorkCommuteMedian":15314,"workHomeCommuteMedian":9580},"geometry":{"type":"Polygon","coordinates":[[[121.07385295635767,24.93460139768946],[121.07385295635767,24.943594601326705],[121.08284615999492,24.943594601326705],[121.08284615999492,24.93460139768946],[121.07385295635767,24.93460139768946]]]}},{"type":"Feature","properties":{"jobs":0,"pop":106,"pointCount":1,"homeWorkCommuteMedian":7378,"workHomeCommuteMedian":-1},"geometry":{"type":"Polygon","coordinates":[[[121.07385295635767,24.943594601326705],[121.07385295635767,24.95258780496395],[121.08284615999492,24.95258780496395],[121.08284615999492,24.943594601326705],[121.07385295635767,24.943594601326705]]]}},{"type":"Feature","properties":{"jobs":169,"pop":148,"pointCount":5,"homeWorkCommuteMedian":13399,"workHomeCommuteMedian":7151},"geometry":{"type":"Polygon","coordinates":[[[121.07385295635767,24.95258780496395],[121.07385295635767,24.961581008601197],[121.08284615999492,24.961581008601197],[121.08284615999492,24.95258780496395],[121.07385295635767,24.95258780496395]]]}},{"type":"Feature","properties":{"jobs":29,"pop":163,"pointCount":5,"homeWorkCommuteMedian":13339,"workHomeCommuteMedian":3421},"geometry":{"type":"Polygon","coordinates":[[[121.07385295635767,24.961581008601197],[121.07385295635767,24.970574212238443],[121.08284615999492,24.970574212238443],[121.08284615999492,24.961581008601197],[121.07385295635767,24.961581008601197]]]}},{"type":"Feature","properties":{"jobs":78,"pop":354,"pointCount":6,"homeWorkCommuteMedian":10196,"workHomeCommuteMedian":5344},"geometry":{"type":"Polygon","coordinates":[[[121.07385295635767,24.970574212238443],[121.07385295635767,24.97956741587569],[121.08284615999492,24.97956741587569],[121.08284615999492,24.970574212238443],[121.07385295635767,24.970574212238443]]]}},{"type":"Feature","properties":{"jobs":31,"pop":353,"pointCount":4,"homeWorkCommuteMedian":38594,"workHomeCommuteMedian":3474},"geometry":{"type":"Polygon","coordinates":[[[121.07385295635767,24.97956741587569],[121.07385295635767,24.988560619512935],[121.08284615999492,24.988560619512935],[121.08284615999492,24.97956741587569],[121.07385295635767,24.97956741587569]]]}},{"type":"Feature","properties":{"jobs":146,"pop":177,"pointCount":5,"homeWorkCommuteMedian":5101,"workHomeCommuteMedian":11466},"geometry":{"type":"Polygon","coordinates":[[[121.07385295635767,24.988560619512935],[121.07385295635767,24.99755382315018],[121.08284615999492,24.99755382315018],[121.08284615999492,24.988560619512935],[121.07385295635767,24.988560619512935]]]}},{"type":"Feature","properties":{"jobs":0,"pop":181,"pointCount":2,"homeWorkCommuteMedian":62222,"workHomeCommuteMedian":-1},"geometry":{"type":"Polygon","coordinates":[[[121.07385295635767,24.99755382315018],[121.07385295635767,25.006547026787427],[121.08284615999492,25.006547026787427],[121.08284615999492,24.99755382315018],[121.07385295635767,24.99755382315018]]]}},{"type":"Feature","properties":{"jobs":0,"pop":122,"pointCount":3,"homeWorkCommuteMedian":6581,"workHomeCommuteMedian":-1},"geometry":{"type":"Polygon","coordinates":[[[121.07385295635767,25.006547026787427],[121.07385295635767,25.015540230424673],[121.08284615999492,25.015540230424673],[121.08284615999492,25.006547026787427],[121.07385295635767,25.006547026787427]]]}},{"type":"Feature","properties":{"jobs":0,"pop":219,"pointCount":5,"homeWorkCommuteMedian":4315,"workHomeCommuteMedian":-1},"geometry":{"type":"Polygon","coordinates":[[[121.07385295635767,25.015540230424673],[121.07385295635767,25.02453343406192],[121.08284615999492,25.02453343406192],[121.08284615999492,25.015540230424673],[121.07385295635767,25.015540230424673]]]}},{"type":"Feature","properties":{"jobs":28,"pop":367,"pointCount":3,"homeWorkCommuteMedian":21526,"workHomeCommuteMedian":24513},"geometry":{"type":"Polygon","coordinates":[[[121.07385295635767,25.02453343406192],[121.07385295635767,25.033526637699165],[121.08284615999492,25.033526637699165],[121.08284615999492,25.02453343406192],[121.07385295635767,25.02453343406192]]]}},{"type":"Feature","properties":{"jobs":553,"pop":1480,"pointCount":11,"homeWorkCommuteMedian":5093,"workHomeCommuteMedian":7573},"geometry":{"type":"Polygon","coordinates":[[[121.07385295635767,25.033526637699165],[121.07385295635767,25.04251984133641],[121.08284615999492,25.04251984133641],[121.08284615999492,25.033526637699165],[121.07385295635767,25.033526637699165]]]}},{"type":"Feature","properties":{"jobs":216,"pop":0,"pointCount":1,"homeWorkCommuteMedian":-1,"workHomeCommuteMedian":11063},"geometry":{"type":"Polygon","coordinates":[[[121.08284615999492,24.88963537950323],[121.08284615999492,24.898628583140475],[121.09183936363216,24.898628583140475],[121.09183936363216,24.88963537950323],[121.08284615999492,24.88963537950323]]]}},{"type":"Feature","properties":{"jobs":0,"pop":505,"pointCount":4,"homeWorkCommuteMedian":54560,"workHomeCommuteMedian":-1},"geometry":{"type":"Polygon","coordinates":[[[121.08284615999492,24.898628583140475],[121.08284615999492,24.90762178677772],[121.09183936363216,24.90762178677772],[121.09183936363216,24.898628583140475],[121.08284615999492,24.898628583140475]]]}},{"type":"Feature","properties":{"jobs":80,"pop":549,"pointCount":6,"homeWorkCommuteMedian":24845,"workHomeCommuteMedian":6430},"geometry":{"type":"Polygon","coordinates":[[[121.08284615999492,24.90762178677772],[121.08284615999492,24.916614990414967],[121.09183936363216,24.916614990414967],[121.09183936363216,24.90762178677772],[121.08284615999492,24.90762178677772]]]}},{"type":"Feature","properties":{"jobs":0,"pop":136,"pointCount":2,"homeWorkCommuteMedian":36711,"workHomeCommuteMedian":-1},"geometry":{"type":"Polygon","coordinates":[[[121.08284615999492,24.916614990414967],[121.08284615999492,24.925608194052213],[121.09183936363216,24.925608194052213],[121.09183936363216,24.916614990414967],[121.08284615999492,24.916614990414967]]]}},{"type":"Feature","properties":{"jobs":374,"pop":56,"pointCount":4,"homeWorkCommuteMedian":62975,"workHomeCommuteMedian":8236},"geometry":{"type":"Polygon","coordinates":[[[121.08284615999492,24.925608194052213],[121.08284615999492,24.93460139768946],[121.09183936363216,24.93460139768946],[121.09183936363216,24.925608194052213],[121.08284615999492,24.925608194052213]]]}},{"type":"Feature","properties":{"jobs":358,"pop":2445,"pointCount":7,"homeWorkCommuteMedian":9393,"workHomeCommuteMedian":7316},"geometry":{"type":"Polygon","coordinates":[[[121.08284615999492,24.93460139768946],[121.08284615999492,24.943594601326705],[121.09183936363216,24.943594601326705],[121.09183936363216,24.93460139768946],[121.08284615999492,24.93460139768946]]]}},{"type":"Feature","properties":{"jobs":43,"pop":437,"pointCount":5,"homeWorkCommuteMedian":14868,"workHomeCommuteMedian":56649},"geometry":{"type":"Polygon","coordinates":[[[121.08284615999492,24.943594601326705],[121.08284615999492,24.95258780496395],[121.09183936363216,24.95258780496395],[121.09183936363216,24.943594601326705],[121.08284615999492,24.943594601326705]]]}},{"type":"Feature","properties":{"jobs":243,"pop":280,"pointCount":6,"homeWorkCommuteMedian":10928,"workHomeCommuteMedian":3620},"geometry":{"type":"Polygon","coordinates":[[[121.08284615999492,24.95258780496395],[121.08284615999492,24.961581008601197],[121.09183936363216,24.961581008601197],[121.09183936363216,24.95258780496395],[121.08284615999492,24.95258780496395]]]}},{"type":"Feature","properties":{"jobs":519,"pop":110,"pointCount":5,"homeWorkCommuteMedian":26818,"workHomeCommuteMedian":10216},"geometry":{"type":"Polygon","coordinates":[[[121.08284615999492,24.961581008601197],[121.08284615999492,24.970574212238443],[121.09183936363216,24.970574212238443],[121.09183936363216,24.961581008601197],[121.08284615999492,24.961581008601197]]]}},{"type":"Feature","properties":{"jobs":225,"pop":412,"pointCount":9,"homeWorkCommuteMedian":7359,"workHomeCommuteMedian":4642},"geometry":{"type":"Polygon","coordinates":[[[121.08284615999492,24.970574212238443],[121.08284615999492,24.97956741587569],[121.09183936363216,24.97956741587569],[121.09183936363216,24.970574212238443],[121.08284615999492,24.970574212238443]]]}},{"type":"Feature","properties":{"jobs":90,"pop":368,"pointCount":8,"homeWorkCommuteMedian":10625,"workHomeCommuteMedian":4706},"geometry":{"type":"Polygon","coordinates":[[[121.08284615999492,24.97956741587569],[121.08284615999492,24.988560619512935],[121.09183936363216,24.988560619512935],[121.09183936363216,24.97956741587569],[121.08284615999492,24.97956741587569]]]}},{"type":"Feature","properties":{"jobs":0,"pop":92,"pointCount":3,"homeWorkCommuteMedian":9249,"workHomeCommuteMedian":-1},"geometry":{"type":"Polygon","coordinates":[[[121.08284615999492,24.988560619512935],[121.08284615999492,24.99755382315018],[121.09183936363216,24.99755382315018],[121.09183936363216,24.988560619512935],[121.08284615999492,24.988560619512935]]]}},{"type":"Feature","properties":{"jobs":69,"pop":225,"pointCount":8,"homeWorkCommuteMedian":10830,"workHomeCommuteMedian":8704},"geometry":{"type":"Polygon","coordinates":[[[121.08284615999492,24.99755382315018],[121.08284615999492,25.006547026787427],[121.09183936363216,25.006547026787427],[121.09183936363216,24.99755382315018],[121.08284615999492,24.99755382315018]]]}},{"type":"Feature","properties":{"jobs":0,"pop":230,"pointCount":3,"homeWorkCommuteMedian":54709,"workHomeCommuteMedian":-1},"geometry":{"type":"Polygon","coordinates":[[[121.08284615999492,25.006547026787427],[121.08284615999492,25.015540230424673],[121.09183936363216,25.015540230424673],[121.09183936363216,25.006547026787427],[121.08284615999492,25.006547026787427]]]}},{"type":"Feature","properties":{"jobs":18,"pop":189,"pointCount":5,"homeWorkCommuteMedian":5500,"workHomeCommuteMedian":19144},"geometry":{"type":"Polygon","coordinates":[[[121.08284615999492,25.015540230424673],[121.08284615999492,25.02453343406192],[121.09183936363216,25.02453343406192],[121.09183936363216,25.015540230424673],[121.08284615999492,25.015540230424673]]]}},{"type":"Feature","properties":{"jobs":2081,"pop":401,"pointCount":7,"homeWorkCommuteMedian":5689,"workHomeCommuteMedian":9820},"geometry":{"type":"Polygon","coordinates":[[[121.08284615999492,25.02453343406192],[121.08284615999492,25.033526637699165],[121.09183936363216,25.033526637699165],[121.09183936363216,25.02453343406192],[121.08284615999492,25.02453343406192]]]}},{"type":"Feature","properties":{"jobs":183,"pop":582,"pointCount":4,"homeWorkCommuteMedian":4568,"workHomeCommuteMedian":9184},"geometry":{"type":"Polygon","coordinates":[[[121.08284615999492,25.033526637699165],[121.08284615999492,25.04251984133641],[121.09183936363216,25.04251984133641],[121.09183936363216,25.033526637699165],[121.08284615999492,25.033526637699165]]]}},{"type":"Feature","properties":{"jobs":1971,"pop":240,"pointCount":4,"homeWorkCommuteMedian":6009,"workHomeCommuteMedian":9729},"geometry":{"type":"Polygon","coordinates":[[[121.08284615999492,25.04251984133641],[121.08284615999492,25.051513044973657],[121.09183936363216,25.051513044973657],[121.09183936363216,25.04251984133641],[121.08284615999492,25.04251984133641]]]}},{"type":"Feature","properties":{"jobs":110,"pop":54,"pointCount":1,"homeWorkCommuteMedian":55147,"workHomeCommuteMedian":26840},"geometry":{"type":"Polygon","coordinates":[[[121.08284615999492,25.051513044973657],[121.08284615999492,25.060506248610903],[121.09183936363216,25.060506248610903],[121.09183936363216,25.051513044973657],[121.08284615999492,25.051513044973657]]]}},{"type":"Feature","properties":{"jobs":73,"pop":189,"pointCount":3,"homeWorkCommuteMedian":6903,"workHomeCommuteMedian":7652},"geometry":{"type":"Polygon","coordinates":[[[121.09183936363216,24.898628583140475],[121.09183936363216,24.90762178677772],[121.1008325672694,24.90762178677772],[121.1008325672694,24.898628583140475],[121.09183936363216,24.898628583140475]]]}},{"type":"Feature","properties":{"jobs":34,"pop":270,"pointCount":3,"homeWorkCommuteMedian":25949,"workHomeCommuteMedian":18400},"geometry":{"type":"Polygon","coordinates":[[[121.09183936363216,24.90762178677772],[121.09183936363216,24.916614990414967],[121.1008325672694,24.916614990414967],[121.1008325672694,24.90762178677772],[121.09183936363216,24.90762178677772]]]}},{"type":"Feature","properties":{"jobs":0,"pop":406,"pointCount":6,"homeWorkCommuteMedian":16296,"workHomeCommuteMedian":-1},"geometry":{"type":"Polygon","coordinates":[[[121.09183936363216,24.916614990414967],[121.09183936363216,24.925608194052213],[121.1008325672694,24.925608194052213],[121.1008325672694,24.916614990414967],[121.09183936363216,24.916614990414967]]]}},{"type":"Feature","properties":{"jobs":303,"pop":152,"pointCount":6,"homeWorkCommuteMedian":9983,"workHomeCommuteMedian":16348},"geometry":{"type":"Polygon","coordinates":[[[121.09183936363216,24.925608194052213],[121.09183936363216,24.93460139768946],[121.1008325672694,24.93460139768946],[121.1008325672694,24.925608194052213],[121.09183936363216,24.925608194052213]]]}},{"type":"Feature","properties":{"jobs":29,"pop":773,"pointCount":6,"homeWorkCommuteMedian":10468,"workHomeCommuteMedian":1750},"geometry":{"type":"Polygon","coordinates":[[[121.09183936363216,24.93460139768946],[121.09183936363216,24.943594601326705],[121.1008325672694,24.943594601326705],[121.1008325672694,24.93460139768946],[121.09183936363216,24.93460139768946]]]}},{"type":"Feature","properties":{"jobs":0,"pop":138,"pointCount":4,"homeWorkCommuteMedian":14027,"workHomeCommuteMedian":-1},"geometry":{"type":"Polygon","coordinates":[[[121.09183936363216,24.943594601326705],[121.09183936363216,24.95258780496395],[121.1008325672694,24.95258780496395],[121.1008325672694,24.943594601326705],[121.09183936363216,24.943594601326705]]]}},{"type":"Feature","properties":{"jobs":263,"pop":219,"pointCount":5,"homeWorkCommuteMedian":51859,"workHomeCommuteMedian":6625},"geometry":{"type":"Polygon","coordinates":[[[121.09183936363216,24.95258780496395],[121.09183936363216,24.961581008601197],[121.1008325672694,24.961581008601197],[121.1008325672694,24.95258780496395],[121.09183936363216,24.95258780496395]]]}},{"type":"Feature","properties":{"jobs":447,"pop":1024,"pointCount":7,"homeWorkCommuteMedian":15261,"workHomeCommuteMedian":5356},"geometry":{"type":"Polygon","coordinates":[[[121.09183936363216,24.961581008601197],[121.09183936363216,24.970574212238443],[121.1008325672694,24.970574212238443],[121.1008325672694,24.961581008601197],[121.09183936363216,24.961581008601197]]]}},{"type":"Feature","properties":{"jobs":577,"pop":1297,"pointCount":6,"homeWorkCommuteMedian":8662,"workHomeCommuteMedian":7439},"geometry":{"type":"Polygon","coordinates":[[[121.09183936363216,24.970574212238443],[121.09183936363216,24.97956741587569],[121.1008325672694,24.97956741587569],[121.1008325672694,24.970574212238443],[121.09183936363216,24.970574212238443]]]}},{"type":"Feature","properties":{"jobs":0,"pop":419,"pointCount":4,"homeWorkCommuteMedian":23088,"workHomeCommuteMedian":-1},"geometry":{"type":"Polygon","coordinates":[[[121.09183936363216,24.97956741587569],[121.09183936363216,24.988560619512935],[121.1008325672694,24.988560619512935],[121.1008325672694,24.97956741587569],[121.09183936363216,24.97956741587569]]]}},{"type":"Feature","properties":{"jobs":173,"pop":238,"pointCount":6,"homeWorkCommuteMedian":8900,"workHomeCommuteMedian":56302},"geometry":{"type":"Polygon","coordinates":[[[121.09183936363216,24.988560619512935],[121.09183936363216,24.99755382315018],[121.1008325672694,24.99755382315018],[121.1008325672694,24.988560619512935],[121.09183936363216,24.988560619512935]]]}},{"type":"Feature","properties":{"jobs":0,"pop":258,"pointCount":6,"homeWorkCommuteMedian":10931,"workHomeCommuteMedian":-1},"geometry":{"type":"Polygon","coordinates":[[[121.09183936363216,24.99755382315018],[121.09183936363216,25.006547026787427],[121.1008325672694,25.006547026787427],[121.1008325672694,24.99755382315018],[121.09183936363216,24.99755382315018]]]}},{"type":"Feature","properties":{"jobs":49,"pop":91,"pointCount":3,"homeWorkCommuteMedian":47646,"workHomeCommuteMedian":7386},"geometry":{"type":"Polygon","coordinates":[[[121.09183936363216,25.006547026787427],[121.09183936363216,25.015540230424673],[121.1008325672694,25.015540230424673],[121.1008325672694,25.006547026787427],[121.09183936363216,25.006547026787427]]]}},{"type":"Feature","properties":{"jobs":0,"pop":669,"pointCount":5,"homeWorkCommuteMedian":6076,"workHomeCommuteMedian":-1},"geometry":{"type":"Polygon","coordinates":[[[121.09183936363216,25.015540230424673],[121.09183936363216,25.02453343406192],[121.1008325672694,25.02453343406192],[121.1008325672694,25.015540230424673],[121.09183936363216,25.015540230424673]]]}},{"type":"Feature","properties":{"jobs":186,"pop":339,"pointCount":7,"homeWorkCommuteMedian":13513,"workHomeCommuteMedian":8059},"geometry":{"type":"Polygon","coordinates":[[[121.09183936363216,25.02453343406192],[121.09183936363216,25.033526637699165],[121.1008325672694,25.033526637699165],[121.1008325672694,25.02453343406192],[121.09183936363216,25.02453343406192]]]}},{"type":"Feature","properties":{"jobs":73,"pop":382,"pointCount":4,"homeWorkCommuteMedian":41035,"workHomeCommuteMedian":27519},"geometry":{"type":"Polygon","coordinates":[[[121.09183936363216,25.033526637699165],[121.09183936363216,25.04251984133641],[121.1008325672694,25.04251984133641],[121.1008325672694,25.033526637699165],[121.09183936363216,25.033526637699165]]]}},{"type":"Feature","properties":{"jobs":78,"pop":137,"pointCount":3,"homeWorkCommuteMedian":2450,"workHomeCommuteMedian":22875},"geometry":{"type":"Polygon","coordinates":[[[121.09183936363216,25.04251984133641],[121.09183936363216,25.051513044973657],[121.1008325672694,25.051513044973657],[121.1008325672694,25.04251984133641],[121.09183936363216,25.04251984133641]]]}},{"type":"Feature","properties":{"jobs":248,"pop":0,"pointCount":3,"homeWorkCommuteMedian":-1,"workHomeCommuteMedian":11161},"geometry":{"type":"Polygon","coordinates":[[[121.09183936363216,25.051513044973657],[121.09183936363216,25.060506248610903],[121.1008325672694,25.060506248610903],[121.1008325672694,25.051513044973657],[121.09183936363216,25.051513044973657]]]}},{"type":"Feature","properties":{"jobs":168,"pop":242,"pointCount":3,"homeWorkCommuteMedian":11497,"workHomeCommuteMedian":6157},"geometry":{"type":"Polygon","coordinates":[[[121.1008325672694,24.88963537950323],[121.1008325672694,24.898628583140475],[121.10982577090665,24.898628583140475],[121.10982577090665,24.88963537950323],[121.1008325672694,24.88963537950323]]]}},{"type":"Feature","properties":{"jobs":40,"pop":363,"pointCount":4,"homeWorkCommuteMedian":22350,"workHomeCommuteMedian":13488},"geometry":{"type":"Polygon","coordinates":[[[121.1008325672694,24.898628583140475],[121.1008325672694,24.90762178677772],[121.10982577090665,24.90762178677772],[121.10982577090665,24.898628583140475],[121.1008325672694,24.898628583140475]]]}},{"type":"Feature","properties":{"jobs":282,"pop":261,"pointCount":6,"homeWorkCommuteMedian":15611,"workHomeCommuteMedian":14894},"geometry":{"type":"Polygon","coordinates":[[[121.1008325672694,24.90762178677772],[121.1008325672694,24.916614990414967],[121.10982577090665,24.916614990414967],[121.10982577090665,24.90762178677772],[121.1008325672694,24.90762178677772]]]}},{"type":"Feature","properties":{"jobs":289,"pop":131,"pointCount":5,"homeWorkCommuteMedian":50269,"workHomeCommuteMedian":7754},"geometry":{"type":"Polygon","coordinates":[[[121.1008325672694,24.916614990414967],[121.1008325672694,24.925608194052213],[121.10982577090665,24.925608194052213],[121.10982577090665,24.916614990414967],[121.1008325672694,24.916614990414967]]]}},{"type":"Feature","properties":{"jobs":516,"pop":173,"pointCount":6,"homeWorkCommuteMedian":35443,"workHomeCommuteMedian":4985},"geometry":{"type":"Polygon","coordinates":[[[121.1008325672694,24.925608194052213],[121.1008325672694,24.93460139768946],[121.10982577090665,24.93460139768946],[121.10982577090665,24.925608194052213],[121.1008325672694,24.925608194052213]]]}},{"type":"Feature","properties":{"jobs":149,"pop":209,"pointCount":5,"homeWorkCommuteMedian":6941,"workHomeCommuteMedian":6096},"geometry":{"type":"Polygon","coordinates":[[[121.1008325672694,24.93460139768946],[121.1008325672694,24.943594601326705],[121.10982577090665,24.943594601326705],[121.10982577090665,24.93460139768946],[121.1008325672694,24.93460139768946]]]}},{"type":"Feature","properties":{"jobs":0,"pop":83,"pointCount":3,"homeWorkCommuteMedian":10327,"workHomeCommuteMedian":-1},"geometry":{"type":"Polygon","coordinates":[[[121.1008325672694,24.943594601326705],[121.1008325672694,24.95258780496395],[121.10982577090665,24.95258780496395],[121.10982577090665,24.943594601326705],[121.1008325672694,24.943594601326705]]]}},{"type":"Feature","properties":{"jobs":60,"pop":109,"pointCount":2,"homeWorkCommuteMedian":7891,"workHomeCommuteMedian":5313},"geometry":{"type":"Polygon","coordinates":[[[121.1008325672694,24.95258780496395],[121.1008325672694,24.961581008601197],[121.10982577090665,24.961581008601197],[121.10982577090665,24.95258780496395],[121.1008325672694,24.95258780496395]]]}},{"type":"Feature","properties":{"jobs":1079,"pop":108,"pointCount":3,"homeWorkCommuteMedian":56031,"workHomeCommuteMedian":7547},"geometry":{"type":"Polygon","coordinates":[[[121.1008325672694,24.961581008601197],[121.1008325672694,24.970574212238443],[121.10982577090665,24.970574212238443],[121.10982577090665,24.961581008601197],[121.1008325672694,24.961581008601197]]]}},{"type":"Feature","properties":{"jobs":2508,"pop":3226,"pointCount":8,"homeWorkCommuteMedian":9356,"workHomeCommuteMedian":7942},"geometry":{"type":"Polygon","coordinates":[[[121.1008325672694,24.970574212238443],[121.1008325672694,24.97956741587569],[121.10982577090665,24.97956741587569],[121.10982577090665,24.970574212238443],[121.1008325672694,24.970574212238443]]]}},{"type":"Feature","properties":{"jobs":874,"pop":1246,"pointCount":9,"homeWorkCommuteMedian":11404,"workHomeCommuteMedian":8974},"geometry":{"type":"Polygon","coordinates":[[[121.1008325672694,24.97956741587569],[121.1008325672694,24.988560619512935],[121.10982577090665,24.988560619512935],[121.10982577090665,24.97956741587569],[121.1008325672694,24.97956741587569]]]}},{"type":"Feature","properties":{"jobs":210,"pop":421,"pointCount":6,"homeWorkCommuteMedian":31986,"workHomeCommuteMedian":25699},"geometry":{"type":"Polygon","coordinates":[[[121.1008325672694,24.988560619512935],[121.1008325672694,24.99755382315018],[121.10982577090665,24.99755382315018],[121.10982577090665,24.988560619512935],[121.1008325672694,24.988560619512935]]]}},{"type":"Feature","properties":{"jobs":0,"pop":187,"pointCount":2,"homeWorkCommuteMedian":5194,"workHomeCommuteMedian":-1},"geometry":{"type":"Polygon","coordinates":[[[121.1008325672694,24.99755382315018],[121.1008325672694,25.006547026787427],[121.10982577090665,25.006547026787427],[121.10982577090665,24.99755382315018],[121.1008325672694,24.99755382315018]]]}},{"type":"Feature","properties":{"jobs":0,"pop":654,"pointCount":4,"homeWorkCommuteMedian":10783,"workHomeCommuteMedian":-1},"geometry":{"type":"Polygon","coordinates":[[[121.1008325672694,25.006547026787427],[121.1008325672694,25.015540230424673],[121.10982577090665,25.015540230424673],[121.10982577090665,25.006547026787427],[121.1008325672694,25.006547026787427]]]}},{"type":"Feature","properties":{"jobs":54,"pop":424,"pointCount":4,"homeWorkCommuteMedian":7207,"workHomeCommuteMedian":12872},"geometry":{"type":"Polygon","coordinates":[[[121.1008325672694,25.015540230424673],[121.1008325672694,25.02453343406192],[121.10982577090665,25.02453343406192],[121.10982577090665,25.015540230424673],[121.1008325672694,25.015540230424673]]]}},{"type":"Feature","properties":{"jobs":712,"pop":497,"pointCount":8,"homeWorkCommuteMedian":3261,"workHomeCommuteMedian":9645},"geometry":{"type":"Polygon","coordinates":[[[121.1008325672694,25.02453343406192],[121.1008325672694,25.033526637699165],[121.10982577090665,25.033526637699165],[121.10982577090665,25.02453343406192],[121.1008325672694,25.02453343406192]]]}},{"type":"Feature","properties":{"jobs":1007,"pop":213,"pointCount":7,"homeWorkCommuteMedian":16778,"workHomeCommuteMedian":15216},"geometry":{"type":"Polygon","coordinates":[[[121.1008325672694,25.033526637699165],[121.1008325672694,25.04251984133641],[121.10982577090665,25.04251984133641],[121.10982577090665,25.033526637699165],[121.1008325672694,25.033526637699165]]]}},{"type":"Feature","properties":{"jobs":140,"pop":0,"pointCount":1,"homeWorkCommuteMedian":-1,"workHomeCommuteMedian":25581},"geometry":{"type":"Polygon","coordinates":[[[121.1008325672694,25.04251984133641],[121.1008325672694,25.051513044973657],[121.10982577090665,25.051513044973657],[121.10982577090665,25.04251984133641],[121.1008325672694,25.04251984133641]]]}},{"type":"Feature","properties":{"jobs":3881,"pop":0,"pointCount":4,"homeWorkCommuteMedian":-1,"workHomeCommuteMedian":7562},"geometry":{"type":"Polygon","coordinates":[[[121.1008325672694,25.051513044973657],[121.1008325672694,25.060506248610903],[121.10982577090665,25.060506248610903],[121.10982577090665,25.051513044973657],[121.1008325672694,25.051513044973657]]]}},{"type":"Feature","properties":{"jobs":193,"pop":30,"pointCount":2,"homeWorkCommuteMedian":9646,"workHomeCommuteMedian":37998},"geometry":{"type":"Polygon","coordinates":[[[121.1008325672694,25.060506248610903],[121.1008325672694,25.06949945224815],[121.10982577090665,25.06949945224815],[121.10982577090665,25.060506248610903],[121.1008325672694,25.060506248610903]]]}},{"type":"Feature","properties":{"jobs":27,"pop":647,"pointCount":6,"homeWorkCommuteMedian":10362,"workHomeCommuteMedian":12895},"geometry":{"type":"Polygon","coordinates":[[[121.10982577090665,24.88963537950323],[121.10982577090665,24.898628583140475],[121.1188189745439,24.898628583140475],[121.1188189745439,24.88963537950323],[121.10982577090665,24.88963537950323]]]}},{"type":"Feature","properties":{"jobs":424,"pop":125,"pointCount":5,"homeWorkCommuteMedian":13711,"workHomeCommuteMedian":6805},"geometry":{"type":"Polygon","coordinates":[[[121.10982577090665,24.898628583140475],[121.10982577090665,24.90762178677772],[121.1188189745439,24.90762178677772],[121.1188189745439,24.898628583140475],[121.10982577090665,24.898628583140475]]]}},{"type":"Feature","properties":{"jobs":139,"pop":616,"pointCount":6,"homeWorkCommuteMedian":5766,"workHomeCommuteMedian":8364},"geometry":{"type":"Polygon","coordinates":[[[121.10982577090665,24.90762178677772],[121.10982577090665,24.916614990414967],[121.1188189745439,24.916614990414967],[121.1188189745439,24.90762178677772],[121.10982577090665,24.90762178677772]]]}},{"type":"Feature","properties":{"jobs":49,"pop":0,"pointCount":1,"homeWorkCommuteMedian":-1,"workHomeCommuteMedian":3857},"geometry":{"type":"Polygon","coordinates":[[[121.10982577090665,24.916614990414967],[121.10982577090665,24.925608194052213],[121.1188189745439,24.925608194052213],[121.1188189745439,24.916614990414967],[121.10982577090665,24.916614990414967]]]}},{"type":"Feature","properties":{"jobs":536,"pop":233,"pointCount":4,"homeWorkCommuteMedian":7049,"workHomeCommuteMedian":6790},"geometry":{"type":"Polygon","coordinates":[[[121.10982577090665,24.925608194052213],[121.10982577090665,24.93460139768946],[121.1188189745439,24.93460139768946],[121.1188189745439,24.925608194052213],[121.10982577090665,24.925608194052213]]]}},{"type":"Feature","properties":{"jobs":94,"pop":312,"pointCount":6,"homeWorkCommuteMedian":6933,"workHomeCommuteMedian":4396},"geometry":{"type":"Polygon","coordinates":[[[121.10982577090665,24.93460139768946],[121.10982577090665,24.943594601326705],[121.1188189745439,24.943594601326705],[121.1188189745439,24.93460139768946],[121.10982577090665,24.93460139768946]]]}},{"type":"Feature","properties":{"jobs":46,"pop":844,"pointCount":7,"homeWorkCommuteMedian":12428,"workHomeCommuteMedian":12054},"geometry":{"type":"Polygon","coordinates":[[[121.10982577090665,24.943594601326705],[121.10982577090665,24.95258780496395],[121.1188189745439,24.95258780496395],[121.1188189745439,24.943594601326705],[121.10982577090665,24.943594601326705]]]}},{"type":"Feature","properties":{"jobs":784,"pop":709,"pointCount":7,"homeWorkCommuteMedian":11594,"workHomeCommuteMedian":17115},"geometry":{"type":"Polygon","coordinates":[[[121.10982577090665,24.95258780496395],[121.10982577090665,24.961581008601197],[121.1188189745439,24.961581008601197],[121.1188189745439,24.95258780496395],[121.10982577090665,24.95258780496395]]]}},{"type":"Feature","properties":{"jobs":294,"pop":718,"pointCount":7,"homeWorkCommuteMedian":9618,"workHomeCommuteMedian":4928},"geometry":{"type":"Polygon","coordinates":[[[121.10982577090665,24.961581008601197],[121.10982577090665,24.970574212238443],[121.1188189745439,24.970574212238443],[121.1188189745439,24.961581008601197],[121.10982577090665,24.961581008601197]]]}},{"type":"Feature","properties":{"jobs":148,"pop":376,"pointCount":6,"homeWorkCommuteMedian":55190,"workHomeCommuteMedian":2456},"geometry":{"type":"Polygon","coordinates":[[[121.10982577090665,24.970574212238443],[121.10982577090665,24.97956741587569],[121.1188189745439,24.97956741587569],[121.1188189745439,24.970574212238443],[121.10982577090665,24.970574212238443]]]}},{"type":"Feature","properties":{"jobs":89,"pop":178,"pointCount":3,"homeWorkCommuteMedian":11398,"workHomeCommuteMedian":20178},"geometry":{"type":"Polygon","coordinates":[[[121.10982577090665,24.97956741587569],[121.10982577090665,24.988560619512935],[121.1188189745439,24.988560619512935],[121.1188189745439,24.97956741587569],[121.10982577090665,24.97956741587569]]]}},{"type":"Feature","properties":{"jobs":55,"pop":319,"pointCount":6,"homeWorkCommuteMedian":7573,"workHomeCommuteMedian":29745},"geometry":{"type":"Polygon","coordinates":[[[121.10982577090665,24.988560619512935],[121.10982577090665,24.99755382315018],[121.1188189745439,24.99755382315018],[121.1188189745439,24.988560619512935],[121.10982577090665,24.988560619512935]]]}},{"type":"Feature","properties":{"jobs":0,"pop":230,"pointCount":2,"homeWorkCommuteMedian":20131,"workHomeCommuteMedian":-1},"geometry":{"type":"Polygon","coordinates":[[[121.10982577090665,24.99755382315018],[121.10982577090665,25.006547026787427],[121.1188189745439,25.006547026787427],[121.1188189745439,24.99755382315018],[121.10982577090665,24.99755382315018]]]}},{"type":"Feature","properties":{"jobs":66,"pop":244,"pointCount":3,"homeWorkCommuteMedian":5548,"workHomeCommuteMedian":31341},"geometry":{"type":"Polygon","coordinates":[[[121.10982577090665,25.006547026787427],[121.10982577090665,25.015540230424673],[121.1188189745439,25.015540230424673],[121.1188189745439,25.006547026787427],[121.10982577090665,25.006547026787427]]]}},{"type":"Feature","properties":{"jobs":136,"pop":624,"pointCount":7,"homeWorkCommuteMedian":6592,"workHomeCommuteMedian":6359},"geometry":{"type":"Polygon","coordinates":[[[121.10982577090665,25.015540230424673],[121.10982577090665,25.02453343406192],[121.1188189745439,25.02453343406192],[121.1188189745439,25.015540230424673],[121.10982577090665,25.015540230424673]]]}},{"type":"Feature","properties":{"jobs":3336,"pop":664,"pointCount":4,"homeWorkCommuteMedian":16221,"workHomeCommuteMedian":4798},"geometry":{"type":"Polygon","coordinates":[[[121.10982577090665,25.02453343406192],[121.10982577090665,25.033526637699165],[121.1188189745439,25.033526637699165],[121.1188189745439,25.02453343406192],[121.10982577090665,25.02453343406192]]]}},{"type":"Feature","properties":{"jobs":4953,"pop":286,"pointCount":5,"homeWorkCommuteMedian":21408,"workHomeCommuteMedian":7398},"geometry":{"type":"Polygon","coordinates":[[[121.10982577090665,25.033526637699165],[121.10982577090665,25.04251984133641],[121.1188189745439,25.04251984133641],[121.1188189745439,25.033526637699165],[121.10982577090665,25.033526637699165]]]}},{"type":"Feature","properties":{"jobs":3050,"pop":91,"pointCount":9,"homeWorkCommuteMedian":7707,"workHomeCommuteMedian":8006},"geometry":{"type":"Polygon","coordinates":[[[121.10982577090665,25.04251984133641],[121.10982577090665,25.051513044973657],[121.1188189745439,25.051513044973657],[121.1188189745439,25.04251984133641],[121.10982577090665,25.04251984133641]]]}},{"type":"Feature","properties":{"jobs":971,"pop":0,"pointCount":3,"homeWorkCommuteMedian":-1,"workHomeCommuteMedian":12716},"geometry":{"type":"Polygon","coordinates":[[[121.10982577090665,25.051513044973657],[121.10982577090665,25.060506248610903],[121.1188189745439,25.060506248610903],[121.1188189745439,25.051513044973657],[121.10982577090665,25.051513044973657]]]}},{"type":"Feature","properties":{"jobs":560,"pop":0,"pointCount":2,"homeWorkCommuteMedian":-1,"workHomeCommuteMedian":6371},"geometry":{"type":"Polygon","coordinates":[[[121.10982577090665,25.060506248610903],[121.10982577090665,25.06949945224815],[121.1188189745439,25.06949945224815],[121.1188189745439,25.060506248610903],[121.10982577090665,25.060506248610903]]]}},{"type":"Feature","properties":{"jobs":55,"pop":483,"pointCount":5,"homeWorkCommuteMedian":9743,"workHomeCommuteMedian":3466},"geometry":{"type":"Polygon","coordinates":[[[121.1188189745439,24.88963537950323],[121.1188189745439,24.898628583140475],[121.12781217818114,24.898628583140475],[121.12781217818114,24.88963537950323],[121.1188189745439,24.88963537950323]]]}},{"type":"Feature","properties":{"jobs":173,"pop":1440,"pointCount":3,"homeWorkCommuteMedian":22426,"workHomeCommuteMedian":5754},"geometry":{"type":"Polygon","coordinates":[[[121.1188189745439,24.898628583140475],[121.1188189745439,24.90762178677772],[121.12781217818114,24.90762178677772],[121.12781217818114,24.898628583140475],[121.1188189745439,24.898628583140475]]]}},{"type":"Feature","properties":{"jobs":239,"pop":1796,"pointCount":9,"homeWorkCommuteMedian":9471,"workHomeCommuteMedian":7794},"geometry":{"type":"Polygon","coordinates":[[[121.1188189745439,24.90762178677772],[121.1188189745439,24.916614990414967],[121.12781217818114,24.916614990414967],[121.12781217818114,24.90762178677772],[121.1188189745439,24.90762178677772]]]}},{"type":"Feature","properties":{"jobs":181,"pop":246,"pointCount":4,"homeWorkCommuteMedian":7902,"workHomeCommuteMedian":5977},"geometry":{"type":"Polygon","coordinates":[[[121.1188189745439,24.916614990414967],[121.1188189745439,24.925608194052213],[121.12781217818114,24.925608194052213],[121.12781217818114,24.916614990414967],[121.1188189745439,24.916614990414967]]]}},{"type":"Feature","properties":{"jobs":319,"pop":962,"pointCount":8,"homeWorkCommuteMedian":31657,"workHomeCommuteMedian":6940},"geometry":{"type":"Polygon","coordinates":[[[121.1188189745439,24.925608194052213],[121.1188189745439,24.93460139768946],[121.12781217818114,24.93460139768946],[121.12781217818114,24.925608194052213],[121.1188189745439,24.925608194052213]]]}},{"type":"Feature","properties":{"jobs":258,"pop":311,"pointCount":5,"homeWorkCommuteMedian":18114,"workHomeCommuteMedian":7850},"geometry":{"type":"Polygon","coordinates":[[[121.1188189745439,24.93460139768946],[121.1188189745439,24.943594601326705],[121.12781217818114,24.943594601326705],[121.12781217818114,24.93460139768946],[121.1188189745439,24.93460139768946]]]}},{"type":"Feature","properties":{"jobs":265,"pop":165,"pointCount":6,"homeWorkCommuteMedian":8425,"workHomeCommuteMedian":7493},"geometry":{"type":"Polygon","coordinates":[[[121.1188189745439,24.943594601326705],[121.1188189745439,24.95258780496395],[121.12781217818114,24.95258780496395],[121.12781217818114,24.943594601326705],[121.1188189745439,24.943594601326705]]]}},{"type":"Feature","properties":{"jobs":294,"pop":330,"pointCount":8,"homeWorkCommuteMedian":8057,"workHomeCommuteMedian":6660},"geometry":{"type":"Polygon","coordinates":[[[121.1188189745439,24.95258780496395],[121.1188189745439,24.961581008601197],[121.12781217818114,24.961581008601197],[121.12781217818114,24.95258780496395],[121.1188189745439,24.95258780496395]]]}},{"type":"Feature","properties":{"jobs":241,"pop":90,"pointCount":5,"homeWorkCommuteMedian":28539,"workHomeCommuteMedian":12240},"geometry":{"type":"Polygon","coordinates":[[[121.1188189745439,24.961581008601197],[121.1188189745439,24.970574212238443],[121.12781217818114,24.970574212238443],[121.12781217818114,24.961581008601197],[121.1188189745439,24.961581008601197]]]}},{"type":"Feature","properties":{"jobs":1531,"pop":470,"pointCount":6,"homeWorkCommuteMedian":24349,"workHomeCommuteMedian":8296},"geometry":{"type":"Polygon","coordinates":[[[121.1188189745439,24.970574212238443],[121.1188189745439,24.97956741587569],[121.12781217818114,24.97956741587569],[121.12781217818114,24.970574212238443],[121.1188189745439,24.970574212238443]]]}},{"type":"Feature","properties":{"jobs":162,"pop":236,"pointCount":5,"homeWorkCommuteMedian":4473,"workHomeCommuteMedian":49900},"geometry":{"type":"Polygon","coordinates":[[[121.1188189745439,24.97956741587569],[121.1188189745439,24.988560619512935],[121.12781217818114,24.988560619512935],[121.12781217818114,24.97956741587569],[121.1188189745439,24.97956741587569]]]}},{"type":"Feature","properties":{"jobs":91,"pop":502,"pointCount":6,"homeWorkCommuteMedian":27534,"workHomeCommuteMedian":53621},"geometry":{"type":"Polygon","coordinates":[[[121.1188189745439,24.988560619512935],[121.1188189745439,24.99755382315018],[121.12781217818114,24.99755382315018],[121.12781217818114,24.988560619512935],[121.1188189745439,24.988560619512935]]]}},{"type":"Feature","properties":{"jobs":92,"pop":433,"pointCount":3,"homeWorkCommuteMedian":8405,"workHomeCommuteMedian":53010},"geometry":{"type":"Polygon","coordinates":[[[121.1188189745439,24.99755382315018],[121.1188189745439,25.006547026787427],[121.12781217818114,25.006547026787427],[121.12781217818114,24.99755382315018],[121.1188189745439,24.99755382315018]]]}},{"type":"Feature","properties":{"jobs":0,"pop":302,"pointCount":5,"homeWorkCommuteMedian":6060,"workHomeCommuteMedian":-1},"geometry":{"type":"Polygon","coordinates":[[[121.1188189745439,25.006547026787427],[121.1188189745439,25.015540230424673],[121.12781217818114,25.015540230424673],[121.12781217818114,25.006547026787427],[121.1188189745439,25.006547026787427]]]}},{"type":"Feature","properties":{"jobs":505,"pop":191,"pointCount":7,"homeWorkCommuteMedian":12360,"workHomeCommuteMedian":5578},"geometry":{"type":"Polygon","coordinates":[[[121.1188189745439,25.015540230424673],[121.1188189745439,25.02453343406192],[121.12781217818114,25.02453343406192],[121.12781217818114,25.015540230424673],[121.1188189745439,25.015540230424673]]]}},{"type":"Feature","properties":{"jobs":47,"pop":173,"pointCount":3,"homeWorkCommuteMedian":15172,"workHomeCommuteMedian":7452},"geometry":{"type":"Polygon","coordinates":[[[121.1188189745439,25.02453343406192],[121.1188189745439,25.033526637699165],[121.12781217818114,25.033526637699165],[121.12781217818114,25.02453343406192],[121.1188189745439,25.02453343406192]]]}},{"type":"Feature","properties":{"jobs":69,"pop":264,"pointCount":4,"homeWorkCommuteMedian":19320,"workHomeCommuteMedian":8923},"geometry":{"type":"Polygon","coordinates":[[[121.1188189745439,25.033526637699165],[121.1188189745439,25.04251984133641],[121.12781217818114,25.04251984133641],[121.12781217818114,25.033526637699165],[121.1188189745439,25.033526637699165]]]}},{"type":"Feature","properties":{"jobs":319,"pop":1765,"pointCount":9,"homeWorkCommuteMedian":15725,"workHomeCommuteMedian":24211},"geometry":{"type":"Polygon","coordinates":[[[121.1188189745439,25.04251984133641],[121.1188189745439,25.051513044973657],[121.12781217818114,25.051513044973657],[121.12781217818114,25.04251984133641],[121.1188189745439,25.04251984133641]]]}},{"type":"Feature","properties":{"jobs":1391,"pop":1109,"pointCount":9,"homeWorkCommuteMedian":4200,"workHomeCommuteMedian":13482},"geometry":{"type":"Polygon","coordinates":[[[121.1188189745439,25.051513044973657],[121.1188189745439,25.060506248610903],[121.12781217818114,25.060506248610903],[121.12781217818114,25.051513044973657],[121.1188189745439,25.051513044973657]]]}},{"type":"Feature","properties":{"jobs":1059,"pop":139,"pointCount":5,"homeWorkCommuteMedian":8940,"workHomeCommuteMedian":7246},"geometry":{"type":"Polygon","coordinates":[[[121.1188189745439,25.060506248610903],[121.1188189745439,25.06949945224815],[121.12781217818114,25.06949945224815],[121.12781217818114,25.060506248610903],[121.1188189745439,25.060506248610903]]]}},{"type":"Feature","properties":{"jobs":879,"pop":68,"pointCount":4,"homeWorkCommuteMedian":33081,"workHomeCommuteMedian":11312},"geometry":{"type":"Polygon","coordinates":[[[121.12781217818114,24.880642175865983],[121.12781217818114,24.88963537950323],[121.13680538181839,24.88963537950323],[121.13680538181839,24.880642175865983],[121.12781217818114,24.880642175865983]]]}},{"type":"Feature","properties":{"jobs":349,"pop":349,"pointCount":8,"homeWorkCommuteMedian":19824,"workHomeCommuteMedian":6770},"geometry":{"type":"Polygon","coordinates":[[[121.12781217818114,24.88963537950323],[121.12781217818114,24.898628583140475],[121.13680538181839,24.898628583140475],[121.13680538181839,24.88963537950323],[121.12781217818114,24.88963537950323]]]}},{"type":"Feature","properties":{"jobs":437,"pop":652,"pointCount":6,"homeWorkCommuteMedian":10856,"workHomeCommuteMedian":5517},"geometry":{"type":"Polygon","coordinates":[[[121.12781217818114,24.898628583140475],[121.12781217818114,24.90762178677772],[121.13680538181839,24.90762178677772],[121.13680538181839,24.898628583140475],[121.12781217818114,24.898628583140475]]]}},{"type":"Feature","properties":{"jobs":280,"pop":180,"pointCount":3,"homeWorkCommuteMedian":5520,"workHomeCommuteMedian":6933},"geometry":{"type":"Polygon","coordinates":[[[121.12781217818114,24.90762178677772],[121.12781217818114,24.916614990414967],[121.13680538181839,24.916614990414967],[121.13680538181839,24.90762178677772],[121.12781217818114,24.90762178677772]]]}},{"type":"Feature","properties":{"jobs":347,"pop":1837,"pointCount":10,"homeWorkCommuteMedian":6492,"workHomeCommuteMedian":6200},"geometry":{"type":"Polygon","coordinates":[[[121.12781217818114,24.916614990414967],[121.12781217818114,24.925608194052213],[121.13680538181839,24.925608194052213],[121.13680538181839,24.916614990414967],[121.12781217818114,24.916614990414967]]]}},{"type":"Feature","properties":{"jobs":42,"pop":555,"pointCount":3,"homeWorkCommuteMedian":4257,"workHomeCommuteMedian":7241},"geometry":{"type":"Polygon","coordinates":[[[121.12781217818114,24.925608194052213],[121.12781217818114,24.93460139768946],[121.13680538181839,24.93460139768946],[121.13680538181839,24.925608194052213],[121.12781217818114,24.925608194052213]]]}},{"type":"Feature","properties":{"jobs":234,"pop":440,"pointCount":4,"homeWorkCommuteMedian":17554,"workHomeCommuteMedian":8347},"geometry":{"type":"Polygon","coordinates":[[[121.12781217818114,24.93460139768946],[121.12781217818114,24.943594601326705],[121.13680538181839,24.943594601326705],[121.13680538181839,24.93460139768946],[121.12781217818114,24.93460139768946]]]}},{"type":"Feature","properties":{"jobs":5585,"pop":241,"pointCount":5,"homeWorkCommuteMedian":7004,"workHomeCommuteMedian":8541},"geometry":{"type":"Polygon","coordinates":[[[121.12781217818114,24.943594601326705],[121.12781217818114,24.95258780496395],[121.13680538181839,24.95258780496395],[121.13680538181839,24.943594601326705],[121.12781217818114,24.943594601326705]]]}},{"type":"Feature","properties":{"jobs":42,"pop":271,"pointCount":3,"homeWorkCommuteMedian":18244,"workHomeCommuteMedian":11090},"geometry":{"type":"Polygon","coordinates":[[[121.12781217818114,24.95258780496395],[121.12781217818114,24.961581008601197],[121.13680538181839,24.961581008601197],[121.13680538181839,24.95258780496395],[121.12781217818114,24.95258780496395]]]}},{"type":"Feature","properties":{"jobs":147,"pop":193,"pointCount":6,"homeWorkCommuteMedian":15941,"workHomeCommuteMedian":2910},"geometry":{"type":"Polygon","coordinates":[[[121.12781217818114,24.961581008601197],[121.12781217818114,24.970574212238443],[121.13680538181839,24.970574212238443],[121.13680538181839,24.961581008601197],[121.12781217818114,24.961581008601197]]]}},{"type":"Feature","properties":{"jobs":141,"pop":242,"pointCount":5,"homeWorkCommuteMedian":14534,"workHomeCommuteMedian":3604},"geometry":{"type":"Polygon","coordinates":[[[121.12781217818114,24.970574212238443],[121.12781217818114,24.97956741587569],[121.13680538181839,24.97956741587569],[121.13680538181839,24.970574212238443],[121.12781217818114,24.970574212238443]]]}},{"type":"Feature","properties":{"jobs":143,"pop":233,"pointCount":5,"homeWorkCommuteMedian":24769,"workHomeCommuteMedian":13071},"geometry":{"type":"Polygon","coordinates":[[[121.12781217818114,24.97956741587569],[121.12781217818114,24.988560619512935],[121.13680538181839,24.988560619512935],[121.13680538181839,24.97956741587569],[121.12781217818114,24.97956741587569]]]}},{"type":"Feature","properties":{"jobs":205,"pop":130,"pointCount":4,"homeWorkCommuteMedian":9729,"workHomeCommuteMedian":7850},"geometry":{"type":"Polygon","coordinates":[[[121.12781217818114,24.988560619512935],[121.12781217818114,24.99755382315018],[121.13680538181839,24.99755382315018],[121.13680538181839,24.988560619512935],[121.12781217818114,24.988560619512935]]]}},{"type":"Feature","properties":{"jobs":223,"pop":468,"pointCount":5,"homeWorkCommuteMedian":8373,"workHomeCommuteMedian":15078},"geometry":{"type":"Polygon","coordinates":[[[121.12781217818114,24.99755382315018],[121.12781217818114,25.006547026787427],[121.13680538181839,25.006547026787427],[121.13680538181839,24.99755382315018],[121.12781217818114,24.99755382315018]]]}},{"type":"Feature","properties":{"jobs":613,"pop":1419,"pointCount":6,"homeWorkCommuteMedian":10874,"workHomeCommuteMedian":20363},"geometry":{"type":"Polygon","coordinates":[[[121.12781217818114,25.006547026787427],[121.12781217818114,25.015540230424673],[121.13680538181839,25.015540230424673],[121.13680538181839,25.006547026787427],[121.12781217818114,25.006547026787427]]]}},{"type":"Feature","properties":{"jobs":58,"pop":489,"pointCount":6,"homeWorkCommuteMedian":25770,"workHomeCommuteMedian":12332},"geometry":{"type":"Polygon","coordinates":[[[121.12781217818114,25.015540230424673],[121.12781217818114,25.02453343406192],[121.13680538181839,25.02453343406192],[121.13680538181839,25.015540230424673],[121.12781217818114,25.015540230424673]]]}},{"type":"Feature","properties":{"jobs":0,"pop":128,"pointCount":2,"homeWorkCommuteMedian":41326,"workHomeCommuteMedian":-1},"geometry":{"type":"Polygon","coordinates":[[[121.12781217818114,25.02453343406192],[121.12781217818114,25.033526637699165],[121.13680538181839,25.033526637699165],[121.13680538181839,25.02453343406192],[121.12781217818114,25.02453343406192]]]}},{"type":"Feature","properties":{"jobs":0,"pop":762,"pointCount":4,"homeWorkCommuteMedian":8025,"workHomeCommuteMedian":-1},"geometry":{"type":"Polygon","coordinates":[[[121.12781217818114,25.033526637699165],[121.12781217818114,25.04251984133641],[121.13680538181839,25.04251984133641],[121.13680538181839,25.033526637699165],[121.12781217818114,25.033526637699165]]]}},{"type":"Feature","properties":{"jobs":960,"pop":358,"pointCount":7,"homeWorkCommuteMedian":7356,"workHomeCommuteMedian":18782},"geometry":{"type":"Polygon","coordinates":[[[121.12781217818114,25.04251984133641],[121.12781217818114,25.051513044973657],[121.13680538181839,25.051513044973657],[121.13680538181839,25.04251984133641],[121.12781217818114,25.04251984133641]]]}},{"type":"Feature","properties":{"jobs":1374,"pop":0,"pointCount":8,"homeWorkCommuteMedian":-1,"workHomeCommuteMedian":18114},"geometry":{"type":"Polygon","coordinates":[[[121.12781217818114,25.051513044973657],[121.12781217818114,25.060506248610903],[121.13680538181839,25.060506248610903],[121.13680538181839,25.051513044973657],[121.12781217818114,25.051513044973657]]]}},{"type":"Feature","properties":{"jobs":295,"pop":192,"pointCount":4,"homeWorkCommuteMedian":10337,"workHomeCommuteMedian":22876},"geometry":{"type":"Polygon","coordinates":[[[121.12781217818114,25.060506248610903],[121.12781217818114,25.06949945224815],[121.13680538181839,25.06949945224815],[121.13680538181839,25.060506248610903],[121.12781217818114,25.060506248610903]]]}},{"type":"Feature","properties":{"jobs":67,"pop":0,"pointCount":1,"homeWorkCommuteMedian":-1,"workHomeCommuteMedian":22647},"geometry":{"type":"Polygon","coordinates":[[[121.12781217818114,25.06949945224815],[121.12781217818114,25.078492655885395],[121.13680538181839,25.078492655885395],[121.13680538181839,25.06949945224815],[121.12781217818114,25.06949945224815]]]}},{"type":"Feature","properties":{"jobs":38,"pop":109,"pointCount":1,"homeWorkCommuteMedian":12833,"workHomeCommuteMedian":6196},"geometry":{"type":"Polygon","coordinates":[[[121.13680538181839,24.880642175865983],[121.13680538181839,24.88963537950323],[121.14579858545564,24.88963537950323],[121.14579858545564,24.880642175865983],[121.13680538181839,24.880642175865983]]]}},{"type":"Feature","properties":{"jobs":414,"pop":2217,"pointCount":9,"homeWorkCommuteMedian":22779,"workHomeCommuteMedian":7049},"geometry":{"type":"Polygon","coordinates":[[[121.13680538181839,24.88963537950323],[121.13680538181839,24.898628583140475],[121.14579858545564,24.898628583140475],[121.14579858545564,24.88963537950323],[121.13680538181839,24.88963537950323]]]}},{"type":"Feature","properties":{"jobs":891,"pop":4299,"pointCount":11,"homeWorkCommuteMedian":8848,"workHomeCommuteMedian":4930},"geometry":{"type":"Polygon","coordinates":[[[121.13680538181839,24.898628583140475],[121.13680538181839,24.90762178677772],[121.14579858545564,24.90762178677772],[121.14579858545564,24.898628583140475],[121.13680538181839,24.898628583140475]]]}},{"type":"Feature","properties":{"jobs":2500,"pop":3176,"pointCount":10,"homeWorkCommuteMedian":10016,"workHomeCommuteMedian":5378},"geometry":{"type":"Polygon","coordinates":[[[121.13680538181839,24.90762178677772],[121.13680538181839,24.916614990414967],[121.14579858545564,24.916614990414967],[121.14579858545564,24.90762178677772],[121.13680538181839,24.90762178677772]]]}},{"type":"Feature","properties":{"jobs":87,"pop":1349,"pointCount":4,"homeWorkCommuteMedian":16877,"workHomeCommuteMedian":5392},"geometry":{"type":"Polygon","coordinates":[[[121.13680538181839,24.916614990414967],[121.13680538181839,24.925608194052213],[121.14579858545564,24.925608194052213],[121.14579858545564,24.916614990414967],[121.13680538181839,24.916614990414967]]]}},{"type":"Feature","properties":{"jobs":40,"pop":561,"pointCount":2,"homeWorkCommuteMedian":6363,"workHomeCommuteMedian":3138},"geometry":{"type":"Polygon","coordinates":[[[121.13680538181839,24.925608194052213],[121.13680538181839,24.93460139768946],[121.14579858545564,24.93460139768946],[121.14579858545564,24.925608194052213],[121.13680538181839,24.925608194052213]]]}},{"type":"Feature","properties":{"jobs":98,"pop":653,"pointCount":5,"homeWorkCommuteMedian":6464,"workHomeCommuteMedian":13055},"geometry":{"type":"Polygon","coordinates":[[[121.13680538181839,24.93460139768946],[121.13680538181839,24.943594601326705],[121.14579858545564,24.943594601326705],[121.14579858545564,24.93460139768946],[121.13680538181839,24.93460139768946]]]}},{"type":"Feature","properties":{"jobs":1014,"pop":295,"pointCount":7,"homeWorkCommuteMedian":5265,"workHomeCommuteMedian":11239},"geometry":{"type":"Polygon","coordinates":[[[121.13680538181839,24.943594601326705],[121.13680538181839,24.95258780496395],[121.14579858545564,24.95258780496395],[121.14579858545564,24.943594601326705],[121.13680538181839,24.943594601326705]]]}},{"type":"Feature","properties":{"jobs":683,"pop":509,"pointCount":6,"homeWorkCommuteMedian":19216,"workHomeCommuteMedian":8770},"geometry":{"type":"Polygon","coordinates":[[[121.13680538181839,24.95258780496395],[121.13680538181839,24.961581008601197],[121.14579858545564,24.961581008601197],[121.14579858545564,24.95258780496395],[121.13680538181839,24.95258780496395]]]}},{"type":"Feature","properties":{"jobs":923,"pop":827,"pointCount":8,"homeWorkCommuteMedian":9565,"workHomeCommuteMedian":5100},"geometry":{"type":"Polygon","coordinates":[[[121.13680538181839,24.961581008601197],[121.13680538181839,24.970574212238443],[121.14579858545564,24.970574212238443],[121.14579858545564,24.961581008601197],[121.13680538181839,24.961581008601197]]]}},{"type":"Feature","properties":{"jobs":419,"pop":876,"pointCount":7,"homeWorkCommuteMedian":14392,"workHomeCommuteMedian":5609},"geometry":{"type":"Polygon","coordinates":[[[121.13680538181839,24.970574212238443],[121.13680538181839,24.97956741587569],[121.14579858545564,24.97956741587569],[121.14579858545564,24.970574212238443],[121.13680538181839,24.970574212238443]]]}},{"type":"Feature","properties":{"jobs":65,"pop":386,"pointCount":4,"homeWorkCommuteMedian":9396,"workHomeCommuteMedian":34069},"geometry":{"type":"Polygon","coordinates":[[[121.13680538181839,24.97956741587569],[121.13680538181839,24.988560619512935],[121.14579858545564,24.988560619512935],[121.14579858545564,24.97956741587569],[121.13680538181839,24.97956741587569]]]}},{"type":"Feature","properties":{"jobs":0,"pop":365,"pointCount":3,"homeWorkCommuteMedian":10265,"workHomeCommuteMedian":-1},"geometry":{"type":"Polygon","coordinates":[[[121.13680538181839,24.988560619512935],[121.13680538181839,24.99755382315018],[121.14579858545564,24.99755382315018],[121.14579858545564,24.988560619512935],[121.13680538181839,24.988560619512935]]]}},{"type":"Feature","properties":{"jobs":0,"pop":959,"pointCount":2,"homeWorkCommuteMedian":12727,"workHomeCommuteMedian":-1},"geometry":{"type":"Polygon","coordinates":[[[121.13680538181839,24.99755382315018],[121.13680538181839,25.006547026787427],[121.14579858545564,25.006547026787427],[121.14579858545564,24.99755382315018],[121.13680538181839,24.99755382315018]]]}},{"type":"Feature","properties":{"jobs":811,"pop":849,"pointCount":9,"homeWorkCommuteMedian":23028,"workHomeCommuteMedian":11458},"geometry":{"type":"Polygon","coordinates":[[[121.13680538181839,25.006547026787427],[121.13680538181839,25.015540230424673],[121.14579858545564,25.015540230424673],[121.14579858545564,25.006547026787427],[121.13680538181839,25.006547026787427]]]}},{"type":"Feature","properties":{"jobs":28,"pop":617,"pointCount":5,"homeWorkCommuteMedian":9550,"workHomeCommuteMedian":23930},"geometry":{"type":"Polygon","coordinates":[[[121.13680538181839,25.015540230424673],[121.13680538181839,25.02453343406192],[121.14579858545564,25.02453343406192],[121.14579858545564,25.015540230424673],[121.13680538181839,25.015540230424673]]]}},{"type":"Feature","properties":{"jobs":0,"pop":102,"pointCount":1,"homeWorkCommuteMedian":12945,"workHomeCommuteMedian":-1},"geometry":{"type":"Polygon","coordinates":[[[121.13680538181839,25.02453343406192],[121.13680538181839,25.033526637699165],[121.14579858545564,25.033526637699165],[121.14579858545564,25.02453343406192],[121.13680538181839,25.02453343406192]]]}},{"type":"Feature","properties":{"jobs":484,"pop":3307,"pointCount":6,"homeWorkCommuteMedian":10990,"workHomeCommuteMedian":6873},"geometry":{"type":"Polygon","coordinates":[[[121.13680538181839,25.033526637699165],[121.13680538181839,25.04251984133641],[121.14579858545564,25.04251984133641],[121.14579858545564,25.033526637699165],[121.13680538181839,25.033526637699165]]]}},{"type":"Feature","properties":{"jobs":1237,"pop":2569,"pointCount":15,"homeWorkCommuteMedian":6655,"workHomeCommuteMedian":11364},"geometry":{"type":"Polygon","coordinates":[[[121.13680538181839,25.04251984133641],[121.13680538181839,25.051513044973657],[121.14579858545564,25.051513044973657],[121.14579858545564,25.04251984133641],[121.13680538181839,25.04251984133641]]]}},{"type":"Feature","properties":{"jobs":226,"pop":644,"pointCount":4,"homeWorkCommuteMedian":49188,"workHomeCommuteMedian":5770},"geometry":{"type":"Polygon","coordinates":[[[121.13680538181839,25.051513044973657],[121.13680538181839,25.060506248610903],[121.14579858545564,25.060506248610903],[121.14579858545564,25.051513044973657],[121.13680538181839,25.051513044973657]]]}},{"type":"Feature","properties":{"jobs":522,"pop":41,"pointCount":5,"homeWorkCommuteMedian":5719,"workHomeCommuteMedian":19690},"geometry":{"type":"Polygon","coordinates":[[[121.13680538181839,25.060506248610903],[121.13680538181839,25.06949945224815],[121.14579858545564,25.06949945224815],[121.14579858545564,25.060506248610903],[121.13680538181839,25.060506248610903]]]}},{"type":"Feature","properties":{"jobs":161,"pop":55,"pointCount":4,"homeWorkCommuteMedian":40713,"workHomeCommuteMedian":13619},"geometry":{"type":"Polygon","coordinates":[[[121.13680538181839,25.06949945224815],[121.13680538181839,25.078492655885395],[121.14579858545564,25.078492655885395],[121.14579858545564,25.06949945224815],[121.13680538181839,25.06949945224815]]]}},{"type":"Feature","properties":{"jobs":75,"pop":63,"pointCount":2,"homeWorkCommuteMedian":7976,"workHomeCommuteMedian":8644},"geometry":{"type":"Polygon","coordinates":[[[121.14579858545564,24.880642175865983],[121.14579858545564,24.88963537950323],[121.15479178909288,24.88963537950323],[121.15479178909288,24.880642175865983],[121.14579858545564,24.880642175865983]]]}},{"type":"Feature","properties":{"jobs":245,"pop":1107,"pointCount":5,"homeWorkCommuteMedian":38796,"workHomeCommuteMedian":4879},"geometry":{"type":"Polygon","coordinates":[[[121.14579858545564,24.88963537950323],[121.14579858545564,24.898628583140475],[121.15479178909288,24.898628583140475],[121.15479178909288,24.88963537950323],[121.14579858545564,24.88963537950323]]]}},{"type":"Feature","properties":{"jobs":2787,"pop":3858,"pointCount":12,"homeWorkCommuteMedian":10800,"workHomeCommuteMedian":4871},"geometry":{"type":"Polygon","coordinates":[[[121.14579858545564,24.898628583140475],[121.14579858545564,24.90762178677772],[121.15479178909288,24.90762178677772],[121.15479178909288,24.898628583140475],[121.14579858545564,24.898628583140475]]]}},{"type":"Feature","properties":{"jobs":3011,"pop":5192,"pointCount":10,"homeWorkCommuteMedian":16570,"workHomeCommuteMedian":4716},"geometry":{"type":"Polygon","coordinates":[[[121.14579858545564,24.90762178677772],[121.14579858545564,24.916614990414967],[121.15479178909288,24.916614990414967],[121.15479178909288,24.90762178677772],[121.14579858545564,24.90762178677772]]]}},{"type":"Feature","properties":{"jobs":365,"pop":506,"pointCount":4,"homeWorkCommuteMedian":30789,"workHomeCommuteMedian":8613},"geometry":{"type":"Polygon","coordinates":[[[121.14579858545564,24.916614990414967],[121.14579858545564,24.925608194052213],[121.15479178909288,24.925608194052213],[121.15479178909288,24.916614990414967],[121.14579858545564,24.916614990414967]]]}},{"type":"Feature","properties":{"jobs":275,"pop":651,"pointCount":5,"homeWorkCommuteMedian":6805,"workHomeCommuteMedian":3897},"geometry":{"type":"Polygon","coordinates":[[[121.14579858545564,24.925608194052213],[121.14579858545564,24.93460139768946],[121.15479178909288,24.93460139768946],[121.15479178909288,24.925608194052213],[121.14579858545564,24.925608194052213]]]}},{"type":"Feature","properties":{"jobs":270,"pop":386,"pointCount":4,"homeWorkCommuteMedian":7670,"workHomeCommuteMedian":10585},"geometry":{"type":"Polygon","coordinates":[[[121.14579858545564,24.93460139768946],[121.14579858545564,24.943594601326705],[121.15479178909288,24.943594601326705],[121.15479178909288,24.93460139768946],[121.14579858545564,24.93460139768946]]]}},{"type":"Feature","properties":{"jobs":669,"pop":126,"pointCount":6,"homeWorkCommuteMedian":42167,"workHomeCommuteMedian":12514},"geometry":{"type":"Polygon","coordinates":[[[121.14579858545564,24.943594601326705],[121.14579858545564,24.95258780496395],[121.15479178909288,24.95258780496395],[121.15479178909288,24.943594601326705],[121.14579858545564,24.943594601326705]]]}},{"type":"Feature","properties":{"jobs":284,"pop":144,"pointCount":3,"homeWorkCommuteMedian":44944,"workHomeCommuteMedian":13850},"geometry":{"type":"Polygon","coordinates":[[[121.14579858545564,24.95258780496395],[121.14579858545564,24.961581008601197],[121.15479178909288,24.961581008601197],[121.15479178909288,24.95258780496395],[121.14579858545564,24.95258780496395]]]}},{"type":"Feature","properties":{"jobs":669,"pop":1942,"pointCount":8,"homeWorkCommuteMedian":9812,"workHomeCommuteMedian":12701},"geometry":{"type":"Polygon","coordinates":[[[121.14579858545564,24.961581008601197],[121.14579858545564,24.970574212238443],[121.15479178909288,24.970574212238443],[121.15479178909288,24.961581008601197],[121.14579858545564,24.961581008601197]]]}},{"type":"Feature","properties":{"jobs":1760,"pop":426,"pointCount":7,"homeWorkCommuteMedian":10504,"workHomeCommuteMedian":14035},"geometry":{"type":"Polygon","coordinates":[[[121.14579858545564,24.970574212238443],[121.14579858545564,24.97956741587569],[121.15479178909288,24.97956741587569],[121.15479178909288,24.970574212238443],[121.14579858545564,24.970574212238443]]]}},{"type":"Feature","properties":{"jobs":34,"pop":223,"pointCount":4,"homeWorkCommuteMedian":11368,"workHomeCommuteMedian":8314},"geometry":{"type":"Polygon","coordinates":[[[121.14579858545564,24.97956741587569],[121.14579858545564,24.988560619512935],[121.15479178909288,24.988560619512935],[121.15479178909288,24.97956741587569],[121.14579858545564,24.97956741587569]]]}},{"type":"Feature","properties":{"jobs":0,"pop":151,"pointCount":2,"homeWorkCommuteMedian":12928,"workHomeCommuteMedian":-1},"geometry":{"type":"Polygon","coordinates":[[[121.14579858545564,24.988560619512935],[121.14579858545564,24.99755382315018],[121.15479178909288,24.99755382315018],[121.15479178909288,24.988560619512935],[121.14579858545564,24.988560619512935]]]}},{"type":"Feature","properties":{"jobs":654,"pop":639,"pointCount":5,"homeWorkCommuteMedian":9741,"workHomeCommuteMedian":10184},"geometry":{"type":"Polygon","coordinates":[[[121.14579858545564,24.99755382315018],[121.14579858545564,25.006547026787427],[121.15479178909288,25.006547026787427],[121.15479178909288,24.99755382315018],[121.14579858545564,24.99755382315018]]]}},{"type":"Feature","properties":{"jobs":29,"pop":300,"pointCount":4,"homeWorkCommuteMedian":9528,"workHomeCommuteMedian":5187},"geometry":{"type":"Polygon","coordinates":[[[121.14579858545564,25.006547026787427],[121.14579858545564,25.015540230424673],[121.15479178909288,25.015540230424673],[121.15479178909288,25.006547026787427],[121.14579858545564,25.006547026787427]]]}},{"type":"Feature","properties":{"jobs":113,"pop":354,"pointCount":6,"homeWorkCommuteMedian":12032,"workHomeCommuteMedian":21641},"geometry":{"type":"Polygon","coordinates":[[[121.14579858545564,25.015540230424673],[121.14579858545564,25.02453343406192],[121.15479178909288,25.02453343406192],[121.15479178909288,25.015540230424673],[121.14579858545564,25.015540230424673]]]}},{"type":"Feature","properties":{"jobs":74,"pop":349,"pointCount":6,"homeWorkCommuteMedian":6980,"workHomeCommuteMedian":7425},"geometry":{"type":"Polygon","coordinates":[[[121.14579858545564,25.02453343406192],[121.14579858545564,25.033526637699165],[121.15479178909288,25.033526637699165],[121.15479178909288,25.02453343406192],[121.14579858545564,25.02453343406192]]]}},{"type":"Feature","properties":{"jobs":0,"pop":174,"pointCount":2,"homeWorkCommuteMedian":11212,"workHomeCommuteMedian":-1},"geometry":{"type":"Polygon","coordinates":[[[121.14579858545564,25.033526637699165],[121.14579858545564,25.04251984133641],[121.15479178909288,25.04251984133641],[121.15479178909288,25.033526637699165],[121.14579858545564,25.033526637699165]]]}},{"type":"Feature","properties":{"jobs":40,"pop":295,"pointCount":4,"homeWorkCommuteMedian":12059,"workHomeCommuteMedian":4272},"geometry":{"type":"Polygon","coordinates":[[[121.14579858545564,25.04251984133641],[121.14579858545564,25.051513044973657],[121.15479178909288,25.051513044973657],[121.15479178909288,25.04251984133641],[121.14579858545564,25.04251984133641]]]}},{"type":"Feature","properties":{"jobs":186,"pop":357,"pointCount":7,"homeWorkCommuteMedian":15402,"workHomeCommuteMedian":23744},"geometry":{"type":"Polygon","coordinates":[[[121.14579858545564,25.051513044973657],[121.14579858545564,25.060506248610903],[121.15479178909288,25.060506248610903],[121.15479178909288,25.051513044973657],[121.14579858545564,25.051513044973657]]]}},{"type":"Feature","properties":{"jobs":0,"pop":233,"pointCount":4,"homeWorkCommuteMedian":15785,"workHomeCommuteMedian":-1},"geometry":{"type":"Polygon","coordinates":[[[121.14579858545564,25.060506248610903],[121.14579858545564,25.06949945224815],[121.15479178909288,25.06949945224815],[121.15479178909288,25.060506248610903],[121.14579858545564,25.060506248610903]]]}},{"type":"Feature","properties":{"jobs":690,"pop":32,"pointCount":6,"homeWorkCommuteMedian":10996,"workHomeCommuteMedian":11272},"geometry":{"type":"Polygon","coordinates":[[[121.14579858545564,25.06949945224815],[121.14579858545564,25.078492655885395],[121.15479178909288,25.078492655885395],[121.15479178909288,25.06949945224815],[121.14579858545564,25.06949945224815]]]}},{"type":"Feature","properties":{"jobs":0,"pop":34,"pointCount":1,"homeWorkCommuteMedian":10667,"workHomeCommuteMedian":-1},"geometry":{"type":"Polygon","coordinates":[[[121.15479178909288,24.835676157679753],[121.15479178909288,24.844669361317],[121.16378499273013,24.844669361317],[121.16378499273013,24.835676157679753],[121.15479178909288,24.835676157679753]]]}},{"type":"Feature","properties":{"jobs":0,"pop":88,"pointCount":1,"homeWorkCommuteMedian":50567,"workHomeCommuteMedian":-1},"geometry":{"type":"Polygon","coordinates":[[[121.15479178909288,24.86265576859149],[121.15479178909288,24.871648972228737],[121.16378499273013,24.871648972228737],[121.16378499273013,24.86265576859149],[121.15479178909288,24.86265576859149]]]}},{"type":"Feature","properties":{"jobs":446,"pop":624,"pointCount":2,"homeWorkCommuteMedian":32712,"workHomeCommuteMedian":6417},"geometry":{"type":"Polygon","coordinates":[[[121.15479178909288,24.880642175865983],[121.15479178909288,24.88963537950323],[121.16378499273013,24.88963537950323],[121.16378499273013,24.880642175865983],[121.15479178909288,24.880642175865983]]]}},{"type":"Feature","properties":{"jobs":47,"pop":1884,"pointCount":4,"homeWorkCommuteMedian":31516,"workHomeCommuteMedian":1965},"geometry":{"type":"Polygon","coordinates":[[[121.15479178909288,24.88963537950323],[121.15479178909288,24.898628583140475],[121.16378499273013,24.898628583140475],[121.16378499273013,24.88963537950323],[121.15479178909288,24.88963537950323]]]}},{"type":"Feature","properties":{"jobs":1082,"pop":2804,"pointCount":6,"homeWorkCommuteMedian":10709,"workHomeCommuteMedian":3036},"geometry":{"type":"Polygon","coordinates":[[[121.15479178909288,24.898628583140475],[121.15479178909288,24.90762178677772],[121.16378499273013,24.90762178677772],[121.16378499273013,24.898628583140475],[121.15479178909288,24.898628583140475]]]}},{"type":"Feature","properties":{"jobs":3963,"pop":5727,"pointCount":9,"homeWorkCommuteMedian":8236,"workHomeCommuteMedian":6304},"geometry":{"type":"Polygon","coordinates":[[[121.15479178909288,24.90762178677772],[121.15479178909288,24.916614990414967],[121.16378499273013,24.916614990414967],[121.16378499273013,24.90762178677772],[121.15479178909288,24.90762178677772]]]}},{"type":"Feature","properties":{"jobs":3159,"pop":45,"pointCount":4,"homeWorkCommuteMedian":8160,"workHomeCommuteMedian":7307},"geometry":{"type":"Polygon","coordinates":[[[121.15479178909288,24.916614990414967],[121.15479178909288,24.925608194052213],[121.16378499273013,24.925608194052213],[121.16378499273013,24.916614990414967],[121.15479178909288,24.916614990414967]]]}},{"type":"Feature","properties":{"jobs":1044,"pop":396,"pointCount":6,"homeWorkCommuteMedian":5881,"workHomeCommuteMedian":7976},"geometry":{"type":"Polygon","coordinates":[[[121.15479178909288,24.925608194052213],[121.15479178909288,24.93460139768946],[121.16378499273013,24.93460139768946],[121.16378499273013,24.925608194052213],[121.15479178909288,24.925608194052213]]]}},{"type":"Feature","properties":{"jobs":658,"pop":636,"pointCount":5,"homeWorkCommuteMedian":9775,"workHomeCommuteMedian":5819},"geometry":{"type":"Polygon","coordinates":[[[121.15479178909288,24.93460139768946],[121.15479178909288,24.943594601326705],[121.16378499273013,24.943594601326705],[121.16378499273013,24.93460139768946],[121.15479178909288,24.93460139768946]]]}},{"type":"Feature","properties":{"jobs":324,"pop":528,"pointCount":5,"homeWorkCommuteMedian":12310,"workHomeCommuteMedian":9358},"geometry":{"type":"Polygon","coordinates":[[[121.15479178909288,24.943594601326705],[121.15479178909288,24.95258780496395],[121.16378499273013,24.95258780496395],[121.16378499273013,24.943594601326705],[121.15479178909288,24.943594601326705]]]}},{"type":"Feature","properties":{"jobs":1211,"pop":1749,"pointCount":6,"homeWorkCommuteMedian":10597,"workHomeCommuteMedian":8160},"geometry":{"type":"Polygon","coordinates":[[[121.15479178909288,24.95258780496395],[121.15479178909288,24.961581008601197],[121.16378499273013,24.961581008601197],[121.16378499273013,24.95258780496395],[121.15479178909288,24.95258780496395]]]}},{"type":"Feature","properties":{"jobs":954,"pop":1555,"pointCount":7,"homeWorkCommuteMedian":8066,"workHomeCommuteMedian":12603},"geometry":{"type":"Polygon","coordinates":[[[121.15479178909288,24.961581008601197],[121.15479178909288,24.970574212238443],[121.16378499273013,24.970574212238443],[121.16378499273013,24.961581008601197],[121.15479178909288,24.961581008601197]]]}},{"type":"Feature","properties":{"jobs":405,"pop":1002,"pointCount":6,"homeWorkCommuteMedian":14111,"workHomeCommuteMedian":10218},"geometry":{"type":"Polygon","coordinates":[[[121.15479178909288,24.970574212238443],[121.15479178909288,24.97956741587569],[121.16378499273013,24.97956741587569],[121.16378499273013,24.970574212238443],[121.15479178909288,24.970574212238443]]]}},{"type":"Feature","properties":{"jobs":93,"pop":282,"pointCount":5,"homeWorkCommuteMedian":19809,"workHomeCommuteMedian":15146},"geometry":{"type":"Polygon","coordinates":[[[121.15479178909288,24.97956741587569],[121.15479178909288,24.988560619512935],[121.16378499273013,24.988560619512935],[121.16378499273013,24.97956741587569],[121.15479178909288,24.97956741587569]]]}},{"type":"Feature","properties":{"jobs":112,"pop":392,"pointCount":3,"homeWorkCommuteMedian":46217,"workHomeCommuteMedian":13100},"geometry":{"type":"Polygon","coordinates":[[[121.15479178909288,24.988560619512935],[121.15479178909288,24.99755382315018],[121.16378499273013,24.99755382315018],[121.16378499273013,24.988560619512935],[121.15479178909288,24.988560619512935]]]}},{"type":"Feature","properties":{"jobs":374,"pop":945,"pointCount":9,"homeWorkCommuteMedian":12528,"workHomeCommuteMedian":13214},"geometry":{"type":"Polygon","coordinates":[[[121.15479178909288,24.99755382315018],[121.15479178909288,25.006547026787427],[121.16378499273013,25.006547026787427],[121.16378499273013,24.99755382315018],[121.15479178909288,24.99755382315018]]]}},{"type":"Feature","properties":{"jobs":31,"pop":280,"pointCount":4,"homeWorkCommuteMedian":7203,"workHomeCommuteMedian":11295},"geometry":{"type":"Polygon","coordinates":[[[121.15479178909288,25.006547026787427],[121.15479178909288,25.015540230424673],[121.16378499273013,25.015540230424673],[121.16378499273013,25.006547026787427],[121.15479178909288,25.006547026787427]]]}},{"type":"Feature","properties":{"jobs":0,"pop":144,"pointCount":3,"homeWorkCommuteMedian":32576,"workHomeCommuteMedian":-1},"geometry":{"type":"Polygon","coordinates":[[[121.15479178909288,25.015540230424673],[121.15479178909288,25.02453343406192],[121.16378499273013,25.02453343406192],[121.16378499273013,25.015540230424673],[121.15479178909288,25.015540230424673]]]}},{"type":"Feature","properties":{"jobs":0,"pop":284,"pointCount":6,"homeWorkCommuteMedian":50551,"workHomeCommuteMedian":-1},"geometry":{"type":"Polygon","coordinates":[[[121.15479178909288,25.02453343406192],[121.15479178909288,25.033526637699165],[121.16378499273013,25.033526637699165],[121.16378499273013,25.02453343406192],[121.15479178909288,25.02453343406192]]]}},{"type":"Feature","properties":{"jobs":0,"pop":51,"pointCount":1,"homeWorkCommuteMedian":15333,"workHomeCommuteMedian":-1},"geometry":{"type":"Polygon","coordinates":[[[121.15479178909288,25.033526637699165],[121.15479178909288,25.04251984133641],[121.16378499273013,25.04251984133641],[121.16378499273013,25.033526637699165],[121.15479178909288,25.033526637699165]]]}},{"type":"Feature","properties":{"jobs":43,"pop":281,"pointCount":5,"homeWorkCommuteMedian":13288,"workHomeCommuteMedian":6762},"geometry":{"type":"Polygon","coordinates":[[[121.15479178909288,25.04251984133641],[121.15479178909288,25.051513044973657],[121.16378499273013,25.051513044973657],[121.16378499273013,25.04251984133641],[121.15479178909288,25.04251984133641]]]}},{"type":"Feature","properties":{"jobs":195,"pop":1658,"pointCount":7,"homeWorkCommuteMedian":12835,"workHomeCommuteMedian":12820},"geometry":{"type":"Polygon","coordinates":[[[121.15479178909288,25.051513044973657],[121.15479178909288,25.060506248610903],[121.16378499273013,25.060506248610903],[121.16378499273013,25.051513044973657],[121.15479178909288,25.051513044973657]]]}},{"type":"Feature","properties":{"jobs":29,"pop":138,"pointCount":3,"homeWorkCommuteMedian":50651,"workHomeCommuteMedian":19221},"geometry":{"type":"Polygon","coordinates":[[[121.15479178909288,25.060506248610903],[121.15479178909288,25.06949945224815],[121.16378499273013,25.06949945224815],[121.16378499273013,25.060506248610903],[121.15479178909288,25.060506248610903]]]}},{"type":"Feature","properties":{"jobs":50,"pop":122,"pointCount":4,"homeWorkCommuteMedian":4672,"workHomeCommuteMedian":13438},"geometry":{"type":"Polygon","coordinates":[[[121.15479178909288,25.06949945224815],[121.15479178909288,25.078492655885395],[121.16378499273013,25.078492655885395],[121.16378499273013,25.06949945224815],[121.15479178909288,25.06949945224815]]]}},{"type":"Feature","properties":{"jobs":0,"pop":112,"pointCount":1,"homeWorkCommuteMedian":11345,"workHomeCommuteMedian":-1},"geometry":{"type":"Polygon","coordinates":[[[121.16378499273013,24.826682954042507],[121.16378499273013,24.835676157679753],[121.17277819636737,24.835676157679753],[121.17277819636737,24.826682954042507],[121.16378499273013,24.826682954042507]]]}},{"type":"Feature","properties":{"jobs":172,"pop":222,"pointCount":3,"homeWorkCommuteMedian":8828,"workHomeCommuteMedian":10857},"geometry":{"type":"Polygon","coordinates":[[[121.16378499273013,24.835676157679753],[121.16378499273013,24.844669361317],[121.17277819636737,24.844669361317],[121.17277819636737,24.835676157679753],[121.16378499273013,24.835676157679753]]]}},{"type":"Feature","properties":{"jobs":33,"pop":264,"pointCount":4,"homeWorkCommuteMedian":53598,"workHomeCommuteMedian":6786},"geometry":{"type":"Polygon","coordinates":[[[121.16378499273013,24.844669361317],[121.16378499273013,24.853662564954245],[121.17277819636737,24.853662564954245],[121.17277819636737,24.844669361317],[121.16378499273013,24.844669361317]]]}},{"type":"Feature","properties":{"jobs":0,"pop":213,"pointCount":1,"homeWorkCommuteMedian":30368,"workHomeCommuteMedian":-1},"geometry":{"type":"Polygon","coordinates":[[[121.16378499273013,24.853662564954245],[121.16378499273013,24.86265576859149],[121.17277819636737,24.86265576859149],[121.17277819636737,24.853662564954245],[121.16378499273013,24.853662564954245]]]}},{"type":"Feature","properties":{"jobs":74,"pop":0,"pointCount":1,"homeWorkCommuteMedian":-1,"workHomeCommuteMedian":8952},"geometry":{"type":"Polygon","coordinates":[[[121.16378499273013,24.86265576859149],[121.16378499273013,24.871648972228737],[121.17277819636737,24.871648972228737],[121.17277819636737,24.86265576859149],[121.16378499273013,24.86265576859149]]]}},{"type":"Feature","properties":{"jobs":61,"pop":0,"pointCount":2,"homeWorkCommuteMedian":-1,"workHomeCommuteMedian":54558},"geometry":{"type":"Polygon","coordinates":[[[121.16378499273013,24.871648972228737],[121.16378499273013,24.880642175865983],[121.17277819636737,24.880642175865983],[121.17277819636737,24.871648972228737],[121.16378499273013,24.871648972228737]]]}},{"type":"Feature","properties":{"jobs":64,"pop":1078,"pointCount":3,"homeWorkCommuteMedian":14431,"workHomeCommuteMedian":11918},"geometry":{"type":"Polygon","coordinates":[[[121.16378499273013,24.880642175865983],[121.16378499273013,24.88963537950323],[121.17277819636737,24.88963537950323],[121.17277819636737,24.880642175865983],[121.16378499273013,24.880642175865983]]]}},{"type":"Feature","properties":{"jobs":461,"pop":1635,"pointCount":4,"homeWorkCommuteMedian":11233,"workHomeCommuteMedian":9416},"geometry":{"type":"Polygon","coordinates":[[[121.16378499273013,24.898628583140475],[121.16378499273013,24.90762178677772],[121.17277819636737,24.90762178677772],[121.17277819636737,24.898628583140475],[121.16378499273013,24.898628583140475]]]}},{"type":"Feature","properties":{"jobs":1450,"pop":3245,"pointCount":9,"homeWorkCommuteMedian":9516,"workHomeCommuteMedian":5766},"geometry":{"type":"Polygon","coordinates":[[[121.16378499273013,24.90762178677772],[121.16378499273013,24.916614990414967],[121.17277819636737,24.916614990414967],[121.17277819636737,24.90762178677772],[121.16378499273013,24.90762178677772]]]}},{"type":"Feature","properties":{"jobs":1576,"pop":2277,"pointCount":5,"homeWorkCommuteMedian":9877,"workHomeCommuteMedian":6997},"geometry":{"type":"Polygon","coordinates":[[[121.16378499273013,24.916614990414967],[121.16378499273013,24.925608194052213],[121.17277819636737,24.925608194052213],[121.17277819636737,24.916614990414967],[121.16378499273013,24.916614990414967]]]}},{"type":"Feature","properties":{"jobs":6791,"pop":269,"pointCount":10,"homeWorkCommuteMedian":5474,"workHomeCommuteMedian":6077},"geometry":{"type":"Polygon","coordinates":[[[121.16378499273013,24.925608194052213],[121.16378499273013,24.93460139768946],[121.17277819636737,24.93460139768946],[121.17277819636737,24.925608194052213],[121.16378499273013,24.925608194052213]]]}},{"type":"Feature","properties":{"jobs":1015,"pop":705,"pointCount":7,"homeWorkCommuteMedian":9473,"workHomeCommuteMedian":5425},"geometry":{"type":"Polygon","coordinates":[[[121.16378499273013,24.93460139768946],[121.16378499273013,24.943594601326705],[121.17277819636737,24.943594601326705],[121.17277819636737,24.93460139768946],[121.16378499273013,24.93460139768946]]]}},{"type":"Feature","properties":{"jobs":1230,"pop":215,"pointCount":6,"homeWorkCommuteMedian":10534,"workHomeCommuteMedian":8826},"geometry":{"type":"Polygon","coordinates":[[[121.16378499273013,24.943594601326705],[121.16378499273013,24.95258780496395],[121.17277819636737,24.95258780496395],[121.17277819636737,24.943594601326705],[121.16378499273013,24.943594601326705]]]}},{"type":"Feature","properties":{"jobs":5579,"pop":4399,"pointCount":16,"homeWorkCommuteMedian":12936,"workHomeCommuteMedian":9675},"geometry":{"type":"Polygon","coordinates":[[[121.16378499273013,24.95258780496395],[121.16378499273013,24.961581008601197],[121.17277819636737,24.961581008601197],[121.17277819636737,24.95258780496395],[121.16378499273013,24.95258780496395]]]}},{"type":"Feature","properties":{"jobs":794,"pop":1077,"pointCount":6,"homeWorkCommuteMedian":9790,"workHomeCommuteMedian":9459},"geometry":{"type":"Polygon","coordinates":[[[121.16378499273013,24.961581008601197],[121.16378499273013,24.970574212238443],[121.17277819636737,24.970574212238443],[121.17277819636737,24.961581008601197],[121.16378499273013,24.961581008601197]]]}},{"type":"Feature","properties":{"jobs":570,"pop":520,"pointCount":4,"homeWorkCommuteMedian":12180,"workHomeCommuteMedian":10486},"geometry":{"type":"Polygon","coordinates":[[[121.16378499273013,24.970574212238443],[121.16378499273013,24.97956741587569],[121.17277819636737,24.97956741587569],[121.17277819636737,24.970574212238443],[121.16378499273013,24.970574212238443]]]}},{"type":"Feature","properties":{"jobs":156,"pop":482,"pointCount":3,"homeWorkCommuteMedian":7904,"workHomeCommuteMedian":9360},"geometry":{"type":"Polygon","coordinates":[[[121.16378499273013,24.97956741587569],[121.16378499273013,24.988560619512935],[121.17277819636737,24.988560619512935],[121.17277819636737,24.97956741587569],[121.16378499273013,24.97956741587569]]]}},{"type":"Feature","properties":{"jobs":716,"pop":1805,"pointCount":10,"homeWorkCommuteMedian":12984,"workHomeCommuteMedian":8025},"geometry":{"type":"Polygon","coordinates":[[[121.16378499273013,24.988560619512935],[121.16378499273013,24.99755382315018],[121.17277819636737,24.99755382315018],[121.17277819636737,24.988560619512935],[121.16378499273013,24.988560619512935]]]}},{"type":"Feature","properties":{"jobs":55,"pop":298,"pointCount":4,"homeWorkCommuteMedian":8181,"workHomeCommuteMedian":7190},"geometry":{"type":"Polygon","coordinates":[[[121.16378499273013,24.99755382315018],[121.16378499273013,25.006547026787427],[121.17277819636737,25.006547026787427],[121.17277819636737,24.99755382315018],[121.16378499273013,24.99755382315018]]]}},{"type":"Feature","properties":{"jobs":182,"pop":347,"pointCount":5,"homeWorkCommuteMedian":8431,"workHomeCommuteMedian":13525},"geometry":{"type":"Polygon","coordinates":[[[121.16378499273013,25.006547026787427],[121.16378499273013,25.015540230424673],[121.17277819636737,25.015540230424673],[121.17277819636737,25.006547026787427],[121.16378499273013,25.006547026787427]]]}},{"type":"Feature","properties":{"jobs":80,"pop":409,"pointCount":3,"homeWorkCommuteMedian":12637,"workHomeCommuteMedian":14088},"geometry":{"type":"Polygon","coordinates":[[[121.16378499273013,25.015540230424673],[121.16378499273013,25.02453343406192],[121.17277819636737,25.02453343406192],[121.17277819636737,25.015540230424673],[121.16378499273013,25.015540230424673]]]}},{"type":"Feature","properties":{"jobs":0,"pop":224,"pointCount":4,"homeWorkCommuteMedian":21216,"workHomeCommuteMedian":-1},"geometry":{"type":"Polygon","coordinates":[[[121.16378499273013,25.02453343406192],[121.16378499273013,25.033526637699165],[121.17277819636737,25.033526637699165],[121.17277819636737,25.02453343406192],[121.16378499273013,25.02453343406192]]]}},{"type":"Feature","properties":{"jobs":0,"pop":155,"pointCount":3,"homeWorkCommuteMedian":49636,"workHomeCommuteMedian":-1},"geometry":{"type":"Polygon","coordinates":[[[121.16378499273013,25.033526637699165],[121.16378499273013,25.04251984133641],[121.17277819636737,25.04251984133641],[121.17277819636737,25.033526637699165],[121.16378499273013,25.033526637699165]]]}},{"type":"Feature","properties":{"jobs":89,"pop":179,"pointCount":2,"homeWorkCommuteMedian":18762,"workHomeCommuteMedian":7692},"geometry":{"type":"Polygon","coordinates":[[[121.16378499273013,25.04251984133641],[121.16378499273013,25.051513044973657],[121.17277819636737,25.051513044973657],[121.17277819636737,25.04251984133641],[121.16378499273013,25.04251984133641]]]}},{"type":"Feature","properties":{"jobs":264,"pop":348,"pointCount":3,"homeWorkCommuteMedian":46397,"workHomeCommuteMedian":32521},"geometry":{"type":"Polygon","coordinates":[[[121.16378499273013,25.051513044973657],[121.16378499273013,25.060506248610903],[121.17277819636737,25.060506248610903],[121.17277819636737,25.051513044973657],[121.16378499273013,25.051513044973657]]]}},{"type":"Feature","properties":{"jobs":0,"pop":341,"pointCount":3,"homeWorkCommuteMedian":45820,"workHomeCommuteMedian":-1},"geometry":{"type":"Polygon","coordinates":[[[121.16378499273013,25.060506248610903],[121.16378499273013,25.06949945224815],[121.17277819636737,25.06949945224815],[121.17277819636737,25.060506248610903],[121.16378499273013,25.060506248610903]]]}},{"type":"Feature","properties":{"jobs":65,"pop":325,"pointCount":5,"homeWorkCommuteMedian":15855,"workHomeCommuteMedian":25014},"geometry":{"type":"Polygon","coordinates":[[[121.16378499273013,25.06949945224815],[121.16378499273013,25.078492655885395],[121.17277819636737,25.078492655885395],[121.17277819636737,25.06949945224815],[121.16378499273013,25.06949945224815]]]}},{"type":"Feature","properties":{"jobs":147,"pop":69,"pointCount":2,"homeWorkCommuteMedian":2778,"workHomeCommuteMedian":26807},"geometry":{"type":"Polygon","coordinates":[[[121.16378499273013,25.078492655885395],[121.16378499273013,25.08748585952264],[121.17277819636737,25.08748585952264],[121.17277819636737,25.078492655885395],[121.16378499273013,25.078492655885395]]]}},{"type":"Feature","properties":{"jobs":66,"pop":50,"pointCount":2,"homeWorkCommuteMedian":65324,"workHomeCommuteMedian":6730},"geometry":{"type":"Polygon","coordinates":[[[121.17277819636737,24.826682954042507],[121.17277819636737,24.835676157679753],[121.18177140000462,24.835676157679753],[121.18177140000462,24.826682954042507],[121.17277819636737,24.826682954042507]]]}},{"type":"Feature","properties":{"jobs":1074,"pop":183,"pointCount":4,"homeWorkCommuteMedian":50251,"workHomeCommuteMedian":7969},"geometry":{"type":"Polygon","coordinates":[[[121.17277819636737,24.844669361317],[121.17277819636737,24.853662564954245],[121.18177140000462,24.853662564954245],[121.18177140000462,24.844669361317],[121.17277819636737,24.844669361317]]]}},{"type":"Feature","properties":{"jobs":0,"pop":77,"pointCount":1,"homeWorkCommuteMedian":36957,"workHomeCommuteMedian":-1},"geometry":{"type":"Polygon","coordinates":[[[121.17277819636737,24.853662564954245],[121.17277819636737,24.86265576859149],[121.18177140000462,24.86265576859149],[121.18177140000462,24.853662564954245],[121.17277819636737,24.853662564954245]]]}},{"type":"Feature","properties":{"jobs":682,"pop":108,"pointCount":4,"homeWorkCommuteMedian":28434,"workHomeCommuteMedian":8119},"geometry":{"type":"Polygon","coordinates":[[[121.17277819636737,24.86265576859149],[121.17277819636737,24.871648972228737],[121.18177140000462,24.871648972228737],[121.18177140000462,24.86265576859149],[121.17277819636737,24.86265576859149]]]}},{"type":"Feature","properties":{"jobs":116,"pop":0,"pointCount":1,"homeWorkCommuteMedian":-1,"workHomeCommuteMedian":4852},"geometry":{"type":"Polygon","coordinates":[[[121.17277819636737,24.880642175865983],[121.17277819636737,24.88963537950323],[121.18177140000462,24.88963537950323],[121.18177140000462,24.880642175865983],[121.17277819636737,24.880642175865983]]]}},{"type":"Feature","properties":{"jobs":138,"pop":717,"pointCount":3,"homeWorkCommuteMedian":11370,"workHomeCommuteMedian":13214},"geometry":{"type":"Polygon","coordinates":[[[121.17277819636737,24.88963537950323],[121.17277819636737,24.898628583140475],[121.18177140000462,24.898628583140475],[121.18177140000462,24.88963537950323],[121.17277819636737,24.88963537950323]]]}},{"type":"Feature","properties":{"jobs":407,"pop":4216,"pointCount":8,"homeWorkCommuteMedian":9666,"workHomeCommuteMedian":8579},"geometry":{"type":"Polygon","coordinates":[[[121.17277819636737,24.898628583140475],[121.17277819636737,24.90762178677772],[121.18177140000462,24.90762178677772],[121.18177140000462,24.898628583140475],[121.17277819636737,24.898628583140475]]]}},{"type":"Feature","properties":{"jobs":3025,"pop":7542,"pointCount":10,"homeWorkCommuteMedian":10003,"workHomeCommuteMedian":6177},"geometry":{"type":"Polygon","coordinates":[[[121.17277819636737,24.90762178677772],[121.17277819636737,24.916614990414967],[121.18177140000462,24.916614990414967],[121.18177140000462,24.90762178677772],[121.17277819636737,24.90762178677772]]]}},{"type":"Feature","properties":{"jobs":2857,"pop":1641,"pointCount":8,"homeWorkCommuteMedian":9130,"workHomeCommuteMedian":6063},"geometry":{"type":"Polygon","coordinates":[[[121.17277819636737,24.916614990414967],[121.17277819636737,24.925608194052213],[121.18177140000462,24.925608194052213],[121.18177140000462,24.916614990414967],[121.17277819636737,24.916614990414967]]]}},{"type":"Feature","properties":{"jobs":265,"pop":38,"pointCount":4,"homeWorkCommuteMedian":6975,"workHomeCommuteMedian":6699},"geometry":{"type":"Polygon","coordinates":[[[121.17277819636737,24.925608194052213],[121.17277819636737,24.93460139768946],[121.18177140000462,24.93460139768946],[121.18177140000462,24.925608194052213],[121.17277819636737,24.925608194052213]]]}},{"type":"Feature","properties":{"jobs":96,"pop":140,"pointCount":4,"homeWorkCommuteMedian":39509,"workHomeCommuteMedian":8036},"geometry":{"type":"Polygon","coordinates":[[[121.17277819636737,24.93460139768946],[121.17277819636737,24.943594601326705],[121.18177140000462,24.943594601326705],[121.18177140000462,24.93460139768946],[121.17277819636737,24.93460139768946]]]}},{"type":"Feature","properties":{"jobs":185,"pop":282,"pointCount":3,"homeWorkCommuteMedian":11730,"workHomeCommuteMedian":10969},"geometry":{"type":"Polygon","coordinates":[[[121.17277819636737,24.943594601326705],[121.17277819636737,24.95258780496395],[121.18177140000462,24.95258780496395],[121.18177140000462,24.943594601326705],[121.17277819636737,24.943594601326705]]]}},{"type":"Feature","properties":{"jobs":960,"pop":2790,"pointCount":8,"homeWorkCommuteMedian":8877,"workHomeCommuteMedian":7262},"geometry":{"type":"Polygon","coordinates":[[[121.17277819636737,24.95258780496395],[121.17277819636737,24.961581008601197],[121.18177140000462,24.961581008601197],[121.18177140000462,24.95258780496395],[121.17277819636737,24.95258780496395]]]}},{"type":"Feature","properties":{"jobs":1341,"pop":329,"pointCount":2,"homeWorkCommuteMedian":32450,"workHomeCommuteMedian":10951},"geometry":{"type":"Polygon","coordinates":[[[121.17277819636737,24.961581008601197],[121.17277819636737,24.970574212238443],[121.18177140000462,24.970574212238443],[121.18177140000462,24.961581008601197],[121.17277819636737,24.961581008601197]]]}},{"type":"Feature","properties":{"jobs":1395,"pop":67,"pointCount":5,"homeWorkCommuteMedian":3301,"workHomeCommuteMedian":9001},"geometry":{"type":"Polygon","coordinates":[[[121.17277819636737,24.970574212238443],[121.17277819636737,24.97956741587569],[121.18177140000462,24.97956741587569],[121.18177140000462,24.970574212238443],[121.17277819636737,24.970574212238443]]]}},{"type":"Feature","properties":{"jobs":397,"pop":381,"pointCount":3,"homeWorkCommuteMedian":7556,"workHomeCommuteMedian":8766},"geometry":{"type":"Polygon","coordinates":[[[121.17277819636737,24.97956741587569],[121.17277819636737,24.988560619512935],[121.18177140000462,24.988560619512935],[121.18177140000462,24.97956741587569],[121.17277819636737,24.97956741587569]]]}},{"type":"Feature","properties":{"jobs":1060,"pop":720,"pointCount":11,"homeWorkCommuteMedian":10295,"workHomeCommuteMedian":8143},"geometry":{"type":"Polygon","coordinates":[[[121.17277819636737,24.988560619512935],[121.17277819636737,24.99755382315018],[121.18177140000462,24.99755382315018],[121.18177140000462,24.988560619512935],[121.17277819636737,24.988560619512935]]]}},{"type":"Feature","properties":{"jobs":69,"pop":786,"pointCount":5,"homeWorkCommuteMedian":10922,"workHomeCommuteMedian":18215},"geometry":{"type":"Polygon","coordinates":[[[121.17277819636737,24.99755382315018],[121.17277819636737,25.006547026787427],[121.18177140000462,25.006547026787427],[121.18177140000462,24.99755382315018],[121.17277819636737,24.99755382315018]]]}},{"type":"Feature","properties":{"jobs":61,"pop":620,"pointCount":3,"homeWorkCommuteMedian":13072,"workHomeCommuteMedian":12386},"geometry":{"type":"Polygon","coordinates":[[[121.17277819636737,25.006547026787427],[121.17277819636737,25.015540230424673],[121.18177140000462,25.015540230424673],[121.18177140000462,25.006547026787427],[121.17277819636737,25.006547026787427]]]}},{"type":"Feature","properties":{"jobs":171,"pop":109,"pointCount":3,"homeWorkCommuteMedian":6765,"workHomeCommuteMedian":13608},"geometry":{"type":"Polygon","coordinates":[[[121.17277819636737,25.015540230424673],[121.17277819636737,25.02453343406192],[121.18177140000462,25.02453343406192],[121.18177140000462,25.015540230424673],[121.17277819636737,25.015540230424673]]]}},{"type":"Feature","properties":{"jobs":45,"pop":317,"pointCount":4,"homeWorkCommuteMedian":7318,"workHomeCommuteMedian":6219},"geometry":{"type":"Polygon","coordinates":[[[121.17277819636737,25.02453343406192],[121.17277819636737,25.033526637699165],[121.18177140000462,25.033526637699165],[121.18177140000462,25.02453343406192],[121.17277819636737,25.02453343406192]]]}},{"type":"Feature","properties":{"jobs":62,"pop":212,"pointCount":5,"homeWorkCommuteMedian":12903,"workHomeCommuteMedian":26401},"geometry":{"type":"Polygon","coordinates":[[[121.17277819636737,25.033526637699165],[121.17277819636737,25.04251984133641],[121.18177140000462,25.04251984133641],[121.18177140000462,25.033526637699165],[121.17277819636737,25.033526637699165]]]}},{"type":"Feature","properties":{"jobs":3101,"pop":264,"pointCount":5,"homeWorkCommuteMedian":4342,"workHomeCommuteMedian":10827},"geometry":{"type":"Polygon","coordinates":[[[121.17277819636737,25.04251984133641],[121.17277819636737,25.051513044973657],[121.18177140000462,25.051513044973657],[121.18177140000462,25.04251984133641],[121.17277819636737,25.04251984133641]]]}},{"type":"Feature","properties":{"jobs":6033,"pop":0,"pointCount":3,"homeWorkCommuteMedian":-1,"workHomeCommuteMedian":14322},"geometry":{"type":"Polygon","coordinates":[[[121.17277819636737,25.051513044973657],[121.17277819636737,25.060506248610903],[121.18177140000462,25.060506248610903],[121.18177140000462,25.051513044973657],[121.17277819636737,25.051513044973657]]]}},{"type":"Feature","properties":{"jobs":1355,"pop":3144,"pointCount":7,"homeWorkCommuteMedian":15066,"workHomeCommuteMedian":9888},"geometry":{"type":"Polygon","coordinates":[[[121.17277819636737,25.060506248610903],[121.17277819636737,25.06949945224815],[121.18177140000462,25.06949945224815],[121.18177140000462,25.060506248610903],[121.17277819636737,25.060506248610903]]]}},{"type":"Feature","properties":{"jobs":571,"pop":554,"pointCount":7,"homeWorkCommuteMedian":11838,"workHomeCommuteMedian":10086},"geometry":{"type":"Polygon","coordinates":[[[121.17277819636737,25.06949945224815],[121.17277819636737,25.078492655885395],[121.18177140000462,25.078492655885395],[121.18177140000462,25.06949945224815],[121.17277819636737,25.06949945224815]]]}},{"type":"Feature","properties":{"jobs":106,"pop":67,"pointCount":3,"homeWorkCommuteMedian":52326,"workHomeCommuteMedian":12720},"geometry":{"type":"Polygon","coordinates":[[[121.17277819636737,25.078492655885395],[121.17277819636737,25.08748585952264],[121.18177140000462,25.08748585952264],[121.18177140000462,25.078492655885395],[121.17277819636737,25.078492655885395]]]}},{"type":"Feature","properties":{"jobs":0,"pop":343,"pointCount":1,"homeWorkCommuteMedian":5808,"workHomeCommuteMedian":-1},"geometry":{"type":"Polygon","coordinates":[[[121.18177140000462,24.81768975040526],[121.18177140000462,24.826682954042507],[121.19076460364187,24.826682954042507],[121.19076460364187,24.81768975040526],[121.18177140000462,24.81768975040526]]]}},{"type":"Feature","properties":{"jobs":311,"pop":294,"pointCount":6,"homeWorkCommuteMedian":6688,"workHomeCommuteMedian":7138},"geometry":{"type":"Polygon","coordinates":[[[121.18177140000462,24.826682954042507],[121.18177140000462,24.835676157679753],[121.19076460364187,24.835676157679753],[121.19076460364187,24.826682954042507],[121.18177140000462,24.826682954042507]]]}},{"type":"Feature","properties":{"jobs":2599,"pop":161,"pointCount":7,"homeWorkCommuteMedian":8177,"workHomeCommuteMedian":7522},"geometry":{"type":"Polygon","coordinates":[[[121.18177140000462,24.835676157679753],[121.18177140000462,24.844669361317],[121.19076460364187,24.844669361317],[121.19076460364187,24.835676157679753],[121.18177140000462,24.835676157679753]]]}},{"type":"Feature","properties":{"jobs":475,"pop":157,"pointCount":4,"homeWorkCommuteMedian":8609,"workHomeCommuteMedian":15208},"geometry":{"type":"Polygon","coordinates":[[[121.18177140000462,24.844669361317],[121.18177140000462,24.853662564954245],[121.19076460364187,24.853662564954245],[121.19076460364187,24.844669361317],[121.18177140000462,24.844669361317]]]}},{"type":"Feature","properties":{"jobs":142,"pop":0,"pointCount":2,"homeWorkCommuteMedian":-1,"workHomeCommuteMedian":9188},"geometry":{"type":"Polygon","coordinates":[[[121.18177140000462,24.853662564954245],[121.18177140000462,24.86265576859149],[121.19076460364187,24.86265576859149],[121.19076460364187,24.853662564954245],[121.18177140000462,24.853662564954245]]]}},{"type":"Feature","properties":{"jobs":36,"pop":86,"pointCount":2,"homeWorkCommuteMedian":4160,"workHomeCommuteMedian":5663},"geometry":{"type":"Polygon","coordinates":[[[121.18177140000462,24.86265576859149],[121.18177140000462,24.871648972228737],[121.19076460364187,24.871648972228737],[121.19076460364187,24.86265576859149],[121.18177140000462,24.86265576859149]]]}},{"type":"Feature","properties":{"jobs":8000,"pop":0,"pointCount":3,"homeWorkCommuteMedian":-1,"workHomeCommuteMedian":7007},"geometry":{"type":"Polygon","coordinates":[[[121.18177140000462,24.871648972228737],[121.18177140000462,24.880642175865983],[121.19076460364187,24.880642175865983],[121.19076460364187,24.871648972228737],[121.18177140000462,24.871648972228737]]]}},{"type":"Feature","properties":{"jobs":13698,"pop":116,"pointCount":7,"homeWorkCommuteMedian":28625,"workHomeCommuteMedian":6801},"geometry":{"type":"Polygon","coordinates":[[[121.18177140000462,24.880642175865983],[121.18177140000462,24.88963537950323],[121.19076460364187,24.88963537950323],[121.19076460364187,24.880642175865983],[121.18177140000462,24.880642175865983]]]}},{"type":"Feature","properties":{"jobs":482,"pop":467,"pointCount":7,"homeWorkCommuteMedian":15146,"workHomeCommuteMedian":8138},"geometry":{"type":"Polygon","coordinates":[[[121.18177140000462,24.88963537950323],[121.18177140000462,24.898628583140475],[121.19076460364187,24.898628583140475],[121.19076460364187,24.88963537950323],[121.18177140000462,24.88963537950323]]]}},{"type":"Feature","properties":{"jobs":1367,"pop":2144,"pointCount":10,"homeWorkCommuteMedian":23429,"workHomeCommuteMedian":8996},"geometry":{"type":"Polygon","coordinates":[[[121.18177140000462,24.898628583140475],[121.18177140000462,24.90762178677772],[121.19076460364187,24.90762178677772],[121.19076460364187,24.898628583140475],[121.18177140000462,24.898628583140475]]]}},{"type":"Feature","properties":{"jobs":1420,"pop":5108,"pointCount":10,"homeWorkCommuteMedian":13571,"workHomeCommuteMedian":7396},"geometry":{"type":"Polygon","coordinates":[[[121.18177140000462,24.90762178677772],[121.18177140000462,24.916614990414967],[121.19076460364187,24.916614990414967],[121.19076460364187,24.90762178677772],[121.18177140000462,24.90762178677772]]]}},{"type":"Feature","properties":{"jobs":2256,"pop":5241,"pointCount":13,"homeWorkCommuteMedian":18670,"workHomeCommuteMedian":5986},"geometry":{"type":"Polygon","coordinates":[[[121.18177140000462,24.916614990414967],[121.18177140000462,24.925608194052213],[121.19076460364187,24.925608194052213],[121.19076460364187,24.916614990414967],[121.18177140000462,24.916614990414967]]]}},{"type":"Feature","properties":{"jobs":3373,"pop":108,"pointCount":5,"homeWorkCommuteMedian":6581,"workHomeCommuteMedian":8425},"geometry":{"type":"Polygon","coordinates":[[[121.18177140000462,24.925608194052213],[121.18177140000462,24.93460139768946],[121.19076460364187,24.93460139768946],[121.19076460364187,24.925608194052213],[121.18177140000462,24.925608194052213]]]}},{"type":"Feature","properties":{"jobs":535,"pop":219,"pointCount":3,"homeWorkCommuteMedian":6840,"workHomeCommuteMedian":8573},"geometry":{"type":"Polygon","coordinates":[[[121.18177140000462,24.93460139768946],[121.18177140000462,24.943594601326705],[121.19076460364187,24.943594601326705],[121.19076460364187,24.93460139768946],[121.18177140000462,24.93460139768946]]]}},{"type":"Feature","properties":{"jobs":715,"pop":456,"pointCount":2,"homeWorkCommuteMedian":26330,"workHomeCommuteMedian":7455},"geometry":{"type":"Polygon","coordinates":[[[121.18177140000462,24.943594601326705],[121.18177140000462,24.95258780496395],[121.19076460364187,24.95258780496395],[121.19076460364187,24.943594601326705],[121.18177140000462,24.943594601326705]]]}},{"type":"Feature","properties":{"jobs":2415,"pop":2133,"pointCount":9,"homeWorkCommuteMedian":16627,"workHomeCommuteMedian":8774},"geometry":{"type":"Polygon","coordinates":[[[121.18177140000462,24.95258780496395],[121.18177140000462,24.961581008601197],[121.19076460364187,24.961581008601197],[121.19076460364187,24.95258780496395],[121.18177140000462,24.95258780496395]]]}},{"type":"Feature","properties":{"jobs":5603,"pop":810,"pointCount":7,"homeWorkCommuteMedian":12820,"workHomeCommuteMedian":7630},"geometry":{"type":"Polygon","coordinates":[[[121.18177140000462,24.961581008601197],[121.18177140000462,24.970574212238443],[121.19076460364187,24.970574212238443],[121.19076460364187,24.961581008601197],[121.18177140000462,24.961581008601197]]]}},{"type":"Feature","properties":{"jobs":47,"pop":609,"pointCount":2,"homeWorkCommuteMedian":13714,"workHomeCommuteMedian":9401},"geometry":{"type":"Polygon","coordinates":[[[121.18177140000462,24.970574212238443],[121.18177140000462,24.97956741587569],[121.19076460364187,24.97956741587569],[121.19076460364187,24.970574212238443],[121.18177140000462,24.970574212238443]]]}},{"type":"Feature","properties":{"jobs":589,"pop":615,"pointCount":7,"homeWorkCommuteMedian":35944,"workHomeCommuteMedian":9859},"geometry":{"type":"Polygon","coordinates":[[[121.18177140000462,24.97956741587569],[121.18177140000462,24.988560619512935],[121.19076460364187,24.988560619512935],[121.19076460364187,24.97956741587569],[121.18177140000462,24.97956741587569]]]}},{"type":"Feature","properties":{"jobs":143,"pop":905,"pointCount":4,"homeWorkCommuteMedian":9203,"workHomeCommuteMedian":10939},"geometry":{"type":"Polygon","coordinates":[[[121.18177140000462,24.988560619512935],[121.18177140000462,24.99755382315018],[121.19076460364187,24.99755382315018],[121.19076460364187,24.988560619512935],[121.18177140000462,24.988560619512935]]]}},{"type":"Feature","properties":{"jobs":496,"pop":847,"pointCount":6,"homeWorkCommuteMedian":19528,"workHomeCommuteMedian":10320},"geometry":{"type":"Polygon","coordinates":[[[121.18177140000462,24.99755382315018],[121.18177140000462,25.006547026787427],[121.19076460364187,25.006547026787427],[121.19076460364187,24.99755382315018],[121.18177140000462,24.99755382315018]]]}},{"type":"Feature","properties":{"jobs":130,"pop":687,"pointCount":5,"homeWorkCommuteMedian":11557,"workHomeCommuteMedian":12998},"geometry":{"type":"Polygon","coordinates":[[[121.18177140000462,25.006547026787427],[121.18177140000462,25.015540230424673],[121.19076460364187,25.015540230424673],[121.19076460364187,25.006547026787427],[121.18177140000462,25.006547026787427]]]}},{"type":"Feature","properties":{"jobs":108,"pop":411,"pointCount":3,"homeWorkCommuteMedian":24922,"workHomeCommuteMedian":24444},"geometry":{"type":"Polygon","coordinates":[[[121.18177140000462,25.015540230424673],[121.18177140000462,25.02453343406192],[121.19076460364187,25.02453343406192],[121.19076460364187,25.015540230424673],[121.18177140000462,25.015540230424673]]]}},{"type":"Feature","properties":{"jobs":100,"pop":483,"pointCount":4,"homeWorkCommuteMedian":25046,"workHomeCommuteMedian":39826},"geometry":{"type":"Polygon","coordinates":[[[121.18177140000462,25.02453343406192],[121.18177140000462,25.033526637699165],[121.19076460364187,25.033526637699165],[121.19076460364187,25.02453343406192],[121.18177140000462,25.02453343406192]]]}},{"type":"Feature","properties":{"jobs":0,"pop":1290,"pointCount":5,"homeWorkCommuteMedian":8950,"workHomeCommuteMedian":-1},"geometry":{"type":"Polygon","coordinates":[[[121.18177140000462,25.033526637699165],[121.18177140000462,25.04251984133641],[121.19076460364187,25.04251984133641],[121.19076460364187,25.033526637699165],[121.18177140000462,25.033526637699165]]]}},{"type":"Feature","properties":{"jobs":197,"pop":652,"pointCount":6,"homeWorkCommuteMedian":9903,"workHomeCommuteMedian":16027},"geometry":{"type":"Polygon","coordinates":[[[121.18177140000462,25.04251984133641],[121.18177140000462,25.051513044973657],[121.19076460364187,25.051513044973657],[121.19076460364187,25.04251984133641],[121.18177140000462,25.04251984133641]]]}},{"type":"Feature","properties":{"jobs":87,"pop":235,"pointCount":5,"homeWorkCommuteMedian":35504,"workHomeCommuteMedian":15539},"geometry":{"type":"Polygon","coordinates":[[[121.18177140000462,25.051513044973657],[121.18177140000462,25.060506248610903],[121.19076460364187,25.060506248610903],[121.19076460364187,25.051513044973657],[121.18177140000462,25.051513044973657]]]}},{"type":"Feature","properties":{"jobs":3285,"pop":695,"pointCount":5,"homeWorkCommuteMedian":9820,"workHomeCommuteMedian":12117},"geometry":{"type":"Polygon","coordinates":[[[121.18177140000462,25.060506248610903],[121.18177140000462,25.06949945224815],[121.19076460364187,25.06949945224815],[121.19076460364187,25.060506248610903],[121.18177140000462,25.060506248610903]]]}},{"type":"Feature","properties":{"jobs":193,"pop":184,"pointCount":2,"homeWorkCommuteMedian":8774,"workHomeCommuteMedian":17602},"geometry":{"type":"Polygon","coordinates":[[[121.18177140000462,25.06949945224815],[121.18177140000462,25.078492655885395],[121.19076460364187,25.078492655885395],[121.19076460364187,25.06949945224815],[121.18177140000462,25.06949945224815]]]}},{"type":"Feature","properties":{"jobs":443,"pop":832,"pointCount":7,"homeWorkCommuteMedian":25527,"workHomeCommuteMedian":21977},"geometry":{"type":"Polygon","coordinates":[[[121.18177140000462,25.078492655885395],[121.18177140000462,25.08748585952264],[121.19076460364187,25.08748585952264],[121.19076460364187,25.078492655885395],[121.18177140000462,25.078492655885395]]]}},{"type":"Feature","properties":{"jobs":0,"pop":70,"pointCount":1,"homeWorkCommuteMedian":9973,"workHomeCommuteMedian":-1},"geometry":{"type":"Polygon","coordinates":[[[121.18177140000462,25.08748585952264],[121.18177140000462,25.096479063159887],[121.19076460364187,25.096479063159887],[121.19076460364187,25.08748585952264],[121.18177140000462,25.08748585952264]]]}},{"type":"Feature","properties":{"jobs":165,"pop":374,"pointCount":5,"homeWorkCommuteMedian":37788,"workHomeCommuteMedian":7543},"geometry":{"type":"Polygon","coordinates":[[[121.19076460364187,24.81768975040526],[121.19076460364187,24.826682954042507],[121.19975780727911,24.826682954042507],[121.19975780727911,24.81768975040526],[121.19076460364187,24.81768975040526]]]}},{"type":"Feature","properties":{"jobs":980,"pop":139,"pointCount":6,"homeWorkCommuteMedian":40193,"workHomeCommuteMedian":5703},"geometry":{"type":"Polygon","coordinates":[[[121.19076460364187,24.826682954042507],[121.19076460364187,24.835676157679753],[121.19975780727911,24.835676157679753],[121.19975780727911,24.826682954042507],[121.19076460364187,24.826682954042507]]]}},{"type":"Feature","properties":{"jobs":255,"pop":683,"pointCount":6,"homeWorkCommuteMedian":25336,"workHomeCommuteMedian":7368},"geometry":{"type":"Polygon","coordinates":[[[121.19076460364187,24.835676157679753],[121.19076460364187,24.844669361317],[121.19975780727911,24.844669361317],[121.19975780727911,24.835676157679753],[121.19076460364187,24.835676157679753]]]}},{"type":"Feature","properties":{"jobs":143,"pop":638,"pointCount":6,"homeWorkCommuteMedian":9364,"workHomeCommuteMedian":9166},"geometry":{"type":"Polygon","coordinates":[[[121.19076460364187,24.844669361317],[121.19076460364187,24.853662564954245],[121.19975780727911,24.853662564954245],[121.19975780727911,24.844669361317],[121.19076460364187,24.844669361317]]]}},{"type":"Feature","properties":{"jobs":819,"pop":247,"pointCount":6,"homeWorkCommuteMedian":4544,"workHomeCommuteMedian":5774},"geometry":{"type":"Polygon","coordinates":[[[121.19076460364187,24.853662564954245],[121.19076460364187,24.86265576859149],[121.19975780727911,24.86265576859149],[121.19975780727911,24.853662564954245],[121.19076460364187,24.853662564954245]]]}},{"type":"Feature","properties":{"jobs":63,"pop":817,"pointCount":5,"homeWorkCommuteMedian":5349,"workHomeCommuteMedian":38498},"geometry":{"type":"Polygon","coordinates":[[[121.19076460364187,24.86265576859149],[121.19076460364187,24.871648972228737],[121.19975780727911,24.871648972228737],[121.19975780727911,24.86265576859149],[121.19076460364187,24.86265576859149]]]}},{"type":"Feature","properties":{"jobs":104,"pop":1987,"pointCount":8,"homeWorkCommuteMedian":6430,"workHomeCommuteMedian":13281},"geometry":{"type":"Polygon","coordinates":[[[121.19076460364187,24.871648972228737],[121.19076460364187,24.880642175865983],[121.19975780727911,24.880642175865983],[121.19975780727911,24.871648972228737],[121.19076460364187,24.871648972228737]]]}},{"type":"Feature","properties":{"jobs":258,"pop":207,"pointCount":5,"homeWorkCommuteMedian":19557,"workHomeCommuteMedian":14360},"geometry":{"type":"Polygon","coordinates":[[[121.19076460364187,24.880642175865983],[121.19076460364187,24.88963537950323],[121.19975780727911,24.88963537950323],[121.19975780727911,24.880642175865983],[121.19076460364187,24.880642175865983]]]}},{"type":"Feature","properties":{"jobs":76,"pop":105,"pointCount":2,"homeWorkCommuteMedian":23119,"workHomeCommuteMedian":24074},"geometry":{"type":"Polygon","coordinates":[[[121.19076460364187,24.88963537950323],[121.19076460364187,24.898628583140475],[121.19975780727911,24.898628583140475],[121.19975780727911,24.88963537950323],[121.19076460364187,24.88963537950323]]]}},{"type":"Feature","properties":{"jobs":1162,"pop":1053,"pointCount":7,"homeWorkCommuteMedian":7240,"workHomeCommuteMedian":7139},"geometry":{"type":"Polygon","coordinates":[[[121.19076460364187,24.898628583140475],[121.19076460364187,24.90762178677772],[121.19975780727911,24.90762178677772],[121.19975780727911,24.898628583140475],[121.19076460364187,24.898628583140475]]]}},{"type":"Feature","properties":{"jobs":161,"pop":132,"pointCount":5,"homeWorkCommuteMedian":8901,"workHomeCommuteMedian":6201},"geometry":{"type":"Polygon","coordinates":[[[121.19076460364187,24.90762178677772],[121.19076460364187,24.916614990414967],[121.19975780727911,24.916614990414967],[121.19975780727911,24.90762178677772],[121.19076460364187,24.90762178677772]]]}},{"type":"Feature","properties":{"jobs":288,"pop":229,"pointCount":3,"homeWorkCommuteMedian":6307,"workHomeCommuteMedian":4779},"geometry":{"type":"Polygon","coordinates":[[[121.19076460364187,24.916614990414967],[121.19076460364187,24.925608194052213],[121.19975780727911,24.925608194052213],[121.19975780727911,24.916614990414967],[121.19076460364187,24.916614990414967]]]}},{"type":"Feature","properties":{"jobs":1388,"pop":1603,"pointCount":5,"homeWorkCommuteMedian":8961,"workHomeCommuteMedian":5361},"geometry":{"type":"Polygon","coordinates":[[[121.19076460364187,24.925608194052213],[121.19076460364187,24.93460139768946],[121.19975780727911,24.93460139768946],[121.19975780727911,24.925608194052213],[121.19076460364187,24.925608194052213]]]}},{"type":"Feature","properties":{"jobs":567,"pop":1096,"pointCount":4,"homeWorkCommuteMedian":17393,"workHomeCommuteMedian":3433},"geometry":{"type":"Polygon","coordinates":[[[121.19076460364187,24.93460139768946],[121.19076460364187,24.943594601326705],[121.19975780727911,24.943594601326705],[121.19975780727911,24.93460139768946],[121.19076460364187,24.93460139768946]]]}},{"type":"Feature","properties":{"jobs":1389,"pop":988,"pointCount":7,"homeWorkCommuteMedian":20655,"workHomeCommuteMedian":6121},"geometry":{"type":"Polygon","coordinates":[[[121.19076460364187,24.943594601326705],[121.19076460364187,24.95258780496395],[121.19975780727911,24.95258780496395],[121.19975780727911,24.943594601326705],[121.19076460364187,24.943594601326705]]]}},{"type":"Feature","properties":{"jobs":1952,"pop":1575,"pointCount":5,"homeWorkCommuteMedian":17380,"workHomeCommuteMedian":7729},"geometry":{"type":"Polygon","coordinates":[[[121.19076460364187,24.95258780496395],[121.19076460364187,24.961581008601197],[121.19975780727911,24.961581008601197],[121.19975780727911,24.95258780496395],[121.19076460364187,24.95258780496395]]]}},{"type":"Feature","properties":{"jobs":12039,"pop":1198,"pointCount":9,"homeWorkCommuteMedian":8055,"workHomeCommuteMedian":9121},"geometry":{"type":"Polygon","coordinates":[[[121.19076460364187,24.961581008601197],[121.19076460364187,24.970574212238443],[121.19975780727911,24.970574212238443],[121.19975780727911,24.961581008601197],[121.19076460364187,24.961581008601197]]]}},{"type":"Feature","properties":{"jobs":540,"pop":580,"pointCount":4,"homeWorkCommuteMedian":8488,"workHomeCommuteMedian":8255},"geometry":{"type":"Polygon","coordinates":[[[121.19076460364187,24.970574212238443],[121.19076460364187,24.97956741587569],[121.19975780727911,24.97956741587569],[121.19975780727911,24.970574212238443],[121.19076460364187,24.970574212238443]]]}},{"type":"Feature","properties":{"jobs":689,"pop":772,"pointCount":5,"homeWorkCommuteMedian":8307,"workHomeCommuteMedian":7834},"geometry":{"type":"Polygon","coordinates":[[[121.19076460364187,24.97956741587569],[121.19076460364187,24.988560619512935],[121.19975780727911,24.988560619512935],[121.19975780727911,24.97956741587569],[121.19076460364187,24.97956741587569]]]}},{"type":"Feature","properties":{"jobs":343,"pop":421,"pointCount":6,"homeWorkCommuteMedian":11142,"workHomeCommuteMedian":7434},"geometry":{"type":"Polygon","coordinates":[[[121.19076460364187,24.988560619512935],[121.19076460364187,24.99755382315018],[121.19975780727911,24.99755382315018],[121.19975780727911,24.988560619512935],[121.19076460364187,24.988560619512935]]]}},{"type":"Feature","properties":{"jobs":0,"pop":99,"pointCount":2,"homeWorkCommuteMedian":45263,"workHomeCommuteMedian":-1},"geometry":{"type":"Polygon","coordinates":[[[121.19076460364187,24.99755382315018],[121.19076460364187,25.006547026787427],[121.19975780727911,25.006547026787427],[121.19975780727911,24.99755382315018],[121.19076460364187,24.99755382315018]]]}},{"type":"Feature","properties":{"jobs":0,"pop":388,"pointCount":2,"homeWorkCommuteMedian":5466,"workHomeCommuteMedian":-1},"geometry":{"type":"Polygon","coordinates":[[[121.19076460364187,25.006547026787427],[121.19076460364187,25.015540230424673],[121.19975780727911,25.015540230424673],[121.19975780727911,25.006547026787427],[121.19076460364187,25.006547026787427]]]}},{"type":"Feature","properties":{"jobs":0,"pop":590,"pointCount":2,"homeWorkCommuteMedian":9209,"workHomeCommuteMedian":-1},"geometry":{"type":"Polygon","coordinates":[[[121.19076460364187,25.015540230424673],[121.19076460364187,25.02453343406192],[121.19975780727911,25.02453343406192],[121.19975780727911,25.015540230424673],[121.19076460364187,25.015540230424673]]]}},{"type":"Feature","properties":{"jobs":0,"pop":171,"pointCount":1,"homeWorkCommuteMedian":32769,"workHomeCommuteMedian":-1},"geometry":{"type":"Polygon","coordinates":[[[121.19076460364187,25.02453343406192],[121.19076460364187,25.033526637699165],[121.19975780727911,25.033526637699165],[121.19975780727911,25.02453343406192],[121.19076460364187,25.02453343406192]]]}},{"type":"Feature","properties":{"jobs":140,"pop":373,"pointCount":4,"homeWorkCommuteMedian":8208,"workHomeCommuteMedian":8518},"geometry":{"type":"Polygon","coordinates":[[[121.19076460364187,25.033526637699165],[121.19076460364187,25.04251984133641],[121.19975780727911,25.04251984133641],[121.19975780727911,25.033526637699165],[121.19076460364187,25.033526637699165]]]}},{"type":"Feature","properties":{"jobs":42,"pop":78,"pointCount":2,"homeWorkCommuteMedian":2531,"workHomeCommuteMedian":9932},"geometry":{"type":"Polygon","coordinates":[[[121.19076460364187,25.04251984133641],[121.19076460364187,25.051513044973657],[121.19975780727911,25.051513044973657],[121.19975780727911,25.04251984133641],[121.19076460364187,25.04251984133641]]]}},{"type":"Feature","properties":{"jobs":245,"pop":1977,"pointCount":6,"homeWorkCommuteMedian":9474,"workHomeCommuteMedian":8248},"geometry":{"type":"Polygon","coordinates":[[[121.19076460364187,25.051513044973657],[121.19076460364187,25.060506248610903],[121.19975780727911,25.060506248610903],[121.19975780727911,25.051513044973657],[121.19076460364187,25.051513044973657]]]}},{"type":"Feature","properties":{"jobs":2896,"pop":7609,"pointCount":12,"homeWorkCommuteMedian":7774,"workHomeCommuteMedian":15869},"geometry":{"type":"Polygon","coordinates":[[[121.19076460364187,25.060506248610903],[121.19076460364187,25.06949945224815],[121.19975780727911,25.06949945224815],[121.19975780727911,25.060506248610903],[121.19076460364187,25.060506248610903]]]}},{"type":"Feature","properties":{"jobs":5115,"pop":115,"pointCount":8,"homeWorkCommuteMedian":8021,"workHomeCommuteMedian":16767},"geometry":{"type":"Polygon","coordinates":[[[121.19076460364187,25.06949945224815],[121.19076460364187,25.078492655885395],[121.19975780727911,25.078492655885395],[121.19975780727911,25.06949945224815],[121.19076460364187,25.06949945224815]]]}},{"type":"Feature","properties":{"jobs":600,"pop":584,"pointCount":5,"homeWorkCommuteMedian":17798,"workHomeCommuteMedian":27042},"geometry":{"type":"Polygon","coordinates":[[[121.19076460364187,25.078492655885395],[121.19076460364187,25.08748585952264],[121.19975780727911,25.08748585952264],[121.19975780727911,25.078492655885395],[121.19076460364187,25.078492655885395]]]}},{"type":"Feature","properties":{"jobs":75,"pop":207,"pointCount":4,"homeWorkCommuteMedian":55487,"workHomeCommuteMedian":9366},"geometry":{"type":"Polygon","coordinates":[[[121.19076460364187,25.08748585952264],[121.19076460364187,25.096479063159887],[121.19975780727911,25.096479063159887],[121.19975780727911,25.08748585952264],[121.19076460364187,25.08748585952264]]]}},{"type":"Feature","properties":{"jobs":53,"pop":72,"pointCount":2,"homeWorkCommuteMedian":44010,"workHomeCommuteMedian":4844},"geometry":{"type":"Polygon","coordinates":[[[121.19975780727911,24.81768975040526],[121.19975780727911,24.826682954042507],[121.20875101091636,24.826682954042507],[121.20875101091636,24.81768975040526],[121.19975780727911,24.81768975040526]]]}},{"type":"Feature","properties":{"jobs":85,"pop":453,"pointCount":6,"homeWorkCommuteMedian":8717,"workHomeCommuteMedian":56939},"geometry":{"type":"Polygon","coordinates":[[[121.19975780727911,24.826682954042507],[121.19975780727911,24.835676157679753],[121.20875101091636,24.835676157679753],[121.20875101091636,24.826682954042507],[121.19975780727911,24.826682954042507]]]}},{"type":"Feature","properties":{"jobs":124,"pop":695,"pointCount":6,"homeWorkCommuteMedian":7356,"workHomeCommuteMedian":6464},"geometry":{"type":"Polygon","coordinates":[[[121.19975780727911,24.835676157679753],[121.19975780727911,24.844669361317],[121.20875101091636,24.844669361317],[121.20875101091636,24.835676157679753],[121.19975780727911,24.835676157679753]]]}},{"type":"Feature","properties":{"jobs":324,"pop":362,"pointCount":3,"homeWorkCommuteMedian":5596,"workHomeCommuteMedian":7552},"geometry":{"type":"Polygon","coordinates":[[[121.19975780727911,24.844669361317],[121.19975780727911,24.853662564954245],[121.20875101091636,24.853662564954245],[121.20875101091636,24.844669361317],[121.19975780727911,24.844669361317]]]}},{"type":"Feature","properties":{"jobs":382,"pop":1304,"pointCount":7,"homeWorkCommuteMedian":22898,"workHomeCommuteMedian":10016},"geometry":{"type":"Polygon","coordinates":[[[121.19975780727911,24.853662564954245],[121.19975780727911,24.86265576859149],[121.20875101091636,24.86265576859149],[121.20875101091636,24.853662564954245],[121.19975780727911,24.853662564954245]]]}},{"type":"Feature","properties":{"jobs":458,"pop":2969,"pointCount":9,"homeWorkCommuteMedian":23250,"workHomeCommuteMedian":4192},"geometry":{"type":"Polygon","coordinates":[[[121.19975780727911,24.86265576859149],[121.19975780727911,24.871648972228737],[121.20875101091636,24.871648972228737],[121.20875101091636,24.86265576859149],[121.19975780727911,24.86265576859149]]]}},{"type":"Feature","properties":{"jobs":295,"pop":1517,"pointCount":7,"homeWorkCommuteMedian":6161,"workHomeCommuteMedian":4626},"geometry":{"type":"Polygon","coordinates":[[[121.19975780727911,24.871648972228737],[121.19975780727911,24.880642175865983],[121.20875101091636,24.880642175865983],[121.20875101091636,24.871648972228737],[121.19975780727911,24.871648972228737]]]}},{"type":"Feature","properties":{"jobs":1296,"pop":3721,"pointCount":7,"homeWorkCommuteMedian":9720,"workHomeCommuteMedian":4585},"geometry":{"type":"Polygon","coordinates":[[[121.19975780727911,24.880642175865983],[121.19975780727911,24.88963537950323],[121.20875101091636,24.88963537950323],[121.20875101091636,24.880642175865983],[121.19975780727911,24.880642175865983]]]}},{"type":"Feature","properties":{"jobs":2504,"pop":5863,"pointCount":11,"homeWorkCommuteMedian":11228,"workHomeCommuteMedian":6348},"geometry":{"type":"Polygon","coordinates":[[[121.19975780727911,24.88963537950323],[121.19975780727911,24.898628583140475],[121.20875101091636,24.898628583140475],[121.20875101091636,24.88963537950323],[121.19975780727911,24.88963537950323]]]}},{"type":"Feature","properties":{"jobs":1064,"pop":989,"pointCount":5,"homeWorkCommuteMedian":12094,"workHomeCommuteMedian":5515},"geometry":{"type":"Polygon","coordinates":[[[121.19975780727911,24.898628583140475],[121.19975780727911,24.90762178677772],[121.20875101091636,24.90762178677772],[121.20875101091636,24.898628583140475],[121.19975780727911,24.898628583140475]]]}},{"type":"Feature","properties":{"jobs":2703,"pop":5622,"pointCount":6,"homeWorkCommuteMedian":6593,"workHomeCommuteMedian":5085},"geometry":{"type":"Polygon","coordinates":[[[121.19975780727911,24.90762178677772],[121.19975780727911,24.916614990414967],[121.20875101091636,24.916614990414967],[121.20875101091636,24.90762178677772],[121.19975780727911,24.90762178677772]]]}},{"type":"Feature","properties":{"jobs":728,"pop":5337,"pointCount":8,"homeWorkCommuteMedian":7938,"workHomeCommuteMedian":5427},"geometry":{"type":"Polygon","coordinates":[[[121.19975780727911,24.916614990414967],[121.19975780727911,24.925608194052213],[121.20875101091636,24.925608194052213],[121.20875101091636,24.916614990414967],[121.19975780727911,24.916614990414967]]]}},{"type":"Feature","properties":{"jobs":390,"pop":534,"pointCount":4,"homeWorkCommuteMedian":6474,"workHomeCommuteMedian":8480},"geometry":{"type":"Polygon","coordinates":[[[121.19975780727911,24.925608194052213],[121.19975780727911,24.93460139768946],[121.20875101091636,24.93460139768946],[121.20875101091636,24.925608194052213],[121.19975780727911,24.925608194052213]]]}},{"type":"Feature","properties":{"jobs":3204,"pop":5831,"pointCount":13,"homeWorkCommuteMedian":13404,"workHomeCommuteMedian":4268},"geometry":{"type":"Polygon","coordinates":[[[121.19975780727911,24.93460139768946],[121.19975780727911,24.943594601326705],[121.20875101091636,24.943594601326705],[121.20875101091636,24.93460139768946],[121.19975780727911,24.93460139768946]]]}},{"type":"Feature","properties":{"jobs":3192,"pop":9369,"pointCount":10,"homeWorkCommuteMedian":7645,"workHomeCommuteMedian":5862},"geometry":{"type":"Polygon","coordinates":[[[121.19975780727911,24.943594601326705],[121.19975780727911,24.95258780496395],[121.20875101091636,24.95258780496395],[121.20875101091636,24.943594601326705],[121.19975780727911,24.943594601326705]]]}},{"type":"Feature","properties":{"jobs":7051,"pop":9074,"pointCount":10,"homeWorkCommuteMedian":8146,"workHomeCommuteMedian":6524},"geometry":{"type":"Polygon","coordinates":[[[121.19975780727911,24.95258780496395],[121.19975780727911,24.961581008601197],[121.20875101091636,24.961581008601197],[121.20875101091636,24.95258780496395],[121.19975780727911,24.95258780496395]]]}},{"type":"Feature","properties":{"jobs":939,"pop":1332,"pointCount":5,"homeWorkCommuteMedian":7650,"workHomeCommuteMedian":6412},"geometry":{"type":"Polygon","coordinates":[[[121.19975780727911,24.961581008601197],[121.19975780727911,24.970574212238443],[121.20875101091636,24.970574212238443],[121.20875101091636,24.961581008601197],[121.19975780727911,24.961581008601197]]]}},{"type":"Feature","properties":{"jobs":253,"pop":474,"pointCount":4,"homeWorkCommuteMedian":5686,"workHomeCommuteMedian":6605},"geometry":{"type":"Polygon","coordinates":[[[121.19975780727911,24.970574212238443],[121.19975780727911,24.97956741587569],[121.20875101091636,24.97956741587569],[121.20875101091636,24.970574212238443],[121.19975780727911,24.970574212238443]]]}},{"type":"Feature","properties":{"jobs":278,"pop":491,"pointCount":6,"homeWorkCommuteMedian":12245,"workHomeCommuteMedian":6948},"geometry":{"type":"Polygon","coordinates":[[[121.19975780727911,24.97956741587569],[121.19975780727911,24.988560619512935],[121.20875101091636,24.988560619512935],[121.20875101091636,24.97956741587569],[121.19975780727911,24.97956741587569]]]}},{"type":"Feature","properties":{"jobs":162,"pop":152,"pointCount":4,"homeWorkCommuteMedian":5486,"workHomeCommuteMedian":7191},"geometry":{"type":"Polygon","coordinates":[[[121.19975780727911,24.988560619512935],[121.19975780727911,24.99755382315018],[121.20875101091636,24.99755382315018],[121.20875101091636,24.988560619512935],[121.19975780727911,24.988560619512935]]]}},{"type":"Feature","properties":{"jobs":3388,"pop":1537,"pointCount":6,"homeWorkCommuteMedian":10805,"workHomeCommuteMedian":8478},"geometry":{"type":"Polygon","coordinates":[[[121.19975780727911,24.99755382315018],[121.19975780727911,25.006547026787427],[121.20875101091636,25.006547026787427],[121.20875101091636,24.99755382315018],[121.19975780727911,24.99755382315018]]]}},{"type":"Feature","properties":{"jobs":4426,"pop":3945,"pointCount":8,"homeWorkCommuteMedian":11957,"workHomeCommuteMedian":7579},"geometry":{"type":"Polygon","coordinates":[[[121.19975780727911,25.006547026787427],[121.19975780727911,25.015540230424673],[121.20875101091636,25.015540230424673],[121.20875101091636,25.006547026787427],[121.19975780727911,25.006547026787427]]]}},{"type":"Feature","properties":{"jobs":123,"pop":141,"pointCount":2,"homeWorkCommuteMedian":32274,"workHomeCommuteMedian":8674},"geometry":{"type":"Polygon","coordinates":[[[121.19975780727911,25.015540230424673],[121.19975780727911,25.02453343406192],[121.20875101091636,25.02453343406192],[121.20875101091636,25.015540230424673],[121.19975780727911,25.015540230424673]]]}},{"type":"Feature","properties":{"jobs":179,"pop":112,"pointCount":1,"homeWorkCommuteMedian":12969,"workHomeCommuteMedian":11981},"geometry":{"type":"Polygon","coordinates":[[[121.19975780727911,25.02453343406192],[121.19975780727911,25.033526637699165],[121.20875101091636,25.033526637699165],[121.20875101091636,25.02453343406192],[121.19975780727911,25.02453343406192]]]}},{"type":"Feature","properties":{"jobs":320,"pop":2593,"pointCount":3,"homeWorkCommuteMedian":30372,"workHomeCommuteMedian":24416},"geometry":{"type":"Polygon","coordinates":[[[121.19975780727911,25.04251984133641],[121.19975780727911,25.051513044973657],[121.20875101091636,25.051513044973657],[121.20875101091636,25.04251984133641],[121.19975780727911,25.04251984133641]]]}},{"type":"Feature","properties":{"jobs":680,"pop":1877,"pointCount":5,"homeWorkCommuteMedian":10819,"workHomeCommuteMedian":14582},"geometry":{"type":"Polygon","coordinates":[[[121.19975780727911,25.051513044973657],[121.19975780727911,25.060506248610903],[121.20875101091636,25.060506248610903],[121.20875101091636,25.051513044973657],[121.19975780727911,25.051513044973657]]]}},{"type":"Feature","properties":{"jobs":1155,"pop":2184,"pointCount":8,"homeWorkCommuteMedian":8022,"workHomeCommuteMedian":13572},"geometry":{"type":"Polygon","coordinates":[[[121.19975780727911,25.060506248610903],[121.19975780727911,25.06949945224815],[121.20875101091636,25.06949945224815],[121.20875101091636,25.060506248610903],[121.19975780727911,25.060506248610903]]]}},{"type":"Feature","properties":{"jobs":381,"pop":254,"pointCount":7,"homeWorkCommuteMedian":8518,"workHomeCommuteMedian":8634},"geometry":{"type":"Polygon","coordinates":[[[121.19975780727911,25.06949945224815],[121.19975780727911,25.078492655885395],[121.20875101091636,25.078492655885395],[121.20875101091636,25.06949945224815],[121.19975780727911,25.06949945224815]]]}},{"type":"Feature","properties":{"jobs":47,"pop":932,"pointCount":5,"homeWorkCommuteMedian":13146,"workHomeCommuteMedian":9870},"geometry":{"type":"Polygon","coordinates":[[[121.19975780727911,25.078492655885395],[121.19975780727911,25.08748585952264],[121.20875101091636,25.08748585952264],[121.20875101091636,25.078492655885395],[121.19975780727911,25.078492655885395]]]}},{"type":"Feature","properties":{"jobs":127,"pop":1184,"pointCount":7,"homeWorkCommuteMedian":34401,"workHomeCommuteMedian":5904},"geometry":{"type":"Polygon","coordinates":[[[121.19975780727911,25.08748585952264],[121.19975780727911,25.096479063159887],[121.20875101091636,25.096479063159887],[121.20875101091636,25.08748585952264],[121.19975780727911,25.08748585952264]]]}},{"type":"Feature","properties":{"jobs":0,"pop":89,"pointCount":1,"homeWorkCommuteMedian":26744,"workHomeCommuteMedian":-1},"geometry":{"type":"Polygon","coordinates":[[[121.19975780727911,25.096479063159887],[121.19975780727911,25.105472266797133],[121.20875101091636,25.105472266797133],[121.20875101091636,25.096479063159887],[121.19975780727911,25.096479063159887]]]}},{"type":"Feature","properties":{"jobs":109,"pop":482,"pointCount":5,"homeWorkCommuteMedian":27113,"workHomeCommuteMedian":4611},"geometry":{"type":"Polygon","coordinates":[[[121.20875101091636,24.81768975040526],[121.20875101091636,24.826682954042507],[121.2177442145536,24.826682954042507],[121.2177442145536,24.81768975040526],[121.20875101091636,24.81768975040526]]]}},{"type":"Feature","properties":{"jobs":4799,"pop":265,"pointCount":8,"homeWorkCommuteMedian":30606,"workHomeCommuteMedian":18729},"geometry":{"type":"Polygon","coordinates":[[[121.20875101091636,24.826682954042507],[121.20875101091636,24.835676157679753],[121.2177442145536,24.835676157679753],[121.2177442145536,24.826682954042507],[121.20875101091636,24.826682954042507]]]}},{"type":"Feature","properties":{"jobs":785,"pop":1301,"pointCount":9,"homeWorkCommuteMedian":7251,"workHomeCommuteMedian":6085},"geometry":{"type":"Polygon","coordinates":[[[121.20875101091636,24.835676157679753],[121.20875101091636,24.844669361317],[121.2177442145536,24.844669361317],[121.2177442145536,24.835676157679753],[121.20875101091636,24.835676157679753]]]}},{"type":"Feature","properties":{"jobs":95,"pop":1802,"pointCount":5,"homeWorkCommuteMedian":25356,"workHomeCommuteMedian":5779},"geometry":{"type":"Polygon","coordinates":[[[121.20875101091636,24.844669361317],[121.20875101091636,24.853662564954245],[121.2177442145536,24.853662564954245],[121.2177442145536,24.844669361317],[121.20875101091636,24.844669361317]]]}},{"type":"Feature","properties":{"jobs":1120,"pop":2763,"pointCount":6,"homeWorkCommuteMedian":24040,"workHomeCommuteMedian":4945},"geometry":{"type":"Polygon","coordinates":[[[121.20875101091636,24.853662564954245],[121.20875101091636,24.86265576859149],[121.2177442145536,24.86265576859149],[121.2177442145536,24.853662564954245],[121.20875101091636,24.853662564954245]]]}},{"type":"Feature","properties":{"jobs":3441,"pop":4934,"pointCount":8,"homeWorkCommuteMedian":8160,"workHomeCommuteMedian":4234},"geometry":{"type":"Polygon","coordinates":[[[121.20875101091636,24.86265576859149],[121.20875101091636,24.871648972228737],[121.2177442145536,24.871648972228737],[121.2177442145536,24.86265576859149],[121.20875101091636,24.86265576859149]]]}},{"type":"Feature","properties":{"jobs":552,"pop":4409,"pointCount":7,"homeWorkCommuteMedian":7329,"workHomeCommuteMedian":5932},"geometry":{"type":"Polygon","coordinates":[[[121.20875101091636,24.871648972228737],[121.20875101091636,24.880642175865983],[121.2177442145536,24.880642175865983],[121.2177442145536,24.871648972228737],[121.20875101091636,24.871648972228737]]]}},{"type":"Feature","properties":{"jobs":1713,"pop":2109,"pointCount":7,"homeWorkCommuteMedian":12695,"workHomeCommuteMedian":6626},"geometry":{"type":"Polygon","coordinates":[[[121.20875101091636,24.880642175865983],[121.20875101091636,24.88963537950323],[121.2177442145536,24.88963537950323],[121.2177442145536,24.880642175865983],[121.20875101091636,24.880642175865983]]]}},{"type":"Feature","properties":{"jobs":927,"pop":2934,"pointCount":6,"homeWorkCommuteMedian":9448,"workHomeCommuteMedian":7593},"geometry":{"type":"Polygon","coordinates":[[[121.20875101091636,24.88963537950323],[121.20875101091636,24.898628583140475],[121.2177442145536,24.898628583140475],[121.2177442145536,24.88963537950323],[121.20875101091636,24.88963537950323]]]}},{"type":"Feature","properties":{"jobs":1784,"pop":5347,"pointCount":11,"homeWorkCommuteMedian":18040,"workHomeCommuteMedian":6437},"geometry":{"type":"Polygon","coordinates":[[[121.20875101091636,24.898628583140475],[121.20875101091636,24.90762178677772],[121.2177442145536,24.90762178677772],[121.2177442145536,24.898628583140475],[121.20875101091636,24.898628583140475]]]}},{"type":"Feature","properties":{"jobs":899,"pop":3421,"pointCount":6,"homeWorkCommuteMedian":7455,"workHomeCommuteMedian":6453},"geometry":{"type":"Polygon","coordinates":[[[121.20875101091636,24.90762178677772],[121.20875101091636,24.916614990414967],[121.2177442145536,24.916614990414967],[121.2177442145536,24.90762178677772],[121.20875101091636,24.90762178677772]]]}},{"type":"Feature","properties":{"jobs":1891,"pop":3598,"pointCount":5,"homeWorkCommuteMedian":18782,"workHomeCommuteMedian":4360},"geometry":{"type":"Polygon","coordinates":[[[121.20875101091636,24.916614990414967],[121.20875101091636,24.925608194052213],[121.2177442145536,24.925608194052213],[121.2177442145536,24.916614990414967],[121.20875101091636,24.916614990414967]]]}},{"type":"Feature","properties":{"jobs":1545,"pop":776,"pointCount":5,"homeWorkCommuteMedian":6454,"workHomeCommuteMedian":4630},"geometry":{"type":"Polygon","coordinates":[[[121.20875101091636,24.925608194052213],[121.20875101091636,24.93460139768946],[121.2177442145536,24.93460139768946],[121.2177442145536,24.925608194052213],[121.20875101091636,24.925608194052213]]]}},{"type":"Feature","properties":{"jobs":5251,"pop":8253,"pointCount":9,"homeWorkCommuteMedian":10018,"workHomeCommuteMedian":5839},"geometry":{"type":"Polygon","coordinates":[[[121.20875101091636,24.93460139768946],[121.20875101091636,24.943594601326705],[121.2177442145536,24.943594601326705],[121.2177442145536,24.93460139768946],[121.20875101091636,24.93460139768946]]]}},{"type":"Feature","properties":{"jobs":4563,"pop":9877,"pointCount":13,"homeWorkCommuteMedian":7840,"workHomeCommuteMedian":4870},"geometry":{"type":"Polygon","coordinates":[[[121.20875101091636,24.943594601326705],[121.20875101091636,24.95258780496395],[121.2177442145536,24.95258780496395],[121.2177442145536,24.943594601326705],[121.20875101091636,24.943594601326705]]]}},{"type":"Feature","properties":{"jobs":8735,"pop":13174,"pointCount":17,"homeWorkCommuteMedian":6596,"workHomeCommuteMedian":5679},"geometry":{"type":"Polygon","coordinates":[[[121.20875101091636,24.95258780496395],[121.20875101091636,24.961581008601197],[121.2177442145536,24.961581008601197],[121.2177442145536,24.95258780496395],[121.20875101091636,24.95258780496395]]]}},{"type":"Feature","properties":{"jobs":4300,"pop":4295,"pointCount":9,"homeWorkCommuteMedian":6852,"workHomeCommuteMedian":5917},"geometry":{"type":"Polygon","coordinates":[[[121.20875101091636,24.961581008601197],[121.20875101091636,24.970574212238443],[121.2177442145536,24.970574212238443],[121.2177442145536,24.961581008601197],[121.20875101091636,24.961581008601197]]]}},{"type":"Feature","properties":{"jobs":295,"pop":362,"pointCount":4,"homeWorkCommuteMedian":15267,"workHomeCommuteMedian":5035},"geometry":{"type":"Polygon","coordinates":[[[121.20875101091636,24.970574212238443],[121.20875101091636,24.97956741587569],[121.2177442145536,24.97956741587569],[121.2177442145536,24.970574212238443],[121.20875101091636,24.970574212238443]]]}},{"type":"Feature","properties":{"jobs":611,"pop":52,"pointCount":3,"homeWorkCommuteMedian":6851,"workHomeCommuteMedian":6756},"geometry":{"type":"Polygon","coordinates":[[[121.20875101091636,24.97956741587569],[121.20875101091636,24.988560619512935],[121.2177442145536,24.988560619512935],[121.2177442145536,24.97956741587569],[121.20875101091636,24.97956741587569]]]}},{"type":"Feature","properties":{"jobs":68,"pop":186,"pointCount":3,"homeWorkCommuteMedian":12966,"workHomeCommuteMedian":12603},"geometry":{"type":"Polygon","coordinates":[[[121.20875101091636,24.988560619512935],[121.20875101091636,24.99755382315018],[121.2177442145536,24.99755382315018],[121.2177442145536,24.988560619512935],[121.20875101091636,24.988560619512935]]]}},{"type":"Feature","properties":{"jobs":973,"pop":2375,"pointCount":5,"homeWorkCommuteMedian":8239,"workHomeCommuteMedian":9788},"geometry":{"type":"Polygon","coordinates":[[[121.20875101091636,24.99755382315018],[121.20875101091636,25.006547026787427],[121.2177442145536,25.006547026787427],[121.2177442145536,24.99755382315018],[121.20875101091636,24.99755382315018]]]}},{"type":"Feature","properties":{"jobs":5863,"pop":0,"pointCount":5,"homeWorkCommuteMedian":-1,"workHomeCommuteMedian":9152},"geometry":{"type":"Polygon","coordinates":[[[121.20875101091636,25.006547026787427],[121.20875101091636,25.015540230424673],[121.2177442145536,25.015540230424673],[121.2177442145536,25.006547026787427],[121.20875101091636,25.006547026787427]]]}},{"type":"Feature","properties":{"jobs":4281,"pop":0,"pointCount":3,"homeWorkCommuteMedian":-1,"workHomeCommuteMedian":9015},"geometry":{"type":"Polygon","coordinates":[[[121.20875101091636,25.015540230424673],[121.20875101091636,25.02453343406192],[121.2177442145536,25.02453343406192],[121.2177442145536,25.015540230424673],[121.20875101091636,25.015540230424673]]]}},{"type":"Feature","properties":{"jobs":61,"pop":0,"pointCount":1,"homeWorkCommuteMedian":-1,"workHomeCommuteMedian":22998},"geometry":{"type":"Polygon","coordinates":[[[121.20875101091636,25.02453343406192],[121.20875101091636,25.033526637699165],[121.2177442145536,25.033526637699165],[121.2177442145536,25.02453343406192],[121.20875101091636,25.02453343406192]]]}},{"type":"Feature","properties":{"jobs":1693,"pop":463,"pointCount":5,"homeWorkCommuteMedian":12455,"workHomeCommuteMedian":11047},"geometry":{"type":"Polygon","coordinates":[[[121.20875101091636,25.033526637699165],[121.20875101091636,25.04251984133641],[121.2177442145536,25.04251984133641],[121.2177442145536,25.033526637699165],[121.20875101091636,25.033526637699165]]]}},{"type":"Feature","properties":{"jobs":0,"pop":507,"pointCount":2,"homeWorkCommuteMedian":12093,"workHomeCommuteMedian":-1},"geometry":{"type":"Polygon","coordinates":[[[121.20875101091636,25.04251984133641],[121.20875101091636,25.051513044973657],[121.2177442145536,25.051513044973657],[121.2177442145536,25.04251984133641],[121.20875101091636,25.04251984133641]]]}},{"type":"Feature","properties":{"jobs":219,"pop":655,"pointCount":3,"homeWorkCommuteMedian":6219,"workHomeCommuteMedian":19855},"geometry":{"type":"Polygon","coordinates":[[[121.20875101091636,25.051513044973657],[121.20875101091636,25.060506248610903],[121.2177442145536,25.060506248610903],[121.2177442145536,25.051513044973657],[121.20875101091636,25.051513044973657]]]}},{"type":"Feature","properties":{"jobs":178,"pop":693,"pointCount":2,"homeWorkCommuteMedian":4269,"workHomeCommuteMedian":17889},"geometry":{"type":"Polygon","coordinates":[[[121.20875101091636,25.060506248610903],[121.20875101091636,25.06949945224815],[121.2177442145536,25.06949945224815],[121.2177442145536,25.060506248610903],[121.20875101091636,25.060506248610903]]]}},{"type":"Feature","properties":{"jobs":26,"pop":199,"pointCount":1,"homeWorkCommuteMedian":9704,"workHomeCommuteMedian":5064},"geometry":{"type":"Polygon","coordinates":[[[121.20875101091636,25.06949945224815],[121.20875101091636,25.078492655885395],[121.2177442145536,25.078492655885395],[121.2177442145536,25.06949945224815],[121.20875101091636,25.06949945224815]]]}},{"type":"Feature","properties":{"jobs":49,"pop":176,"pointCount":2,"homeWorkCommuteMedian":7550,"workHomeCommuteMedian":3669},"geometry":{"type":"Polygon","coordinates":[[[121.20875101091636,25.078492655885395],[121.20875101091636,25.08748585952264],[121.2177442145536,25.08748585952264],[121.2177442145536,25.078492655885395],[121.20875101091636,25.078492655885395]]]}},{"type":"Feature","properties":{"jobs":0,"pop":236,"pointCount":1,"homeWorkCommuteMedian":8429,"workHomeCommuteMedian":-1},"geometry":{"type":"Polygon","coordinates":[[[121.20875101091636,25.08748585952264],[121.20875101091636,25.096479063159887],[121.2177442145536,25.096479063159887],[121.2177442145536,25.08748585952264],[121.20875101091636,25.08748585952264]]]}},{"type":"Feature","properties":{"jobs":50,"pop":203,"pointCount":3,"homeWorkCommuteMedian":8420,"workHomeCommuteMedian":9422},"geometry":{"type":"Polygon","coordinates":[[[121.20875101091636,25.096479063159887],[121.20875101091636,25.105472266797133],[121.2177442145536,25.105472266797133],[121.2177442145536,25.096479063159887],[121.20875101091636,25.096479063159887]]]}},{"type":"Feature","properties":{"jobs":37,"pop":74,"pointCount":2,"homeWorkCommuteMedian":64224,"workHomeCommuteMedian":22170},"geometry":{"type":"Polygon","coordinates":[[[121.2177442145536,24.808696546768015],[121.2177442145536,24.81768975040526],[121.22673741819085,24.81768975040526],[121.22673741819085,24.808696546768015],[121.2177442145536,24.808696546768015]]]}},{"type":"Feature","properties":{"jobs":0,"pop":55,"pointCount":1,"homeWorkCommuteMedian":9184,"workHomeCommuteMedian":-1},"geometry":{"type":"Polygon","coordinates":[[[121.2177442145536,24.81768975040526],[121.2177442145536,24.826682954042507],[121.22673741819085,24.826682954042507],[121.22673741819085,24.81768975040526],[121.2177442145536,24.81768975040526]]]}},{"type":"Feature","properties":{"jobs":0,"pop":28,"pointCount":1,"homeWorkCommuteMedian":9270,"workHomeCommuteMedian":-1},"geometry":{"type":"Polygon","coordinates":[[[121.2177442145536,24.826682954042507],[121.2177442145536,24.835676157679753],[121.22673741819085,24.835676157679753],[121.22673741819085,24.826682954042507],[121.2177442145536,24.826682954042507]]]}},{"type":"Feature","properties":{"jobs":112,"pop":258,"pointCount":2,"homeWorkCommuteMedian":46084,"workHomeCommuteMedian":39745},"geometry":{"type":"Polygon","coordinates":[[[121.2177442145536,24.835676157679753],[121.2177442145536,24.844669361317],[121.22673741819085,24.844669361317],[121.22673741819085,24.835676157679753],[121.2177442145536,24.835676157679753]]]}},{"type":"Feature","properties":{"jobs":45,"pop":2443,"pointCount":5,"homeWorkCommuteMedian":33692,"workHomeCommuteMedian":3830},"geometry":{"type":"Polygon","coordinates":[[[121.2177442145536,24.844669361317],[121.2177442145536,24.853662564954245],[121.22673741819085,24.853662564954245],[121.22673741819085,24.844669361317],[121.2177442145536,24.844669361317]]]}},{"type":"Feature","properties":{"jobs":775,"pop":3369,"pointCount":9,"homeWorkCommuteMedian":13738,"workHomeCommuteMedian":5892},"geometry":{"type":"Polygon","coordinates":[[[121.2177442145536,24.853662564954245],[121.2177442145536,24.86265576859149],[121.22673741819085,24.86265576859149],[121.22673741819085,24.853662564954245],[121.2177442145536,24.853662564954245]]]}},{"type":"Feature","properties":{"jobs":1336,"pop":2854,"pointCount":11,"homeWorkCommuteMedian":6145,"workHomeCommuteMedian":3889},"geometry":{"type":"Polygon","coordinates":[[[121.2177442145536,24.86265576859149],[121.2177442145536,24.871648972228737],[121.22673741819085,24.871648972228737],[121.22673741819085,24.86265576859149],[121.2177442145536,24.86265576859149]]]}},{"type":"Feature","properties":{"jobs":237,"pop":1169,"pointCount":3,"homeWorkCommuteMedian":9752,"workHomeCommuteMedian":10574},"geometry":{"type":"Polygon","coordinates":[[[121.2177442145536,24.871648972228737],[121.2177442145536,24.880642175865983],[121.22673741819085,24.880642175865983],[121.22673741819085,24.871648972228737],[121.2177442145536,24.871648972228737]]]}},{"type":"Feature","properties":{"jobs":30,"pop":707,"pointCount":3,"homeWorkCommuteMedian":25807,"workHomeCommuteMedian":2374},"geometry":{"type":"Polygon","coordinates":[[[121.2177442145536,24.880642175865983],[121.2177442145536,24.88963537950323],[121.22673741819085,24.88963537950323],[121.22673741819085,24.880642175865983],[121.2177442145536,24.880642175865983]]]}},{"type":"Feature","properties":{"jobs":90,"pop":174,"pointCount":2,"homeWorkCommuteMedian":37106,"workHomeCommuteMedian":12246},"geometry":{"type":"Polygon","coordinates":[[[121.2177442145536,24.88963537950323],[121.2177442145536,24.898628583140475],[121.22673741819085,24.898628583140475],[121.22673741819085,24.88963537950323],[121.2177442145536,24.88963537950323]]]}},{"type":"Feature","properties":{"jobs":0,"pop":697,"pointCount":2,"homeWorkCommuteMedian":32331,"workHomeCommuteMedian":-1},"geometry":{"type":"Polygon","coordinates":[[[121.2177442145536,24.898628583140475],[121.2177442145536,24.90762178677772],[121.22673741819085,24.90762178677772],[121.22673741819085,24.898628583140475],[121.2177442145536,24.898628583140475]]]}},{"type":"Feature","properties":{"jobs":279,"pop":690,"pointCount":5,"homeWorkCommuteMedian":9338,"workHomeCommuteMedian":6280},"geometry":{"type":"Polygon","coordinates":[[[121.2177442145536,24.90762178677772],[121.2177442145536,24.916614990414967],[121.22673741819085,24.916614990414967],[121.22673741819085,24.90762178677772],[121.2177442145536,24.90762178677772]]]}},{"type":"Feature","properties":{"jobs":1273,"pop":404,"pointCount":6,"homeWorkCommuteMedian":35838,"workHomeCommuteMedian":5174},"geometry":{"type":"Polygon","coordinates":[[[121.2177442145536,24.916614990414967],[121.2177442145536,24.925608194052213],[121.22673741819085,24.925608194052213],[121.22673741819085,24.916614990414967],[121.2177442145536,24.916614990414967]]]}},{"type":"Feature","properties":{"jobs":1273,"pop":6978,"pointCount":11,"homeWorkCommuteMedian":7630,"workHomeCommuteMedian":4521},"geometry":{"type":"Polygon","coordinates":[[[121.2177442145536,24.925608194052213],[121.2177442145536,24.93460139768946],[121.22673741819085,24.93460139768946],[121.22673741819085,24.925608194052213],[121.2177442145536,24.925608194052213]]]}},{"type":"Feature","properties":{"jobs":2334,"pop":6871,"pointCount":9,"homeWorkCommuteMedian":7298,"workHomeCommuteMedian":3968},"geometry":{"type":"Polygon","coordinates":[[[121.2177442145536,24.93460139768946],[121.2177442145536,24.943594601326705],[121.22673741819085,24.943594601326705],[121.22673741819085,24.93460139768946],[121.2177442145536,24.93460139768946]]]}},{"type":"Feature","properties":{"jobs":2440,"pop":9056,"pointCount":10,"homeWorkCommuteMedian":7296,"workHomeCommuteMedian":5796},"geometry":{"type":"Polygon","coordinates":[[[121.2177442145536,24.943594601326705],[121.2177442145536,24.95258780496395],[121.22673741819085,24.95258780496395],[121.22673741819085,24.943594601326705],[121.2177442145536,24.943594601326705]]]}},{"type":"Feature","properties":{"jobs":18969,"pop":9089,"pointCount":17,"homeWorkCommuteMedian":7850,"workHomeCommuteMedian":4810},"geometry":{"type":"Polygon","coordinates":[[[121.2177442145536,24.95258780496395],[121.2177442145536,24.961581008601197],[121.22673741819085,24.961581008601197],[121.22673741819085,24.95258780496395],[121.2177442145536,24.95258780496395]]]}},{"type":"Feature","properties":{"jobs":8058,"pop":8802,"pointCount":10,"homeWorkCommuteMedian":4674,"workHomeCommuteMedian":4567},"geometry":{"type":"Polygon","coordinates":[[[121.2177442145536,24.961581008601197],[121.2177442145536,24.970574212238443],[121.22673741819085,24.970574212238443],[121.22673741819085,24.961581008601197],[121.2177442145536,24.961581008601197]]]}},{"type":"Feature","properties":{"jobs":1177,"pop":1020,"pointCount":6,"homeWorkCommuteMedian":8020,"workHomeCommuteMedian":6055},"geometry":{"type":"Polygon","coordinates":[[[121.2177442145536,24.970574212238443],[121.2177442145536,24.97956741587569],[121.22673741819085,24.97956741587569],[121.22673741819085,24.970574212238443],[121.2177442145536,24.970574212238443]]]}},{"type":"Feature","properties":{"jobs":2611,"pop":1447,"pointCount":7,"homeWorkCommuteMedian":14551,"workHomeCommuteMedian":6415},"geometry":{"type":"Polygon","coordinates":[[[121.2177442145536,24.97956741587569],[121.2177442145536,24.988560619512935],[121.22673741819085,24.988560619512935],[121.22673741819085,24.97956741587569],[121.2177442145536,24.97956741587569]]]}},{"type":"Feature","properties":{"jobs":290,"pop":319,"pointCount":3,"homeWorkCommuteMedian":12970,"workHomeCommuteMedian":6776},"geometry":{"type":"Polygon","coordinates":[[[121.2177442145536,24.988560619512935],[121.2177442145536,24.99755382315018],[121.22673741819085,24.99755382315018],[121.22673741819085,24.988560619512935],[121.2177442145536,24.988560619512935]]]}},{"type":"Feature","properties":{"jobs":302,"pop":478,"pointCount":3,"homeWorkCommuteMedian":7932,"workHomeCommuteMedian":4930},"geometry":{"type":"Polygon","coordinates":[[[121.2177442145536,24.99755382315018],[121.2177442145536,25.006547026787427],[121.22673741819085,25.006547026787427],[121.22673741819085,24.99755382315018],[121.2177442145536,24.99755382315018]]]}},{"type":"Feature","properties":{"jobs":3971,"pop":2274,"pointCount":7,"homeWorkCommuteMedian":10256,"workHomeCommuteMedian":10487},"geometry":{"type":"Polygon","coordinates":[[[121.2177442145536,25.006547026787427],[121.2177442145536,25.015540230424673],[121.22673741819085,25.015540230424673],[121.22673741819085,25.006547026787427],[121.2177442145536,25.006547026787427]]]}},{"type":"Feature","properties":{"jobs":2681,"pop":0,"pointCount":5,"homeWorkCommuteMedian":-1,"workHomeCommuteMedian":10227},"geometry":{"type":"Polygon","coordinates":[[[121.2177442145536,25.015540230424673],[121.2177442145536,25.02453343406192],[121.22673741819085,25.02453343406192],[121.22673741819085,25.015540230424673],[121.2177442145536,25.015540230424673]]]}},{"type":"Feature","properties":{"jobs":323,"pop":149,"pointCount":2,"homeWorkCommuteMedian":13639,"workHomeCommuteMedian":15943},"geometry":{"type":"Polygon","coordinates":[[[121.2177442145536,25.02453343406192],[121.2177442145536,25.033526637699165],[121.22673741819085,25.033526637699165],[121.22673741819085,25.02453343406192],[121.2177442145536,25.02453343406192]]]}},{"type":"Feature","properties":{"jobs":0,"pop":223,"pointCount":1,"homeWorkCommuteMedian":14365,"workHomeCommuteMedian":-1},"geometry":{"type":"Polygon","coordinates":[[[121.2177442145536,25.033526637699165],[121.2177442145536,25.04251984133641],[121.22673741819085,25.04251984133641],[121.22673741819085,25.033526637699165],[121.2177442145536,25.033526637699165]]]}},{"type":"Feature","properties":{"jobs":69,"pop":1095,"pointCount":5,"homeWorkCommuteMedian":8775,"workHomeCommuteMedian":7706},"geometry":{"type":"Polygon","coordinates":[[[121.2177442145536,25.04251984133641],[121.2177442145536,25.051513044973657],[121.22673741819085,25.051513044973657],[121.22673741819085,25.04251984133641],[121.2177442145536,25.04251984133641]]]}},{"type":"Feature","properties":{"jobs":111,"pop":1904,"pointCount":5,"homeWorkCommuteMedian":6778,"workHomeCommuteMedian":4066},"geometry":{"type":"Polygon","coordinates":[[[121.2177442145536,25.051513044973657],[121.2177442145536,25.060506248610903],[121.22673741819085,25.060506248610903],[121.22673741819085,25.051513044973657],[121.2177442145536,25.051513044973657]]]}},{"type":"Feature","properties":{"jobs":4421,"pop":0,"pointCount":4,"homeWorkCommuteMedian":-1,"workHomeCommuteMedian":11539},"geometry":{"type":"Polygon","coordinates":[[[121.2177442145536,25.060506248610903],[121.2177442145536,25.06949945224815],[121.22673741819085,25.06949945224815],[121.22673741819085,25.060506248610903],[121.2177442145536,25.060506248610903]]]}},{"type":"Feature","properties":{"jobs":43,"pop":0,"pointCount":1,"homeWorkCommuteMedian":-1,"workHomeCommuteMedian":5010},"geometry":{"type":"Polygon","coordinates":[[[121.2177442145536,25.078492655885395],[121.2177442145536,25.08748585952264],[121.22673741819085,25.08748585952264],[121.22673741819085,25.078492655885395],[121.2177442145536,25.078492655885395]]]}},{"type":"Feature","properties":{"jobs":48,"pop":179,"pointCount":3,"homeWorkCommuteMedian":27249,"workHomeCommuteMedian":5452},"geometry":{"type":"Polygon","coordinates":[[[121.2177442145536,25.08748585952264],[121.2177442145536,25.096479063159887],[121.22673741819085,25.096479063159887],[121.22673741819085,25.08748585952264],[121.2177442145536,25.08748585952264]]]}},{"type":"Feature","properties":{"jobs":27,"pop":420,"pointCount":6,"homeWorkCommuteMedian":8879,"workHomeCommuteMedian":5856},"geometry":{"type":"Polygon","coordinates":[[[121.2177442145536,25.096479063159887],[121.2177442145536,25.105472266797133],[121.22673741819085,25.105472266797133],[121.22673741819085,25.096479063159887],[121.2177442145536,25.096479063159887]]]}},{"type":"Feature","properties":{"jobs":26,"pop":222,"pointCount":1,"homeWorkCommuteMedian":49692,"workHomeCommuteMedian":8927},"geometry":{"type":"Polygon","coordinates":[[[121.22673741819085,24.808696546768015],[121.22673741819085,24.81768975040526],[121.2357306218281,24.81768975040526],[121.2357306218281,24.808696546768015],[121.22673741819085,24.808696546768015]]]}},{"type":"Feature","properties":{"jobs":0,"pop":338,"pointCount":5,"homeWorkCommuteMedian":21522,"workHomeCommuteMedian":-1},"geometry":{"type":"Polygon","coordinates":[[[121.22673741819085,24.81768975040526],[121.22673741819085,24.826682954042507],[121.2357306218281,24.826682954042507],[121.2357306218281,24.81768975040526],[121.22673741819085,24.81768975040526]]]}},{"type":"Feature","properties":{"jobs":49,"pop":692,"pointCount":6,"homeWorkCommuteMedian":9352,"workHomeCommuteMedian":3638},"geometry":{"type":"Polygon","coordinates":[[[121.22673741819085,24.826682954042507],[121.22673741819085,24.835676157679753],[121.2357306218281,24.835676157679753],[121.2357306218281,24.826682954042507],[121.22673741819085,24.826682954042507]]]}},{"type":"Feature","properties":{"jobs":1157,"pop":2896,"pointCount":8,"homeWorkCommuteMedian":10444,"workHomeCommuteMedian":5333},"geometry":{"type":"Polygon","coordinates":[[[121.22673741819085,24.835676157679753],[121.22673741819085,24.844669361317],[121.2357306218281,24.844669361317],[121.2357306218281,24.835676157679753],[121.22673741819085,24.835676157679753]]]}},{"type":"Feature","properties":{"jobs":240,"pop":2402,"pointCount":6,"homeWorkCommuteMedian":15120,"workHomeCommuteMedian":5586},"geometry":{"type":"Polygon","coordinates":[[[121.22673741819085,24.844669361317],[121.22673741819085,24.853662564954245],[121.2357306218281,24.853662564954245],[121.2357306218281,24.844669361317],[121.22673741819085,24.844669361317]]]}},{"type":"Feature","properties":{"jobs":31,"pop":332,"pointCount":4,"homeWorkCommuteMedian":18048,"workHomeCommuteMedian":4263},"geometry":{"type":"Polygon","coordinates":[[[121.22673741819085,24.853662564954245],[121.22673741819085,24.86265576859149],[121.2357306218281,24.86265576859149],[121.2357306218281,24.853662564954245],[121.22673741819085,24.853662564954245]]]}},{"type":"Feature","properties":{"jobs":333,"pop":1181,"pointCount":6,"homeWorkCommuteMedian":22016,"workHomeCommuteMedian":9134},"geometry":{"type":"Polygon","coordinates":[[[121.22673741819085,24.86265576859149],[121.22673741819085,24.871648972228737],[121.2357306218281,24.871648972228737],[121.2357306218281,24.86265576859149],[121.22673741819085,24.86265576859149]]]}},{"type":"Feature","properties":{"jobs":2608,"pop":7372,"pointCount":16,"homeWorkCommuteMedian":12492,"workHomeCommuteMedian":8431},"geometry":{"type":"Polygon","coordinates":[[[121.22673741819085,24.871648972228737],[121.22673741819085,24.880642175865983],[121.2357306218281,24.880642175865983],[121.2357306218281,24.871648972228737],[121.22673741819085,24.871648972228737]]]}},{"type":"Feature","properties":{"jobs":131,"pop":1011,"pointCount":5,"homeWorkCommuteMedian":14626,"workHomeCommuteMedian":6909},"geometry":{"type":"Polygon","coordinates":[[[121.22673741819085,24.880642175865983],[121.22673741819085,24.88963537950323],[121.2357306218281,24.88963537950323],[121.2357306218281,24.880642175865983],[121.22673741819085,24.880642175865983]]]}},{"type":"Feature","properties":{"jobs":121,"pop":323,"pointCount":3,"homeWorkCommuteMedian":14994,"workHomeCommuteMedian":16023},"geometry":{"type":"Polygon","coordinates":[[[121.22673741819085,24.88963537950323],[121.22673741819085,24.898628583140475],[121.2357306218281,24.898628583140475],[121.2357306218281,24.88963537950323],[121.22673741819085,24.88963537950323]]]}},{"type":"Feature","properties":{"jobs":946,"pop":662,"pointCount":8,"homeWorkCommuteMedian":21761,"workHomeCommuteMedian":6840},"geometry":{"type":"Polygon","coordinates":[[[121.22673741819085,24.898628583140475],[121.22673741819085,24.90762178677772],[121.2357306218281,24.90762178677772],[121.2357306218281,24.898628583140475],[121.22673741819085,24.898628583140475]]]}},{"type":"Feature","properties":{"jobs":1394,"pop":775,"pointCount":7,"homeWorkCommuteMedian":15827,"workHomeCommuteMedian":3352},"geometry":{"type":"Polygon","coordinates":[[[121.22673741819085,24.90762178677772],[121.22673741819085,24.916614990414967],[121.2357306218281,24.916614990414967],[121.2357306218281,24.90762178677772],[121.22673741819085,24.90762178677772]]]}},{"type":"Feature","properties":{"jobs":241,"pop":482,"pointCount":4,"homeWorkCommuteMedian":5730,"workHomeCommuteMedian":6142},"geometry":{"type":"Polygon","coordinates":[[[121.22673741819085,24.916614990414967],[121.22673741819085,24.925608194052213],[121.2357306218281,24.925608194052213],[121.2357306218281,24.916614990414967],[121.22673741819085,24.916614990414967]]]}},{"type":"Feature","properties":{"jobs":462,"pop":4112,"pointCount":7,"homeWorkCommuteMedian":9619,"workHomeCommuteMedian":13043},"geometry":{"type":"Polygon","coordinates":[[[121.22673741819085,24.925608194052213],[121.22673741819085,24.93460139768946],[121.2357306218281,24.93460139768946],[121.2357306218281,24.925608194052213],[121.22673741819085,24.925608194052213]]]}},{"type":"Feature","properties":{"jobs":1885,"pop":6549,"pointCount":9,"homeWorkCommuteMedian":7462,"workHomeCommuteMedian":7142},"geometry":{"type":"Polygon","coordinates":[[[121.22673741819085,24.93460139768946],[121.22673741819085,24.943594601326705],[121.2357306218281,24.943594601326705],[121.2357306218281,24.93460139768946],[121.22673741819085,24.93460139768946]]]}},{"type":"Feature","properties":{"jobs":10421,"pop":12663,"pointCount":13,"homeWorkCommuteMedian":7191,"workHomeCommuteMedian":5127},"geometry":{"type":"Polygon","coordinates":[[[121.22673741819085,24.943594601326705],[121.22673741819085,24.95258780496395],[121.2357306218281,24.95258780496395],[121.2357306218281,24.943594601326705],[121.22673741819085,24.943594601326705]]]}},{"type":"Feature","properties":{"jobs":5620,"pop":10477,"pointCount":14,"homeWorkCommuteMedian":6469,"workHomeCommuteMedian":4486},"geometry":{"type":"Polygon","coordinates":[[[121.22673741819085,24.95258780496395],[121.22673741819085,24.961581008601197],[121.2357306218281,24.961581008601197],[121.2357306218281,24.95258780496395],[121.22673741819085,24.95258780496395]]]}},{"type":"Feature","properties":{"jobs":8971,"pop":6628,"pointCount":11,"homeWorkCommuteMedian":6750,"workHomeCommuteMedian":5038},"geometry":{"type":"Polygon","coordinates":[[[121.22673741819085,24.961581008601197],[121.22673741819085,24.970574212238443],[121.2357306218281,24.970574212238443],[121.2357306218281,24.961581008601197],[121.22673741819085,24.961581008601197]]]}},{"type":"Feature","properties":{"jobs":2736,"pop":7767,"pointCount":10,"homeWorkCommuteMedian":7693,"workHomeCommuteMedian":5095},"geometry":{"type":"Polygon","coordinates":[[[121.22673741819085,24.970574212238443],[121.22673741819085,24.97956741587569],[121.2357306218281,24.97956741587569],[121.2357306218281,24.970574212238443],[121.22673741819085,24.970574212238443]]]}},{"type":"Feature","properties":{"jobs":773,"pop":381,"pointCount":3,"homeWorkCommuteMedian":7498,"workHomeCommuteMedian":7587},"geometry":{"type":"Polygon","coordinates":[[[121.22673741819085,24.97956741587569],[121.22673741819085,24.988560619512935],[121.2357306218281,24.988560619512935],[121.2357306218281,24.97956741587569],[121.22673741819085,24.97956741587569]]]}},{"type":"Feature","properties":{"jobs":5765,"pop":848,"pointCount":6,"homeWorkCommuteMedian":6084,"workHomeCommuteMedian":9107},"geometry":{"type":"Polygon","coordinates":[[[121.22673741819085,24.988560619512935],[121.22673741819085,24.99755382315018],[121.2357306218281,24.99755382315018],[121.2357306218281,24.988560619512935],[121.22673741819085,24.988560619512935]]]}},{"type":"Feature","properties":{"jobs":2957,"pop":1303,"pointCount":9,"homeWorkCommuteMedian":11043,"workHomeCommuteMedian":8392},"geometry":{"type":"Polygon","coordinates":[[[121.22673741819085,24.99755382315018],[121.22673741819085,25.006547026787427],[121.2357306218281,25.006547026787427],[121.2357306218281,24.99755382315018],[121.22673741819085,24.99755382315018]]]}},{"type":"Feature","properties":{"jobs":546,"pop":969,"pointCount":6,"homeWorkCommuteMedian":18696,"workHomeCommuteMedian":10603},"geometry":{"type":"Polygon","coordinates":[[[121.22673741819085,25.006547026787427],[121.22673741819085,25.015540230424673],[121.2357306218281,25.015540230424673],[121.2357306218281,25.006547026787427],[121.22673741819085,25.006547026787427]]]}},{"type":"Feature","properties":{"jobs":2145,"pop":1267,"pointCount":8,"homeWorkCommuteMedian":9363,"workHomeCommuteMedian":10886},"geometry":{"type":"Polygon","coordinates":[[[121.22673741819085,25.015540230424673],[121.22673741819085,25.02453343406192],[121.2357306218281,25.02453343406192],[121.2357306218281,25.015540230424673],[121.22673741819085,25.015540230424673]]]}},{"type":"Feature","properties":{"jobs":208,"pop":370,"pointCount":3,"homeWorkCommuteMedian":9366,"workHomeCommuteMedian":21327},"geometry":{"type":"Polygon","coordinates":[[[121.22673741819085,25.02453343406192],[121.22673741819085,25.033526637699165],[121.2357306218281,25.033526637699165],[121.2357306218281,25.02453343406192],[121.22673741819085,25.02453343406192]]]}},{"type":"Feature","properties":{"jobs":134,"pop":1187,"pointCount":6,"homeWorkCommuteMedian":11123,"workHomeCommuteMedian":9862},"geometry":{"type":"Polygon","coordinates":[[[121.22673741819085,25.033526637699165],[121.22673741819085,25.04251984133641],[121.2357306218281,25.04251984133641],[121.2357306218281,25.033526637699165],[121.22673741819085,25.033526637699165]]]}},{"type":"Feature","properties":{"jobs":127,"pop":529,"pointCount":4,"homeWorkCommuteMedian":7317,"workHomeCommuteMedian":14121},"geometry":{"type":"Polygon","coordinates":[[[121.22673741819085,25.051513044973657],[121.22673741819085,25.060506248610903],[121.2357306218281,25.060506248610903],[121.2357306218281,25.051513044973657],[121.22673741819085,25.051513044973657]]]}},{"type":"Feature","properties":{"jobs":48,"pop":248,"pointCount":3,"homeWorkCommuteMedian":7236,"workHomeCommuteMedian":5198},"geometry":{"type":"Polygon","coordinates":[[[121.22673741819085,25.060506248610903],[121.22673741819085,25.06949945224815],[121.2357306218281,25.06949945224815],[121.2357306218281,25.060506248610903],[121.22673741819085,25.060506248610903]]]}},{"type":"Feature","properties":{"jobs":39801,"pop":0,"pointCount":1,"homeWorkCommuteMedian":-1,"workHomeCommuteMedian":31614},"geometry":{"type":"Polygon","coordinates":[[[121.22673741819085,25.06949945224815],[121.22673741819085,25.078492655885395],[121.2357306218281,25.078492655885395],[121.2357306218281,25.06949945224815],[121.22673741819085,25.06949945224815]]]}},{"type":"Feature","properties":{"jobs":6038,"pop":0,"pointCount":2,"homeWorkCommuteMedian":-1,"workHomeCommuteMedian":11135},"geometry":{"type":"Polygon","coordinates":[[[121.22673741819085,25.078492655885395],[121.22673741819085,25.08748585952264],[121.2357306218281,25.08748585952264],[121.2357306218281,25.078492655885395],[121.22673741819085,25.078492655885395]]]}},{"type":"Feature","properties":{"jobs":39,"pop":165,"pointCount":3,"homeWorkCommuteMedian":5278,"workHomeCommuteMedian":52048},"geometry":{"type":"Polygon","coordinates":[[[121.22673741819085,25.08748585952264],[121.22673741819085,25.096479063159887],[121.2357306218281,25.096479063159887],[121.2357306218281,25.08748585952264],[121.22673741819085,25.08748585952264]]]}},{"type":"Feature","properties":{"jobs":0,"pop":144,"pointCount":2,"homeWorkCommuteMedian":8799,"workHomeCommuteMedian":-1},"geometry":{"type":"Polygon","coordinates":[[[121.22673741819085,25.096479063159887],[121.22673741819085,25.105472266797133],[121.2357306218281,25.105472266797133],[121.2357306218281,25.096479063159887],[121.22673741819085,25.096479063159887]]]}},{"type":"Feature","properties":{"jobs":130,"pop":490,"pointCount":5,"homeWorkCommuteMedian":8524,"workHomeCommuteMedian":20140},"geometry":{"type":"Polygon","coordinates":[[[121.22673741819085,25.105472266797133],[121.22673741819085,25.11446547043438],[121.2357306218281,25.11446547043438],[121.2357306218281,25.105472266797133],[121.22673741819085,25.105472266797133]]]}},{"type":"Feature","properties":{"jobs":70,"pop":163,"pointCount":2,"homeWorkCommuteMedian":45301,"workHomeCommuteMedian":9164},"geometry":{"type":"Polygon","coordinates":[[[121.2357306218281,24.808696546768015],[121.2357306218281,24.81768975040526],[121.24472382546534,24.81768975040526],[121.24472382546534,24.808696546768015],[121.2357306218281,24.808696546768015]]]}},{"type":"Feature","properties":{"jobs":300,"pop":725,"pointCount":9,"homeWorkCommuteMedian":12971,"workHomeCommuteMedian":9752},"geometry":{"type":"Polygon","coordinates":[[[121.2357306218281,24.81768975040526],[121.2357306218281,24.826682954042507],[121.24472382546534,24.826682954042507],[121.24472382546534,24.81768975040526],[121.2357306218281,24.81768975040526]]]}},{"type":"Feature","properties":{"jobs":281,"pop":878,"pointCount":8,"homeWorkCommuteMedian":37735,"workHomeCommuteMedian":8177},"geometry":{"type":"Polygon","coordinates":[[[121.2357306218281,24.826682954042507],[121.2357306218281,24.835676157679753],[121.24472382546534,24.835676157679753],[121.24472382546534,24.826682954042507],[121.2357306218281,24.826682954042507]]]}},{"type":"Feature","properties":{"jobs":624,"pop":954,"pointCount":8,"homeWorkCommuteMedian":9566,"workHomeCommuteMedian":6889},"geometry":{"type":"Polygon","coordinates":[[[121.2357306218281,24.835676157679753],[121.2357306218281,24.844669361317],[121.24472382546534,24.844669361317],[121.24472382546534,24.835676157679753],[121.2357306218281,24.835676157679753]]]}},{"type":"Feature","properties":{"jobs":584,"pop":711,"pointCount":7,"homeWorkCommuteMedian":35002,"workHomeCommuteMedian":30064},"geometry":{"type":"Polygon","coordinates":[[[121.2357306218281,24.844669361317],[121.2357306218281,24.853662564954245],[121.24472382546534,24.853662564954245],[121.24472382546534,24.844669361317],[121.2357306218281,24.844669361317]]]}},{"type":"Feature","properties":{"jobs":34,"pop":0,"pointCount":1,"homeWorkCommuteMedian":-1,"workHomeCommuteMedian":6837},"geometry":{"type":"Polygon","coordinates":[[[121.2357306218281,24.853662564954245],[121.2357306218281,24.86265576859149],[121.24472382546534,24.86265576859149],[121.24472382546534,24.853662564954245],[121.2357306218281,24.853662564954245]]]}},{"type":"Feature","properties":{"jobs":41,"pop":823,"pointCount":4,"homeWorkCommuteMedian":13536,"workHomeCommuteMedian":11811},"geometry":{"type":"Polygon","coordinates":[[[121.2357306218281,24.86265576859149],[121.2357306218281,24.871648972228737],[121.24472382546534,24.871648972228737],[121.24472382546534,24.86265576859149],[121.2357306218281,24.86265576859149]]]}},{"type":"Feature","properties":{"jobs":397,"pop":1941,"pointCount":5,"homeWorkCommuteMedian":9577,"workHomeCommuteMedian":4556},"geometry":{"type":"Polygon","coordinates":[[[121.2357306218281,24.871648972228737],[121.2357306218281,24.880642175865983],[121.24472382546534,24.880642175865983],[121.24472382546534,24.871648972228737],[121.2357306218281,24.871648972228737]]]}},{"type":"Feature","properties":{"jobs":274,"pop":1944,"pointCount":7,"homeWorkCommuteMedian":12631,"workHomeCommuteMedian":9064},"geometry":{"type":"Polygon","coordinates":[[[121.2357306218281,24.880642175865983],[121.2357306218281,24.88963537950323],[121.24472382546534,24.88963537950323],[121.24472382546534,24.880642175865983],[121.2357306218281,24.880642175865983]]]}},{"type":"Feature","properties":{"jobs":537,"pop":418,"pointCount":5,"homeWorkCommuteMedian":10125,"workHomeCommuteMedian":7126},"geometry":{"type":"Polygon","coordinates":[[[121.2357306218281,24.88963537950323],[121.2357306218281,24.898628583140475],[121.24472382546534,24.898628583140475],[121.24472382546534,24.88963537950323],[121.2357306218281,24.88963537950323]]]}},{"type":"Feature","properties":{"jobs":1271,"pop":435,"pointCount":5,"homeWorkCommuteMedian":33560,"workHomeCommuteMedian":6545},"geometry":{"type":"Polygon","coordinates":[[[121.2357306218281,24.898628583140475],[121.2357306218281,24.90762178677772],[121.24472382546534,24.90762178677772],[121.24472382546534,24.898628583140475],[121.2357306218281,24.898628583140475]]]}},{"type":"Feature","properties":{"jobs":1041,"pop":1529,"pointCount":8,"homeWorkCommuteMedian":5358,"workHomeCommuteMedian":5060},"geometry":{"type":"Polygon","coordinates":[[[121.2357306218281,24.90762178677772],[121.2357306218281,24.916614990414967],[121.24472382546534,24.916614990414967],[121.24472382546534,24.90762178677772],[121.2357306218281,24.90762178677772]]]}},{"type":"Feature","properties":{"jobs":419,"pop":1834,"pointCount":6,"homeWorkCommuteMedian":25722,"workHomeCommuteMedian":4457},"geometry":{"type":"Polygon","coordinates":[[[121.2357306218281,24.916614990414967],[121.2357306218281,24.925608194052213],[121.24472382546534,24.925608194052213],[121.24472382546534,24.916614990414967],[121.2357306218281,24.916614990414967]]]}},{"type":"Feature","properties":{"jobs":347,"pop":2354,"pointCount":7,"homeWorkCommuteMedian":12140,"workHomeCommuteMedian":4616},"geometry":{"type":"Polygon","coordinates":[[[121.2357306218281,24.925608194052213],[121.2357306218281,24.93460139768946],[121.24472382546534,24.93460139768946],[121.24472382546534,24.925608194052213],[121.2357306218281,24.925608194052213]]]}},{"type":"Feature","properties":{"jobs":983,"pop":1998,"pointCount":7,"homeWorkCommuteMedian":7728,"workHomeCommuteMedian":3667},"geometry":{"type":"Polygon","coordinates":[[[121.2357306218281,24.93460139768946],[121.2357306218281,24.943594601326705],[121.24472382546534,24.943594601326705],[121.24472382546534,24.93460139768946],[121.2357306218281,24.93460139768946]]]}},{"type":"Feature","properties":{"jobs":1301,"pop":2327,"pointCount":6,"homeWorkCommuteMedian":8700,"workHomeCommuteMedian":4295},"geometry":{"type":"Polygon","coordinates":[[[121.2357306218281,24.943594601326705],[121.2357306218281,24.95258780496395],[121.24472382546534,24.95258780496395],[121.24472382546534,24.943594601326705],[121.2357306218281,24.943594601326705]]]}},{"type":"Feature","properties":{"jobs":18730,"pop":7010,"pointCount":13,"homeWorkCommuteMedian":6395,"workHomeCommuteMedian":5450},"geometry":{"type":"Polygon","coordinates":[[[121.2357306218281,24.95258780496395],[121.2357306218281,24.961581008601197],[121.24472382546534,24.961581008601197],[121.24472382546534,24.95258780496395],[121.2357306218281,24.95258780496395]]]}},{"type":"Feature","properties":{"jobs":7372,"pop":1181,"pointCount":12,"homeWorkCommuteMedian":7854,"workHomeCommuteMedian":4876},"geometry":{"type":"Polygon","coordinates":[[[121.2357306218281,24.961581008601197],[121.2357306218281,24.970574212238443],[121.24472382546534,24.970574212238443],[121.24472382546534,24.961581008601197],[121.2357306218281,24.961581008601197]]]}},{"type":"Feature","properties":{"jobs":5224,"pop":0,"pointCount":8,"homeWorkCommuteMedian":-1,"workHomeCommuteMedian":5082},"geometry":{"type":"Polygon","coordinates":[[[121.2357306218281,24.970574212238443],[121.2357306218281,24.97956741587569],[121.24472382546534,24.97956741587569],[121.24472382546534,24.970574212238443],[121.2357306218281,24.970574212238443]]]}},{"type":"Feature","properties":{"jobs":5053,"pop":130,"pointCount":6,"homeWorkCommuteMedian":14482,"workHomeCommuteMedian":6634},"geometry":{"type":"Polygon","coordinates":[[[121.2357306218281,24.97956741587569],[121.2357306218281,24.988560619512935],[121.24472382546534,24.988560619512935],[121.24472382546534,24.97956741587569],[121.2357306218281,24.97956741587569]]]}},{"type":"Feature","properties":{"jobs":1311,"pop":318,"pointCount":5,"homeWorkCommuteMedian":23262,"workHomeCommuteMedian":6960},"geometry":{"type":"Polygon","coordinates":[[[121.2357306218281,24.988560619512935],[121.2357306218281,24.99755382315018],[121.24472382546534,24.99755382315018],[121.24472382546534,24.988560619512935],[121.2357306218281,24.988560619512935]]]}},{"type":"Feature","properties":{"jobs":646,"pop":391,"pointCount":4,"homeWorkCommuteMedian":6670,"workHomeCommuteMedian":6631},"geometry":{"type":"Polygon","coordinates":[[[121.2357306218281,24.99755382315018],[121.2357306218281,25.006547026787427],[121.24472382546534,25.006547026787427],[121.24472382546534,24.99755382315018],[121.2357306218281,24.99755382315018]]]}},{"type":"Feature","properties":{"jobs":58,"pop":397,"pointCount":2,"homeWorkCommuteMedian":11517,"workHomeCommuteMedian":34641},"geometry":{"type":"Polygon","coordinates":[[[121.2357306218281,25.006547026787427],[121.2357306218281,25.015540230424673],[121.24472382546534,25.015540230424673],[121.24472382546534,25.006547026787427],[121.2357306218281,25.006547026787427]]]}},{"type":"Feature","properties":{"jobs":530,"pop":891,"pointCount":7,"homeWorkCommuteMedian":15668,"workHomeCommuteMedian":13288},"geometry":{"type":"Polygon","coordinates":[[[121.2357306218281,25.015540230424673],[121.2357306218281,25.02453343406192],[121.24472382546534,25.02453343406192],[121.24472382546534,25.015540230424673],[121.2357306218281,25.015540230424673]]]}},{"type":"Feature","properties":{"jobs":391,"pop":872,"pointCount":5,"homeWorkCommuteMedian":7686,"workHomeCommuteMedian":6890},"geometry":{"type":"Polygon","coordinates":[[[121.2357306218281,25.02453343406192],[121.2357306218281,25.033526637699165],[121.24472382546534,25.033526637699165],[121.24472382546534,25.02453343406192],[121.2357306218281,25.02453343406192]]]}},{"type":"Feature","properties":{"jobs":185,"pop":1014,"pointCount":4,"homeWorkCommuteMedian":8987,"workHomeCommuteMedian":12083},"geometry":{"type":"Polygon","coordinates":[[[121.2357306218281,25.033526637699165],[121.2357306218281,25.04251984133641],[121.24472382546534,25.04251984133641],[121.24472382546534,25.033526637699165],[121.2357306218281,25.033526637699165]]]}},{"type":"Feature","properties":{"jobs":0,"pop":2555,"pointCount":1,"homeWorkCommuteMedian":10107,"workHomeCommuteMedian":-1},"geometry":{"type":"Polygon","coordinates":[[[121.2357306218281,25.04251984133641],[121.2357306218281,25.051513044973657],[121.24472382546534,25.051513044973657],[121.24472382546534,25.04251984133641],[121.2357306218281,25.04251984133641]]]}},{"type":"Feature","properties":{"jobs":0,"pop":364,"pointCount":3,"homeWorkCommuteMedian":11178,"workHomeCommuteMedian":-1},"geometry":{"type":"Polygon","coordinates":[[[121.2357306218281,25.060506248610903],[121.2357306218281,25.06949945224815],[121.24472382546534,25.06949945224815],[121.24472382546534,25.060506248610903],[121.2357306218281,25.060506248610903]]]}},{"type":"Feature","properties":{"jobs":2674,"pop":0,"pointCount":1,"homeWorkCommuteMedian":-1,"workHomeCommuteMedian":16778},"geometry":{"type":"Polygon","coordinates":[[[121.2357306218281,25.06949945224815],[121.2357306218281,25.078492655885395],[121.24472382546534,25.078492655885395],[121.24472382546534,25.06949945224815],[121.2357306218281,25.06949945224815]]]}},{"type":"Feature","properties":{"jobs":42060,"pop":0,"pointCount":4,"homeWorkCommuteMedian":-1,"workHomeCommuteMedian":33075},"geometry":{"type":"Polygon","coordinates":[[[121.2357306218281,25.078492655885395],[121.2357306218281,25.08748585952264],[121.24472382546534,25.08748585952264],[121.24472382546534,25.078492655885395],[121.2357306218281,25.078492655885395]]]}},{"type":"Feature","properties":{"jobs":416,"pop":732,"pointCount":9,"homeWorkCommuteMedian":6275,"workHomeCommuteMedian":15063},"geometry":{"type":"Polygon","coordinates":[[[121.2357306218281,25.096479063159887],[121.2357306218281,25.105472266797133],[121.24472382546534,25.105472266797133],[121.24472382546534,25.096479063159887],[121.2357306218281,25.096479063159887]]]}},{"type":"Feature","properties":{"jobs":83,"pop":476,"pointCount":6,"homeWorkCommuteMedian":16771,"workHomeCommuteMedian":9445},"geometry":{"type":"Polygon","coordinates":[[[121.2357306218281,25.105472266797133],[121.2357306218281,25.11446547043438],[121.24472382546534,25.11446547043438],[121.24472382546534,25.105472266797133],[121.2357306218281,25.105472266797133]]]}},{"type":"Feature","properties":{"jobs":127,"pop":0,"pointCount":1,"homeWorkCommuteMedian":-1,"workHomeCommuteMedian":4982},"geometry":{"type":"Polygon","coordinates":[[[121.2357306218281,25.11446547043438],[121.2357306218281,25.123458674071625],[121.24472382546534,25.123458674071625],[121.24472382546534,25.11446547043438],[121.2357306218281,25.11446547043438]]]}},{"type":"Feature","properties":{"jobs":42,"pop":71,"pointCount":2,"homeWorkCommuteMedian":4611,"workHomeCommuteMedian":12024},"geometry":{"type":"Polygon","coordinates":[[[121.24472382546534,24.81768975040526],[121.24472382546534,24.826682954042507],[121.25371702910259,24.826682954042507],[121.25371702910259,24.81768975040526],[121.24472382546534,24.81768975040526]]]}},{"type":"Feature","properties":{"jobs":357,"pop":472,"pointCount":7,"homeWorkCommuteMedian":41488,"workHomeCommuteMedian":8714},"geometry":{"type":"Polygon","coordinates":[[[121.24472382546534,24.826682954042507],[121.24472382546534,24.835676157679753],[121.25371702910259,24.835676157679753],[121.25371702910259,24.826682954042507],[121.24472382546534,24.826682954042507]]]}},{"type":"Feature","properties":{"jobs":108,"pop":495,"pointCount":7,"homeWorkCommuteMedian":31568,"workHomeCommuteMedian":5760},"geometry":{"type":"Polygon","coordinates":[[[121.24472382546534,24.835676157679753],[121.24472382546534,24.844669361317],[121.25371702910259,24.844669361317],[121.25371702910259,24.835676157679753],[121.24472382546534,24.835676157679753]]]}},{"type":"Feature","properties":{"jobs":114,"pop":142,"pointCount":4,"homeWorkCommuteMedian":17976,"workHomeCommuteMedian":8164},"geometry":{"type":"Polygon","coordinates":[[[121.24472382546534,24.844669361317],[121.24472382546534,24.853662564954245],[121.25371702910259,24.853662564954245],[121.25371702910259,24.844669361317],[121.24472382546534,24.844669361317]]]}},{"type":"Feature","properties":{"jobs":98,"pop":295,"pointCount":5,"homeWorkCommuteMedian":43176,"workHomeCommuteMedian":9364},"geometry":{"type":"Polygon","coordinates":[[[121.24472382546534,24.853662564954245],[121.24472382546534,24.86265576859149],[121.25371702910259,24.86265576859149],[121.25371702910259,24.853662564954245],[121.24472382546534,24.853662564954245]]]}},{"type":"Feature","properties":{"jobs":48,"pop":86,"pointCount":2,"homeWorkCommuteMedian":38661,"workHomeCommuteMedian":1326},"geometry":{"type":"Polygon","coordinates":[[[121.24472382546534,24.86265576859149],[121.24472382546534,24.871648972228737],[121.25371702910259,24.871648972228737],[121.25371702910259,24.86265576859149],[121.24472382546534,24.86265576859149]]]}},{"type":"Feature","properties":{"jobs":420,"pop":442,"pointCount":7,"homeWorkCommuteMedian":22506,"workHomeCommuteMedian":7472},"geometry":{"type":"Polygon","coordinates":[[[121.24472382546534,24.871648972228737],[121.24472382546534,24.880642175865983],[121.25371702910259,24.880642175865983],[121.25371702910259,24.871648972228737],[121.24472382546534,24.871648972228737]]]}},{"type":"Feature","properties":{"jobs":195,"pop":302,"pointCount":5,"homeWorkCommuteMedian":17455,"workHomeCommuteMedian":6587},"geometry":{"type":"Polygon","coordinates":[[[121.24472382546534,24.880642175865983],[121.24472382546534,24.88963537950323],[121.25371702910259,24.88963537950323],[121.25371702910259,24.880642175865983],[121.24472382546534,24.880642175865983]]]}},{"type":"Feature","properties":{"jobs":778,"pop":138,"pointCount":6,"homeWorkCommuteMedian":9314,"workHomeCommuteMedian":5576},"geometry":{"type":"Polygon","coordinates":[[[121.24472382546534,24.88963537950323],[121.24472382546534,24.898628583140475],[121.25371702910259,24.898628583140475],[121.25371702910259,24.88963537950323],[121.24472382546534,24.88963537950323]]]}},{"type":"Feature","properties":{"jobs":2175,"pop":562,"pointCount":5,"homeWorkCommuteMedian":26737,"workHomeCommuteMedian":5907},"geometry":{"type":"Polygon","coordinates":[[[121.24472382546534,24.898628583140475],[121.24472382546534,24.90762178677772],[121.25371702910259,24.90762178677772],[121.25371702910259,24.898628583140475],[121.24472382546534,24.898628583140475]]]}},{"type":"Feature","properties":{"jobs":859,"pop":5907,"pointCount":9,"homeWorkCommuteMedian":15197,"workHomeCommuteMedian":8146},"geometry":{"type":"Polygon","coordinates":[[[121.24472382546534,24.90762178677772],[121.24472382546534,24.916614990414967],[121.25371702910259,24.916614990414967],[121.25371702910259,24.90762178677772],[121.24472382546534,24.90762178677772]]]}},{"type":"Feature","properties":{"jobs":1298,"pop":5833,"pointCount":10,"homeWorkCommuteMedian":20551,"workHomeCommuteMedian":7076},"geometry":{"type":"Polygon","coordinates":[[[121.24472382546534,24.916614990414967],[121.24472382546534,24.925608194052213],[121.25371702910259,24.925608194052213],[121.25371702910259,24.916614990414967],[121.24472382546534,24.916614990414967]]]}},{"type":"Feature","properties":{"jobs":2428,"pop":8511,"pointCount":11,"homeWorkCommuteMedian":10792,"workHomeCommuteMedian":5437},"geometry":{"type":"Polygon","coordinates":[[[121.24472382546534,24.925608194052213],[121.24472382546534,24.93460139768946],[121.25371702910259,24.93460139768946],[121.25371702910259,24.925608194052213],[121.24472382546534,24.925608194052213]]]}},{"type":"Feature","properties":{"jobs":4816,"pop":11886,"pointCount":15,"homeWorkCommuteMedian":8873,"workHomeCommuteMedian":6248},"geometry":{"type":"Polygon","coordinates":[[[121.24472382546534,24.93460139768946],[121.24472382546534,24.943594601326705],[121.25371702910259,24.943594601326705],[121.25371702910259,24.93460139768946],[121.24472382546534,24.93460139768946]]]}},{"type":"Feature","properties":{"jobs":2295,"pop":5953,"pointCount":8,"homeWorkCommuteMedian":5564,"workHomeCommuteMedian":6374},"geometry":{"type":"Polygon","coordinates":[[[121.24472382546534,24.943594601326705],[121.24472382546534,24.95258780496395],[121.25371702910259,24.95258780496395],[121.25371702910259,24.943594601326705],[121.24472382546534,24.943594601326705]]]}},{"type":"Feature","properties":{"jobs":3968,"pop":1562,"pointCount":8,"homeWorkCommuteMedian":10611,"workHomeCommuteMedian":3783},"geometry":{"type":"Polygon","coordinates":[[[121.24472382546534,24.95258780496395],[121.24472382546534,24.961581008601197],[121.25371702910259,24.961581008601197],[121.25371702910259,24.95258780496395],[121.24472382546534,24.95258780496395]]]}},{"type":"Feature","properties":{"jobs":1839,"pop":6566,"pointCount":8,"homeWorkCommuteMedian":9341,"workHomeCommuteMedian":3797},"geometry":{"type":"Polygon","coordinates":[[[121.24472382546534,24.961581008601197],[121.24472382546534,24.970574212238443],[121.25371702910259,24.970574212238443],[121.25371702910259,24.961581008601197],[121.24472382546534,24.961581008601197]]]}},{"type":"Feature","properties":{"jobs":5210,"pop":13917,"pointCount":17,"homeWorkCommuteMedian":9135,"workHomeCommuteMedian":5858},"geometry":{"type":"Polygon","coordinates":[[[121.24472382546534,24.970574212238443],[121.24472382546534,24.97956741587569],[121.25371702910259,24.97956741587569],[121.25371702910259,24.970574212238443],[121.24472382546534,24.970574212238443]]]}},{"type":"Feature","properties":{"jobs":2213,"pop":4511,"pointCount":10,"homeWorkCommuteMedian":7175,"workHomeCommuteMedian":5903},"geometry":{"type":"Polygon","coordinates":[[[121.24472382546534,24.97956741587569],[121.24472382546534,24.988560619512935],[121.25371702910259,24.988560619512935],[121.25371702910259,24.97956741587569],[121.24472382546534,24.97956741587569]]]}},{"type":"Feature","properties":{"jobs":1707,"pop":235,"pointCount":4,"homeWorkCommuteMedian":6391,"workHomeCommuteMedian":7792},"geometry":{"type":"Polygon","coordinates":[[[121.24472382546534,24.988560619512935],[121.24472382546534,24.99755382315018],[121.25371702910259,24.99755382315018],[121.25371702910259,24.988560619512935],[121.24472382546534,24.988560619512935]]]}},{"type":"Feature","properties":{"jobs":796,"pop":1110,"pointCount":6,"homeWorkCommuteMedian":6675,"workHomeCommuteMedian":8020},"geometry":{"type":"Polygon","coordinates":[[[121.24472382546534,24.99755382315018],[121.24472382546534,25.006547026787427],[121.25371702910259,25.006547026787427],[121.25371702910259,24.99755382315018],[121.24472382546534,24.99755382315018]]]}},{"type":"Feature","properties":{"jobs":414,"pop":777,"pointCount":3,"homeWorkCommuteMedian":16332,"workHomeCommuteMedian":10349},"geometry":{"type":"Polygon","coordinates":[[[121.24472382546534,25.006547026787427],[121.24472382546534,25.015540230424673],[121.25371702910259,25.015540230424673],[121.25371702910259,25.006547026787427],[121.24472382546534,25.006547026787427]]]}},{"type":"Feature","properties":{"jobs":659,"pop":1127,"pointCount":5,"homeWorkCommuteMedian":11135,"workHomeCommuteMedian":11348},"geometry":{"type":"Polygon","coordinates":[[[121.24472382546534,25.015540230424673],[121.24472382546534,25.02453343406192],[121.25371702910259,25.02453343406192],[121.25371702910259,25.015540230424673],[121.24472382546534,25.015540230424673]]]}},{"type":"Feature","properties":{"jobs":526,"pop":1236,"pointCount":4,"homeWorkCommuteMedian":7170,"workHomeCommuteMedian":14699},"geometry":{"type":"Polygon","coordinates":[[[121.24472382546534,25.02453343406192],[121.24472382546534,25.033526637699165],[121.25371702910259,25.033526637699165],[121.25371702910259,25.02453343406192],[121.24472382546534,25.02453343406192]]]}},{"type":"Feature","properties":{"jobs":3209,"pop":545,"pointCount":4,"homeWorkCommuteMedian":13438,"workHomeCommuteMedian":9329},"geometry":{"type":"Polygon","coordinates":[[[121.24472382546534,25.033526637699165],[121.24472382546534,25.04251984133641],[121.25371702910259,25.04251984133641],[121.25371702910259,25.033526637699165],[121.24472382546534,25.033526637699165]]]}},{"type":"Feature","properties":{"jobs":742,"pop":188,"pointCount":3,"homeWorkCommuteMedian":15124,"workHomeCommuteMedian":12903},"geometry":{"type":"Polygon","coordinates":[[[121.24472382546534,25.04251984133641],[121.24472382546534,25.051513044973657],[121.25371702910259,25.051513044973657],[121.25371702910259,25.04251984133641],[121.24472382546534,25.04251984133641]]]}},{"type":"Feature","properties":{"jobs":48,"pop":0,"pointCount":1,"homeWorkCommuteMedian":-1,"workHomeCommuteMedian":12627},"geometry":{"type":"Polygon","coordinates":[[[121.24472382546534,25.051513044973657],[121.24472382546534,25.060506248610903],[121.25371702910259,25.060506248610903],[121.25371702910259,25.051513044973657],[121.24472382546534,25.051513044973657]]]}},{"type":"Feature","properties":{"jobs":0,"pop":91,"pointCount":1,"homeWorkCommuteMedian":6269,"workHomeCommuteMedian":-1},"geometry":{"type":"Polygon","coordinates":[[[121.24472382546534,25.060506248610903],[121.24472382546534,25.06949945224815],[121.25371702910259,25.06949945224815],[121.25371702910259,25.060506248610903],[121.24472382546534,25.060506248610903]]]}},{"type":"Feature","properties":{"jobs":296,"pop":467,"pointCount":7,"homeWorkCommuteMedian":11720,"workHomeCommuteMedian":9621},"geometry":{"type":"Polygon","coordinates":[[[121.24472382546534,25.06949945224815],[121.24472382546534,25.078492655885395],[121.25371702910259,25.078492655885395],[121.25371702910259,25.06949945224815],[121.24472382546534,25.06949945224815]]]}},{"type":"Feature","properties":{"jobs":4425,"pop":352,"pointCount":5,"homeWorkCommuteMedian":5941,"workHomeCommuteMedian":11123},"geometry":{"type":"Polygon","coordinates":[[[121.24472382546534,25.078492655885395],[121.24472382546534,25.08748585952264],[121.25371702910259,25.08748585952264],[121.25371702910259,25.078492655885395],[121.24472382546534,25.078492655885395]]]}},{"type":"Feature","properties":{"jobs":3826,"pop":0,"pointCount":5,"homeWorkCommuteMedian":-1,"workHomeCommuteMedian":15438},"geometry":{"type":"Polygon","coordinates":[[[121.24472382546534,25.08748585952264],[121.24472382546534,25.096479063159887],[121.25371702910259,25.096479063159887],[121.25371702910259,25.08748585952264],[121.24472382546534,25.08748585952264]]]}},{"type":"Feature","properties":{"jobs":695,"pop":176,"pointCount":4,"homeWorkCommuteMedian":11052,"workHomeCommuteMedian":25025},"geometry":{"type":"Polygon","coordinates":[[[121.24472382546534,25.096479063159887],[121.24472382546534,25.105472266797133],[121.25371702910259,25.105472266797133],[121.25371702910259,25.096479063159887],[121.24472382546534,25.096479063159887]]]}},{"type":"Feature","properties":{"jobs":4946,"pop":336,"pointCount":6,"homeWorkCommuteMedian":16139,"workHomeCommuteMedian":12969},"geometry":{"type":"Polygon","coordinates":[[[121.24472382546534,25.105472266797133],[121.24472382546534,25.11446547043438],[121.25371702910259,25.11446547043438],[121.25371702910259,25.105472266797133],[121.24472382546534,25.105472266797133]]]}},{"type":"Feature","properties":{"jobs":178,"pop":815,"pointCount":5,"homeWorkCommuteMedian":8324,"workHomeCommuteMedian":9052},"geometry":{"type":"Polygon","coordinates":[[[121.24472382546534,25.11446547043438],[121.24472382546534,25.123458674071625],[121.25371702910259,25.123458674071625],[121.25371702910259,25.11446547043438],[121.24472382546534,25.11446547043438]]]}},{"type":"Feature","properties":{"jobs":31,"pop":0,"pointCount":1,"homeWorkCommuteMedian":-1,"workHomeCommuteMedian":65607},"geometry":{"type":"Polygon","coordinates":[[[121.25371702910259,24.808696546768015],[121.25371702910259,24.81768975040526],[121.26271023273983,24.81768975040526],[121.26271023273983,24.808696546768015],[121.25371702910259,24.808696546768015]]]}},{"type":"Feature","properties":{"jobs":122,"pop":119,"pointCount":4,"homeWorkCommuteMedian":54465,"workHomeCommuteMedian":11434},"geometry":{"type":"Polygon","coordinates":[[[121.25371702910259,24.81768975040526],[121.25371702910259,24.826682954042507],[121.26271023273983,24.826682954042507],[121.26271023273983,24.81768975040526],[121.25371702910259,24.81768975040526]]]}},{"type":"Feature","properties":{"jobs":40,"pop":108,"pointCount":3,"homeWorkCommuteMedian":47067,"workHomeCommuteMedian":12612},"geometry":{"type":"Polygon","coordinates":[[[121.25371702910259,24.826682954042507],[121.25371702910259,24.835676157679753],[121.26271023273983,24.835676157679753],[121.26271023273983,24.826682954042507],[121.25371702910259,24.826682954042507]]]}},{"type":"Feature","properties":{"jobs":0,"pop":85,"pointCount":2,"homeWorkCommuteMedian":44669,"workHomeCommuteMedian":-1},"geometry":{"type":"Polygon","coordinates":[[[121.25371702910259,24.835676157679753],[121.25371702910259,24.844669361317],[121.26271023273983,24.844669361317],[121.26271023273983,24.835676157679753],[121.25371702910259,24.835676157679753]]]}},{"type":"Feature","properties":{"jobs":0,"pop":42,"pointCount":1,"homeWorkCommuteMedian":25997,"workHomeCommuteMedian":-1},"geometry":{"type":"Polygon","coordinates":[[[121.25371702910259,24.853662564954245],[121.25371702910259,24.86265576859149],[121.26271023273983,24.86265576859149],[121.26271023273983,24.853662564954245],[121.25371702910259,24.853662564954245]]]}},{"type":"Feature","properties":{"jobs":169,"pop":454,"pointCount":5,"homeWorkCommuteMedian":6678,"workHomeCommuteMedian":4889},"geometry":{"type":"Polygon","coordinates":[[[121.25371702910259,24.86265576859149],[121.25371702910259,24.871648972228737],[121.26271023273983,24.871648972228737],[121.26271023273983,24.86265576859149],[121.25371702910259,24.86265576859149]]]}},{"type":"Feature","properties":{"jobs":364,"pop":887,"pointCount":7,"homeWorkCommuteMedian":16235,"workHomeCommuteMedian":4695},"geometry":{"type":"Polygon","coordinates":[[[121.25371702910259,24.871648972228737],[121.25371702910259,24.880642175865983],[121.26271023273983,24.880642175865983],[121.26271023273983,24.871648972228737],[121.25371702910259,24.871648972228737]]]}},{"type":"Feature","properties":{"jobs":44,"pop":403,"pointCount":3,"homeWorkCommuteMedian":21565,"workHomeCommuteMedian":3936},"geometry":{"type":"Polygon","coordinates":[[[121.25371702910259,24.880642175865983],[121.25371702910259,24.88963537950323],[121.26271023273983,24.88963537950323],[121.26271023273983,24.880642175865983],[121.25371702910259,24.880642175865983]]]}},{"type":"Feature","properties":{"jobs":343,"pop":326,"pointCount":6,"homeWorkCommuteMedian":35140,"workHomeCommuteMedian":3901},"geometry":{"type":"Polygon","coordinates":[[[121.25371702910259,24.88963537950323],[121.25371702910259,24.898628583140475],[121.26271023273983,24.898628583140475],[121.26271023273983,24.88963537950323],[121.25371702910259,24.88963537950323]]]}},{"type":"Feature","properties":{"jobs":759,"pop":813,"pointCount":10,"homeWorkCommuteMedian":7098,"workHomeCommuteMedian":6460},"geometry":{"type":"Polygon","coordinates":[[[121.25371702910259,24.898628583140475],[121.25371702910259,24.90762178677772],[121.26271023273983,24.90762178677772],[121.26271023273983,24.898628583140475],[121.25371702910259,24.898628583140475]]]}},{"type":"Feature","properties":{"jobs":262,"pop":441,"pointCount":5,"homeWorkCommuteMedian":27210,"workHomeCommuteMedian":6829},"geometry":{"type":"Polygon","coordinates":[[[121.25371702910259,24.90762178677772],[121.25371702910259,24.916614990414967],[121.26271023273983,24.916614990414967],[121.26271023273983,24.90762178677772],[121.25371702910259,24.90762178677772]]]}},{"type":"Feature","properties":{"jobs":191,"pop":2176,"pointCount":6,"homeWorkCommuteMedian":14854,"workHomeCommuteMedian":7314},"geometry":{"type":"Polygon","coordinates":[[[121.25371702910259,24.916614990414967],[121.25371702910259,24.925608194052213],[121.26271023273983,24.925608194052213],[121.26271023273983,24.916614990414967],[121.25371702910259,24.916614990414967]]]}},{"type":"Feature","properties":{"jobs":1394,"pop":4645,"pointCount":10,"homeWorkCommuteMedian":9788,"workHomeCommuteMedian":7135},"geometry":{"type":"Polygon","coordinates":[[[121.25371702910259,24.925608194052213],[121.25371702910259,24.93460139768946],[121.26271023273983,24.93460139768946],[121.26271023273983,24.925608194052213],[121.25371702910259,24.925608194052213]]]}},{"type":"Feature","properties":{"jobs":1522,"pop":5451,"pointCount":10,"homeWorkCommuteMedian":9111,"workHomeCommuteMedian":4422},"geometry":{"type":"Polygon","coordinates":[[[121.25371702910259,24.93460139768946],[121.25371702910259,24.943594601326705],[121.26271023273983,24.943594601326705],[121.26271023273983,24.93460139768946],[121.25371702910259,24.93460139768946]]]}},{"type":"Feature","properties":{"jobs":1676,"pop":8076,"pointCount":11,"homeWorkCommuteMedian":9762,"workHomeCommuteMedian":3871},"geometry":{"type":"Polygon","coordinates":[[[121.25371702910259,24.943594601326705],[121.25371702910259,24.95258780496395],[121.26271023273983,24.95258780496395],[121.26271023273983,24.943594601326705],[121.25371702910259,24.943594601326705]]]}},{"type":"Feature","properties":{"jobs":4993,"pop":8572,"pointCount":10,"homeWorkCommuteMedian":6721,"workHomeCommuteMedian":5121},"geometry":{"type":"Polygon","coordinates":[[[121.25371702910259,24.95258780496395],[121.25371702910259,24.961581008601197],[121.26271023273983,24.961581008601197],[121.26271023273983,24.95258780496395],[121.25371702910259,24.95258780496395]]]}},{"type":"Feature","properties":{"jobs":5215,"pop":14160,"pointCount":18,"homeWorkCommuteMedian":10131,"workHomeCommuteMedian":4470},"geometry":{"type":"Polygon","coordinates":[[[121.25371702910259,24.961581008601197],[121.25371702910259,24.970574212238443],[121.26271023273983,24.970574212238443],[121.26271023273983,24.961581008601197],[121.25371702910259,24.961581008601197]]]}},{"type":"Feature","properties":{"jobs":5901,"pop":11847,"pointCount":14,"homeWorkCommuteMedian":10338,"workHomeCommuteMedian":7121},"geometry":{"type":"Polygon","coordinates":[[[121.25371702910259,24.970574212238443],[121.25371702910259,24.97956741587569],[121.26271023273983,24.97956741587569],[121.26271023273983,24.970574212238443],[121.25371702910259,24.970574212238443]]]}},{"type":"Feature","properties":{"jobs":684,"pop":5425,"pointCount":7,"homeWorkCommuteMedian":14028,"workHomeCommuteMedian":4925},"geometry":{"type":"Polygon","coordinates":[[[121.25371702910259,24.97956741587569],[121.25371702910259,24.988560619512935],[121.26271023273983,24.988560619512935],[121.26271023273983,24.97956741587569],[121.25371702910259,24.97956741587569]]]}},{"type":"Feature","properties":{"jobs":628,"pop":541,"pointCount":6,"homeWorkCommuteMedian":14601,"workHomeCommuteMedian":9752},"geometry":{"type":"Polygon","coordinates":[[[121.25371702910259,24.988560619512935],[121.25371702910259,24.99755382315018],[121.26271023273983,24.99755382315018],[121.26271023273983,24.988560619512935],[121.25371702910259,24.988560619512935]]]}},{"type":"Feature","properties":{"jobs":298,"pop":560,"pointCount":5,"homeWorkCommuteMedian":27913,"workHomeCommuteMedian":6642},"geometry":{"type":"Polygon","coordinates":[[[121.25371702910259,24.99755382315018],[121.25371702910259,25.006547026787427],[121.26271023273983,25.006547026787427],[121.26271023273983,24.99755382315018],[121.25371702910259,24.99755382315018]]]}},{"type":"Feature","properties":{"jobs":615,"pop":1302,"pointCount":5,"homeWorkCommuteMedian":6213,"workHomeCommuteMedian":8586},"geometry":{"type":"Polygon","coordinates":[[[121.25371702910259,25.006547026787427],[121.25371702910259,25.015540230424673],[121.26271023273983,25.015540230424673],[121.26271023273983,25.006547026787427],[121.25371702910259,25.006547026787427]]]}},{"type":"Feature","properties":{"jobs":2217,"pop":7521,"pointCount":8,"homeWorkCommuteMedian":8449,"workHomeCommuteMedian":8784},"geometry":{"type":"Polygon","coordinates":[[[121.25371702910259,25.015540230424673],[121.25371702910259,25.02453343406192],[121.26271023273983,25.02453343406192],[121.26271023273983,25.015540230424673],[121.25371702910259,25.015540230424673]]]}},{"type":"Feature","properties":{"jobs":1657,"pop":3110,"pointCount":6,"homeWorkCommuteMedian":8830,"workHomeCommuteMedian":8282},"geometry":{"type":"Polygon","coordinates":[[[121.25371702910259,25.02453343406192],[121.25371702910259,25.033526637699165],[121.26271023273983,25.033526637699165],[121.26271023273983,25.02453343406192],[121.25371702910259,25.02453343406192]]]}},{"type":"Feature","properties":{"jobs":116,"pop":499,"pointCount":4,"homeWorkCommuteMedian":18818,"workHomeCommuteMedian":14120},"geometry":{"type":"Polygon","coordinates":[[[121.25371702910259,25.033526637699165],[121.25371702910259,25.04251984133641],[121.26271023273983,25.04251984133641],[121.26271023273983,25.033526637699165],[121.25371702910259,25.033526637699165]]]}},{"type":"Feature","properties":{"jobs":621,"pop":517,"pointCount":6,"homeWorkCommuteMedian":22425,"workHomeCommuteMedian":12772},"geometry":{"type":"Polygon","coordinates":[[[121.25371702910259,25.04251984133641],[121.25371702910259,25.051513044973657],[121.26271023273983,25.051513044973657],[121.26271023273983,25.04251984133641],[121.25371702910259,25.04251984133641]]]}},{"type":"Feature","properties":{"jobs":344,"pop":131,"pointCount":4,"homeWorkCommuteMedian":13125,"workHomeCommuteMedian":12530},"geometry":{"type":"Polygon","coordinates":[[[121.25371702910259,25.051513044973657],[121.25371702910259,25.060506248610903],[121.26271023273983,25.060506248610903],[121.26271023273983,25.051513044973657],[121.25371702910259,25.051513044973657]]]}},{"type":"Feature","properties":{"jobs":0,"pop":78,"pointCount":1,"homeWorkCommuteMedian":4786,"workHomeCommuteMedian":-1},"geometry":{"type":"Polygon","coordinates":[[[121.25371702910259,25.060506248610903],[121.25371702910259,25.06949945224815],[121.26271023273983,25.06949945224815],[121.26271023273983,25.060506248610903],[121.25371702910259,25.060506248610903]]]}},{"type":"Feature","properties":{"jobs":727,"pop":4061,"pointCount":13,"homeWorkCommuteMedian":8236,"workHomeCommuteMedian":21189},"geometry":{"type":"Polygon","coordinates":[[[121.25371702910259,25.06949945224815],[121.25371702910259,25.078492655885395],[121.26271023273983,25.078492655885395],[121.26271023273983,25.06949945224815],[121.25371702910259,25.06949945224815]]]}},{"type":"Feature","properties":{"jobs":228,"pop":1063,"pointCount":6,"homeWorkCommuteMedian":9862,"workHomeCommuteMedian":17149},"geometry":{"type":"Polygon","coordinates":[[[121.25371702910259,25.078492655885395],[121.25371702910259,25.08748585952264],[121.26271023273983,25.08748585952264],[121.26271023273983,25.078492655885395],[121.25371702910259,25.078492655885395]]]}},{"type":"Feature","properties":{"jobs":4075,"pop":59,"pointCount":6,"homeWorkCommuteMedian":19697,"workHomeCommuteMedian":13550},"geometry":{"type":"Polygon","coordinates":[[[121.25371702910259,25.08748585952264],[121.25371702910259,25.096479063159887],[121.26271023273983,25.096479063159887],[121.26271023273983,25.08748585952264],[121.25371702910259,25.08748585952264]]]}},{"type":"Feature","properties":{"jobs":3841,"pop":1145,"pointCount":5,"homeWorkCommuteMedian":13764,"workHomeCommuteMedian":13639},"geometry":{"type":"Polygon","coordinates":[[[121.25371702910259,25.096479063159887],[121.25371702910259,25.105472266797133],[121.26271023273983,25.105472266797133],[121.26271023273983,25.096479063159887],[121.25371702910259,25.096479063159887]]]}},{"type":"Feature","properties":{"jobs":4329,"pop":1389,"pointCount":11,"homeWorkCommuteMedian":9630,"workHomeCommuteMedian":9218},"geometry":{"type":"Polygon","coordinates":[[[121.25371702910259,25.105472266797133],[121.25371702910259,25.11446547043438],[121.26271023273983,25.11446547043438],[121.26271023273983,25.105472266797133],[121.25371702910259,25.105472266797133]]]}},{"type":"Feature","properties":{"jobs":189,"pop":140,"pointCount":1,"homeWorkCommuteMedian":7140,"workHomeCommuteMedian":43890},"geometry":{"type":"Polygon","coordinates":[[[121.25371702910259,25.11446547043438],[121.25371702910259,25.123458674071625],[121.26271023273983,25.123458674071625],[121.26271023273983,25.11446547043438],[121.25371702910259,25.11446547043438]]]}},{"type":"Feature","properties":{"jobs":0,"pop":26,"pointCount":1,"homeWorkCommuteMedian":12445,"workHomeCommuteMedian":-1},"geometry":{"type":"Polygon","coordinates":[[[121.26271023273983,24.81768975040526],[121.26271023273983,24.826682954042507],[121.27170343637708,24.826682954042507],[121.27170343637708,24.81768975040526],[121.26271023273983,24.81768975040526]]]}},{"type":"Feature","properties":{"jobs":87,"pop":163,"pointCount":3,"homeWorkCommuteMedian":7980,"workHomeCommuteMedian":10723},"geometry":{"type":"Polygon","coordinates":[[[121.26271023273983,24.826682954042507],[121.26271023273983,24.835676157679753],[121.27170343637708,24.835676157679753],[121.27170343637708,24.826682954042507],[121.26271023273983,24.826682954042507]]]}},{"type":"Feature","properties":{"jobs":208,"pop":0,"pointCount":1,"homeWorkCommuteMedian":-1,"workHomeCommuteMedian":17426},"geometry":{"type":"Polygon","coordinates":[[[121.26271023273983,24.835676157679753],[121.26271023273983,24.844669361317],[121.27170343637708,24.844669361317],[121.27170343637708,24.835676157679753],[121.26271023273983,24.835676157679753]]]}},{"type":"Feature","properties":{"jobs":0,"pop":52,"pointCount":1,"homeWorkCommuteMedian":12883,"workHomeCommuteMedian":-1},"geometry":{"type":"Polygon","coordinates":[[[121.26271023273983,24.844669361317],[121.26271023273983,24.853662564954245],[121.27170343637708,24.853662564954245],[121.27170343637708,24.844669361317],[121.26271023273983,24.844669361317]]]}},{"type":"Feature","properties":{"jobs":0,"pop":47,"pointCount":1,"homeWorkCommuteMedian":14637,"workHomeCommuteMedian":-1},"geometry":{"type":"Polygon","coordinates":[[[121.26271023273983,24.853662564954245],[121.26271023273983,24.86265576859149],[121.27170343637708,24.86265576859149],[121.27170343637708,24.853662564954245],[121.26271023273983,24.853662564954245]]]}},{"type":"Feature","properties":{"jobs":178,"pop":345,"pointCount":3,"homeWorkCommuteMedian":23804,"workHomeCommuteMedian":3989},"geometry":{"type":"Polygon","coordinates":[[[121.26271023273983,24.871648972228737],[121.26271023273983,24.880642175865983],[121.27170343637708,24.880642175865983],[121.27170343637708,24.871648972228737],[121.26271023273983,24.871648972228737]]]}},{"type":"Feature","properties":{"jobs":707,"pop":3539,"pointCount":8,"homeWorkCommuteMedian":12304,"workHomeCommuteMedian":3701},"geometry":{"type":"Polygon","coordinates":[[[121.26271023273983,24.880642175865983],[121.26271023273983,24.88963537950323],[121.27170343637708,24.88963537950323],[121.27170343637708,24.880642175865983],[121.26271023273983,24.880642175865983]]]}},{"type":"Feature","properties":{"jobs":262,"pop":153,"pointCount":4,"homeWorkCommuteMedian":34738,"workHomeCommuteMedian":4534},"geometry":{"type":"Polygon","coordinates":[[[121.26271023273983,24.88963537950323],[121.26271023273983,24.898628583140475],[121.27170343637708,24.898628583140475],[121.27170343637708,24.88963537950323],[121.26271023273983,24.88963537950323]]]}},{"type":"Feature","properties":{"jobs":600,"pop":1248,"pointCount":10,"homeWorkCommuteMedian":20910,"workHomeCommuteMedian":6314},"geometry":{"type":"Polygon","coordinates":[[[121.26271023273983,24.898628583140475],[121.26271023273983,24.90762178677772],[121.27170343637708,24.90762178677772],[121.27170343637708,24.898628583140475],[121.26271023273983,24.898628583140475]]]}},{"type":"Feature","properties":{"jobs":0,"pop":328,"pointCount":2,"homeWorkCommuteMedian":6374,"workHomeCommuteMedian":-1},"geometry":{"type":"Polygon","coordinates":[[[121.26271023273983,24.90762178677772],[121.26271023273983,24.916614990414967],[121.27170343637708,24.916614990414967],[121.27170343637708,24.90762178677772],[121.26271023273983,24.90762178677772]]]}},{"type":"Feature","properties":{"jobs":0,"pop":73,"pointCount":1,"homeWorkCommuteMedian":21587,"workHomeCommuteMedian":-1},"geometry":{"type":"Polygon","coordinates":[[[121.26271023273983,24.916614990414967],[121.26271023273983,24.925608194052213],[121.27170343637708,24.925608194052213],[121.27170343637708,24.916614990414967],[121.26271023273983,24.916614990414967]]]}},{"type":"Feature","properties":{"jobs":643,"pop":2202,"pointCount":8,"homeWorkCommuteMedian":13596,"workHomeCommuteMedian":5392},"geometry":{"type":"Polygon","coordinates":[[[121.26271023273983,24.925608194052213],[121.26271023273983,24.93460139768946],[121.27170343637708,24.93460139768946],[121.27170343637708,24.925608194052213],[121.26271023273983,24.925608194052213]]]}},{"type":"Feature","properties":{"jobs":218,"pop":663,"pointCount":3,"homeWorkCommuteMedian":18792,"workHomeCommuteMedian":5509},"geometry":{"type":"Polygon","coordinates":[[[121.26271023273983,24.93460139768946],[121.26271023273983,24.943594601326705],[121.27170343637708,24.943594601326705],[121.27170343637708,24.93460139768946],[121.26271023273983,24.93460139768946]]]}},{"type":"Feature","properties":{"jobs":80,"pop":1301,"pointCount":4,"homeWorkCommuteMedian":8554,"workHomeCommuteMedian":24524},"geometry":{"type":"Polygon","coordinates":[[[121.26271023273983,24.943594601326705],[121.26271023273983,24.95258780496395],[121.27170343637708,24.95258780496395],[121.27170343637708,24.943594601326705],[121.26271023273983,24.943594601326705]]]}},{"type":"Feature","properties":{"jobs":421,"pop":3557,"pointCount":8,"homeWorkCommuteMedian":5890,"workHomeCommuteMedian":4811},"geometry":{"type":"Polygon","coordinates":[[[121.26271023273983,24.95258780496395],[121.26271023273983,24.961581008601197],[121.27170343637708,24.961581008601197],[121.27170343637708,24.95258780496395],[121.26271023273983,24.95258780496395]]]}},{"type":"Feature","properties":{"jobs":7732,"pop":3473,"pointCount":7,"homeWorkCommuteMedian":12540,"workHomeCommuteMedian":9616},"geometry":{"type":"Polygon","coordinates":[[[121.26271023273983,24.961581008601197],[121.26271023273983,24.970574212238443],[121.27170343637708,24.970574212238443],[121.27170343637708,24.961581008601197],[121.26271023273983,24.961581008601197]]]}},{"type":"Feature","properties":{"jobs":8311,"pop":1991,"pointCount":8,"homeWorkCommuteMedian":8124,"workHomeCommuteMedian":6181},"geometry":{"type":"Polygon","coordinates":[[[121.26271023273983,24.970574212238443],[121.26271023273983,24.97956741587569],[121.27170343637708,24.97956741587569],[121.27170343637708,24.970574212238443],[121.26271023273983,24.970574212238443]]]}},{"type":"Feature","properties":{"jobs":1012,"pop":4093,"pointCount":5,"homeWorkCommuteMedian":7127,"workHomeCommuteMedian":6019},"geometry":{"type":"Polygon","coordinates":[[[121.26271023273983,24.97956741587569],[121.26271023273983,24.988560619512935],[121.27170343637708,24.988560619512935],[121.27170343637708,24.97956741587569],[121.26271023273983,24.97956741587569]]]}},{"type":"Feature","properties":{"jobs":1469,"pop":593,"pointCount":6,"homeWorkCommuteMedian":21329,"workHomeCommuteMedian":7088},"geometry":{"type":"Polygon","coordinates":[[[121.26271023273983,24.988560619512935],[121.26271023273983,24.99755382315018],[121.27170343637708,24.99755382315018],[121.27170343637708,24.988560619512935],[121.26271023273983,24.988560619512935]]]}},{"type":"Feature","properties":{"jobs":133,"pop":586,"pointCount":3,"homeWorkCommuteMedian":13613,"workHomeCommuteMedian":13310},"geometry":{"type":"Polygon","coordinates":[[[121.26271023273983,24.99755382315018],[121.26271023273983,25.006547026787427],[121.27170343637708,25.006547026787427],[121.27170343637708,24.99755382315018],[121.26271023273983,24.99755382315018]]]}},{"type":"Feature","properties":{"jobs":3612,"pop":386,"pointCount":10,"homeWorkCommuteMedian":14732,"workHomeCommuteMedian":11381},"geometry":{"type":"Polygon","coordinates":[[[121.26271023273983,25.006547026787427],[121.26271023273983,25.015540230424673],[121.27170343637708,25.015540230424673],[121.27170343637708,25.006547026787427],[121.26271023273983,25.006547026787427]]]}},{"type":"Feature","properties":{"jobs":1295,"pop":2742,"pointCount":8,"homeWorkCommuteMedian":11252,"workHomeCommuteMedian":6530},"geometry":{"type":"Polygon","coordinates":[[[121.26271023273983,25.015540230424673],[121.26271023273983,25.02453343406192],[121.27170343637708,25.02453343406192],[121.27170343637708,25.015540230424673],[121.26271023273983,25.015540230424673]]]}},{"type":"Feature","properties":{"jobs":470,"pop":369,"pointCount":6,"homeWorkCommuteMedian":36698,"workHomeCommuteMedian":13209},"geometry":{"type":"Polygon","coordinates":[[[121.26271023273983,25.02453343406192],[121.26271023273983,25.033526637699165],[121.27170343637708,25.033526637699165],[121.27170343637708,25.02453343406192],[121.26271023273983,25.02453343406192]]]}},{"type":"Feature","properties":{"jobs":337,"pop":320,"pointCount":3,"homeWorkCommuteMedian":27958,"workHomeCommuteMedian":3537},"geometry":{"type":"Polygon","coordinates":[[[121.26271023273983,25.033526637699165],[121.26271023273983,25.04251984133641],[121.27170343637708,25.04251984133641],[121.27170343637708,25.033526637699165],[121.26271023273983,25.033526637699165]]]}},{"type":"Feature","properties":{"jobs":86,"pop":597,"pointCount":4,"homeWorkCommuteMedian":16211,"workHomeCommuteMedian":7482},"geometry":{"type":"Polygon","coordinates":[[[121.26271023273983,25.04251984133641],[121.26271023273983,25.051513044973657],[121.27170343637708,25.051513044973657],[121.27170343637708,25.04251984133641],[121.26271023273983,25.04251984133641]]]}},{"type":"Feature","properties":{"jobs":4759,"pop":536,"pointCount":9,"homeWorkCommuteMedian":10656,"workHomeCommuteMedian":8756},"geometry":{"type":"Polygon","coordinates":[[[121.26271023273983,25.051513044973657],[121.26271023273983,25.060506248610903],[121.27170343637708,25.060506248610903],[121.27170343637708,25.051513044973657],[121.26271023273983,25.051513044973657]]]}},{"type":"Feature","properties":{"jobs":1523,"pop":713,"pointCount":6,"homeWorkCommuteMedian":10308,"workHomeCommuteMedian":10592},"geometry":{"type":"Polygon","coordinates":[[[121.26271023273983,25.060506248610903],[121.26271023273983,25.06949945224815],[121.27170343637708,25.06949945224815],[121.27170343637708,25.060506248610903],[121.26271023273983,25.060506248610903]]]}},{"type":"Feature","properties":{"jobs":152,"pop":1116,"pointCount":3,"homeWorkCommuteMedian":21364,"workHomeCommuteMedian":21090},"geometry":{"type":"Polygon","coordinates":[[[121.26271023273983,25.06949945224815],[121.26271023273983,25.078492655885395],[121.27170343637708,25.078492655885395],[121.27170343637708,25.06949945224815],[121.26271023273983,25.06949945224815]]]}},{"type":"Feature","properties":{"jobs":1052,"pop":94,"pointCount":3,"homeWorkCommuteMedian":5341,"workHomeCommuteMedian":9328},"geometry":{"type":"Polygon","coordinates":[[[121.26271023273983,25.078492655885395],[121.26271023273983,25.08748585952264],[121.27170343637708,25.08748585952264],[121.27170343637708,25.078492655885395],[121.26271023273983,25.078492655885395]]]}},{"type":"Feature","properties":{"jobs":911,"pop":802,"pointCount":8,"homeWorkCommuteMedian":6070,"workHomeCommuteMedian":21539},"geometry":{"type":"Polygon","coordinates":[[[121.26271023273983,25.08748585952264],[121.26271023273983,25.096479063159887],[121.27170343637708,25.096479063159887],[121.27170343637708,25.08748585952264],[121.26271023273983,25.08748585952264]]]}},{"type":"Feature","properties":{"jobs":1663,"pop":535,"pointCount":8,"homeWorkCommuteMedian":22706,"workHomeCommuteMedian":16185},"geometry":{"type":"Polygon","coordinates":[[[121.26271023273983,25.096479063159887],[121.26271023273983,25.105472266797133],[121.27170343637708,25.105472266797133],[121.27170343637708,25.096479063159887],[121.26271023273983,25.096479063159887]]]}},{"type":"Feature","properties":{"jobs":687,"pop":525,"pointCount":4,"homeWorkCommuteMedian":32975,"workHomeCommuteMedian":19293},"geometry":{"type":"Polygon","coordinates":[[[121.26271023273983,25.105472266797133],[121.26271023273983,25.11446547043438],[121.27170343637708,25.11446547043438],[121.27170343637708,25.105472266797133],[121.26271023273983,25.105472266797133]]]}},{"type":"Feature","properties":{"jobs":686,"pop":148,"pointCount":2,"homeWorkCommuteMedian":9966,"workHomeCommuteMedian":27295},"geometry":{"type":"Polygon","coordinates":[[[121.26271023273983,25.11446547043438],[121.26271023273983,25.123458674071625],[121.27170343637708,25.123458674071625],[121.27170343637708,25.11446547043438],[121.26271023273983,25.11446547043438]]]}},{"type":"Feature","properties":{"jobs":34,"pop":371,"pointCount":4,"homeWorkCommuteMedian":9525,"workHomeCommuteMedian":8663},"geometry":{"type":"Polygon","coordinates":[[[121.27170343637708,24.835676157679753],[121.27170343637708,24.844669361317],[121.28069664001433,24.844669361317],[121.28069664001433,24.835676157679753],[121.27170343637708,24.835676157679753]]]}},{"type":"Feature","properties":{"jobs":72,"pop":567,"pointCount":8,"homeWorkCommuteMedian":30655,"workHomeCommuteMedian":8339},"geometry":{"type":"Polygon","coordinates":[[[121.27170343637708,24.844669361317],[121.27170343637708,24.853662564954245],[121.28069664001433,24.853662564954245],[121.28069664001433,24.844669361317],[121.27170343637708,24.844669361317]]]}},{"type":"Feature","properties":{"jobs":44,"pop":149,"pointCount":3,"homeWorkCommuteMedian":44227,"workHomeCommuteMedian":3213},"geometry":{"type":"Polygon","coordinates":[[[121.27170343637708,24.853662564954245],[121.27170343637708,24.86265576859149],[121.28069664001433,24.86265576859149],[121.28069664001433,24.853662564954245],[121.27170343637708,24.853662564954245]]]}},{"type":"Feature","properties":{"jobs":210,"pop":187,"pointCount":4,"homeWorkCommuteMedian":43510,"workHomeCommuteMedian":7098},"geometry":{"type":"Polygon","coordinates":[[[121.27170343637708,24.86265576859149],[121.27170343637708,24.871648972228737],[121.28069664001433,24.871648972228737],[121.28069664001433,24.86265576859149],[121.27170343637708,24.86265576859149]]]}},{"type":"Feature","properties":{"jobs":97,"pop":1642,"pointCount":6,"homeWorkCommuteMedian":6104,"workHomeCommuteMedian":4780},"geometry":{"type":"Polygon","coordinates":[[[121.27170343637708,24.880642175865983],[121.27170343637708,24.88963537950323],[121.28069664001433,24.88963537950323],[121.28069664001433,24.880642175865983],[121.27170343637708,24.880642175865983]]]}},{"type":"Feature","properties":{"jobs":1263,"pop":2687,"pointCount":10,"homeWorkCommuteMedian":14463,"workHomeCommuteMedian":4416},"geometry":{"type":"Polygon","coordinates":[[[121.27170343637708,24.88963537950323],[121.27170343637708,24.898628583140475],[121.28069664001433,24.898628583140475],[121.28069664001433,24.88963537950323],[121.27170343637708,24.88963537950323]]]}},{"type":"Feature","properties":{"jobs":583,"pop":3756,"pointCount":8,"homeWorkCommuteMedian":22316,"workHomeCommuteMedian":7303},"geometry":{"type":"Polygon","coordinates":[[[121.27170343637708,24.898628583140475],[121.27170343637708,24.90762178677772],[121.28069664001433,24.90762178677772],[121.28069664001433,24.898628583140475],[121.27170343637708,24.898628583140475]]]}},{"type":"Feature","properties":{"jobs":230,"pop":1784,"pointCount":4,"homeWorkCommuteMedian":11229,"workHomeCommuteMedian":4716},"geometry":{"type":"Polygon","coordinates":[[[121.27170343637708,24.90762178677772],[121.27170343637708,24.916614990414967],[121.28069664001433,24.916614990414967],[121.28069664001433,24.90762178677772],[121.27170343637708,24.90762178677772]]]}},{"type":"Feature","properties":{"jobs":0,"pop":185,"pointCount":2,"homeWorkCommuteMedian":13592,"workHomeCommuteMedian":-1},"geometry":{"type":"Polygon","coordinates":[[[121.27170343637708,24.916614990414967],[121.27170343637708,24.925608194052213],[121.28069664001433,24.925608194052213],[121.28069664001433,24.916614990414967],[121.27170343637708,24.916614990414967]]]}},{"type":"Feature","properties":{"jobs":417,"pop":0,"pointCount":3,"homeWorkCommuteMedian":-1,"workHomeCommuteMedian":5508},"geometry":{"type":"Polygon","coordinates":[[[121.27170343637708,24.925608194052213],[121.27170343637708,24.93460139768946],[121.28069664001433,24.93460139768946],[121.28069664001433,24.925608194052213],[121.27170343637708,24.925608194052213]]]}},{"type":"Feature","properties":{"jobs":421,"pop":653,"pointCount":3,"homeWorkCommuteMedian":25856,"workHomeCommuteMedian":3449},"geometry":{"type":"Polygon","coordinates":[[[121.27170343637708,24.93460139768946],[121.27170343637708,24.943594601326705],[121.28069664001433,24.943594601326705],[121.28069664001433,24.93460139768946],[121.27170343637708,24.93460139768946]]]}},{"type":"Feature","properties":{"jobs":36,"pop":297,"pointCount":1,"homeWorkCommuteMedian":4871,"workHomeCommuteMedian":3825},"geometry":{"type":"Polygon","coordinates":[[[121.27170343637708,24.943594601326705],[121.27170343637708,24.95258780496395],[121.28069664001433,24.95258780496395],[121.28069664001433,24.943594601326705],[121.27170343637708,24.943594601326705]]]}},{"type":"Feature","properties":{"jobs":560,"pop":1076,"pointCount":8,"homeWorkCommuteMedian":12983,"workHomeCommuteMedian":4005},"geometry":{"type":"Polygon","coordinates":[[[121.27170343637708,24.95258780496395],[121.27170343637708,24.961581008601197],[121.28069664001433,24.961581008601197],[121.28069664001433,24.95258780496395],[121.27170343637708,24.95258780496395]]]}},{"type":"Feature","properties":{"jobs":1567,"pop":795,"pointCount":7,"homeWorkCommuteMedian":8872,"workHomeCommuteMedian":6528},"geometry":{"type":"Polygon","coordinates":[[[121.27170343637708,24.961581008601197],[121.27170343637708,24.970574212238443],[121.28069664001433,24.970574212238443],[121.28069664001433,24.961581008601197],[121.27170343637708,24.961581008601197]]]}},{"type":"Feature","properties":{"jobs":1817,"pop":5414,"pointCount":9,"homeWorkCommuteMedian":7545,"workHomeCommuteMedian":4516},"geometry":{"type":"Polygon","coordinates":[[[121.27170343637708,24.970574212238443],[121.27170343637708,24.97956741587569],[121.28069664001433,24.97956741587569],[121.28069664001433,24.970574212238443],[121.27170343637708,24.970574212238443]]]}},{"type":"Feature","properties":{"jobs":4856,"pop":11725,"pointCount":12,"homeWorkCommuteMedian":7078,"workHomeCommuteMedian":5699},"geometry":{"type":"Polygon","coordinates":[[[121.27170343637708,24.97956741587569],[121.27170343637708,24.988560619512935],[121.28069664001433,24.988560619512935],[121.28069664001433,24.97956741587569],[121.27170343637708,24.97956741587569]]]}},{"type":"Feature","properties":{"jobs":3648,"pop":6572,"pointCount":12,"homeWorkCommuteMedian":5477,"workHomeCommuteMedian":5237},"geometry":{"type":"Polygon","coordinates":[[[121.27170343637708,24.988560619512935],[121.27170343637708,24.99755382315018],[121.28069664001433,24.99755382315018],[121.28069664001433,24.988560619512935],[121.27170343637708,24.988560619512935]]]}},{"type":"Feature","properties":{"jobs":0,"pop":1057,"pointCount":3,"homeWorkCommuteMedian":6316,"workHomeCommuteMedian":-1},"geometry":{"type":"Polygon","coordinates":[[[121.27170343637708,24.99755382315018],[121.27170343637708,25.006547026787427],[121.28069664001433,25.006547026787427],[121.28069664001433,24.99755382315018],[121.27170343637708,24.99755382315018]]]}},{"type":"Feature","properties":{"jobs":467,"pop":991,"pointCount":6,"homeWorkCommuteMedian":6364,"workHomeCommuteMedian":8797},"geometry":{"type":"Polygon","coordinates":[[[121.27170343637708,25.006547026787427],[121.27170343637708,25.015540230424673],[121.28069664001433,25.015540230424673],[121.28069664001433,25.006547026787427],[121.27170343637708,25.006547026787427]]]}},{"type":"Feature","properties":{"jobs":330,"pop":195,"pointCount":4,"homeWorkCommuteMedian":4642,"workHomeCommuteMedian":6823},"geometry":{"type":"Polygon","coordinates":[[[121.27170343637708,25.015540230424673],[121.27170343637708,25.02453343406192],[121.28069664001433,25.02453343406192],[121.28069664001433,25.015540230424673],[121.27170343637708,25.015540230424673]]]}},{"type":"Feature","properties":{"jobs":1228,"pop":563,"pointCount":7,"homeWorkCommuteMedian":14581,"workHomeCommuteMedian":13272},"geometry":{"type":"Polygon","coordinates":[[[121.27170343637708,25.02453343406192],[121.27170343637708,25.033526637699165],[121.28069664001433,25.033526637699165],[121.28069664001433,25.02453343406192],[121.27170343637708,25.02453343406192]]]}},{"type":"Feature","properties":{"jobs":256,"pop":384,"pointCount":4,"homeWorkCommuteMedian":7398,"workHomeCommuteMedian":14137},"geometry":{"type":"Polygon","coordinates":[[[121.27170343637708,25.033526637699165],[121.27170343637708,25.04251984133641],[121.28069664001433,25.04251984133641],[121.28069664001433,25.033526637699165],[121.27170343637708,25.033526637699165]]]}},{"type":"Feature","properties":{"jobs":961,"pop":432,"pointCount":5,"homeWorkCommuteMedian":9405,"workHomeCommuteMedian":5435},"geometry":{"type":"Polygon","coordinates":[[[121.27170343637708,25.04251984133641],[121.27170343637708,25.051513044973657],[121.28069664001433,25.051513044973657],[121.28069664001433,25.04251984133641],[121.27170343637708,25.04251984133641]]]}},{"type":"Feature","properties":{"jobs":14028,"pop":1412,"pointCount":11,"homeWorkCommuteMedian":8187,"workHomeCommuteMedian":7784},"geometry":{"type":"Polygon","coordinates":[[[121.27170343637708,25.051513044973657],[121.27170343637708,25.060506248610903],[121.28069664001433,25.060506248610903],[121.28069664001433,25.051513044973657],[121.27170343637708,25.051513044973657]]]}},{"type":"Feature","properties":{"jobs":4008,"pop":849,"pointCount":5,"homeWorkCommuteMedian":6904,"workHomeCommuteMedian":7170},"geometry":{"type":"Polygon","coordinates":[[[121.27170343637708,25.060506248610903],[121.27170343637708,25.06949945224815],[121.28069664001433,25.06949945224815],[121.28069664001433,25.060506248610903],[121.27170343637708,25.060506248610903]]]}},{"type":"Feature","properties":{"jobs":2748,"pop":318,"pointCount":6,"homeWorkCommuteMedian":13243,"workHomeCommuteMedian":6702},"geometry":{"type":"Polygon","coordinates":[[[121.27170343637708,25.06949945224815],[121.27170343637708,25.078492655885395],[121.28069664001433,25.078492655885395],[121.28069664001433,25.06949945224815],[121.27170343637708,25.06949945224815]]]}},{"type":"Feature","properties":{"jobs":0,"pop":140,"pointCount":1,"homeWorkCommuteMedian":12390,"workHomeCommuteMedian":-1},"geometry":{"type":"Polygon","coordinates":[[[121.27170343637708,25.078492655885395],[121.27170343637708,25.08748585952264],[121.28069664001433,25.08748585952264],[121.28069664001433,25.078492655885395],[121.27170343637708,25.078492655885395]]]}},{"type":"Feature","properties":{"jobs":2121,"pop":467,"pointCount":9,"homeWorkCommuteMedian":10628,"workHomeCommuteMedian":7705},"geometry":{"type":"Polygon","coordinates":[[[121.27170343637708,25.08748585952264],[121.27170343637708,25.096479063159887],[121.28069664001433,25.096479063159887],[121.28069664001433,25.08748585952264],[121.27170343637708,25.08748585952264]]]}},{"type":"Feature","properties":{"jobs":1426,"pop":577,"pointCount":6,"homeWorkCommuteMedian":8745,"workHomeCommuteMedian":13290},"geometry":{"type":"Polygon","coordinates":[[[121.27170343637708,25.096479063159887],[121.27170343637708,25.105472266797133],[121.28069664001433,25.105472266797133],[121.28069664001433,25.096479063159887],[121.27170343637708,25.096479063159887]]]}},{"type":"Feature","properties":{"jobs":442,"pop":309,"pointCount":5,"homeWorkCommuteMedian":16157,"workHomeCommuteMedian":12760},"geometry":{"type":"Polygon","coordinates":[[[121.27170343637708,25.105472266797133],[121.27170343637708,25.11446547043438],[121.28069664001433,25.11446547043438],[121.28069664001433,25.105472266797133],[121.27170343637708,25.105472266797133]]]}},{"type":"Feature","properties":{"jobs":524,"pop":0,"pointCount":1,"homeWorkCommuteMedian":-1,"workHomeCommuteMedian":25636},"geometry":{"type":"Polygon","coordinates":[[[121.27170343637708,25.11446547043438],[121.27170343637708,25.123458674071625],[121.28069664001433,25.123458674071625],[121.28069664001433,25.11446547043438],[121.27170343637708,25.11446547043438]]]}},{"type":"Feature","properties":{"jobs":150,"pop":0,"pointCount":2,"homeWorkCommuteMedian":-1,"workHomeCommuteMedian":13090},"geometry":{"type":"Polygon","coordinates":[[[121.28069664001433,24.81768975040526],[121.28069664001433,24.826682954042507],[121.28968984365157,24.826682954042507],[121.28968984365157,24.81768975040526],[121.28069664001433,24.81768975040526]]]}},{"type":"Feature","properties":{"jobs":0,"pop":40,"pointCount":1,"homeWorkCommuteMedian":9785,"workHomeCommuteMedian":-1},"geometry":{"type":"Polygon","coordinates":[[[121.28069664001433,24.826682954042507],[121.28069664001433,24.835676157679753],[121.28968984365157,24.835676157679753],[121.28968984365157,24.826682954042507],[121.28069664001433,24.826682954042507]]]}},{"type":"Feature","properties":{"jobs":72,"pop":257,"pointCount":4,"homeWorkCommuteMedian":42166,"workHomeCommuteMedian":10770},"geometry":{"type":"Polygon","coordinates":[[[121.28069664001433,24.835676157679753],[121.28069664001433,24.844669361317],[121.28968984365157,24.844669361317],[121.28968984365157,24.835676157679753],[121.28069664001433,24.835676157679753]]]}},{"type":"Feature","properties":{"jobs":180,"pop":273,"pointCount":6,"homeWorkCommuteMedian":29516,"workHomeCommuteMedian":7979},"geometry":{"type":"Polygon","coordinates":[[[121.28069664001433,24.844669361317],[121.28069664001433,24.853662564954245],[121.28968984365157,24.853662564954245],[121.28968984365157,24.844669361317],[121.28069664001433,24.844669361317]]]}},{"type":"Feature","properties":{"jobs":282,"pop":861,"pointCount":8,"homeWorkCommuteMedian":8483,"workHomeCommuteMedian":4827},"geometry":{"type":"Polygon","coordinates":[[[121.28069664001433,24.853662564954245],[121.28069664001433,24.86265576859149],[121.28968984365157,24.86265576859149],[121.28968984365157,24.853662564954245],[121.28069664001433,24.853662564954245]]]}},{"type":"Feature","properties":{"jobs":262,"pop":341,"pointCount":4,"homeWorkCommuteMedian":27851,"workHomeCommuteMedian":7196},"geometry":{"type":"Polygon","coordinates":[[[121.28069664001433,24.86265576859149],[121.28069664001433,24.871648972228737],[121.28968984365157,24.871648972228737],[121.28968984365157,24.86265576859149],[121.28069664001433,24.86265576859149]]]}},{"type":"Feature","properties":{"jobs":620,"pop":3217,"pointCount":9,"homeWorkCommuteMedian":11960,"workHomeCommuteMedian":4063},"geometry":{"type":"Polygon","coordinates":[[[121.28069664001433,24.871648972228737],[121.28069664001433,24.880642175865983],[121.28968984365157,24.880642175865983],[121.28968984365157,24.871648972228737],[121.28069664001433,24.871648972228737]]]}},{"type":"Feature","properties":{"jobs":2468,"pop":2772,"pointCount":7,"homeWorkCommuteMedian":19657,"workHomeCommuteMedian":4770},"geometry":{"type":"Polygon","coordinates":[[[121.28069664001433,24.880642175865983],[121.28069664001433,24.88963537950323],[121.28968984365157,24.88963537950323],[121.28968984365157,24.880642175865983],[121.28069664001433,24.880642175865983]]]}},{"type":"Feature","properties":{"jobs":238,"pop":1421,"pointCount":3,"homeWorkCommuteMedian":21731,"workHomeCommuteMedian":3007},"geometry":{"type":"Polygon","coordinates":[[[121.28069664001433,24.88963537950323],[121.28069664001433,24.898628583140475],[121.28968984365157,24.898628583140475],[121.28968984365157,24.88963537950323],[121.28069664001433,24.88963537950323]]]}},{"type":"Feature","properties":{"jobs":1154,"pop":3709,"pointCount":7,"homeWorkCommuteMedian":11818,"workHomeCommuteMedian":5076},"geometry":{"type":"Polygon","coordinates":[[[121.28069664001433,24.898628583140475],[121.28069664001433,24.90762178677772],[121.28968984365157,24.90762178677772],[121.28968984365157,24.898628583140475],[121.28069664001433,24.898628583140475]]]}},{"type":"Feature","properties":{"jobs":1417,"pop":3517,"pointCount":6,"homeWorkCommuteMedian":18606,"workHomeCommuteMedian":5339},"geometry":{"type":"Polygon","coordinates":[[[121.28069664001433,24.90762178677772],[121.28069664001433,24.916614990414967],[121.28968984365157,24.916614990414967],[121.28968984365157,24.90762178677772],[121.28069664001433,24.90762178677772]]]}},{"type":"Feature","properties":{"jobs":4944,"pop":33,"pointCount":7,"homeWorkCommuteMedian":948,"workHomeCommuteMedian":5871},"geometry":{"type":"Polygon","coordinates":[[[121.28069664001433,24.916614990414967],[121.28069664001433,24.925608194052213],[121.28968984365157,24.925608194052213],[121.28968984365157,24.916614990414967],[121.28069664001433,24.916614990414967]]]}},{"type":"Feature","properties":{"jobs":5073,"pop":12321,"pointCount":13,"homeWorkCommuteMedian":11716,"workHomeCommuteMedian":5393},"geometry":{"type":"Polygon","coordinates":[[[121.28069664001433,24.925608194052213],[121.28069664001433,24.93460139768946],[121.28968984365157,24.93460139768946],[121.28968984365157,24.925608194052213],[121.28069664001433,24.925608194052213]]]}},{"type":"Feature","properties":{"jobs":1562,"pop":4033,"pointCount":10,"homeWorkCommuteMedian":9245,"workHomeCommuteMedian":5525},"geometry":{"type":"Polygon","coordinates":[[[121.28069664001433,24.93460139768946],[121.28069664001433,24.943594601326705],[121.28968984365157,24.943594601326705],[121.28968984365157,24.93460139768946],[121.28069664001433,24.93460139768946]]]}},{"type":"Feature","properties":{"jobs":642,"pop":1942,"pointCount":9,"homeWorkCommuteMedian":8397,"workHomeCommuteMedian":3692},"geometry":{"type":"Polygon","coordinates":[[[121.28069664001433,24.943594601326705],[121.28069664001433,24.95258780496395],[121.28968984365157,24.95258780496395],[121.28968984365157,24.943594601326705],[121.28069664001433,24.943594601326705]]]}},{"type":"Feature","properties":{"jobs":744,"pop":1830,"pointCount":9,"homeWorkCommuteMedian":5392,"workHomeCommuteMedian":3760},"geometry":{"type":"Polygon","coordinates":[[[121.28069664001433,24.95258780496395],[121.28069664001433,24.961581008601197],[121.28968984365157,24.961581008601197],[121.28968984365157,24.95258780496395],[121.28069664001433,24.95258780496395]]]}},{"type":"Feature","properties":{"jobs":403,"pop":1306,"pointCount":6,"homeWorkCommuteMedian":14109,"workHomeCommuteMedian":3766},"geometry":{"type":"Polygon","coordinates":[[[121.28069664001433,24.961581008601197],[121.28069664001433,24.970574212238443],[121.28968984365157,24.970574212238443],[121.28968984365157,24.961581008601197],[121.28069664001433,24.961581008601197]]]}},{"type":"Feature","properties":{"jobs":275,"pop":621,"pointCount":3,"homeWorkCommuteMedian":7574,"workHomeCommuteMedian":4243},"geometry":{"type":"Polygon","coordinates":[[[121.28069664001433,24.970574212238443],[121.28069664001433,24.97956741587569],[121.28968984365157,24.97956741587569],[121.28968984365157,24.970574212238443],[121.28069664001433,24.970574212238443]]]}},{"type":"Feature","properties":{"jobs":4570,"pop":9242,"pointCount":9,"homeWorkCommuteMedian":9660,"workHomeCommuteMedian":4837},"geometry":{"type":"Polygon","coordinates":[[[121.28069664001433,24.97956741587569],[121.28069664001433,24.988560619512935],[121.28968984365157,24.988560619512935],[121.28968984365157,24.97956741587569],[121.28069664001433,24.97956741587569]]]}},{"type":"Feature","properties":{"jobs":3651,"pop":13382,"pointCount":13,"homeWorkCommuteMedian":4822,"workHomeCommuteMedian":4115},"geometry":{"type":"Polygon","coordinates":[[[121.28069664001433,24.988560619512935],[121.28069664001433,24.99755382315018],[121.28968984365157,24.99755382315018],[121.28968984365157,24.988560619512935],[121.28069664001433,24.988560619512935]]]}},{"type":"Feature","properties":{"jobs":1978,"pop":1257,"pointCount":4,"homeWorkCommuteMedian":5122,"workHomeCommuteMedian":3724},"geometry":{"type":"Polygon","coordinates":[[[121.28069664001433,24.99755382315018],[121.28069664001433,25.006547026787427],[121.28968984365157,25.006547026787427],[121.28968984365157,24.99755382315018],[121.28069664001433,24.99755382315018]]]}},{"type":"Feature","properties":{"jobs":4475,"pop":1237,"pointCount":7,"homeWorkCommuteMedian":7926,"workHomeCommuteMedian":3420},"geometry":{"type":"Polygon","coordinates":[[[121.28069664001433,25.006547026787427],[121.28069664001433,25.015540230424673],[121.28968984365157,25.015540230424673],[121.28968984365157,25.006547026787427],[121.28069664001433,25.006547026787427]]]}},{"type":"Feature","properties":{"jobs":1384,"pop":1874,"pointCount":8,"homeWorkCommuteMedian":6412,"workHomeCommuteMedian":4878},"geometry":{"type":"Polygon","coordinates":[[[121.28069664001433,25.015540230424673],[121.28069664001433,25.02453343406192],[121.28968984365157,25.02453343406192],[121.28968984365157,25.015540230424673],[121.28069664001433,25.015540230424673]]]}},{"type":"Feature","properties":{"jobs":43,"pop":587,"pointCount":3,"homeWorkCommuteMedian":5576,"workHomeCommuteMedian":10887},"geometry":{"type":"Polygon","coordinates":[[[121.28069664001433,25.02453343406192],[121.28069664001433,25.033526637699165],[121.28968984365157,25.033526637699165],[121.28968984365157,25.02453343406192],[121.28069664001433,25.02453343406192]]]}},{"type":"Feature","properties":{"jobs":2454,"pop":8031,"pointCount":12,"homeWorkCommuteMedian":10303,"workHomeCommuteMedian":5526},"geometry":{"type":"Polygon","coordinates":[[[121.28069664001433,25.033526637699165],[121.28069664001433,25.04251984133641],[121.28968984365157,25.04251984133641],[121.28968984365157,25.033526637699165],[121.28069664001433,25.033526637699165]]]}},{"type":"Feature","properties":{"jobs":2037,"pop":4088,"pointCount":7,"homeWorkCommuteMedian":7567,"workHomeCommuteMedian":6364},"geometry":{"type":"Polygon","coordinates":[[[121.28069664001433,25.04251984133641],[121.28069664001433,25.051513044973657],[121.28968984365157,25.051513044973657],[121.28968984365157,25.04251984133641],[121.28069664001433,25.04251984133641]]]}},{"type":"Feature","properties":{"jobs":8305,"pop":1675,"pointCount":8,"homeWorkCommuteMedian":14323,"workHomeCommuteMedian":9429},"geometry":{"type":"Polygon","coordinates":[[[121.28069664001433,25.051513044973657],[121.28069664001433,25.060506248610903],[121.28968984365157,25.060506248610903],[121.28968984365157,25.051513044973657],[121.28069664001433,25.051513044973657]]]}},{"type":"Feature","properties":{"jobs":7120,"pop":334,"pointCount":11,"homeWorkCommuteMedian":9305,"workHomeCommuteMedian":8997},"geometry":{"type":"Polygon","coordinates":[[[121.28069664001433,25.060506248610903],[121.28069664001433,25.06949945224815],[121.28968984365157,25.06949945224815],[121.28968984365157,25.060506248610903],[121.28069664001433,25.060506248610903]]]}},{"type":"Feature","properties":{"jobs":2890,"pop":745,"pointCount":12,"homeWorkCommuteMedian":9497,"workHomeCommuteMedian":11350},"geometry":{"type":"Polygon","coordinates":[[[121.28069664001433,25.06949945224815],[121.28069664001433,25.078492655885395],[121.28968984365157,25.078492655885395],[121.28968984365157,25.06949945224815],[121.28069664001433,25.06949945224815]]]}},{"type":"Feature","properties":{"jobs":1950,"pop":1918,"pointCount":9,"homeWorkCommuteMedian":5332,"workHomeCommuteMedian":6120},"geometry":{"type":"Polygon","coordinates":[[[121.28069664001433,25.078492655885395],[121.28069664001433,25.08748585952264],[121.28968984365157,25.08748585952264],[121.28968984365157,25.078492655885395],[121.28069664001433,25.078492655885395]]]}},{"type":"Feature","properties":{"jobs":138,"pop":79,"pointCount":3,"homeWorkCommuteMedian":6558,"workHomeCommuteMedian":25025},"geometry":{"type":"Polygon","coordinates":[[[121.28069664001433,25.08748585952264],[121.28069664001433,25.096479063159887],[121.28968984365157,25.096479063159887],[121.28968984365157,25.08748585952264],[121.28069664001433,25.08748585952264]]]}},{"type":"Feature","properties":{"jobs":51,"pop":0,"pointCount":1,"homeWorkCommuteMedian":-1,"workHomeCommuteMedian":19832},"geometry":{"type":"Polygon","coordinates":[[[121.28069664001433,25.11446547043438],[121.28069664001433,25.123458674071625],[121.28968984365157,25.123458674071625],[121.28968984365157,25.11446547043438],[121.28069664001433,25.11446547043438]]]}},{"type":"Feature","properties":{"jobs":47,"pop":131,"pointCount":4,"homeWorkCommuteMedian":44249,"workHomeCommuteMedian":9152},"geometry":{"type":"Polygon","coordinates":[[[121.28968984365157,24.81768975040526],[121.28968984365157,24.826682954042507],[121.29868304728882,24.826682954042507],[121.29868304728882,24.81768975040526],[121.28968984365157,24.81768975040526]]]}},{"type":"Feature","properties":{"jobs":83,"pop":49,"pointCount":1,"homeWorkCommuteMedian":3046,"workHomeCommuteMedian":9783},"geometry":{"type":"Polygon","coordinates":[[[121.28968984365157,24.835676157679753],[121.28968984365157,24.844669361317],[121.29868304728882,24.844669361317],[121.29868304728882,24.835676157679753],[121.28968984365157,24.835676157679753]]]}},{"type":"Feature","properties":{"jobs":58,"pop":822,"pointCount":7,"homeWorkCommuteMedian":17872,"workHomeCommuteMedian":7415},"geometry":{"type":"Polygon","coordinates":[[[121.28968984365157,24.853662564954245],[121.28968984365157,24.86265576859149],[121.29868304728882,24.86265576859149],[121.29868304728882,24.853662564954245],[121.28968984365157,24.853662564954245]]]}},{"type":"Feature","properties":{"jobs":112,"pop":580,"pointCount":10,"homeWorkCommuteMedian":27221,"workHomeCommuteMedian":9525},"geometry":{"type":"Polygon","coordinates":[[[121.28968984365157,24.86265576859149],[121.28968984365157,24.871648972228737],[121.29868304728882,24.871648972228737],[121.29868304728882,24.86265576859149],[121.28968984365157,24.86265576859149]]]}},{"type":"Feature","properties":{"jobs":1068,"pop":2181,"pointCount":7,"homeWorkCommuteMedian":9192,"workHomeCommuteMedian":4123},"geometry":{"type":"Polygon","coordinates":[[[121.28968984365157,24.871648972228737],[121.28968984365157,24.880642175865983],[121.29868304728882,24.880642175865983],[121.29868304728882,24.871648972228737],[121.28968984365157,24.871648972228737]]]}},{"type":"Feature","properties":{"jobs":646,"pop":3235,"pointCount":8,"homeWorkCommuteMedian":19874,"workHomeCommuteMedian":4570},"geometry":{"type":"Polygon","coordinates":[[[121.28968984365157,24.880642175865983],[121.28968984365157,24.88963537950323],[121.29868304728882,24.88963537950323],[121.29868304728882,24.880642175865983],[121.28968984365157,24.880642175865983]]]}},{"type":"Feature","properties":{"jobs":102,"pop":155,"pointCount":4,"homeWorkCommuteMedian":30562,"workHomeCommuteMedian":6894},"geometry":{"type":"Polygon","coordinates":[[[121.28968984365157,24.88963537950323],[121.28968984365157,24.898628583140475],[121.29868304728882,24.898628583140475],[121.29868304728882,24.88963537950323],[121.28968984365157,24.88963537950323]]]}},{"type":"Feature","properties":{"jobs":49,"pop":318,"pointCount":3,"homeWorkCommuteMedian":10236,"workHomeCommuteMedian":4932},"geometry":{"type":"Polygon","coordinates":[[[121.28968984365157,24.898628583140475],[121.28968984365157,24.90762178677772],[121.29868304728882,24.90762178677772],[121.29868304728882,24.898628583140475],[121.28968984365157,24.898628583140475]]]}},{"type":"Feature","properties":{"jobs":174,"pop":684,"pointCount":5,"homeWorkCommuteMedian":16246,"workHomeCommuteMedian":16634},"geometry":{"type":"Polygon","coordinates":[[[121.28968984365157,24.90762178677772],[121.28968984365157,24.916614990414967],[121.29868304728882,24.916614990414967],[121.29868304728882,24.90762178677772],[121.28968984365157,24.90762178677772]]]}},{"type":"Feature","properties":{"jobs":901,"pop":4845,"pointCount":7,"homeWorkCommuteMedian":14301,"workHomeCommuteMedian":5980},"geometry":{"type":"Polygon","coordinates":[[[121.28968984365157,24.916614990414967],[121.28968984365157,24.925608194052213],[121.29868304728882,24.925608194052213],[121.29868304728882,24.916614990414967],[121.28968984365157,24.916614990414967]]]}},{"type":"Feature","properties":{"jobs":1804,"pop":4895,"pointCount":11,"homeWorkCommuteMedian":11839,"workHomeCommuteMedian":3909},"geometry":{"type":"Polygon","coordinates":[[[121.28968984365157,24.925608194052213],[121.28968984365157,24.93460139768946],[121.29868304728882,24.93460139768946],[121.29868304728882,24.925608194052213],[121.28968984365157,24.925608194052213]]]}},{"type":"Feature","properties":{"jobs":5827,"pop":1890,"pointCount":4,"homeWorkCommuteMedian":9373,"workHomeCommuteMedian":2936},"geometry":{"type":"Polygon","coordinates":[[[121.28968984365157,24.93460139768946],[121.28968984365157,24.943594601326705],[121.29868304728882,24.943594601326705],[121.29868304728882,24.93460139768946],[121.28968984365157,24.93460139768946]]]}},{"type":"Feature","properties":{"jobs":2009,"pop":4678,"pointCount":10,"homeWorkCommuteMedian":6340,"workHomeCommuteMedian":3508},"geometry":{"type":"Polygon","coordinates":[[[121.28968984365157,24.943594601326705],[121.28968984365157,24.95258780496395],[121.29868304728882,24.95258780496395],[121.29868304728882,24.943594601326705],[121.28968984365157,24.943594601326705]]]}},{"type":"Feature","properties":{"jobs":5654,"pop":11030,"pointCount":14,"homeWorkCommuteMedian":14188,"workHomeCommuteMedian":3285},"geometry":{"type":"Polygon","coordinates":[[[121.28968984365157,24.95258780496395],[121.28968984365157,24.961581008601197],[121.29868304728882,24.961581008601197],[121.29868304728882,24.95258780496395],[121.28968984365157,24.95258780496395]]]}},{"type":"Feature","properties":{"jobs":2375,"pop":13147,"pointCount":13,"homeWorkCommuteMedian":9157,"workHomeCommuteMedian":4692},"geometry":{"type":"Polygon","coordinates":[[[121.28968984365157,24.961581008601197],[121.28968984365157,24.970574212238443],[121.29868304728882,24.970574212238443],[121.29868304728882,24.961581008601197],[121.28968984365157,24.961581008601197]]]}},{"type":"Feature","properties":{"jobs":503,"pop":1368,"pointCount":5,"homeWorkCommuteMedian":14976,"workHomeCommuteMedian":7007},"geometry":{"type":"Polygon","coordinates":[[[121.28968984365157,24.970574212238443],[121.28968984365157,24.97956741587569],[121.29868304728882,24.97956741587569],[121.29868304728882,24.970574212238443],[121.28968984365157,24.970574212238443]]]}},{"type":"Feature","properties":{"jobs":2986,"pop":8462,"pointCount":10,"homeWorkCommuteMedian":6582,"workHomeCommuteMedian":3922},"geometry":{"type":"Polygon","coordinates":[[[121.28968984365157,24.97956741587569],[121.28968984365157,24.988560619512935],[121.29868304728882,24.988560619512935],[121.29868304728882,24.97956741587569],[121.28968984365157,24.97956741587569]]]}},{"type":"Feature","properties":{"jobs":8401,"pop":10071,"pointCount":15,"homeWorkCommuteMedian":4556,"workHomeCommuteMedian":3687},"geometry":{"type":"Polygon","coordinates":[[[121.28968984365157,24.988560619512935],[121.28968984365157,24.99755382315018],[121.29868304728882,24.99755382315018],[121.29868304728882,24.988560619512935],[121.28968984365157,24.988560619512935]]]}},{"type":"Feature","properties":{"jobs":4672,"pop":7713,"pointCount":10,"homeWorkCommuteMedian":7505,"workHomeCommuteMedian":2748},"geometry":{"type":"Polygon","coordinates":[[[121.28968984365157,24.99755382315018],[121.28968984365157,25.006547026787427],[121.29868304728882,25.006547026787427],[121.29868304728882,24.99755382315018],[121.28968984365157,24.99755382315018]]]}},{"type":"Feature","properties":{"jobs":7423,"pop":12014,"pointCount":11,"homeWorkCommuteMedian":7520,"workHomeCommuteMedian":3590},"geometry":{"type":"Polygon","coordinates":[[[121.28968984365157,25.006547026787427],[121.28968984365157,25.015540230424673],[121.29868304728882,25.015540230424673],[121.29868304728882,25.006547026787427],[121.28968984365157,25.006547026787427]]]}},{"type":"Feature","properties":{"jobs":8548,"pop":19209,"pointCount":13,"homeWorkCommuteMedian":6111,"workHomeCommuteMedian":3745},"geometry":{"type":"Polygon","coordinates":[[[121.28968984365157,25.015540230424673],[121.28968984365157,25.02453343406192],[121.29868304728882,25.02453343406192],[121.29868304728882,25.015540230424673],[121.28968984365157,25.015540230424673]]]}},{"type":"Feature","properties":{"jobs":2053,"pop":83,"pointCount":4,"homeWorkCommuteMedian":25390,"workHomeCommuteMedian":6126},"geometry":{"type":"Polygon","coordinates":[[[121.28968984365157,25.02453343406192],[121.28968984365157,25.033526637699165],[121.29868304728882,25.033526637699165],[121.29868304728882,25.02453343406192],[121.28968984365157,25.02453343406192]]]}},{"type":"Feature","properties":{"jobs":8166,"pop":9503,"pointCount":11,"homeWorkCommuteMedian":9096,"workHomeCommuteMedian":8465},"geometry":{"type":"Polygon","coordinates":[[[121.28968984365157,25.033526637699165],[121.28968984365157,25.04251984133641],[121.29868304728882,25.04251984133641],[121.29868304728882,25.033526637699165],[121.28968984365157,25.033526637699165]]]}},{"type":"Feature","properties":{"jobs":10008,"pop":11575,"pointCount":14,"homeWorkCommuteMedian":9555,"workHomeCommuteMedian":7429},"geometry":{"type":"Polygon","coordinates":[[[121.28968984365157,25.04251984133641],[121.28968984365157,25.051513044973657],[121.29868304728882,25.051513044973657],[121.29868304728882,25.04251984133641],[121.28968984365157,25.04251984133641]]]}},{"type":"Feature","properties":{"jobs":6944,"pop":12829,"pointCount":15,"homeWorkCommuteMedian":8818,"workHomeCommuteMedian":10535},"geometry":{"type":"Polygon","coordinates":[[[121.28968984365157,25.051513044973657],[121.28968984365157,25.060506248610903],[121.29868304728882,25.060506248610903],[121.29868304728882,25.051513044973657],[121.28968984365157,25.051513044973657]]]}},{"type":"Feature","properties":{"jobs":2838,"pop":2158,"pointCount":10,"homeWorkCommuteMedian":4423,"workHomeCommuteMedian":18155},"geometry":{"type":"Polygon","coordinates":[[[121.28968984365157,25.060506248610903],[121.28968984365157,25.06949945224815],[121.29868304728882,25.06949945224815],[121.29868304728882,25.060506248610903],[121.28968984365157,25.060506248610903]]]}},{"type":"Feature","properties":{"jobs":600,"pop":285,"pointCount":4,"homeWorkCommuteMedian":18199,"workHomeCommuteMedian":8457},"geometry":{"type":"Polygon","coordinates":[[[121.28968984365157,25.06949945224815],[121.28968984365157,25.078492655885395],[121.29868304728882,25.078492655885395],[121.29868304728882,25.06949945224815],[121.28968984365157,25.06949945224815]]]}},{"type":"Feature","properties":{"jobs":1730,"pop":980,"pointCount":8,"homeWorkCommuteMedian":16438,"workHomeCommuteMedian":14328},"geometry":{"type":"Polygon","coordinates":[[[121.28968984365157,25.078492655885395],[121.28968984365157,25.08748585952264],[121.29868304728882,25.08748585952264],[121.29868304728882,25.078492655885395],[121.28968984365157,25.078492655885395]]]}},{"type":"Feature","properties":{"jobs":145,"pop":0,"pointCount":1,"homeWorkCommuteMedian":-1,"workHomeCommuteMedian":31657},"geometry":{"type":"Polygon","coordinates":[[[121.28968984365157,25.08748585952264],[121.28968984365157,25.096479063159887],[121.29868304728882,25.096479063159887],[121.29868304728882,25.08748585952264],[121.28968984365157,25.08748585952264]]]}},{"type":"Feature","properties":{"jobs":117,"pop":69,"pointCount":2,"homeWorkCommuteMedian":5647,"workHomeCommuteMedian":9020},"geometry":{"type":"Polygon","coordinates":[[[121.28968984365157,25.096479063159887],[121.28968984365157,25.105472266797133],[121.29868304728882,25.105472266797133],[121.29868304728882,25.096479063159887],[121.28968984365157,25.096479063159887]]]}},{"type":"Feature","properties":{"jobs":0,"pop":329,"pointCount":1,"homeWorkCommuteMedian":34180,"workHomeCommuteMedian":-1},"geometry":{"type":"Polygon","coordinates":[[[121.28968984365157,25.105472266797133],[121.28968984365157,25.11446547043438],[121.29868304728882,25.11446547043438],[121.29868304728882,25.105472266797133],[121.28968984365157,25.105472266797133]]]}},{"type":"Feature","properties":{"jobs":423,"pop":0,"pointCount":3,"homeWorkCommuteMedian":-1,"workHomeCommuteMedian":14323},"geometry":{"type":"Polygon","coordinates":[[[121.28968984365157,25.11446547043438],[121.28968984365157,25.123458674071625],[121.29868304728882,25.123458674071625],[121.29868304728882,25.11446547043438],[121.28968984365157,25.11446547043438]]]}},{"type":"Feature","properties":{"jobs":0,"pop":52,"pointCount":1,"homeWorkCommuteMedian":15500,"workHomeCommuteMedian":-1},"geometry":{"type":"Polygon","coordinates":[[[121.29868304728882,24.808696546768015],[121.29868304728882,24.81768975040526],[121.30767625092606,24.81768975040526],[121.30767625092606,24.808696546768015],[121.29868304728882,24.808696546768015]]]}},{"type":"Feature","properties":{"jobs":58,"pop":64,"pointCount":2,"homeWorkCommuteMedian":44742,"workHomeCommuteMedian":40850},"geometry":{"type":"Polygon","coordinates":[[[121.29868304728882,24.826682954042507],[121.29868304728882,24.835676157679753],[121.30767625092606,24.835676157679753],[121.30767625092606,24.826682954042507],[121.29868304728882,24.826682954042507]]]}},{"type":"Feature","properties":{"jobs":146,"pop":174,"pointCount":4,"homeWorkCommuteMedian":8642,"workHomeCommuteMedian":8724},"geometry":{"type":"Polygon","coordinates":[[[121.29868304728882,24.853662564954245],[121.29868304728882,24.86265576859149],[121.30767625092606,24.86265576859149],[121.30767625092606,24.853662564954245],[121.29868304728882,24.853662564954245]]]}},{"type":"Feature","properties":{"jobs":0,"pop":309,"pointCount":6,"homeWorkCommuteMedian":18202,"workHomeCommuteMedian":-1},"geometry":{"type":"Polygon","coordinates":[[[121.29868304728882,24.86265576859149],[121.29868304728882,24.871648972228737],[121.30767625092606,24.871648972228737],[121.30767625092606,24.86265576859149],[121.29868304728882,24.86265576859149]]]}},{"type":"Feature","properties":{"jobs":70,"pop":477,"pointCount":6,"homeWorkCommuteMedian":24671,"workHomeCommuteMedian":7315},"geometry":{"type":"Polygon","coordinates":[[[121.29868304728882,24.871648972228737],[121.29868304728882,24.880642175865983],[121.30767625092606,24.880642175865983],[121.30767625092606,24.871648972228737],[121.29868304728882,24.871648972228737]]]}},{"type":"Feature","properties":{"jobs":154,"pop":108,"pointCount":2,"homeWorkCommuteMedian":29017,"workHomeCommuteMedian":7054},"geometry":{"type":"Polygon","coordinates":[[[121.29868304728882,24.880642175865983],[121.29868304728882,24.88963537950323],[121.30767625092606,24.88963537950323],[121.30767625092606,24.880642175865983],[121.29868304728882,24.880642175865983]]]}},{"type":"Feature","properties":{"jobs":280,"pop":380,"pointCount":6,"homeWorkCommuteMedian":30956,"workHomeCommuteMedian":6864},"geometry":{"type":"Polygon","coordinates":[[[121.29868304728882,24.88963537950323],[121.29868304728882,24.898628583140475],[121.30767625092606,24.898628583140475],[121.30767625092606,24.88963537950323],[121.29868304728882,24.88963537950323]]]}},{"type":"Feature","properties":{"jobs":28,"pop":146,"pointCount":3,"homeWorkCommuteMedian":40086,"workHomeCommuteMedian":3037},"geometry":{"type":"Polygon","coordinates":[[[121.29868304728882,24.898628583140475],[121.29868304728882,24.90762178677772],[121.30767625092606,24.90762178677772],[121.30767625092606,24.898628583140475],[121.29868304728882,24.898628583140475]]]}},{"type":"Feature","properties":{"jobs":78,"pop":48,"pointCount":1,"homeWorkCommuteMedian":29815,"workHomeCommuteMedian":8642},"geometry":{"type":"Polygon","coordinates":[[[121.29868304728882,24.90762178677772],[121.29868304728882,24.916614990414967],[121.30767625092606,24.916614990414967],[121.30767625092606,24.90762178677772],[121.29868304728882,24.90762178677772]]]}},{"type":"Feature","properties":{"jobs":58,"pop":266,"pointCount":3,"homeWorkCommuteMedian":29927,"workHomeCommuteMedian":6443},"geometry":{"type":"Polygon","coordinates":[[[121.29868304728882,24.916614990414967],[121.29868304728882,24.925608194052213],[121.30767625092606,24.925608194052213],[121.30767625092606,24.916614990414967],[121.29868304728882,24.916614990414967]]]}},{"type":"Feature","properties":{"jobs":263,"pop":2894,"pointCount":6,"homeWorkCommuteMedian":15328,"workHomeCommuteMedian":3836},"geometry":{"type":"Polygon","coordinates":[[[121.29868304728882,24.925608194052213],[121.29868304728882,24.93460139768946],[121.30767625092606,24.93460139768946],[121.30767625092606,24.925608194052213],[121.29868304728882,24.925608194052213]]]}},{"type":"Feature","properties":{"jobs":3063,"pop":4027,"pointCount":10,"homeWorkCommuteMedian":15388,"workHomeCommuteMedian":3921},"geometry":{"type":"Polygon","coordinates":[[[121.29868304728882,24.93460139768946],[121.29868304728882,24.943594601326705],[121.30767625092606,24.943594601326705],[121.30767625092606,24.93460139768946],[121.29868304728882,24.93460139768946]]]}},{"type":"Feature","properties":{"jobs":545,"pop":2356,"pointCount":7,"homeWorkCommuteMedian":4958,"workHomeCommuteMedian":3229},"geometry":{"type":"Polygon","coordinates":[[[121.29868304728882,24.943594601326705],[121.29868304728882,24.95258780496395],[121.30767625092606,24.95258780496395],[121.30767625092606,24.943594601326705],[121.29868304728882,24.943594601326705]]]}},{"type":"Feature","properties":{"jobs":2600,"pop":8841,"pointCount":13,"homeWorkCommuteMedian":14953,"workHomeCommuteMedian":3216},"geometry":{"type":"Polygon","coordinates":[[[121.29868304728882,24.95258780496395],[121.29868304728882,24.961581008601197],[121.30767625092606,24.961581008601197],[121.30767625092606,24.95258780496395],[121.29868304728882,24.95258780496395]]]}},{"type":"Feature","properties":{"jobs":4359,"pop":11984,"pointCount":18,"homeWorkCommuteMedian":10932,"workHomeCommuteMedian":4345},"geometry":{"type":"Polygon","coordinates":[[[121.29868304728882,24.961581008601197],[121.29868304728882,24.970574212238443],[121.30767625092606,24.970574212238443],[121.30767625092606,24.961581008601197],[121.29868304728882,24.961581008601197]]]}},{"type":"Feature","properties":{"jobs":2308,"pop":6010,"pointCount":9,"homeWorkCommuteMedian":7086,"workHomeCommuteMedian":3598},"geometry":{"type":"Polygon","coordinates":[[[121.29868304728882,24.970574212238443],[121.29868304728882,24.97956741587569],[121.30767625092606,24.97956741587569],[121.30767625092606,24.970574212238443],[121.29868304728882,24.970574212238443]]]}},{"type":"Feature","properties":{"jobs":2705,"pop":8429,"pointCount":13,"homeWorkCommuteMedian":6823,"workHomeCommuteMedian":3883},"geometry":{"type":"Polygon","coordinates":[[[121.29868304728882,24.97956741587569],[121.29868304728882,24.988560619512935],[121.30767625092606,24.988560619512935],[121.30767625092606,24.97956741587569],[121.29868304728882,24.97956741587569]]]}},{"type":"Feature","properties":{"jobs":9704,"pop":8927,"pointCount":16,"homeWorkCommuteMedian":4988,"workHomeCommuteMedian":3257},"geometry":{"type":"Polygon","coordinates":[[[121.29868304728882,24.988560619512935],[121.29868304728882,24.99755382315018],[121.30767625092606,24.99755382315018],[121.30767625092606,24.988560619512935],[121.29868304728882,24.988560619512935]]]}},{"type":"Feature","properties":{"jobs":6408,"pop":15818,"pointCount":17,"homeWorkCommuteMedian":5820,"workHomeCommuteMedian":2845},"geometry":{"type":"Polygon","coordinates":[[[121.29868304728882,24.99755382315018],[121.29868304728882,25.006547026787427],[121.30767625092606,25.006547026787427],[121.30767625092606,24.99755382315018],[121.29868304728882,24.99755382315018]]]}},{"type":"Feature","properties":{"jobs":10039,"pop":16595,"pointCount":18,"homeWorkCommuteMedian":6411,"workHomeCommuteMedian":3198},"geometry":{"type":"Polygon","coordinates":[[[121.29868304728882,25.006547026787427],[121.29868304728882,25.015540230424673],[121.30767625092606,25.015540230424673],[121.30767625092606,25.006547026787427],[121.29868304728882,25.006547026787427]]]}},{"type":"Feature","properties":{"jobs":10632,"pop":16677,"pointCount":17,"homeWorkCommuteMedian":5725,"workHomeCommuteMedian":4358},"geometry":{"type":"Polygon","coordinates":[[[121.29868304728882,25.015540230424673],[121.29868304728882,25.02453343406192],[121.30767625092606,25.02453343406192],[121.30767625092606,25.015540230424673],[121.29868304728882,25.015540230424673]]]}},{"type":"Feature","properties":{"jobs":8134,"pop":3735,"pointCount":15,"homeWorkCommuteMedian":10938,"workHomeCommuteMedian":5928},"geometry":{"type":"Polygon","coordinates":[[[121.29868304728882,25.02453343406192],[121.29868304728882,25.033526637699165],[121.30767625092606,25.033526637699165],[121.30767625092606,25.02453343406192],[121.29868304728882,25.02453343406192]]]}},{"type":"Feature","properties":{"jobs":2798,"pop":714,"pointCount":11,"homeWorkCommuteMedian":12917,"workHomeCommuteMedian":7404},"geometry":{"type":"Polygon","coordinates":[[[121.29868304728882,25.033526637699165],[121.29868304728882,25.04251984133641],[121.30767625092606,25.04251984133641],[121.30767625092606,25.033526637699165],[121.29868304728882,25.033526637699165]]]}},{"type":"Feature","properties":{"jobs":3378,"pop":5609,"pointCount":10,"homeWorkCommuteMedian":9125,"workHomeCommuteMedian":15643},"geometry":{"type":"Polygon","coordinates":[[[121.29868304728882,25.04251984133641],[121.29868304728882,25.051513044973657],[121.30767625092606,25.051513044973657],[121.30767625092606,25.04251984133641],[121.29868304728882,25.04251984133641]]]}},{"type":"Feature","properties":{"jobs":478,"pop":4071,"pointCount":7,"homeWorkCommuteMedian":12425,"workHomeCommuteMedian":14188},"geometry":{"type":"Polygon","coordinates":[[[121.29868304728882,25.051513044973657],[121.29868304728882,25.060506248610903],[121.30767625092606,25.060506248610903],[121.30767625092606,25.051513044973657],[121.29868304728882,25.051513044973657]]]}},{"type":"Feature","properties":{"jobs":105,"pop":420,"pointCount":4,"homeWorkCommuteMedian":9306,"workHomeCommuteMedian":21608},"geometry":{"type":"Polygon","coordinates":[[[121.29868304728882,25.060506248610903],[121.29868304728882,25.06949945224815],[121.30767625092606,25.06949945224815],[121.30767625092606,25.060506248610903],[121.29868304728882,25.060506248610903]]]}},{"type":"Feature","properties":{"jobs":0,"pop":82,"pointCount":1,"homeWorkCommuteMedian":20367,"workHomeCommuteMedian":-1},"geometry":{"type":"Polygon","coordinates":[[[121.29868304728882,25.06949945224815],[121.29868304728882,25.078492655885395],[121.30767625092606,25.078492655885395],[121.30767625092606,25.06949945224815],[121.29868304728882,25.06949945224815]]]}},{"type":"Feature","properties":{"jobs":177,"pop":438,"pointCount":5,"homeWorkCommuteMedian":24112,"workHomeCommuteMedian":10704},"geometry":{"type":"Polygon","coordinates":[[[121.29868304728882,25.078492655885395],[121.29868304728882,25.08748585952264],[121.30767625092606,25.08748585952264],[121.30767625092606,25.078492655885395],[121.29868304728882,25.078492655885395]]]}},{"type":"Feature","properties":{"jobs":122,"pop":0,"pointCount":2,"homeWorkCommuteMedian":-1,"workHomeCommuteMedian":26095},"geometry":{"type":"Polygon","coordinates":[[[121.29868304728882,25.08748585952264],[121.29868304728882,25.096479063159887],[121.30767625092606,25.096479063159887],[121.30767625092606,25.08748585952264],[121.29868304728882,25.08748585952264]]]}},{"type":"Feature","properties":{"jobs":1634,"pop":37,"pointCount":3,"homeWorkCommuteMedian":15216,"workHomeCommuteMedian":19772},"geometry":{"type":"Polygon","coordinates":[[[121.29868304728882,25.11446547043438],[121.29868304728882,25.123458674071625],[121.30767625092606,25.123458674071625],[121.30767625092606,25.11446547043438],[121.29868304728882,25.11446547043438]]]}},{"type":"Feature","properties":{"jobs":0,"pop":43,"pointCount":1,"homeWorkCommuteMedian":10888,"workHomeCommuteMedian":-1},"geometry":{"type":"Polygon","coordinates":[[[121.30767625092606,24.808696546768015],[121.30767625092606,24.81768975040526],[121.31666945456331,24.81768975040526],[121.31666945456331,24.808696546768015],[121.30767625092606,24.808696546768015]]]}},{"type":"Feature","properties":{"jobs":142,"pop":187,"pointCount":2,"homeWorkCommuteMedian":50892,"workHomeCommuteMedian":12231},"geometry":{"type":"Polygon","coordinates":[[[121.30767625092606,24.81768975040526],[121.30767625092606,24.826682954042507],[121.31666945456331,24.826682954042507],[121.31666945456331,24.81768975040526],[121.30767625092606,24.81768975040526]]]}},{"type":"Feature","properties":{"jobs":0,"pop":30,"pointCount":1,"homeWorkCommuteMedian":64043,"workHomeCommuteMedian":-1},"geometry":{"type":"Polygon","coordinates":[[[121.30767625092606,24.826682954042507],[121.30767625092606,24.835676157679753],[121.31666945456331,24.835676157679753],[121.31666945456331,24.826682954042507],[121.30767625092606,24.826682954042507]]]}},{"type":"Feature","properties":{"jobs":0,"pop":81,"pointCount":2,"homeWorkCommuteMedian":43697,"workHomeCommuteMedian":-1},"geometry":{"type":"Polygon","coordinates":[[[121.30767625092606,24.880642175865983],[121.30767625092606,24.88963537950323],[121.31666945456331,24.88963537950323],[121.31666945456331,24.880642175865983],[121.30767625092606,24.880642175865983]]]}},{"type":"Feature","properties":{"jobs":157,"pop":178,"pointCount":5,"homeWorkCommuteMedian":38270,"workHomeCommuteMedian":6211},"geometry":{"type":"Polygon","coordinates":[[[121.30767625092606,24.88963537950323],[121.30767625092606,24.898628583140475],[121.31666945456331,24.898628583140475],[121.31666945456331,24.88963537950323],[121.30767625092606,24.88963537950323]]]}},{"type":"Feature","properties":{"jobs":0,"pop":39,"pointCount":1,"homeWorkCommuteMedian":8816,"workHomeCommuteMedian":-1},"geometry":{"type":"Polygon","coordinates":[[[121.30767625092606,24.90762178677772],[121.30767625092606,24.916614990414967],[121.31666945456331,24.916614990414967],[121.31666945456331,24.90762178677772],[121.30767625092606,24.90762178677772]]]}},{"type":"Feature","properties":{"jobs":94,"pop":111,"pointCount":5,"homeWorkCommuteMedian":16633,"workHomeCommuteMedian":8283},"geometry":{"type":"Polygon","coordinates":[[[121.30767625092606,24.916614990414967],[121.30767625092606,24.925608194052213],[121.31666945456331,24.925608194052213],[121.31666945456331,24.916614990414967],[121.30767625092606,24.916614990414967]]]}},{"type":"Feature","properties":{"jobs":30,"pop":614,"pointCount":5,"homeWorkCommuteMedian":17426,"workHomeCommuteMedian":10200},"geometry":{"type":"Polygon","coordinates":[[[121.30767625092606,24.925608194052213],[121.30767625092606,24.93460139768946],[121.31666945456331,24.93460139768946],[121.31666945456331,24.925608194052213],[121.30767625092606,24.925608194052213]]]}},{"type":"Feature","properties":{"jobs":1561,"pop":188,"pointCount":3,"homeWorkCommuteMedian":14504,"workHomeCommuteMedian":4524},"geometry":{"type":"Polygon","coordinates":[[[121.30767625092606,24.93460139768946],[121.30767625092606,24.943594601326705],[121.31666945456331,24.943594601326705],[121.31666945456331,24.93460139768946],[121.30767625092606,24.93460139768946]]]}},{"type":"Feature","properties":{"jobs":202,"pop":1402,"pointCount":4,"homeWorkCommuteMedian":10792,"workHomeCommuteMedian":2497},"geometry":{"type":"Polygon","coordinates":[[[121.30767625092606,24.943594601326705],[121.30767625092606,24.95258780496395],[121.31666945456331,24.95258780496395],[121.31666945456331,24.943594601326705],[121.30767625092606,24.943594601326705]]]}},{"type":"Feature","properties":{"jobs":1169,"pop":1838,"pointCount":11,"homeWorkCommuteMedian":19928,"workHomeCommuteMedian":3394},"geometry":{"type":"Polygon","coordinates":[[[121.30767625092606,24.95258780496395],[121.30767625092606,24.961581008601197],[121.31666945456331,24.961581008601197],[121.31666945456331,24.95258780496395],[121.30767625092606,24.95258780496395]]]}},{"type":"Feature","properties":{"jobs":1051,"pop":2552,"pointCount":5,"homeWorkCommuteMedian":10071,"workHomeCommuteMedian":2581},"geometry":{"type":"Polygon","coordinates":[[[121.30767625092606,24.961581008601197],[121.30767625092606,24.970574212238443],[121.31666945456331,24.970574212238443],[121.31666945456331,24.961581008601197],[121.30767625092606,24.961581008601197]]]}},{"type":"Feature","properties":{"jobs":1516,"pop":4005,"pointCount":5,"homeWorkCommuteMedian":6160,"workHomeCommuteMedian":4874},"geometry":{"type":"Polygon","coordinates":[[[121.30767625092606,24.970574212238443],[121.30767625092606,24.97956741587569],[121.31666945456331,24.97956741587569],[121.31666945456331,24.970574212238443],[121.30767625092606,24.970574212238443]]]}},{"type":"Feature","properties":{"jobs":3938,"pop":8866,"pointCount":14,"homeWorkCommuteMedian":5692,"workHomeCommuteMedian":4374},"geometry":{"type":"Polygon","coordinates":[[[121.30767625092606,24.97956741587569],[121.30767625092606,24.988560619512935],[121.31666945456331,24.988560619512935],[121.31666945456331,24.97956741587569],[121.30767625092606,24.97956741587569]]]}},{"type":"Feature","properties":{"jobs":26304,"pop":10805,"pointCount":21,"homeWorkCommuteMedian":4168,"workHomeCommuteMedian":3830},"geometry":{"type":"Polygon","coordinates":[[[121.30767625092606,24.988560619512935],[121.30767625092606,24.99755382315018],[121.31666945456331,24.99755382315018],[121.31666945456331,24.988560619512935],[121.30767625092606,24.988560619512935]]]}},{"type":"Feature","properties":{"jobs":4076,"pop":10433,"pointCount":15,"homeWorkCommuteMedian":8274,"workHomeCommuteMedian":3554},"geometry":{"type":"Polygon","coordinates":[[[121.30767625092606,24.99755382315018],[121.30767625092606,25.006547026787427],[121.31666945456331,25.006547026787427],[121.31666945456331,24.99755382315018],[121.30767625092606,24.99755382315018]]]}},{"type":"Feature","properties":{"jobs":6495,"pop":22573,"pointCount":14,"homeWorkCommuteMedian":5131,"workHomeCommuteMedian":3357},"geometry":{"type":"Polygon","coordinates":[[[121.30767625092606,25.006547026787427],[121.30767625092606,25.015540230424673],[121.31666945456331,25.015540230424673],[121.31666945456331,25.006547026787427],[121.30767625092606,25.006547026787427]]]}},{"type":"Feature","properties":{"jobs":4778,"pop":5936,"pointCount":10,"homeWorkCommuteMedian":7033,"workHomeCommuteMedian":4486},"geometry":{"type":"Polygon","coordinates":[[[121.30767625092606,25.015540230424673],[121.30767625092606,25.02453343406192],[121.31666945456331,25.02453343406192],[121.31666945456331,25.015540230424673],[121.30767625092606,25.015540230424673]]]}},{"type":"Feature","properties":{"jobs":284,"pop":0,"pointCount":1,"homeWorkCommuteMedian":-1,"workHomeCommuteMedian":6554},"geometry":{"type":"Polygon","coordinates":[[[121.30767625092606,25.02453343406192],[121.30767625092606,25.033526637699165],[121.31666945456331,25.033526637699165],[121.31666945456331,25.02453343406192],[121.30767625092606,25.02453343406192]]]}},{"type":"Feature","properties":{"jobs":264,"pop":0,"pointCount":3,"homeWorkCommuteMedian":-1,"workHomeCommuteMedian":13309},"geometry":{"type":"Polygon","coordinates":[[[121.30767625092606,25.033526637699165],[121.30767625092606,25.04251984133641],[121.31666945456331,25.04251984133641],[121.31666945456331,25.033526637699165],[121.30767625092606,25.033526637699165]]]}},{"type":"Feature","properties":{"jobs":495,"pop":273,"pointCount":9,"homeWorkCommuteMedian":7953,"workHomeCommuteMedian":17380},"geometry":{"type":"Polygon","coordinates":[[[121.30767625092606,25.04251984133641],[121.30767625092606,25.051513044973657],[121.31666945456331,25.051513044973657],[121.31666945456331,25.04251984133641],[121.30767625092606,25.04251984133641]]]}},{"type":"Feature","properties":{"jobs":0,"pop":73,"pointCount":1,"homeWorkCommuteMedian":3751,"workHomeCommuteMedian":-1},"geometry":{"type":"Polygon","coordinates":[[[121.30767625092606,25.051513044973657],[121.30767625092606,25.060506248610903],[121.31666945456331,25.060506248610903],[121.31666945456331,25.051513044973657],[121.30767625092606,25.051513044973657]]]}},{"type":"Feature","properties":{"jobs":69,"pop":0,"pointCount":1,"homeWorkCommuteMedian":-1,"workHomeCommuteMedian":19623},"geometry":{"type":"Polygon","coordinates":[[[121.30767625092606,25.060506248610903],[121.30767625092606,25.06949945224815],[121.31666945456331,25.06949945224815],[121.31666945456331,25.060506248610903],[121.30767625092606,25.060506248610903]]]}},{"type":"Feature","properties":{"jobs":35,"pop":194,"pointCount":3,"homeWorkCommuteMedian":11747,"workHomeCommuteMedian":8236},"geometry":{"type":"Polygon","coordinates":[[[121.30767625092606,25.06949945224815],[121.30767625092606,25.078492655885395],[121.31666945456331,25.078492655885395],[121.31666945456331,25.06949945224815],[121.30767625092606,25.06949945224815]]]}},{"type":"Feature","properties":{"jobs":59,"pop":104,"pointCount":3,"homeWorkCommuteMedian":11846,"workHomeCommuteMedian":23399},"geometry":{"type":"Polygon","coordinates":[[[121.30767625092606,25.078492655885395],[121.30767625092606,25.08748585952264],[121.31666945456331,25.08748585952264],[121.31666945456331,25.078492655885395],[121.30767625092606,25.078492655885395]]]}},{"type":"Feature","properties":{"jobs":0,"pop":177,"pointCount":2,"homeWorkCommuteMedian":11903,"workHomeCommuteMedian":-1},"geometry":{"type":"Polygon","coordinates":[[[121.30767625092606,25.08748585952264],[121.30767625092606,25.096479063159887],[121.31666945456331,25.096479063159887],[121.31666945456331,25.08748585952264],[121.30767625092606,25.08748585952264]]]}},{"type":"Feature","properties":{"jobs":59,"pop":0,"pointCount":1,"homeWorkCommuteMedian":-1,"workHomeCommuteMedian":16304},"geometry":{"type":"Polygon","coordinates":[[[121.30767625092606,25.096479063159887],[121.30767625092606,25.105472266797133],[121.31666945456331,25.105472266797133],[121.31666945456331,25.096479063159887],[121.30767625092606,25.096479063159887]]]}},{"type":"Feature","properties":{"jobs":351,"pop":69,"pointCount":4,"homeWorkCommuteMedian":1912,"workHomeCommuteMedian":10661},"geometry":{"type":"Polygon","coordinates":[[[121.30767625092606,25.105472266797133],[121.30767625092606,25.11446547043438],[121.31666945456331,25.11446547043438],[121.31666945456331,25.105472266797133],[121.30767625092606,25.105472266797133]]]}},{"type":"Feature","properties":{"jobs":0,"pop":390,"pointCount":3,"homeWorkCommuteMedian":12601,"workHomeCommuteMedian":-1},"geometry":{"type":"Polygon","coordinates":[[[121.30767625092606,25.11446547043438],[121.30767625092606,25.123458674071625],[121.31666945456331,25.123458674071625],[121.31666945456331,25.11446547043438],[121.30767625092606,25.11446547043438]]]}},{"type":"Feature","properties":{"jobs":0,"pop":101,"pointCount":2,"homeWorkCommuteMedian":23703,"workHomeCommuteMedian":-1},"geometry":{"type":"Polygon","coordinates":[[[121.31666945456331,24.826682954042507],[121.31666945456331,24.835676157679753],[121.32566265820056,24.835676157679753],[121.32566265820056,24.826682954042507],[121.31666945456331,24.826682954042507]]]}},{"type":"Feature","properties":{"jobs":0,"pop":51,"pointCount":1,"homeWorkCommuteMedian":13911,"workHomeCommuteMedian":-1},"geometry":{"type":"Polygon","coordinates":[[[121.31666945456331,24.835676157679753],[121.31666945456331,24.844669361317],[121.32566265820056,24.844669361317],[121.32566265820056,24.835676157679753],[121.31666945456331,24.835676157679753]]]}},{"type":"Feature","properties":{"jobs":0,"pop":59,"pointCount":1,"homeWorkCommuteMedian":63943,"workHomeCommuteMedian":-1},"geometry":{"type":"Polygon","coordinates":[[[121.31666945456331,24.86265576859149],[121.31666945456331,24.871648972228737],[121.32566265820056,24.871648972228737],[121.32566265820056,24.86265576859149],[121.31666945456331,24.86265576859149]]]}},{"type":"Feature","properties":{"jobs":0,"pop":62,"pointCount":1,"homeWorkCommuteMedian":23961,"workHomeCommuteMedian":-1},"geometry":{"type":"Polygon","coordinates":[[[121.31666945456331,24.880642175865983],[121.31666945456331,24.88963537950323],[121.32566265820056,24.88963537950323],[121.32566265820056,24.880642175865983],[121.31666945456331,24.880642175865983]]]}},{"type":"Feature","properties":{"jobs":0,"pop":153,"pointCount":1,"homeWorkCommuteMedian":19572,"workHomeCommuteMedian":-1},"geometry":{"type":"Polygon","coordinates":[[[121.31666945456331,24.88963537950323],[121.31666945456331,24.898628583140475],[121.32566265820056,24.898628583140475],[121.32566265820056,24.88963537950323],[121.31666945456331,24.88963537950323]]]}},{"type":"Feature","properties":{"jobs":32,"pop":26,"pointCount":1,"homeWorkCommuteMedian":27969,"workHomeCommuteMedian":4919},"geometry":{"type":"Polygon","coordinates":[[[121.31666945456331,24.898628583140475],[121.31666945456331,24.90762178677772],[121.32566265820056,24.90762178677772],[121.32566265820056,24.898628583140475],[121.31666945456331,24.898628583140475]]]}},{"type":"Feature","properties":{"jobs":0,"pop":42,"pointCount":1,"homeWorkCommuteMedian":37564,"workHomeCommuteMedian":-1},"geometry":{"type":"Polygon","coordinates":[[[121.31666945456331,24.90762178677772],[121.31666945456331,24.916614990414967],[121.32566265820056,24.916614990414967],[121.32566265820056,24.90762178677772],[121.31666945456331,24.90762178677772]]]}},{"type":"Feature","properties":{"jobs":302,"pop":470,"pointCount":7,"homeWorkCommuteMedian":13711,"workHomeCommuteMedian":10333},"geometry":{"type":"Polygon","coordinates":[[[121.31666945456331,24.925608194052213],[121.31666945456331,24.93460139768946],[121.32566265820056,24.93460139768946],[121.32566265820056,24.925608194052213],[121.31666945456331,24.925608194052213]]]}},{"type":"Feature","properties":{"jobs":0,"pop":74,"pointCount":1,"homeWorkCommuteMedian":38798,"workHomeCommuteMedian":-1},"geometry":{"type":"Polygon","coordinates":[[[121.31666945456331,24.93460139768946],[121.31666945456331,24.943594601326705],[121.32566265820056,24.943594601326705],[121.32566265820056,24.93460139768946],[121.31666945456331,24.93460139768946]]]}},{"type":"Feature","properties":{"jobs":561,"pop":1489,"pointCount":5,"homeWorkCommuteMedian":16966,"workHomeCommuteMedian":8175},"geometry":{"type":"Polygon","coordinates":[[[121.31666945456331,24.943594601326705],[121.31666945456331,24.95258780496395],[121.32566265820056,24.95258780496395],[121.32566265820056,24.943594601326705],[121.31666945456331,24.943594601326705]]]}},{"type":"Feature","properties":{"jobs":683,"pop":1333,"pointCount":5,"homeWorkCommuteMedian":4345,"workHomeCommuteMedian":4237},"geometry":{"type":"Polygon","coordinates":[[[121.31666945456331,24.95258780496395],[121.31666945456331,24.961581008601197],[121.32566265820056,24.961581008601197],[121.32566265820056,24.95258780496395],[121.31666945456331,24.95258780496395]]]}},{"type":"Feature","properties":{"jobs":1346,"pop":2850,"pointCount":9,"homeWorkCommuteMedian":7879,"workHomeCommuteMedian":5053},"geometry":{"type":"Polygon","coordinates":[[[121.31666945456331,24.961581008601197],[121.31666945456331,24.970574212238443],[121.32566265820056,24.970574212238443],[121.32566265820056,24.961581008601197],[121.31666945456331,24.961581008601197]]]}},{"type":"Feature","properties":{"jobs":5204,"pop":9126,"pointCount":14,"homeWorkCommuteMedian":7989,"workHomeCommuteMedian":4737},"geometry":{"type":"Polygon","coordinates":[[[121.31666945456331,24.970574212238443],[121.31666945456331,24.97956741587569],[121.32566265820056,24.97956741587569],[121.32566265820056,24.970574212238443],[121.31666945456331,24.970574212238443]]]}},{"type":"Feature","properties":{"jobs":4181,"pop":7429,"pointCount":11,"homeWorkCommuteMedian":7069,"workHomeCommuteMedian":4672},"geometry":{"type":"Polygon","coordinates":[[[121.31666945456331,24.97956741587569],[121.31666945456331,24.988560619512935],[121.32566265820056,24.988560619512935],[121.32566265820056,24.97956741587569],[121.31666945456331,24.97956741587569]]]}},{"type":"Feature","properties":{"jobs":3908,"pop":6608,"pointCount":14,"homeWorkCommuteMedian":8732,"workHomeCommuteMedian":3746},"geometry":{"type":"Polygon","coordinates":[[[121.31666945456331,24.988560619512935],[121.31666945456331,24.99755382315018],[121.32566265820056,24.99755382315018],[121.32566265820056,24.988560619512935],[121.31666945456331,24.988560619512935]]]}},{"type":"Feature","properties":{"jobs":5393,"pop":8345,"pointCount":12,"homeWorkCommuteMedian":6558,"workHomeCommuteMedian":4331},"geometry":{"type":"Polygon","coordinates":[[[121.31666945456331,24.99755382315018],[121.31666945456331,25.006547026787427],[121.32566265820056,25.006547026787427],[121.32566265820056,24.99755382315018],[121.31666945456331,24.99755382315018]]]}},{"type":"Feature","properties":{"jobs":5650,"pop":7801,"pointCount":10,"homeWorkCommuteMedian":11369,"workHomeCommuteMedian":3884},"geometry":{"type":"Polygon","coordinates":[[[121.31666945456331,25.006547026787427],[121.31666945456331,25.015540230424673],[121.32566265820056,25.015540230424673],[121.32566265820056,25.006547026787427],[121.31666945456331,25.006547026787427]]]}},{"type":"Feature","properties":{"jobs":1379,"pop":0,"pointCount":2,"homeWorkCommuteMedian":-1,"workHomeCommuteMedian":2811},"geometry":{"type":"Polygon","coordinates":[[[121.31666945456331,25.015540230424673],[121.31666945456331,25.02453343406192],[121.32566265820056,25.02453343406192],[121.32566265820056,25.015540230424673],[121.31666945456331,25.015540230424673]]]}},{"type":"Feature","properties":{"jobs":166,"pop":332,"pointCount":4,"homeWorkCommuteMedian":9482,"workHomeCommuteMedian":16671},"geometry":{"type":"Polygon","coordinates":[[[121.31666945456331,25.04251984133641],[121.31666945456331,25.051513044973657],[121.32566265820056,25.051513044973657],[121.32566265820056,25.04251984133641],[121.31666945456331,25.04251984133641]]]}},{"type":"Feature","properties":{"jobs":204,"pop":372,"pointCount":6,"homeWorkCommuteMedian":8215,"workHomeCommuteMedian":9077},"geometry":{"type":"Polygon","coordinates":[[[121.31666945456331,25.06949945224815],[121.31666945456331,25.078492655885395],[121.32566265820056,25.078492655885395],[121.32566265820056,25.06949945224815],[121.31666945456331,25.06949945224815]]]}},{"type":"Feature","properties":{"jobs":0,"pop":243,"pointCount":2,"homeWorkCommuteMedian":8756,"workHomeCommuteMedian":-1},"geometry":{"type":"Polygon","coordinates":[[[121.31666945456331,25.078492655885395],[121.31666945456331,25.08748585952264],[121.32566265820056,25.08748585952264],[121.32566265820056,25.078492655885395],[121.31666945456331,25.078492655885395]]]}},{"type":"Feature","properties":{"jobs":0,"pop":62,"pointCount":2,"homeWorkCommuteMedian":12235,"workHomeCommuteMedian":-1},"geometry":{"type":"Polygon","coordinates":[[[121.31666945456331,25.08748585952264],[121.31666945456331,25.096479063159887],[121.32566265820056,25.096479063159887],[121.32566265820056,25.08748585952264],[121.31666945456331,25.08748585952264]]]}},{"type":"Feature","properties":{"jobs":29,"pop":79,"pointCount":2,"homeWorkCommuteMedian":26384,"workHomeCommuteMedian":3967},"geometry":{"type":"Polygon","coordinates":[[[121.31666945456331,25.096479063159887],[121.31666945456331,25.105472266797133],[121.32566265820056,25.105472266797133],[121.32566265820056,25.096479063159887],[121.31666945456331,25.096479063159887]]]}},{"type":"Feature","properties":{"jobs":53,"pop":35,"pointCount":1,"homeWorkCommuteMedian":32060,"workHomeCommuteMedian":32182},"geometry":{"type":"Polygon","coordinates":[[[121.31666945456331,25.105472266797133],[121.31666945456331,25.11446547043438],[121.32566265820056,25.11446547043438],[121.32566265820056,25.105472266797133],[121.31666945456331,25.105472266797133]]]}},{"type":"Feature","properties":{"jobs":199,"pop":356,"pointCount":3,"homeWorkCommuteMedian":14658,"workHomeCommuteMedian":12445},"geometry":{"type":"Polygon","coordinates":[[[121.32566265820056,24.826682954042507],[121.32566265820056,24.835676157679753],[121.3346558618378,24.835676157679753],[121.3346558618378,24.826682954042507],[121.32566265820056,24.826682954042507]]]}},{"type":"Feature","properties":{"jobs":0,"pop":78,"pointCount":1,"homeWorkCommuteMedian":39717,"workHomeCommuteMedian":-1},"geometry":{"type":"Polygon","coordinates":[[[121.32566265820056,24.844669361317],[121.32566265820056,24.853662564954245],[121.3346558618378,24.853662564954245],[121.3346558618378,24.844669361317],[121.32566265820056,24.844669361317]]]}},{"type":"Feature","properties":{"jobs":638,"pop":0,"pointCount":2,"homeWorkCommuteMedian":-1,"workHomeCommuteMedian":10563},"geometry":{"type":"Polygon","coordinates":[[[121.32566265820056,24.880642175865983],[121.32566265820056,24.88963537950323],[121.3346558618378,24.88963537950323],[121.3346558618378,24.880642175865983],[121.32566265820056,24.880642175865983]]]}},{"type":"Feature","properties":{"jobs":75,"pop":85,"pointCount":2,"homeWorkCommuteMedian":18619,"workHomeCommuteMedian":8767},"geometry":{"type":"Polygon","coordinates":[[[121.32566265820056,24.88963537950323],[121.32566265820056,24.898628583140475],[121.3346558618378,24.898628583140475],[121.3346558618378,24.88963537950323],[121.32566265820056,24.88963537950323]]]}},{"type":"Feature","properties":{"jobs":76,"pop":35,"pointCount":2,"homeWorkCommuteMedian":5357,"workHomeCommuteMedian":6082},"geometry":{"type":"Polygon","coordinates":[[[121.32566265820056,24.916614990414967],[121.32566265820056,24.925608194052213],[121.3346558618378,24.925608194052213],[121.3346558618378,24.916614990414967],[121.32566265820056,24.916614990414967]]]}},{"type":"Feature","properties":{"jobs":0,"pop":130,"pointCount":1,"homeWorkCommuteMedian":4340,"workHomeCommuteMedian":-1},"geometry":{"type":"Polygon","coordinates":[[[121.32566265820056,24.925608194052213],[121.32566265820056,24.93460139768946],[121.3346558618378,24.93460139768946],[121.3346558618378,24.925608194052213],[121.32566265820056,24.925608194052213]]]}},{"type":"Feature","properties":{"jobs":2131,"pop":1558,"pointCount":9,"homeWorkCommuteMedian":24667,"workHomeCommuteMedian":10694},"geometry":{"type":"Polygon","coordinates":[[[121.32566265820056,24.93460139768946],[121.32566265820056,24.943594601326705],[121.3346558618378,24.943594601326705],[121.3346558618378,24.93460139768946],[121.32566265820056,24.93460139768946]]]}},{"type":"Feature","properties":{"jobs":115,"pop":70,"pointCount":2,"homeWorkCommuteMedian":31817,"workHomeCommuteMedian":22454},"geometry":{"type":"Polygon","coordinates":[[[121.32566265820056,24.943594601326705],[121.32566265820056,24.95258780496395],[121.3346558618378,24.95258780496395],[121.3346558618378,24.943594601326705],[121.32566265820056,24.943594601326705]]]}},{"type":"Feature","properties":{"jobs":2598,"pop":1768,"pointCount":8,"homeWorkCommuteMedian":20085,"workHomeCommuteMedian":6090},"geometry":{"type":"Polygon","coordinates":[[[121.32566265820056,24.95258780496395],[121.32566265820056,24.961581008601197],[121.3346558618378,24.961581008601197],[121.3346558618378,24.95258780496395],[121.32566265820056,24.95258780496395]]]}},{"type":"Feature","properties":{"jobs":7061,"pop":5235,"pointCount":14,"homeWorkCommuteMedian":18378,"workHomeCommuteMedian":5411},"geometry":{"type":"Polygon","coordinates":[[[121.32566265820056,24.961581008601197],[121.32566265820056,24.970574212238443],[121.3346558618378,24.970574212238443],[121.3346558618378,24.961581008601197],[121.32566265820056,24.961581008601197]]]}},{"type":"Feature","properties":{"jobs":5161,"pop":5535,"pointCount":9,"homeWorkCommuteMedian":12611,"workHomeCommuteMedian":7206},"geometry":{"type":"Polygon","coordinates":[[[121.32566265820056,24.970574212238443],[121.32566265820056,24.97956741587569],[121.3346558618378,24.97956741587569],[121.3346558618378,24.970574212238443],[121.32566265820056,24.970574212238443]]]}},{"type":"Feature","properties":{"jobs":5795,"pop":3783,"pointCount":12,"homeWorkCommuteMedian":11015,"workHomeCommuteMedian":7686},"geometry":{"type":"Polygon","coordinates":[[[121.32566265820056,24.97956741587569],[121.32566265820056,24.988560619512935],[121.3346558618378,24.988560619512935],[121.3346558618378,24.97956741587569],[121.32566265820056,24.97956741587569]]]}},{"type":"Feature","properties":{"jobs":4531,"pop":11402,"pointCount":17,"homeWorkCommuteMedian":11755,"workHomeCommuteMedian":9482},"geometry":{"type":"Polygon","coordinates":[[[121.32566265820056,24.988560619512935],[121.32566265820056,24.99755382315018],[121.3346558618378,24.99755382315018],[121.3346558618378,24.988560619512935],[121.32566265820056,24.988560619512935]]]}},{"type":"Feature","properties":{"jobs":318,"pop":158,"pointCount":1,"homeWorkCommuteMedian":3747,"workHomeCommuteMedian":4001},"geometry":{"type":"Polygon","coordinates":[[[121.32566265820056,24.99755382315018],[121.32566265820056,25.006547026787427],[121.3346558618378,25.006547026787427],[121.3346558618378,24.99755382315018],[121.32566265820056,24.99755382315018]]]}},{"type":"Feature","properties":{"jobs":0,"pop":110,"pointCount":2,"homeWorkCommuteMedian":8378,"workHomeCommuteMedian":-1},"geometry":{"type":"Polygon","coordinates":[[[121.32566265820056,25.015540230424673],[121.32566265820056,25.02453343406192],[121.3346558618378,25.02453343406192],[121.3346558618378,25.015540230424673],[121.32566265820056,25.015540230424673]]]}},{"type":"Feature","properties":{"jobs":94,"pop":38,"pointCount":2,"homeWorkCommuteMedian":10318,"workHomeCommuteMedian":15691},"geometry":{"type":"Polygon","coordinates":[[[121.32566265820056,25.02453343406192],[121.32566265820056,25.033526637699165],[121.3346558618378,25.033526637699165],[121.3346558618378,25.02453343406192],[121.32566265820056,25.02453343406192]]]}},{"type":"Feature","properties":{"jobs":0,"pop":112,"pointCount":1,"homeWorkCommuteMedian":25528,"workHomeCommuteMedian":-1},"geometry":{"type":"Polygon","coordinates":[[[121.32566265820056,25.04251984133641],[121.32566265820056,25.051513044973657],[121.3346558618378,25.051513044973657],[121.3346558618378,25.04251984133641],[121.32566265820056,25.04251984133641]]]}},{"type":"Feature","properties":{"jobs":261,"pop":0,"pointCount":3,"homeWorkCommuteMedian":-1,"workHomeCommuteMedian":15332},"geometry":{"type":"Polygon","coordinates":[[[121.32566265820056,25.051513044973657],[121.32566265820056,25.060506248610903],[121.3346558618378,25.060506248610903],[121.3346558618378,25.051513044973657],[121.32566265820056,25.051513044973657]]]}},{"type":"Feature","properties":{"jobs":45,"pop":0,"pointCount":1,"homeWorkCommuteMedian":-1,"workHomeCommuteMedian":11053},"geometry":{"type":"Polygon","coordinates":[[[121.32566265820056,25.060506248610903],[121.32566265820056,25.06949945224815],[121.3346558618378,25.06949945224815],[121.3346558618378,25.060506248610903],[121.32566265820056,25.060506248610903]]]}},{"type":"Feature","properties":{"jobs":82,"pop":0,"pointCount":2,"homeWorkCommuteMedian":-1,"workHomeCommuteMedian":13764},"geometry":{"type":"Polygon","coordinates":[[[121.32566265820056,25.06949945224815],[121.32566265820056,25.078492655885395],[121.3346558618378,25.078492655885395],[121.3346558618378,25.06949945224815],[121.32566265820056,25.06949945224815]]]}},{"type":"Feature","properties":{"jobs":25,"pop":97,"pointCount":1,"homeWorkCommuteMedian":11094,"workHomeCommuteMedian":16332},"geometry":{"type":"Polygon","coordinates":[[[121.32566265820056,25.078492655885395],[121.32566265820056,25.08748585952264],[121.3346558618378,25.08748585952264],[121.3346558618378,25.078492655885395],[121.32566265820056,25.078492655885395]]]}},{"type":"Feature","properties":{"jobs":34,"pop":93,"pointCount":2,"homeWorkCommuteMedian":25576,"workHomeCommuteMedian":35274},"geometry":{"type":"Polygon","coordinates":[[[121.32566265820056,25.096479063159887],[121.32566265820056,25.105472266797133],[121.3346558618378,25.105472266797133],[121.3346558618378,25.096479063159887],[121.32566265820056,25.096479063159887]]]}},{"type":"Feature","properties":{"jobs":39,"pop":157,"pointCount":2,"homeWorkCommuteMedian":8799,"workHomeCommuteMedian":27050},"geometry":{"type":"Polygon","coordinates":[[[121.32566265820056,25.105472266797133],[121.32566265820056,25.11446547043438],[121.3346558618378,25.11446547043438],[121.3346558618378,25.105472266797133],[121.32566265820056,25.105472266797133]]]}},{"type":"Feature","properties":{"jobs":0,"pop":175,"pointCount":1,"homeWorkCommuteMedian":9422,"workHomeCommuteMedian":-1},"geometry":{"type":"Polygon","coordinates":[[[121.32566265820056,25.11446547043438],[121.32566265820056,25.123458674071625],[121.3346558618378,25.123458674071625],[121.3346558618378,25.11446547043438],[121.32566265820056,25.11446547043438]]]}},{"type":"Feature","properties":{"jobs":0,"pop":68,"pointCount":1,"homeWorkCommuteMedian":13853,"workHomeCommuteMedian":-1},"geometry":{"type":"Polygon","coordinates":[[[121.3346558618378,24.844669361317],[121.3346558618378,24.853662564954245],[121.34364906547505,24.853662564954245],[121.34364906547505,24.844669361317],[121.3346558618378,24.844669361317]]]}},{"type":"Feature","properties":{"jobs":0,"pop":58,"pointCount":1,"homeWorkCommuteMedian":12274,"workHomeCommuteMedian":-1},"geometry":{"type":"Polygon","coordinates":[[[121.3346558618378,24.880642175865983],[121.3346558618378,24.88963537950323],[121.34364906547505,24.88963537950323],[121.34364906547505,24.880642175865983],[121.3346558618378,24.880642175865983]]]}},{"type":"Feature","properties":{"jobs":0,"pop":27,"pointCount":1,"homeWorkCommuteMedian":27105,"workHomeCommuteMedian":-1},"geometry":{"type":"Polygon","coordinates":[[[121.3346558618378,24.898628583140475],[121.3346558618378,24.90762178677772],[121.34364906547505,24.90762178677772],[121.34364906547505,24.898628583140475],[121.3346558618378,24.898628583140475]]]}},{"type":"Feature","properties":{"jobs":52,"pop":327,"pointCount":2,"homeWorkCommuteMedian":34436,"workHomeCommuteMedian":4016},"geometry":{"type":"Polygon","coordinates":[[[121.3346558618378,24.90762178677772],[121.3346558618378,24.916614990414967],[121.34364906547505,24.916614990414967],[121.34364906547505,24.90762178677772],[121.3346558618378,24.90762178677772]]]}},{"type":"Feature","properties":{"jobs":884,"pop":74,"pointCount":3,"homeWorkCommuteMedian":25318,"workHomeCommuteMedian":4126},"geometry":{"type":"Polygon","coordinates":[[[121.3346558618378,24.925608194052213],[121.3346558618378,24.93460139768946],[121.34364906547505,24.93460139768946],[121.34364906547505,24.925608194052213],[121.3346558618378,24.925608194052213]]]}},{"type":"Feature","properties":{"jobs":2643,"pop":4507,"pointCount":6,"homeWorkCommuteMedian":7629,"workHomeCommuteMedian":9854},"geometry":{"type":"Polygon","coordinates":[[[121.3346558618378,24.93460139768946],[121.3346558618378,24.943594601326705],[121.34364906547505,24.943594601326705],[121.34364906547505,24.93460139768946],[121.3346558618378,24.93460139768946]]]}},{"type":"Feature","properties":{"jobs":2523,"pop":3606,"pointCount":9,"homeWorkCommuteMedian":24014,"workHomeCommuteMedian":4671},"geometry":{"type":"Polygon","coordinates":[[[121.3346558618378,24.943594601326705],[121.3346558618378,24.95258780496395],[121.34364906547505,24.95258780496395],[121.34364906547505,24.943594601326705],[121.3346558618378,24.943594601326705]]]}},{"type":"Feature","properties":{"jobs":3840,"pop":8709,"pointCount":13,"homeWorkCommuteMedian":17132,"workHomeCommuteMedian":6330},"geometry":{"type":"Polygon","coordinates":[[[121.3346558618378,24.95258780496395],[121.3346558618378,24.961581008601197],[121.34364906547505,24.961581008601197],[121.34364906547505,24.95258780496395],[121.3346558618378,24.95258780496395]]]}},{"type":"Feature","properties":{"jobs":1805,"pop":1153,"pointCount":5,"homeWorkCommuteMedian":14829,"workHomeCommuteMedian":2581},"geometry":{"type":"Polygon","coordinates":[[[121.3346558618378,24.961581008601197],[121.3346558618378,24.970574212238443],[121.34364906547505,24.970574212238443],[121.34364906547505,24.961581008601197],[121.3346558618378,24.961581008601197]]]}},{"type":"Feature","properties":{"jobs":786,"pop":4239,"pointCount":9,"homeWorkCommuteMedian":18434,"workHomeCommuteMedian":9143},"geometry":{"type":"Polygon","coordinates":[[[121.3346558618378,24.970574212238443],[121.3346558618378,24.97956741587569],[121.34364906547505,24.97956741587569],[121.34364906547505,24.970574212238443],[121.3346558618378,24.970574212238443]]]}},{"type":"Feature","properties":{"jobs":489,"pop":3212,"pointCount":4,"homeWorkCommuteMedian":18008,"workHomeCommuteMedian":9200},"geometry":{"type":"Polygon","coordinates":[[[121.3346558618378,24.97956741587569],[121.3346558618378,24.988560619512935],[121.34364906547505,24.988560619512935],[121.34364906547505,24.97956741587569],[121.3346558618378,24.97956741587569]]]}},{"type":"Feature","properties":{"jobs":4570,"pop":8530,"pointCount":14,"homeWorkCommuteMedian":9312,"workHomeCommuteMedian":9976},"geometry":{"type":"Polygon","coordinates":[[[121.3346558618378,24.988560619512935],[121.3346558618378,24.99755382315018],[121.34364906547505,24.99755382315018],[121.34364906547505,24.988560619512935],[121.3346558618378,24.988560619512935]]]}},{"type":"Feature","properties":{"jobs":1115,"pop":5215,"pointCount":7,"homeWorkCommuteMedian":10272,"workHomeCommuteMedian":7059},"geometry":{"type":"Polygon","coordinates":[[[121.3346558618378,24.99755382315018],[121.3346558618378,25.006547026787427],[121.34364906547505,25.006547026787427],[121.34364906547505,24.99755382315018],[121.3346558618378,24.99755382315018]]]}},{"type":"Feature","properties":{"jobs":390,"pop":1996,"pointCount":9,"homeWorkCommuteMedian":8916,"workHomeCommuteMedian":10092},"geometry":{"type":"Polygon","coordinates":[[[121.3346558618378,25.006547026787427],[121.3346558618378,25.015540230424673],[121.34364906547505,25.015540230424673],[121.34364906547505,25.006547026787427],[121.3346558618378,25.006547026787427]]]}},{"type":"Feature","properties":{"jobs":0,"pop":30,"pointCount":1,"homeWorkCommuteMedian":12824,"workHomeCommuteMedian":-1},"geometry":{"type":"Polygon","coordinates":[[[121.3346558618378,25.02453343406192],[121.3346558618378,25.033526637699165],[121.34364906547505,25.033526637699165],[121.34364906547505,25.02453343406192],[121.3346558618378,25.02453343406192]]]}},{"type":"Feature","properties":{"jobs":244,"pop":0,"pointCount":2,"homeWorkCommuteMedian":-1,"workHomeCommuteMedian":13498},"geometry":{"type":"Polygon","coordinates":[[[121.3346558618378,25.04251984133641],[121.3346558618378,25.051513044973657],[121.34364906547505,25.051513044973657],[121.34364906547505,25.04251984133641],[121.3346558618378,25.04251984133641]]]}},{"type":"Feature","properties":{"jobs":843,"pop":195,"pointCount":5,"homeWorkCommuteMedian":14721,"workHomeCommuteMedian":11882},"geometry":{"type":"Polygon","coordinates":[[[121.3346558618378,25.051513044973657],[121.3346558618378,25.060506248610903],[121.34364906547505,25.060506248610903],[121.34364906547505,25.051513044973657],[121.3346558618378,25.051513044973657]]]}},{"type":"Feature","properties":{"jobs":212,"pop":0,"pointCount":4,"homeWorkCommuteMedian":-1,"workHomeCommuteMedian":11079},"geometry":{"type":"Polygon","coordinates":[[[121.3346558618378,25.060506248610903],[121.3346558618378,25.06949945224815],[121.34364906547505,25.06949945224815],[121.34364906547505,25.060506248610903],[121.3346558618378,25.060506248610903]]]}},{"type":"Feature","properties":{"jobs":0,"pop":323,"pointCount":2,"homeWorkCommuteMedian":14631,"workHomeCommuteMedian":-1},"geometry":{"type":"Polygon","coordinates":[[[121.3346558618378,25.06949945224815],[121.3346558618378,25.078492655885395],[121.34364906547505,25.078492655885395],[121.34364906547505,25.06949945224815],[121.3346558618378,25.06949945224815]]]}},{"type":"Feature","properties":{"jobs":122,"pop":89,"pointCount":2,"homeWorkCommuteMedian":30376,"workHomeCommuteMedian":27842},"geometry":{"type":"Polygon","coordinates":[[[121.3346558618378,25.078492655885395],[121.3346558618378,25.08748585952264],[121.34364906547505,25.08748585952264],[121.34364906547505,25.078492655885395],[121.3346558618378,25.078492655885395]]]}},{"type":"Feature","properties":{"jobs":49,"pop":260,"pointCount":4,"homeWorkCommuteMedian":8610,"workHomeCommuteMedian":5379},"geometry":{"type":"Polygon","coordinates":[[[121.3346558618378,25.08748585952264],[121.3346558618378,25.096479063159887],[121.34364906547505,25.096479063159887],[121.34364906547505,25.08748585952264],[121.3346558618378,25.08748585952264]]]}},{"type":"Feature","properties":{"jobs":191,"pop":0,"pointCount":3,"homeWorkCommuteMedian":-1,"workHomeCommuteMedian":7477},"geometry":{"type":"Polygon","coordinates":[[[121.3346558618378,25.096479063159887],[121.3346558618378,25.105472266797133],[121.34364906547505,25.105472266797133],[121.34364906547505,25.096479063159887],[121.3346558618378,25.096479063159887]]]}},{"type":"Feature","properties":{"jobs":0,"pop":161,"pointCount":1,"homeWorkCommuteMedian":33037,"workHomeCommuteMedian":-1},"geometry":{"type":"Polygon","coordinates":[[[121.3346558618378,25.105472266797133],[121.3346558618378,25.11446547043438],[121.34364906547505,25.11446547043438],[121.34364906547505,25.105472266797133],[121.3346558618378,25.105472266797133]]]}},{"type":"Feature","properties":{"jobs":54,"pop":0,"pointCount":1,"homeWorkCommuteMedian":-1,"workHomeCommuteMedian":29320},"geometry":{"type":"Polygon","coordinates":[[[121.3346558618378,25.123458674071625],[121.3346558618378,25.13245187770887],[121.34364906547505,25.13245187770887],[121.34364906547505,25.123458674071625],[121.3346558618378,25.123458674071625]]]}},{"type":"Feature","properties":{"jobs":0,"pop":69,"pointCount":1,"homeWorkCommuteMedian":35258,"workHomeCommuteMedian":-1},"geometry":{"type":"Polygon","coordinates":[[[121.34364906547505,24.853662564954245],[121.34364906547505,24.86265576859149],[121.3526422691123,24.86265576859149],[121.3526422691123,24.853662564954245],[121.34364906547505,24.853662564954245]]]}},{"type":"Feature","properties":{"jobs":0,"pop":102,"pointCount":1,"homeWorkCommuteMedian":42502,"workHomeCommuteMedian":-1},"geometry":{"type":"Polygon","coordinates":[[[121.34364906547505,24.86265576859149],[121.34364906547505,24.871648972228737],[121.3526422691123,24.871648972228737],[121.3526422691123,24.86265576859149],[121.34364906547505,24.86265576859149]]]}},{"type":"Feature","properties":{"jobs":0,"pop":30,"pointCount":1,"homeWorkCommuteMedian":51640,"workHomeCommuteMedian":-1},"geometry":{"type":"Polygon","coordinates":[[[121.34364906547505,24.871648972228737],[121.34364906547505,24.880642175865983],[121.3526422691123,24.880642175865983],[121.3526422691123,24.871648972228737],[121.34364906547505,24.871648972228737]]]}},{"type":"Feature","properties":{"jobs":0,"pop":126,"pointCount":1,"homeWorkCommuteMedian":47322,"workHomeCommuteMedian":-1},"geometry":{"type":"Polygon","coordinates":[[[121.34364906547505,24.898628583140475],[121.34364906547505,24.90762178677772],[121.3526422691123,24.90762178677772],[121.3526422691123,24.898628583140475],[121.34364906547505,24.898628583140475]]]}},{"type":"Feature","properties":{"jobs":0,"pop":136,"pointCount":1,"homeWorkCommuteMedian":30609,"workHomeCommuteMedian":-1},"geometry":{"type":"Polygon","coordinates":[[[121.34364906547505,24.925608194052213],[121.34364906547505,24.93460139768946],[121.3526422691123,24.93460139768946],[121.3526422691123,24.925608194052213],[121.34364906547505,24.925608194052213]]]}},{"type":"Feature","properties":{"jobs":283,"pop":149,"pointCount":4,"homeWorkCommuteMedian":9497,"workHomeCommuteMedian":2343},"geometry":{"type":"Polygon","coordinates":[[[121.34364906547505,24.93460139768946],[121.34364906547505,24.943594601326705],[121.3526422691123,24.943594601326705],[121.3526422691123,24.93460139768946],[121.34364906547505,24.93460139768946]]]}},{"type":"Feature","properties":{"jobs":4052,"pop":4341,"pointCount":9,"homeWorkCommuteMedian":20991,"workHomeCommuteMedian":6990},"geometry":{"type":"Polygon","coordinates":[[[121.34364906547505,24.943594601326705],[121.34364906547505,24.95258780496395],[121.3526422691123,24.95258780496395],[121.3526422691123,24.943594601326705],[121.34364906547505,24.943594601326705]]]}},{"type":"Feature","properties":{"jobs":5537,"pop":7995,"pointCount":9,"homeWorkCommuteMedian":12868,"workHomeCommuteMedian":8779},"geometry":{"type":"Polygon","coordinates":[[[121.34364906547505,24.95258780496395],[121.34364906547505,24.961581008601197],[121.3526422691123,24.961581008601197],[121.3526422691123,24.95258780496395],[121.34364906547505,24.95258780496395]]]}},{"type":"Feature","properties":{"jobs":305,"pop":576,"pointCount":3,"homeWorkCommuteMedian":3043,"workHomeCommuteMedian":30732},"geometry":{"type":"Polygon","coordinates":[[[121.34364906547505,24.961581008601197],[121.34364906547505,24.970574212238443],[121.3526422691123,24.970574212238443],[121.3526422691123,24.961581008601197],[121.34364906547505,24.961581008601197]]]}},{"type":"Feature","properties":{"jobs":772,"pop":678,"pointCount":4,"homeWorkCommuteMedian":29989,"workHomeCommuteMedian":3491},"geometry":{"type":"Polygon","coordinates":[[[121.34364906547505,24.970574212238443],[121.34364906547505,24.97956741587569],[121.3526422691123,24.97956741587569],[121.3526422691123,24.970574212238443],[121.34364906547505,24.970574212238443]]]}},{"type":"Feature","properties":{"jobs":966,"pop":2011,"pointCount":11,"homeWorkCommuteMedian":11035,"workHomeCommuteMedian":10674},"geometry":{"type":"Polygon","coordinates":[[[121.34364906547505,24.97956741587569],[121.34364906547505,24.988560619512935],[121.3526422691123,24.988560619512935],[121.3526422691123,24.97956741587569],[121.34364906547505,24.97956741587569]]]}},{"type":"Feature","properties":{"jobs":284,"pop":892,"pointCount":2,"homeWorkCommuteMedian":10066,"workHomeCommuteMedian":20524},"geometry":{"type":"Polygon","coordinates":[[[121.34364906547505,24.988560619512935],[121.34364906547505,24.99755382315018],[121.3526422691123,24.99755382315018],[121.3526422691123,24.988560619512935],[121.34364906547505,24.988560619512935]]]}},{"type":"Feature","properties":{"jobs":1993,"pop":4361,"pointCount":11,"homeWorkCommuteMedian":8992,"workHomeCommuteMedian":10897},"geometry":{"type":"Polygon","coordinates":[[[121.34364906547505,24.99755382315018],[121.34364906547505,25.006547026787427],[121.3526422691123,25.006547026787427],[121.3526422691123,24.99755382315018],[121.34364906547505,24.99755382315018]]]}},{"type":"Feature","properties":{"jobs":1684,"pop":360,"pointCount":4,"homeWorkCommuteMedian":24512,"workHomeCommuteMedian":8160},"geometry":{"type":"Polygon","coordinates":[[[121.34364906547505,25.006547026787427],[121.34364906547505,25.015540230424673],[121.3526422691123,25.015540230424673],[121.3526422691123,25.006547026787427],[121.34364906547505,25.006547026787427]]]}},{"type":"Feature","properties":{"jobs":674,"pop":129,"pointCount":3,"homeWorkCommuteMedian":17528,"workHomeCommuteMedian":7431},"geometry":{"type":"Polygon","coordinates":[[[121.34364906547505,25.015540230424673],[121.34364906547505,25.02453343406192],[121.3526422691123,25.02453343406192],[121.3526422691123,25.015540230424673],[121.34364906547505,25.015540230424673]]]}},{"type":"Feature","properties":{"jobs":1002,"pop":243,"pointCount":8,"homeWorkCommuteMedian":16936,"workHomeCommuteMedian":14592},"geometry":{"type":"Polygon","coordinates":[[[121.34364906547505,25.02453343406192],[121.34364906547505,25.033526637699165],[121.3526422691123,25.033526637699165],[121.3526422691123,25.02453343406192],[121.34364906547505,25.02453343406192]]]}},{"type":"Feature","properties":{"jobs":1001,"pop":559,"pointCount":5,"homeWorkCommuteMedian":7231,"workHomeCommuteMedian":8614},"geometry":{"type":"Polygon","coordinates":[[[121.34364906547505,25.033526637699165],[121.34364906547505,25.04251984133641],[121.3526422691123,25.04251984133641],[121.3526422691123,25.033526637699165],[121.34364906547505,25.033526637699165]]]}},{"type":"Feature","properties":{"jobs":1955,"pop":27,"pointCount":8,"homeWorkCommuteMedian":8971,"workHomeCommuteMedian":13068},"geometry":{"type":"Polygon","coordinates":[[[121.34364906547505,25.04251984133641],[121.34364906547505,25.051513044973657],[121.3526422691123,25.051513044973657],[121.3526422691123,25.04251984133641],[121.34364906547505,25.04251984133641]]]}},{"type":"Feature","properties":{"jobs":2874,"pop":0,"pointCount":4,"homeWorkCommuteMedian":-1,"workHomeCommuteMedian":10719},"geometry":{"type":"Polygon","coordinates":[[[121.34364906547505,25.051513044973657],[121.34364906547505,25.060506248610903],[121.3526422691123,25.060506248610903],[121.3526422691123,25.051513044973657],[121.34364906547505,25.051513044973657]]]}},{"type":"Feature","properties":{"jobs":1321,"pop":0,"pointCount":3,"homeWorkCommuteMedian":-1,"workHomeCommuteMedian":27335},"geometry":{"type":"Polygon","coordinates":[[[121.34364906547505,25.060506248610903],[121.34364906547505,25.06949945224815],[121.3526422691123,25.06949945224815],[121.3526422691123,25.060506248610903],[121.34364906547505,25.060506248610903]]]}},{"type":"Feature","properties":{"jobs":158,"pop":0,"pointCount":1,"homeWorkCommuteMedian":-1,"workHomeCommuteMedian":31528},"geometry":{"type":"Polygon","coordinates":[[[121.34364906547505,25.06949945224815],[121.34364906547505,25.078492655885395],[121.3526422691123,25.078492655885395],[121.3526422691123,25.06949945224815],[121.34364906547505,25.06949945224815]]]}},{"type":"Feature","properties":{"jobs":1511,"pop":253,"pointCount":5,"homeWorkCommuteMedian":23590,"workHomeCommuteMedian":10938},"geometry":{"type":"Polygon","coordinates":[[[121.34364906547505,25.078492655885395],[121.34364906547505,25.08748585952264],[121.3526422691123,25.08748585952264],[121.3526422691123,25.078492655885395],[121.34364906547505,25.078492655885395]]]}},{"type":"Feature","properties":{"jobs":0,"pop":51,"pointCount":1,"homeWorkCommuteMedian":15258,"workHomeCommuteMedian":-1},"geometry":{"type":"Polygon","coordinates":[[[121.34364906547505,25.08748585952264],[121.34364906547505,25.096479063159887],[121.3526422691123,25.096479063159887],[121.3526422691123,25.08748585952264],[121.34364906547505,25.08748585952264]]]}},{"type":"Feature","properties":{"jobs":0,"pop":32,"pointCount":1,"homeWorkCommuteMedian":21823,"workHomeCommuteMedian":-1},"geometry":{"type":"Polygon","coordinates":[[[121.34364906547505,25.096479063159887],[121.34364906547505,25.105472266797133],[121.3526422691123,25.105472266797133],[121.3526422691123,25.096479063159887],[121.34364906547505,25.096479063159887]]]}},{"type":"Feature","properties":{"jobs":0,"pop":225,"pointCount":1,"homeWorkCommuteMedian":31111,"workHomeCommuteMedian":-1},"geometry":{"type":"Polygon","coordinates":[[[121.34364906547505,25.11446547043438],[121.34364906547505,25.123458674071625],[121.3526422691123,25.123458674071625],[121.3526422691123,25.11446547043438],[121.34364906547505,25.11446547043438]]]}},{"type":"Feature","properties":{"jobs":28,"pop":58,"pointCount":3,"homeWorkCommuteMedian":33852,"workHomeCommuteMedian":13120},"geometry":{"type":"Polygon","coordinates":[[[121.34364906547505,25.123458674071625],[121.34364906547505,25.13245187770887],[121.3526422691123,25.13245187770887],[121.3526422691123,25.123458674071625],[121.34364906547505,25.123458674071625]]]}},{"type":"Feature","properties":{"jobs":0,"pop":42,"pointCount":1,"homeWorkCommuteMedian":59456,"workHomeCommuteMedian":-1},"geometry":{"type":"Polygon","coordinates":[[[121.3526422691123,24.844669361317],[121.3526422691123,24.853662564954245],[121.36163547274954,24.853662564954245],[121.36163547274954,24.844669361317],[121.3526422691123,24.844669361317]]]}},{"type":"Feature","properties":{"jobs":129,"pop":626,"pointCount":5,"homeWorkCommuteMedian":31012,"workHomeCommuteMedian":80239},"geometry":{"type":"Polygon","coordinates":[[[121.3526422691123,24.898628583140475],[121.3526422691123,24.90762178677772],[121.36163547274954,24.90762178677772],[121.36163547274954,24.898628583140475],[121.3526422691123,24.898628583140475]]]}},{"type":"Feature","properties":{"jobs":61,"pop":1774,"pointCount":7,"homeWorkCommuteMedian":23031,"workHomeCommuteMedian":3422},"geometry":{"type":"Polygon","coordinates":[[[121.3526422691123,24.90762178677772],[121.3526422691123,24.916614990414967],[121.36163547274954,24.916614990414967],[121.36163547274954,24.90762178677772],[121.3526422691123,24.90762178677772]]]}},{"type":"Feature","properties":{"jobs":45,"pop":173,"pointCount":2,"homeWorkCommuteMedian":15280,"workHomeCommuteMedian":10886},"geometry":{"type":"Polygon","coordinates":[[[121.3526422691123,24.916614990414967],[121.3526422691123,24.925608194052213],[121.36163547274954,24.925608194052213],[121.36163547274954,24.916614990414967],[121.3526422691123,24.916614990414967]]]}},{"type":"Feature","properties":{"jobs":0,"pop":57,"pointCount":1,"homeWorkCommuteMedian":24413,"workHomeCommuteMedian":-1},"geometry":{"type":"Polygon","coordinates":[[[121.3526422691123,24.925608194052213],[121.3526422691123,24.93460139768946],[121.36163547274954,24.93460139768946],[121.36163547274954,24.925608194052213],[121.3526422691123,24.925608194052213]]]}},{"type":"Feature","properties":{"jobs":1613,"pop":2057,"pointCount":8,"homeWorkCommuteMedian":19123,"workHomeCommuteMedian":6142},"geometry":{"type":"Polygon","coordinates":[[[121.3526422691123,24.93460139768946],[121.3526422691123,24.943594601326705],[121.36163547274954,24.943594601326705],[121.36163547274954,24.93460139768946],[121.3526422691123,24.93460139768946]]]}},{"type":"Feature","properties":{"jobs":897,"pop":1098,"pointCount":5,"homeWorkCommuteMedian":3639,"workHomeCommuteMedian":3518},"geometry":{"type":"Polygon","coordinates":[[[121.3526422691123,24.943594601326705],[121.3526422691123,24.95258780496395],[121.36163547274954,24.95258780496395],[121.36163547274954,24.943594601326705],[121.3526422691123,24.943594601326705]]]}},{"type":"Feature","properties":{"jobs":3087,"pop":3519,"pointCount":10,"homeWorkCommuteMedian":17155,"workHomeCommuteMedian":4686},"geometry":{"type":"Polygon","coordinates":[[[121.3526422691123,24.95258780496395],[121.3526422691123,24.961581008601197],[121.36163547274954,24.961581008601197],[121.36163547274954,24.95258780496395],[121.3526422691123,24.95258780496395]]]}},{"type":"Feature","properties":{"jobs":264,"pop":72,"pointCount":3,"homeWorkCommuteMedian":35884,"workHomeCommuteMedian":29104},"geometry":{"type":"Polygon","coordinates":[[[121.3526422691123,24.970574212238443],[121.3526422691123,24.97956741587569],[121.36163547274954,24.97956741587569],[121.36163547274954,24.970574212238443],[121.3526422691123,24.970574212238443]]]}},{"type":"Feature","properties":{"jobs":389,"pop":497,"pointCount":6,"homeWorkCommuteMedian":26570,"workHomeCommuteMedian":7918},"geometry":{"type":"Polygon","coordinates":[[[121.3526422691123,24.97956741587569],[121.3526422691123,24.988560619512935],[121.36163547274954,24.988560619512935],[121.36163547274954,24.97956741587569],[121.3526422691123,24.97956741587569]]]}},{"type":"Feature","properties":{"jobs":459,"pop":2545,"pointCount":9,"homeWorkCommuteMedian":11422,"workHomeCommuteMedian":17195},"geometry":{"type":"Polygon","coordinates":[[[121.3526422691123,24.988560619512935],[121.3526422691123,24.99755382315018],[121.36163547274954,24.99755382315018],[121.36163547274954,24.988560619512935],[121.3526422691123,24.988560619512935]]]}},{"type":"Feature","properties":{"jobs":2010,"pop":1228,"pointCount":7,"homeWorkCommuteMedian":8919,"workHomeCommuteMedian":8018},"geometry":{"type":"Polygon","coordinates":[[[121.3526422691123,24.99755382315018],[121.3526422691123,25.006547026787427],[121.36163547274954,25.006547026787427],[121.36163547274954,24.99755382315018],[121.3526422691123,24.99755382315018]]]}},{"type":"Feature","properties":{"jobs":288,"pop":97,"pointCount":3,"homeWorkCommuteMedian":11627,"workHomeCommuteMedian":10126},"geometry":{"type":"Polygon","coordinates":[[[121.3526422691123,25.006547026787427],[121.3526422691123,25.015540230424673],[121.36163547274954,25.015540230424673],[121.36163547274954,25.006547026787427],[121.3526422691123,25.006547026787427]]]}},{"type":"Feature","properties":{"jobs":388,"pop":334,"pointCount":5,"homeWorkCommuteMedian":9455,"workHomeCommuteMedian":9867},"geometry":{"type":"Polygon","coordinates":[[[121.3526422691123,25.015540230424673],[121.3526422691123,25.02453343406192],[121.36163547274954,25.02453343406192],[121.36163547274954,25.015540230424673],[121.3526422691123,25.015540230424673]]]}},{"type":"Feature","properties":{"jobs":1085,"pop":0,"pointCount":6,"homeWorkCommuteMedian":-1,"workHomeCommuteMedian":8492},"geometry":{"type":"Polygon","coordinates":[[[121.3526422691123,25.02453343406192],[121.3526422691123,25.033526637699165],[121.36163547274954,25.033526637699165],[121.36163547274954,25.02453343406192],[121.3526422691123,25.02453343406192]]]}},{"type":"Feature","properties":{"jobs":1334,"pop":125,"pointCount":5,"homeWorkCommuteMedian":38502,"workHomeCommuteMedian":12613},"geometry":{"type":"Polygon","coordinates":[[[121.3526422691123,25.033526637699165],[121.3526422691123,25.04251984133641],[121.36163547274954,25.04251984133641],[121.36163547274954,25.033526637699165],[121.3526422691123,25.033526637699165]]]}},{"type":"Feature","properties":{"jobs":2720,"pop":1419,"pointCount":8,"homeWorkCommuteMedian":7777,"workHomeCommuteMedian":8646},"geometry":{"type":"Polygon","coordinates":[[[121.3526422691123,25.04251984133641],[121.3526422691123,25.051513044973657],[121.36163547274954,25.051513044973657],[121.36163547274954,25.04251984133641],[121.3526422691123,25.04251984133641]]]}},{"type":"Feature","properties":{"jobs":3348,"pop":3676,"pointCount":10,"homeWorkCommuteMedian":4749,"workHomeCommuteMedian":10069},"geometry":{"type":"Polygon","coordinates":[[[121.3526422691123,25.051513044973657],[121.3526422691123,25.060506248610903],[121.36163547274954,25.060506248610903],[121.36163547274954,25.051513044973657],[121.3526422691123,25.051513044973657]]]}},{"type":"Feature","properties":{"jobs":6682,"pop":2719,"pointCount":10,"homeWorkCommuteMedian":18640,"workHomeCommuteMedian":10788},"geometry":{"type":"Polygon","coordinates":[[[121.3526422691123,25.060506248610903],[121.3526422691123,25.06949945224815],[121.36163547274954,25.06949945224815],[121.36163547274954,25.060506248610903],[121.3526422691123,25.060506248610903]]]}},{"type":"Feature","properties":{"jobs":2751,"pop":2173,"pointCount":7,"homeWorkCommuteMedian":6059,"workHomeCommuteMedian":9893},"geometry":{"type":"Polygon","coordinates":[[[121.3526422691123,25.06949945224815],[121.3526422691123,25.078492655885395],[121.36163547274954,25.078492655885395],[121.36163547274954,25.06949945224815],[121.3526422691123,25.06949945224815]]]}},{"type":"Feature","properties":{"jobs":306,"pop":408,"pointCount":3,"homeWorkCommuteMedian":7608,"workHomeCommuteMedian":2187},"geometry":{"type":"Polygon","coordinates":[[[121.3526422691123,25.078492655885395],[121.3526422691123,25.08748585952264],[121.36163547274954,25.08748585952264],[121.36163547274954,25.078492655885395],[121.3526422691123,25.078492655885395]]]}},{"type":"Feature","properties":{"jobs":0,"pop":41,"pointCount":1,"homeWorkCommuteMedian":24370,"workHomeCommuteMedian":-1},"geometry":{"type":"Polygon","coordinates":[[[121.3526422691123,25.08748585952264],[121.3526422691123,25.096479063159887],[121.36163547274954,25.096479063159887],[121.36163547274954,25.08748585952264],[121.3526422691123,25.08748585952264]]]}},{"type":"Feature","properties":{"jobs":36,"pop":77,"pointCount":2,"homeWorkCommuteMedian":18766,"workHomeCommuteMedian":4488},"geometry":{"type":"Polygon","coordinates":[[[121.3526422691123,25.096479063159887],[121.3526422691123,25.105472266797133],[121.36163547274954,25.105472266797133],[121.36163547274954,25.096479063159887],[121.3526422691123,25.096479063159887]]]}},{"type":"Feature","properties":{"jobs":0,"pop":122,"pointCount":2,"homeWorkCommuteMedian":28134,"workHomeCommuteMedian":-1},"geometry":{"type":"Polygon","coordinates":[[[121.3526422691123,25.11446547043438],[121.3526422691123,25.123458674071625],[121.36163547274954,25.123458674071625],[121.36163547274954,25.11446547043438],[121.3526422691123,25.11446547043438]]]}},{"type":"Feature","properties":{"jobs":0,"pop":35,"pointCount":1,"homeWorkCommuteMedian":27668,"workHomeCommuteMedian":-1},"geometry":{"type":"Polygon","coordinates":[[[121.3526422691123,25.123458674071625],[121.3526422691123,25.13245187770887],[121.36163547274954,25.13245187770887],[121.36163547274954,25.123458674071625],[121.3526422691123,25.123458674071625]]]}},{"type":"Feature","properties":{"jobs":32,"pop":81,"pointCount":1,"homeWorkCommuteMedian":40597,"workHomeCommuteMedian":31914},"geometry":{"type":"Polygon","coordinates":[[[121.36163547274954,24.853662564954245],[121.36163547274954,24.86265576859149],[121.37062867638679,24.86265576859149],[121.37062867638679,24.853662564954245],[121.36163547274954,24.853662564954245]]]}},{"type":"Feature","properties":{"jobs":0,"pop":101,"pointCount":2,"homeWorkCommuteMedian":11405,"workHomeCommuteMedian":-1},"geometry":{"type":"Polygon","coordinates":[[[121.36163547274954,24.86265576859149],[121.36163547274954,24.871648972228737],[121.37062867638679,24.871648972228737],[121.37062867638679,24.86265576859149],[121.36163547274954,24.86265576859149]]]}},{"type":"Feature","properties":{"jobs":313,"pop":54,"pointCount":5,"homeWorkCommuteMedian":510,"workHomeCommuteMedian":6928},"geometry":{"type":"Polygon","coordinates":[[[121.36163547274954,24.88963537950323],[121.36163547274954,24.898628583140475],[121.37062867638679,24.898628583140475],[121.37062867638679,24.88963537950323],[121.36163547274954,24.88963537950323]]]}},{"type":"Feature","properties":{"jobs":985,"pop":514,"pointCount":9,"homeWorkCommuteMedian":5583,"workHomeCommuteMedian":26515},"geometry":{"type":"Polygon","coordinates":[[[121.36163547274954,24.898628583140475],[121.36163547274954,24.90762178677772],[121.37062867638679,24.90762178677772],[121.37062867638679,24.898628583140475],[121.36163547274954,24.898628583140475]]]}},{"type":"Feature","properties":{"jobs":325,"pop":1202,"pointCount":9,"homeWorkCommuteMedian":8500,"workHomeCommuteMedian":4274},"geometry":{"type":"Polygon","coordinates":[[[121.36163547274954,24.90762178677772],[121.36163547274954,24.916614990414967],[121.37062867638679,24.916614990414967],[121.37062867638679,24.90762178677772],[121.36163547274954,24.90762178677772]]]}},{"type":"Feature","properties":{"jobs":863,"pop":1291,"pointCount":11,"homeWorkCommuteMedian":7326,"workHomeCommuteMedian":4426},"geometry":{"type":"Polygon","coordinates":[[[121.36163547274954,24.916614990414967],[121.36163547274954,24.925608194052213],[121.37062867638679,24.925608194052213],[121.37062867638679,24.916614990414967],[121.36163547274954,24.916614990414967]]]}},{"type":"Feature","properties":{"jobs":2180,"pop":4555,"pointCount":9,"homeWorkCommuteMedian":6084,"workHomeCommuteMedian":2522},"geometry":{"type":"Polygon","coordinates":[[[121.36163547274954,24.925608194052213],[121.36163547274954,24.93460139768946],[121.37062867638679,24.93460139768946],[121.37062867638679,24.925608194052213],[121.36163547274954,24.925608194052213]]]}},{"type":"Feature","properties":{"jobs":9941,"pop":6645,"pointCount":11,"homeWorkCommuteMedian":11447,"workHomeCommuteMedian":15495},"geometry":{"type":"Polygon","coordinates":[[[121.36163547274954,24.93460139768946],[121.36163547274954,24.943594601326705],[121.37062867638679,24.943594601326705],[121.37062867638679,24.93460139768946],[121.36163547274954,24.93460139768946]]]}},{"type":"Feature","properties":{"jobs":637,"pop":352,"pointCount":5,"homeWorkCommuteMedian":10227,"workHomeCommuteMedian":9698},"geometry":{"type":"Polygon","coordinates":[[[121.36163547274954,24.943594601326705],[121.36163547274954,24.95258780496395],[121.37062867638679,24.95258780496395],[121.37062867638679,24.943594601326705],[121.36163547274954,24.943594601326705]]]}},{"type":"Feature","properties":{"jobs":220,"pop":198,"pointCount":4,"homeWorkCommuteMedian":29358,"workHomeCommuteMedian":6368},"geometry":{"type":"Polygon","coordinates":[[[121.36163547274954,24.95258780496395],[121.36163547274954,24.961581008601197],[121.37062867638679,24.961581008601197],[121.37062867638679,24.95258780496395],[121.36163547274954,24.95258780496395]]]}},{"type":"Feature","properties":{"jobs":39,"pop":95,"pointCount":2,"homeWorkCommuteMedian":13025,"workHomeCommuteMedian":9814},"geometry":{"type":"Polygon","coordinates":[[[121.36163547274954,24.961581008601197],[121.36163547274954,24.970574212238443],[121.37062867638679,24.970574212238443],[121.37062867638679,24.961581008601197],[121.36163547274954,24.961581008601197]]]}},{"type":"Feature","properties":{"jobs":31,"pop":0,"pointCount":1,"homeWorkCommuteMedian":-1,"workHomeCommuteMedian":29536},"geometry":{"type":"Polygon","coordinates":[[[121.36163547274954,24.970574212238443],[121.36163547274954,24.97956741587569],[121.37062867638679,24.97956741587569],[121.37062867638679,24.970574212238443],[121.36163547274954,24.970574212238443]]]}},{"type":"Feature","properties":{"jobs":47,"pop":0,"pointCount":1,"homeWorkCommuteMedian":-1,"workHomeCommuteMedian":12634},"geometry":{"type":"Polygon","coordinates":[[[121.36163547274954,24.97956741587569],[121.36163547274954,24.988560619512935],[121.37062867638679,24.988560619512935],[121.37062867638679,24.97956741587569],[121.36163547274954,24.97956741587569]]]}},{"type":"Feature","properties":{"jobs":234,"pop":1000,"pointCount":7,"homeWorkCommuteMedian":12505,"workHomeCommuteMedian":8174},"geometry":{"type":"Polygon","coordinates":[[[121.36163547274954,24.988560619512935],[121.36163547274954,24.99755382315018],[121.37062867638679,24.99755382315018],[121.37062867638679,24.988560619512935],[121.36163547274954,24.988560619512935]]]}},{"type":"Feature","properties":{"jobs":885,"pop":3825,"pointCount":6,"homeWorkCommuteMedian":11586,"workHomeCommuteMedian":11412},"geometry":{"type":"Polygon","coordinates":[[[121.36163547274954,24.99755382315018],[121.36163547274954,25.006547026787427],[121.37062867638679,25.006547026787427],[121.37062867638679,24.99755382315018],[121.36163547274954,24.99755382315018]]]}},{"type":"Feature","properties":{"jobs":41,"pop":267,"pointCount":1,"homeWorkCommuteMedian":14388,"workHomeCommuteMedian":34823},"geometry":{"type":"Polygon","coordinates":[[[121.36163547274954,25.006547026787427],[121.36163547274954,25.015540230424673],[121.37062867638679,25.015540230424673],[121.37062867638679,25.006547026787427],[121.36163547274954,25.006547026787427]]]}},{"type":"Feature","properties":{"jobs":3920,"pop":397,"pointCount":6,"homeWorkCommuteMedian":14149,"workHomeCommuteMedian":11568},"geometry":{"type":"Polygon","coordinates":[[[121.36163547274954,25.015540230424673],[121.36163547274954,25.02453343406192],[121.37062867638679,25.02453343406192],[121.37062867638679,25.015540230424673],[121.36163547274954,25.015540230424673]]]}},{"type":"Feature","properties":{"jobs":3730,"pop":132,"pointCount":2,"homeWorkCommuteMedian":20588,"workHomeCommuteMedian":11606},"geometry":{"type":"Polygon","coordinates":[[[121.36163547274954,25.02453343406192],[121.36163547274954,25.033526637699165],[121.37062867638679,25.033526637699165],[121.37062867638679,25.02453343406192],[121.36163547274954,25.02453343406192]]]}},{"type":"Feature","properties":{"jobs":5736,"pop":80,"pointCount":8,"homeWorkCommuteMedian":14407,"workHomeCommuteMedian":14953},"geometry":{"type":"Polygon","coordinates":[[[121.36163547274954,25.033526637699165],[121.36163547274954,25.04251984133641],[121.37062867638679,25.04251984133641],[121.37062867638679,25.033526637699165],[121.36163547274954,25.033526637699165]]]}},{"type":"Feature","properties":{"jobs":2513,"pop":2100,"pointCount":8,"homeWorkCommuteMedian":12750,"workHomeCommuteMedian":12855},"geometry":{"type":"Polygon","coordinates":[[[121.36163547274954,25.04251984133641],[121.36163547274954,25.051513044973657],[121.37062867638679,25.051513044973657],[121.37062867638679,25.04251984133641],[121.36163547274954,25.04251984133641]]]}},{"type":"Feature","properties":{"jobs":11279,"pop":7122,"pointCount":13,"homeWorkCommuteMedian":8630,"workHomeCommuteMedian":12475},"geometry":{"type":"Polygon","coordinates":[[[121.36163547274954,25.051513044973657],[121.36163547274954,25.060506248610903],[121.37062867638679,25.060506248610903],[121.37062867638679,25.051513044973657],[121.36163547274954,25.051513044973657]]]}},{"type":"Feature","properties":{"jobs":10532,"pop":4441,"pointCount":6,"homeWorkCommuteMedian":13309,"workHomeCommuteMedian":16771},"geometry":{"type":"Polygon","coordinates":[[[121.36163547274954,25.060506248610903],[121.36163547274954,25.06949945224815],[121.37062867638679,25.06949945224815],[121.37062867638679,25.060506248610903],[121.36163547274954,25.060506248610903]]]}},{"type":"Feature","properties":{"jobs":9193,"pop":9722,"pointCount":11,"homeWorkCommuteMedian":19808,"workHomeCommuteMedian":12849},"geometry":{"type":"Polygon","coordinates":[[[121.36163547274954,25.06949945224815],[121.36163547274954,25.078492655885395],[121.37062867638679,25.078492655885395],[121.37062867638679,25.06949945224815],[121.36163547274954,25.06949945224815]]]}},{"type":"Feature","properties":{"jobs":338,"pop":0,"pointCount":2,"homeWorkCommuteMedian":-1,"workHomeCommuteMedian":12671},"geometry":{"type":"Polygon","coordinates":[[[121.36163547274954,25.078492655885395],[121.36163547274954,25.08748585952264],[121.37062867638679,25.08748585952264],[121.37062867638679,25.078492655885395],[121.36163547274954,25.078492655885395]]]}},{"type":"Feature","properties":{"jobs":423,"pop":0,"pointCount":2,"homeWorkCommuteMedian":-1,"workHomeCommuteMedian":20616},"geometry":{"type":"Polygon","coordinates":[[[121.36163547274954,25.08748585952264],[121.36163547274954,25.096479063159887],[121.37062867638679,25.096479063159887],[121.37062867638679,25.08748585952264],[121.36163547274954,25.08748585952264]]]}},{"type":"Feature","properties":{"jobs":57,"pop":32,"pointCount":1,"homeWorkCommuteMedian":6074,"workHomeCommuteMedian":14364},"geometry":{"type":"Polygon","coordinates":[[[121.36163547274954,25.096479063159887],[121.36163547274954,25.105472266797133],[121.37062867638679,25.105472266797133],[121.37062867638679,25.096479063159887],[121.36163547274954,25.096479063159887]]]}},{"type":"Feature","properties":{"jobs":87,"pop":136,"pointCount":3,"homeWorkCommuteMedian":22434,"workHomeCommuteMedian":22379},"geometry":{"type":"Polygon","coordinates":[[[121.36163547274954,25.105472266797133],[121.36163547274954,25.11446547043438],[121.37062867638679,25.11446547043438],[121.37062867638679,25.105472266797133],[121.36163547274954,25.105472266797133]]]}},{"type":"Feature","properties":{"jobs":51,"pop":224,"pointCount":2,"homeWorkCommuteMedian":33630,"workHomeCommuteMedian":45926},"geometry":{"type":"Polygon","coordinates":[[[121.36163547274954,25.123458674071625],[121.36163547274954,25.13245187770887],[121.37062867638679,25.13245187770887],[121.37062867638679,25.123458674071625],[121.36163547274954,25.123458674071625]]]}},{"type":"Feature","properties":{"jobs":67,"pop":178,"pointCount":2,"homeWorkCommuteMedian":24025,"workHomeCommuteMedian":26215},"geometry":{"type":"Polygon","coordinates":[[[121.36163547274954,25.13245187770887],[121.36163547274954,25.141445081346117],[121.37062867638679,25.141445081346117],[121.37062867638679,25.13245187770887],[121.36163547274954,25.13245187770887]]]}},{"type":"Feature","properties":{"jobs":0,"pop":114,"pointCount":1,"homeWorkCommuteMedian":11809,"workHomeCommuteMedian":-1},"geometry":{"type":"Polygon","coordinates":[[[121.37062867638679,24.844669361317],[121.37062867638679,24.853662564954245],[121.37962188002403,24.853662564954245],[121.37962188002403,24.844669361317],[121.37062867638679,24.844669361317]]]}},{"type":"Feature","properties":{"jobs":59,"pop":88,"pointCount":2,"homeWorkCommuteMedian":28719,"workHomeCommuteMedian":8158},"geometry":{"type":"Polygon","coordinates":[[[121.37062867638679,24.86265576859149],[121.37062867638679,24.871648972228737],[121.37962188002403,24.871648972228737],[121.37962188002403,24.86265576859149],[121.37062867638679,24.86265576859149]]]}},{"type":"Feature","properties":{"jobs":43,"pop":74,"pointCount":2,"homeWorkCommuteMedian":45441,"workHomeCommuteMedian":22506},"geometry":{"type":"Polygon","coordinates":[[[121.37062867638679,24.880642175865983],[121.37062867638679,24.88963537950323],[121.37962188002403,24.88963537950323],[121.37962188002403,24.880642175865983],[121.37062867638679,24.880642175865983]]]}},{"type":"Feature","properties":{"jobs":624,"pop":196,"pointCount":6,"homeWorkCommuteMedian":25344,"workHomeCommuteMedian":9884},"geometry":{"type":"Polygon","coordinates":[[[121.37062867638679,24.88963537950323],[121.37062867638679,24.898628583140475],[121.37962188002403,24.898628583140475],[121.37962188002403,24.88963537950323],[121.37062867638679,24.88963537950323]]]}},{"type":"Feature","properties":{"jobs":531,"pop":485,"pointCount":8,"homeWorkCommuteMedian":6663,"workHomeCommuteMedian":5606},"geometry":{"type":"Polygon","coordinates":[[[121.37062867638679,24.898628583140475],[121.37062867638679,24.90762178677772],[121.37962188002403,24.90762178677772],[121.37962188002403,24.898628583140475],[121.37062867638679,24.898628583140475]]]}},{"type":"Feature","properties":{"jobs":228,"pop":318,"pointCount":6,"homeWorkCommuteMedian":4618,"workHomeCommuteMedian":6045},"geometry":{"type":"Polygon","coordinates":[[[121.37062867638679,24.90762178677772],[121.37062867638679,24.916614990414967],[121.37962188002403,24.916614990414967],[121.37962188002403,24.90762178677772],[121.37062867638679,24.90762178677772]]]}},{"type":"Feature","properties":{"jobs":175,"pop":309,"pointCount":2,"homeWorkCommuteMedian":3842,"workHomeCommuteMedian":54377},"geometry":{"type":"Polygon","coordinates":[[[121.37062867638679,24.916614990414967],[121.37062867638679,24.925608194052213],[121.37962188002403,24.925608194052213],[121.37962188002403,24.916614990414967],[121.37062867638679,24.916614990414967]]]}},{"type":"Feature","properties":{"jobs":7660,"pop":15482,"pointCount":18,"homeWorkCommuteMedian":13638,"workHomeCommuteMedian":2132},"geometry":{"type":"Polygon","coordinates":[[[121.37062867638679,24.925608194052213],[121.37062867638679,24.93460139768946],[121.37962188002403,24.93460139768946],[121.37962188002403,24.925608194052213],[121.37062867638679,24.925608194052213]]]}},{"type":"Feature","properties":{"jobs":8677,"pop":14311,"pointCount":15,"homeWorkCommuteMedian":17616,"workHomeCommuteMedian":3820},"geometry":{"type":"Polygon","coordinates":[[[121.37062867638679,24.93460139768946],[121.37062867638679,24.943594601326705],[121.37962188002403,24.943594601326705],[121.37962188002403,24.93460139768946],[121.37062867638679,24.93460139768946]]]}},{"type":"Feature","properties":{"jobs":13509,"pop":11166,"pointCount":13,"homeWorkCommuteMedian":9971,"workHomeCommuteMedian":9477},"geometry":{"type":"Polygon","coordinates":[[[121.37062867638679,24.943594601326705],[121.37062867638679,24.95258780496395],[121.37962188002403,24.95258780496395],[121.37962188002403,24.943594601326705],[121.37062867638679,24.943594601326705]]]}},{"type":"Feature","properties":{"jobs":261,"pop":56,"pointCount":3,"homeWorkCommuteMedian":26306,"workHomeCommuteMedian":21441},"geometry":{"type":"Polygon","coordinates":[[[121.37062867638679,24.95258780496395],[121.37062867638679,24.961581008601197],[121.37962188002403,24.961581008601197],[121.37962188002403,24.95258780496395],[121.37062867638679,24.95258780496395]]]}},{"type":"Feature","properties":{"jobs":94,"pop":105,"pointCount":2,"homeWorkCommuteMedian":25991,"workHomeCommuteMedian":6539},"geometry":{"type":"Polygon","coordinates":[[[121.37062867638679,24.961581008601197],[121.37062867638679,24.970574212238443],[121.37962188002403,24.970574212238443],[121.37962188002403,24.961581008601197],[121.37062867638679,24.961581008601197]]]}},{"type":"Feature","properties":{"jobs":0,"pop":158,"pointCount":2,"homeWorkCommuteMedian":16108,"workHomeCommuteMedian":-1},"geometry":{"type":"Polygon","coordinates":[[[121.37062867638679,24.970574212238443],[121.37062867638679,24.97956741587569],[121.37962188002403,24.97956741587569],[121.37962188002403,24.970574212238443],[121.37062867638679,24.970574212238443]]]}},{"type":"Feature","properties":{"jobs":0,"pop":97,"pointCount":1,"homeWorkCommuteMedian":24114,"workHomeCommuteMedian":-1},"geometry":{"type":"Polygon","coordinates":[[[121.37062867638679,24.97956741587569],[121.37062867638679,24.988560619512935],[121.37962188002403,24.988560619512935],[121.37962188002403,24.97956741587569],[121.37062867638679,24.97956741587569]]]}},{"type":"Feature","properties":{"jobs":168,"pop":232,"pointCount":4,"homeWorkCommuteMedian":10598,"workHomeCommuteMedian":8378},"geometry":{"type":"Polygon","coordinates":[[[121.37062867638679,24.988560619512935],[121.37062867638679,24.99755382315018],[121.37962188002403,24.99755382315018],[121.37962188002403,24.988560619512935],[121.37062867638679,24.988560619512935]]]}},{"type":"Feature","properties":{"jobs":542,"pop":104,"pointCount":7,"homeWorkCommuteMedian":13700,"workHomeCommuteMedian":9492},"geometry":{"type":"Polygon","coordinates":[[[121.37062867638679,25.006547026787427],[121.37062867638679,25.015540230424673],[121.37962188002403,25.015540230424673],[121.37962188002403,25.006547026787427],[121.37062867638679,25.006547026787427]]]}},{"type":"Feature","properties":{"jobs":3223,"pop":170,"pointCount":4,"homeWorkCommuteMedian":40244,"workHomeCommuteMedian":13788},"geometry":{"type":"Polygon","coordinates":[[[121.37062867638679,25.015540230424673],[121.37062867638679,25.02453343406192],[121.37962188002403,25.02453343406192],[121.37962188002403,25.015540230424673],[121.37062867638679,25.015540230424673]]]}},{"type":"Feature","properties":{"jobs":418,"pop":363,"pointCount":5,"homeWorkCommuteMedian":14104,"workHomeCommuteMedian":11061},"geometry":{"type":"Polygon","coordinates":[[[121.37062867638679,25.02453343406192],[121.37062867638679,25.033526637699165],[121.37962188002403,25.033526637699165],[121.37962188002403,25.02453343406192],[121.37062867638679,25.02453343406192]]]}},{"type":"Feature","properties":{"jobs":1252,"pop":44,"pointCount":3,"homeWorkCommuteMedian":3623,"workHomeCommuteMedian":8064},"geometry":{"type":"Polygon","coordinates":[[[121.37062867638679,25.033526637699165],[121.37062867638679,25.04251984133641],[121.37962188002403,25.04251984133641],[121.37962188002403,25.033526637699165],[121.37062867638679,25.033526637699165]]]}},{"type":"Feature","properties":{"jobs":5574,"pop":1118,"pointCount":7,"homeWorkCommuteMedian":13397,"workHomeCommuteMedian":15627},"geometry":{"type":"Polygon","coordinates":[[[121.37062867638679,25.04251984133641],[121.37062867638679,25.051513044973657],[121.37962188002403,25.051513044973657],[121.37962188002403,25.04251984133641],[121.37062867638679,25.04251984133641]]]}},{"type":"Feature","properties":{"jobs":5020,"pop":1363,"pointCount":11,"homeWorkCommuteMedian":9850,"workHomeCommuteMedian":12373},"geometry":{"type":"Polygon","coordinates":[[[121.37062867638679,25.051513044973657],[121.37062867638679,25.060506248610903],[121.37962188002403,25.060506248610903],[121.37962188002403,25.051513044973657],[121.37062867638679,25.051513044973657]]]}},{"type":"Feature","properties":{"jobs":3565,"pop":1801,"pointCount":5,"homeWorkCommuteMedian":19696,"workHomeCommuteMedian":12616},"geometry":{"type":"Polygon","coordinates":[[[121.37062867638679,25.060506248610903],[121.37062867638679,25.06949945224815],[121.37962188002403,25.06949945224815],[121.37962188002403,25.060506248610903],[121.37062867638679,25.060506248610903]]]}},{"type":"Feature","properties":{"jobs":9185,"pop":12394,"pointCount":12,"homeWorkCommuteMedian":8725,"workHomeCommuteMedian":3826},"geometry":{"type":"Polygon","coordinates":[[[121.37062867638679,25.06949945224815],[121.37062867638679,25.078492655885395],[121.37962188002403,25.078492655885395],[121.37962188002403,25.06949945224815],[121.37062867638679,25.06949945224815]]]}},{"type":"Feature","properties":{"jobs":11714,"pop":12261,"pointCount":13,"homeWorkCommuteMedian":13478,"workHomeCommuteMedian":11353},"geometry":{"type":"Polygon","coordinates":[[[121.37062867638679,25.078492655885395],[121.37062867638679,25.08748585952264],[121.37962188002403,25.08748585952264],[121.37962188002403,25.078492655885395],[121.37062867638679,25.078492655885395]]]}},{"type":"Feature","properties":{"jobs":1517,"pop":431,"pointCount":5,"homeWorkCommuteMedian":25247,"workHomeCommuteMedian":19646},"geometry":{"type":"Polygon","coordinates":[[[121.37062867638679,25.08748585952264],[121.37062867638679,25.096479063159887],[121.37962188002403,25.096479063159887],[121.37962188002403,25.08748585952264],[121.37062867638679,25.08748585952264]]]}},{"type":"Feature","properties":{"jobs":126,"pop":57,"pointCount":3,"homeWorkCommuteMedian":13158,"workHomeCommuteMedian":4496},"geometry":{"type":"Polygon","coordinates":[[[121.37062867638679,25.096479063159887],[121.37062867638679,25.105472266797133],[121.37962188002403,25.105472266797133],[121.37962188002403,25.096479063159887],[121.37062867638679,25.096479063159887]]]}},{"type":"Feature","properties":{"jobs":159,"pop":123,"pointCount":6,"homeWorkCommuteMedian":17339,"workHomeCommuteMedian":23080},"geometry":{"type":"Polygon","coordinates":[[[121.37062867638679,25.105472266797133],[121.37062867638679,25.11446547043438],[121.37962188002403,25.11446547043438],[121.37962188002403,25.105472266797133],[121.37062867638679,25.105472266797133]]]}},{"type":"Feature","properties":{"jobs":1285,"pop":191,"pointCount":6,"homeWorkCommuteMedian":5928,"workHomeCommuteMedian":20979},"geometry":{"type":"Polygon","coordinates":[[[121.37062867638679,25.11446547043438],[121.37062867638679,25.123458674071625],[121.37962188002403,25.123458674071625],[121.37962188002403,25.11446547043438],[121.37062867638679,25.11446547043438]]]}},{"type":"Feature","properties":{"jobs":0,"pop":35,"pointCount":1,"homeWorkCommuteMedian":20837,"workHomeCommuteMedian":-1},"geometry":{"type":"Polygon","coordinates":[[[121.37062867638679,25.123458674071625],[121.37062867638679,25.13245187770887],[121.37962188002403,25.13245187770887],[121.37962188002403,25.123458674071625],[121.37062867638679,25.123458674071625]]]}},{"type":"Feature","properties":{"jobs":0,"pop":219,"pointCount":3,"homeWorkCommuteMedian":3938,"workHomeCommuteMedian":-1},"geometry":{"type":"Polygon","coordinates":[[[121.37062867638679,25.13245187770887],[121.37062867638679,25.141445081346117],[121.37962188002403,25.141445081346117],[121.37962188002403,25.13245187770887],[121.37062867638679,25.13245187770887]]]}},{"type":"Feature","properties":{"jobs":0,"pop":99,"pointCount":2,"homeWorkCommuteMedian":22435,"workHomeCommuteMedian":-1},"geometry":{"type":"Polygon","coordinates":[[[121.37962188002403,24.86265576859149],[121.37962188002403,24.871648972228737],[121.38861508366128,24.871648972228737],[121.38861508366128,24.86265576859149],[121.37962188002403,24.86265576859149]]]}},{"type":"Feature","properties":{"jobs":0,"pop":27,"pointCount":1,"homeWorkCommuteMedian":29476,"workHomeCommuteMedian":-1},"geometry":{"type":"Polygon","coordinates":[[[121.37962188002403,24.871648972228737],[121.37962188002403,24.880642175865983],[121.38861508366128,24.880642175865983],[121.38861508366128,24.871648972228737],[121.37962188002403,24.871648972228737]]]}},{"type":"Feature","properties":{"jobs":0,"pop":54,"pointCount":1,"homeWorkCommuteMedian":37383,"workHomeCommuteMedian":-1},"geometry":{"type":"Polygon","coordinates":[[[121.37962188002403,24.88963537950323],[121.37962188002403,24.898628583140475],[121.38861508366128,24.898628583140475],[121.38861508366128,24.88963537950323],[121.37962188002403,24.88963537950323]]]}},{"type":"Feature","properties":{"jobs":0,"pop":362,"pointCount":2,"homeWorkCommuteMedian":33556,"workHomeCommuteMedian":-1},"geometry":{"type":"Polygon","coordinates":[[[121.37962188002403,24.898628583140475],[121.37962188002403,24.90762178677772],[121.38861508366128,24.90762178677772],[121.38861508366128,24.898628583140475],[121.37962188002403,24.898628583140475]]]}},{"type":"Feature","properties":{"jobs":0,"pop":227,"pointCount":1,"homeWorkCommuteMedian":26051,"workHomeCommuteMedian":-1},"geometry":{"type":"Polygon","coordinates":[[[121.37962188002403,24.916614990414967],[121.37962188002403,24.925608194052213],[121.38861508366128,24.925608194052213],[121.38861508366128,24.916614990414967],[121.37962188002403,24.916614990414967]]]}},{"type":"Feature","properties":{"jobs":1704,"pop":121,"pointCount":3,"homeWorkCommuteMedian":17150,"workHomeCommuteMedian":4835},"geometry":{"type":"Polygon","coordinates":[[[121.37962188002403,24.925608194052213],[121.37962188002403,24.93460139768946],[121.38861508366128,24.93460139768946],[121.38861508366128,24.925608194052213],[121.37962188002403,24.925608194052213]]]}},{"type":"Feature","properties":{"jobs":1394,"pop":694,"pointCount":6,"homeWorkCommuteMedian":3377,"workHomeCommuteMedian":7888},"geometry":{"type":"Polygon","coordinates":[[[121.37962188002403,24.93460139768946],[121.37962188002403,24.943594601326705],[121.38861508366128,24.943594601326705],[121.38861508366128,24.93460139768946],[121.37962188002403,24.93460139768946]]]}},{"type":"Feature","properties":{"jobs":12862,"pop":10699,"pointCount":8,"homeWorkCommuteMedian":12882,"workHomeCommuteMedian":10625},"geometry":{"type":"Polygon","coordinates":[[[121.37962188002403,24.943594601326705],[121.37962188002403,24.95258780496395],[121.38861508366128,24.95258780496395],[121.38861508366128,24.943594601326705],[121.37962188002403,24.943594601326705]]]}},{"type":"Feature","properties":{"jobs":1578,"pop":1393,"pointCount":7,"homeWorkCommuteMedian":9670,"workHomeCommuteMedian":8930},"geometry":{"type":"Polygon","coordinates":[[[121.37962188002403,24.95258780496395],[121.37962188002403,24.961581008601197],[121.38861508366128,24.961581008601197],[121.38861508366128,24.95258780496395],[121.37962188002403,24.95258780496395]]]}},{"type":"Feature","properties":{"jobs":379,"pop":233,"pointCount":5,"homeWorkCommuteMedian":10134,"workHomeCommuteMedian":9767},"geometry":{"type":"Polygon","coordinates":[[[121.37962188002403,24.961581008601197],[121.37962188002403,24.970574212238443],[121.38861508366128,24.970574212238443],[121.38861508366128,24.961581008601197],[121.37962188002403,24.961581008601197]]]}},{"type":"Feature","properties":{"jobs":136,"pop":872,"pointCount":3,"homeWorkCommuteMedian":8467,"workHomeCommuteMedian":10078},"geometry":{"type":"Polygon","coordinates":[[[121.37962188002403,24.970574212238443],[121.37962188002403,24.97956741587569],[121.38861508366128,24.97956741587569],[121.38861508366128,24.970574212238443],[121.37962188002403,24.970574212238443]]]}},{"type":"Feature","properties":{"jobs":51,"pop":0,"pointCount":1,"homeWorkCommuteMedian":-1,"workHomeCommuteMedian":44186},"geometry":{"type":"Polygon","coordinates":[[[121.37962188002403,24.988560619512935],[121.37962188002403,24.99755382315018],[121.38861508366128,24.99755382315018],[121.38861508366128,24.988560619512935],[121.37962188002403,24.988560619512935]]]}},{"type":"Feature","properties":{"jobs":0,"pop":75,"pointCount":2,"homeWorkCommuteMedian":13014,"workHomeCommuteMedian":-1},"geometry":{"type":"Polygon","coordinates":[[[121.37962188002403,24.99755382315018],[121.37962188002403,25.006547026787427],[121.38861508366128,25.006547026787427],[121.38861508366128,24.99755382315018],[121.37962188002403,24.99755382315018]]]}},{"type":"Feature","properties":{"jobs":278,"pop":219,"pointCount":5,"homeWorkCommuteMedian":10764,"workHomeCommuteMedian":16802},"geometry":{"type":"Polygon","coordinates":[[[121.37962188002403,25.006547026787427],[121.37962188002403,25.015540230424673],[121.38861508366128,25.015540230424673],[121.38861508366128,25.006547026787427],[121.37962188002403,25.006547026787427]]]}},{"type":"Feature","properties":{"jobs":447,"pop":0,"pointCount":2,"homeWorkCommuteMedian":-1,"workHomeCommuteMedian":27930},"geometry":{"type":"Polygon","coordinates":[[[121.37962188002403,25.02453343406192],[121.37962188002403,25.033526637699165],[121.38861508366128,25.033526637699165],[121.38861508366128,25.02453343406192],[121.37962188002403,25.02453343406192]]]}},{"type":"Feature","properties":{"jobs":3452,"pop":231,"pointCount":3,"homeWorkCommuteMedian":23169,"workHomeCommuteMedian":9904},"geometry":{"type":"Polygon","coordinates":[[[121.37962188002403,25.033526637699165],[121.37962188002403,25.04251984133641],[121.38861508366128,25.04251984133641],[121.38861508366128,25.033526637699165],[121.37962188002403,25.033526637699165]]]}},{"type":"Feature","properties":{"jobs":3223,"pop":569,"pointCount":6,"homeWorkCommuteMedian":4932,"workHomeCommuteMedian":15373},"geometry":{"type":"Polygon","coordinates":[[[121.37962188002403,25.04251984133641],[121.37962188002403,25.051513044973657],[121.38861508366128,25.051513044973657],[121.38861508366128,25.04251984133641],[121.37962188002403,25.04251984133641]]]}},{"type":"Feature","properties":{"jobs":3131,"pop":4353,"pointCount":14,"homeWorkCommuteMedian":11412,"workHomeCommuteMedian":15475},"geometry":{"type":"Polygon","coordinates":[[[121.37962188002403,25.051513044973657],[121.37962188002403,25.060506248610903],[121.38861508366128,25.060506248610903],[121.38861508366128,25.051513044973657],[121.37962188002403,25.051513044973657]]]}},{"type":"Feature","properties":{"jobs":2737,"pop":1024,"pointCount":6,"homeWorkCommuteMedian":8802,"workHomeCommuteMedian":14638},"geometry":{"type":"Polygon","coordinates":[[[121.37962188002403,25.060506248610903],[121.37962188002403,25.06949945224815],[121.38861508366128,25.06949945224815],[121.38861508366128,25.060506248610903],[121.37962188002403,25.060506248610903]]]}},{"type":"Feature","properties":{"jobs":2928,"pop":4420,"pointCount":10,"homeWorkCommuteMedian":17047,"workHomeCommuteMedian":13243},"geometry":{"type":"Polygon","coordinates":[[[121.37962188002403,25.06949945224815],[121.37962188002403,25.078492655885395],[121.38861508366128,25.078492655885395],[121.38861508366128,25.06949945224815],[121.37962188002403,25.06949945224815]]]}},{"type":"Feature","properties":{"jobs":3204,"pop":6569,"pointCount":14,"homeWorkCommuteMedian":12523,"workHomeCommuteMedian":12627},"geometry":{"type":"Polygon","coordinates":[[[121.37962188002403,25.078492655885395],[121.37962188002403,25.08748585952264],[121.38861508366128,25.08748585952264],[121.38861508366128,25.078492655885395],[121.37962188002403,25.078492655885395]]]}},{"type":"Feature","properties":{"jobs":2031,"pop":585,"pointCount":10,"homeWorkCommuteMedian":24489,"workHomeCommuteMedian":3603},"geometry":{"type":"Polygon","coordinates":[[[121.37962188002403,25.08748585952264],[121.37962188002403,25.096479063159887],[121.38861508366128,25.096479063159887],[121.38861508366128,25.08748585952264],[121.37962188002403,25.08748585952264]]]}},{"type":"Feature","properties":{"jobs":1706,"pop":508,"pointCount":8,"homeWorkCommuteMedian":25536,"workHomeCommuteMedian":17049},"geometry":{"type":"Polygon","coordinates":[[[121.37962188002403,25.096479063159887],[121.37962188002403,25.105472266797133],[121.38861508366128,25.105472266797133],[121.38861508366128,25.096479063159887],[121.37962188002403,25.096479063159887]]]}},{"type":"Feature","properties":{"jobs":314,"pop":277,"pointCount":2,"homeWorkCommuteMedian":16160,"workHomeCommuteMedian":23540},"geometry":{"type":"Polygon","coordinates":[[[121.37962188002403,25.105472266797133],[121.37962188002403,25.11446547043438],[121.38861508366128,25.11446547043438],[121.38861508366128,25.105472266797133],[121.37962188002403,25.105472266797133]]]}},{"type":"Feature","properties":{"jobs":173,"pop":354,"pointCount":6,"homeWorkCommuteMedian":4829,"workHomeCommuteMedian":36211},"geometry":{"type":"Polygon","coordinates":[[[121.37962188002403,25.123458674071625],[121.37962188002403,25.13245187770887],[121.38861508366128,25.13245187770887],[121.38861508366128,25.123458674071625],[121.37962188002403,25.123458674071625]]]}},{"type":"Feature","properties":{"jobs":468,"pop":580,"pointCount":8,"homeWorkCommuteMedian":30747,"workHomeCommuteMedian":11565},"geometry":{"type":"Polygon","coordinates":[[[121.37962188002403,25.13245187770887],[121.37962188002403,25.141445081346117],[121.38861508366128,25.141445081346117],[121.38861508366128,25.13245187770887],[121.37962188002403,25.13245187770887]]]}},{"type":"Feature","properties":{"jobs":106,"pop":0,"pointCount":1,"homeWorkCommuteMedian":-1,"workHomeCommuteMedian":1398},"geometry":{"type":"Polygon","coordinates":[[[121.37962188002403,25.141445081346117],[121.37962188002403,25.150438284983363],[121.38861508366128,25.150438284983363],[121.38861508366128,25.141445081346117],[121.37962188002403,25.141445081346117]]]}},{"type":"Feature","properties":{"jobs":0,"pop":60,"pointCount":1,"homeWorkCommuteMedian":19045,"workHomeCommuteMedian":-1},"geometry":{"type":"Polygon","coordinates":[[[121.38861508366128,24.871648972228737],[121.38861508366128,24.880642175865983],[121.39760828729852,24.880642175865983],[121.39760828729852,24.871648972228737],[121.38861508366128,24.871648972228737]]]}},{"type":"Feature","properties":{"jobs":0,"pop":55,"pointCount":1,"homeWorkCommuteMedian":11895,"workHomeCommuteMedian":-1},"geometry":{"type":"Polygon","coordinates":[[[121.38861508366128,24.880642175865983],[121.38861508366128,24.88963537950323],[121.39760828729852,24.88963537950323],[121.39760828729852,24.880642175865983],[121.38861508366128,24.880642175865983]]]}},{"type":"Feature","properties":{"jobs":0,"pop":275,"pointCount":1,"homeWorkCommuteMedian":10459,"workHomeCommuteMedian":-1},"geometry":{"type":"Polygon","coordinates":[[[121.38861508366128,24.88963537950323],[121.38861508366128,24.898628583140475],[121.39760828729852,24.898628583140475],[121.39760828729852,24.88963537950323],[121.38861508366128,24.88963537950323]]]}},{"type":"Feature","properties":{"jobs":714,"pop":69,"pointCount":3,"homeWorkCommuteMedian":5400,"workHomeCommuteMedian":11466},"geometry":{"type":"Polygon","coordinates":[[[121.38861508366128,24.90762178677772],[121.38861508366128,24.916614990414967],[121.39760828729852,24.916614990414967],[121.39760828729852,24.90762178677772],[121.38861508366128,24.90762178677772]]]}},{"type":"Feature","properties":{"jobs":192,"pop":419,"pointCount":6,"homeWorkCommuteMedian":17252,"workHomeCommuteMedian":3955},"geometry":{"type":"Polygon","coordinates":[[[121.38861508366128,24.925608194052213],[121.38861508366128,24.93460139768946],[121.39760828729852,24.93460139768946],[121.39760828729852,24.925608194052213],[121.38861508366128,24.925608194052213]]]}},{"type":"Feature","properties":{"jobs":294,"pop":1263,"pointCount":5,"homeWorkCommuteMedian":5981,"workHomeCommuteMedian":16690},"geometry":{"type":"Polygon","coordinates":[[[121.38861508366128,24.93460139768946],[121.38861508366128,24.943594601326705],[121.39760828729852,24.943594601326705],[121.39760828729852,24.93460139768946],[121.38861508366128,24.93460139768946]]]}},{"type":"Feature","properties":{"jobs":932,"pop":585,"pointCount":4,"homeWorkCommuteMedian":17715,"workHomeCommuteMedian":10924},"geometry":{"type":"Polygon","coordinates":[[[121.38861508366128,24.943594601326705],[121.38861508366128,24.95258780496395],[121.39760828729852,24.95258780496395],[121.39760828729852,24.943594601326705],[121.38861508366128,24.943594601326705]]]}},{"type":"Feature","properties":{"jobs":3774,"pop":522,"pointCount":8,"homeWorkCommuteMedian":13413,"workHomeCommuteMedian":8563},"geometry":{"type":"Polygon","coordinates":[[[121.38861508366128,24.95258780496395],[121.38861508366128,24.961581008601197],[121.39760828729852,24.961581008601197],[121.39760828729852,24.95258780496395],[121.38861508366128,24.95258780496395]]]}},{"type":"Feature","properties":{"jobs":4053,"pop":2751,"pointCount":7,"homeWorkCommuteMedian":5666,"workHomeCommuteMedian":8106},"geometry":{"type":"Polygon","coordinates":[[[121.38861508366128,24.961581008601197],[121.38861508366128,24.970574212238443],[121.39760828729852,24.970574212238443],[121.39760828729852,24.961581008601197],[121.38861508366128,24.961581008601197]]]}},{"type":"Feature","properties":{"jobs":1564,"pop":3183,"pointCount":7,"homeWorkCommuteMedian":10772,"workHomeCommuteMedian":4978},"geometry":{"type":"Polygon","coordinates":[[[121.38861508366128,24.970574212238443],[121.38861508366128,24.97956741587569],[121.39760828729852,24.97956741587569],[121.39760828729852,24.970574212238443],[121.38861508366128,24.970574212238443]]]}},{"type":"Feature","properties":{"jobs":0,"pop":142,"pointCount":1,"homeWorkCommuteMedian":3899,"workHomeCommuteMedian":-1},"geometry":{"type":"Polygon","coordinates":[[[121.38861508366128,24.988560619512935],[121.38861508366128,24.99755382315018],[121.39760828729852,24.99755382315018],[121.39760828729852,24.988560619512935],[121.38861508366128,24.988560619512935]]]}},{"type":"Feature","properties":{"jobs":42,"pop":71,"pointCount":2,"homeWorkCommuteMedian":10956,"workHomeCommuteMedian":2882},"geometry":{"type":"Polygon","coordinates":[[[121.38861508366128,24.99755382315018],[121.38861508366128,25.006547026787427],[121.39760828729852,25.006547026787427],[121.39760828729852,24.99755382315018],[121.38861508366128,24.99755382315018]]]}},{"type":"Feature","properties":{"jobs":1219,"pop":1420,"pointCount":6,"homeWorkCommuteMedian":7751,"workHomeCommuteMedian":9822},"geometry":{"type":"Polygon","coordinates":[[[121.38861508366128,25.006547026787427],[121.38861508366128,25.015540230424673],[121.39760828729852,25.015540230424673],[121.39760828729852,25.006547026787427],[121.38861508366128,25.006547026787427]]]}},{"type":"Feature","properties":{"jobs":1206,"pop":509,"pointCount":4,"homeWorkCommuteMedian":10564,"workHomeCommuteMedian":10925},"geometry":{"type":"Polygon","coordinates":[[[121.38861508366128,25.015540230424673],[121.38861508366128,25.02453343406192],[121.39760828729852,25.02453343406192],[121.39760828729852,25.015540230424673],[121.38861508366128,25.015540230424673]]]}},{"type":"Feature","properties":{"jobs":5161,"pop":0,"pointCount":4,"homeWorkCommuteMedian":-1,"workHomeCommuteMedian":13087},"geometry":{"type":"Polygon","coordinates":[[[121.38861508366128,25.02453343406192],[121.38861508366128,25.033526637699165],[121.39760828729852,25.033526637699165],[121.39760828729852,25.02453343406192],[121.38861508366128,25.02453343406192]]]}},{"type":"Feature","properties":{"jobs":10070,"pop":4799,"pointCount":5,"homeWorkCommuteMedian":8895,"workHomeCommuteMedian":14290},"geometry":{"type":"Polygon","coordinates":[[[121.38861508366128,25.033526637699165],[121.38861508366128,25.04251984133641],[121.39760828729852,25.04251984133641],[121.39760828729852,25.033526637699165],[121.38861508366128,25.033526637699165]]]}},{"type":"Feature","properties":{"jobs":973,"pop":0,"pointCount":2,"homeWorkCommuteMedian":-1,"workHomeCommuteMedian":12552},"geometry":{"type":"Polygon","coordinates":[[[121.38861508366128,25.04251984133641],[121.38861508366128,25.051513044973657],[121.39760828729852,25.051513044973657],[121.39760828729852,25.04251984133641],[121.38861508366128,25.04251984133641]]]}},{"type":"Feature","properties":{"jobs":13763,"pop":107,"pointCount":4,"homeWorkCommuteMedian":12812,"workHomeCommuteMedian":13786},"geometry":{"type":"Polygon","coordinates":[[[121.38861508366128,25.051513044973657],[121.38861508366128,25.060506248610903],[121.39760828729852,25.060506248610903],[121.39760828729852,25.051513044973657],[121.38861508366128,25.051513044973657]]]}},{"type":"Feature","properties":{"jobs":94,"pop":144,"pointCount":3,"homeWorkCommuteMedian":23440,"workHomeCommuteMedian":21913},"geometry":{"type":"Polygon","coordinates":[[[121.38861508366128,25.060506248610903],[121.38861508366128,25.06949945224815],[121.39760828729852,25.06949945224815],[121.39760828729852,25.060506248610903],[121.38861508366128,25.060506248610903]]]}},{"type":"Feature","properties":{"jobs":1973,"pop":5742,"pointCount":8,"homeWorkCommuteMedian":15202,"workHomeCommuteMedian":11125},"geometry":{"type":"Polygon","coordinates":[[[121.38861508366128,25.06949945224815],[121.38861508366128,25.078492655885395],[121.39760828729852,25.078492655885395],[121.39760828729852,25.06949945224815],[121.38861508366128,25.06949945224815]]]}},{"type":"Feature","properties":{"jobs":4431,"pop":1697,"pointCount":7,"homeWorkCommuteMedian":15060,"workHomeCommuteMedian":17238},"geometry":{"type":"Polygon","coordinates":[[[121.38861508366128,25.078492655885395],[121.38861508366128,25.08748585952264],[121.39760828729852,25.08748585952264],[121.39760828729852,25.078492655885395],[121.38861508366128,25.078492655885395]]]}},{"type":"Feature","properties":{"jobs":97,"pop":377,"pointCount":2,"homeWorkCommuteMedian":4236,"workHomeCommuteMedian":11788},"geometry":{"type":"Polygon","coordinates":[[[121.38861508366128,25.08748585952264],[121.38861508366128,25.096479063159887],[121.39760828729852,25.096479063159887],[121.39760828729852,25.08748585952264],[121.38861508366128,25.08748585952264]]]}},{"type":"Feature","properties":{"jobs":73,"pop":211,"pointCount":2,"homeWorkCommuteMedian":35167,"workHomeCommuteMedian":6659},"geometry":{"type":"Polygon","coordinates":[[[121.38861508366128,25.105472266797133],[121.38861508366128,25.11446547043438],[121.39760828729852,25.11446547043438],[121.39760828729852,25.105472266797133],[121.38861508366128,25.105472266797133]]]}},{"type":"Feature","properties":{"jobs":530,"pop":155,"pointCount":5,"homeWorkCommuteMedian":7167,"workHomeCommuteMedian":14265},"geometry":{"type":"Polygon","coordinates":[[[121.38861508366128,25.11446547043438],[121.38861508366128,25.123458674071625],[121.39760828729852,25.123458674071625],[121.39760828729852,25.11446547043438],[121.38861508366128,25.11446547043438]]]}},{"type":"Feature","properties":{"jobs":586,"pop":202,"pointCount":7,"homeWorkCommuteMedian":3050,"workHomeCommuteMedian":6899},"geometry":{"type":"Polygon","coordinates":[[[121.38861508366128,25.123458674071625],[121.38861508366128,25.13245187770887],[121.39760828729852,25.13245187770887],[121.39760828729852,25.123458674071625],[121.38861508366128,25.123458674071625]]]}},{"type":"Feature","properties":{"jobs":1125,"pop":530,"pointCount":6,"homeWorkCommuteMedian":19160,"workHomeCommuteMedian":24849},"geometry":{"type":"Polygon","coordinates":[[[121.38861508366128,25.13245187770887],[121.38861508366128,25.141445081346117],[121.39760828729852,25.141445081346117],[121.39760828729852,25.13245187770887],[121.38861508366128,25.13245187770887]]]}},{"type":"Feature","properties":{"jobs":1255,"pop":1642,"pointCount":6,"homeWorkCommuteMedian":18041,"workHomeCommuteMedian":2656},"geometry":{"type":"Polygon","coordinates":[[[121.38861508366128,25.141445081346117],[121.38861508366128,25.150438284983363],[121.39760828729852,25.150438284983363],[121.39760828729852,25.141445081346117],[121.38861508366128,25.141445081346117]]]}},{"type":"Feature","properties":{"jobs":3901,"pop":0,"pointCount":6,"homeWorkCommuteMedian":-1,"workHomeCommuteMedian":23271},"geometry":{"type":"Polygon","coordinates":[[[121.38861508366128,25.150438284983363],[121.38861508366128,25.15943148862061],[121.39760828729852,25.15943148862061],[121.39760828729852,25.150438284983363],[121.38861508366128,25.150438284983363]]]}},{"type":"Feature","properties":{"jobs":0,"pop":150,"pointCount":1,"homeWorkCommuteMedian":42284,"workHomeCommuteMedian":-1},"geometry":{"type":"Polygon","coordinates":[[[121.39760828729852,24.853662564954245],[121.39760828729852,24.86265576859149],[121.40660149093577,24.86265576859149],[121.40660149093577,24.853662564954245],[121.39760828729852,24.853662564954245]]]}},{"type":"Feature","properties":{"jobs":323,"pop":0,"pointCount":1,"homeWorkCommuteMedian":-1,"workHomeCommuteMedian":11158},"geometry":{"type":"Polygon","coordinates":[[[121.39760828729852,24.86265576859149],[121.39760828729852,24.871648972228737],[121.40660149093577,24.871648972228737],[121.40660149093577,24.86265576859149],[121.39760828729852,24.86265576859149]]]}},{"type":"Feature","properties":{"jobs":55,"pop":87,"pointCount":2,"homeWorkCommuteMedian":33348,"workHomeCommuteMedian":11201},"geometry":{"type":"Polygon","coordinates":[[[121.39760828729852,24.871648972228737],[121.39760828729852,24.880642175865983],[121.40660149093577,24.880642175865983],[121.40660149093577,24.871648972228737],[121.39760828729852,24.871648972228737]]]}},{"type":"Feature","properties":{"jobs":31,"pop":0,"pointCount":1,"homeWorkCommuteMedian":-1,"workHomeCommuteMedian":13124},"geometry":{"type":"Polygon","coordinates":[[[121.39760828729852,24.880642175865983],[121.39760828729852,24.88963537950323],[121.40660149093577,24.88963537950323],[121.40660149093577,24.880642175865983],[121.39760828729852,24.880642175865983]]]}},{"type":"Feature","properties":{"jobs":149,"pop":107,"pointCount":2,"homeWorkCommuteMedian":24256,"workHomeCommuteMedian":5332},"geometry":{"type":"Polygon","coordinates":[[[121.39760828729852,24.898628583140475],[121.39760828729852,24.90762178677772],[121.40660149093577,24.90762178677772],[121.40660149093577,24.898628583140475],[121.39760828729852,24.898628583140475]]]}},{"type":"Feature","properties":{"jobs":270,"pop":66,"pointCount":4,"homeWorkCommuteMedian":7580,"workHomeCommuteMedian":5989},"geometry":{"type":"Polygon","coordinates":[[[121.39760828729852,24.90762178677772],[121.39760828729852,24.916614990414967],[121.40660149093577,24.916614990414967],[121.40660149093577,24.90762178677772],[121.39760828729852,24.90762178677772]]]}},{"type":"Feature","properties":{"jobs":29,"pop":139,"pointCount":1,"homeWorkCommuteMedian":5756,"workHomeCommuteMedian":29389},"geometry":{"type":"Polygon","coordinates":[[[121.39760828729852,24.916614990414967],[121.39760828729852,24.925608194052213],[121.40660149093577,24.925608194052213],[121.40660149093577,24.916614990414967],[121.39760828729852,24.916614990414967]]]}},{"type":"Feature","properties":{"jobs":379,"pop":350,"pointCount":5,"homeWorkCommuteMedian":20576,"workHomeCommuteMedian":5616},"geometry":{"type":"Polygon","coordinates":[[[121.39760828729852,24.925608194052213],[121.39760828729852,24.93460139768946],[121.40660149093577,24.93460139768946],[121.40660149093577,24.925608194052213],[121.39760828729852,24.925608194052213]]]}},{"type":"Feature","properties":{"jobs":449,"pop":939,"pointCount":5,"homeWorkCommuteMedian":4937,"workHomeCommuteMedian":5528},"geometry":{"type":"Polygon","coordinates":[[[121.39760828729852,24.93460139768946],[121.39760828729852,24.943594601326705],[121.40660149093577,24.943594601326705],[121.40660149093577,24.93460139768946],[121.39760828729852,24.93460139768946]]]}},{"type":"Feature","properties":{"jobs":559,"pop":714,"pointCount":5,"homeWorkCommuteMedian":4194,"workHomeCommuteMedian":9755},"geometry":{"type":"Polygon","coordinates":[[[121.39760828729852,24.943594601326705],[121.39760828729852,24.95258780496395],[121.40660149093577,24.95258780496395],[121.40660149093577,24.943594601326705],[121.39760828729852,24.943594601326705]]]}},{"type":"Feature","properties":{"jobs":1599,"pop":913,"pointCount":12,"homeWorkCommuteMedian":5959,"workHomeCommuteMedian":7554},"geometry":{"type":"Polygon","coordinates":[[[121.39760828729852,24.95258780496395],[121.39760828729852,24.961581008601197],[121.40660149093577,24.961581008601197],[121.40660149093577,24.95258780496395],[121.39760828729852,24.95258780496395]]]}},{"type":"Feature","properties":{"jobs":657,"pop":250,"pointCount":2,"homeWorkCommuteMedian":9542,"workHomeCommuteMedian":16056},"geometry":{"type":"Polygon","coordinates":[[[121.39760828729852,24.961581008601197],[121.39760828729852,24.970574212238443],[121.40660149093577,24.970574212238443],[121.40660149093577,24.961581008601197],[121.39760828729852,24.961581008601197]]]}},{"type":"Feature","properties":{"jobs":5929,"pop":3237,"pointCount":11,"homeWorkCommuteMedian":6553,"workHomeCommuteMedian":6514},"geometry":{"type":"Polygon","coordinates":[[[121.39760828729852,24.970574212238443],[121.39760828729852,24.97956741587569],[121.40660149093577,24.97956741587569],[121.40660149093577,24.970574212238443],[121.39760828729852,24.970574212238443]]]}},{"type":"Feature","properties":{"jobs":331,"pop":40,"pointCount":2,"homeWorkCommuteMedian":6339,"workHomeCommuteMedian":7678},"geometry":{"type":"Polygon","coordinates":[[[121.39760828729852,24.97956741587569],[121.39760828729852,24.988560619512935],[121.40660149093577,24.988560619512935],[121.40660149093577,24.97956741587569],[121.39760828729852,24.97956741587569]]]}},{"type":"Feature","properties":{"jobs":34,"pop":141,"pointCount":1,"homeWorkCommuteMedian":14831,"workHomeCommuteMedian":9082},"geometry":{"type":"Polygon","coordinates":[[[121.39760828729852,24.988560619512935],[121.39760828729852,24.99755382315018],[121.40660149093577,24.99755382315018],[121.40660149093577,24.988560619512935],[121.39760828729852,24.988560619512935]]]}},{"type":"Feature","properties":{"jobs":0,"pop":534,"pointCount":1,"homeWorkCommuteMedian":6089,"workHomeCommuteMedian":-1},"geometry":{"type":"Polygon","coordinates":[[[121.39760828729852,24.99755382315018],[121.39760828729852,25.006547026787427],[121.40660149093577,25.006547026787427],[121.40660149093577,24.99755382315018],[121.39760828729852,24.99755382315018]]]}},{"type":"Feature","properties":{"jobs":430,"pop":1820,"pointCount":2,"homeWorkCommuteMedian":6764,"workHomeCommuteMedian":21416},"geometry":{"type":"Polygon","coordinates":[[[121.39760828729852,25.006547026787427],[121.39760828729852,25.015540230424673],[121.40660149093577,25.015540230424673],[121.40660149093577,25.006547026787427],[121.39760828729852,25.006547026787427]]]}},{"type":"Feature","properties":{"jobs":10425,"pop":5192,"pointCount":10,"homeWorkCommuteMedian":10014,"workHomeCommuteMedian":10238},"geometry":{"type":"Polygon","coordinates":[[[121.39760828729852,25.015540230424673],[121.39760828729852,25.02453343406192],[121.40660149093577,25.02453343406192],[121.40660149093577,25.015540230424673],[121.39760828729852,25.015540230424673]]]}},{"type":"Feature","properties":{"jobs":138,"pop":0,"pointCount":1,"homeWorkCommuteMedian":-1,"workHomeCommuteMedian":2129},"geometry":{"type":"Polygon","coordinates":[[[121.39760828729852,25.02453343406192],[121.39760828729852,25.033526637699165],[121.40660149093577,25.033526637699165],[121.40660149093577,25.02453343406192],[121.39760828729852,25.02453343406192]]]}},{"type":"Feature","properties":{"jobs":125,"pop":0,"pointCount":1,"homeWorkCommuteMedian":-1,"workHomeCommuteMedian":6534},"geometry":{"type":"Polygon","coordinates":[[[121.39760828729852,25.033526637699165],[121.39760828729852,25.04251984133641],[121.40660149093577,25.04251984133641],[121.40660149093577,25.033526637699165],[121.39760828729852,25.033526637699165]]]}},{"type":"Feature","properties":{"jobs":61,"pop":0,"pointCount":2,"homeWorkCommuteMedian":-1,"workHomeCommuteMedian":6167},"geometry":{"type":"Polygon","coordinates":[[[121.39760828729852,25.04251984133641],[121.39760828729852,25.051513044973657],[121.40660149093577,25.051513044973657],[121.40660149093577,25.04251984133641],[121.39760828729852,25.04251984133641]]]}},{"type":"Feature","properties":{"jobs":98,"pop":0,"pointCount":3,"homeWorkCommuteMedian":-1,"workHomeCommuteMedian":21063},"geometry":{"type":"Polygon","coordinates":[[[121.39760828729852,25.051513044973657],[121.39760828729852,25.060506248610903],[121.40660149093577,25.060506248610903],[121.40660149093577,25.051513044973657],[121.39760828729852,25.051513044973657]]]}},{"type":"Feature","properties":{"jobs":593,"pop":55,"pointCount":1,"homeWorkCommuteMedian":20482,"workHomeCommuteMedian":13932},"geometry":{"type":"Polygon","coordinates":[[[121.39760828729852,25.060506248610903],[121.39760828729852,25.06949945224815],[121.40660149093577,25.06949945224815],[121.40660149093577,25.060506248610903],[121.39760828729852,25.060506248610903]]]}},{"type":"Feature","properties":{"jobs":628,"pop":1293,"pointCount":3,"homeWorkCommuteMedian":6643,"workHomeCommuteMedian":11212},"geometry":{"type":"Polygon","coordinates":[[[121.39760828729852,25.06949945224815],[121.39760828729852,25.078492655885395],[121.40660149093577,25.078492655885395],[121.40660149093577,25.06949945224815],[121.39760828729852,25.06949945224815]]]}},{"type":"Feature","properties":{"jobs":3286,"pop":165,"pointCount":6,"homeWorkCommuteMedian":4202,"workHomeCommuteMedian":6074},"geometry":{"type":"Polygon","coordinates":[[[121.39760828729852,25.078492655885395],[121.39760828729852,25.08748585952264],[121.40660149093577,25.08748585952264],[121.40660149093577,25.078492655885395],[121.39760828729852,25.078492655885395]]]}},{"type":"Feature","properties":{"jobs":1076,"pop":206,"pointCount":7,"homeWorkCommuteMedian":18268,"workHomeCommuteMedian":7066},"geometry":{"type":"Polygon","coordinates":[[[121.39760828729852,25.08748585952264],[121.39760828729852,25.096479063159887],[121.40660149093577,25.096479063159887],[121.40660149093577,25.08748585952264],[121.39760828729852,25.08748585952264]]]}},{"type":"Feature","properties":{"jobs":273,"pop":0,"pointCount":1,"homeWorkCommuteMedian":-1,"workHomeCommuteMedian":29476},"geometry":{"type":"Polygon","coordinates":[[[121.39760828729852,25.096479063159887],[121.39760828729852,25.105472266797133],[121.40660149093577,25.105472266797133],[121.40660149093577,25.096479063159887],[121.39760828729852,25.096479063159887]]]}},{"type":"Feature","properties":{"jobs":34,"pop":46,"pointCount":2,"homeWorkCommuteMedian":10300,"workHomeCommuteMedian":9006},"geometry":{"type":"Polygon","coordinates":[[[121.39760828729852,25.105472266797133],[121.39760828729852,25.11446547043438],[121.40660149093577,25.11446547043438],[121.40660149093577,25.105472266797133],[121.39760828729852,25.105472266797133]]]}},{"type":"Feature","properties":{"jobs":164,"pop":202,"pointCount":3,"homeWorkCommuteMedian":4870,"workHomeCommuteMedian":23330},"geometry":{"type":"Polygon","coordinates":[[[121.39760828729852,25.11446547043438],[121.39760828729852,25.123458674071625],[121.40660149093577,25.123458674071625],[121.40660149093577,25.11446547043438],[121.39760828729852,25.11446547043438]]]}},{"type":"Feature","properties":{"jobs":74,"pop":270,"pointCount":2,"homeWorkCommuteMedian":23034,"workHomeCommuteMedian":4375},"geometry":{"type":"Polygon","coordinates":[[[121.39760828729852,25.123458674071625],[121.39760828729852,25.13245187770887],[121.40660149093577,25.13245187770887],[121.40660149093577,25.123458674071625],[121.39760828729852,25.123458674071625]]]}},{"type":"Feature","properties":{"jobs":217,"pop":190,"pointCount":4,"homeWorkCommuteMedian":2649,"workHomeCommuteMedian":33826},"geometry":{"type":"Polygon","coordinates":[[[121.39760828729852,25.13245187770887],[121.39760828729852,25.141445081346117],[121.40660149093577,25.141445081346117],[121.40660149093577,25.13245187770887],[121.39760828729852,25.13245187770887]]]}},{"type":"Feature","properties":{"jobs":2325,"pop":6145,"pointCount":7,"homeWorkCommuteMedian":18280,"workHomeCommuteMedian":8340},"geometry":{"type":"Polygon","coordinates":[[[121.39760828729852,25.141445081346117],[121.39760828729852,25.150438284983363],[121.40660149093577,25.150438284983363],[121.40660149093577,25.141445081346117],[121.39760828729852,25.141445081346117]]]}},{"type":"Feature","properties":{"jobs":949,"pop":1142,"pointCount":6,"homeWorkCommuteMedian":22347,"workHomeCommuteMedian":3938},"geometry":{"type":"Polygon","coordinates":[[[121.39760828729852,25.150438284983363],[121.39760828729852,25.15943148862061],[121.40660149093577,25.15943148862061],[121.40660149093577,25.150438284983363],[121.39760828729852,25.150438284983363]]]}},{"type":"Feature","properties":{"jobs":36,"pop":0,"pointCount":1,"homeWorkCommuteMedian":-1,"workHomeCommuteMedian":13879},"geometry":{"type":"Polygon","coordinates":[[[121.40660149093577,24.853662564954245],[121.40660149093577,24.86265576859149],[121.41559469457302,24.86265576859149],[121.41559469457302,24.853662564954245],[121.40660149093577,24.853662564954245]]]}},{"type":"Feature","properties":{"jobs":583,"pop":0,"pointCount":1,"homeWorkCommuteMedian":-1,"workHomeCommuteMedian":10543},"geometry":{"type":"Polygon","coordinates":[[[121.40660149093577,24.86265576859149],[121.40660149093577,24.871648972228737],[121.41559469457302,24.871648972228737],[121.41559469457302,24.86265576859149],[121.40660149093577,24.86265576859149]]]}},{"type":"Feature","properties":{"jobs":0,"pop":102,"pointCount":1,"homeWorkCommuteMedian":11348,"workHomeCommuteMedian":-1},"geometry":{"type":"Polygon","coordinates":[[[121.40660149093577,24.898628583140475],[121.40660149093577,24.90762178677772],[121.41559469457302,24.90762178677772],[121.41559469457302,24.898628583140475],[121.40660149093577,24.898628583140475]]]}},{"type":"Feature","properties":{"jobs":0,"pop":84,"pointCount":1,"homeWorkCommuteMedian":8273,"workHomeCommuteMedian":-1},"geometry":{"type":"Polygon","coordinates":[[[121.40660149093577,24.90762178677772],[121.40660149093577,24.916614990414967],[121.41559469457302,24.916614990414967],[121.41559469457302,24.90762178677772],[121.40660149093577,24.90762178677772]]]}},{"type":"Feature","properties":{"jobs":63,"pop":26,"pointCount":1,"homeWorkCommuteMedian":2465,"workHomeCommuteMedian":8086},"geometry":{"type":"Polygon","coordinates":[[[121.40660149093577,24.916614990414967],[121.40660149093577,24.925608194052213],[121.41559469457302,24.925608194052213],[121.41559469457302,24.916614990414967],[121.40660149093577,24.916614990414967]]]}},{"type":"Feature","properties":{"jobs":750,"pop":942,"pointCount":7,"homeWorkCommuteMedian":12694,"workHomeCommuteMedian":9052},"geometry":{"type":"Polygon","coordinates":[[[121.40660149093577,24.925608194052213],[121.40660149093577,24.93460139768946],[121.41559469457302,24.93460139768946],[121.41559469457302,24.925608194052213],[121.40660149093577,24.925608194052213]]]}},{"type":"Feature","properties":{"jobs":293,"pop":972,"pointCount":6,"homeWorkCommuteMedian":12047,"workHomeCommuteMedian":21270},"geometry":{"type":"Polygon","coordinates":[[[121.40660149093577,24.943594601326705],[121.40660149093577,24.95258780496395],[121.41559469457302,24.95258780496395],[121.41559469457302,24.943594601326705],[121.40660149093577,24.943594601326705]]]}},{"type":"Feature","properties":{"jobs":2539,"pop":4883,"pointCount":7,"homeWorkCommuteMedian":7426,"workHomeCommuteMedian":6318},"geometry":{"type":"Polygon","coordinates":[[[121.40660149093577,24.95258780496395],[121.40660149093577,24.961581008601197],[121.41559469457302,24.961581008601197],[121.41559469457302,24.95258780496395],[121.40660149093577,24.95258780496395]]]}},{"type":"Feature","properties":{"jobs":1058,"pop":55,"pointCount":2,"homeWorkCommuteMedian":7788,"workHomeCommuteMedian":23132},"geometry":{"type":"Polygon","coordinates":[[[121.40660149093577,24.961581008601197],[121.40660149093577,24.970574212238443],[121.41559469457302,24.970574212238443],[121.41559469457302,24.961581008601197],[121.40660149093577,24.961581008601197]]]}},{"type":"Feature","properties":{"jobs":6978,"pop":1338,"pointCount":14,"homeWorkCommuteMedian":8023,"workHomeCommuteMedian":7170},"geometry":{"type":"Polygon","coordinates":[[[121.40660149093577,24.970574212238443],[121.40660149093577,24.97956741587569],[121.41559469457302,24.97956741587569],[121.41559469457302,24.970574212238443],[121.40660149093577,24.970574212238443]]]}},{"type":"Feature","properties":{"jobs":5935,"pop":7024,"pointCount":10,"homeWorkCommuteMedian":5807,"workHomeCommuteMedian":10819},"geometry":{"type":"Polygon","coordinates":[[[121.40660149093577,24.97956741587569],[121.40660149093577,24.988560619512935],[121.41559469457302,24.988560619512935],[121.41559469457302,24.97956741587569],[121.40660149093577,24.97956741587569]]]}},{"type":"Feature","properties":{"jobs":532,"pop":632,"pointCount":4,"homeWorkCommuteMedian":12167,"workHomeCommuteMedian":6808},"geometry":{"type":"Polygon","coordinates":[[[121.40660149093577,24.988560619512935],[121.40660149093577,24.99755382315018],[121.41559469457302,24.99755382315018],[121.41559469457302,24.988560619512935],[121.40660149093577,24.988560619512935]]]}},{"type":"Feature","properties":{"jobs":2941,"pop":6640,"pointCount":10,"homeWorkCommuteMedian":7063,"workHomeCommuteMedian":8062},"geometry":{"type":"Polygon","coordinates":[[[121.40660149093577,24.99755382315018],[121.40660149093577,25.006547026787427],[121.41559469457302,25.006547026787427],[121.41559469457302,24.99755382315018],[121.40660149093577,24.99755382315018]]]}},{"type":"Feature","properties":{"jobs":5091,"pop":3403,"pointCount":9,"homeWorkCommuteMedian":9060,"workHomeCommuteMedian":8150},"geometry":{"type":"Polygon","coordinates":[[[121.40660149093577,25.006547026787427],[121.40660149093577,25.015540230424673],[121.41559469457302,25.015540230424673],[121.41559469457302,25.006547026787427],[121.40660149093577,25.006547026787427]]]}},{"type":"Feature","properties":{"jobs":10423,"pop":12973,"pointCount":15,"homeWorkCommuteMedian":7359,"workHomeCommuteMedian":7440},"geometry":{"type":"Polygon","coordinates":[[[121.40660149093577,25.015540230424673],[121.40660149093577,25.02453343406192],[121.41559469457302,25.02453343406192],[121.41559469457302,25.015540230424673],[121.40660149093577,25.015540230424673]]]}},{"type":"Feature","properties":{"jobs":5928,"pop":11868,"pointCount":11,"homeWorkCommuteMedian":7234,"workHomeCommuteMedian":7305},"geometry":{"type":"Polygon","coordinates":[[[121.40660149093577,25.02453343406192],[121.40660149093577,25.033526637699165],[121.41559469457302,25.033526637699165],[121.41559469457302,25.02453343406192],[121.40660149093577,25.02453343406192]]]}},{"type":"Feature","properties":{"jobs":136,"pop":213,"pointCount":3,"homeWorkCommuteMedian":8892,"workHomeCommuteMedian":6503},"geometry":{"type":"Polygon","coordinates":[[[121.40660149093577,25.033526637699165],[121.40660149093577,25.04251984133641],[121.41559469457302,25.04251984133641],[121.41559469457302,25.033526637699165],[121.40660149093577,25.033526637699165]]]}},{"type":"Feature","properties":{"jobs":1441,"pop":0,"pointCount":5,"homeWorkCommuteMedian":-1,"workHomeCommuteMedian":13253},"geometry":{"type":"Polygon","coordinates":[[[121.40660149093577,25.04251984133641],[121.40660149093577,25.051513044973657],[121.41559469457302,25.051513044973657],[121.41559469457302,25.04251984133641],[121.40660149093577,25.04251984133641]]]}},{"type":"Feature","properties":{"jobs":37,"pop":339,"pointCount":3,"homeWorkCommuteMedian":16850,"workHomeCommuteMedian":14862},"geometry":{"type":"Polygon","coordinates":[[[121.40660149093577,25.051513044973657],[121.40660149093577,25.060506248610903],[121.41559469457302,25.060506248610903],[121.41559469457302,25.051513044973657],[121.40660149093577,25.051513044973657]]]}},{"type":"Feature","properties":{"jobs":170,"pop":178,"pointCount":2,"homeWorkCommuteMedian":7394,"workHomeCommuteMedian":8723},"geometry":{"type":"Polygon","coordinates":[[[121.40660149093577,25.060506248610903],[121.40660149093577,25.06949945224815],[121.41559469457302,25.06949945224815],[121.41559469457302,25.060506248610903],[121.40660149093577,25.060506248610903]]]}},{"type":"Feature","properties":{"jobs":381,"pop":232,"pointCount":2,"homeWorkCommuteMedian":18918,"workHomeCommuteMedian":5593},"geometry":{"type":"Polygon","coordinates":[[[121.40660149093577,25.06949945224815],[121.40660149093577,25.078492655885395],[121.41559469457302,25.078492655885395],[121.41559469457302,25.06949945224815],[121.40660149093577,25.06949945224815]]]}},{"type":"Feature","properties":{"jobs":427,"pop":0,"pointCount":3,"homeWorkCommuteMedian":-1,"workHomeCommuteMedian":5796},"geometry":{"type":"Polygon","coordinates":[[[121.40660149093577,25.078492655885395],[121.40660149093577,25.08748585952264],[121.41559469457302,25.08748585952264],[121.41559469457302,25.078492655885395],[121.40660149093577,25.078492655885395]]]}},{"type":"Feature","properties":{"jobs":45,"pop":0,"pointCount":1,"homeWorkCommuteMedian":-1,"workHomeCommuteMedian":26559},"geometry":{"type":"Polygon","coordinates":[[[121.40660149093577,25.08748585952264],[121.40660149093577,25.096479063159887],[121.41559469457302,25.096479063159887],[121.41559469457302,25.08748585952264],[121.40660149093577,25.08748585952264]]]}},{"type":"Feature","properties":{"jobs":810,"pop":276,"pointCount":8,"homeWorkCommuteMedian":11677,"workHomeCommuteMedian":14643},"geometry":{"type":"Polygon","coordinates":[[[121.40660149093577,25.096479063159887],[121.40660149093577,25.105472266797133],[121.41559469457302,25.105472266797133],[121.41559469457302,25.096479063159887],[121.40660149093577,25.096479063159887]]]}},{"type":"Feature","properties":{"jobs":329,"pop":171,"pointCount":5,"homeWorkCommuteMedian":9423,"workHomeCommuteMedian":16088},"geometry":{"type":"Polygon","coordinates":[[[121.40660149093577,25.105472266797133],[121.40660149093577,25.11446547043438],[121.41559469457302,25.11446547043438],[121.41559469457302,25.105472266797133],[121.40660149093577,25.105472266797133]]]}},{"type":"Feature","properties":{"jobs":0,"pop":142,"pointCount":2,"homeWorkCommuteMedian":32844,"workHomeCommuteMedian":-1},"geometry":{"type":"Polygon","coordinates":[[[121.40660149093577,25.123458674071625],[121.40660149093577,25.13245187770887],[121.41559469457302,25.13245187770887],[121.41559469457302,25.123458674071625],[121.40660149093577,25.123458674071625]]]}},{"type":"Feature","properties":{"jobs":1566,"pop":55,"pointCount":5,"homeWorkCommuteMedian":13852,"workHomeCommuteMedian":5339},"geometry":{"type":"Polygon","coordinates":[[[121.40660149093577,25.141445081346117],[121.40660149093577,25.150438284983363],[121.41559469457302,25.150438284983363],[121.41559469457302,25.141445081346117],[121.40660149093577,25.141445081346117]]]}},{"type":"Feature","properties":{"jobs":1130,"pop":2208,"pointCount":12,"homeWorkCommuteMedian":11739,"workHomeCommuteMedian":13852},"geometry":{"type":"Polygon","coordinates":[[[121.40660149093577,25.150438284983363],[121.40660149093577,25.15943148862061],[121.41559469457302,25.15943148862061],[121.41559469457302,25.150438284983363],[121.40660149093577,25.150438284983363]]]}},{"type":"Feature","properties":{"jobs":304,"pop":1150,"pointCount":5,"homeWorkCommuteMedian":16241,"workHomeCommuteMedian":23757},"geometry":{"type":"Polygon","coordinates":[[[121.40660149093577,25.15943148862061],[121.40660149093577,25.168424692257855],[121.41559469457302,25.168424692257855],[121.41559469457302,25.15943148862061],[121.40660149093577,25.15943148862061]]]}},{"type":"Feature","properties":{"jobs":1613,"pop":0,"pointCount":2,"homeWorkCommuteMedian":-1,"workHomeCommuteMedian":8485},"geometry":{"type":"Polygon","coordinates":[[[121.40660149093577,25.1774178958951],[121.40660149093577,25.186411099532346],[121.41559469457302,25.186411099532346],[121.41559469457302,25.1774178958951],[121.40660149093577,25.1774178958951]]]}},{"type":"Feature","properties":{"jobs":0,"pop":35,"pointCount":1,"homeWorkCommuteMedian":1699,"workHomeCommuteMedian":-1},"geometry":{"type":"Polygon","coordinates":[[[121.41559469457302,24.86265576859149],[121.41559469457302,24.871648972228737],[121.42458789821026,24.871648972228737],[121.42458789821026,24.86265576859149],[121.41559469457302,24.86265576859149]]]}},{"type":"Feature","properties":{"jobs":0,"pop":43,"pointCount":1,"homeWorkCommuteMedian":14306,"workHomeCommuteMedian":-1},"geometry":{"type":"Polygon","coordinates":[[[121.41559469457302,24.871648972228737],[121.41559469457302,24.880642175865983],[121.42458789821026,24.880642175865983],[121.42458789821026,24.871648972228737],[121.41559469457302,24.871648972228737]]]}},{"type":"Feature","properties":{"jobs":0,"pop":28,"pointCount":1,"homeWorkCommuteMedian":33961,"workHomeCommuteMedian":-1},"geometry":{"type":"Polygon","coordinates":[[[121.41559469457302,24.880642175865983],[121.41559469457302,24.88963537950323],[121.42458789821026,24.88963537950323],[121.42458789821026,24.880642175865983],[121.41559469457302,24.880642175865983]]]}},{"type":"Feature","properties":{"jobs":51,"pop":0,"pointCount":1,"homeWorkCommuteMedian":-1,"workHomeCommuteMedian":10088},"geometry":{"type":"Polygon","coordinates":[[[121.41559469457302,24.90762178677772],[121.41559469457302,24.916614990414967],[121.42458789821026,24.916614990414967],[121.42458789821026,24.90762178677772],[121.41559469457302,24.90762178677772]]]}},{"type":"Feature","properties":{"jobs":81,"pop":370,"pointCount":3,"homeWorkCommuteMedian":10142,"workHomeCommuteMedian":19307},"geometry":{"type":"Polygon","coordinates":[[[121.41559469457302,24.916614990414967],[121.41559469457302,24.925608194052213],[121.42458789821026,24.925608194052213],[121.42458789821026,24.916614990414967],[121.41559469457302,24.916614990414967]]]}},{"type":"Feature","properties":{"jobs":329,"pop":192,"pointCount":7,"homeWorkCommuteMedian":12441,"workHomeCommuteMedian":11258},"geometry":{"type":"Polygon","coordinates":[[[121.41559469457302,24.925608194052213],[121.41559469457302,24.93460139768946],[121.42458789821026,24.93460139768946],[121.42458789821026,24.925608194052213],[121.41559469457302,24.925608194052213]]]}},{"type":"Feature","properties":{"jobs":63,"pop":0,"pointCount":1,"homeWorkCommuteMedian":-1,"workHomeCommuteMedian":5472},"geometry":{"type":"Polygon","coordinates":[[[121.41559469457302,24.93460139768946],[121.41559469457302,24.943594601326705],[121.42458789821026,24.943594601326705],[121.42458789821026,24.93460139768946],[121.41559469457302,24.93460139768946]]]}},{"type":"Feature","properties":{"jobs":33,"pop":0,"pointCount":1,"homeWorkCommuteMedian":-1,"workHomeCommuteMedian":12562},"geometry":{"type":"Polygon","coordinates":[[[121.41559469457302,24.943594601326705],[121.41559469457302,24.95258780496395],[121.42458789821026,24.95258780496395],[121.42458789821026,24.943594601326705],[121.41559469457302,24.943594601326705]]]}},{"type":"Feature","properties":{"jobs":3197,"pop":3875,"pointCount":9,"homeWorkCommuteMedian":11334,"workHomeCommuteMedian":5499},"geometry":{"type":"Polygon","coordinates":[[[121.41559469457302,24.95258780496395],[121.41559469457302,24.961581008601197],[121.42458789821026,24.961581008601197],[121.42458789821026,24.95258780496395],[121.41559469457302,24.95258780496395]]]}},{"type":"Feature","properties":{"jobs":3652,"pop":3091,"pointCount":7,"homeWorkCommuteMedian":5120,"workHomeCommuteMedian":5624},"geometry":{"type":"Polygon","coordinates":[[[121.41559469457302,24.961581008601197],[121.41559469457302,24.970574212238443],[121.42458789821026,24.970574212238443],[121.42458789821026,24.961581008601197],[121.41559469457302,24.961581008601197]]]}},{"type":"Feature","properties":{"jobs":3522,"pop":7849,"pointCount":11,"homeWorkCommuteMedian":7199,"workHomeCommuteMedian":4810},"geometry":{"type":"Polygon","coordinates":[[[121.41559469457302,24.970574212238443],[121.41559469457302,24.97956741587569],[121.42458789821026,24.97956741587569],[121.42458789821026,24.970574212238443],[121.41559469457302,24.970574212238443]]]}},{"type":"Feature","properties":{"jobs":9538,"pop":15912,"pointCount":16,"homeWorkCommuteMedian":6692,"workHomeCommuteMedian":8803},"geometry":{"type":"Polygon","coordinates":[[[121.41559469457302,24.97956741587569],[121.41559469457302,24.988560619512935],[121.42458789821026,24.988560619512935],[121.42458789821026,24.97956741587569],[121.41559469457302,24.97956741587569]]]}},{"type":"Feature","properties":{"jobs":11307,"pop":15590,"pointCount":17,"homeWorkCommuteMedian":7189,"workHomeCommuteMedian":9258},"geometry":{"type":"Polygon","coordinates":[[[121.41559469457302,24.988560619512935],[121.41559469457302,24.99755382315018],[121.42458789821026,24.99755382315018],[121.42458789821026,24.988560619512935],[121.41559469457302,24.988560619512935]]]}},{"type":"Feature","properties":{"jobs":7167,"pop":2275,"pointCount":9,"homeWorkCommuteMedian":7296,"workHomeCommuteMedian":7353},"geometry":{"type":"Polygon","coordinates":[[[121.41559469457302,24.99755382315018],[121.41559469457302,25.006547026787427],[121.42458789821026,25.006547026787427],[121.42458789821026,24.99755382315018],[121.41559469457302,24.99755382315018]]]}},{"type":"Feature","properties":{"jobs":9663,"pop":4691,"pointCount":13,"homeWorkCommuteMedian":10409,"workHomeCommuteMedian":8950},"geometry":{"type":"Polygon","coordinates":[[[121.41559469457302,25.006547026787427],[121.41559469457302,25.015540230424673],[121.42458789821026,25.015540230424673],[121.42458789821026,25.006547026787427],[121.41559469457302,25.006547026787427]]]}},{"type":"Feature","properties":{"jobs":13137,"pop":18276,"pointCount":14,"homeWorkCommuteMedian":7889,"workHomeCommuteMedian":8189},"geometry":{"type":"Polygon","coordinates":[[[121.41559469457302,25.015540230424673],[121.41559469457302,25.02453343406192],[121.42458789821026,25.02453343406192],[121.42458789821026,25.015540230424673],[121.41559469457302,25.015540230424673]]]}},{"type":"Feature","properties":{"jobs":12623,"pop":16955,"pointCount":19,"homeWorkCommuteMedian":8328,"workHomeCommuteMedian":6253},"geometry":{"type":"Polygon","coordinates":[[[121.41559469457302,25.02453343406192],[121.41559469457302,25.033526637699165],[121.42458789821026,25.033526637699165],[121.42458789821026,25.02453343406192],[121.41559469457302,25.02453343406192]]]}},{"type":"Feature","properties":{"jobs":5762,"pop":3740,"pointCount":6,"homeWorkCommuteMedian":6729,"workHomeCommuteMedian":8591},"geometry":{"type":"Polygon","coordinates":[[[121.41559469457302,25.033526637699165],[121.41559469457302,25.04251984133641],[121.42458789821026,25.04251984133641],[121.42458789821026,25.033526637699165],[121.41559469457302,25.033526637699165]]]}},{"type":"Feature","properties":{"jobs":811,"pop":1113,"pointCount":5,"homeWorkCommuteMedian":14355,"workHomeCommuteMedian":3794},"geometry":{"type":"Polygon","coordinates":[[[121.41559469457302,25.04251984133641],[121.41559469457302,25.051513044973657],[121.42458789821026,25.051513044973657],[121.42458789821026,25.04251984133641],[121.41559469457302,25.04251984133641]]]}},{"type":"Feature","properties":{"jobs":131,"pop":51,"pointCount":2,"homeWorkCommuteMedian":16025,"workHomeCommuteMedian":7639},"geometry":{"type":"Polygon","coordinates":[[[121.41559469457302,25.051513044973657],[121.41559469457302,25.060506248610903],[121.42458789821026,25.060506248610903],[121.42458789821026,25.051513044973657],[121.41559469457302,25.051513044973657]]]}},{"type":"Feature","properties":{"jobs":4343,"pop":1914,"pointCount":9,"homeWorkCommuteMedian":7540,"workHomeCommuteMedian":14344},"geometry":{"type":"Polygon","coordinates":[[[121.41559469457302,25.060506248610903],[121.41559469457302,25.06949945224815],[121.42458789821026,25.06949945224815],[121.42458789821026,25.060506248610903],[121.41559469457302,25.060506248610903]]]}},{"type":"Feature","properties":{"jobs":521,"pop":149,"pointCount":5,"homeWorkCommuteMedian":13441,"workHomeCommuteMedian":11579},"geometry":{"type":"Polygon","coordinates":[[[121.41559469457302,25.06949945224815],[121.41559469457302,25.078492655885395],[121.42458789821026,25.078492655885395],[121.42458789821026,25.06949945224815],[121.41559469457302,25.06949945224815]]]}},{"type":"Feature","properties":{"jobs":322,"pop":42,"pointCount":1,"homeWorkCommuteMedian":1930,"workHomeCommuteMedian":27420},"geometry":{"type":"Polygon","coordinates":[[[121.41559469457302,25.078492655885395],[121.41559469457302,25.08748585952264],[121.42458789821026,25.08748585952264],[121.42458789821026,25.078492655885395],[121.41559469457302,25.078492655885395]]]}},{"type":"Feature","properties":{"jobs":407,"pop":545,"pointCount":4,"homeWorkCommuteMedian":30401,"workHomeCommuteMedian":13951},"geometry":{"type":"Polygon","coordinates":[[[121.41559469457302,25.08748585952264],[121.41559469457302,25.096479063159887],[121.42458789821026,25.096479063159887],[121.42458789821026,25.08748585952264],[121.41559469457302,25.08748585952264]]]}},{"type":"Feature","properties":{"jobs":494,"pop":286,"pointCount":8,"homeWorkCommuteMedian":18357,"workHomeCommuteMedian":14327},"geometry":{"type":"Polygon","coordinates":[[[121.41559469457302,25.096479063159887],[121.41559469457302,25.105472266797133],[121.42458789821026,25.105472266797133],[121.42458789821026,25.096479063159887],[121.41559469457302,25.096479063159887]]]}},{"type":"Feature","properties":{"jobs":107,"pop":85,"pointCount":3,"homeWorkCommuteMedian":24839,"workHomeCommuteMedian":8492},"geometry":{"type":"Polygon","coordinates":[[[121.41559469457302,25.105472266797133],[121.41559469457302,25.11446547043438],[121.42458789821026,25.11446547043438],[121.42458789821026,25.105472266797133],[121.41559469457302,25.105472266797133]]]}},{"type":"Feature","properties":{"jobs":185,"pop":270,"pointCount":4,"homeWorkCommuteMedian":13907,"workHomeCommuteMedian":23018},"geometry":{"type":"Polygon","coordinates":[[[121.41559469457302,25.11446547043438],[121.41559469457302,25.123458674071625],[121.42458789821026,25.123458674071625],[121.42458789821026,25.11446547043438],[121.41559469457302,25.11446547043438]]]}},{"type":"Feature","properties":{"jobs":222,"pop":103,"pointCount":1,"homeWorkCommuteMedian":6412,"workHomeCommuteMedian":34253},"geometry":{"type":"Polygon","coordinates":[[[121.41559469457302,25.123458674071625],[121.41559469457302,25.13245187770887],[121.42458789821026,25.13245187770887],[121.42458789821026,25.123458674071625],[121.41559469457302,25.123458674071625]]]}},{"type":"Feature","properties":{"jobs":0,"pop":97,"pointCount":2,"homeWorkCommuteMedian":10029,"workHomeCommuteMedian":-1},"geometry":{"type":"Polygon","coordinates":[[[121.41559469457302,25.13245187770887],[121.41559469457302,25.141445081346117],[121.42458789821026,25.141445081346117],[121.42458789821026,25.13245187770887],[121.41559469457302,25.13245187770887]]]}},{"type":"Feature","properties":{"jobs":1851,"pop":1267,"pointCount":9,"homeWorkCommuteMedian":22699,"workHomeCommuteMedian":15705},"geometry":{"type":"Polygon","coordinates":[[[121.41559469457302,25.150438284983363],[121.41559469457302,25.15943148862061],[121.42458789821026,25.15943148862061],[121.42458789821026,25.150438284983363],[121.41559469457302,25.150438284983363]]]}},{"type":"Feature","properties":{"jobs":786,"pop":795,"pointCount":5,"homeWorkCommuteMedian":26464,"workHomeCommuteMedian":26872},"geometry":{"type":"Polygon","coordinates":[[[121.41559469457302,25.15943148862061],[121.41559469457302,25.168424692257855],[121.42458789821026,25.168424692257855],[121.42458789821026,25.15943148862061],[121.41559469457302,25.15943148862061]]]}},{"type":"Feature","properties":{"jobs":3614,"pop":4103,"pointCount":9,"homeWorkCommuteMedian":7837,"workHomeCommuteMedian":4526},"geometry":{"type":"Polygon","coordinates":[[[121.41559469457302,25.1774178958951],[121.41559469457302,25.186411099532346],[121.42458789821026,25.186411099532346],[121.42458789821026,25.1774178958951],[121.41559469457302,25.1774178958951]]]}},{"type":"Feature","properties":{"jobs":97,"pop":641,"pointCount":5,"homeWorkCommuteMedian":19794,"workHomeCommuteMedian":4051},"geometry":{"type":"Polygon","coordinates":[[[121.41559469457302,25.186411099532346],[121.41559469457302,25.195404303169592],[121.42458789821026,25.195404303169592],[121.42458789821026,25.186411099532346],[121.41559469457302,25.186411099532346]]]}},{"type":"Feature","properties":{"jobs":0,"pop":68,"pointCount":1,"homeWorkCommuteMedian":12434,"workHomeCommuteMedian":-1},"geometry":{"type":"Polygon","coordinates":[[[121.42458789821026,24.853662564954245],[121.42458789821026,24.86265576859149],[121.43358110184751,24.86265576859149],[121.43358110184751,24.853662564954245],[121.42458789821026,24.853662564954245]]]}},{"type":"Feature","properties":{"jobs":0,"pop":31,"pointCount":1,"homeWorkCommuteMedian":9434,"workHomeCommuteMedian":-1},"geometry":{"type":"Polygon","coordinates":[[[121.42458789821026,24.871648972228737],[121.42458789821026,24.880642175865983],[121.43358110184751,24.880642175865983],[121.43358110184751,24.871648972228737],[121.42458789821026,24.871648972228737]]]}},{"type":"Feature","properties":{"jobs":0,"pop":41,"pointCount":1,"homeWorkCommuteMedian":15182,"workHomeCommuteMedian":-1},"geometry":{"type":"Polygon","coordinates":[[[121.42458789821026,24.880642175865983],[121.42458789821026,24.88963537950323],[121.43358110184751,24.88963537950323],[121.43358110184751,24.880642175865983],[121.42458789821026,24.880642175865983]]]}},{"type":"Feature","properties":{"jobs":0,"pop":127,"pointCount":1,"homeWorkCommuteMedian":15890,"workHomeCommuteMedian":-1},"geometry":{"type":"Polygon","coordinates":[[[121.42458789821026,24.898628583140475],[121.42458789821026,24.90762178677772],[121.43358110184751,24.90762178677772],[121.43358110184751,24.898628583140475],[121.42458789821026,24.898628583140475]]]}},{"type":"Feature","properties":{"jobs":0,"pop":160,"pointCount":1,"homeWorkCommuteMedian":20977,"workHomeCommuteMedian":-1},"geometry":{"type":"Polygon","coordinates":[[[121.42458789821026,24.90762178677772],[121.42458789821026,24.916614990414967],[121.43358110184751,24.916614990414967],[121.43358110184751,24.90762178677772],[121.42458789821026,24.90762178677772]]]}},{"type":"Feature","properties":{"jobs":353,"pop":178,"pointCount":6,"homeWorkCommuteMedian":8597,"workHomeCommuteMedian":30502},"geometry":{"type":"Polygon","coordinates":[[[121.42458789821026,24.916614990414967],[121.42458789821026,24.925608194052213],[121.43358110184751,24.925608194052213],[121.43358110184751,24.916614990414967],[121.42458789821026,24.916614990414967]]]}},{"type":"Feature","properties":{"jobs":28,"pop":368,"pointCount":3,"homeWorkCommuteMedian":19751,"workHomeCommuteMedian":921},"geometry":{"type":"Polygon","coordinates":[[[121.42458789821026,24.925608194052213],[121.42458789821026,24.93460139768946],[121.43358110184751,24.93460139768946],[121.43358110184751,24.925608194052213],[121.42458789821026,24.925608194052213]]]}},{"type":"Feature","properties":{"jobs":164,"pop":816,"pointCount":2,"homeWorkCommuteMedian":10018,"workHomeCommuteMedian":7486},"geometry":{"type":"Polygon","coordinates":[[[121.42458789821026,24.95258780496395],[121.42458789821026,24.961581008601197],[121.43358110184751,24.961581008601197],[121.43358110184751,24.95258780496395],[121.42458789821026,24.95258780496395]]]}},{"type":"Feature","properties":{"jobs":7817,"pop":5150,"pointCount":15,"homeWorkCommuteMedian":4740,"workHomeCommuteMedian":6779},"geometry":{"type":"Polygon","coordinates":[[[121.42458789821026,24.961581008601197],[121.42458789821026,24.970574212238443],[121.43358110184751,24.970574212238443],[121.43358110184751,24.961581008601197],[121.42458789821026,24.961581008601197]]]}},{"type":"Feature","properties":{"jobs":498,"pop":0,"pointCount":1,"homeWorkCommuteMedian":-1,"workHomeCommuteMedian":5762},"geometry":{"type":"Polygon","coordinates":[[[121.42458789821026,24.970574212238443],[121.42458789821026,24.97956741587569],[121.43358110184751,24.97956741587569],[121.43358110184751,24.970574212238443],[121.42458789821026,24.970574212238443]]]}},{"type":"Feature","properties":{"jobs":5165,"pop":13444,"pointCount":15,"homeWorkCommuteMedian":8064,"workHomeCommuteMedian":8379},"geometry":{"type":"Polygon","coordinates":[[[121.42458789821026,24.97956741587569],[121.42458789821026,24.988560619512935],[121.43358110184751,24.988560619512935],[121.43358110184751,24.97956741587569],[121.42458789821026,24.97956741587569]]]}},{"type":"Feature","properties":{"jobs":14666,"pop":19167,"pointCount":20,"homeWorkCommuteMedian":7593,"workHomeCommuteMedian":6548},"geometry":{"type":"Polygon","coordinates":[[[121.42458789821026,24.988560619512935],[121.42458789821026,24.99755382315018],[121.43358110184751,24.99755382315018],[121.43358110184751,24.988560619512935],[121.42458789821026,24.988560619512935]]]}},{"type":"Feature","properties":{"jobs":7008,"pop":7768,"pointCount":12,"homeWorkCommuteMedian":8032,"workHomeCommuteMedian":7187},"geometry":{"type":"Polygon","coordinates":[[[121.42458789821026,24.99755382315018],[121.42458789821026,25.006547026787427],[121.43358110184751,25.006547026787427],[121.43358110184751,24.99755382315018],[121.42458789821026,24.99755382315018]]]}},{"type":"Feature","properties":{"jobs":9339,"pop":15180,"pointCount":17,"homeWorkCommuteMedian":8742,"workHomeCommuteMedian":6338},"geometry":{"type":"Polygon","coordinates":[[[121.42458789821026,25.006547026787427],[121.42458789821026,25.015540230424673],[121.43358110184751,25.015540230424673],[121.43358110184751,25.006547026787427],[121.42458789821026,25.006547026787427]]]}},{"type":"Feature","properties":{"jobs":12027,"pop":22708,"pointCount":21,"homeWorkCommuteMedian":7199,"workHomeCommuteMedian":6108},"geometry":{"type":"Polygon","coordinates":[[[121.42458789821026,25.015540230424673],[121.42458789821026,25.02453343406192],[121.43358110184751,25.02453343406192],[121.43358110184751,25.015540230424673],[121.42458789821026,25.015540230424673]]]}},{"type":"Feature","properties":{"jobs":12128,"pop":10534,"pointCount":13,"homeWorkCommuteMedian":7650,"workHomeCommuteMedian":5176},"geometry":{"type":"Polygon","coordinates":[[[121.42458789821026,25.02453343406192],[121.42458789821026,25.033526637699165],[121.43358110184751,25.033526637699165],[121.43358110184751,25.02453343406192],[121.42458789821026,25.02453343406192]]]}},{"type":"Feature","properties":{"jobs":24986,"pop":2622,"pointCount":8,"homeWorkCommuteMedian":8476,"workHomeCommuteMedian":8305},"geometry":{"type":"Polygon","coordinates":[[[121.42458789821026,25.033526637699165],[121.42458789821026,25.04251984133641],[121.43358110184751,25.04251984133641],[121.43358110184751,25.033526637699165],[121.42458789821026,25.033526637699165]]]}},{"type":"Feature","properties":{"jobs":3310,"pop":8974,"pointCount":9,"homeWorkCommuteMedian":10615,"workHomeCommuteMedian":12621},"geometry":{"type":"Polygon","coordinates":[[[121.42458789821026,25.04251984133641],[121.42458789821026,25.051513044973657],[121.43358110184751,25.051513044973657],[121.43358110184751,25.04251984133641],[121.42458789821026,25.04251984133641]]]}},{"type":"Feature","properties":{"jobs":8233,"pop":15304,"pointCount":15,"homeWorkCommuteMedian":8653,"workHomeCommuteMedian":10676},"geometry":{"type":"Polygon","coordinates":[[[121.42458789821026,25.051513044973657],[121.42458789821026,25.060506248610903],[121.43358110184751,25.060506248610903],[121.43358110184751,25.051513044973657],[121.42458789821026,25.051513044973657]]]}},{"type":"Feature","properties":{"jobs":4387,"pop":9685,"pointCount":14,"homeWorkCommuteMedian":9818,"workHomeCommuteMedian":12919},"geometry":{"type":"Polygon","coordinates":[[[121.42458789821026,25.060506248610903],[121.42458789821026,25.06949945224815],[121.43358110184751,25.06949945224815],[121.43358110184751,25.060506248610903],[121.42458789821026,25.060506248610903]]]}},{"type":"Feature","properties":{"jobs":1588,"pop":4975,"pointCount":7,"homeWorkCommuteMedian":12468,"workHomeCommuteMedian":11145},"geometry":{"type":"Polygon","coordinates":[[[121.42458789821026,25.06949945224815],[121.42458789821026,25.078492655885395],[121.43358110184751,25.078492655885395],[121.43358110184751,25.06949945224815],[121.42458789821026,25.06949945224815]]]}},{"type":"Feature","properties":{"jobs":0,"pop":627,"pointCount":1,"homeWorkCommuteMedian":5006,"workHomeCommuteMedian":-1},"geometry":{"type":"Polygon","coordinates":[[[121.42458789821026,25.078492655885395],[121.42458789821026,25.08748585952264],[121.43358110184751,25.08748585952264],[121.43358110184751,25.078492655885395],[121.42458789821026,25.078492655885395]]]}},{"type":"Feature","properties":{"jobs":2572,"pop":4316,"pointCount":11,"homeWorkCommuteMedian":9913,"workHomeCommuteMedian":9347},"geometry":{"type":"Polygon","coordinates":[[[121.42458789821026,25.08748585952264],[121.42458789821026,25.096479063159887],[121.43358110184751,25.096479063159887],[121.43358110184751,25.08748585952264],[121.42458789821026,25.08748585952264]]]}},{"type":"Feature","properties":{"jobs":0,"pop":82,"pointCount":1,"homeWorkCommuteMedian":12053,"workHomeCommuteMedian":-1},"geometry":{"type":"Polygon","coordinates":[[[121.42458789821026,25.096479063159887],[121.42458789821026,25.105472266797133],[121.43358110184751,25.105472266797133],[121.43358110184751,25.096479063159887],[121.42458789821026,25.096479063159887]]]}},{"type":"Feature","properties":{"jobs":875,"pop":223,"pointCount":7,"homeWorkCommuteMedian":20536,"workHomeCommuteMedian":17182},"geometry":{"type":"Polygon","coordinates":[[[121.42458789821026,25.105472266797133],[121.42458789821026,25.11446547043438],[121.43358110184751,25.11446547043438],[121.43358110184751,25.105472266797133],[121.42458789821026,25.105472266797133]]]}},{"type":"Feature","properties":{"jobs":644,"pop":166,"pointCount":6,"homeWorkCommuteMedian":17610,"workHomeCommuteMedian":10761},"geometry":{"type":"Polygon","coordinates":[[[121.42458789821026,25.11446547043438],[121.42458789821026,25.123458674071625],[121.43358110184751,25.123458674071625],[121.43358110184751,25.11446547043438],[121.42458789821026,25.11446547043438]]]}},{"type":"Feature","properties":{"jobs":165,"pop":143,"pointCount":2,"homeWorkCommuteMedian":11154,"workHomeCommuteMedian":13323},"geometry":{"type":"Polygon","coordinates":[[[121.42458789821026,25.123458674071625],[121.42458789821026,25.13245187770887],[121.43358110184751,25.13245187770887],[121.43358110184751,25.123458674071625],[121.42458789821026,25.123458674071625]]]}},{"type":"Feature","properties":{"jobs":56,"pop":0,"pointCount":2,"homeWorkCommuteMedian":-1,"workHomeCommuteMedian":24338},"geometry":{"type":"Polygon","coordinates":[[[121.42458789821026,25.13245187770887],[121.42458789821026,25.141445081346117],[121.43358110184751,25.141445081346117],[121.43358110184751,25.13245187770887],[121.42458789821026,25.13245187770887]]]}},{"type":"Feature","properties":{"jobs":0,"pop":219,"pointCount":3,"homeWorkCommuteMedian":22263,"workHomeCommuteMedian":-1},"geometry":{"type":"Polygon","coordinates":[[[121.42458789821026,25.141445081346117],[121.42458789821026,25.150438284983363],[121.43358110184751,25.150438284983363],[121.43358110184751,25.141445081346117],[121.42458789821026,25.141445081346117]]]}},{"type":"Feature","properties":{"jobs":133,"pop":160,"pointCount":3,"homeWorkCommuteMedian":17064,"workHomeCommuteMedian":16214},"geometry":{"type":"Polygon","coordinates":[[[121.42458789821026,25.150438284983363],[121.42458789821026,25.15943148862061],[121.43358110184751,25.15943148862061],[121.43358110184751,25.150438284983363],[121.42458789821026,25.150438284983363]]]}},{"type":"Feature","properties":{"jobs":1344,"pop":968,"pointCount":5,"homeWorkCommuteMedian":6899,"workHomeCommuteMedian":4118},"geometry":{"type":"Polygon","coordinates":[[[121.42458789821026,25.15943148862061],[121.42458789821026,25.168424692257855],[121.43358110184751,25.168424692257855],[121.43358110184751,25.15943148862061],[121.42458789821026,25.15943148862061]]]}},{"type":"Feature","properties":{"jobs":2066,"pop":729,"pointCount":5,"homeWorkCommuteMedian":6705,"workHomeCommuteMedian":8763},"geometry":{"type":"Polygon","coordinates":[[[121.42458789821026,25.168424692257855],[121.42458789821026,25.1774178958951],[121.43358110184751,25.1774178958951],[121.43358110184751,25.168424692257855],[121.42458789821026,25.168424692257855]]]}},{"type":"Feature","properties":{"jobs":1567,"pop":3159,"pointCount":5,"homeWorkCommuteMedian":20911,"workHomeCommuteMedian":4669},"geometry":{"type":"Polygon","coordinates":[[[121.42458789821026,25.1774178958951],[121.42458789821026,25.186411099532346],[121.43358110184751,25.186411099532346],[121.43358110184751,25.1774178958951],[121.42458789821026,25.1774178958951]]]}},{"type":"Feature","properties":{"jobs":5289,"pop":4581,"pointCount":10,"homeWorkCommuteMedian":21987,"workHomeCommuteMedian":7617},"geometry":{"type":"Polygon","coordinates":[[[121.42458789821026,25.186411099532346],[121.42458789821026,25.195404303169592],[121.43358110184751,25.195404303169592],[121.43358110184751,25.186411099532346],[121.42458789821026,25.186411099532346]]]}},{"type":"Feature","properties":{"jobs":533,"pop":2526,"pointCount":4,"homeWorkCommuteMedian":23547,"workHomeCommuteMedian":4810},"geometry":{"type":"Polygon","coordinates":[[[121.42458789821026,25.195404303169592],[121.42458789821026,25.20439750680684],[121.43358110184751,25.20439750680684],[121.43358110184751,25.195404303169592],[121.42458789821026,25.195404303169592]]]}},{"type":"Feature","properties":{"jobs":40,"pop":0,"pointCount":1,"homeWorkCommuteMedian":-1,"workHomeCommuteMedian":45165},"geometry":{"type":"Polygon","coordinates":[[[121.43358110184751,24.844669361317],[121.43358110184751,24.853662564954245],[121.44257430548475,24.853662564954245],[121.44257430548475,24.844669361317],[121.43358110184751,24.844669361317]]]}},{"type":"Feature","properties":{"jobs":50,"pop":0,"pointCount":1,"homeWorkCommuteMedian":-1,"workHomeCommuteMedian":13849},"geometry":{"type":"Polygon","coordinates":[[[121.43358110184751,24.853662564954245],[121.43358110184751,24.86265576859149],[121.44257430548475,24.86265576859149],[121.44257430548475,24.853662564954245],[121.43358110184751,24.853662564954245]]]}},{"type":"Feature","properties":{"jobs":91,"pop":97,"pointCount":2,"homeWorkCommuteMedian":16726,"workHomeCommuteMedian":17150},"geometry":{"type":"Polygon","coordinates":[[[121.43358110184751,24.86265576859149],[121.43358110184751,24.871648972228737],[121.44257430548475,24.871648972228737],[121.44257430548475,24.86265576859149],[121.43358110184751,24.86265576859149]]]}},{"type":"Feature","properties":{"jobs":103,"pop":0,"pointCount":1,"homeWorkCommuteMedian":-1,"workHomeCommuteMedian":8958},"geometry":{"type":"Polygon","coordinates":[[[121.43358110184751,24.90762178677772],[121.43358110184751,24.916614990414967],[121.44257430548475,24.916614990414967],[121.44257430548475,24.90762178677772],[121.43358110184751,24.90762178677772]]]}},{"type":"Feature","properties":{"jobs":0,"pop":104,"pointCount":1,"homeWorkCommuteMedian":28649,"workHomeCommuteMedian":-1},"geometry":{"type":"Polygon","coordinates":[[[121.43358110184751,24.916614990414967],[121.43358110184751,24.925608194052213],[121.44257430548475,24.925608194052213],[121.44257430548475,24.916614990414967],[121.43358110184751,24.916614990414967]]]}},{"type":"Feature","properties":{"jobs":34,"pop":53,"pointCount":1,"homeWorkCommuteMedian":20386,"workHomeCommuteMedian":7892},"geometry":{"type":"Polygon","coordinates":[[[121.43358110184751,24.925608194052213],[121.43358110184751,24.93460139768946],[121.44257430548475,24.93460139768946],[121.44257430548475,24.925608194052213],[121.43358110184751,24.925608194052213]]]}},{"type":"Feature","properties":{"jobs":0,"pop":109,"pointCount":1,"homeWorkCommuteMedian":9745,"workHomeCommuteMedian":-1},"geometry":{"type":"Polygon","coordinates":[[[121.43358110184751,24.93460139768946],[121.43358110184751,24.943594601326705],[121.44257430548475,24.943594601326705],[121.44257430548475,24.93460139768946],[121.43358110184751,24.93460139768946]]]}},{"type":"Feature","properties":{"jobs":409,"pop":167,"pointCount":3,"homeWorkCommuteMedian":1465,"workHomeCommuteMedian":9315},"geometry":{"type":"Polygon","coordinates":[[[121.43358110184751,24.95258780496395],[121.43358110184751,24.961581008601197],[121.44257430548475,24.961581008601197],[121.44257430548475,24.95258780496395],[121.43358110184751,24.95258780496395]]]}},{"type":"Feature","properties":{"jobs":10748,"pop":2000,"pointCount":10,"homeWorkCommuteMedian":3771,"workHomeCommuteMedian":11607},"geometry":{"type":"Polygon","coordinates":[[[121.43358110184751,24.961581008601197],[121.43358110184751,24.970574212238443],[121.44257430548475,24.970574212238443],[121.44257430548475,24.961581008601197],[121.43358110184751,24.961581008601197]]]}},{"type":"Feature","properties":{"jobs":13444,"pop":10542,"pointCount":15,"homeWorkCommuteMedian":5418,"workHomeCommuteMedian":5211},"geometry":{"type":"Polygon","coordinates":[[[121.43358110184751,24.970574212238443],[121.43358110184751,24.97956741587569],[121.44257430548475,24.97956741587569],[121.44257430548475,24.970574212238443],[121.43358110184751,24.970574212238443]]]}},{"type":"Feature","properties":{"jobs":3313,"pop":1285,"pointCount":3,"homeWorkCommuteMedian":4812,"workHomeCommuteMedian":4120},"geometry":{"type":"Polygon","coordinates":[[[121.43358110184751,24.97956741587569],[121.43358110184751,24.988560619512935],[121.44257430548475,24.988560619512935],[121.44257430548475,24.97956741587569],[121.43358110184751,24.97956741587569]]]}},{"type":"Feature","properties":{"jobs":2393,"pop":3428,"pointCount":6,"homeWorkCommuteMedian":7380,"workHomeCommuteMedian":4812},"geometry":{"type":"Polygon","coordinates":[[[121.43358110184751,24.988560619512935],[121.43358110184751,24.99755382315018],[121.44257430548475,24.99755382315018],[121.44257430548475,24.988560619512935],[121.43358110184751,24.988560619512935]]]}},{"type":"Feature","properties":{"jobs":1872,"pop":1722,"pointCount":3,"homeWorkCommuteMedian":10712,"workHomeCommuteMedian":7126},"geometry":{"type":"Polygon","coordinates":[[[121.43358110184751,24.99755382315018],[121.43358110184751,25.006547026787427],[121.44257430548475,25.006547026787427],[121.44257430548475,24.99755382315018],[121.43358110184751,24.99755382315018]]]}},{"type":"Feature","properties":{"jobs":2237,"pop":976,"pointCount":6,"homeWorkCommuteMedian":9395,"workHomeCommuteMedian":7174},"geometry":{"type":"Polygon","coordinates":[[[121.43358110184751,25.006547026787427],[121.43358110184751,25.015540230424673],[121.44257430548475,25.015540230424673],[121.44257430548475,25.006547026787427],[121.43358110184751,25.006547026787427]]]}},{"type":"Feature","properties":{"jobs":2568,"pop":200,"pointCount":3,"homeWorkCommuteMedian":32792,"workHomeCommuteMedian":4978},"geometry":{"type":"Polygon","coordinates":[[[121.43358110184751,25.015540230424673],[121.43358110184751,25.02453343406192],[121.44257430548475,25.02453343406192],[121.44257430548475,25.015540230424673],[121.43358110184751,25.015540230424673]]]}},{"type":"Feature","properties":{"jobs":4145,"pop":1889,"pointCount":6,"homeWorkCommuteMedian":10987,"workHomeCommuteMedian":4435},"geometry":{"type":"Polygon","coordinates":[[[121.43358110184751,25.02453343406192],[121.43358110184751,25.033526637699165],[121.44257430548475,25.033526637699165],[121.44257430548475,25.02453343406192],[121.43358110184751,25.02453343406192]]]}},{"type":"Feature","properties":{"jobs":1190,"pop":642,"pointCount":4,"homeWorkCommuteMedian":4202,"workHomeCommuteMedian":3261},"geometry":{"type":"Polygon","coordinates":[[[121.43358110184751,25.033526637699165],[121.43358110184751,25.04251984133641],[121.44257430548475,25.04251984133641],[121.44257430548475,25.033526637699165],[121.43358110184751,25.033526637699165]]]}},{"type":"Feature","properties":{"jobs":1329,"pop":2472,"pointCount":2,"homeWorkCommuteMedian":2974,"workHomeCommuteMedian":8688},"geometry":{"type":"Polygon","coordinates":[[[121.43358110184751,25.04251984133641],[121.43358110184751,25.051513044973657],[121.44257430548475,25.051513044973657],[121.44257430548475,25.04251984133641],[121.43358110184751,25.04251984133641]]]}},{"type":"Feature","properties":{"jobs":2509,"pop":1604,"pointCount":7,"homeWorkCommuteMedian":8769,"workHomeCommuteMedian":11356},"geometry":{"type":"Polygon","coordinates":[[[121.43358110184751,25.051513044973657],[121.43358110184751,25.060506248610903],[121.44257430548475,25.060506248610903],[121.44257430548475,25.051513044973657],[121.43358110184751,25.051513044973657]]]}},{"type":"Feature","properties":{"jobs":6863,"pop":4285,"pointCount":9,"homeWorkCommuteMedian":12496,"workHomeCommuteMedian":14624},"geometry":{"type":"Polygon","coordinates":[[[121.43358110184751,25.060506248610903],[121.43358110184751,25.06949945224815],[121.44257430548475,25.06949945224815],[121.44257430548475,25.060506248610903],[121.43358110184751,25.060506248610903]]]}},{"type":"Feature","properties":{"jobs":6207,"pop":4091,"pointCount":7,"homeWorkCommuteMedian":6937,"workHomeCommuteMedian":10184},"geometry":{"type":"Polygon","coordinates":[[[121.43358110184751,25.06949945224815],[121.43358110184751,25.078492655885395],[121.44257430548475,25.078492655885395],[121.44257430548475,25.06949945224815],[121.43358110184751,25.06949945224815]]]}},{"type":"Feature","properties":{"jobs":8428,"pop":5461,"pointCount":12,"homeWorkCommuteMedian":14380,"workHomeCommuteMedian":13125},"geometry":{"type":"Polygon","coordinates":[[[121.43358110184751,25.078492655885395],[121.43358110184751,25.08748585952264],[121.44257430548475,25.08748585952264],[121.44257430548475,25.078492655885395],[121.43358110184751,25.078492655885395]]]}},{"type":"Feature","properties":{"jobs":4730,"pop":7172,"pointCount":9,"homeWorkCommuteMedian":8658,"workHomeCommuteMedian":13696},"geometry":{"type":"Polygon","coordinates":[[[121.43358110184751,25.08748585952264],[121.43358110184751,25.096479063159887],[121.44257430548475,25.096479063159887],[121.44257430548475,25.08748585952264],[121.43358110184751,25.08748585952264]]]}},{"type":"Feature","properties":{"jobs":762,"pop":455,"pointCount":5,"homeWorkCommuteMedian":8586,"workHomeCommuteMedian":23428},"geometry":{"type":"Polygon","coordinates":[[[121.43358110184751,25.096479063159887],[121.43358110184751,25.105472266797133],[121.44257430548475,25.105472266797133],[121.44257430548475,25.096479063159887],[121.43358110184751,25.096479063159887]]]}},{"type":"Feature","properties":{"jobs":0,"pop":53,"pointCount":1,"homeWorkCommuteMedian":9142,"workHomeCommuteMedian":-1},"geometry":{"type":"Polygon","coordinates":[[[121.43358110184751,25.13245187770887],[121.43358110184751,25.141445081346117],[121.44257430548475,25.141445081346117],[121.44257430548475,25.13245187770887],[121.43358110184751,25.13245187770887]]]}},{"type":"Feature","properties":{"jobs":0,"pop":326,"pointCount":2,"homeWorkCommuteMedian":12165,"workHomeCommuteMedian":-1},"geometry":{"type":"Polygon","coordinates":[[[121.43358110184751,25.141445081346117],[121.43358110184751,25.150438284983363],[121.44257430548475,25.150438284983363],[121.44257430548475,25.141445081346117],[121.43358110184751,25.141445081346117]]]}},{"type":"Feature","properties":{"jobs":409,"pop":49,"pointCount":3,"homeWorkCommuteMedian":4487,"workHomeCommuteMedian":14723},"geometry":{"type":"Polygon","coordinates":[[[121.43358110184751,25.150438284983363],[121.43358110184751,25.15943148862061],[121.44257430548475,25.15943148862061],[121.44257430548475,25.150438284983363],[121.43358110184751,25.150438284983363]]]}},{"type":"Feature","properties":{"jobs":4672,"pop":8055,"pointCount":15,"homeWorkCommuteMedian":17825,"workHomeCommuteMedian":8744},"geometry":{"type":"Polygon","coordinates":[[[121.43358110184751,25.168424692257855],[121.43358110184751,25.1774178958951],[121.44257430548475,25.1774178958951],[121.44257430548475,25.168424692257855],[121.43358110184751,25.168424692257855]]]}},{"type":"Feature","properties":{"jobs":2201,"pop":9040,"pointCount":8,"homeWorkCommuteMedian":15642,"workHomeCommuteMedian":3696},"geometry":{"type":"Polygon","coordinates":[[[121.43358110184751,25.1774178958951],[121.43358110184751,25.186411099532346],[121.44257430548475,25.186411099532346],[121.44257430548475,25.1774178958951],[121.43358110184751,25.1774178958951]]]}},{"type":"Feature","properties":{"jobs":2538,"pop":4369,"pointCount":6,"homeWorkCommuteMedian":9062,"workHomeCommuteMedian":4596},"geometry":{"type":"Polygon","coordinates":[[[121.43358110184751,25.186411099532346],[121.43358110184751,25.195404303169592],[121.44257430548475,25.195404303169592],[121.44257430548475,25.186411099532346],[121.43358110184751,25.186411099532346]]]}},{"type":"Feature","properties":{"jobs":5676,"pop":2029,"pointCount":3,"homeWorkCommuteMedian":23062,"workHomeCommuteMedian":4539},"geometry":{"type":"Polygon","coordinates":[[[121.43358110184751,25.195404303169592],[121.43358110184751,25.20439750680684],[121.44257430548475,25.20439750680684],[121.44257430548475,25.195404303169592],[121.43358110184751,25.195404303169592]]]}},{"type":"Feature","properties":{"jobs":290,"pop":139,"pointCount":3,"homeWorkCommuteMedian":28937,"workHomeCommuteMedian":7105},"geometry":{"type":"Polygon","coordinates":[[[121.43358110184751,25.20439750680684],[121.43358110184751,25.213390710444084],[121.44257430548475,25.213390710444084],[121.44257430548475,25.20439750680684],[121.43358110184751,25.20439750680684]]]}},{"type":"Feature","properties":{"jobs":62,"pop":47,"pointCount":1,"homeWorkCommuteMedian":6263,"workHomeCommuteMedian":9815},"geometry":{"type":"Polygon","coordinates":[[[121.43358110184751,25.213390710444084],[121.43358110184751,25.22238391408133],[121.44257430548475,25.22238391408133],[121.44257430548475,25.213390710444084],[121.43358110184751,25.213390710444084]]]}},{"type":"Feature","properties":{"jobs":143,"pop":0,"pointCount":1,"homeWorkCommuteMedian":-1,"workHomeCommuteMedian":44483},"geometry":{"type":"Polygon","coordinates":[[[121.44257430548475,24.844669361317],[121.44257430548475,24.853662564954245],[121.451567509122,24.853662564954245],[121.451567509122,24.844669361317],[121.44257430548475,24.844669361317]]]}},{"type":"Feature","properties":{"jobs":25,"pop":37,"pointCount":1,"homeWorkCommuteMedian":12461,"workHomeCommuteMedian":12864},"geometry":{"type":"Polygon","coordinates":[[[121.44257430548475,24.88963537950323],[121.44257430548475,24.898628583140475],[121.451567509122,24.898628583140475],[121.451567509122,24.88963537950323],[121.44257430548475,24.88963537950323]]]}},{"type":"Feature","properties":{"jobs":0,"pop":32,"pointCount":1,"homeWorkCommuteMedian":41441,"workHomeCommuteMedian":-1},"geometry":{"type":"Polygon","coordinates":[[[121.44257430548475,24.898628583140475],[121.44257430548475,24.90762178677772],[121.451567509122,24.90762178677772],[121.451567509122,24.898628583140475],[121.44257430548475,24.898628583140475]]]}},{"type":"Feature","properties":{"jobs":35,"pop":186,"pointCount":2,"homeWorkCommuteMedian":21096,"workHomeCommuteMedian":3667},"geometry":{"type":"Polygon","coordinates":[[[121.44257430548475,24.916614990414967],[121.44257430548475,24.925608194052213],[121.451567509122,24.925608194052213],[121.451567509122,24.916614990414967],[121.44257430548475,24.916614990414967]]]}},{"type":"Feature","properties":{"jobs":212,"pop":0,"pointCount":3,"homeWorkCommuteMedian":-1,"workHomeCommuteMedian":9863},"geometry":{"type":"Polygon","coordinates":[[[121.44257430548475,24.925608194052213],[121.44257430548475,24.93460139768946],[121.451567509122,24.93460139768946],[121.451567509122,24.925608194052213],[121.44257430548475,24.925608194052213]]]}},{"type":"Feature","properties":{"jobs":41,"pop":0,"pointCount":1,"homeWorkCommuteMedian":-1,"workHomeCommuteMedian":19950},"geometry":{"type":"Polygon","coordinates":[[[121.44257430548475,24.93460139768946],[121.44257430548475,24.943594601326705],[121.451567509122,24.943594601326705],[121.451567509122,24.93460139768946],[121.44257430548475,24.93460139768946]]]}},{"type":"Feature","properties":{"jobs":243,"pop":226,"pointCount":2,"homeWorkCommuteMedian":5951,"workHomeCommuteMedian":30004},"geometry":{"type":"Polygon","coordinates":[[[121.44257430548475,24.943594601326705],[121.44257430548475,24.95258780496395],[121.451567509122,24.95258780496395],[121.451567509122,24.943594601326705],[121.44257430548475,24.943594601326705]]]}},{"type":"Feature","properties":{"jobs":684,"pop":1168,"pointCount":4,"homeWorkCommuteMedian":14590,"workHomeCommuteMedian":5294},"geometry":{"type":"Polygon","coordinates":[[[121.44257430548475,24.95258780496395],[121.44257430548475,24.961581008601197],[121.451567509122,24.961581008601197],[121.451567509122,24.95258780496395],[121.44257430548475,24.95258780496395]]]}},{"type":"Feature","properties":{"jobs":673,"pop":142,"pointCount":2,"homeWorkCommuteMedian":17001,"workHomeCommuteMedian":8254},"geometry":{"type":"Polygon","coordinates":[[[121.44257430548475,24.961581008601197],[121.44257430548475,24.970574212238443],[121.451567509122,24.970574212238443],[121.451567509122,24.961581008601197],[121.44257430548475,24.961581008601197]]]}},{"type":"Feature","properties":{"jobs":16762,"pop":8845,"pointCount":8,"homeWorkCommuteMedian":9647,"workHomeCommuteMedian":6759},"geometry":{"type":"Polygon","coordinates":[[[121.44257430548475,24.970574212238443],[121.44257430548475,24.97956741587569],[121.451567509122,24.97956741587569],[121.451567509122,24.970574212238443],[121.44257430548475,24.970574212238443]]]}},{"type":"Feature","properties":{"jobs":17368,"pop":22123,"pointCount":13,"homeWorkCommuteMedian":8590,"workHomeCommuteMedian":6179},"geometry":{"type":"Polygon","coordinates":[[[121.44257430548475,24.97956741587569],[121.44257430548475,24.988560619512935],[121.451567509122,24.988560619512935],[121.451567509122,24.97956741587569],[121.44257430548475,24.97956741587569]]]}},{"type":"Feature","properties":{"jobs":11212,"pop":10012,"pointCount":13,"homeWorkCommuteMedian":5178,"workHomeCommuteMedian":6109},"geometry":{"type":"Polygon","coordinates":[[[121.44257430548475,24.988560619512935],[121.44257430548475,24.99755382315018],[121.451567509122,24.99755382315018],[121.451567509122,24.988560619512935],[121.44257430548475,24.988560619512935]]]}},{"type":"Feature","properties":{"jobs":10482,"pop":15747,"pointCount":19,"homeWorkCommuteMedian":5485,"workHomeCommuteMedian":4858},"geometry":{"type":"Polygon","coordinates":[[[121.44257430548475,24.99755382315018],[121.44257430548475,25.006547026787427],[121.451567509122,25.006547026787427],[121.451567509122,24.99755382315018],[121.44257430548475,24.99755382315018]]]}},{"type":"Feature","properties":{"jobs":3348,"pop":9197,"pointCount":12,"homeWorkCommuteMedian":4920,"workHomeCommuteMedian":4562},"geometry":{"type":"Polygon","coordinates":[[[121.44257430548475,25.006547026787427],[121.44257430548475,25.015540230424673],[121.451567509122,25.015540230424673],[121.451567509122,25.006547026787427],[121.44257430548475,25.006547026787427]]]}},{"type":"Feature","properties":{"jobs":2333,"pop":699,"pointCount":6,"homeWorkCommuteMedian":13490,"workHomeCommuteMedian":4452},"geometry":{"type":"Polygon","coordinates":[[[121.44257430548475,25.015540230424673],[121.44257430548475,25.02453343406192],[121.451567509122,25.02453343406192],[121.451567509122,25.015540230424673],[121.44257430548475,25.015540230424673]]]}},{"type":"Feature","properties":{"jobs":2696,"pop":13934,"pointCount":12,"homeWorkCommuteMedian":5934,"workHomeCommuteMedian":4863},"geometry":{"type":"Polygon","coordinates":[[[121.44257430548475,25.02453343406192],[121.44257430548475,25.033526637699165],[121.451567509122,25.033526637699165],[121.451567509122,25.02453343406192],[121.44257430548475,25.02453343406192]]]}},{"type":"Feature","properties":{"jobs":12710,"pop":20776,"pointCount":20,"homeWorkCommuteMedian":4896,"workHomeCommuteMedian":4807},"geometry":{"type":"Polygon","coordinates":[[[121.44257430548475,25.033526637699165],[121.44257430548475,25.04251984133641],[121.451567509122,25.04251984133641],[121.451567509122,25.033526637699165],[121.44257430548475,25.033526637699165]]]}},{"type":"Feature","properties":{"jobs":17130,"pop":36752,"pointCount":25,"homeWorkCommuteMedian":7267,"workHomeCommuteMedian":5828},"geometry":{"type":"Polygon","coordinates":[[[121.44257430548475,25.04251984133641],[121.44257430548475,25.051513044973657],[121.451567509122,25.051513044973657],[121.451567509122,25.04251984133641],[121.44257430548475,25.04251984133641]]]}},{"type":"Feature","properties":{"jobs":23760,"pop":16969,"pointCount":14,"homeWorkCommuteMedian":9096,"workHomeCommuteMedian":6511},"geometry":{"type":"Polygon","coordinates":[[[121.44257430548475,25.051513044973657],[121.44257430548475,25.060506248610903],[121.451567509122,25.060506248610903],[121.451567509122,25.051513044973657],[121.44257430548475,25.051513044973657]]]}},{"type":"Feature","properties":{"jobs":14616,"pop":68,"pointCount":6,"homeWorkCommuteMedian":9876,"workHomeCommuteMedian":9712},"geometry":{"type":"Polygon","coordinates":[[[121.44257430548475,25.060506248610903],[121.44257430548475,25.06949945224815],[121.451567509122,25.06949945224815],[121.451567509122,25.060506248610903],[121.44257430548475,25.060506248610903]]]}},{"type":"Feature","properties":{"jobs":3736,"pop":0,"pointCount":3,"homeWorkCommuteMedian":-1,"workHomeCommuteMedian":10349},"geometry":{"type":"Polygon","coordinates":[[[121.44257430548475,25.06949945224815],[121.44257430548475,25.078492655885395],[121.451567509122,25.078492655885395],[121.451567509122,25.06949945224815],[121.44257430548475,25.06949945224815]]]}},{"type":"Feature","properties":{"jobs":1961,"pop":2303,"pointCount":4,"homeWorkCommuteMedian":11140,"workHomeCommuteMedian":11917},"geometry":{"type":"Polygon","coordinates":[[[121.44257430548475,25.078492655885395],[121.44257430548475,25.08748585952264],[121.451567509122,25.08748585952264],[121.451567509122,25.078492655885395],[121.44257430548475,25.078492655885395]]]}},{"type":"Feature","properties":{"jobs":6691,"pop":7507,"pointCount":9,"homeWorkCommuteMedian":10189,"workHomeCommuteMedian":12719},"geometry":{"type":"Polygon","coordinates":[[[121.44257430548475,25.08748585952264],[121.44257430548475,25.096479063159887],[121.451567509122,25.096479063159887],[121.451567509122,25.08748585952264],[121.44257430548475,25.08748585952264]]]}},{"type":"Feature","properties":{"jobs":3703,"pop":7022,"pointCount":9,"homeWorkCommuteMedian":12048,"workHomeCommuteMedian":12416},"geometry":{"type":"Polygon","coordinates":[[[121.44257430548475,25.096479063159887],[121.44257430548475,25.105472266797133],[121.451567509122,25.105472266797133],[121.451567509122,25.096479063159887],[121.44257430548475,25.096479063159887]]]}},{"type":"Feature","properties":{"jobs":61,"pop":468,"pointCount":3,"homeWorkCommuteMedian":14893,"workHomeCommuteMedian":44642},"geometry":{"type":"Polygon","coordinates":[[[121.44257430548475,25.105472266797133],[121.44257430548475,25.11446547043438],[121.451567509122,25.11446547043438],[121.451567509122,25.105472266797133],[121.44257430548475,25.105472266797133]]]}},{"type":"Feature","properties":{"jobs":63,"pop":49,"pointCount":2,"homeWorkCommuteMedian":16257,"workHomeCommuteMedian":6135},"geometry":{"type":"Polygon","coordinates":[[[121.44257430548475,25.11446547043438],[121.44257430548475,25.123458674071625],[121.451567509122,25.123458674071625],[121.451567509122,25.11446547043438],[121.44257430548475,25.11446547043438]]]}},{"type":"Feature","properties":{"jobs":767,"pop":2289,"pointCount":6,"homeWorkCommuteMedian":13017,"workHomeCommuteMedian":9526},"geometry":{"type":"Polygon","coordinates":[[[121.44257430548475,25.123458674071625],[121.44257430548475,25.13245187770887],[121.451567509122,25.13245187770887],[121.451567509122,25.123458674071625],[121.44257430548475,25.123458674071625]]]}},{"type":"Feature","properties":{"jobs":763,"pop":885,"pointCount":7,"homeWorkCommuteMedian":16090,"workHomeCommuteMedian":28615},"geometry":{"type":"Polygon","coordinates":[[[121.44257430548475,25.13245187770887],[121.44257430548475,25.141445081346117],[121.451567509122,25.141445081346117],[121.451567509122,25.13245187770887],[121.44257430548475,25.13245187770887]]]}},{"type":"Feature","properties":{"jobs":295,"pop":481,"pointCount":6,"homeWorkCommuteMedian":7072,"workHomeCommuteMedian":11870},"geometry":{"type":"Polygon","coordinates":[[[121.44257430548475,25.141445081346117],[121.44257430548475,25.150438284983363],[121.451567509122,25.150438284983363],[121.451567509122,25.141445081346117],[121.44257430548475,25.141445081346117]]]}},{"type":"Feature","properties":{"jobs":1224,"pop":0,"pointCount":1,"homeWorkCommuteMedian":-1,"workHomeCommuteMedian":8278},"geometry":{"type":"Polygon","coordinates":[[[121.44257430548475,25.15943148862061],[121.44257430548475,25.168424692257855],[121.451567509122,25.168424692257855],[121.451567509122,25.15943148862061],[121.44257430548475,25.15943148862061]]]}},{"type":"Feature","properties":{"jobs":22553,"pop":11810,"pointCount":17,"homeWorkCommuteMedian":16496,"workHomeCommuteMedian":19701},"geometry":{"type":"Polygon","coordinates":[[[121.44257430548475,25.168424692257855],[121.44257430548475,25.1774178958951],[121.451567509122,25.1774178958951],[121.451567509122,25.168424692257855],[121.44257430548475,25.168424692257855]]]}},{"type":"Feature","properties":{"jobs":10087,"pop":16988,"pointCount":18,"homeWorkCommuteMedian":16940,"workHomeCommuteMedian":6757},"geometry":{"type":"Polygon","coordinates":[[[121.44257430548475,25.1774178958951],[121.44257430548475,25.186411099532346],[121.451567509122,25.186411099532346],[121.451567509122,25.1774178958951],[121.44257430548475,25.1774178958951]]]}},{"type":"Feature","properties":{"jobs":1495,"pop":756,"pointCount":6,"homeWorkCommuteMedian":3734,"workHomeCommuteMedian":3946},"geometry":{"type":"Polygon","coordinates":[[[121.44257430548475,25.186411099532346],[121.44257430548475,25.195404303169592],[121.451567509122,25.195404303169592],[121.451567509122,25.186411099532346],[121.44257430548475,25.186411099532346]]]}},{"type":"Feature","properties":{"jobs":609,"pop":560,"pointCount":8,"homeWorkCommuteMedian":7318,"workHomeCommuteMedian":4852},"geometry":{"type":"Polygon","coordinates":[[[121.44257430548475,25.195404303169592],[121.44257430548475,25.20439750680684],[121.451567509122,25.20439750680684],[121.451567509122,25.195404303169592],[121.44257430548475,25.195404303169592]]]}},{"type":"Feature","properties":{"jobs":1025,"pop":716,"pointCount":13,"homeWorkCommuteMedian":7132,"workHomeCommuteMedian":10530},"geometry":{"type":"Polygon","coordinates":[[[121.44257430548475,25.20439750680684],[121.44257430548475,25.213390710444084],[121.451567509122,25.213390710444084],[121.451567509122,25.20439750680684],[121.44257430548475,25.20439750680684]]]}},{"type":"Feature","properties":{"jobs":239,"pop":604,"pointCount":6,"homeWorkCommuteMedian":24610,"workHomeCommuteMedian":8357},"geometry":{"type":"Polygon","coordinates":[[[121.44257430548475,25.213390710444084],[121.44257430548475,25.22238391408133],[121.451567509122,25.22238391408133],[121.451567509122,25.213390710444084],[121.44257430548475,25.213390710444084]]]}},{"type":"Feature","properties":{"jobs":1567,"pop":542,"pointCount":9,"homeWorkCommuteMedian":27842,"workHomeCommuteMedian":18862},"geometry":{"type":"Polygon","coordinates":[[[121.44257430548475,25.22238391408133],[121.44257430548475,25.231377117718576],[121.451567509122,25.231377117718576],[121.451567509122,25.22238391408133],[121.44257430548475,25.22238391408133]]]}},{"type":"Feature","properties":{"jobs":0,"pop":140,"pointCount":2,"homeWorkCommuteMedian":27760,"workHomeCommuteMedian":-1},"geometry":{"type":"Polygon","coordinates":[[[121.44257430548475,25.231377117718576],[121.44257430548475,25.240370321355822],[121.451567509122,25.240370321355822],[121.451567509122,25.231377117718576],[121.44257430548475,25.231377117718576]]]}},{"type":"Feature","properties":{"jobs":0,"pop":86,"pointCount":1,"homeWorkCommuteMedian":8143,"workHomeCommuteMedian":-1},"geometry":{"type":"Polygon","coordinates":[[[121.44257430548475,25.240370321355822],[121.44257430548475,25.24936352499307],[121.451567509122,25.24936352499307],[121.451567509122,25.240370321355822],[121.44257430548475,25.240370321355822]]]}},{"type":"Feature","properties":{"jobs":0,"pop":278,"pointCount":1,"homeWorkCommuteMedian":50901,"workHomeCommuteMedian":-1},"geometry":{"type":"Polygon","coordinates":[[[121.451567509122,24.844669361317],[121.451567509122,24.853662564954245],[121.46056071275925,24.853662564954245],[121.46056071275925,24.844669361317],[121.451567509122,24.844669361317]]]}},{"type":"Feature","properties":{"jobs":0,"pop":121,"pointCount":1,"homeWorkCommuteMedian":35450,"workHomeCommuteMedian":-1},"geometry":{"type":"Polygon","coordinates":[[[121.451567509122,24.88963537950323],[121.451567509122,24.898628583140475],[121.46056071275925,24.898628583140475],[121.46056071275925,24.88963537950323],[121.451567509122,24.88963537950323]]]}},{"type":"Feature","properties":{"jobs":0,"pop":25,"pointCount":1,"homeWorkCommuteMedian":18821,"workHomeCommuteMedian":-1},"geometry":{"type":"Polygon","coordinates":[[[121.451567509122,24.916614990414967],[121.451567509122,24.925608194052213],[121.46056071275925,24.925608194052213],[121.46056071275925,24.916614990414967],[121.451567509122,24.916614990414967]]]}},{"type":"Feature","properties":{"jobs":170,"pop":105,"pointCount":2,"homeWorkCommuteMedian":14833,"workHomeCommuteMedian":11333},"geometry":{"type":"Polygon","coordinates":[[[121.451567509122,24.925608194052213],[121.451567509122,24.93460139768946],[121.46056071275925,24.93460139768946],[121.46056071275925,24.925608194052213],[121.451567509122,24.925608194052213]]]}},{"type":"Feature","properties":{"jobs":64,"pop":0,"pointCount":1,"homeWorkCommuteMedian":-1,"workHomeCommuteMedian":9826},"geometry":{"type":"Polygon","coordinates":[[[121.451567509122,24.95258780496395],[121.451567509122,24.961581008601197],[121.46056071275925,24.961581008601197],[121.46056071275925,24.95258780496395],[121.451567509122,24.95258780496395]]]}},{"type":"Feature","properties":{"jobs":765,"pop":0,"pointCount":3,"homeWorkCommuteMedian":-1,"workHomeCommuteMedian":17529},"geometry":{"type":"Polygon","coordinates":[[[121.451567509122,24.961581008601197],[121.451567509122,24.970574212238443],[121.46056071275925,24.970574212238443],[121.46056071275925,24.961581008601197],[121.451567509122,24.961581008601197]]]}},{"type":"Feature","properties":{"jobs":4843,"pop":4065,"pointCount":10,"homeWorkCommuteMedian":6911,"workHomeCommuteMedian":7889},"geometry":{"type":"Polygon","coordinates":[[[121.451567509122,24.970574212238443],[121.451567509122,24.97956741587569],[121.46056071275925,24.97956741587569],[121.46056071275925,24.970574212238443],[121.451567509122,24.970574212238443]]]}},{"type":"Feature","properties":{"jobs":17369,"pop":21134,"pointCount":20,"homeWorkCommuteMedian":5378,"workHomeCommuteMedian":5577},"geometry":{"type":"Polygon","coordinates":[[[121.451567509122,24.97956741587569],[121.451567509122,24.988560619512935],[121.46056071275925,24.988560619512935],[121.46056071275925,24.97956741587569],[121.451567509122,24.97956741587569]]]}},{"type":"Feature","properties":{"jobs":14856,"pop":19760,"pointCount":16,"homeWorkCommuteMedian":5969,"workHomeCommuteMedian":4933},"geometry":{"type":"Polygon","coordinates":[[[121.451567509122,24.988560619512935],[121.451567509122,24.99755382315018],[121.46056071275925,24.99755382315018],[121.46056071275925,24.988560619512935],[121.451567509122,24.988560619512935]]]}},{"type":"Feature","properties":{"jobs":22675,"pop":16683,"pointCount":21,"homeWorkCommuteMedian":4781,"workHomeCommuteMedian":4184},"geometry":{"type":"Polygon","coordinates":[[[121.451567509122,24.99755382315018],[121.451567509122,25.006547026787427],[121.46056071275925,25.006547026787427],[121.46056071275925,24.99755382315018],[121.451567509122,24.99755382315018]]]}},{"type":"Feature","properties":{"jobs":13862,"pop":20911,"pointCount":24,"homeWorkCommuteMedian":5439,"workHomeCommuteMedian":3501},"geometry":{"type":"Polygon","coordinates":[[[121.451567509122,25.006547026787427],[121.451567509122,25.015540230424673],[121.46056071275925,25.015540230424673],[121.46056071275925,25.006547026787427],[121.451567509122,25.006547026787427]]]}},{"type":"Feature","properties":{"jobs":10695,"pop":30027,"pointCount":25,"homeWorkCommuteMedian":6155,"workHomeCommuteMedian":4067},"geometry":{"type":"Polygon","coordinates":[[[121.451567509122,25.015540230424673],[121.451567509122,25.02453343406192],[121.46056071275925,25.02453343406192],[121.46056071275925,25.015540230424673],[121.451567509122,25.015540230424673]]]}},{"type":"Feature","properties":{"jobs":5061,"pop":9092,"pointCount":8,"homeWorkCommuteMedian":6540,"workHomeCommuteMedian":6911},"geometry":{"type":"Polygon","coordinates":[[[121.451567509122,25.02453343406192],[121.451567509122,25.033526637699165],[121.46056071275925,25.033526637699165],[121.46056071275925,25.02453343406192],[121.451567509122,25.02453343406192]]]}},{"type":"Feature","properties":{"jobs":11763,"pop":14951,"pointCount":17,"homeWorkCommuteMedian":6254,"workHomeCommuteMedian":5514},"geometry":{"type":"Polygon","coordinates":[[[121.451567509122,25.033526637699165],[121.451567509122,25.04251984133641],[121.46056071275925,25.04251984133641],[121.46056071275925,25.033526637699165],[121.451567509122,25.033526637699165]]]}},{"type":"Feature","properties":{"jobs":15990,"pop":30035,"pointCount":26,"homeWorkCommuteMedian":6561,"workHomeCommuteMedian":6638},"geometry":{"type":"Polygon","coordinates":[[[121.451567509122,25.04251984133641],[121.451567509122,25.051513044973657],[121.46056071275925,25.051513044973657],[121.46056071275925,25.04251984133641],[121.451567509122,25.04251984133641]]]}},{"type":"Feature","properties":{"jobs":13934,"pop":20740,"pointCount":16,"homeWorkCommuteMedian":7660,"workHomeCommuteMedian":7050},"geometry":{"type":"Polygon","coordinates":[[[121.451567509122,25.051513044973657],[121.451567509122,25.060506248610903],[121.46056071275925,25.060506248610903],[121.46056071275925,25.051513044973657],[121.451567509122,25.051513044973657]]]}},{"type":"Feature","properties":{"jobs":23104,"pop":3597,"pointCount":11,"homeWorkCommuteMedian":7929,"workHomeCommuteMedian":8122},"geometry":{"type":"Polygon","coordinates":[[[121.451567509122,25.060506248610903],[121.451567509122,25.06949945224815],[121.46056071275925,25.06949945224815],[121.46056071275925,25.060506248610903],[121.451567509122,25.060506248610903]]]}},{"type":"Feature","properties":{"jobs":1337,"pop":0,"pointCount":3,"homeWorkCommuteMedian":-1,"workHomeCommuteMedian":7108},"geometry":{"type":"Polygon","coordinates":[[[121.451567509122,25.06949945224815],[121.451567509122,25.078492655885395],[121.46056071275925,25.078492655885395],[121.46056071275925,25.06949945224815],[121.451567509122,25.06949945224815]]]}},{"type":"Feature","properties":{"jobs":5293,"pop":14621,"pointCount":14,"homeWorkCommuteMedian":11013,"workHomeCommuteMedian":3078},"geometry":{"type":"Polygon","coordinates":[[[121.451567509122,25.078492655885395],[121.451567509122,25.08748585952264],[121.46056071275925,25.08748585952264],[121.46056071275925,25.078492655885395],[121.451567509122,25.078492655885395]]]}},{"type":"Feature","properties":{"jobs":3606,"pop":11674,"pointCount":7,"homeWorkCommuteMedian":10645,"workHomeCommuteMedian":1894},"geometry":{"type":"Polygon","coordinates":[[[121.451567509122,25.08748585952264],[121.451567509122,25.096479063159887],[121.46056071275925,25.096479063159887],[121.46056071275925,25.08748585952264],[121.451567509122,25.08748585952264]]]}},{"type":"Feature","properties":{"jobs":1361,"pop":1792,"pointCount":2,"homeWorkCommuteMedian":9256,"workHomeCommuteMedian":11421},"geometry":{"type":"Polygon","coordinates":[[[121.451567509122,25.096479063159887],[121.451567509122,25.105472266797133],[121.46056071275925,25.105472266797133],[121.46056071275925,25.096479063159887],[121.451567509122,25.096479063159887]]]}},{"type":"Feature","properties":{"jobs":1421,"pop":2333,"pointCount":5,"homeWorkCommuteMedian":7637,"workHomeCommuteMedian":19860},"geometry":{"type":"Polygon","coordinates":[[[121.451567509122,25.105472266797133],[121.451567509122,25.11446547043438],[121.46056071275925,25.11446547043438],[121.46056071275925,25.105472266797133],[121.451567509122,25.105472266797133]]]}},{"type":"Feature","properties":{"jobs":246,"pop":118,"pointCount":3,"homeWorkCommuteMedian":33092,"workHomeCommuteMedian":16720},"geometry":{"type":"Polygon","coordinates":[[[121.451567509122,25.11446547043438],[121.451567509122,25.123458674071625],[121.46056071275925,25.123458674071625],[121.46056071275925,25.11446547043438],[121.451567509122,25.11446547043438]]]}},{"type":"Feature","properties":{"jobs":717,"pop":1955,"pointCount":4,"homeWorkCommuteMedian":12710,"workHomeCommuteMedian":12225},"geometry":{"type":"Polygon","coordinates":[[[121.451567509122,25.123458674071625],[121.451567509122,25.13245187770887],[121.46056071275925,25.13245187770887],[121.46056071275925,25.123458674071625],[121.451567509122,25.123458674071625]]]}},{"type":"Feature","properties":{"jobs":3588,"pop":2703,"pointCount":3,"homeWorkCommuteMedian":15257,"workHomeCommuteMedian":9422},"geometry":{"type":"Polygon","coordinates":[[[121.451567509122,25.13245187770887],[121.451567509122,25.141445081346117],[121.46056071275925,25.141445081346117],[121.46056071275925,25.13245187770887],[121.451567509122,25.13245187770887]]]}},{"type":"Feature","properties":{"jobs":1119,"pop":488,"pointCount":2,"homeWorkCommuteMedian":9643,"workHomeCommuteMedian":14600},"geometry":{"type":"Polygon","coordinates":[[[121.451567509122,25.141445081346117],[121.451567509122,25.150438284983363],[121.46056071275925,25.150438284983363],[121.46056071275925,25.141445081346117],[121.451567509122,25.141445081346117]]]}},{"type":"Feature","properties":{"jobs":4913,"pop":1108,"pointCount":5,"homeWorkCommuteMedian":15703,"workHomeCommuteMedian":19539},"geometry":{"type":"Polygon","coordinates":[[[121.451567509122,25.150438284983363],[121.451567509122,25.15943148862061],[121.46056071275925,25.15943148862061],[121.46056071275925,25.150438284983363],[121.451567509122,25.150438284983363]]]}},{"type":"Feature","properties":{"jobs":4639,"pop":6641,"pointCount":8,"homeWorkCommuteMedian":15522,"workHomeCommuteMedian":9995},"geometry":{"type":"Polygon","coordinates":[[[121.451567509122,25.15943148862061],[121.451567509122,25.168424692257855],[121.46056071275925,25.168424692257855],[121.46056071275925,25.15943148862061],[121.451567509122,25.15943148862061]]]}},{"type":"Feature","properties":{"jobs":1507,"pop":3333,"pointCount":8,"homeWorkCommuteMedian":19297,"workHomeCommuteMedian":4610},"geometry":{"type":"Polygon","coordinates":[[[121.451567509122,25.168424692257855],[121.451567509122,25.1774178958951],[121.46056071275925,25.1774178958951],[121.46056071275925,25.168424692257855],[121.451567509122,25.168424692257855]]]}},{"type":"Feature","properties":{"jobs":760,"pop":506,"pointCount":3,"homeWorkCommuteMedian":24386,"workHomeCommuteMedian":5852},"geometry":{"type":"Polygon","coordinates":[[[121.451567509122,25.1774178958951],[121.451567509122,25.186411099532346],[121.46056071275925,25.186411099532346],[121.46056071275925,25.1774178958951],[121.451567509122,25.1774178958951]]]}},{"type":"Feature","properties":{"jobs":341,"pop":97,"pointCount":4,"homeWorkCommuteMedian":3131,"workHomeCommuteMedian":10330},"geometry":{"type":"Polygon","coordinates":[[[121.451567509122,25.186411099532346],[121.451567509122,25.195404303169592],[121.46056071275925,25.195404303169592],[121.46056071275925,25.186411099532346],[121.451567509122,25.186411099532346]]]}},{"type":"Feature","properties":{"jobs":96,"pop":122,"pointCount":4,"homeWorkCommuteMedian":29682,"workHomeCommuteMedian":5248},"geometry":{"type":"Polygon","coordinates":[[[121.451567509122,25.195404303169592],[121.451567509122,25.20439750680684],[121.46056071275925,25.20439750680684],[121.46056071275925,25.195404303169592],[121.451567509122,25.195404303169592]]]}},{"type":"Feature","properties":{"jobs":85,"pop":429,"pointCount":5,"homeWorkCommuteMedian":25461,"workHomeCommuteMedian":7324},"geometry":{"type":"Polygon","coordinates":[[[121.451567509122,25.20439750680684],[121.451567509122,25.213390710444084],[121.46056071275925,25.213390710444084],[121.46056071275925,25.20439750680684],[121.451567509122,25.20439750680684]]]}},{"type":"Feature","properties":{"jobs":184,"pop":182,"pointCount":4,"homeWorkCommuteMedian":27294,"workHomeCommuteMedian":7653},"geometry":{"type":"Polygon","coordinates":[[[121.451567509122,25.213390710444084],[121.451567509122,25.22238391408133],[121.46056071275925,25.22238391408133],[121.46056071275925,25.213390710444084],[121.451567509122,25.213390710444084]]]}},{"type":"Feature","properties":{"jobs":0,"pop":253,"pointCount":3,"homeWorkCommuteMedian":13852,"workHomeCommuteMedian":-1},"geometry":{"type":"Polygon","coordinates":[[[121.451567509122,25.22238391408133],[121.451567509122,25.231377117718576],[121.46056071275925,25.231377117718576],[121.46056071275925,25.22238391408133],[121.451567509122,25.22238391408133]]]}},{"type":"Feature","properties":{"jobs":32,"pop":126,"pointCount":4,"homeWorkCommuteMedian":28586,"workHomeCommuteMedian":7433},"geometry":{"type":"Polygon","coordinates":[[[121.451567509122,25.231377117718576],[121.451567509122,25.240370321355822],[121.46056071275925,25.240370321355822],[121.46056071275925,25.231377117718576],[121.451567509122,25.231377117718576]]]}},{"type":"Feature","properties":{"jobs":0,"pop":141,"pointCount":3,"homeWorkCommuteMedian":39760,"workHomeCommuteMedian":-1},"geometry":{"type":"Polygon","coordinates":[[[121.451567509122,25.240370321355822],[121.451567509122,25.24936352499307],[121.46056071275925,25.24936352499307],[121.46056071275925,25.240370321355822],[121.451567509122,25.240370321355822]]]}},{"type":"Feature","properties":{"jobs":0,"pop":39,"pointCount":1,"homeWorkCommuteMedian":32397,"workHomeCommuteMedian":-1},"geometry":{"type":"Polygon","coordinates":[[[121.46056071275925,24.898628583140475],[121.46056071275925,24.90762178677772],[121.46955391639649,24.90762178677772],[121.46955391639649,24.898628583140475],[121.46056071275925,24.898628583140475]]]}},{"type":"Feature","properties":{"jobs":0,"pop":104,"pointCount":1,"homeWorkCommuteMedian":13222,"workHomeCommuteMedian":-1},"geometry":{"type":"Polygon","coordinates":[[[121.46056071275925,24.90762178677772],[121.46056071275925,24.916614990414967],[121.46955391639649,24.916614990414967],[121.46955391639649,24.90762178677772],[121.46056071275925,24.90762178677772]]]}},{"type":"Feature","properties":{"jobs":27,"pop":28,"pointCount":1,"homeWorkCommuteMedian":29575,"workHomeCommuteMedian":12706},"geometry":{"type":"Polygon","coordinates":[[[121.46056071275925,24.925608194052213],[121.46056071275925,24.93460139768946],[121.46955391639649,24.93460139768946],[121.46955391639649,24.925608194052213],[121.46056071275925,24.925608194052213]]]}},{"type":"Feature","properties":{"jobs":57,"pop":0,"pointCount":1,"homeWorkCommuteMedian":-1,"workHomeCommuteMedian":22802},"geometry":{"type":"Polygon","coordinates":[[[121.46056071275925,24.93460139768946],[121.46056071275925,24.943594601326705],[121.46955391639649,24.943594601326705],[121.46955391639649,24.93460139768946],[121.46056071275925,24.93460139768946]]]}},{"type":"Feature","properties":{"jobs":176,"pop":270,"pointCount":2,"homeWorkCommuteMedian":7897,"workHomeCommuteMedian":20743},"geometry":{"type":"Polygon","coordinates":[[[121.46056071275925,24.95258780496395],[121.46056071275925,24.961581008601197],[121.46955391639649,24.961581008601197],[121.46955391639649,24.95258780496395],[121.46056071275925,24.95258780496395]]]}},{"type":"Feature","properties":{"jobs":152,"pop":0,"pointCount":3,"homeWorkCommuteMedian":-1,"workHomeCommuteMedian":3807},"geometry":{"type":"Polygon","coordinates":[[[121.46056071275925,24.961581008601197],[121.46056071275925,24.970574212238443],[121.46955391639649,24.970574212238443],[121.46955391639649,24.961581008601197],[121.46056071275925,24.961581008601197]]]}},{"type":"Feature","properties":{"jobs":2069,"pop":5358,"pointCount":6,"homeWorkCommuteMedian":7295,"workHomeCommuteMedian":12546},"geometry":{"type":"Polygon","coordinates":[[[121.46056071275925,24.970574212238443],[121.46056071275925,24.97956741587569],[121.46955391639649,24.97956741587569],[121.46955391639649,24.970574212238443],[121.46056071275925,24.970574212238443]]]}},{"type":"Feature","properties":{"jobs":10946,"pop":27470,"pointCount":14,"homeWorkCommuteMedian":7023,"workHomeCommuteMedian":4690},"geometry":{"type":"Polygon","coordinates":[[[121.46056071275925,24.97956741587569],[121.46056071275925,24.988560619512935],[121.46955391639649,24.988560619512935],[121.46955391639649,24.97956741587569],[121.46056071275925,24.97956741587569]]]}},{"type":"Feature","properties":{"jobs":13163,"pop":22537,"pointCount":18,"homeWorkCommuteMedian":8413,"workHomeCommuteMedian":4779},"geometry":{"type":"Polygon","coordinates":[[[121.46056071275925,24.988560619512935],[121.46056071275925,24.99755382315018],[121.46955391639649,24.99755382315018],[121.46955391639649,24.988560619512935],[121.46056071275925,24.988560619512935]]]}},{"type":"Feature","properties":{"jobs":8603,"pop":30083,"pointCount":26,"homeWorkCommuteMedian":5850,"workHomeCommuteMedian":4505},"geometry":{"type":"Polygon","coordinates":[[[121.46056071275925,24.99755382315018],[121.46056071275925,25.006547026787427],[121.46955391639649,25.006547026787427],[121.46955391639649,24.99755382315018],[121.46056071275925,24.99755382315018]]]}},{"type":"Feature","properties":{"jobs":38306,"pop":12638,"pointCount":17,"homeWorkCommuteMedian":6612,"workHomeCommuteMedian":3552},"geometry":{"type":"Polygon","coordinates":[[[121.46056071275925,25.006547026787427],[121.46056071275925,25.015540230424673],[121.46955391639649,25.015540230424673],[121.46955391639649,25.006547026787427],[121.46056071275925,25.006547026787427]]]}},{"type":"Feature","properties":{"jobs":19889,"pop":19623,"pointCount":21,"homeWorkCommuteMedian":4901,"workHomeCommuteMedian":5590},"geometry":{"type":"Polygon","coordinates":[[[121.46056071275925,25.015540230424673],[121.46056071275925,25.02453343406192],[121.46955391639649,25.02453343406192],[121.46955391639649,25.015540230424673],[121.46056071275925,25.015540230424673]]]}},{"type":"Feature","properties":{"jobs":14823,"pop":24252,"pointCount":20,"homeWorkCommuteMedian":6402,"workHomeCommuteMedian":4790},"geometry":{"type":"Polygon","coordinates":[[[121.46056071275925,25.02453343406192],[121.46056071275925,25.033526637699165],[121.46955391639649,25.033526637699165],[121.46955391639649,25.02453343406192],[121.46056071275925,25.02453343406192]]]}},{"type":"Feature","properties":{"jobs":4537,"pop":2512,"pointCount":5,"homeWorkCommuteMedian":6477,"workHomeCommuteMedian":7152},"geometry":{"type":"Polygon","coordinates":[[[121.46056071275925,25.033526637699165],[121.46056071275925,25.04251984133641],[121.46955391639649,25.04251984133641],[121.46955391639649,25.033526637699165],[121.46056071275925,25.033526637699165]]]}},{"type":"Feature","properties":{"jobs":26960,"pop":4090,"pointCount":15,"homeWorkCommuteMedian":7027,"workHomeCommuteMedian":6421},"geometry":{"type":"Polygon","coordinates":[[[121.46056071275925,25.04251984133641],[121.46056071275925,25.051513044973657],[121.46955391639649,25.051513044973657],[121.46955391639649,25.04251984133641],[121.46056071275925,25.04251984133641]]]}},{"type":"Feature","properties":{"jobs":15687,"pop":4728,"pointCount":15,"homeWorkCommuteMedian":6617,"workHomeCommuteMedian":6832},"geometry":{"type":"Polygon","coordinates":[[[121.46056071275925,25.051513044973657],[121.46056071275925,25.060506248610903],[121.46955391639649,25.060506248610903],[121.46955391639649,25.051513044973657],[121.46056071275925,25.051513044973657]]]}},{"type":"Feature","properties":{"jobs":7601,"pop":2043,"pointCount":7,"homeWorkCommuteMedian":8741,"workHomeCommuteMedian":7977},"geometry":{"type":"Polygon","coordinates":[[[121.46056071275925,25.060506248610903],[121.46056071275925,25.06949945224815],[121.46955391639649,25.06949945224815],[121.46955391639649,25.060506248610903],[121.46056071275925,25.060506248610903]]]}},{"type":"Feature","properties":{"jobs":9819,"pop":7594,"pointCount":14,"homeWorkCommuteMedian":4549,"workHomeCommuteMedian":9885},"geometry":{"type":"Polygon","coordinates":[[[121.46056071275925,25.06949945224815],[121.46056071275925,25.078492655885395],[121.46955391639649,25.078492655885395],[121.46955391639649,25.06949945224815],[121.46056071275925,25.06949945224815]]]}},{"type":"Feature","properties":{"jobs":11024,"pop":28075,"pointCount":23,"homeWorkCommuteMedian":10502,"workHomeCommuteMedian":2289},"geometry":{"type":"Polygon","coordinates":[[[121.46056071275925,25.078492655885395],[121.46056071275925,25.08748585952264],[121.46955391639649,25.08748585952264],[121.46955391639649,25.078492655885395],[121.46056071275925,25.078492655885395]]]}},{"type":"Feature","properties":{"jobs":5963,"pop":9140,"pointCount":12,"homeWorkCommuteMedian":9995,"workHomeCommuteMedian":2051},"geometry":{"type":"Polygon","coordinates":[[[121.46056071275925,25.08748585952264],[121.46056071275925,25.096479063159887],[121.46955391639649,25.096479063159887],[121.46955391639649,25.08748585952264],[121.46056071275925,25.08748585952264]]]}},{"type":"Feature","properties":{"jobs":70,"pop":0,"pointCount":1,"homeWorkCommuteMedian":-1,"workHomeCommuteMedian":19478},"geometry":{"type":"Polygon","coordinates":[[[121.46056071275925,25.105472266797133],[121.46056071275925,25.11446547043438],[121.46955391639649,25.11446547043438],[121.46955391639649,25.105472266797133],[121.46056071275925,25.105472266797133]]]}},{"type":"Feature","properties":{"jobs":2378,"pop":6552,"pointCount":8,"homeWorkCommuteMedian":10178,"workHomeCommuteMedian":6385},"geometry":{"type":"Polygon","coordinates":[[[121.46056071275925,25.11446547043438],[121.46056071275925,25.123458674071625],[121.46955391639649,25.123458674071625],[121.46955391639649,25.11446547043438],[121.46056071275925,25.11446547043438]]]}},{"type":"Feature","properties":{"jobs":3735,"pop":4954,"pointCount":7,"homeWorkCommuteMedian":11140,"workHomeCommuteMedian":5094},"geometry":{"type":"Polygon","coordinates":[[[121.46056071275925,25.123458674071625],[121.46056071275925,25.13245187770887],[121.46955391639649,25.13245187770887],[121.46955391639649,25.123458674071625],[121.46056071275925,25.123458674071625]]]}},{"type":"Feature","properties":{"jobs":9507,"pop":8157,"pointCount":10,"homeWorkCommuteMedian":15535,"workHomeCommuteMedian":13964},"geometry":{"type":"Polygon","coordinates":[[[121.46056071275925,25.13245187770887],[121.46056071275925,25.141445081346117],[121.46955391639649,25.141445081346117],[121.46955391639649,25.13245187770887],[121.46056071275925,25.13245187770887]]]}},{"type":"Feature","properties":{"jobs":538,"pop":1522,"pointCount":3,"homeWorkCommuteMedian":8053,"workHomeCommuteMedian":7353},"geometry":{"type":"Polygon","coordinates":[[[121.46056071275925,25.141445081346117],[121.46056071275925,25.150438284983363],[121.46955391639649,25.150438284983363],[121.46955391639649,25.141445081346117],[121.46056071275925,25.141445081346117]]]}},{"type":"Feature","properties":{"jobs":196,"pop":2101,"pointCount":3,"homeWorkCommuteMedian":16426,"workHomeCommuteMedian":10280},"geometry":{"type":"Polygon","coordinates":[[[121.46056071275925,25.150438284983363],[121.46056071275925,25.15943148862061],[121.46955391639649,25.15943148862061],[121.46955391639649,25.150438284983363],[121.46056071275925,25.150438284983363]]]}},{"type":"Feature","properties":{"jobs":0,"pop":520,"pointCount":2,"homeWorkCommuteMedian":22540,"workHomeCommuteMedian":-1},"geometry":{"type":"Polygon","coordinates":[[[121.46056071275925,25.15943148862061],[121.46056071275925,25.168424692257855],[121.46955391639649,25.168424692257855],[121.46955391639649,25.15943148862061],[121.46056071275925,25.15943148862061]]]}},{"type":"Feature","properties":{"jobs":26,"pop":147,"pointCount":2,"homeWorkCommuteMedian":4977,"workHomeCommuteMedian":36957},"geometry":{"type":"Polygon","coordinates":[[[121.46056071275925,25.168424692257855],[121.46056071275925,25.1774178958951],[121.46955391639649,25.1774178958951],[121.46955391639649,25.168424692257855],[121.46056071275925,25.168424692257855]]]}},{"type":"Feature","properties":{"jobs":69,"pop":356,"pointCount":2,"homeWorkCommuteMedian":4810,"workHomeCommuteMedian":8966},"geometry":{"type":"Polygon","coordinates":[[[121.46056071275925,25.1774178958951],[121.46056071275925,25.186411099532346],[121.46955391639649,25.186411099532346],[121.46955391639649,25.1774178958951],[121.46056071275925,25.1774178958951]]]}},{"type":"Feature","properties":{"jobs":0,"pop":123,"pointCount":2,"homeWorkCommuteMedian":9274,"workHomeCommuteMedian":-1},"geometry":{"type":"Polygon","coordinates":[[[121.46056071275925,25.186411099532346],[121.46056071275925,25.195404303169592],[121.46955391639649,25.195404303169592],[121.46955391639649,25.186411099532346],[121.46056071275925,25.186411099532346]]]}},{"type":"Feature","properties":{"jobs":124,"pop":66,"pointCount":3,"homeWorkCommuteMedian":3729,"workHomeCommuteMedian":43010},"geometry":{"type":"Polygon","coordinates":[[[121.46056071275925,25.195404303169592],[121.46056071275925,25.20439750680684],[121.46955391639649,25.20439750680684],[121.46955391639649,25.195404303169592],[121.46056071275925,25.195404303169592]]]}},{"type":"Feature","properties":{"jobs":0,"pop":28,"pointCount":1,"homeWorkCommuteMedian":33590,"workHomeCommuteMedian":-1},"geometry":{"type":"Polygon","coordinates":[[[121.46056071275925,25.20439750680684],[121.46056071275925,25.213390710444084],[121.46955391639649,25.213390710444084],[121.46955391639649,25.20439750680684],[121.46056071275925,25.20439750680684]]]}},{"type":"Feature","properties":{"jobs":65,"pop":196,"pointCount":4,"homeWorkCommuteMedian":8236,"workHomeCommuteMedian":4552},"geometry":{"type":"Polygon","coordinates":[[[121.46056071275925,25.213390710444084],[121.46056071275925,25.22238391408133],[121.46955391639649,25.22238391408133],[121.46955391639649,25.213390710444084],[121.46056071275925,25.213390710444084]]]}},{"type":"Feature","properties":{"jobs":140,"pop":175,"pointCount":4,"homeWorkCommuteMedian":11035,"workHomeCommuteMedian":13392},"geometry":{"type":"Polygon","coordinates":[[[121.46056071275925,25.22238391408133],[121.46056071275925,25.231377117718576],[121.46955391639649,25.231377117718576],[121.46955391639649,25.22238391408133],[121.46056071275925,25.22238391408133]]]}},{"type":"Feature","properties":{"jobs":126,"pop":172,"pointCount":5,"homeWorkCommuteMedian":29395,"workHomeCommuteMedian":8323},"geometry":{"type":"Polygon","coordinates":[[[121.46056071275925,25.231377117718576],[121.46056071275925,25.240370321355822],[121.46955391639649,25.240370321355822],[121.46955391639649,25.231377117718576],[121.46056071275925,25.231377117718576]]]}},{"type":"Feature","properties":{"jobs":118,"pop":115,"pointCount":5,"homeWorkCommuteMedian":36443,"workHomeCommuteMedian":7964},"geometry":{"type":"Polygon","coordinates":[[[121.46056071275925,25.240370321355822],[121.46056071275925,25.24936352499307],[121.46955391639649,25.24936352499307],[121.46955391639649,25.240370321355822],[121.46056071275925,25.240370321355822]]]}},{"type":"Feature","properties":{"jobs":175,"pop":37,"pointCount":3,"homeWorkCommuteMedian":4602,"workHomeCommuteMedian":8080},"geometry":{"type":"Polygon","coordinates":[[[121.46056071275925,25.24936352499307],[121.46056071275925,25.258356728630314],[121.46955391639649,25.258356728630314],[121.46955391639649,25.24936352499307],[121.46056071275925,25.24936352499307]]]}},{"type":"Feature","properties":{"jobs":0,"pop":315,"pointCount":1,"homeWorkCommuteMedian":19916,"workHomeCommuteMedian":-1},"geometry":{"type":"Polygon","coordinates":[[[121.46955391639649,24.90762178677772],[121.46955391639649,24.916614990414967],[121.47854712003374,24.916614990414967],[121.47854712003374,24.90762178677772],[121.46955391639649,24.90762178677772]]]}},{"type":"Feature","properties":{"jobs":232,"pop":630,"pointCount":3,"homeWorkCommuteMedian":17525,"workHomeCommuteMedian":15531},"geometry":{"type":"Polygon","coordinates":[[[121.46955391639649,24.93460139768946],[121.46955391639649,24.943594601326705],[121.47854712003374,24.943594601326705],[121.47854712003374,24.93460139768946],[121.46955391639649,24.93460139768946]]]}},{"type":"Feature","properties":{"jobs":171,"pop":821,"pointCount":2,"homeWorkCommuteMedian":13427,"workHomeCommuteMedian":23411},"geometry":{"type":"Polygon","coordinates":[[[121.46955391639649,24.943594601326705],[121.46955391639649,24.95258780496395],[121.47854712003374,24.95258780496395],[121.47854712003374,24.943594601326705],[121.46955391639649,24.943594601326705]]]}},{"type":"Feature","properties":{"jobs":333,"pop":4318,"pointCount":3,"homeWorkCommuteMedian":13963,"workHomeCommuteMedian":10534},"geometry":{"type":"Polygon","coordinates":[[[121.46955391639649,24.95258780496395],[121.46955391639649,24.961581008601197],[121.47854712003374,24.961581008601197],[121.47854712003374,24.95258780496395],[121.46955391639649,24.95258780496395]]]}},{"type":"Feature","properties":{"jobs":1098,"pop":728,"pointCount":5,"homeWorkCommuteMedian":5791,"workHomeCommuteMedian":8469},"geometry":{"type":"Polygon","coordinates":[[[121.46955391639649,24.970574212238443],[121.46955391639649,24.97956741587569],[121.47854712003374,24.97956741587569],[121.47854712003374,24.970574212238443],[121.46955391639649,24.970574212238443]]]}},{"type":"Feature","properties":{"jobs":4574,"pop":6784,"pointCount":5,"homeWorkCommuteMedian":10054,"workHomeCommuteMedian":6383},"geometry":{"type":"Polygon","coordinates":[[[121.46955391639649,24.97956741587569],[121.46955391639649,24.988560619512935],[121.47854712003374,24.988560619512935],[121.47854712003374,24.97956741587569],[121.46955391639649,24.97956741587569]]]}},{"type":"Feature","properties":{"jobs":4009,"pop":4761,"pointCount":6,"homeWorkCommuteMedian":8337,"workHomeCommuteMedian":4460},"geometry":{"type":"Polygon","coordinates":[[[121.46955391639649,24.988560619512935],[121.46955391639649,24.99755382315018],[121.47854712003374,24.99755382315018],[121.47854712003374,24.988560619512935],[121.46955391639649,24.988560619512935]]]}},{"type":"Feature","properties":{"jobs":12759,"pop":21426,"pointCount":23,"homeWorkCommuteMedian":7063,"workHomeCommuteMedian":5916},"geometry":{"type":"Polygon","coordinates":[[[121.46955391639649,24.99755382315018],[121.46955391639649,25.006547026787427],[121.47854712003374,25.006547026787427],[121.47854712003374,24.99755382315018],[121.46955391639649,24.99755382315018]]]}},{"type":"Feature","properties":{"jobs":17543,"pop":20438,"pointCount":19,"homeWorkCommuteMedian":6239,"workHomeCommuteMedian":5083},"geometry":{"type":"Polygon","coordinates":[[[121.46955391639649,25.006547026787427],[121.46955391639649,25.015540230424673],[121.47854712003374,25.015540230424673],[121.47854712003374,25.006547026787427],[121.46955391639649,25.006547026787427]]]}},{"type":"Feature","properties":{"jobs":8664,"pop":24725,"pointCount":24,"homeWorkCommuteMedian":6038,"workHomeCommuteMedian":5867},"geometry":{"type":"Polygon","coordinates":[[[121.46955391639649,25.015540230424673],[121.46955391639649,25.02453343406192],[121.47854712003374,25.02453343406192],[121.47854712003374,25.015540230424673],[121.46955391639649,25.015540230424673]]]}},{"type":"Feature","properties":{"jobs":23255,"pop":22562,"pointCount":19,"homeWorkCommuteMedian":5940,"workHomeCommuteMedian":6499},"geometry":{"type":"Polygon","coordinates":[[[121.46955391639649,25.02453343406192],[121.46955391639649,25.033526637699165],[121.47854712003374,25.033526637699165],[121.47854712003374,25.02453343406192],[121.46955391639649,25.02453343406192]]]}},{"type":"Feature","properties":{"jobs":3132,"pop":4142,"pointCount":6,"homeWorkCommuteMedian":7727,"workHomeCommuteMedian":5325},"geometry":{"type":"Polygon","coordinates":[[[121.46955391639649,25.033526637699165],[121.46955391639649,25.04251984133641],[121.47854712003374,25.04251984133641],[121.47854712003374,25.033526637699165],[121.46955391639649,25.033526637699165]]]}},{"type":"Feature","properties":{"jobs":12324,"pop":2777,"pointCount":10,"homeWorkCommuteMedian":7772,"workHomeCommuteMedian":6247},"geometry":{"type":"Polygon","coordinates":[[[121.46955391639649,25.04251984133641],[121.46955391639649,25.051513044973657],[121.47854712003374,25.051513044973657],[121.47854712003374,25.04251984133641],[121.46955391639649,25.04251984133641]]]}},{"type":"Feature","properties":{"jobs":13652,"pop":1640,"pointCount":8,"homeWorkCommuteMedian":5431,"workHomeCommuteMedian":6288},"geometry":{"type":"Polygon","coordinates":[[[121.46955391639649,25.051513044973657],[121.46955391639649,25.060506248610903],[121.47854712003374,25.060506248610903],[121.47854712003374,25.051513044973657],[121.46955391639649,25.051513044973657]]]}},{"type":"Feature","properties":{"jobs":3008,"pop":3478,"pointCount":6,"homeWorkCommuteMedian":5269,"workHomeCommuteMedian":7036},"geometry":{"type":"Polygon","coordinates":[[[121.46955391639649,25.060506248610903],[121.46955391639649,25.06949945224815],[121.47854712003374,25.06949945224815],[121.47854712003374,25.060506248610903],[121.46955391639649,25.060506248610903]]]}},{"type":"Feature","properties":{"jobs":13278,"pop":9479,"pointCount":15,"homeWorkCommuteMedian":8652,"workHomeCommuteMedian":3569},"geometry":{"type":"Polygon","coordinates":[[[121.46955391639649,25.06949945224815],[121.46955391639649,25.078492655885395],[121.47854712003374,25.078492655885395],[121.47854712003374,25.06949945224815],[121.46955391639649,25.06949945224815]]]}},{"type":"Feature","properties":{"jobs":10519,"pop":20870,"pointCount":21,"homeWorkCommuteMedian":8453,"workHomeCommuteMedian":2805},"geometry":{"type":"Polygon","coordinates":[[[121.46955391639649,25.078492655885395],[121.46955391639649,25.08748585952264],[121.47854712003374,25.08748585952264],[121.47854712003374,25.078492655885395],[121.46955391639649,25.078492655885395]]]}},{"type":"Feature","properties":{"jobs":9064,"pop":24734,"pointCount":18,"homeWorkCommuteMedian":9418,"workHomeCommuteMedian":3038},"geometry":{"type":"Polygon","coordinates":[[[121.46955391639649,25.08748585952264],[121.46955391639649,25.096479063159887],[121.47854712003374,25.096479063159887],[121.47854712003374,25.08748585952264],[121.46955391639649,25.08748585952264]]]}},{"type":"Feature","properties":{"jobs":1389,"pop":0,"pointCount":1,"homeWorkCommuteMedian":-1,"workHomeCommuteMedian":13881},"geometry":{"type":"Polygon","coordinates":[[[121.46955391639649,25.096479063159887],[121.46955391639649,25.105472266797133],[121.47854712003374,25.105472266797133],[121.47854712003374,25.096479063159887],[121.46955391639649,25.096479063159887]]]}},{"type":"Feature","properties":{"jobs":328,"pop":1334,"pointCount":5,"homeWorkCommuteMedian":6996,"workHomeCommuteMedian":6658},"geometry":{"type":"Polygon","coordinates":[[[121.46955391639649,25.105472266797133],[121.46955391639649,25.11446547043438],[121.47854712003374,25.11446547043438],[121.47854712003374,25.105472266797133],[121.46955391639649,25.105472266797133]]]}},{"type":"Feature","properties":{"jobs":4880,"pop":1178,"pointCount":7,"homeWorkCommuteMedian":12217,"workHomeCommuteMedian":7647},"geometry":{"type":"Polygon","coordinates":[[[121.46955391639649,25.123458674071625],[121.46955391639649,25.13245187770887],[121.47854712003374,25.13245187770887],[121.47854712003374,25.123458674071625],[121.46955391639649,25.123458674071625]]]}},{"type":"Feature","properties":{"jobs":2686,"pop":772,"pointCount":4,"homeWorkCommuteMedian":14687,"workHomeCommuteMedian":11751},"geometry":{"type":"Polygon","coordinates":[[[121.46955391639649,25.13245187770887],[121.46955391639649,25.141445081346117],[121.47854712003374,25.141445081346117],[121.47854712003374,25.13245187770887],[121.46955391639649,25.13245187770887]]]}},{"type":"Feature","properties":{"jobs":0,"pop":448,"pointCount":3,"homeWorkCommuteMedian":32345,"workHomeCommuteMedian":-1},"geometry":{"type":"Polygon","coordinates":[[[121.46955391639649,25.141445081346117],[121.46955391639649,25.150438284983363],[121.47854712003374,25.150438284983363],[121.47854712003374,25.141445081346117],[121.46955391639649,25.141445081346117]]]}},{"type":"Feature","properties":{"jobs":103,"pop":393,"pointCount":9,"homeWorkCommuteMedian":7617,"workHomeCommuteMedian":19689},"geometry":{"type":"Polygon","coordinates":[[[121.46955391639649,25.15943148862061],[121.46955391639649,25.168424692257855],[121.47854712003374,25.168424692257855],[121.47854712003374,25.15943148862061],[121.46955391639649,25.15943148862061]]]}},{"type":"Feature","properties":{"jobs":58,"pop":215,"pointCount":4,"homeWorkCommuteMedian":7653,"workHomeCommuteMedian":36363},"geometry":{"type":"Polygon","coordinates":[[[121.46955391639649,25.1774178958951],[121.46955391639649,25.186411099532346],[121.47854712003374,25.186411099532346],[121.47854712003374,25.1774178958951],[121.46955391639649,25.1774178958951]]]}},{"type":"Feature","properties":{"jobs":429,"pop":159,"pointCount":5,"homeWorkCommuteMedian":25370,"workHomeCommuteMedian":24813},"geometry":{"type":"Polygon","coordinates":[[[121.46955391639649,25.186411099532346],[121.46955391639649,25.195404303169592],[121.47854712003374,25.195404303169592],[121.47854712003374,25.186411099532346],[121.46955391639649,25.186411099532346]]]}},{"type":"Feature","properties":{"jobs":46,"pop":244,"pointCount":4,"homeWorkCommuteMedian":23848,"workHomeCommuteMedian":5050},"geometry":{"type":"Polygon","coordinates":[[[121.46955391639649,25.195404303169592],[121.46955391639649,25.20439750680684],[121.47854712003374,25.20439750680684],[121.47854712003374,25.195404303169592],[121.46955391639649,25.195404303169592]]]}},{"type":"Feature","properties":{"jobs":0,"pop":107,"pointCount":2,"homeWorkCommuteMedian":33126,"workHomeCommuteMedian":-1},"geometry":{"type":"Polygon","coordinates":[[[121.46955391639649,25.20439750680684],[121.46955391639649,25.213390710444084],[121.47854712003374,25.213390710444084],[121.47854712003374,25.20439750680684],[121.46955391639649,25.20439750680684]]]}},{"type":"Feature","properties":{"jobs":48,"pop":0,"pointCount":1,"homeWorkCommuteMedian":-1,"workHomeCommuteMedian":7135},"geometry":{"type":"Polygon","coordinates":[[[121.46955391639649,25.213390710444084],[121.46955391639649,25.22238391408133],[121.47854712003374,25.22238391408133],[121.47854712003374,25.213390710444084],[121.46955391639649,25.213390710444084]]]}},{"type":"Feature","properties":{"jobs":0,"pop":65,"pointCount":1,"homeWorkCommuteMedian":28556,"workHomeCommuteMedian":-1},"geometry":{"type":"Polygon","coordinates":[[[121.46955391639649,25.22238391408133],[121.46955391639649,25.231377117718576],[121.47854712003374,25.231377117718576],[121.47854712003374,25.22238391408133],[121.46955391639649,25.22238391408133]]]}},{"type":"Feature","properties":{"jobs":56,"pop":174,"pointCount":4,"homeWorkCommuteMedian":28465,"workHomeCommuteMedian":33492},"geometry":{"type":"Polygon","coordinates":[[[121.46955391639649,25.231377117718576],[121.46955391639649,25.240370321355822],[121.47854712003374,25.240370321355822],[121.47854712003374,25.231377117718576],[121.46955391639649,25.231377117718576]]]}},{"type":"Feature","properties":{"jobs":48,"pop":712,"pointCount":7,"homeWorkCommuteMedian":37282,"workHomeCommuteMedian":31059},"geometry":{"type":"Polygon","coordinates":[[[121.46955391639649,25.240370321355822],[121.46955391639649,25.24936352499307],[121.47854712003374,25.24936352499307],[121.47854712003374,25.240370321355822],[121.46955391639649,25.240370321355822]]]}},{"type":"Feature","properties":{"jobs":2116,"pop":269,"pointCount":5,"homeWorkCommuteMedian":25755,"workHomeCommuteMedian":7508},"geometry":{"type":"Polygon","coordinates":[[[121.46955391639649,25.24936352499307],[121.46955391639649,25.258356728630314],[121.47854712003374,25.258356728630314],[121.47854712003374,25.24936352499307],[121.46955391639649,25.24936352499307]]]}},{"type":"Feature","properties":{"jobs":33,"pop":0,"pointCount":1,"homeWorkCommuteMedian":-1,"workHomeCommuteMedian":3666},"geometry":{"type":"Polygon","coordinates":[[[121.46955391639649,25.258356728630314],[121.46955391639649,25.26734993226756],[121.47854712003374,25.26734993226756],[121.47854712003374,25.258356728630314],[121.46955391639649,25.258356728630314]]]}},{"type":"Feature","properties":{"jobs":0,"pop":296,"pointCount":2,"homeWorkCommuteMedian":14526,"workHomeCommuteMedian":-1},"geometry":{"type":"Polygon","coordinates":[[[121.47854712003374,24.93460139768946],[121.47854712003374,24.943594601326705],[121.48754032367098,24.943594601326705],[121.48754032367098,24.93460139768946],[121.47854712003374,24.93460139768946]]]}},{"type":"Feature","properties":{"jobs":1435,"pop":2752,"pointCount":13,"homeWorkCommuteMedian":14159,"workHomeCommuteMedian":7892},"geometry":{"type":"Polygon","coordinates":[[[121.47854712003374,24.943594601326705],[121.47854712003374,24.95258780496395],[121.48754032367098,24.95258780496395],[121.48754032367098,24.943594601326705],[121.47854712003374,24.943594601326705]]]}},{"type":"Feature","properties":{"jobs":35,"pop":1498,"pointCount":4,"homeWorkCommuteMedian":10567,"workHomeCommuteMedian":8590},"geometry":{"type":"Polygon","coordinates":[[[121.47854712003374,24.95258780496395],[121.47854712003374,24.961581008601197],[121.48754032367098,24.961581008601197],[121.48754032367098,24.95258780496395],[121.47854712003374,24.95258780496395]]]}},{"type":"Feature","properties":{"jobs":167,"pop":1819,"pointCount":3,"homeWorkCommuteMedian":12120,"workHomeCommuteMedian":14962},"geometry":{"type":"Polygon","coordinates":[[[121.47854712003374,24.961581008601197],[121.47854712003374,24.970574212238443],[121.48754032367098,24.970574212238443],[121.48754032367098,24.961581008601197],[121.47854712003374,24.961581008601197]]]}},{"type":"Feature","properties":{"jobs":0,"pop":45,"pointCount":1,"homeWorkCommuteMedian":6295,"workHomeCommuteMedian":-1},"geometry":{"type":"Polygon","coordinates":[[[121.47854712003374,24.970574212238443],[121.47854712003374,24.97956741587569],[121.48754032367098,24.97956741587569],[121.48754032367098,24.970574212238443],[121.47854712003374,24.970574212238443]]]}},{"type":"Feature","properties":{"jobs":1073,"pop":291,"pointCount":5,"homeWorkCommuteMedian":19391,"workHomeCommuteMedian":13963},"geometry":{"type":"Polygon","coordinates":[[[121.47854712003374,24.97956741587569],[121.47854712003374,24.988560619512935],[121.48754032367098,24.988560619512935],[121.48754032367098,24.97956741587569],[121.47854712003374,24.97956741587569]]]}},{"type":"Feature","properties":{"jobs":16725,"pop":13841,"pointCount":12,"homeWorkCommuteMedian":4167,"workHomeCommuteMedian":6012},"geometry":{"type":"Polygon","coordinates":[[[121.47854712003374,24.988560619512935],[121.47854712003374,24.99755382315018],[121.48754032367098,24.99755382315018],[121.48754032367098,24.988560619512935],[121.47854712003374,24.988560619512935]]]}},{"type":"Feature","properties":{"jobs":31587,"pop":15442,"pointCount":17,"homeWorkCommuteMedian":7441,"workHomeCommuteMedian":6294},"geometry":{"type":"Polygon","coordinates":[[[121.47854712003374,24.99755382315018],[121.47854712003374,25.006547026787427],[121.48754032367098,25.006547026787427],[121.48754032367098,24.99755382315018],[121.47854712003374,24.99755382315018]]]}},{"type":"Feature","properties":{"jobs":19782,"pop":8998,"pointCount":17,"homeWorkCommuteMedian":7406,"workHomeCommuteMedian":6482},"geometry":{"type":"Polygon","coordinates":[[[121.47854712003374,25.006547026787427],[121.47854712003374,25.015540230424673],[121.48754032367098,25.015540230424673],[121.48754032367098,25.006547026787427],[121.47854712003374,25.006547026787427]]]}},{"type":"Feature","properties":{"jobs":10894,"pop":15404,"pointCount":17,"homeWorkCommuteMedian":4744,"workHomeCommuteMedian":4960},"geometry":{"type":"Polygon","coordinates":[[[121.47854712003374,25.015540230424673],[121.47854712003374,25.02453343406192],[121.48754032367098,25.02453343406192],[121.48754032367098,25.015540230424673],[121.47854712003374,25.015540230424673]]]}},{"type":"Feature","properties":{"jobs":2526,"pop":10481,"pointCount":9,"homeWorkCommuteMedian":6650,"workHomeCommuteMedian":9598},"geometry":{"type":"Polygon","coordinates":[[[121.47854712003374,25.02453343406192],[121.47854712003374,25.033526637699165],[121.48754032367098,25.033526637699165],[121.48754032367098,25.02453343406192],[121.47854712003374,25.02453343406192]]]}},{"type":"Feature","properties":{"jobs":0,"pop":1032,"pointCount":1,"homeWorkCommuteMedian":5630,"workHomeCommuteMedian":-1},"geometry":{"type":"Polygon","coordinates":[[[121.47854712003374,25.033526637699165],[121.47854712003374,25.04251984133641],[121.48754032367098,25.04251984133641],[121.48754032367098,25.033526637699165],[121.47854712003374,25.033526637699165]]]}},{"type":"Feature","properties":{"jobs":1011,"pop":1437,"pointCount":1,"homeWorkCommuteMedian":5306,"workHomeCommuteMedian":27758},"geometry":{"type":"Polygon","coordinates":[[[121.47854712003374,25.04251984133641],[121.47854712003374,25.051513044973657],[121.48754032367098,25.051513044973657],[121.48754032367098,25.04251984133641],[121.47854712003374,25.04251984133641]]]}},{"type":"Feature","properties":{"jobs":10446,"pop":15421,"pointCount":11,"homeWorkCommuteMedian":6601,"workHomeCommuteMedian":4262},"geometry":{"type":"Polygon","coordinates":[[[121.47854712003374,25.051513044973657],[121.47854712003374,25.060506248610903],[121.48754032367098,25.060506248610903],[121.48754032367098,25.051513044973657],[121.47854712003374,25.051513044973657]]]}},{"type":"Feature","properties":{"jobs":12257,"pop":26277,"pointCount":20,"homeWorkCommuteMedian":4885,"workHomeCommuteMedian":3361},"geometry":{"type":"Polygon","coordinates":[[[121.47854712003374,25.060506248610903],[121.47854712003374,25.06949945224815],[121.48754032367098,25.06949945224815],[121.48754032367098,25.060506248610903],[121.47854712003374,25.060506248610903]]]}},{"type":"Feature","properties":{"jobs":14791,"pop":29540,"pointCount":20,"homeWorkCommuteMedian":7042,"workHomeCommuteMedian":5201},"geometry":{"type":"Polygon","coordinates":[[[121.47854712003374,25.06949945224815],[121.47854712003374,25.078492655885395],[121.48754032367098,25.078492655885395],[121.48754032367098,25.06949945224815],[121.47854712003374,25.06949945224815]]]}},{"type":"Feature","properties":{"jobs":15810,"pop":26974,"pointCount":22,"homeWorkCommuteMedian":7834,"workHomeCommuteMedian":3199},"geometry":{"type":"Polygon","coordinates":[[[121.47854712003374,25.078492655885395],[121.47854712003374,25.08748585952264],[121.48754032367098,25.08748585952264],[121.48754032367098,25.078492655885395],[121.47854712003374,25.078492655885395]]]}},{"type":"Feature","properties":{"jobs":2154,"pop":5939,"pointCount":8,"homeWorkCommuteMedian":8460,"workHomeCommuteMedian":3147},"geometry":{"type":"Polygon","coordinates":[[[121.47854712003374,25.08748585952264],[121.47854712003374,25.096479063159887],[121.48754032367098,25.096479063159887],[121.48754032367098,25.08748585952264],[121.47854712003374,25.08748585952264]]]}},{"type":"Feature","properties":{"jobs":584,"pop":589,"pointCount":6,"homeWorkCommuteMedian":8239,"workHomeCommuteMedian":5420},"geometry":{"type":"Polygon","coordinates":[[[121.47854712003374,25.096479063159887],[121.47854712003374,25.105472266797133],[121.48754032367098,25.105472266797133],[121.48754032367098,25.096479063159887],[121.47854712003374,25.096479063159887]]]}},{"type":"Feature","properties":{"jobs":323,"pop":2418,"pointCount":6,"homeWorkCommuteMedian":8603,"workHomeCommuteMedian":5451},"geometry":{"type":"Polygon","coordinates":[[[121.47854712003374,25.105472266797133],[121.47854712003374,25.11446547043438],[121.48754032367098,25.11446547043438],[121.48754032367098,25.105472266797133],[121.47854712003374,25.105472266797133]]]}},{"type":"Feature","properties":{"jobs":201,"pop":81,"pointCount":2,"homeWorkCommuteMedian":3541,"workHomeCommuteMedian":3252},"geometry":{"type":"Polygon","coordinates":[[[121.47854712003374,25.11446547043438],[121.47854712003374,25.123458674071625],[121.48754032367098,25.123458674071625],[121.48754032367098,25.11446547043438],[121.47854712003374,25.11446547043438]]]}},{"type":"Feature","properties":{"jobs":2714,"pop":4205,"pointCount":11,"homeWorkCommuteMedian":12888,"workHomeCommuteMedian":4826},"geometry":{"type":"Polygon","coordinates":[[[121.47854712003374,25.13245187770887],[121.47854712003374,25.141445081346117],[121.48754032367098,25.141445081346117],[121.48754032367098,25.13245187770887],[121.47854712003374,25.13245187770887]]]}},{"type":"Feature","properties":{"jobs":0,"pop":83,"pointCount":1,"homeWorkCommuteMedian":8936,"workHomeCommuteMedian":-1},"geometry":{"type":"Polygon","coordinates":[[[121.47854712003374,25.141445081346117],[121.47854712003374,25.150438284983363],[121.48754032367098,25.150438284983363],[121.48754032367098,25.141445081346117],[121.47854712003374,25.141445081346117]]]}},{"type":"Feature","properties":{"jobs":93,"pop":431,"pointCount":5,"homeWorkCommuteMedian":21938,"workHomeCommuteMedian":16441},"geometry":{"type":"Polygon","coordinates":[[[121.47854712003374,25.150438284983363],[121.47854712003374,25.15943148862061],[121.48754032367098,25.15943148862061],[121.48754032367098,25.150438284983363],[121.47854712003374,25.150438284983363]]]}},{"type":"Feature","properties":{"jobs":110,"pop":562,"pointCount":7,"homeWorkCommuteMedian":18756,"workHomeCommuteMedian":10524},"geometry":{"type":"Polygon","coordinates":[[[121.47854712003374,25.15943148862061],[121.47854712003374,25.168424692257855],[121.48754032367098,25.168424692257855],[121.48754032367098,25.15943148862061],[121.47854712003374,25.15943148862061]]]}},{"type":"Feature","properties":{"jobs":35,"pop":77,"pointCount":3,"homeWorkCommuteMedian":7194,"workHomeCommuteMedian":47235},"geometry":{"type":"Polygon","coordinates":[[[121.47854712003374,25.168424692257855],[121.47854712003374,25.1774178958951],[121.48754032367098,25.1774178958951],[121.48754032367098,25.168424692257855],[121.47854712003374,25.168424692257855]]]}},{"type":"Feature","properties":{"jobs":228,"pop":720,"pointCount":6,"homeWorkCommuteMedian":7134,"workHomeCommuteMedian":6543},"geometry":{"type":"Polygon","coordinates":[[[121.47854712003374,25.1774178958951],[121.47854712003374,25.186411099532346],[121.48754032367098,25.186411099532346],[121.48754032367098,25.1774178958951],[121.47854712003374,25.1774178958951]]]}},{"type":"Feature","properties":{"jobs":117,"pop":286,"pointCount":6,"homeWorkCommuteMedian":29442,"workHomeCommuteMedian":9913},"geometry":{"type":"Polygon","coordinates":[[[121.47854712003374,25.186411099532346],[121.47854712003374,25.195404303169592],[121.48754032367098,25.195404303169592],[121.48754032367098,25.186411099532346],[121.47854712003374,25.186411099532346]]]}},{"type":"Feature","properties":{"jobs":54,"pop":187,"pointCount":4,"homeWorkCommuteMedian":5623,"workHomeCommuteMedian":6246},"geometry":{"type":"Polygon","coordinates":[[[121.47854712003374,25.195404303169592],[121.47854712003374,25.20439750680684],[121.48754032367098,25.20439750680684],[121.48754032367098,25.195404303169592],[121.47854712003374,25.195404303169592]]]}},{"type":"Feature","properties":{"jobs":0,"pop":84,"pointCount":1,"homeWorkCommuteMedian":28364,"workHomeCommuteMedian":-1},"geometry":{"type":"Polygon","coordinates":[[[121.47854712003374,25.20439750680684],[121.47854712003374,25.213390710444084],[121.48754032367098,25.213390710444084],[121.48754032367098,25.20439750680684],[121.47854712003374,25.20439750680684]]]}},{"type":"Feature","properties":{"jobs":29,"pop":79,"pointCount":3,"homeWorkCommuteMedian":36470,"workHomeCommuteMedian":52872},"geometry":{"type":"Polygon","coordinates":[[[121.47854712003374,25.213390710444084],[121.47854712003374,25.22238391408133],[121.48754032367098,25.22238391408133],[121.48754032367098,25.213390710444084],[121.47854712003374,25.213390710444084]]]}},{"type":"Feature","properties":{"jobs":84,"pop":388,"pointCount":5,"homeWorkCommuteMedian":10321,"workHomeCommuteMedian":12695},"geometry":{"type":"Polygon","coordinates":[[[121.47854712003374,25.22238391408133],[121.47854712003374,25.231377117718576],[121.48754032367098,25.231377117718576],[121.48754032367098,25.22238391408133],[121.47854712003374,25.22238391408133]]]}},{"type":"Feature","properties":{"jobs":73,"pop":82,"pointCount":3,"homeWorkCommuteMedian":38133,"workHomeCommuteMedian":25175},"geometry":{"type":"Polygon","coordinates":[[[121.47854712003374,25.231377117718576],[121.47854712003374,25.240370321355822],[121.48754032367098,25.240370321355822],[121.48754032367098,25.231377117718576],[121.47854712003374,25.231377117718576]]]}},{"type":"Feature","properties":{"jobs":0,"pop":50,"pointCount":1,"homeWorkCommuteMedian":29983,"workHomeCommuteMedian":-1},"geometry":{"type":"Polygon","coordinates":[[[121.47854712003374,25.240370321355822],[121.47854712003374,25.24936352499307],[121.48754032367098,25.24936352499307],[121.48754032367098,25.240370321355822],[121.47854712003374,25.240370321355822]]]}},{"type":"Feature","properties":{"jobs":0,"pop":453,"pointCount":4,"homeWorkCommuteMedian":39123,"workHomeCommuteMedian":-1},"geometry":{"type":"Polygon","coordinates":[[[121.47854712003374,25.24936352499307],[121.47854712003374,25.258356728630314],[121.48754032367098,25.258356728630314],[121.48754032367098,25.24936352499307],[121.47854712003374,25.24936352499307]]]}},{"type":"Feature","properties":{"jobs":234,"pop":241,"pointCount":7,"homeWorkCommuteMedian":33673,"workHomeCommuteMedian":40691},"geometry":{"type":"Polygon","coordinates":[[[121.47854712003374,25.258356728630314],[121.47854712003374,25.26734993226756],[121.48754032367098,25.26734993226756],[121.48754032367098,25.258356728630314],[121.47854712003374,25.258356728630314]]]}},{"type":"Feature","properties":{"jobs":0,"pop":144,"pointCount":1,"homeWorkCommuteMedian":16777,"workHomeCommuteMedian":-1},"geometry":{"type":"Polygon","coordinates":[[[121.48754032367098,24.925608194052213],[121.48754032367098,24.93460139768946],[121.49653352730823,24.93460139768946],[121.49653352730823,24.925608194052213],[121.48754032367098,24.925608194052213]]]}},{"type":"Feature","properties":{"jobs":266,"pop":0,"pointCount":1,"homeWorkCommuteMedian":-1,"workHomeCommuteMedian":22731},"geometry":{"type":"Polygon","coordinates":[[[121.48754032367098,24.93460139768946],[121.48754032367098,24.943594601326705],[121.49653352730823,24.943594601326705],[121.49653352730823,24.93460139768946],[121.48754032367098,24.93460139768946]]]}},{"type":"Feature","properties":{"jobs":1085,"pop":6147,"pointCount":12,"homeWorkCommuteMedian":11440,"workHomeCommuteMedian":12868},"geometry":{"type":"Polygon","coordinates":[[[121.48754032367098,24.943594601326705],[121.48754032367098,24.95258780496395],[121.49653352730823,24.95258780496395],[121.49653352730823,24.943594601326705],[121.48754032367098,24.943594601326705]]]}},{"type":"Feature","properties":{"jobs":885,"pop":1310,"pointCount":5,"homeWorkCommuteMedian":7998,"workHomeCommuteMedian":29674},"geometry":{"type":"Polygon","coordinates":[[[121.48754032367098,24.95258780496395],[121.48754032367098,24.961581008601197],[121.49653352730823,24.961581008601197],[121.49653352730823,24.95258780496395],[121.48754032367098,24.95258780496395]]]}},{"type":"Feature","properties":{"jobs":0,"pop":278,"pointCount":1,"homeWorkCommuteMedian":47756,"workHomeCommuteMedian":-1},"geometry":{"type":"Polygon","coordinates":[[[121.48754032367098,24.961581008601197],[121.48754032367098,24.970574212238443],[121.49653352730823,24.970574212238443],[121.49653352730823,24.961581008601197],[121.48754032367098,24.961581008601197]]]}},{"type":"Feature","properties":{"jobs":360,"pop":0,"pointCount":7,"homeWorkCommuteMedian":-1,"workHomeCommuteMedian":8258},"geometry":{"type":"Polygon","coordinates":[[[121.48754032367098,24.970574212238443],[121.48754032367098,24.97956741587569],[121.49653352730823,24.97956741587569],[121.49653352730823,24.970574212238443],[121.48754032367098,24.970574212238443]]]}},{"type":"Feature","properties":{"jobs":892,"pop":3883,"pointCount":6,"homeWorkCommuteMedian":7542,"workHomeCommuteMedian":3330},"geometry":{"type":"Polygon","coordinates":[[[121.48754032367098,24.97956741587569],[121.48754032367098,24.988560619512935],[121.49653352730823,24.988560619512935],[121.49653352730823,24.97956741587569],[121.48754032367098,24.97956741587569]]]}},{"type":"Feature","properties":{"jobs":28779,"pop":16548,"pointCount":18,"homeWorkCommuteMedian":6433,"workHomeCommuteMedian":6259},"geometry":{"type":"Polygon","coordinates":[[[121.48754032367098,24.988560619512935],[121.48754032367098,24.99755382315018],[121.49653352730823,24.99755382315018],[121.49653352730823,24.988560619512935],[121.48754032367098,24.988560619512935]]]}},{"type":"Feature","properties":{"jobs":36474,"pop":5982,"pointCount":13,"homeWorkCommuteMedian":6398,"workHomeCommuteMedian":6268},"geometry":{"type":"Polygon","coordinates":[[[121.48754032367098,24.99755382315018],[121.48754032367098,25.006547026787427],[121.49653352730823,25.006547026787427],[121.49653352730823,24.99755382315018],[121.48754032367098,24.99755382315018]]]}},{"type":"Feature","properties":{"jobs":3411,"pop":1180,"pointCount":2,"homeWorkCommuteMedian":9198,"workHomeCommuteMedian":6002},"geometry":{"type":"Polygon","coordinates":[[[121.48754032367098,25.006547026787427],[121.48754032367098,25.015540230424673],[121.49653352730823,25.015540230424673],[121.49653352730823,25.006547026787427],[121.48754032367098,25.006547026787427]]]}},{"type":"Feature","properties":{"jobs":1989,"pop":13567,"pointCount":7,"homeWorkCommuteMedian":6652,"workHomeCommuteMedian":1943},"geometry":{"type":"Polygon","coordinates":[[[121.48754032367098,25.015540230424673],[121.48754032367098,25.02453343406192],[121.49653352730823,25.02453343406192],[121.49653352730823,25.015540230424673],[121.48754032367098,25.015540230424673]]]}},{"type":"Feature","properties":{"jobs":3949,"pop":15808,"pointCount":15,"homeWorkCommuteMedian":7635,"workHomeCommuteMedian":2186},"geometry":{"type":"Polygon","coordinates":[[[121.48754032367098,25.02453343406192],[121.48754032367098,25.033526637699165],[121.49653352730823,25.033526637699165],[121.49653352730823,25.02453343406192],[121.48754032367098,25.02453343406192]]]}},{"type":"Feature","properties":{"jobs":990,"pop":7383,"pointCount":8,"homeWorkCommuteMedian":5243,"workHomeCommuteMedian":2456},"geometry":{"type":"Polygon","coordinates":[[[121.48754032367098,25.033526637699165],[121.48754032367098,25.04251984133641],[121.49653352730823,25.04251984133641],[121.49653352730823,25.033526637699165],[121.48754032367098,25.033526637699165]]]}},{"type":"Feature","properties":{"jobs":879,"pop":986,"pointCount":1,"homeWorkCommuteMedian":8816,"workHomeCommuteMedian":4245},"geometry":{"type":"Polygon","coordinates":[[[121.48754032367098,25.04251984133641],[121.48754032367098,25.051513044973657],[121.49653352730823,25.051513044973657],[121.49653352730823,25.04251984133641],[121.48754032367098,25.04251984133641]]]}},{"type":"Feature","properties":{"jobs":17503,"pop":21905,"pointCount":23,"homeWorkCommuteMedian":6150,"workHomeCommuteMedian":3969},"geometry":{"type":"Polygon","coordinates":[[[121.48754032367098,25.051513044973657],[121.48754032367098,25.060506248610903],[121.49653352730823,25.060506248610903],[121.49653352730823,25.051513044973657],[121.48754032367098,25.051513044973657]]]}},{"type":"Feature","properties":{"jobs":15507,"pop":24271,"pointCount":31,"homeWorkCommuteMedian":5759,"workHomeCommuteMedian":4373},"geometry":{"type":"Polygon","coordinates":[[[121.48754032367098,25.060506248610903],[121.48754032367098,25.06949945224815],[121.49653352730823,25.06949945224815],[121.49653352730823,25.060506248610903],[121.48754032367098,25.060506248610903]]]}},{"type":"Feature","properties":{"jobs":11447,"pop":18533,"pointCount":19,"homeWorkCommuteMedian":6918,"workHomeCommuteMedian":4176},"geometry":{"type":"Polygon","coordinates":[[[121.48754032367098,25.06949945224815],[121.48754032367098,25.078492655885395],[121.49653352730823,25.078492655885395],[121.49653352730823,25.06949945224815],[121.48754032367098,25.06949945224815]]]}},{"type":"Feature","properties":{"jobs":13527,"pop":25378,"pointCount":24,"homeWorkCommuteMedian":7191,"workHomeCommuteMedian":5614},"geometry":{"type":"Polygon","coordinates":[[[121.48754032367098,25.078492655885395],[121.48754032367098,25.08748585952264],[121.49653352730823,25.08748585952264],[121.49653352730823,25.078492655885395],[121.48754032367098,25.078492655885395]]]}},{"type":"Feature","properties":{"jobs":2148,"pop":3269,"pointCount":6,"homeWorkCommuteMedian":7248,"workHomeCommuteMedian":8814},"geometry":{"type":"Polygon","coordinates":[[[121.48754032367098,25.08748585952264],[121.48754032367098,25.096479063159887],[121.49653352730823,25.096479063159887],[121.49653352730823,25.08748585952264],[121.48754032367098,25.08748585952264]]]}},{"type":"Feature","properties":{"jobs":731,"pop":1117,"pointCount":7,"homeWorkCommuteMedian":10304,"workHomeCommuteMedian":13996},"geometry":{"type":"Polygon","coordinates":[[[121.48754032367098,25.096479063159887],[121.48754032367098,25.105472266797133],[121.49653352730823,25.105472266797133],[121.49653352730823,25.096479063159887],[121.48754032367098,25.096479063159887]]]}},{"type":"Feature","properties":{"jobs":430,"pop":447,"pointCount":5,"homeWorkCommuteMedian":13769,"workHomeCommuteMedian":5554},"geometry":{"type":"Polygon","coordinates":[[[121.48754032367098,25.105472266797133],[121.48754032367098,25.11446547043438],[121.49653352730823,25.11446547043438],[121.49653352730823,25.105472266797133],[121.48754032367098,25.105472266797133]]]}},{"type":"Feature","properties":{"jobs":170,"pop":312,"pointCount":2,"homeWorkCommuteMedian":10193,"workHomeCommuteMedian":2002},"geometry":{"type":"Polygon","coordinates":[[[121.48754032367098,25.11446547043438],[121.48754032367098,25.123458674071625],[121.49653352730823,25.123458674071625],[121.49653352730823,25.11446547043438],[121.48754032367098,25.11446547043438]]]}},{"type":"Feature","properties":{"jobs":1279,"pop":5959,"pointCount":7,"homeWorkCommuteMedian":11827,"workHomeCommuteMedian":3209},"geometry":{"type":"Polygon","coordinates":[[[121.48754032367098,25.13245187770887],[121.48754032367098,25.141445081346117],[121.49653352730823,25.141445081346117],[121.49653352730823,25.13245187770887],[121.48754032367098,25.13245187770887]]]}},{"type":"Feature","properties":{"jobs":269,"pop":4717,"pointCount":8,"homeWorkCommuteMedian":10617,"workHomeCommuteMedian":5765},"geometry":{"type":"Polygon","coordinates":[[[121.48754032367098,25.141445081346117],[121.48754032367098,25.150438284983363],[121.49653352730823,25.150438284983363],[121.49653352730823,25.141445081346117],[121.48754032367098,25.141445081346117]]]}},{"type":"Feature","properties":{"jobs":0,"pop":98,"pointCount":2,"homeWorkCommuteMedian":36145,"workHomeCommuteMedian":-1},"geometry":{"type":"Polygon","coordinates":[[[121.48754032367098,25.150438284983363],[121.48754032367098,25.15943148862061],[121.49653352730823,25.15943148862061],[121.49653352730823,25.150438284983363],[121.48754032367098,25.150438284983363]]]}},{"type":"Feature","properties":{"jobs":0,"pop":166,"pointCount":1,"homeWorkCommuteMedian":10278,"workHomeCommuteMedian":-1},"geometry":{"type":"Polygon","coordinates":[[[121.48754032367098,25.15943148862061],[121.48754032367098,25.168424692257855],[121.49653352730823,25.168424692257855],[121.49653352730823,25.15943148862061],[121.48754032367098,25.15943148862061]]]}},{"type":"Feature","properties":{"jobs":0,"pop":58,"pointCount":1,"homeWorkCommuteMedian":29716,"workHomeCommuteMedian":-1},"geometry":{"type":"Polygon","coordinates":[[[121.48754032367098,25.1774178958951],[121.48754032367098,25.186411099532346],[121.49653352730823,25.186411099532346],[121.49653352730823,25.1774178958951],[121.48754032367098,25.1774178958951]]]}},{"type":"Feature","properties":{"jobs":154,"pop":106,"pointCount":4,"homeWorkCommuteMedian":29808,"workHomeCommuteMedian":58433},"geometry":{"type":"Polygon","coordinates":[[[121.48754032367098,25.186411099532346],[121.48754032367098,25.195404303169592],[121.49653352730823,25.195404303169592],[121.49653352730823,25.186411099532346],[121.48754032367098,25.186411099532346]]]}},{"type":"Feature","properties":{"jobs":98,"pop":154,"pointCount":3,"homeWorkCommuteMedian":25806,"workHomeCommuteMedian":10866},"geometry":{"type":"Polygon","coordinates":[[[121.48754032367098,25.195404303169592],[121.48754032367098,25.20439750680684],[121.49653352730823,25.20439750680684],[121.49653352730823,25.195404303169592],[121.48754032367098,25.195404303169592]]]}},{"type":"Feature","properties":{"jobs":99,"pop":130,"pointCount":4,"homeWorkCommuteMedian":34593,"workHomeCommuteMedian":30744},"geometry":{"type":"Polygon","coordinates":[[[121.48754032367098,25.20439750680684],[121.48754032367098,25.213390710444084],[121.49653352730823,25.213390710444084],[121.49653352730823,25.20439750680684],[121.48754032367098,25.20439750680684]]]}},{"type":"Feature","properties":{"jobs":0,"pop":158,"pointCount":2,"homeWorkCommuteMedian":38089,"workHomeCommuteMedian":-1},"geometry":{"type":"Polygon","coordinates":[[[121.48754032367098,25.213390710444084],[121.48754032367098,25.22238391408133],[121.49653352730823,25.22238391408133],[121.49653352730823,25.213390710444084],[121.48754032367098,25.213390710444084]]]}},{"type":"Feature","properties":{"jobs":0,"pop":101,"pointCount":2,"homeWorkCommuteMedian":34277,"workHomeCommuteMedian":-1},"geometry":{"type":"Polygon","coordinates":[[[121.48754032367098,25.22238391408133],[121.48754032367098,25.231377117718576],[121.49653352730823,25.231377117718576],[121.49653352730823,25.22238391408133],[121.48754032367098,25.22238391408133]]]}},{"type":"Feature","properties":{"jobs":155,"pop":44,"pointCount":3,"homeWorkCommuteMedian":63269,"workHomeCommuteMedian":48903},"geometry":{"type":"Polygon","coordinates":[[[121.48754032367098,25.240370321355822],[121.48754032367098,25.24936352499307],[121.49653352730823,25.24936352499307],[121.49653352730823,25.240370321355822],[121.48754032367098,25.240370321355822]]]}},{"type":"Feature","properties":{"jobs":767,"pop":33,"pointCount":3,"homeWorkCommuteMedian":1589,"workHomeCommuteMedian":51632},"geometry":{"type":"Polygon","coordinates":[[[121.48754032367098,25.24936352499307],[121.48754032367098,25.258356728630314],[121.49653352730823,25.258356728630314],[121.49653352730823,25.24936352499307],[121.48754032367098,25.24936352499307]]]}},{"type":"Feature","properties":{"jobs":169,"pop":325,"pointCount":5,"homeWorkCommuteMedian":38911,"workHomeCommuteMedian":23832},"geometry":{"type":"Polygon","coordinates":[[[121.48754032367098,25.258356728630314],[121.48754032367098,25.26734993226756],[121.49653352730823,25.26734993226756],[121.49653352730823,25.258356728630314],[121.48754032367098,25.258356728630314]]]}},{"type":"Feature","properties":{"jobs":0,"pop":95,"pointCount":1,"homeWorkCommuteMedian":7392,"workHomeCommuteMedian":-1},"geometry":{"type":"Polygon","coordinates":[[[121.48754032367098,25.26734993226756],[121.48754032367098,25.276343135904806],[121.49653352730823,25.276343135904806],[121.49653352730823,25.26734993226756],[121.48754032367098,25.26734993226756]]]}},{"type":"Feature","properties":{"jobs":0,"pop":39,"pointCount":1,"homeWorkCommuteMedian":16890,"workHomeCommuteMedian":-1},"geometry":{"type":"Polygon","coordinates":[[[121.49653352730823,24.880642175865983],[121.49653352730823,24.88963537950323],[121.50552673094548,24.88963537950323],[121.50552673094548,24.880642175865983],[121.49653352730823,24.880642175865983]]]}},{"type":"Feature","properties":{"jobs":890,"pop":279,"pointCount":6,"homeWorkCommuteMedian":25340,"workHomeCommuteMedian":41444},"geometry":{"type":"Polygon","coordinates":[[[121.49653352730823,24.90762178677772],[121.49653352730823,24.916614990414967],[121.50552673094548,24.916614990414967],[121.50552673094548,24.90762178677772],[121.49653352730823,24.90762178677772]]]}},{"type":"Feature","properties":{"jobs":0,"pop":151,"pointCount":1,"homeWorkCommuteMedian":12133,"workHomeCommuteMedian":-1},"geometry":{"type":"Polygon","coordinates":[[[121.49653352730823,24.916614990414967],[121.49653352730823,24.925608194052213],[121.50552673094548,24.925608194052213],[121.50552673094548,24.916614990414967],[121.49653352730823,24.916614990414967]]]}},{"type":"Feature","properties":{"jobs":28,"pop":404,"pointCount":7,"homeWorkCommuteMedian":10964,"workHomeCommuteMedian":15011},"geometry":{"type":"Polygon","coordinates":[[[121.49653352730823,24.925608194052213],[121.49653352730823,24.93460139768946],[121.50552673094548,24.93460139768946],[121.50552673094548,24.925608194052213],[121.49653352730823,24.925608194052213]]]}},{"type":"Feature","properties":{"jobs":59,"pop":1308,"pointCount":5,"homeWorkCommuteMedian":16446,"workHomeCommuteMedian":13156},"geometry":{"type":"Polygon","coordinates":[[[121.49653352730823,24.93460139768946],[121.49653352730823,24.943594601326705],[121.50552673094548,24.943594601326705],[121.50552673094548,24.93460139768946],[121.49653352730823,24.93460139768946]]]}},{"type":"Feature","properties":{"jobs":438,"pop":7736,"pointCount":15,"homeWorkCommuteMedian":8733,"workHomeCommuteMedian":13943},"geometry":{"type":"Polygon","coordinates":[[[121.49653352730823,24.943594601326705],[121.49653352730823,24.95258780496395],[121.50552673094548,24.95258780496395],[121.50552673094548,24.943594601326705],[121.49653352730823,24.943594601326705]]]}},{"type":"Feature","properties":{"jobs":2890,"pop":497,"pointCount":6,"homeWorkCommuteMedian":14047,"workHomeCommuteMedian":12555},"geometry":{"type":"Polygon","coordinates":[[[121.49653352730823,24.95258780496395],[121.49653352730823,24.961581008601197],[121.50552673094548,24.961581008601197],[121.50552673094548,24.95258780496395],[121.49653352730823,24.95258780496395]]]}},{"type":"Feature","properties":{"jobs":669,"pop":251,"pointCount":4,"homeWorkCommuteMedian":10695,"workHomeCommuteMedian":13204},"geometry":{"type":"Polygon","coordinates":[[[121.49653352730823,24.970574212238443],[121.49653352730823,24.97956741587569],[121.50552673094548,24.97956741587569],[121.50552673094548,24.970574212238443],[121.49653352730823,24.970574212238443]]]}},{"type":"Feature","properties":{"jobs":3189,"pop":6731,"pointCount":8,"homeWorkCommuteMedian":6730,"workHomeCommuteMedian":8552},"geometry":{"type":"Polygon","coordinates":[[[121.49653352730823,24.97956741587569],[121.49653352730823,24.988560619512935],[121.50552673094548,24.988560619512935],[121.50552673094548,24.97956741587569],[121.49653352730823,24.97956741587569]]]}},{"type":"Feature","properties":{"jobs":10701,"pop":28852,"pointCount":20,"homeWorkCommuteMedian":7487,"workHomeCommuteMedian":6766},"geometry":{"type":"Polygon","coordinates":[[[121.49653352730823,24.988560619512935],[121.49653352730823,24.99755382315018],[121.50552673094548,24.99755382315018],[121.50552673094548,24.988560619512935],[121.49653352730823,24.988560619512935]]]}},{"type":"Feature","properties":{"jobs":16234,"pop":26213,"pointCount":21,"homeWorkCommuteMedian":5872,"workHomeCommuteMedian":5111},"geometry":{"type":"Polygon","coordinates":[[[121.49653352730823,24.99755382315018],[121.49653352730823,25.006547026787427],[121.50552673094548,25.006547026787427],[121.50552673094548,24.99755382315018],[121.49653352730823,24.99755382315018]]]}},{"type":"Feature","properties":{"jobs":6991,"pop":11923,"pointCount":9,"homeWorkCommuteMedian":6706,"workHomeCommuteMedian":5610},"geometry":{"type":"Polygon","coordinates":[[[121.49653352730823,25.006547026787427],[121.49653352730823,25.015540230424673],[121.50552673094548,25.015540230424673],[121.50552673094548,25.006547026787427],[121.49653352730823,25.006547026787427]]]}},{"type":"Feature","properties":{"jobs":2464,"pop":13941,"pointCount":12,"homeWorkCommuteMedian":7104,"workHomeCommuteMedian":1647},"geometry":{"type":"Polygon","coordinates":[[[121.49653352730823,25.015540230424673],[121.49653352730823,25.02453343406192],[121.50552673094548,25.02453343406192],[121.50552673094548,25.015540230424673],[121.49653352730823,25.015540230424673]]]}},{"type":"Feature","properties":{"jobs":4637,"pop":22059,"pointCount":15,"homeWorkCommuteMedian":5124,"workHomeCommuteMedian":1365},"geometry":{"type":"Polygon","coordinates":[[[121.49653352730823,25.02453343406192],[121.49653352730823,25.033526637699165],[121.50552673094548,25.033526637699165],[121.50552673094548,25.02453343406192],[121.49653352730823,25.02453343406192]]]}},{"type":"Feature","properties":{"jobs":14912,"pop":21590,"pointCount":19,"homeWorkCommuteMedian":5564,"workHomeCommuteMedian":1828},"geometry":{"type":"Polygon","coordinates":[[[121.49653352730823,25.033526637699165],[121.49653352730823,25.04251984133641],[121.50552673094548,25.04251984133641],[121.50552673094548,25.033526637699165],[121.49653352730823,25.033526637699165]]]}},{"type":"Feature","properties":{"jobs":6924,"pop":4285,"pointCount":6,"homeWorkCommuteMedian":6246,"workHomeCommuteMedian":3177},"geometry":{"type":"Polygon","coordinates":[[[121.49653352730823,25.04251984133641],[121.49653352730823,25.051513044973657],[121.50552673094548,25.051513044973657],[121.50552673094548,25.04251984133641],[121.49653352730823,25.04251984133641]]]}},{"type":"Feature","properties":{"jobs":2548,"pop":4993,"pointCount":9,"homeWorkCommuteMedian":4802,"workHomeCommuteMedian":11921},"geometry":{"type":"Polygon","coordinates":[[[121.49653352730823,25.051513044973657],[121.49653352730823,25.060506248610903],[121.50552673094548,25.060506248610903],[121.50552673094548,25.051513044973657],[121.49653352730823,25.051513044973657]]]}},{"type":"Feature","properties":{"jobs":14331,"pop":25257,"pointCount":32,"homeWorkCommuteMedian":5925,"workHomeCommuteMedian":7128},"geometry":{"type":"Polygon","coordinates":[[[121.49653352730823,25.060506248610903],[121.49653352730823,25.06949945224815],[121.50552673094548,25.06949945224815],[121.50552673094548,25.060506248610903],[121.49653352730823,25.060506248610903]]]}},{"type":"Feature","properties":{"jobs":4820,"pop":15566,"pointCount":18,"homeWorkCommuteMedian":7696,"workHomeCommuteMedian":7029},"geometry":{"type":"Polygon","coordinates":[[[121.49653352730823,25.06949945224815],[121.49653352730823,25.078492655885395],[121.50552673094548,25.078492655885395],[121.50552673094548,25.06949945224815],[121.49653352730823,25.06949945224815]]]}},{"type":"Feature","properties":{"jobs":178,"pop":5067,"pointCount":5,"homeWorkCommuteMedian":7485,"workHomeCommuteMedian":2723},"geometry":{"type":"Polygon","coordinates":[[[121.49653352730823,25.078492655885395],[121.49653352730823,25.08748585952264],[121.50552673094548,25.08748585952264],[121.50552673094548,25.078492655885395],[121.49653352730823,25.078492655885395]]]}},{"type":"Feature","properties":{"jobs":2741,"pop":4672,"pointCount":10,"homeWorkCommuteMedian":8096,"workHomeCommuteMedian":4483},"geometry":{"type":"Polygon","coordinates":[[[121.49653352730823,25.08748585952264],[121.49653352730823,25.096479063159887],[121.50552673094548,25.096479063159887],[121.50552673094548,25.08748585952264],[121.49653352730823,25.08748585952264]]]}},{"type":"Feature","properties":{"jobs":217,"pop":1364,"pointCount":5,"homeWorkCommuteMedian":8114,"workHomeCommuteMedian":7546},"geometry":{"type":"Polygon","coordinates":[[[121.49653352730823,25.096479063159887],[121.49653352730823,25.105472266797133],[121.50552673094548,25.105472266797133],[121.50552673094548,25.096479063159887],[121.49653352730823,25.096479063159887]]]}},{"type":"Feature","properties":{"jobs":298,"pop":0,"pointCount":1,"homeWorkCommuteMedian":-1,"workHomeCommuteMedian":15958},"geometry":{"type":"Polygon","coordinates":[[[121.49653352730823,25.105472266797133],[121.49653352730823,25.11446547043438],[121.50552673094548,25.11446547043438],[121.50552673094548,25.105472266797133],[121.49653352730823,25.105472266797133]]]}},{"type":"Feature","properties":{"jobs":3748,"pop":5089,"pointCount":11,"homeWorkCommuteMedian":8767,"workHomeCommuteMedian":3541},"geometry":{"type":"Polygon","coordinates":[[[121.49653352730823,25.11446547043438],[121.49653352730823,25.123458674071625],[121.50552673094548,25.123458674071625],[121.50552673094548,25.11446547043438],[121.49653352730823,25.11446547043438]]]}},{"type":"Feature","properties":{"jobs":6724,"pop":14932,"pointCount":15,"homeWorkCommuteMedian":8197,"workHomeCommuteMedian":3741},"geometry":{"type":"Polygon","coordinates":[[[121.49653352730823,25.123458674071625],[121.49653352730823,25.13245187770887],[121.50552673094548,25.13245187770887],[121.50552673094548,25.123458674071625],[121.49653352730823,25.123458674071625]]]}},{"type":"Feature","properties":{"jobs":5654,"pop":14735,"pointCount":15,"homeWorkCommuteMedian":11524,"workHomeCommuteMedian":4174},"geometry":{"type":"Polygon","coordinates":[[[121.49653352730823,25.13245187770887],[121.49653352730823,25.141445081346117],[121.50552673094548,25.141445081346117],[121.50552673094548,25.13245187770887],[121.49653352730823,25.13245187770887]]]}},{"type":"Feature","properties":{"jobs":1149,"pop":5247,"pointCount":11,"homeWorkCommuteMedian":12092,"workHomeCommuteMedian":4130},"geometry":{"type":"Polygon","coordinates":[[[121.49653352730823,25.141445081346117],[121.49653352730823,25.150438284983363],[121.50552673094548,25.150438284983363],[121.50552673094548,25.141445081346117],[121.49653352730823,25.141445081346117]]]}},{"type":"Feature","properties":{"jobs":96,"pop":422,"pointCount":4,"homeWorkCommuteMedian":18770,"workHomeCommuteMedian":4169},"geometry":{"type":"Polygon","coordinates":[[[121.49653352730823,25.150438284983363],[121.49653352730823,25.15943148862061],[121.50552673094548,25.15943148862061],[121.50552673094548,25.150438284983363],[121.49653352730823,25.150438284983363]]]}},{"type":"Feature","properties":{"jobs":0,"pop":231,"pointCount":2,"homeWorkCommuteMedian":28818,"workHomeCommuteMedian":-1},"geometry":{"type":"Polygon","coordinates":[[[121.49653352730823,25.15943148862061],[121.49653352730823,25.168424692257855],[121.50552673094548,25.168424692257855],[121.50552673094548,25.15943148862061],[121.49653352730823,25.15943148862061]]]}},{"type":"Feature","properties":{"jobs":56,"pop":198,"pointCount":3,"homeWorkCommuteMedian":28796,"workHomeCommuteMedian":38033},"geometry":{"type":"Polygon","coordinates":[[[121.49653352730823,25.195404303169592],[121.49653352730823,25.20439750680684],[121.50552673094548,25.20439750680684],[121.50552673094548,25.195404303169592],[121.49653352730823,25.195404303169592]]]}},{"type":"Feature","properties":{"jobs":334,"pop":95,"pointCount":4,"homeWorkCommuteMedian":16214,"workHomeCommuteMedian":40617},"geometry":{"type":"Polygon","coordinates":[[[121.49653352730823,25.20439750680684],[121.49653352730823,25.213390710444084],[121.50552673094548,25.213390710444084],[121.50552673094548,25.20439750680684],[121.49653352730823,25.20439750680684]]]}},{"type":"Feature","properties":{"jobs":0,"pop":94,"pointCount":2,"homeWorkCommuteMedian":34366,"workHomeCommuteMedian":-1},"geometry":{"type":"Polygon","coordinates":[[[121.49653352730823,25.213390710444084],[121.49653352730823,25.22238391408133],[121.50552673094548,25.22238391408133],[121.50552673094548,25.213390710444084],[121.49653352730823,25.213390710444084]]]}},{"type":"Feature","properties":{"jobs":60,"pop":42,"pointCount":2,"homeWorkCommuteMedian":39411,"workHomeCommuteMedian":7392},"geometry":{"type":"Polygon","coordinates":[[[121.49653352730823,25.22238391408133],[121.49653352730823,25.231377117718576],[121.50552673094548,25.231377117718576],[121.50552673094548,25.22238391408133],[121.49653352730823,25.22238391408133]]]}},{"type":"Feature","properties":{"jobs":0,"pop":96,"pointCount":1,"homeWorkCommuteMedian":34744,"workHomeCommuteMedian":-1},"geometry":{"type":"Polygon","coordinates":[[[121.49653352730823,25.231377117718576],[121.49653352730823,25.240370321355822],[121.50552673094548,25.240370321355822],[121.50552673094548,25.231377117718576],[121.49653352730823,25.231377117718576]]]}},{"type":"Feature","properties":{"jobs":47,"pop":252,"pointCount":4,"homeWorkCommuteMedian":32065,"workHomeCommuteMedian":36512},"geometry":{"type":"Polygon","coordinates":[[[121.49653352730823,25.240370321355822],[121.49653352730823,25.24936352499307],[121.50552673094548,25.24936352499307],[121.50552673094548,25.240370321355822],[121.49653352730823,25.240370321355822]]]}},{"type":"Feature","properties":{"jobs":5133,"pop":3328,"pointCount":12,"homeWorkCommuteMedian":34431,"workHomeCommuteMedian":29750},"geometry":{"type":"Polygon","coordinates":[[[121.49653352730823,25.24936352499307],[121.49653352730823,25.258356728630314],[121.50552673094548,25.258356728630314],[121.50552673094548,25.24936352499307],[121.49653352730823,25.24936352499307]]]}},{"type":"Feature","properties":{"jobs":1077,"pop":1897,"pointCount":6,"homeWorkCommuteMedian":40777,"workHomeCommuteMedian":36392},"geometry":{"type":"Polygon","coordinates":[[[121.49653352730823,25.258356728630314],[121.49653352730823,25.26734993226756],[121.50552673094548,25.26734993226756],[121.50552673094548,25.258356728630314],[121.49653352730823,25.258356728630314]]]}},{"type":"Feature","properties":{"jobs":0,"pop":130,"pointCount":3,"homeWorkCommuteMedian":39533,"workHomeCommuteMedian":-1},"geometry":{"type":"Polygon","coordinates":[[[121.49653352730823,25.26734993226756],[121.49653352730823,25.276343135904806],[121.50552673094548,25.276343135904806],[121.50552673094548,25.26734993226756],[121.49653352730823,25.26734993226756]]]}},{"type":"Feature","properties":{"jobs":50,"pop":0,"pointCount":1,"homeWorkCommuteMedian":-1,"workHomeCommuteMedian":14671},"geometry":{"type":"Polygon","coordinates":[[[121.50552673094548,24.880642175865983],[121.50552673094548,24.88963537950323],[121.51451993458272,24.88963537950323],[121.51451993458272,24.880642175865983],[121.50552673094548,24.880642175865983]]]}},{"type":"Feature","properties":{"jobs":0,"pop":36,"pointCount":1,"homeWorkCommuteMedian":42749,"workHomeCommuteMedian":-1},"geometry":{"type":"Polygon","coordinates":[[[121.50552673094548,24.898628583140475],[121.50552673094548,24.90762178677772],[121.51451993458272,24.90762178677772],[121.51451993458272,24.898628583140475],[121.50552673094548,24.898628583140475]]]}},{"type":"Feature","properties":{"jobs":0,"pop":70,"pointCount":1,"homeWorkCommuteMedian":20918,"workHomeCommuteMedian":-1},"geometry":{"type":"Polygon","coordinates":[[[121.50552673094548,24.916614990414967],[121.50552673094548,24.925608194052213],[121.51451993458272,24.925608194052213],[121.51451993458272,24.916614990414967],[121.50552673094548,24.916614990414967]]]}},{"type":"Feature","properties":{"jobs":0,"pop":200,"pointCount":2,"homeWorkCommuteMedian":9761,"workHomeCommuteMedian":-1},"geometry":{"type":"Polygon","coordinates":[[[121.50552673094548,24.925608194052213],[121.50552673094548,24.93460139768946],[121.51451993458272,24.93460139768946],[121.51451993458272,24.925608194052213],[121.50552673094548,24.925608194052213]]]}},{"type":"Feature","properties":{"jobs":0,"pop":176,"pointCount":2,"homeWorkCommuteMedian":14188,"workHomeCommuteMedian":-1},"geometry":{"type":"Polygon","coordinates":[[[121.50552673094548,24.93460139768946],[121.50552673094548,24.943594601326705],[121.51451993458272,24.943594601326705],[121.51451993458272,24.93460139768946],[121.50552673094548,24.93460139768946]]]}},{"type":"Feature","properties":{"jobs":3509,"pop":574,"pointCount":6,"homeWorkCommuteMedian":9573,"workHomeCommuteMedian":11059},"geometry":{"type":"Polygon","coordinates":[[[121.50552673094548,24.943594601326705],[121.50552673094548,24.95258780496395],[121.51451993458272,24.95258780496395],[121.51451993458272,24.943594601326705],[121.50552673094548,24.943594601326705]]]}},{"type":"Feature","properties":{"jobs":4992,"pop":7802,"pointCount":7,"homeWorkCommuteMedian":11620,"workHomeCommuteMedian":8949},"geometry":{"type":"Polygon","coordinates":[[[121.50552673094548,24.95258780496395],[121.50552673094548,24.961581008601197],[121.51451993458272,24.961581008601197],[121.51451993458272,24.95258780496395],[121.50552673094548,24.95258780496395]]]}},{"type":"Feature","properties":{"jobs":3455,"pop":5210,"pointCount":6,"homeWorkCommuteMedian":10673,"workHomeCommuteMedian":5342},"geometry":{"type":"Polygon","coordinates":[[[121.50552673094548,24.961581008601197],[121.50552673094548,24.970574212238443],[121.51451993458272,24.970574212238443],[121.51451993458272,24.961581008601197],[121.50552673094548,24.961581008601197]]]}},{"type":"Feature","properties":{"jobs":780,"pop":2890,"pointCount":2,"homeWorkCommuteMedian":7198,"workHomeCommuteMedian":13205},"geometry":{"type":"Polygon","coordinates":[[[121.50552673094548,24.970574212238443],[121.50552673094548,24.97956741587569],[121.51451993458272,24.97956741587569],[121.51451993458272,24.970574212238443],[121.50552673094548,24.970574212238443]]]}},{"type":"Feature","properties":{"jobs":6585,"pop":24280,"pointCount":20,"homeWorkCommuteMedian":7764,"workHomeCommuteMedian":8631},"geometry":{"type":"Polygon","coordinates":[[[121.50552673094548,24.97956741587569],[121.50552673094548,24.988560619512935],[121.51451993458272,24.988560619512935],[121.51451993458272,24.97956741587569],[121.50552673094548,24.97956741587569]]]}},{"type":"Feature","properties":{"jobs":21779,"pop":25016,"pointCount":22,"homeWorkCommuteMedian":6449,"workHomeCommuteMedian":5138},"geometry":{"type":"Polygon","coordinates":[[[121.50552673094548,24.988560619512935],[121.50552673094548,24.99755382315018],[121.51451993458272,24.99755382315018],[121.51451993458272,24.988560619512935],[121.50552673094548,24.988560619512935]]]}},{"type":"Feature","properties":{"jobs":17071,"pop":25734,"pointCount":22,"homeWorkCommuteMedian":6296,"workHomeCommuteMedian":5841},"geometry":{"type":"Polygon","coordinates":[[[121.50552673094548,24.99755382315018],[121.50552673094548,25.006547026787427],[121.51451993458272,25.006547026787427],[121.51451993458272,24.99755382315018],[121.50552673094548,24.99755382315018]]]}},{"type":"Feature","properties":{"jobs":15463,"pop":22132,"pointCount":24,"homeWorkCommuteMedian":6902,"workHomeCommuteMedian":6681},"geometry":{"type":"Polygon","coordinates":[[[121.50552673094548,25.006547026787427],[121.50552673094548,25.015540230424673],[121.51451993458272,25.015540230424673],[121.51451993458272,25.006547026787427],[121.50552673094548,25.006547026787427]]]}},{"type":"Feature","properties":{"jobs":2006,"pop":9286,"pointCount":13,"homeWorkCommuteMedian":5590,"workHomeCommuteMedian":2616},"geometry":{"type":"Polygon","coordinates":[[[121.50552673094548,25.015540230424673],[121.50552673094548,25.02453343406192],[121.51451993458272,25.02453343406192],[121.51451993458272,25.015540230424673],[121.50552673094548,25.015540230424673]]]}},{"type":"Feature","properties":{"jobs":9752,"pop":15734,"pointCount":18,"homeWorkCommuteMedian":4401,"workHomeCommuteMedian":7901},"geometry":{"type":"Polygon","coordinates":[[[121.50552673094548,25.02453343406192],[121.50552673094548,25.033526637699165],[121.51451993458272,25.033526637699165],[121.51451993458272,25.02453343406192],[121.50552673094548,25.02453343406192]]]}},{"type":"Feature","properties":{"jobs":24632,"pop":6668,"pointCount":13,"homeWorkCommuteMedian":4807,"workHomeCommuteMedian":5931},"geometry":{"type":"Polygon","coordinates":[[[121.50552673094548,25.033526637699165],[121.50552673094548,25.04251984133641],[121.51451993458272,25.04251984133641],[121.51451993458272,25.033526637699165],[121.50552673094548,25.033526637699165]]]}},{"type":"Feature","properties":{"jobs":43289,"pop":7660,"pointCount":13,"homeWorkCommuteMedian":5188,"workHomeCommuteMedian":6493},"geometry":{"type":"Polygon","coordinates":[[[121.50552673094548,25.04251984133641],[121.50552673094548,25.051513044973657],[121.51451993458272,25.051513044973657],[121.51451993458272,25.04251984133641],[121.50552673094548,25.04251984133641]]]}},{"type":"Feature","properties":{"jobs":21132,"pop":12867,"pointCount":14,"homeWorkCommuteMedian":4307,"workHomeCommuteMedian":7382},"geometry":{"type":"Polygon","coordinates":[[[121.50552673094548,25.051513044973657],[121.50552673094548,25.060506248610903],[121.51451993458272,25.060506248610903],[121.51451993458272,25.051513044973657],[121.50552673094548,25.051513044973657]]]}},{"type":"Feature","properties":{"jobs":7701,"pop":13347,"pointCount":15,"homeWorkCommuteMedian":5467,"workHomeCommuteMedian":4794},"geometry":{"type":"Polygon","coordinates":[[[121.50552673094548,25.060506248610903],[121.50552673094548,25.06949945224815],[121.51451993458272,25.06949945224815],[121.51451993458272,25.060506248610903],[121.50552673094548,25.060506248610903]]]}},{"type":"Feature","properties":{"jobs":3266,"pop":9330,"pointCount":7,"homeWorkCommuteMedian":4090,"workHomeCommuteMedian":6417},"geometry":{"type":"Polygon","coordinates":[[[121.50552673094548,25.06949945224815],[121.50552673094548,25.078492655885395],[121.51451993458272,25.078492655885395],[121.51451993458272,25.06949945224815],[121.50552673094548,25.06949945224815]]]}},{"type":"Feature","properties":{"jobs":3462,"pop":14204,"pointCount":12,"homeWorkCommuteMedian":6509,"workHomeCommuteMedian":6980},"geometry":{"type":"Polygon","coordinates":[[[121.50552673094548,25.078492655885395],[121.50552673094548,25.08748585952264],[121.51451993458272,25.08748585952264],[121.51451993458272,25.078492655885395],[121.50552673094548,25.078492655885395]]]}},{"type":"Feature","properties":{"jobs":2414,"pop":10265,"pointCount":9,"homeWorkCommuteMedian":6919,"workHomeCommuteMedian":5954},"geometry":{"type":"Polygon","coordinates":[[[121.50552673094548,25.08748585952264],[121.50552673094548,25.096479063159887],[121.51451993458272,25.096479063159887],[121.51451993458272,25.08748585952264],[121.50552673094548,25.08748585952264]]]}},{"type":"Feature","properties":{"jobs":542,"pop":45,"pointCount":2,"homeWorkCommuteMedian":1605,"workHomeCommuteMedian":4180},"geometry":{"type":"Polygon","coordinates":[[[121.50552673094548,25.096479063159887],[121.50552673094548,25.105472266797133],[121.51451993458272,25.105472266797133],[121.51451993458272,25.096479063159887],[121.50552673094548,25.096479063159887]]]}},{"type":"Feature","properties":{"jobs":2089,"pop":9816,"pointCount":14,"homeWorkCommuteMedian":8563,"workHomeCommuteMedian":2683},"geometry":{"type":"Polygon","coordinates":[[[121.50552673094548,25.105472266797133],[121.50552673094548,25.11446547043438],[121.51451993458272,25.11446547043438],[121.51451993458272,25.105472266797133],[121.50552673094548,25.105472266797133]]]}},{"type":"Feature","properties":{"jobs":3554,"pop":15632,"pointCount":18,"homeWorkCommuteMedian":10586,"workHomeCommuteMedian":3532},"geometry":{"type":"Polygon","coordinates":[[[121.50552673094548,25.11446547043438],[121.50552673094548,25.123458674071625],[121.51451993458272,25.123458674071625],[121.51451993458272,25.11446547043438],[121.50552673094548,25.11446547043438]]]}},{"type":"Feature","properties":{"jobs":348,"pop":2283,"pointCount":5,"homeWorkCommuteMedian":10365,"workHomeCommuteMedian":9513},"geometry":{"type":"Polygon","coordinates":[[[121.50552673094548,25.123458674071625],[121.50552673094548,25.13245187770887],[121.51451993458272,25.13245187770887],[121.51451993458272,25.123458674071625],[121.50552673094548,25.123458674071625]]]}},{"type":"Feature","properties":{"jobs":3401,"pop":4767,"pointCount":9,"homeWorkCommuteMedian":12846,"workHomeCommuteMedian":3967},"geometry":{"type":"Polygon","coordinates":[[[121.50552673094548,25.13245187770887],[121.50552673094548,25.141445081346117],[121.51451993458272,25.141445081346117],[121.51451993458272,25.13245187770887],[121.50552673094548,25.13245187770887]]]}},{"type":"Feature","properties":{"jobs":283,"pop":574,"pointCount":5,"homeWorkCommuteMedian":11281,"workHomeCommuteMedian":15241},"geometry":{"type":"Polygon","coordinates":[[[121.50552673094548,25.141445081346117],[121.50552673094548,25.150438284983363],[121.51451993458272,25.150438284983363],[121.51451993458272,25.141445081346117],[121.50552673094548,25.141445081346117]]]}},{"type":"Feature","properties":{"jobs":0,"pop":56,"pointCount":1,"homeWorkCommuteMedian":15921,"workHomeCommuteMedian":-1},"geometry":{"type":"Polygon","coordinates":[[[121.50552673094548,25.150438284983363],[121.50552673094548,25.15943148862061],[121.51451993458272,25.15943148862061],[121.51451993458272,25.150438284983363],[121.50552673094548,25.150438284983363]]]}},{"type":"Feature","properties":{"jobs":0,"pop":68,"pointCount":1,"homeWorkCommuteMedian":15667,"workHomeCommuteMedian":-1},"geometry":{"type":"Polygon","coordinates":[[[121.50552673094548,25.1774178958951],[121.50552673094548,25.186411099532346],[121.51451993458272,25.186411099532346],[121.51451993458272,25.1774178958951],[121.50552673094548,25.1774178958951]]]}},{"type":"Feature","properties":{"jobs":0,"pop":142,"pointCount":1,"homeWorkCommuteMedian":39450,"workHomeCommuteMedian":-1},"geometry":{"type":"Polygon","coordinates":[[[121.50552673094548,25.186411099532346],[121.50552673094548,25.195404303169592],[121.51451993458272,25.195404303169592],[121.51451993458272,25.186411099532346],[121.50552673094548,25.186411099532346]]]}},{"type":"Feature","properties":{"jobs":0,"pop":127,"pointCount":2,"homeWorkCommuteMedian":36292,"workHomeCommuteMedian":-1},"geometry":{"type":"Polygon","coordinates":[[[121.50552673094548,25.20439750680684],[121.50552673094548,25.213390710444084],[121.51451993458272,25.213390710444084],[121.51451993458272,25.20439750680684],[121.50552673094548,25.20439750680684]]]}},{"type":"Feature","properties":{"jobs":0,"pop":181,"pointCount":1,"homeWorkCommuteMedian":25398,"workHomeCommuteMedian":-1},"geometry":{"type":"Polygon","coordinates":[[[121.50552673094548,25.231377117718576],[121.50552673094548,25.240370321355822],[121.51451993458272,25.240370321355822],[121.51451993458272,25.231377117718576],[121.50552673094548,25.231377117718576]]]}},{"type":"Feature","properties":{"jobs":46,"pop":102,"pointCount":4,"homeWorkCommuteMedian":25216,"workHomeCommuteMedian":9051},"geometry":{"type":"Polygon","coordinates":[[[121.50552673094548,25.240370321355822],[121.50552673094548,25.24936352499307],[121.51451993458272,25.24936352499307],[121.51451993458272,25.240370321355822],[121.50552673094548,25.240370321355822]]]}},{"type":"Feature","properties":{"jobs":163,"pop":1380,"pointCount":7,"homeWorkCommuteMedian":29440,"workHomeCommuteMedian":47118},"geometry":{"type":"Polygon","coordinates":[[[121.50552673094548,25.24936352499307],[121.50552673094548,25.258356728630314],[121.51451993458272,25.258356728630314],[121.51451993458272,25.24936352499307],[121.50552673094548,25.24936352499307]]]}},{"type":"Feature","properties":{"jobs":141,"pop":81,"pointCount":4,"homeWorkCommuteMedian":39918,"workHomeCommuteMedian":22624},"geometry":{"type":"Polygon","coordinates":[[[121.50552673094548,25.258356728630314],[121.50552673094548,25.26734993226756],[121.51451993458272,25.26734993226756],[121.51451993458272,25.258356728630314],[121.50552673094548,25.258356728630314]]]}},{"type":"Feature","properties":{"jobs":63,"pop":81,"pointCount":2,"homeWorkCommuteMedian":45104,"workHomeCommuteMedian":68494},"geometry":{"type":"Polygon","coordinates":[[[121.50552673094548,25.26734993226756],[121.50552673094548,25.276343135904806],[121.51451993458272,25.276343135904806],[121.51451993458272,25.26734993226756],[121.50552673094548,25.26734993226756]]]}},{"type":"Feature","properties":{"jobs":0,"pop":147,"pointCount":3,"homeWorkCommuteMedian":43802,"workHomeCommuteMedian":-1},"geometry":{"type":"Polygon","coordinates":[[[121.50552673094548,25.276343135904806],[121.50552673094548,25.285336339542052],[121.51451993458272,25.285336339542052],[121.51451993458272,25.276343135904806],[121.50552673094548,25.276343135904806]]]}},{"type":"Feature","properties":{"jobs":115,"pop":0,"pointCount":2,"homeWorkCommuteMedian":-1,"workHomeCommuteMedian":54323},"geometry":{"type":"Polygon","coordinates":[[[121.50552673094548,25.285336339542052],[121.50552673094548,25.2943295431793],[121.51451993458272,25.2943295431793],[121.51451993458272,25.285336339542052],[121.50552673094548,25.285336339542052]]]}},{"type":"Feature","properties":{"jobs":80,"pop":154,"pointCount":3,"homeWorkCommuteMedian":16046,"workHomeCommuteMedian":29552},"geometry":{"type":"Polygon","coordinates":[[[121.51451993458272,24.88963537950323],[121.51451993458272,24.898628583140475],[121.52351313821997,24.898628583140475],[121.52351313821997,24.88963537950323],[121.51451993458272,24.88963537950323]]]}},{"type":"Feature","properties":{"jobs":0,"pop":138,"pointCount":1,"homeWorkCommuteMedian":37382,"workHomeCommuteMedian":-1},"geometry":{"type":"Polygon","coordinates":[[[121.51451993458272,24.916614990414967],[121.51451993458272,24.925608194052213],[121.52351313821997,24.925608194052213],[121.52351313821997,24.916614990414967],[121.51451993458272,24.916614990414967]]]}},{"type":"Feature","properties":{"jobs":0,"pop":659,"pointCount":1,"homeWorkCommuteMedian":18042,"workHomeCommuteMedian":-1},"geometry":{"type":"Polygon","coordinates":[[[121.51451993458272,24.925608194052213],[121.51451993458272,24.93460139768946],[121.52351313821997,24.93460139768946],[121.52351313821997,24.925608194052213],[121.51451993458272,24.925608194052213]]]}},{"type":"Feature","properties":{"jobs":0,"pop":490,"pointCount":4,"homeWorkCommuteMedian":6291,"workHomeCommuteMedian":-1},"geometry":{"type":"Polygon","coordinates":[[[121.51451993458272,24.943594601326705],[121.51451993458272,24.95258780496395],[121.52351313821997,24.95258780496395],[121.52351313821997,24.943594601326705],[121.51451993458272,24.943594601326705]]]}},{"type":"Feature","properties":{"jobs":1518,"pop":682,"pointCount":3,"homeWorkCommuteMedian":15603,"workHomeCommuteMedian":17790},"geometry":{"type":"Polygon","coordinates":[[[121.51451993458272,24.95258780496395],[121.51451993458272,24.961581008601197],[121.52351313821997,24.961581008601197],[121.52351313821997,24.95258780496395],[121.51451993458272,24.95258780496395]]]}},{"type":"Feature","properties":{"jobs":5595,"pop":5691,"pointCount":9,"homeWorkCommuteMedian":10177,"workHomeCommuteMedian":5426},"geometry":{"type":"Polygon","coordinates":[[[121.51451993458272,24.961581008601197],[121.51451993458272,24.970574212238443],[121.52351313821997,24.970574212238443],[121.52351313821997,24.961581008601197],[121.51451993458272,24.961581008601197]]]}},{"type":"Feature","properties":{"jobs":5152,"pop":5007,"pointCount":8,"homeWorkCommuteMedian":5881,"workHomeCommuteMedian":6426},"geometry":{"type":"Polygon","coordinates":[[[121.51451993458272,24.970574212238443],[121.51451993458272,24.97956741587569],[121.52351313821997,24.97956741587569],[121.52351313821997,24.970574212238443],[121.51451993458272,24.970574212238443]]]}},{"type":"Feature","properties":{"jobs":4531,"pop":10493,"pointCount":11,"homeWorkCommuteMedian":8032,"workHomeCommuteMedian":8060},"geometry":{"type":"Polygon","coordinates":[[[121.51451993458272,24.97956741587569],[121.51451993458272,24.988560619512935],[121.52351313821997,24.988560619512935],[121.52351313821997,24.97956741587569],[121.51451993458272,24.97956741587569]]]}},{"type":"Feature","properties":{"jobs":14714,"pop":21921,"pointCount":22,"homeWorkCommuteMedian":6621,"workHomeCommuteMedian":6774},"geometry":{"type":"Polygon","coordinates":[[[121.51451993458272,24.988560619512935],[121.51451993458272,24.99755382315018],[121.52351313821997,24.99755382315018],[121.52351313821997,24.988560619512935],[121.51451993458272,24.988560619512935]]]}},{"type":"Feature","properties":{"jobs":17460,"pop":27417,"pointCount":25,"homeWorkCommuteMedian":7103,"workHomeCommuteMedian":4266},"geometry":{"type":"Polygon","coordinates":[[[121.51451993458272,24.99755382315018],[121.51451993458272,25.006547026787427],[121.52351313821997,25.006547026787427],[121.52351313821997,24.99755382315018],[121.51451993458272,24.99755382315018]]]}},{"type":"Feature","properties":{"jobs":13869,"pop":28157,"pointCount":28,"homeWorkCommuteMedian":6732,"workHomeCommuteMedian":8657},"geometry":{"type":"Polygon","coordinates":[[[121.51451993458272,25.006547026787427],[121.51451993458272,25.015540230424673],[121.52351313821997,25.015540230424673],[121.52351313821997,25.006547026787427],[121.51451993458272,25.006547026787427]]]}},{"type":"Feature","properties":{"jobs":2967,"pop":11104,"pointCount":12,"homeWorkCommuteMedian":5612,"workHomeCommuteMedian":5628},"geometry":{"type":"Polygon","coordinates":[[[121.51451993458272,25.015540230424673],[121.51451993458272,25.02453343406192],[121.52351313821997,25.02453343406192],[121.52351313821997,25.015540230424673],[121.51451993458272,25.015540230424673]]]}},{"type":"Feature","properties":{"jobs":21877,"pop":21555,"pointCount":14,"homeWorkCommuteMedian":4960,"workHomeCommuteMedian":7823},"geometry":{"type":"Polygon","coordinates":[[[121.51451993458272,25.02453343406192],[121.51451993458272,25.033526637699165],[121.52351313821997,25.033526637699165],[121.52351313821997,25.02453343406192],[121.51451993458272,25.02453343406192]]]}},{"type":"Feature","properties":{"jobs":27332,"pop":1217,"pointCount":8,"homeWorkCommuteMedian":4274,"workHomeCommuteMedian":8770},"geometry":{"type":"Polygon","coordinates":[[[121.51451993458272,25.033526637699165],[121.51451993458272,25.04251984133641],[121.52351313821997,25.04251984133641],[121.52351313821997,25.033526637699165],[121.51451993458272,25.033526637699165]]]}},{"type":"Feature","properties":{"jobs":33650,"pop":3641,"pointCount":11,"homeWorkCommuteMedian":4809,"workHomeCommuteMedian":7971},"geometry":{"type":"Polygon","coordinates":[[[121.51451993458272,25.04251984133641],[121.51451993458272,25.051513044973657],[121.52351313821997,25.051513044973657],[121.52351313821997,25.04251984133641],[121.51451993458272,25.04251984133641]]]}},{"type":"Feature","properties":{"jobs":46109,"pop":20473,"pointCount":18,"homeWorkCommuteMedian":4393,"workHomeCommuteMedian":7138},"geometry":{"type":"Polygon","coordinates":[[[121.51451993458272,25.051513044973657],[121.51451993458272,25.060506248610903],[121.52351313821997,25.060506248610903],[121.52351313821997,25.051513044973657],[121.51451993458272,25.051513044973657]]]}},{"type":"Feature","properties":{"jobs":31900,"pop":11107,"pointCount":15,"homeWorkCommuteMedian":3526,"workHomeCommuteMedian":7510},"geometry":{"type":"Polygon","coordinates":[[[121.51451993458272,25.060506248610903],[121.51451993458272,25.06949945224815],[121.52351313821997,25.06949945224815],[121.52351313821997,25.060506248610903],[121.51451993458272,25.060506248610903]]]}},{"type":"Feature","properties":{"jobs":8566,"pop":9435,"pointCount":11,"homeWorkCommuteMedian":5281,"workHomeCommuteMedian":7263},"geometry":{"type":"Polygon","coordinates":[[[121.51451993458272,25.06949945224815],[121.51451993458272,25.078492655885395],[121.52351313821997,25.078492655885395],[121.52351313821997,25.06949945224815],[121.51451993458272,25.06949945224815]]]}},{"type":"Feature","properties":{"jobs":4476,"pop":14859,"pointCount":11,"homeWorkCommuteMedian":6541,"workHomeCommuteMedian":4073},"geometry":{"type":"Polygon","coordinates":[[[121.51451993458272,25.078492655885395],[121.51451993458272,25.08748585952264],[121.52351313821997,25.08748585952264],[121.52351313821997,25.078492655885395],[121.51451993458272,25.078492655885395]]]}},{"type":"Feature","properties":{"jobs":8560,"pop":13515,"pointCount":16,"homeWorkCommuteMedian":5251,"workHomeCommuteMedian":3662},"geometry":{"type":"Polygon","coordinates":[[[121.51451993458272,25.08748585952264],[121.51451993458272,25.096479063159887],[121.52351313821997,25.096479063159887],[121.52351313821997,25.08748585952264],[121.51451993458272,25.08748585952264]]]}},{"type":"Feature","properties":{"jobs":6239,"pop":7366,"pointCount":12,"homeWorkCommuteMedian":8946,"workHomeCommuteMedian":4533},"geometry":{"type":"Polygon","coordinates":[[[121.51451993458272,25.096479063159887],[121.51451993458272,25.105472266797133],[121.52351313821997,25.105472266797133],[121.52351313821997,25.096479063159887],[121.51451993458272,25.096479063159887]]]}},{"type":"Feature","properties":{"jobs":5054,"pop":13670,"pointCount":16,"homeWorkCommuteMedian":8750,"workHomeCommuteMedian":5997},"geometry":{"type":"Polygon","coordinates":[[[121.51451993458272,25.105472266797133],[121.51451993458272,25.11446547043438],[121.52351313821997,25.11446547043438],[121.52351313821997,25.105472266797133],[121.51451993458272,25.105472266797133]]]}},{"type":"Feature","properties":{"jobs":18924,"pop":6704,"pointCount":11,"homeWorkCommuteMedian":8284,"workHomeCommuteMedian":5973},"geometry":{"type":"Polygon","coordinates":[[[121.51451993458272,25.11446547043438],[121.51451993458272,25.123458674071625],[121.52351313821997,25.123458674071625],[121.52351313821997,25.11446547043438],[121.51451993458272,25.11446547043438]]]}},{"type":"Feature","properties":{"jobs":0,"pop":941,"pointCount":2,"homeWorkCommuteMedian":7670,"workHomeCommuteMedian":-1},"geometry":{"type":"Polygon","coordinates":[[[121.51451993458272,25.123458674071625],[121.51451993458272,25.13245187770887],[121.52351313821997,25.13245187770887],[121.52351313821997,25.123458674071625],[121.51451993458272,25.123458674071625]]]}},{"type":"Feature","properties":{"jobs":758,"pop":85,"pointCount":2,"homeWorkCommuteMedian":16575,"workHomeCommuteMedian":7219},"geometry":{"type":"Polygon","coordinates":[[[121.51451993458272,25.13245187770887],[121.51451993458272,25.141445081346117],[121.52351313821997,25.141445081346117],[121.52351313821997,25.13245187770887],[121.51451993458272,25.13245187770887]]]}},{"type":"Feature","properties":{"jobs":52,"pop":290,"pointCount":3,"homeWorkCommuteMedian":23697,"workHomeCommuteMedian":7438},"geometry":{"type":"Polygon","coordinates":[[[121.51451993458272,25.141445081346117],[121.51451993458272,25.150438284983363],[121.52351313821997,25.150438284983363],[121.52351313821997,25.141445081346117],[121.51451993458272,25.141445081346117]]]}},{"type":"Feature","properties":{"jobs":0,"pop":160,"pointCount":2,"homeWorkCommuteMedian":4365,"workHomeCommuteMedian":-1},"geometry":{"type":"Polygon","coordinates":[[[121.51451993458272,25.150438284983363],[121.51451993458272,25.15943148862061],[121.52351313821997,25.15943148862061],[121.52351313821997,25.150438284983363],[121.51451993458272,25.150438284983363]]]}},{"type":"Feature","properties":{"jobs":0,"pop":65,"pointCount":1,"homeWorkCommuteMedian":38547,"workHomeCommuteMedian":-1},"geometry":{"type":"Polygon","coordinates":[[[121.51451993458272,25.195404303169592],[121.51451993458272,25.20439750680684],[121.52351313821997,25.20439750680684],[121.52351313821997,25.195404303169592],[121.51451993458272,25.195404303169592]]]}},{"type":"Feature","properties":{"jobs":48,"pop":161,"pointCount":3,"homeWorkCommuteMedian":17902,"workHomeCommuteMedian":47241},"geometry":{"type":"Polygon","coordinates":[[[121.51451993458272,25.213390710444084],[121.51451993458272,25.22238391408133],[121.52351313821997,25.22238391408133],[121.52351313821997,25.213390710444084],[121.51451993458272,25.213390710444084]]]}},{"type":"Feature","properties":{"jobs":0,"pop":270,"pointCount":1,"homeWorkCommuteMedian":42022,"workHomeCommuteMedian":-1},"geometry":{"type":"Polygon","coordinates":[[[121.51451993458272,25.22238391408133],[121.51451993458272,25.231377117718576],[121.52351313821997,25.231377117718576],[121.52351313821997,25.22238391408133],[121.51451993458272,25.22238391408133]]]}},{"type":"Feature","properties":{"jobs":0,"pop":57,"pointCount":1,"homeWorkCommuteMedian":7508,"workHomeCommuteMedian":-1},"geometry":{"type":"Polygon","coordinates":[[[121.51451993458272,25.240370321355822],[121.51451993458272,25.24936352499307],[121.52351313821997,25.24936352499307],[121.52351313821997,25.240370321355822],[121.51451993458272,25.240370321355822]]]}},{"type":"Feature","properties":{"jobs":47,"pop":0,"pointCount":1,"homeWorkCommuteMedian":-1,"workHomeCommuteMedian":46020},"geometry":{"type":"Polygon","coordinates":[[[121.51451993458272,25.24936352499307],[121.51451993458272,25.258356728630314],[121.52351313821997,25.258356728630314],[121.52351313821997,25.24936352499307],[121.51451993458272,25.24936352499307]]]}},{"type":"Feature","properties":{"jobs":0,"pop":99,"pointCount":2,"homeWorkCommuteMedian":50463,"workHomeCommuteMedian":-1},"geometry":{"type":"Polygon","coordinates":[[[121.51451993458272,25.258356728630314],[121.51451993458272,25.26734993226756],[121.52351313821997,25.26734993226756],[121.52351313821997,25.258356728630314],[121.51451993458272,25.258356728630314]]]}},{"type":"Feature","properties":{"jobs":0,"pop":310,"pointCount":3,"homeWorkCommuteMedian":56396,"workHomeCommuteMedian":-1},"geometry":{"type":"Polygon","coordinates":[[[121.51451993458272,25.26734993226756],[121.51451993458272,25.276343135904806],[121.52351313821997,25.276343135904806],[121.52351313821997,25.26734993226756],[121.51451993458272,25.26734993226756]]]}},{"type":"Feature","properties":{"jobs":243,"pop":106,"pointCount":3,"homeWorkCommuteMedian":8080,"workHomeCommuteMedian":27601},"geometry":{"type":"Polygon","coordinates":[[[121.51451993458272,25.276343135904806],[121.51451993458272,25.285336339542052],[121.52351313821997,25.285336339542052],[121.52351313821997,25.276343135904806],[121.51451993458272,25.276343135904806]]]}},{"type":"Feature","properties":{"jobs":28,"pop":0,"pointCount":1,"homeWorkCommuteMedian":-1,"workHomeCommuteMedian":50208},"geometry":{"type":"Polygon","coordinates":[[[121.51451993458272,25.285336339542052],[121.51451993458272,25.2943295431793],[121.52351313821997,25.2943295431793],[121.52351313821997,25.285336339542052],[121.51451993458272,25.285336339542052]]]}},{"type":"Feature","properties":{"jobs":34,"pop":52,"pointCount":2,"homeWorkCommuteMedian":10772,"workHomeCommuteMedian":9804},"geometry":{"type":"Polygon","coordinates":[[[121.52351313821997,24.90762178677772],[121.52351313821997,24.916614990414967],[121.53250634185721,24.916614990414967],[121.53250634185721,24.90762178677772],[121.52351313821997,24.90762178677772]]]}},{"type":"Feature","properties":{"jobs":0,"pop":141,"pointCount":1,"homeWorkCommuteMedian":26246,"workHomeCommuteMedian":-1},"geometry":{"type":"Polygon","coordinates":[[[121.52351313821997,24.925608194052213],[121.52351313821997,24.93460139768946],[121.53250634185721,24.93460139768946],[121.53250634185721,24.925608194052213],[121.52351313821997,24.925608194052213]]]}},{"type":"Feature","properties":{"jobs":374,"pop":407,"pointCount":7,"homeWorkCommuteMedian":8534,"workHomeCommuteMedian":6209},"geometry":{"type":"Polygon","coordinates":[[[121.52351313821997,24.93460139768946],[121.52351313821997,24.943594601326705],[121.53250634185721,24.943594601326705],[121.53250634185721,24.93460139768946],[121.52351313821997,24.93460139768946]]]}},{"type":"Feature","properties":{"jobs":68,"pop":1700,"pointCount":3,"homeWorkCommuteMedian":10534,"workHomeCommuteMedian":6325},"geometry":{"type":"Polygon","coordinates":[[[121.52351313821997,24.943594601326705],[121.52351313821997,24.95258780496395],[121.53250634185721,24.95258780496395],[121.53250634185721,24.943594601326705],[121.52351313821997,24.943594601326705]]]}},{"type":"Feature","properties":{"jobs":564,"pop":428,"pointCount":4,"homeWorkCommuteMedian":9657,"workHomeCommuteMedian":3116},"geometry":{"type":"Polygon","coordinates":[[[121.52351313821997,24.95258780496395],[121.52351313821997,24.961581008601197],[121.53250634185721,24.961581008601197],[121.53250634185721,24.95258780496395],[121.52351313821997,24.95258780496395]]]}},{"type":"Feature","properties":{"jobs":528,"pop":683,"pointCount":4,"homeWorkCommuteMedian":19031,"workHomeCommuteMedian":8631},"geometry":{"type":"Polygon","coordinates":[[[121.52351313821997,24.961581008601197],[121.52351313821997,24.970574212238443],[121.53250634185721,24.970574212238443],[121.53250634185721,24.961581008601197],[121.52351313821997,24.961581008601197]]]}},{"type":"Feature","properties":{"jobs":5263,"pop":6512,"pointCount":8,"homeWorkCommuteMedian":7931,"workHomeCommuteMedian":11895},"geometry":{"type":"Polygon","coordinates":[[[121.52351313821997,24.970574212238443],[121.52351313821997,24.97956741587569],[121.53250634185721,24.97956741587569],[121.53250634185721,24.970574212238443],[121.52351313821997,24.970574212238443]]]}},{"type":"Feature","properties":{"jobs":8427,"pop":2297,"pointCount":7,"homeWorkCommuteMedian":7724,"workHomeCommuteMedian":7442},"geometry":{"type":"Polygon","coordinates":[[[121.52351313821997,24.97956741587569],[121.52351313821997,24.988560619512935],[121.53250634185721,24.988560619512935],[121.53250634185721,24.97956741587569],[121.52351313821997,24.97956741587569]]]}},{"type":"Feature","properties":{"jobs":3135,"pop":13046,"pointCount":13,"homeWorkCommuteMedian":6878,"workHomeCommuteMedian":9306},"geometry":{"type":"Polygon","coordinates":[[[121.52351313821997,24.988560619512935],[121.52351313821997,24.99755382315018],[121.53250634185721,24.99755382315018],[121.53250634185721,24.988560619512935],[121.52351313821997,24.988560619512935]]]}},{"type":"Feature","properties":{"jobs":5631,"pop":12996,"pointCount":15,"homeWorkCommuteMedian":8272,"workHomeCommuteMedian":5913},"geometry":{"type":"Polygon","coordinates":[[[121.52351313821997,24.99755382315018],[121.52351313821997,25.006547026787427],[121.53250634185721,25.006547026787427],[121.53250634185721,24.99755382315018],[121.52351313821997,24.99755382315018]]]}},{"type":"Feature","properties":{"jobs":536,"pop":2407,"pointCount":5,"homeWorkCommuteMedian":7454,"workHomeCommuteMedian":8467},"geometry":{"type":"Polygon","coordinates":[[[121.52351313821997,25.006547026787427],[121.52351313821997,25.015540230424673],[121.53250634185721,25.015540230424673],[121.53250634185721,25.006547026787427],[121.52351313821997,25.006547026787427]]]}},{"type":"Feature","properties":{"jobs":17152,"pop":15665,"pointCount":18,"homeWorkCommuteMedian":5045,"workHomeCommuteMedian":7304},"geometry":{"type":"Polygon","coordinates":[[[121.52351313821997,25.015540230424673],[121.52351313821997,25.02453343406192],[121.53250634185721,25.02453343406192],[121.53250634185721,25.015540230424673],[121.52351313821997,25.015540230424673]]]}},{"type":"Feature","properties":{"jobs":33343,"pop":15397,"pointCount":13,"homeWorkCommuteMedian":4051,"workHomeCommuteMedian":7073},"geometry":{"type":"Polygon","coordinates":[[[121.52351313821997,25.02453343406192],[121.52351313821997,25.033526637699165],[121.53250634185721,25.033526637699165],[121.53250634185721,25.02453343406192],[121.52351313821997,25.02453343406192]]]}},{"type":"Feature","properties":{"jobs":20422,"pop":15476,"pointCount":15,"homeWorkCommuteMedian":3824,"workHomeCommuteMedian":8076},"geometry":{"type":"Polygon","coordinates":[[[121.52351313821997,25.033526637699165],[121.52351313821997,25.04251984133641],[121.53250634185721,25.04251984133641],[121.53250634185721,25.033526637699165],[121.52351313821997,25.033526637699165]]]}},{"type":"Feature","properties":{"jobs":38552,"pop":10790,"pointCount":13,"homeWorkCommuteMedian":4292,"workHomeCommuteMedian":8122},"geometry":{"type":"Polygon","coordinates":[[[121.52351313821997,25.04251984133641],[121.52351313821997,25.051513044973657],[121.53250634185721,25.051513044973657],[121.53250634185721,25.04251984133641],[121.52351313821997,25.04251984133641]]]}},{"type":"Feature","properties":{"jobs":42080,"pop":19890,"pointCount":15,"homeWorkCommuteMedian":4952,"workHomeCommuteMedian":8372},"geometry":{"type":"Polygon","coordinates":[[[121.52351313821997,25.051513044973657],[121.52351313821997,25.060506248610903],[121.53250634185721,25.060506248610903],[121.53250634185721,25.051513044973657],[121.52351313821997,25.051513044973657]]]}},{"type":"Feature","properties":{"jobs":25618,"pop":19783,"pointCount":14,"homeWorkCommuteMedian":4871,"workHomeCommuteMedian":9063},"geometry":{"type":"Polygon","coordinates":[[[121.52351313821997,25.060506248610903],[121.52351313821997,25.06949945224815],[121.53250634185721,25.06949945224815],[121.53250634185721,25.060506248610903],[121.52351313821997,25.060506248610903]]]}},{"type":"Feature","properties":{"jobs":20928,"pop":2502,"pointCount":10,"homeWorkCommuteMedian":8835,"workHomeCommuteMedian":9382},"geometry":{"type":"Polygon","coordinates":[[[121.52351313821997,25.078492655885395],[121.52351313821997,25.08748585952264],[121.53250634185721,25.08748585952264],[121.53250634185721,25.078492655885395],[121.52351313821997,25.078492655885395]]]}},{"type":"Feature","properties":{"jobs":6318,"pop":6722,"pointCount":11,"homeWorkCommuteMedian":6276,"workHomeCommuteMedian":3868},"geometry":{"type":"Polygon","coordinates":[[[121.52351313821997,25.08748585952264],[121.52351313821997,25.096479063159887],[121.53250634185721,25.096479063159887],[121.53250634185721,25.08748585952264],[121.52351313821997,25.08748585952264]]]}},{"type":"Feature","properties":{"jobs":5083,"pop":11682,"pointCount":12,"homeWorkCommuteMedian":6658,"workHomeCommuteMedian":3610},"geometry":{"type":"Polygon","coordinates":[[[121.52351313821997,25.096479063159887],[121.52351313821997,25.105472266797133],[121.53250634185721,25.105472266797133],[121.53250634185721,25.096479063159887],[121.52351313821997,25.096479063159887]]]}},{"type":"Feature","properties":{"jobs":8519,"pop":17984,"pointCount":16,"homeWorkCommuteMedian":6962,"workHomeCommuteMedian":4606},"geometry":{"type":"Polygon","coordinates":[[[121.52351313821997,25.105472266797133],[121.52351313821997,25.11446547043438],[121.53250634185721,25.11446547043438],[121.53250634185721,25.105472266797133],[121.52351313821997,25.105472266797133]]]}},{"type":"Feature","properties":{"jobs":11351,"pop":15943,"pointCount":20,"homeWorkCommuteMedian":8951,"workHomeCommuteMedian":5156},"geometry":{"type":"Polygon","coordinates":[[[121.52351313821997,25.11446547043438],[121.52351313821997,25.123458674071625],[121.53250634185721,25.123458674071625],[121.53250634185721,25.11446547043438],[121.52351313821997,25.11446547043438]]]}},{"type":"Feature","properties":{"jobs":325,"pop":7374,"pointCount":12,"homeWorkCommuteMedian":11668,"workHomeCommuteMedian":5013},"geometry":{"type":"Polygon","coordinates":[[[121.52351313821997,25.123458674071625],[121.52351313821997,25.13245187770887],[121.53250634185721,25.13245187770887],[121.53250634185721,25.123458674071625],[121.52351313821997,25.123458674071625]]]}},{"type":"Feature","properties":{"jobs":334,"pop":829,"pointCount":5,"homeWorkCommuteMedian":9530,"workHomeCommuteMedian":5572},"geometry":{"type":"Polygon","coordinates":[[[121.52351313821997,25.13245187770887],[121.52351313821997,25.141445081346117],[121.53250634185721,25.141445081346117],[121.53250634185721,25.13245187770887],[121.52351313821997,25.13245187770887]]]}},{"type":"Feature","properties":{"jobs":135,"pop":216,"pointCount":6,"homeWorkCommuteMedian":6825,"workHomeCommuteMedian":15877},"geometry":{"type":"Polygon","coordinates":[[[121.52351313821997,25.141445081346117],[121.52351313821997,25.150438284983363],[121.53250634185721,25.150438284983363],[121.53250634185721,25.141445081346117],[121.52351313821997,25.141445081346117]]]}},{"type":"Feature","properties":{"jobs":0,"pop":316,"pointCount":3,"homeWorkCommuteMedian":17833,"workHomeCommuteMedian":-1},"geometry":{"type":"Polygon","coordinates":[[[121.52351313821997,25.150438284983363],[121.52351313821997,25.15943148862061],[121.53250634185721,25.15943148862061],[121.53250634185721,25.150438284983363],[121.52351313821997,25.150438284983363]]]}},{"type":"Feature","properties":{"jobs":29,"pop":113,"pointCount":1,"homeWorkCommuteMedian":32794,"workHomeCommuteMedian":29841},"geometry":{"type":"Polygon","coordinates":[[[121.52351313821997,25.168424692257855],[121.52351313821997,25.1774178958951],[121.53250634185721,25.1774178958951],[121.53250634185721,25.168424692257855],[121.52351313821997,25.168424692257855]]]}},{"type":"Feature","properties":{"jobs":0,"pop":55,"pointCount":1,"homeWorkCommuteMedian":5581,"workHomeCommuteMedian":-1},"geometry":{"type":"Polygon","coordinates":[[[121.52351313821997,25.213390710444084],[121.52351313821997,25.22238391408133],[121.53250634185721,25.22238391408133],[121.53250634185721,25.213390710444084],[121.52351313821997,25.213390710444084]]]}},{"type":"Feature","properties":{"jobs":116,"pop":0,"pointCount":2,"homeWorkCommuteMedian":-1,"workHomeCommuteMedian":44932},"geometry":{"type":"Polygon","coordinates":[[[121.52351313821997,25.22238391408133],[121.52351313821997,25.231377117718576],[121.53250634185721,25.231377117718576],[121.53250634185721,25.22238391408133],[121.52351313821997,25.22238391408133]]]}},{"type":"Feature","properties":{"jobs":27,"pop":0,"pointCount":1,"homeWorkCommuteMedian":-1,"workHomeCommuteMedian":19794},"geometry":{"type":"Polygon","coordinates":[[[121.52351313821997,25.231377117718576],[121.52351313821997,25.240370321355822],[121.53250634185721,25.240370321355822],[121.53250634185721,25.231377117718576],[121.52351313821997,25.231377117718576]]]}},{"type":"Feature","properties":{"jobs":0,"pop":34,"pointCount":1,"homeWorkCommuteMedian":3587,"workHomeCommuteMedian":-1},"geometry":{"type":"Polygon","coordinates":[[[121.52351313821997,25.240370321355822],[121.52351313821997,25.24936352499307],[121.53250634185721,25.24936352499307],[121.53250634185721,25.240370321355822],[121.52351313821997,25.240370321355822]]]}},{"type":"Feature","properties":{"jobs":0,"pop":55,"pointCount":1,"homeWorkCommuteMedian":44976,"workHomeCommuteMedian":-1},"geometry":{"type":"Polygon","coordinates":[[[121.52351313821997,25.24936352499307],[121.52351313821997,25.258356728630314],[121.53250634185721,25.258356728630314],[121.53250634185721,25.24936352499307],[121.52351313821997,25.24936352499307]]]}},{"type":"Feature","properties":{"jobs":45,"pop":30,"pointCount":2,"homeWorkCommuteMedian":54823,"workHomeCommuteMedian":25773},"geometry":{"type":"Polygon","coordinates":[[[121.52351313821997,25.258356728630314],[121.52351313821997,25.26734993226756],[121.53250634185721,25.26734993226756],[121.53250634185721,25.258356728630314],[121.52351313821997,25.258356728630314]]]}},{"type":"Feature","properties":{"jobs":0,"pop":94,"pointCount":2,"homeWorkCommuteMedian":46623,"workHomeCommuteMedian":-1},"geometry":{"type":"Polygon","coordinates":[[[121.52351313821997,25.26734993226756],[121.52351313821997,25.276343135904806],[121.53250634185721,25.276343135904806],[121.53250634185721,25.26734993226756],[121.52351313821997,25.26734993226756]]]}},{"type":"Feature","properties":{"jobs":0,"pop":119,"pointCount":2,"homeWorkCommuteMedian":43016,"workHomeCommuteMedian":-1},"geometry":{"type":"Polygon","coordinates":[[[121.52351313821997,25.276343135904806],[121.52351313821997,25.285336339542052],[121.53250634185721,25.285336339542052],[121.53250634185721,25.276343135904806],[121.52351313821997,25.276343135904806]]]}},{"type":"Feature","properties":{"jobs":71,"pop":33,"pointCount":1,"homeWorkCommuteMedian":1057,"workHomeCommuteMedian":41083},"geometry":{"type":"Polygon","coordinates":[[[121.52351313821997,25.285336339542052],[121.52351313821997,25.2943295431793],[121.53250634185721,25.2943295431793],[121.53250634185721,25.285336339542052],[121.52351313821997,25.285336339542052]]]}},{"type":"Feature","properties":{"jobs":0,"pop":231,"pointCount":1,"homeWorkCommuteMedian":26420,"workHomeCommuteMedian":-1},"geometry":{"type":"Polygon","coordinates":[[[121.53250634185721,24.88963537950323],[121.53250634185721,24.898628583140475],[121.54149954549446,24.898628583140475],[121.54149954549446,24.88963537950323],[121.53250634185721,24.88963537950323]]]}},{"type":"Feature","properties":{"jobs":51,"pop":37,"pointCount":2,"homeWorkCommuteMedian":15220,"workHomeCommuteMedian":15900},"geometry":{"type":"Polygon","coordinates":[[[121.53250634185721,24.898628583140475],[121.53250634185721,24.90762178677772],[121.54149954549446,24.90762178677772],[121.54149954549446,24.898628583140475],[121.53250634185721,24.898628583140475]]]}},{"type":"Feature","properties":{"jobs":143,"pop":269,"pointCount":4,"homeWorkCommuteMedian":12707,"workHomeCommuteMedian":19138},"geometry":{"type":"Polygon","coordinates":[[[121.53250634185721,24.90762178677772],[121.53250634185721,24.916614990414967],[121.54149954549446,24.916614990414967],[121.54149954549446,24.90762178677772],[121.53250634185721,24.90762178677772]]]}},{"type":"Feature","properties":{"jobs":74,"pop":0,"pointCount":1,"homeWorkCommuteMedian":-1,"workHomeCommuteMedian":8110},"geometry":{"type":"Polygon","coordinates":[[[121.53250634185721,24.916614990414967],[121.53250634185721,24.925608194052213],[121.54149954549446,24.925608194052213],[121.54149954549446,24.916614990414967],[121.53250634185721,24.916614990414967]]]}},{"type":"Feature","properties":{"jobs":0,"pop":87,"pointCount":2,"homeWorkCommuteMedian":8776,"workHomeCommuteMedian":-1},"geometry":{"type":"Polygon","coordinates":[[[121.53250634185721,24.925608194052213],[121.53250634185721,24.93460139768946],[121.54149954549446,24.93460139768946],[121.54149954549446,24.925608194052213],[121.53250634185721,24.925608194052213]]]}},{"type":"Feature","properties":{"jobs":228,"pop":410,"pointCount":5,"homeWorkCommuteMedian":16523,"workHomeCommuteMedian":6980},"geometry":{"type":"Polygon","coordinates":[[[121.53250634185721,24.93460139768946],[121.53250634185721,24.943594601326705],[121.54149954549446,24.943594601326705],[121.54149954549446,24.93460139768946],[121.53250634185721,24.93460139768946]]]}},{"type":"Feature","properties":{"jobs":64,"pop":106,"pointCount":2,"homeWorkCommuteMedian":6617,"workHomeCommuteMedian":7164},"geometry":{"type":"Polygon","coordinates":[[[121.53250634185721,24.943594601326705],[121.53250634185721,24.95258780496395],[121.54149954549446,24.95258780496395],[121.54149954549446,24.943594601326705],[121.53250634185721,24.943594601326705]]]}},{"type":"Feature","properties":{"jobs":7551,"pop":7782,"pointCount":16,"homeWorkCommuteMedian":8897,"workHomeCommuteMedian":6022},"geometry":{"type":"Polygon","coordinates":[[[121.53250634185721,24.95258780496395],[121.53250634185721,24.961581008601197],[121.54149954549446,24.961581008601197],[121.54149954549446,24.95258780496395],[121.53250634185721,24.95258780496395]]]}},{"type":"Feature","properties":{"jobs":6410,"pop":9518,"pointCount":11,"homeWorkCommuteMedian":9431,"workHomeCommuteMedian":6973},"geometry":{"type":"Polygon","coordinates":[[[121.53250634185721,24.961581008601197],[121.53250634185721,24.970574212238443],[121.54149954549446,24.970574212238443],[121.54149954549446,24.961581008601197],[121.53250634185721,24.961581008601197]]]}},{"type":"Feature","properties":{"jobs":15023,"pop":21182,"pointCount":19,"homeWorkCommuteMedian":9396,"workHomeCommuteMedian":7837},"geometry":{"type":"Polygon","coordinates":[[[121.53250634185721,24.970574212238443],[121.53250634185721,24.97956741587569],[121.54149954549446,24.97956741587569],[121.54149954549446,24.970574212238443],[121.53250634185721,24.970574212238443]]]}},{"type":"Feature","properties":{"jobs":26108,"pop":11293,"pointCount":15,"homeWorkCommuteMedian":6115,"workHomeCommuteMedian":9059},"geometry":{"type":"Polygon","coordinates":[[[121.53250634185721,24.97956741587569],[121.53250634185721,24.988560619512935],[121.54149954549446,24.988560619512935],[121.54149954549446,24.97956741587569],[121.53250634185721,24.97956741587569]]]}},{"type":"Feature","properties":{"jobs":4806,"pop":13693,"pointCount":16,"homeWorkCommuteMedian":7096,"workHomeCommuteMedian":3592},"geometry":{"type":"Polygon","coordinates":[[[121.53250634185721,24.988560619512935],[121.53250634185721,24.99755382315018],[121.54149954549446,24.99755382315018],[121.54149954549446,24.988560619512935],[121.53250634185721,24.988560619512935]]]}},{"type":"Feature","properties":{"jobs":5023,"pop":12588,"pointCount":12,"homeWorkCommuteMedian":6386,"workHomeCommuteMedian":4211},"geometry":{"type":"Polygon","coordinates":[[[121.53250634185721,24.99755382315018],[121.53250634185721,25.006547026787427],[121.54149954549446,25.006547026787427],[121.54149954549446,24.99755382315018],[121.53250634185721,24.99755382315018]]]}},{"type":"Feature","properties":{"jobs":10306,"pop":4090,"pointCount":9,"homeWorkCommuteMedian":5174,"workHomeCommuteMedian":8561},"geometry":{"type":"Polygon","coordinates":[[[121.53250634185721,25.006547026787427],[121.53250634185721,25.015540230424673],[121.54149954549446,25.015540230424673],[121.54149954549446,25.006547026787427],[121.53250634185721,25.006547026787427]]]}},{"type":"Feature","properties":{"jobs":37047,"pop":6937,"pointCount":13,"homeWorkCommuteMedian":5499,"workHomeCommuteMedian":6915},"geometry":{"type":"Polygon","coordinates":[[[121.53250634185721,25.015540230424673],[121.53250634185721,25.02453343406192],[121.54149954549446,25.02453343406192],[121.54149954549446,25.015540230424673],[121.53250634185721,25.015540230424673]]]}},{"type":"Feature","properties":{"jobs":3695,"pop":11517,"pointCount":12,"homeWorkCommuteMedian":3834,"workHomeCommuteMedian":7353},"geometry":{"type":"Polygon","coordinates":[[[121.53250634185721,25.02453343406192],[121.53250634185721,25.033526637699165],[121.54149954549446,25.033526637699165],[121.54149954549446,25.02453343406192],[121.53250634185721,25.02453343406192]]]}},{"type":"Feature","properties":{"jobs":20746,"pop":12626,"pointCount":16,"homeWorkCommuteMedian":4091,"workHomeCommuteMedian":8626},"geometry":{"type":"Polygon","coordinates":[[[121.53250634185721,25.033526637699165],[121.53250634185721,25.04251984133641],[121.54149954549446,25.04251984133641],[121.54149954549446,25.033526637699165],[121.53250634185721,25.033526637699165]]]}},{"type":"Feature","properties":{"jobs":34886,"pop":9397,"pointCount":12,"homeWorkCommuteMedian":3874,"workHomeCommuteMedian":8126},"geometry":{"type":"Polygon","coordinates":[[[121.53250634185721,25.04251984133641],[121.53250634185721,25.051513044973657],[121.54149954549446,25.051513044973657],[121.54149954549446,25.04251984133641],[121.53250634185721,25.04251984133641]]]}},{"type":"Feature","properties":{"jobs":40874,"pop":14886,"pointCount":14,"homeWorkCommuteMedian":4061,"workHomeCommuteMedian":8470},"geometry":{"type":"Polygon","coordinates":[[[121.53250634185721,25.051513044973657],[121.53250634185721,25.060506248610903],[121.54149954549446,25.060506248610903],[121.54149954549446,25.051513044973657],[121.53250634185721,25.051513044973657]]]}},{"type":"Feature","properties":{"jobs":29149,"pop":18150,"pointCount":14,"homeWorkCommuteMedian":4007,"workHomeCommuteMedian":9257},"geometry":{"type":"Polygon","coordinates":[[[121.53250634185721,25.060506248610903],[121.53250634185721,25.06949945224815],[121.54149954549446,25.06949945224815],[121.54149954549446,25.060506248610903],[121.53250634185721,25.060506248610903]]]}},{"type":"Feature","properties":{"jobs":3759,"pop":206,"pointCount":4,"homeWorkCommuteMedian":5072,"workHomeCommuteMedian":9965},"geometry":{"type":"Polygon","coordinates":[[[121.53250634185721,25.06949945224815],[121.53250634185721,25.078492655885395],[121.54149954549446,25.078492655885395],[121.54149954549446,25.06949945224815],[121.53250634185721,25.06949945224815]]]}},{"type":"Feature","properties":{"jobs":634,"pop":2112,"pointCount":6,"homeWorkCommuteMedian":9674,"workHomeCommuteMedian":10510},"geometry":{"type":"Polygon","coordinates":[[[121.53250634185721,25.078492655885395],[121.53250634185721,25.08748585952264],[121.54149954549446,25.08748585952264],[121.54149954549446,25.078492655885395],[121.53250634185721,25.078492655885395]]]}},{"type":"Feature","properties":{"jobs":0,"pop":52,"pointCount":1,"homeWorkCommuteMedian":7345,"workHomeCommuteMedian":-1},"geometry":{"type":"Polygon","coordinates":[[[121.53250634185721,25.08748585952264],[121.53250634185721,25.096479063159887],[121.54149954549446,25.096479063159887],[121.54149954549446,25.08748585952264],[121.53250634185721,25.08748585952264]]]}},{"type":"Feature","properties":{"jobs":875,"pop":2296,"pointCount":5,"homeWorkCommuteMedian":10123,"workHomeCommuteMedian":4404},"geometry":{"type":"Polygon","coordinates":[[[121.53250634185721,25.096479063159887],[121.53250634185721,25.105472266797133],[121.54149954549446,25.105472266797133],[121.54149954549446,25.096479063159887],[121.53250634185721,25.096479063159887]]]}},{"type":"Feature","properties":{"jobs":3529,"pop":9120,"pointCount":11,"homeWorkCommuteMedian":9658,"workHomeCommuteMedian":4478},"geometry":{"type":"Polygon","coordinates":[[[121.53250634185721,25.105472266797133],[121.53250634185721,25.11446547043438],[121.54149954549446,25.11446547043438],[121.54149954549446,25.105472266797133],[121.53250634185721,25.105472266797133]]]}},{"type":"Feature","properties":{"jobs":3203,"pop":6574,"pointCount":10,"homeWorkCommuteMedian":8505,"workHomeCommuteMedian":4345},"geometry":{"type":"Polygon","coordinates":[[[121.53250634185721,25.11446547043438],[121.53250634185721,25.123458674071625],[121.54149954549446,25.123458674071625],[121.54149954549446,25.11446547043438],[121.53250634185721,25.11446547043438]]]}},{"type":"Feature","properties":{"jobs":51,"pop":2830,"pointCount":6,"homeWorkCommuteMedian":9554,"workHomeCommuteMedian":36544},"geometry":{"type":"Polygon","coordinates":[[[121.53250634185721,25.123458674071625],[121.53250634185721,25.13245187770887],[121.54149954549446,25.13245187770887],[121.54149954549446,25.123458674071625],[121.53250634185721,25.123458674071625]]]}},{"type":"Feature","properties":{"jobs":12979,"pop":0,"pointCount":4,"homeWorkCommuteMedian":-1,"workHomeCommuteMedian":15618},"geometry":{"type":"Polygon","coordinates":[[[121.53250634185721,25.13245187770887],[121.53250634185721,25.141445081346117],[121.54149954549446,25.141445081346117],[121.54149954549446,25.13245187770887],[121.53250634185721,25.13245187770887]]]}},{"type":"Feature","properties":{"jobs":77,"pop":427,"pointCount":3,"homeWorkCommuteMedian":30396,"workHomeCommuteMedian":19275},"geometry":{"type":"Polygon","coordinates":[[[121.53250634185721,25.141445081346117],[121.53250634185721,25.150438284983363],[121.54149954549446,25.150438284983363],[121.54149954549446,25.141445081346117],[121.53250634185721,25.141445081346117]]]}},{"type":"Feature","properties":{"jobs":89,"pop":238,"pointCount":4,"homeWorkCommuteMedian":17296,"workHomeCommuteMedian":24792},"geometry":{"type":"Polygon","coordinates":[[[121.53250634185721,25.150438284983363],[121.53250634185721,25.15943148862061],[121.54149954549446,25.15943148862061],[121.54149954549446,25.150438284983363],[121.53250634185721,25.150438284983363]]]}},{"type":"Feature","properties":{"jobs":103,"pop":72,"pointCount":3,"homeWorkCommuteMedian":27084,"workHomeCommuteMedian":22999},"geometry":{"type":"Polygon","coordinates":[[[121.53250634185721,25.15943148862061],[121.53250634185721,25.168424692257855],[121.54149954549446,25.168424692257855],[121.54149954549446,25.15943148862061],[121.53250634185721,25.15943148862061]]]}},{"type":"Feature","properties":{"jobs":173,"pop":206,"pointCount":5,"homeWorkCommuteMedian":18170,"workHomeCommuteMedian":18681},"geometry":{"type":"Polygon","coordinates":[[[121.53250634185721,25.168424692257855],[121.53250634185721,25.1774178958951],[121.54149954549446,25.1774178958951],[121.54149954549446,25.168424692257855],[121.53250634185721,25.168424692257855]]]}},{"type":"Feature","properties":{"jobs":69,"pop":0,"pointCount":1,"homeWorkCommuteMedian":-1,"workHomeCommuteMedian":10415},"geometry":{"type":"Polygon","coordinates":[[[121.53250634185721,25.1774178958951],[121.53250634185721,25.186411099532346],[121.54149954549446,25.186411099532346],[121.54149954549446,25.1774178958951],[121.53250634185721,25.1774178958951]]]}},{"type":"Feature","properties":{"jobs":0,"pop":152,"pointCount":2,"homeWorkCommuteMedian":49228,"workHomeCommuteMedian":-1},"geometry":{"type":"Polygon","coordinates":[[[121.53250634185721,25.213390710444084],[121.53250634185721,25.22238391408133],[121.54149954549446,25.22238391408133],[121.54149954549446,25.213390710444084],[121.53250634185721,25.213390710444084]]]}},{"type":"Feature","properties":{"jobs":0,"pop":56,"pointCount":1,"homeWorkCommuteMedian":9485,"workHomeCommuteMedian":-1},"geometry":{"type":"Polygon","coordinates":[[[121.53250634185721,25.240370321355822],[121.53250634185721,25.24936352499307],[121.54149954549446,25.24936352499307],[121.54149954549446,25.240370321355822],[121.53250634185721,25.240370321355822]]]}},{"type":"Feature","properties":{"jobs":31,"pop":39,"pointCount":2,"homeWorkCommuteMedian":6343,"workHomeCommuteMedian":46696},"geometry":{"type":"Polygon","coordinates":[[[121.53250634185721,25.258356728630314],[121.53250634185721,25.26734993226756],[121.54149954549446,25.26734993226756],[121.54149954549446,25.258356728630314],[121.53250634185721,25.258356728630314]]]}},{"type":"Feature","properties":{"jobs":0,"pop":69,"pointCount":2,"homeWorkCommuteMedian":34405,"workHomeCommuteMedian":-1},"geometry":{"type":"Polygon","coordinates":[[[121.53250634185721,25.26734993226756],[121.53250634185721,25.276343135904806],[121.54149954549446,25.276343135904806],[121.54149954549446,25.26734993226756],[121.53250634185721,25.26734993226756]]]}},{"type":"Feature","properties":{"jobs":0,"pop":191,"pointCount":1,"homeWorkCommuteMedian":52982,"workHomeCommuteMedian":-1},"geometry":{"type":"Polygon","coordinates":[[[121.53250634185721,25.276343135904806],[121.53250634185721,25.285336339542052],[121.54149954549446,25.285336339542052],[121.54149954549446,25.276343135904806],[121.53250634185721,25.276343135904806]]]}},{"type":"Feature","properties":{"jobs":158,"pop":282,"pointCount":4,"homeWorkCommuteMedian":34740,"workHomeCommuteMedian":7638},"geometry":{"type":"Polygon","coordinates":[[[121.53250634185721,25.285336339542052],[121.53250634185721,25.2943295431793],[121.54149954549446,25.2943295431793],[121.54149954549446,25.285336339542052],[121.53250634185721,25.285336339542052]]]}},{"type":"Feature","properties":{"jobs":0,"pop":75,"pointCount":1,"homeWorkCommuteMedian":13726,"workHomeCommuteMedian":-1},"geometry":{"type":"Polygon","coordinates":[[[121.54149954549446,24.88963537950323],[121.54149954549446,24.898628583140475],[121.5504927491317,24.898628583140475],[121.5504927491317,24.88963537950323],[121.54149954549446,24.88963537950323]]]}},{"type":"Feature","properties":{"jobs":0,"pop":444,"pointCount":1,"homeWorkCommuteMedian":50111,"workHomeCommuteMedian":-1},"geometry":{"type":"Polygon","coordinates":[[[121.54149954549446,24.898628583140475],[121.54149954549446,24.90762178677772],[121.5504927491317,24.90762178677772],[121.5504927491317,24.898628583140475],[121.54149954549446,24.898628583140475]]]}},{"type":"Feature","properties":{"jobs":159,"pop":578,"pointCount":6,"homeWorkCommuteMedian":20202,"workHomeCommuteMedian":17711},"geometry":{"type":"Polygon","coordinates":[[[121.54149954549446,24.90762178677772],[121.54149954549446,24.916614990414967],[121.5504927491317,24.916614990414967],[121.5504927491317,24.90762178677772],[121.54149954549446,24.90762178677772]]]}},{"type":"Feature","properties":{"jobs":1379,"pop":776,"pointCount":6,"homeWorkCommuteMedian":13902,"workHomeCommuteMedian":11769},"geometry":{"type":"Polygon","coordinates":[[[121.54149954549446,24.916614990414967],[121.54149954549446,24.925608194052213],[121.5504927491317,24.925608194052213],[121.5504927491317,24.916614990414967],[121.54149954549446,24.916614990414967]]]}},{"type":"Feature","properties":{"jobs":307,"pop":344,"pointCount":6,"homeWorkCommuteMedian":11680,"workHomeCommuteMedian":14159},"geometry":{"type":"Polygon","coordinates":[[[121.54149954549446,24.925608194052213],[121.54149954549446,24.93460139768946],[121.5504927491317,24.93460139768946],[121.5504927491317,24.925608194052213],[121.54149954549446,24.925608194052213]]]}},{"type":"Feature","properties":{"jobs":130,"pop":419,"pointCount":4,"homeWorkCommuteMedian":5985,"workHomeCommuteMedian":12044},"geometry":{"type":"Polygon","coordinates":[[[121.54149954549446,24.93460139768946],[121.54149954549446,24.943594601326705],[121.5504927491317,24.943594601326705],[121.5504927491317,24.93460139768946],[121.54149954549446,24.93460139768946]]]}},{"type":"Feature","properties":{"jobs":860,"pop":1337,"pointCount":4,"homeWorkCommuteMedian":13431,"workHomeCommuteMedian":9053},"geometry":{"type":"Polygon","coordinates":[[[121.54149954549446,24.943594601326705],[121.54149954549446,24.95258780496395],[121.5504927491317,24.95258780496395],[121.5504927491317,24.943594601326705],[121.54149954549446,24.943594601326705]]]}},{"type":"Feature","properties":{"jobs":139,"pop":827,"pointCount":3,"homeWorkCommuteMedian":6734,"workHomeCommuteMedian":8237},"geometry":{"type":"Polygon","coordinates":[[[121.54149954549446,24.95258780496395],[121.54149954549446,24.961581008601197],[121.5504927491317,24.961581008601197],[121.5504927491317,24.95258780496395],[121.54149954549446,24.95258780496395]]]}},{"type":"Feature","properties":{"jobs":5449,"pop":10127,"pointCount":12,"homeWorkCommuteMedian":8924,"workHomeCommuteMedian":7800},"geometry":{"type":"Polygon","coordinates":[[[121.54149954549446,24.961581008601197],[121.54149954549446,24.970574212238443],[121.5504927491317,24.970574212238443],[121.5504927491317,24.961581008601197],[121.54149954549446,24.961581008601197]]]}},{"type":"Feature","properties":{"jobs":27802,"pop":15763,"pointCount":18,"homeWorkCommuteMedian":7006,"workHomeCommuteMedian":7937},"geometry":{"type":"Polygon","coordinates":[[[121.54149954549446,24.970574212238443],[121.54149954549446,24.97956741587569],[121.5504927491317,24.97956741587569],[121.5504927491317,24.970574212238443],[121.54149954549446,24.970574212238443]]]}},{"type":"Feature","properties":{"jobs":12757,"pop":14148,"pointCount":12,"homeWorkCommuteMedian":8709,"workHomeCommuteMedian":5407},"geometry":{"type":"Polygon","coordinates":[[[121.54149954549446,24.97956741587569],[121.54149954549446,24.988560619512935],[121.5504927491317,24.988560619512935],[121.5504927491317,24.97956741587569],[121.54149954549446,24.97956741587569]]]}},{"type":"Feature","properties":{"jobs":12293,"pop":13864,"pointCount":15,"homeWorkCommuteMedian":5939,"workHomeCommuteMedian":4967},"geometry":{"type":"Polygon","coordinates":[[[121.54149954549446,24.988560619512935],[121.54149954549446,24.99755382315018],[121.5504927491317,24.99755382315018],[121.5504927491317,24.988560619512935],[121.54149954549446,24.988560619512935]]]}},{"type":"Feature","properties":{"jobs":2196,"pop":15081,"pointCount":16,"homeWorkCommuteMedian":6615,"workHomeCommuteMedian":2937},"geometry":{"type":"Polygon","coordinates":[[[121.54149954549446,24.99755382315018],[121.54149954549446,25.006547026787427],[121.5504927491317,25.006547026787427],[121.5504927491317,24.99755382315018],[121.54149954549446,24.99755382315018]]]}},{"type":"Feature","properties":{"jobs":17363,"pop":1517,"pointCount":7,"homeWorkCommuteMedian":3264,"workHomeCommuteMedian":8645},"geometry":{"type":"Polygon","coordinates":[[[121.54149954549446,25.006547026787427],[121.54149954549446,25.015540230424673],[121.5504927491317,25.015540230424673],[121.5504927491317,25.006547026787427],[121.54149954549446,25.006547026787427]]]}},{"type":"Feature","properties":{"jobs":16792,"pop":7142,"pointCount":10,"homeWorkCommuteMedian":3757,"workHomeCommuteMedian":8044},"geometry":{"type":"Polygon","coordinates":[[[121.54149954549446,25.015540230424673],[121.54149954549446,25.02453343406192],[121.5504927491317,25.02453343406192],[121.5504927491317,25.015540230424673],[121.54149954549446,25.015540230424673]]]}},{"type":"Feature","properties":{"jobs":26707,"pop":19036,"pointCount":19,"homeWorkCommuteMedian":3638,"workHomeCommuteMedian":7472},"geometry":{"type":"Polygon","coordinates":[[[121.54149954549446,25.02453343406192],[121.54149954549446,25.033526637699165],[121.5504927491317,25.033526637699165],[121.5504927491317,25.02453343406192],[121.54149954549446,25.02453343406192]]]}},{"type":"Feature","properties":{"jobs":43000,"pop":15509,"pointCount":16,"homeWorkCommuteMedian":3687,"workHomeCommuteMedian":7944},"geometry":{"type":"Polygon","coordinates":[[[121.54149954549446,25.033526637699165],[121.54149954549446,25.04251984133641],[121.5504927491317,25.04251984133641],[121.5504927491317,25.033526637699165],[121.54149954549446,25.033526637699165]]]}},{"type":"Feature","properties":{"jobs":37449,"pop":12781,"pointCount":12,"homeWorkCommuteMedian":3647,"workHomeCommuteMedian":8896},"geometry":{"type":"Polygon","coordinates":[[[121.54149954549446,25.04251984133641],[121.54149954549446,25.051513044973657],[121.5504927491317,25.051513044973657],[121.5504927491317,25.04251984133641],[121.54149954549446,25.04251984133641]]]}},{"type":"Feature","properties":{"jobs":74295,"pop":14961,"pointCount":9,"homeWorkCommuteMedian":3621,"workHomeCommuteMedian":8730},"geometry":{"type":"Polygon","coordinates":[[[121.54149954549446,25.051513044973657],[121.54149954549446,25.060506248610903],[121.5504927491317,25.060506248610903],[121.5504927491317,25.051513044973657],[121.54149954549446,25.051513044973657]]]}},{"type":"Feature","properties":{"jobs":12952,"pop":9887,"pointCount":8,"homeWorkCommuteMedian":3349,"workHomeCommuteMedian":7444},"geometry":{"type":"Polygon","coordinates":[[[121.54149954549446,25.060506248610903],[121.54149954549446,25.06949945224815],[121.5504927491317,25.06949945224815],[121.5504927491317,25.060506248610903],[121.54149954549446,25.060506248610903]]]}},{"type":"Feature","properties":{"jobs":4690,"pop":2741,"pointCount":5,"homeWorkCommuteMedian":6440,"workHomeCommuteMedian":7910},"geometry":{"type":"Polygon","coordinates":[[[121.54149954549446,25.06949945224815],[121.54149954549446,25.078492655885395],[121.5504927491317,25.078492655885395],[121.5504927491317,25.06949945224815],[121.54149954549446,25.06949945224815]]]}},{"type":"Feature","properties":{"jobs":13675,"pop":7623,"pointCount":10,"homeWorkCommuteMedian":6739,"workHomeCommuteMedian":9062},"geometry":{"type":"Polygon","coordinates":[[[121.54149954549446,25.078492655885395],[121.54149954549446,25.08748585952264],[121.5504927491317,25.08748585952264],[121.5504927491317,25.078492655885395],[121.54149954549446,25.078492655885395]]]}},{"type":"Feature","properties":{"jobs":10552,"pop":39,"pointCount":3,"homeWorkCommuteMedian":2962,"workHomeCommuteMedian":8708},"geometry":{"type":"Polygon","coordinates":[[[121.54149954549446,25.08748585952264],[121.54149954549446,25.096479063159887],[121.5504927491317,25.096479063159887],[121.5504927491317,25.08748585952264],[121.54149954549446,25.08748585952264]]]}},{"type":"Feature","properties":{"jobs":2487,"pop":1521,"pointCount":11,"homeWorkCommuteMedian":8451,"workHomeCommuteMedian":5173},"geometry":{"type":"Polygon","coordinates":[[[121.54149954549446,25.096479063159887],[121.54149954549446,25.105472266797133],[121.5504927491317,25.105472266797133],[121.5504927491317,25.096479063159887],[121.54149954549446,25.096479063159887]]]}},{"type":"Feature","properties":{"jobs":395,"pop":182,"pointCount":2,"homeWorkCommuteMedian":7177,"workHomeCommuteMedian":6146},"geometry":{"type":"Polygon","coordinates":[[[121.54149954549446,25.105472266797133],[121.54149954549446,25.11446547043438],[121.5504927491317,25.11446547043438],[121.5504927491317,25.105472266797133],[121.54149954549446,25.105472266797133]]]}},{"type":"Feature","properties":{"jobs":0,"pop":147,"pointCount":2,"homeWorkCommuteMedian":7330,"workHomeCommuteMedian":-1},"geometry":{"type":"Polygon","coordinates":[[[121.54149954549446,25.11446547043438],[121.54149954549446,25.123458674071625],[121.5504927491317,25.123458674071625],[121.5504927491317,25.11446547043438],[121.54149954549446,25.11446547043438]]]}},{"type":"Feature","properties":{"jobs":3182,"pop":1170,"pointCount":7,"homeWorkCommuteMedian":10538,"workHomeCommuteMedian":16911},"geometry":{"type":"Polygon","coordinates":[[[121.54149954549446,25.13245187770887],[121.54149954549446,25.141445081346117],[121.5504927491317,25.141445081346117],[121.5504927491317,25.13245187770887],[121.54149954549446,25.13245187770887]]]}},{"type":"Feature","properties":{"jobs":333,"pop":431,"pointCount":4,"homeWorkCommuteMedian":13062,"workHomeCommuteMedian":10763},"geometry":{"type":"Polygon","coordinates":[[[121.54149954549446,25.141445081346117],[121.54149954549446,25.150438284983363],[121.5504927491317,25.150438284983363],[121.5504927491317,25.141445081346117],[121.54149954549446,25.141445081346117]]]}},{"type":"Feature","properties":{"jobs":476,"pop":140,"pointCount":4,"homeWorkCommuteMedian":32214,"workHomeCommuteMedian":13208},"geometry":{"type":"Polygon","coordinates":[[[121.54149954549446,25.150438284983363],[121.54149954549446,25.15943148862061],[121.5504927491317,25.15943148862061],[121.5504927491317,25.150438284983363],[121.54149954549446,25.150438284983363]]]}},{"type":"Feature","properties":{"jobs":0,"pop":72,"pointCount":2,"homeWorkCommuteMedian":24196,"workHomeCommuteMedian":-1},"geometry":{"type":"Polygon","coordinates":[[[121.54149954549446,25.15943148862061],[121.54149954549446,25.168424692257855],[121.5504927491317,25.168424692257855],[121.5504927491317,25.15943148862061],[121.54149954549446,25.15943148862061]]]}},{"type":"Feature","properties":{"jobs":0,"pop":77,"pointCount":1,"homeWorkCommuteMedian":50310,"workHomeCommuteMedian":-1},"geometry":{"type":"Polygon","coordinates":[[[121.54149954549446,25.24936352499307],[121.54149954549446,25.258356728630314],[121.5504927491317,25.258356728630314],[121.5504927491317,25.24936352499307],[121.54149954549446,25.24936352499307]]]}},{"type":"Feature","properties":{"jobs":32,"pop":25,"pointCount":1,"homeWorkCommuteMedian":37147,"workHomeCommuteMedian":57583},"geometry":{"type":"Polygon","coordinates":[[[121.54149954549446,25.258356728630314],[121.54149954549446,25.26734993226756],[121.5504927491317,25.26734993226756],[121.5504927491317,25.258356728630314],[121.54149954549446,25.258356728630314]]]}},{"type":"Feature","properties":{"jobs":0,"pop":219,"pointCount":2,"homeWorkCommuteMedian":49248,"workHomeCommuteMedian":-1},"geometry":{"type":"Polygon","coordinates":[[[121.54149954549446,25.26734993226756],[121.54149954549446,25.276343135904806],[121.5504927491317,25.276343135904806],[121.5504927491317,25.26734993226756],[121.54149954549446,25.26734993226756]]]}},{"type":"Feature","properties":{"jobs":0,"pop":172,"pointCount":3,"homeWorkCommuteMedian":41024,"workHomeCommuteMedian":-1},"geometry":{"type":"Polygon","coordinates":[[[121.54149954549446,25.276343135904806],[121.54149954549446,25.285336339542052],[121.5504927491317,25.285336339542052],[121.5504927491317,25.276343135904806],[121.54149954549446,25.276343135904806]]]}},{"type":"Feature","properties":{"jobs":191,"pop":924,"pointCount":8,"homeWorkCommuteMedian":40546,"workHomeCommuteMedian":2515},"geometry":{"type":"Polygon","coordinates":[[[121.54149954549446,25.285336339542052],[121.54149954549446,25.2943295431793],[121.5504927491317,25.2943295431793],[121.5504927491317,25.285336339542052],[121.54149954549446,25.285336339542052]]]}},{"type":"Feature","properties":{"jobs":1313,"pop":192,"pointCount":5,"homeWorkCommuteMedian":23197,"workHomeCommuteMedian":15578},"geometry":{"type":"Polygon","coordinates":[[[121.5504927491317,24.898628583140475],[121.5504927491317,24.90762178677772],[121.55948595276895,24.90762178677772],[121.55948595276895,24.898628583140475],[121.5504927491317,24.898628583140475]]]}},{"type":"Feature","properties":{"jobs":165,"pop":164,"pointCount":3,"homeWorkCommuteMedian":39367,"workHomeCommuteMedian":14594},"geometry":{"type":"Polygon","coordinates":[[[121.5504927491317,24.90762178677772],[121.5504927491317,24.916614990414967],[121.55948595276895,24.916614990414967],[121.55948595276895,24.90762178677772],[121.5504927491317,24.90762178677772]]]}},{"type":"Feature","properties":{"jobs":0,"pop":85,"pointCount":2,"homeWorkCommuteMedian":25614,"workHomeCommuteMedian":-1},"geometry":{"type":"Polygon","coordinates":[[[121.5504927491317,24.916614990414967],[121.5504927491317,24.925608194052213],[121.55948595276895,24.925608194052213],[121.55948595276895,24.916614990414967],[121.5504927491317,24.916614990414967]]]}},{"type":"Feature","properties":{"jobs":370,"pop":1220,"pointCount":6,"homeWorkCommuteMedian":17987,"workHomeCommuteMedian":18829},"geometry":{"type":"Polygon","coordinates":[[[121.5504927491317,24.925608194052213],[121.5504927491317,24.93460139768946],[121.55948595276895,24.93460139768946],[121.55948595276895,24.925608194052213],[121.5504927491317,24.925608194052213]]]}},{"type":"Feature","properties":{"jobs":1167,"pop":1757,"pointCount":5,"homeWorkCommuteMedian":11928,"workHomeCommuteMedian":8052},"geometry":{"type":"Polygon","coordinates":[[[121.5504927491317,24.943594601326705],[121.5504927491317,24.95258780496395],[121.55948595276895,24.95258780496395],[121.55948595276895,24.943594601326705],[121.5504927491317,24.943594601326705]]]}},{"type":"Feature","properties":{"jobs":1408,"pop":2810,"pointCount":7,"homeWorkCommuteMedian":10046,"workHomeCommuteMedian":14680},"geometry":{"type":"Polygon","coordinates":[[[121.5504927491317,24.95258780496395],[121.5504927491317,24.961581008601197],[121.55948595276895,24.961581008601197],[121.55948595276895,24.95258780496395],[121.5504927491317,24.95258780496395]]]}},{"type":"Feature","properties":{"jobs":0,"pop":217,"pointCount":1,"homeWorkCommuteMedian":5449,"workHomeCommuteMedian":-1},"geometry":{"type":"Polygon","coordinates":[[[121.5504927491317,24.961581008601197],[121.5504927491317,24.970574212238443],[121.55948595276895,24.970574212238443],[121.55948595276895,24.961581008601197],[121.5504927491317,24.961581008601197]]]}},{"type":"Feature","properties":{"jobs":1783,"pop":3700,"pointCount":4,"homeWorkCommuteMedian":7322,"workHomeCommuteMedian":5329},"geometry":{"type":"Polygon","coordinates":[[[121.5504927491317,24.970574212238443],[121.5504927491317,24.97956741587569],[121.55948595276895,24.97956741587569],[121.55948595276895,24.970574212238443],[121.5504927491317,24.970574212238443]]]}},{"type":"Feature","properties":{"jobs":9805,"pop":10555,"pointCount":12,"homeWorkCommuteMedian":7033,"workHomeCommuteMedian":7437},"geometry":{"type":"Polygon","coordinates":[[[121.5504927491317,24.97956741587569],[121.5504927491317,24.988560619512935],[121.55948595276895,24.988560619512935],[121.55948595276895,24.97956741587569],[121.5504927491317,24.97956741587569]]]}},{"type":"Feature","properties":{"jobs":2099,"pop":5701,"pointCount":8,"homeWorkCommuteMedian":7885,"workHomeCommuteMedian":2899},"geometry":{"type":"Polygon","coordinates":[[[121.5504927491317,24.988560619512935],[121.5504927491317,24.99755382315018],[121.55948595276895,24.99755382315018],[121.55948595276895,24.988560619512935],[121.5504927491317,24.988560619512935]]]}},{"type":"Feature","properties":{"jobs":7337,"pop":11948,"pointCount":16,"homeWorkCommuteMedian":6682,"workHomeCommuteMedian":4457},"geometry":{"type":"Polygon","coordinates":[[[121.5504927491317,24.99755382315018],[121.5504927491317,25.006547026787427],[121.55948595276895,25.006547026787427],[121.55948595276895,24.99755382315018],[121.5504927491317,24.99755382315018]]]}},{"type":"Feature","properties":{"jobs":8929,"pop":16717,"pointCount":14,"homeWorkCommuteMedian":4453,"workHomeCommuteMedian":7599},"geometry":{"type":"Polygon","coordinates":[[[121.5504927491317,25.015540230424673],[121.5504927491317,25.02453343406192],[121.55948595276895,25.02453343406192],[121.55948595276895,25.015540230424673],[121.5504927491317,25.015540230424673]]]}},{"type":"Feature","properties":{"jobs":44065,"pop":22852,"pointCount":17,"homeWorkCommuteMedian":3739,"workHomeCommuteMedian":7016},"geometry":{"type":"Polygon","coordinates":[[[121.5504927491317,25.02453343406192],[121.5504927491317,25.033526637699165],[121.55948595276895,25.033526637699165],[121.55948595276895,25.02453343406192],[121.5504927491317,25.02453343406192]]]}},{"type":"Feature","properties":{"jobs":28134,"pop":16121,"pointCount":14,"homeWorkCommuteMedian":3914,"workHomeCommuteMedian":8017},"geometry":{"type":"Polygon","coordinates":[[[121.5504927491317,25.033526637699165],[121.5504927491317,25.04251984133641],[121.55948595276895,25.04251984133641],[121.55948595276895,25.033526637699165],[121.5504927491317,25.033526637699165]]]}},{"type":"Feature","properties":{"jobs":45267,"pop":21741,"pointCount":17,"homeWorkCommuteMedian":3837,"workHomeCommuteMedian":9162},"geometry":{"type":"Polygon","coordinates":[[[121.5504927491317,25.04251984133641],[121.5504927491317,25.051513044973657],[121.55948595276895,25.051513044973657],[121.55948595276895,25.04251984133641],[121.5504927491317,25.04251984133641]]]}},{"type":"Feature","properties":{"jobs":25681,"pop":18402,"pointCount":16,"homeWorkCommuteMedian":2603,"workHomeCommuteMedian":10351},"geometry":{"type":"Polygon","coordinates":[[[121.5504927491317,25.051513044973657],[121.5504927491317,25.060506248610903],[121.55948595276895,25.060506248610903],[121.55948595276895,25.051513044973657],[121.5504927491317,25.051513044973657]]]}},{"type":"Feature","properties":{"jobs":13195,"pop":0,"pointCount":4,"homeWorkCommuteMedian":-1,"workHomeCommuteMedian":10423},"geometry":{"type":"Polygon","coordinates":[[[121.5504927491317,25.060506248610903],[121.5504927491317,25.06949945224815],[121.55948595276895,25.06949945224815],[121.55948595276895,25.060506248610903],[121.5504927491317,25.060506248610903]]]}},{"type":"Feature","properties":{"jobs":2764,"pop":2527,"pointCount":6,"homeWorkCommuteMedian":5287,"workHomeCommuteMedian":13910},"geometry":{"type":"Polygon","coordinates":[[[121.5504927491317,25.06949945224815],[121.5504927491317,25.078492655885395],[121.55948595276895,25.078492655885395],[121.55948595276895,25.06949945224815],[121.5504927491317,25.06949945224815]]]}},{"type":"Feature","properties":{"jobs":36948,"pop":7302,"pointCount":14,"homeWorkCommuteMedian":5496,"workHomeCommuteMedian":10277},"geometry":{"type":"Polygon","coordinates":[[[121.5504927491317,25.078492655885395],[121.5504927491317,25.08748585952264],[121.55948595276895,25.08748585952264],[121.55948595276895,25.078492655885395],[121.5504927491317,25.078492655885395]]]}},{"type":"Feature","properties":{"jobs":0,"pop":709,"pointCount":2,"homeWorkCommuteMedian":7881,"workHomeCommuteMedian":-1},"geometry":{"type":"Polygon","coordinates":[[[121.5504927491317,25.08748585952264],[121.5504927491317,25.096479063159887],[121.55948595276895,25.096479063159887],[121.55948595276895,25.08748585952264],[121.5504927491317,25.08748585952264]]]}},{"type":"Feature","properties":{"jobs":502,"pop":247,"pointCount":3,"homeWorkCommuteMedian":5207,"workHomeCommuteMedian":5807},"geometry":{"type":"Polygon","coordinates":[[[121.5504927491317,25.096479063159887],[121.5504927491317,25.105472266797133],[121.55948595276895,25.105472266797133],[121.55948595276895,25.096479063159887],[121.5504927491317,25.096479063159887]]]}},{"type":"Feature","properties":{"jobs":0,"pop":478,"pointCount":2,"homeWorkCommuteMedian":7056,"workHomeCommuteMedian":-1},"geometry":{"type":"Polygon","coordinates":[[[121.5504927491317,25.105472266797133],[121.5504927491317,25.11446547043438],[121.55948595276895,25.11446547043438],[121.55948595276895,25.105472266797133],[121.5504927491317,25.105472266797133]]]}},{"type":"Feature","properties":{"jobs":62,"pop":694,"pointCount":5,"homeWorkCommuteMedian":14077,"workHomeCommuteMedian":5556},"geometry":{"type":"Polygon","coordinates":[[[121.5504927491317,25.11446547043438],[121.5504927491317,25.123458674071625],[121.55948595276895,25.123458674071625],[121.55948595276895,25.11446547043438],[121.5504927491317,25.11446547043438]]]}},{"type":"Feature","properties":{"jobs":0,"pop":598,"pointCount":3,"homeWorkCommuteMedian":16980,"workHomeCommuteMedian":-1},"geometry":{"type":"Polygon","coordinates":[[[121.5504927491317,25.123458674071625],[121.5504927491317,25.13245187770887],[121.55948595276895,25.13245187770887],[121.55948595276895,25.123458674071625],[121.5504927491317,25.123458674071625]]]}},{"type":"Feature","properties":{"jobs":0,"pop":48,"pointCount":1,"homeWorkCommuteMedian":13996,"workHomeCommuteMedian":-1},"geometry":{"type":"Polygon","coordinates":[[[121.5504927491317,25.13245187770887],[121.5504927491317,25.141445081346117],[121.55948595276895,25.141445081346117],[121.55948595276895,25.13245187770887],[121.5504927491317,25.13245187770887]]]}},{"type":"Feature","properties":{"jobs":30,"pop":308,"pointCount":5,"homeWorkCommuteMedian":17264,"workHomeCommuteMedian":15698},"geometry":{"type":"Polygon","coordinates":[[[121.5504927491317,25.141445081346117],[121.5504927491317,25.150438284983363],[121.55948595276895,25.150438284983363],[121.55948595276895,25.141445081346117],[121.5504927491317,25.141445081346117]]]}},{"type":"Feature","properties":{"jobs":253,"pop":116,"pointCount":3,"homeWorkCommuteMedian":11392,"workHomeCommuteMedian":10176},"geometry":{"type":"Polygon","coordinates":[[[121.5504927491317,25.150438284983363],[121.5504927491317,25.15943148862061],[121.55948595276895,25.15943148862061],[121.55948595276895,25.150438284983363],[121.5504927491317,25.150438284983363]]]}},{"type":"Feature","properties":{"jobs":25,"pop":0,"pointCount":1,"homeWorkCommuteMedian":-1,"workHomeCommuteMedian":22312},"geometry":{"type":"Polygon","coordinates":[[[121.5504927491317,25.1774178958951],[121.5504927491317,25.186411099532346],[121.55948595276895,25.186411099532346],[121.55948595276895,25.1774178958951],[121.5504927491317,25.1774178958951]]]}},{"type":"Feature","properties":{"jobs":0,"pop":82,"pointCount":1,"homeWorkCommuteMedian":49288,"workHomeCommuteMedian":-1},"geometry":{"type":"Polygon","coordinates":[[[121.5504927491317,25.258356728630314],[121.5504927491317,25.26734993226756],[121.55948595276895,25.26734993226756],[121.55948595276895,25.258356728630314],[121.5504927491317,25.258356728630314]]]}},{"type":"Feature","properties":{"jobs":0,"pop":71,"pointCount":2,"homeWorkCommuteMedian":40647,"workHomeCommuteMedian":-1},"geometry":{"type":"Polygon","coordinates":[[[121.5504927491317,25.26734993226756],[121.5504927491317,25.276343135904806],[121.55948595276895,25.276343135904806],[121.55948595276895,25.26734993226756],[121.5504927491317,25.26734993226756]]]}},{"type":"Feature","properties":{"jobs":0,"pop":172,"pointCount":2,"homeWorkCommuteMedian":45380,"workHomeCommuteMedian":-1},"geometry":{"type":"Polygon","coordinates":[[[121.5504927491317,25.276343135904806],[121.5504927491317,25.285336339542052],[121.55948595276895,25.285336339542052],[121.55948595276895,25.276343135904806],[121.5504927491317,25.276343135904806]]]}},{"type":"Feature","properties":{"jobs":104,"pop":31,"pointCount":1,"homeWorkCommuteMedian":46891,"workHomeCommuteMedian":618},"geometry":{"type":"Polygon","coordinates":[[[121.5504927491317,25.285336339542052],[121.5504927491317,25.2943295431793],[121.55948595276895,25.2943295431793],[121.55948595276895,25.285336339542052],[121.5504927491317,25.285336339542052]]]}},{"type":"Feature","properties":{"jobs":149,"pop":26,"pointCount":3,"homeWorkCommuteMedian":13609,"workHomeCommuteMedian":21994},"geometry":{"type":"Polygon","coordinates":[[[121.55948595276895,24.898628583140475],[121.55948595276895,24.90762178677772],[121.5684791564062,24.90762178677772],[121.5684791564062,24.898628583140475],[121.55948595276895,24.898628583140475]]]}},{"type":"Feature","properties":{"jobs":0,"pop":55,"pointCount":1,"homeWorkCommuteMedian":9505,"workHomeCommuteMedian":-1},"geometry":{"type":"Polygon","coordinates":[[[121.55948595276895,24.925608194052213],[121.55948595276895,24.93460139768946],[121.5684791564062,24.93460139768946],[121.5684791564062,24.925608194052213],[121.55948595276895,24.925608194052213]]]}},{"type":"Feature","properties":{"jobs":162,"pop":166,"pointCount":3,"homeWorkCommuteMedian":7275,"workHomeCommuteMedian":17880},"geometry":{"type":"Polygon","coordinates":[[[121.55948595276895,24.943594601326705],[121.55948595276895,24.95258780496395],[121.5684791564062,24.95258780496395],[121.5684791564062,24.943594601326705],[121.55948595276895,24.943594601326705]]]}},{"type":"Feature","properties":{"jobs":507,"pop":2419,"pointCount":5,"homeWorkCommuteMedian":7225,"workHomeCommuteMedian":8774},"geometry":{"type":"Polygon","coordinates":[[[121.55948595276895,24.95258780496395],[121.55948595276895,24.961581008601197],[121.5684791564062,24.961581008601197],[121.5684791564062,24.95258780496395],[121.55948595276895,24.95258780496395]]]}},{"type":"Feature","properties":{"jobs":44,"pop":55,"pointCount":2,"homeWorkCommuteMedian":10642,"workHomeCommuteMedian":5939},"geometry":{"type":"Polygon","coordinates":[[[121.55948595276895,24.961581008601197],[121.55948595276895,24.970574212238443],[121.5684791564062,24.970574212238443],[121.5684791564062,24.961581008601197],[121.55948595276895,24.961581008601197]]]}},{"type":"Feature","properties":{"jobs":216,"pop":317,"pointCount":6,"homeWorkCommuteMedian":5766,"workHomeCommuteMedian":4392},"geometry":{"type":"Polygon","coordinates":[[[121.55948595276895,24.970574212238443],[121.55948595276895,24.97956741587569],[121.5684791564062,24.97956741587569],[121.5684791564062,24.970574212238443],[121.55948595276895,24.970574212238443]]]}},{"type":"Feature","properties":{"jobs":5034,"pop":15823,"pointCount":14,"homeWorkCommuteMedian":7016,"workHomeCommuteMedian":3076},"geometry":{"type":"Polygon","coordinates":[[[121.55948595276895,24.97956741587569],[121.55948595276895,24.988560619512935],[121.5684791564062,24.988560619512935],[121.5684791564062,24.97956741587569],[121.55948595276895,24.97956741587569]]]}},{"type":"Feature","properties":{"jobs":2302,"pop":15357,"pointCount":9,"homeWorkCommuteMedian":8724,"workHomeCommuteMedian":3159},"geometry":{"type":"Polygon","coordinates":[[[121.55948595276895,24.988560619512935],[121.55948595276895,24.99755382315018],[121.5684791564062,24.99755382315018],[121.5684791564062,24.988560619512935],[121.55948595276895,24.988560619512935]]]}},{"type":"Feature","properties":{"jobs":1929,"pop":3780,"pointCount":10,"homeWorkCommuteMedian":7169,"workHomeCommuteMedian":3074},"geometry":{"type":"Polygon","coordinates":[[[121.55948595276895,24.99755382315018],[121.55948595276895,25.006547026787427],[121.5684791564062,25.006547026787427],[121.5684791564062,24.99755382315018],[121.55948595276895,24.99755382315018]]]}},{"type":"Feature","properties":{"jobs":203,"pop":4038,"pointCount":8,"homeWorkCommuteMedian":7335,"workHomeCommuteMedian":46741},"geometry":{"type":"Polygon","coordinates":[[[121.55948595276895,25.006547026787427],[121.55948595276895,25.015540230424673],[121.5684791564062,25.015540230424673],[121.5684791564062,25.006547026787427],[121.55948595276895,25.006547026787427]]]}},{"type":"Feature","properties":{"jobs":1390,"pop":6477,"pointCount":7,"homeWorkCommuteMedian":4723,"workHomeCommuteMedian":8053},"geometry":{"type":"Polygon","coordinates":[[[121.55948595276895,25.015540230424673],[121.55948595276895,25.02453343406192],[121.5684791564062,25.02453343406192],[121.5684791564062,25.015540230424673],[121.55948595276895,25.015540230424673]]]}},{"type":"Feature","properties":{"jobs":21609,"pop":12675,"pointCount":15,"homeWorkCommuteMedian":4168,"workHomeCommuteMedian":8287},"geometry":{"type":"Polygon","coordinates":[[[121.55948595276895,25.02453343406192],[121.55948595276895,25.033526637699165],[121.5684791564062,25.033526637699165],[121.5684791564062,25.02453343406192],[121.55948595276895,25.02453343406192]]]}},{"type":"Feature","properties":{"jobs":75021,"pop":7789,"pointCount":13,"homeWorkCommuteMedian":2785,"workHomeCommuteMedian":8513},"geometry":{"type":"Polygon","coordinates":[[[121.55948595276895,25.033526637699165],[121.55948595276895,25.04251984133641],[121.5684791564062,25.04251984133641],[121.5684791564062,25.033526637699165],[121.55948595276895,25.033526637699165]]]}},{"type":"Feature","properties":{"jobs":33963,"pop":14358,"pointCount":14,"homeWorkCommuteMedian":4173,"workHomeCommuteMedian":9446},"geometry":{"type":"Polygon","coordinates":[[[121.55948595276895,25.04251984133641],[121.55948595276895,25.051513044973657],[121.5684791564062,25.051513044973657],[121.5684791564062,25.04251984133641],[121.55948595276895,25.04251984133641]]]}},{"type":"Feature","properties":{"jobs":25820,"pop":28840,"pointCount":16,"homeWorkCommuteMedian":3848,"workHomeCommuteMedian":9348},"geometry":{"type":"Polygon","coordinates":[[[121.55948595276895,25.051513044973657],[121.55948595276895,25.060506248610903],[121.5684791564062,25.060506248610903],[121.5684791564062,25.051513044973657],[121.55948595276895,25.051513044973657]]]}},{"type":"Feature","properties":{"jobs":3772,"pop":7223,"pointCount":9,"homeWorkCommuteMedian":3141,"workHomeCommuteMedian":8690},"geometry":{"type":"Polygon","coordinates":[[[121.55948595276895,25.060506248610903],[121.55948595276895,25.06949945224815],[121.5684791564062,25.06949945224815],[121.5684791564062,25.060506248610903],[121.55948595276895,25.060506248610903]]]}},{"type":"Feature","properties":{"jobs":1503,"pop":1988,"pointCount":3,"homeWorkCommuteMedian":7193,"workHomeCommuteMedian":9998},"geometry":{"type":"Polygon","coordinates":[[[121.55948595276895,25.06949945224815],[121.55948595276895,25.078492655885395],[121.5684791564062,25.078492655885395],[121.5684791564062,25.06949945224815],[121.55948595276895,25.06949945224815]]]}},{"type":"Feature","properties":{"jobs":38563,"pop":10189,"pointCount":16,"homeWorkCommuteMedian":6226,"workHomeCommuteMedian":11464},"geometry":{"type":"Polygon","coordinates":[[[121.55948595276895,25.078492655885395],[121.55948595276895,25.08748585952264],[121.5684791564062,25.08748585952264],[121.5684791564062,25.078492655885395],[121.55948595276895,25.078492655885395]]]}},{"type":"Feature","properties":{"jobs":171,"pop":3623,"pointCount":5,"homeWorkCommuteMedian":7462,"workHomeCommuteMedian":15248},"geometry":{"type":"Polygon","coordinates":[[[121.55948595276895,25.08748585952264],[121.55948595276895,25.096479063159887],[121.5684791564062,25.096479063159887],[121.5684791564062,25.08748585952264],[121.55948595276895,25.08748585952264]]]}},{"type":"Feature","properties":{"jobs":0,"pop":198,"pointCount":1,"homeWorkCommuteMedian":23162,"workHomeCommuteMedian":-1},"geometry":{"type":"Polygon","coordinates":[[[121.55948595276895,25.096479063159887],[121.55948595276895,25.105472266797133],[121.5684791564062,25.105472266797133],[121.5684791564062,25.096479063159887],[121.55948595276895,25.096479063159887]]]}},{"type":"Feature","properties":{"jobs":284,"pop":1274,"pointCount":6,"homeWorkCommuteMedian":11860,"workHomeCommuteMedian":6767},"geometry":{"type":"Polygon","coordinates":[[[121.55948595276895,25.105472266797133],[121.55948595276895,25.11446547043438],[121.5684791564062,25.11446547043438],[121.5684791564062,25.105472266797133],[121.55948595276895,25.105472266797133]]]}},{"type":"Feature","properties":{"jobs":0,"pop":486,"pointCount":4,"homeWorkCommuteMedian":16484,"workHomeCommuteMedian":-1},"geometry":{"type":"Polygon","coordinates":[[[121.55948595276895,25.11446547043438],[121.55948595276895,25.123458674071625],[121.5684791564062,25.123458674071625],[121.5684791564062,25.11446547043438],[121.55948595276895,25.11446547043438]]]}},{"type":"Feature","properties":{"jobs":25,"pop":417,"pointCount":3,"homeWorkCommuteMedian":8943,"workHomeCommuteMedian":20093},"geometry":{"type":"Polygon","coordinates":[[[121.55948595276895,25.123458674071625],[121.55948595276895,25.13245187770887],[121.5684791564062,25.13245187770887],[121.5684791564062,25.123458674071625],[121.55948595276895,25.123458674071625]]]}},{"type":"Feature","properties":{"jobs":96,"pop":175,"pointCount":4,"homeWorkCommuteMedian":13681,"workHomeCommuteMedian":14064},"geometry":{"type":"Polygon","coordinates":[[[121.55948595276895,25.13245187770887],[121.55948595276895,25.141445081346117],[121.5684791564062,25.141445081346117],[121.5684791564062,25.13245187770887],[121.55948595276895,25.13245187770887]]]}},{"type":"Feature","properties":{"jobs":224,"pop":50,"pointCount":4,"homeWorkCommuteMedian":13957,"workHomeCommuteMedian":11672},"geometry":{"type":"Polygon","coordinates":[[[121.55948595276895,25.141445081346117],[121.55948595276895,25.150438284983363],[121.5684791564062,25.150438284983363],[121.5684791564062,25.141445081346117],[121.55948595276895,25.141445081346117]]]}},{"type":"Feature","properties":{"jobs":31,"pop":148,"pointCount":2,"homeWorkCommuteMedian":11814,"workHomeCommuteMedian":12269},"geometry":{"type":"Polygon","coordinates":[[[121.55948595276895,25.150438284983363],[121.55948595276895,25.15943148862061],[121.5684791564062,25.15943148862061],[121.5684791564062,25.150438284983363],[121.55948595276895,25.150438284983363]]]}},{"type":"Feature","properties":{"jobs":0,"pop":65,"pointCount":1,"homeWorkCommuteMedian":16239,"workHomeCommuteMedian":-1},"geometry":{"type":"Polygon","coordinates":[[[121.55948595276895,25.15943148862061],[121.55948595276895,25.168424692257855],[121.5684791564062,25.168424692257855],[121.5684791564062,25.15943148862061],[121.55948595276895,25.15943148862061]]]}},{"type":"Feature","properties":{"jobs":36,"pop":30,"pointCount":2,"homeWorkCommuteMedian":22837,"workHomeCommuteMedian":9904},"geometry":{"type":"Polygon","coordinates":[[[121.55948595276895,25.1774178958951],[121.55948595276895,25.186411099532346],[121.5684791564062,25.186411099532346],[121.5684791564062,25.1774178958951],[121.55948595276895,25.1774178958951]]]}},{"type":"Feature","properties":{"jobs":48,"pop":92,"pointCount":2,"homeWorkCommuteMedian":58947,"workHomeCommuteMedian":30601},"geometry":{"type":"Polygon","coordinates":[[[121.55948595276895,25.240370321355822],[121.55948595276895,25.24936352499307],[121.5684791564062,25.24936352499307],[121.5684791564062,25.240370321355822],[121.55948595276895,25.240370321355822]]]}},{"type":"Feature","properties":{"jobs":0,"pop":51,"pointCount":1,"homeWorkCommuteMedian":49788,"workHomeCommuteMedian":-1},"geometry":{"type":"Polygon","coordinates":[[[121.55948595276895,25.258356728630314],[121.55948595276895,25.26734993226756],[121.5684791564062,25.26734993226756],[121.5684791564062,25.258356728630314],[121.55948595276895,25.258356728630314]]]}},{"type":"Feature","properties":{"jobs":0,"pop":66,"pointCount":1,"homeWorkCommuteMedian":50209,"workHomeCommuteMedian":-1},"geometry":{"type":"Polygon","coordinates":[[[121.55948595276895,25.26734993226756],[121.55948595276895,25.276343135904806],[121.5684791564062,25.276343135904806],[121.5684791564062,25.26734993226756],[121.55948595276895,25.26734993226756]]]}},{"type":"Feature","properties":{"jobs":0,"pop":163,"pointCount":2,"homeWorkCommuteMedian":46118,"workHomeCommuteMedian":-1},"geometry":{"type":"Polygon","coordinates":[[[121.55948595276895,25.276343135904806],[121.55948595276895,25.285336339542052],[121.5684791564062,25.285336339542052],[121.5684791564062,25.276343135904806],[121.55948595276895,25.276343135904806]]]}},{"type":"Feature","properties":{"jobs":575,"pop":938,"pointCount":7,"homeWorkCommuteMedian":43111,"workHomeCommuteMedian":5329},"geometry":{"type":"Polygon","coordinates":[[[121.55948595276895,25.285336339542052],[121.55948595276895,25.2943295431793],[121.5684791564062,25.2943295431793],[121.5684791564062,25.285336339542052],[121.55948595276895,25.285336339542052]]]}},{"type":"Feature","properties":{"jobs":0,"pop":273,"pointCount":1,"homeWorkCommuteMedian":26414,"workHomeCommuteMedian":-1},"geometry":{"type":"Polygon","coordinates":[[[121.5684791564062,24.880642175865983],[121.5684791564062,24.88963537950323],[121.57747236004344,24.88963537950323],[121.57747236004344,24.880642175865983],[121.5684791564062,24.880642175865983]]]}},{"type":"Feature","properties":{"jobs":251,"pop":0,"pointCount":2,"homeWorkCommuteMedian":-1,"workHomeCommuteMedian":30735},"geometry":{"type":"Polygon","coordinates":[[[121.5684791564062,24.943594601326705],[121.5684791564062,24.95258780496395],[121.57747236004344,24.95258780496395],[121.57747236004344,24.943594601326705],[121.5684791564062,24.943594601326705]]]}},{"type":"Feature","properties":{"jobs":44,"pop":100,"pointCount":2,"homeWorkCommuteMedian":17148,"workHomeCommuteMedian":7157},"geometry":{"type":"Polygon","coordinates":[[[121.5684791564062,24.95258780496395],[121.5684791564062,24.961581008601197],[121.57747236004344,24.961581008601197],[121.57747236004344,24.95258780496395],[121.5684791564062,24.95258780496395]]]}},{"type":"Feature","properties":{"jobs":0,"pop":43,"pointCount":1,"homeWorkCommuteMedian":6755,"workHomeCommuteMedian":-1},"geometry":{"type":"Polygon","coordinates":[[[121.5684791564062,24.961581008601197],[121.5684791564062,24.970574212238443],[121.57747236004344,24.970574212238443],[121.57747236004344,24.961581008601197],[121.5684791564062,24.961581008601197]]]}},{"type":"Feature","properties":{"jobs":136,"pop":67,"pointCount":3,"homeWorkCommuteMedian":14887,"workHomeCommuteMedian":3164},"geometry":{"type":"Polygon","coordinates":[[[121.5684791564062,24.970574212238443],[121.5684791564062,24.97956741587569],[121.57747236004344,24.97956741587569],[121.57747236004344,24.970574212238443],[121.5684791564062,24.970574212238443]]]}},{"type":"Feature","properties":{"jobs":14294,"pop":4810,"pointCount":11,"homeWorkCommuteMedian":6736,"workHomeCommuteMedian":9147},"geometry":{"type":"Polygon","coordinates":[[[121.5684791564062,24.97956741587569],[121.5684791564062,24.988560619512935],[121.57747236004344,24.988560619512935],[121.57747236004344,24.97956741587569],[121.5684791564062,24.97956741587569]]]}},{"type":"Feature","properties":{"jobs":1697,"pop":4917,"pointCount":11,"homeWorkCommuteMedian":6768,"workHomeCommuteMedian":3492},"geometry":{"type":"Polygon","coordinates":[[[121.5684791564062,24.988560619512935],[121.5684791564062,24.99755382315018],[121.57747236004344,24.99755382315018],[121.57747236004344,24.988560619512935],[121.5684791564062,24.988560619512935]]]}},{"type":"Feature","properties":{"jobs":1040,"pop":5916,"pointCount":11,"homeWorkCommuteMedian":7768,"workHomeCommuteMedian":4763},"geometry":{"type":"Polygon","coordinates":[[[121.5684791564062,24.99755382315018],[121.5684791564062,25.006547026787427],[121.57747236004344,25.006547026787427],[121.57747236004344,24.99755382315018],[121.5684791564062,24.99755382315018]]]}},{"type":"Feature","properties":{"jobs":117,"pop":212,"pointCount":2,"homeWorkCommuteMedian":17096,"workHomeCommuteMedian":3874},"geometry":{"type":"Polygon","coordinates":[[[121.5684791564062,25.006547026787427],[121.5684791564062,25.015540230424673],[121.57747236004344,25.015540230424673],[121.57747236004344,25.006547026787427],[121.5684791564062,25.006547026787427]]]}},{"type":"Feature","properties":{"jobs":1185,"pop":8274,"pointCount":11,"homeWorkCommuteMedian":4794,"workHomeCommuteMedian":14888},"geometry":{"type":"Polygon","coordinates":[[[121.5684791564062,25.015540230424673],[121.5684791564062,25.02453343406192],[121.57747236004344,25.02453343406192],[121.57747236004344,25.015540230424673],[121.5684791564062,25.015540230424673]]]}},{"type":"Feature","properties":{"jobs":11962,"pop":8305,"pointCount":10,"homeWorkCommuteMedian":3501,"workHomeCommuteMedian":8913},"geometry":{"type":"Polygon","coordinates":[[[121.5684791564062,25.02453343406192],[121.5684791564062,25.033526637699165],[121.57747236004344,25.033526637699165],[121.57747236004344,25.02453343406192],[121.5684791564062,25.02453343406192]]]}},{"type":"Feature","properties":{"jobs":28386,"pop":14490,"pointCount":13,"homeWorkCommuteMedian":3905,"workHomeCommuteMedian":8394},"geometry":{"type":"Polygon","coordinates":[[[121.5684791564062,25.033526637699165],[121.5684791564062,25.04251984133641],[121.57747236004344,25.04251984133641],[121.57747236004344,25.033526637699165],[121.5684791564062,25.033526637699165]]]}},{"type":"Feature","properties":{"jobs":18744,"pop":22402,"pointCount":20,"homeWorkCommuteMedian":3531,"workHomeCommuteMedian":9434},"geometry":{"type":"Polygon","coordinates":[[[121.5684791564062,25.04251984133641],[121.5684791564062,25.051513044973657],[121.57747236004344,25.051513044973657],[121.57747236004344,25.04251984133641],[121.5684791564062,25.04251984133641]]]}},{"type":"Feature","properties":{"jobs":10005,"pop":4239,"pointCount":9,"homeWorkCommuteMedian":3704,"workHomeCommuteMedian":6881},"geometry":{"type":"Polygon","coordinates":[[[121.5684791564062,25.051513044973657],[121.5684791564062,25.060506248610903],[121.57747236004344,25.060506248610903],[121.57747236004344,25.051513044973657],[121.5684791564062,25.051513044973657]]]}},{"type":"Feature","properties":{"jobs":11138,"pop":0,"pointCount":4,"homeWorkCommuteMedian":-1,"workHomeCommuteMedian":10882},"geometry":{"type":"Polygon","coordinates":[[[121.5684791564062,25.060506248610903],[121.5684791564062,25.06949945224815],[121.57747236004344,25.06949945224815],[121.57747236004344,25.060506248610903],[121.5684791564062,25.060506248610903]]]}},{"type":"Feature","properties":{"jobs":26984,"pop":2591,"pointCount":7,"homeWorkCommuteMedian":2566,"workHomeCommuteMedian":8472},"geometry":{"type":"Polygon","coordinates":[[[121.5684791564062,25.06949945224815],[121.5684791564062,25.078492655885395],[121.57747236004344,25.078492655885395],[121.57747236004344,25.06949945224815],[121.5684791564062,25.06949945224815]]]}},{"type":"Feature","properties":{"jobs":27875,"pop":12006,"pointCount":17,"homeWorkCommuteMedian":5552,"workHomeCommuteMedian":7585},"geometry":{"type":"Polygon","coordinates":[[[121.5684791564062,25.078492655885395],[121.5684791564062,25.08748585952264],[121.57747236004344,25.08748585952264],[121.57747236004344,25.078492655885395],[121.5684791564062,25.078492655885395]]]}},{"type":"Feature","properties":{"jobs":0,"pop":301,"pointCount":1,"homeWorkCommuteMedian":50500,"workHomeCommuteMedian":-1},"geometry":{"type":"Polygon","coordinates":[[[121.5684791564062,25.08748585952264],[121.5684791564062,25.096479063159887],[121.57747236004344,25.096479063159887],[121.57747236004344,25.08748585952264],[121.5684791564062,25.08748585952264]]]}},{"type":"Feature","properties":{"jobs":0,"pop":346,"pointCount":2,"homeWorkCommuteMedian":10758,"workHomeCommuteMedian":-1},"geometry":{"type":"Polygon","coordinates":[[[121.5684791564062,25.105472266797133],[121.5684791564062,25.11446547043438],[121.57747236004344,25.11446547043438],[121.57747236004344,25.105472266797133],[121.5684791564062,25.105472266797133]]]}},{"type":"Feature","properties":{"jobs":67,"pop":281,"pointCount":4,"homeWorkCommuteMedian":10440,"workHomeCommuteMedian":11544},"geometry":{"type":"Polygon","coordinates":[[[121.5684791564062,25.11446547043438],[121.5684791564062,25.123458674071625],[121.57747236004344,25.123458674071625],[121.57747236004344,25.11446547043438],[121.5684791564062,25.11446547043438]]]}},{"type":"Feature","properties":{"jobs":116,"pop":624,"pointCount":4,"homeWorkCommuteMedian":19756,"workHomeCommuteMedian":10794},"geometry":{"type":"Polygon","coordinates":[[[121.5684791564062,25.123458674071625],[121.5684791564062,25.13245187770887],[121.57747236004344,25.13245187770887],[121.57747236004344,25.123458674071625],[121.5684791564062,25.123458674071625]]]}},{"type":"Feature","properties":{"jobs":89,"pop":40,"pointCount":1,"homeWorkCommuteMedian":14463,"workHomeCommuteMedian":13614},"geometry":{"type":"Polygon","coordinates":[[[121.5684791564062,25.13245187770887],[121.5684791564062,25.141445081346117],[121.57747236004344,25.141445081346117],[121.57747236004344,25.13245187770887],[121.5684791564062,25.13245187770887]]]}},{"type":"Feature","properties":{"jobs":70,"pop":161,"pointCount":3,"homeWorkCommuteMedian":28886,"workHomeCommuteMedian":13758},"geometry":{"type":"Polygon","coordinates":[[[121.5684791564062,25.141445081346117],[121.5684791564062,25.150438284983363],[121.57747236004344,25.150438284983363],[121.57747236004344,25.141445081346117],[121.5684791564062,25.141445081346117]]]}},{"type":"Feature","properties":{"jobs":116,"pop":0,"pointCount":1,"homeWorkCommuteMedian":-1,"workHomeCommuteMedian":36959},"geometry":{"type":"Polygon","coordinates":[[[121.5684791564062,25.186411099532346],[121.5684791564062,25.195404303169592],[121.57747236004344,25.195404303169592],[121.57747236004344,25.186411099532346],[121.5684791564062,25.186411099532346]]]}},{"type":"Feature","properties":{"jobs":0,"pop":132,"pointCount":1,"homeWorkCommuteMedian":51492,"workHomeCommuteMedian":-1},"geometry":{"type":"Polygon","coordinates":[[[121.5684791564062,25.258356728630314],[121.5684791564062,25.26734993226756],[121.57747236004344,25.26734993226756],[121.57747236004344,25.258356728630314],[121.5684791564062,25.258356728630314]]]}},{"type":"Feature","properties":{"jobs":0,"pop":105,"pointCount":1,"homeWorkCommuteMedian":50417,"workHomeCommuteMedian":-1},"geometry":{"type":"Polygon","coordinates":[[[121.5684791564062,25.26734993226756],[121.5684791564062,25.276343135904806],[121.57747236004344,25.276343135904806],[121.57747236004344,25.26734993226756],[121.5684791564062,25.26734993226756]]]}},{"type":"Feature","properties":{"jobs":110,"pop":331,"pointCount":2,"homeWorkCommuteMedian":40837,"workHomeCommuteMedian":57538},"geometry":{"type":"Polygon","coordinates":[[[121.5684791564062,25.276343135904806],[121.5684791564062,25.285336339542052],[121.57747236004344,25.285336339542052],[121.57747236004344,25.276343135904806],[121.5684791564062,25.276343135904806]]]}},{"type":"Feature","properties":{"jobs":25,"pop":0,"pointCount":1,"homeWorkCommuteMedian":-1,"workHomeCommuteMedian":20486},"geometry":{"type":"Polygon","coordinates":[[[121.57747236004344,24.90762178677772],[121.57747236004344,24.916614990414967],[121.58646556368069,24.916614990414967],[121.58646556368069,24.90762178677772],[121.57747236004344,24.90762178677772]]]}},{"type":"Feature","properties":{"jobs":0,"pop":42,"pointCount":1,"homeWorkCommuteMedian":13168,"workHomeCommuteMedian":-1},"geometry":{"type":"Polygon","coordinates":[[[121.57747236004344,24.925608194052213],[121.57747236004344,24.93460139768946],[121.58646556368069,24.93460139768946],[121.58646556368069,24.925608194052213],[121.57747236004344,24.925608194052213]]]}},{"type":"Feature","properties":{"jobs":0,"pop":134,"pointCount":1,"homeWorkCommuteMedian":13354,"workHomeCommuteMedian":-1},"geometry":{"type":"Polygon","coordinates":[[[121.57747236004344,24.93460139768946],[121.57747236004344,24.943594601326705],[121.58646556368069,24.943594601326705],[121.58646556368069,24.93460139768946],[121.57747236004344,24.93460139768946]]]}},{"type":"Feature","properties":{"jobs":65,"pop":0,"pointCount":2,"homeWorkCommuteMedian":-1,"workHomeCommuteMedian":19597},"geometry":{"type":"Polygon","coordinates":[[[121.57747236004344,24.943594601326705],[121.57747236004344,24.95258780496395],[121.58646556368069,24.95258780496395],[121.58646556368069,24.943594601326705],[121.57747236004344,24.943594601326705]]]}},{"type":"Feature","properties":{"jobs":38,"pop":0,"pointCount":1,"homeWorkCommuteMedian":-1,"workHomeCommuteMedian":5928},"geometry":{"type":"Polygon","coordinates":[[[121.57747236004344,24.95258780496395],[121.57747236004344,24.961581008601197],[121.58646556368069,24.961581008601197],[121.58646556368069,24.95258780496395],[121.57747236004344,24.95258780496395]]]}},{"type":"Feature","properties":{"jobs":119,"pop":45,"pointCount":4,"homeWorkCommuteMedian":19877,"workHomeCommuteMedian":8161},"geometry":{"type":"Polygon","coordinates":[[[121.57747236004344,24.961581008601197],[121.57747236004344,24.970574212238443],[121.58646556368069,24.970574212238443],[121.58646556368069,24.961581008601197],[121.57747236004344,24.961581008601197]]]}},{"type":"Feature","properties":{"jobs":55,"pop":127,"pointCount":2,"homeWorkCommuteMedian":5765,"workHomeCommuteMedian":8078},"geometry":{"type":"Polygon","coordinates":[[[121.57747236004344,24.970574212238443],[121.57747236004344,24.97956741587569],[121.58646556368069,24.97956741587569],[121.58646556368069,24.970574212238443],[121.57747236004344,24.970574212238443]]]}},{"type":"Feature","properties":{"jobs":1740,"pop":4081,"pointCount":14,"homeWorkCommuteMedian":8658,"workHomeCommuteMedian":4100},"geometry":{"type":"Polygon","coordinates":[[[121.57747236004344,24.97956741587569],[121.57747236004344,24.988560619512935],[121.58646556368069,24.988560619512935],[121.58646556368069,24.97956741587569],[121.57747236004344,24.97956741587569]]]}},{"type":"Feature","properties":{"jobs":836,"pop":780,"pointCount":3,"homeWorkCommuteMedian":18608,"workHomeCommuteMedian":4499},"geometry":{"type":"Polygon","coordinates":[[[121.57747236004344,24.988560619512935],[121.57747236004344,24.99755382315018],[121.58646556368069,24.99755382315018],[121.58646556368069,24.988560619512935],[121.57747236004344,24.988560619512935]]]}},{"type":"Feature","properties":{"jobs":53,"pop":242,"pointCount":3,"homeWorkCommuteMedian":11590,"workHomeCommuteMedian":4803},"geometry":{"type":"Polygon","coordinates":[[[121.57747236004344,24.99755382315018],[121.57747236004344,25.006547026787427],[121.58646556368069,25.006547026787427],[121.58646556368069,24.99755382315018],[121.57747236004344,24.99755382315018]]]}},{"type":"Feature","properties":{"jobs":0,"pop":72,"pointCount":1,"homeWorkCommuteMedian":2747,"workHomeCommuteMedian":-1},"geometry":{"type":"Polygon","coordinates":[[[121.57747236004344,25.015540230424673],[121.57747236004344,25.02453343406192],[121.58646556368069,25.02453343406192],[121.58646556368069,25.015540230424673],[121.57747236004344,25.015540230424673]]]}},{"type":"Feature","properties":{"jobs":88,"pop":894,"pointCount":2,"homeWorkCommuteMedian":2627,"workHomeCommuteMedian":8733},"geometry":{"type":"Polygon","coordinates":[[[121.57747236004344,25.02453343406192],[121.57747236004344,25.033526637699165],[121.58646556368069,25.033526637699165],[121.58646556368069,25.02453343406192],[121.57747236004344,25.02453343406192]]]}},{"type":"Feature","properties":{"jobs":12203,"pop":21658,"pointCount":16,"homeWorkCommuteMedian":4376,"workHomeCommuteMedian":10280},"geometry":{"type":"Polygon","coordinates":[[[121.57747236004344,25.033526637699165],[121.57747236004344,25.04251984133641],[121.58646556368069,25.04251984133641],[121.58646556368069,25.033526637699165],[121.57747236004344,25.033526637699165]]]}},{"type":"Feature","properties":{"jobs":19524,"pop":15993,"pointCount":13,"homeWorkCommuteMedian":4609,"workHomeCommuteMedian":9721},"geometry":{"type":"Polygon","coordinates":[[[121.57747236004344,25.04251984133641],[121.57747236004344,25.051513044973657],[121.58646556368069,25.051513044973657],[121.58646556368069,25.04251984133641],[121.57747236004344,25.04251984133641]]]}},{"type":"Feature","properties":{"jobs":9958,"pop":8645,"pointCount":14,"homeWorkCommuteMedian":4050,"workHomeCommuteMedian":9383},"geometry":{"type":"Polygon","coordinates":[[[121.57747236004344,25.051513044973657],[121.57747236004344,25.060506248610903],[121.58646556368069,25.060506248610903],[121.58646556368069,25.051513044973657],[121.57747236004344,25.051513044973657]]]}},{"type":"Feature","properties":{"jobs":26693,"pop":2704,"pointCount":11,"homeWorkCommuteMedian":4648,"workHomeCommuteMedian":6946},"geometry":{"type":"Polygon","coordinates":[[[121.57747236004344,25.060506248610903],[121.57747236004344,25.06949945224815],[121.58646556368069,25.06949945224815],[121.58646556368069,25.060506248610903],[121.57747236004344,25.060506248610903]]]}},{"type":"Feature","properties":{"jobs":10874,"pop":12197,"pointCount":16,"homeWorkCommuteMedian":3812,"workHomeCommuteMedian":8312},"geometry":{"type":"Polygon","coordinates":[[[121.57747236004344,25.06949945224815],[121.57747236004344,25.078492655885395],[121.58646556368069,25.078492655885395],[121.58646556368069,25.06949945224815],[121.57747236004344,25.06949945224815]]]}},{"type":"Feature","properties":{"jobs":3735,"pop":9608,"pointCount":10,"homeWorkCommuteMedian":5245,"workHomeCommuteMedian":8395},"geometry":{"type":"Polygon","coordinates":[[[121.57747236004344,25.078492655885395],[121.57747236004344,25.08748585952264],[121.58646556368069,25.08748585952264],[121.58646556368069,25.078492655885395],[121.57747236004344,25.078492655885395]]]}},{"type":"Feature","properties":{"jobs":95,"pop":2277,"pointCount":5,"homeWorkCommuteMedian":5472,"workHomeCommuteMedian":12377},"geometry":{"type":"Polygon","coordinates":[[[121.57747236004344,25.08748585952264],[121.57747236004344,25.096479063159887],[121.58646556368069,25.096479063159887],[121.58646556368069,25.08748585952264],[121.57747236004344,25.08748585952264]]]}},{"type":"Feature","properties":{"jobs":58,"pop":0,"pointCount":1,"homeWorkCommuteMedian":-1,"workHomeCommuteMedian":12369},"geometry":{"type":"Polygon","coordinates":[[[121.57747236004344,25.096479063159887],[121.57747236004344,25.105472266797133],[121.58646556368069,25.105472266797133],[121.58646556368069,25.096479063159887],[121.57747236004344,25.096479063159887]]]}},{"type":"Feature","properties":{"jobs":114,"pop":160,"pointCount":3,"homeWorkCommuteMedian":11335,"workHomeCommuteMedian":9710},"geometry":{"type":"Polygon","coordinates":[[[121.57747236004344,25.11446547043438],[121.57747236004344,25.123458674071625],[121.58646556368069,25.123458674071625],[121.58646556368069,25.11446547043438],[121.57747236004344,25.11446547043438]]]}},{"type":"Feature","properties":{"jobs":0,"pop":83,"pointCount":1,"homeWorkCommuteMedian":12703,"workHomeCommuteMedian":-1},"geometry":{"type":"Polygon","coordinates":[[[121.57747236004344,25.13245187770887],[121.57747236004344,25.141445081346117],[121.58646556368069,25.141445081346117],[121.58646556368069,25.13245187770887],[121.57747236004344,25.13245187770887]]]}},{"type":"Feature","properties":{"jobs":29,"pop":0,"pointCount":1,"homeWorkCommuteMedian":-1,"workHomeCommuteMedian":10881},"geometry":{"type":"Polygon","coordinates":[[[121.57747236004344,25.231377117718576],[121.57747236004344,25.240370321355822],[121.58646556368069,25.240370321355822],[121.58646556368069,25.231377117718576],[121.57747236004344,25.231377117718576]]]}},{"type":"Feature","properties":{"jobs":0,"pop":41,"pointCount":1,"homeWorkCommuteMedian":30771,"workHomeCommuteMedian":-1},"geometry":{"type":"Polygon","coordinates":[[[121.57747236004344,25.258356728630314],[121.57747236004344,25.26734993226756],[121.58646556368069,25.26734993226756],[121.58646556368069,25.258356728630314],[121.57747236004344,25.258356728630314]]]}},{"type":"Feature","properties":{"jobs":140,"pop":0,"pointCount":1,"homeWorkCommuteMedian":-1,"workHomeCommuteMedian":8108},"geometry":{"type":"Polygon","coordinates":[[[121.57747236004344,25.276343135904806],[121.57747236004344,25.285336339542052],[121.58646556368069,25.285336339542052],[121.58646556368069,25.276343135904806],[121.57747236004344,25.276343135904806]]]}},{"type":"Feature","properties":{"jobs":29,"pop":0,"pointCount":1,"homeWorkCommuteMedian":-1,"workHomeCommuteMedian":9462},"geometry":{"type":"Polygon","coordinates":[[[121.57747236004344,25.285336339542052],[121.57747236004344,25.2943295431793],[121.58646556368069,25.2943295431793],[121.58646556368069,25.285336339542052],[121.57747236004344,25.285336339542052]]]}},{"type":"Feature","properties":{"jobs":237,"pop":106,"pointCount":2,"homeWorkCommuteMedian":25336,"workHomeCommuteMedian":34990},"geometry":{"type":"Polygon","coordinates":[[[121.58646556368069,24.943594601326705],[121.58646556368069,24.95258780496395],[121.59545876731794,24.95258780496395],[121.59545876731794,24.943594601326705],[121.58646556368069,24.943594601326705]]]}},{"type":"Feature","properties":{"jobs":64,"pop":83,"pointCount":2,"homeWorkCommuteMedian":10451,"workHomeCommuteMedian":31179},"geometry":{"type":"Polygon","coordinates":[[[121.58646556368069,24.95258780496395],[121.58646556368069,24.961581008601197],[121.59545876731794,24.961581008601197],[121.59545876731794,24.95258780496395],[121.58646556368069,24.95258780496395]]]}},{"type":"Feature","properties":{"jobs":304,"pop":129,"pointCount":5,"homeWorkCommuteMedian":9088,"workHomeCommuteMedian":9834},"geometry":{"type":"Polygon","coordinates":[[[121.58646556368069,24.961581008601197],[121.58646556368069,24.970574212238443],[121.59545876731794,24.970574212238443],[121.59545876731794,24.961581008601197],[121.58646556368069,24.961581008601197]]]}},{"type":"Feature","properties":{"jobs":0,"pop":70,"pointCount":1,"homeWorkCommuteMedian":4763,"workHomeCommuteMedian":-1},"geometry":{"type":"Polygon","coordinates":[[[121.58646556368069,24.970574212238443],[121.58646556368069,24.97956741587569],[121.59545876731794,24.97956741587569],[121.59545876731794,24.970574212238443],[121.58646556368069,24.970574212238443]]]}},{"type":"Feature","properties":{"jobs":57,"pop":1936,"pointCount":4,"homeWorkCommuteMedian":11731,"workHomeCommuteMedian":9328},"geometry":{"type":"Polygon","coordinates":[[[121.58646556368069,24.97956741587569],[121.58646556368069,24.988560619512935],[121.59545876731794,24.988560619512935],[121.59545876731794,24.97956741587569],[121.58646556368069,24.97956741587569]]]}},{"type":"Feature","properties":{"jobs":0,"pop":71,"pointCount":1,"homeWorkCommuteMedian":4335,"workHomeCommuteMedian":-1},"geometry":{"type":"Polygon","coordinates":[[[121.58646556368069,24.988560619512935],[121.58646556368069,24.99755382315018],[121.59545876731794,24.99755382315018],[121.59545876731794,24.988560619512935],[121.58646556368069,24.988560619512935]]]}},{"type":"Feature","properties":{"jobs":470,"pop":131,"pointCount":3,"homeWorkCommuteMedian":6384,"workHomeCommuteMedian":5541},"geometry":{"type":"Polygon","coordinates":[[[121.58646556368069,24.99755382315018],[121.58646556368069,25.006547026787427],[121.59545876731794,25.006547026787427],[121.59545876731794,24.99755382315018],[121.58646556368069,24.99755382315018]]]}},{"type":"Feature","properties":{"jobs":51,"pop":0,"pointCount":1,"homeWorkCommuteMedian":-1,"workHomeCommuteMedian":7373},"geometry":{"type":"Polygon","coordinates":[[[121.58646556368069,25.006547026787427],[121.58646556368069,25.015540230424673],[121.59545876731794,25.015540230424673],[121.59545876731794,25.006547026787427],[121.58646556368069,25.006547026787427]]]}},{"type":"Feature","properties":{"jobs":0,"pop":50,"pointCount":1,"homeWorkCommuteMedian":6804,"workHomeCommuteMedian":-1},"geometry":{"type":"Polygon","coordinates":[[[121.58646556368069,25.015540230424673],[121.58646556368069,25.02453343406192],[121.59545876731794,25.02453343406192],[121.59545876731794,25.015540230424673],[121.58646556368069,25.015540230424673]]]}},{"type":"Feature","properties":{"jobs":1456,"pop":7787,"pointCount":10,"homeWorkCommuteMedian":5050,"workHomeCommuteMedian":11009},"geometry":{"type":"Polygon","coordinates":[[[121.58646556368069,25.033526637699165],[121.58646556368069,25.04251984133641],[121.59545876731794,25.04251984133641],[121.59545876731794,25.033526637699165],[121.58646556368069,25.033526637699165]]]}},{"type":"Feature","properties":{"jobs":3148,"pop":7299,"pointCount":10,"homeWorkCommuteMedian":4823,"workHomeCommuteMedian":6392},"geometry":{"type":"Polygon","coordinates":[[[121.58646556368069,25.04251984133641],[121.58646556368069,25.051513044973657],[121.59545876731794,25.051513044973657],[121.59545876731794,25.04251984133641],[121.58646556368069,25.04251984133641]]]}},{"type":"Feature","properties":{"jobs":14430,"pop":6237,"pointCount":13,"homeWorkCommuteMedian":4309,"workHomeCommuteMedian":9850},"geometry":{"type":"Polygon","coordinates":[[[121.58646556368069,25.051513044973657],[121.58646556368069,25.060506248610903],[121.59545876731794,25.060506248610903],[121.59545876731794,25.051513044973657],[121.58646556368069,25.051513044973657]]]}},{"type":"Feature","properties":{"jobs":13029,"pop":7080,"pointCount":12,"homeWorkCommuteMedian":3339,"workHomeCommuteMedian":6161},"geometry":{"type":"Polygon","coordinates":[[[121.58646556368069,25.060506248610903],[121.58646556368069,25.06949945224815],[121.59545876731794,25.06949945224815],[121.59545876731794,25.060506248610903],[121.58646556368069,25.060506248610903]]]}},{"type":"Feature","properties":{"jobs":13587,"pop":6899,"pointCount":9,"homeWorkCommuteMedian":4993,"workHomeCommuteMedian":8677},"geometry":{"type":"Polygon","coordinates":[[[121.58646556368069,25.06949945224815],[121.58646556368069,25.078492655885395],[121.59545876731794,25.078492655885395],[121.59545876731794,25.06949945224815],[121.58646556368069,25.06949945224815]]]}},{"type":"Feature","properties":{"jobs":9029,"pop":15656,"pointCount":14,"homeWorkCommuteMedian":4045,"workHomeCommuteMedian":7653},"geometry":{"type":"Polygon","coordinates":[[[121.58646556368069,25.078492655885395],[121.58646556368069,25.08748585952264],[121.59545876731794,25.08748585952264],[121.59545876731794,25.078492655885395],[121.58646556368069,25.078492655885395]]]}},{"type":"Feature","properties":{"jobs":383,"pop":3368,"pointCount":6,"homeWorkCommuteMedian":6653,"workHomeCommuteMedian":17951},"geometry":{"type":"Polygon","coordinates":[[[121.58646556368069,25.08748585952264],[121.58646556368069,25.096479063159887],[121.59545876731794,25.096479063159887],[121.59545876731794,25.08748585952264],[121.58646556368069,25.08748585952264]]]}},{"type":"Feature","properties":{"jobs":100,"pop":189,"pointCount":4,"homeWorkCommuteMedian":6183,"workHomeCommuteMedian":10272},"geometry":{"type":"Polygon","coordinates":[[[121.58646556368069,25.096479063159887],[121.58646556368069,25.105472266797133],[121.59545876731794,25.105472266797133],[121.59545876731794,25.096479063159887],[121.58646556368069,25.096479063159887]]]}},{"type":"Feature","properties":{"jobs":0,"pop":61,"pointCount":1,"homeWorkCommuteMedian":6668,"workHomeCommuteMedian":-1},"geometry":{"type":"Polygon","coordinates":[[[121.58646556368069,25.105472266797133],[121.58646556368069,25.11446547043438],[121.59545876731794,25.11446547043438],[121.59545876731794,25.105472266797133],[121.58646556368069,25.105472266797133]]]}},{"type":"Feature","properties":{"jobs":69,"pop":105,"pointCount":2,"homeWorkCommuteMedian":35034,"workHomeCommuteMedian":12899},"geometry":{"type":"Polygon","coordinates":[[[121.58646556368069,25.11446547043438],[121.58646556368069,25.123458674071625],[121.59545876731794,25.123458674071625],[121.59545876731794,25.11446547043438],[121.58646556368069,25.11446547043438]]]}},{"type":"Feature","properties":{"jobs":0,"pop":309,"pointCount":1,"homeWorkCommuteMedian":23898,"workHomeCommuteMedian":-1},"geometry":{"type":"Polygon","coordinates":[[[121.58646556368069,25.123458674071625],[121.58646556368069,25.13245187770887],[121.59545876731794,25.13245187770887],[121.59545876731794,25.123458674071625],[121.58646556368069,25.123458674071625]]]}},{"type":"Feature","properties":{"jobs":28,"pop":144,"pointCount":3,"homeWorkCommuteMedian":10328,"workHomeCommuteMedian":12851},"geometry":{"type":"Polygon","coordinates":[[[121.58646556368069,25.13245187770887],[121.58646556368069,25.141445081346117],[121.59545876731794,25.141445081346117],[121.59545876731794,25.13245187770887],[121.58646556368069,25.13245187770887]]]}},{"type":"Feature","properties":{"jobs":48,"pop":140,"pointCount":1,"homeWorkCommuteMedian":30404,"workHomeCommuteMedian":2800},"geometry":{"type":"Polygon","coordinates":[[[121.58646556368069,25.186411099532346],[121.58646556368069,25.195404303169592],[121.59545876731794,25.195404303169592],[121.59545876731794,25.186411099532346],[121.58646556368069,25.186411099532346]]]}},{"type":"Feature","properties":{"jobs":445,"pop":0,"pointCount":2,"homeWorkCommuteMedian":-1,"workHomeCommuteMedian":31434},"geometry":{"type":"Polygon","coordinates":[[[121.58646556368069,25.195404303169592],[121.58646556368069,25.20439750680684],[121.59545876731794,25.20439750680684],[121.59545876731794,25.195404303169592],[121.58646556368069,25.195404303169592]]]}},{"type":"Feature","properties":{"jobs":29,"pop":71,"pointCount":2,"homeWorkCommuteMedian":35257,"workHomeCommuteMedian":6486},"geometry":{"type":"Polygon","coordinates":[[[121.58646556368069,25.20439750680684],[121.58646556368069,25.213390710444084],[121.59545876731794,25.213390710444084],[121.59545876731794,25.20439750680684],[121.58646556368069,25.20439750680684]]]}},{"type":"Feature","properties":{"jobs":23,"pop":181,"pointCount":2,"homeWorkCommuteMedian":39174,"workHomeCommuteMedian":7224},"geometry":{"type":"Polygon","coordinates":[[[121.58646556368069,25.231377117718576],[121.58646556368069,25.240370321355822],[121.59545876731794,25.240370321355822],[121.59545876731794,25.231377117718576],[121.58646556368069,25.231377117718576]]]}},{"type":"Feature","properties":{"jobs":0,"pop":46,"pointCount":1,"homeWorkCommuteMedian":49926,"workHomeCommuteMedian":-1},"geometry":{"type":"Polygon","coordinates":[[[121.58646556368069,25.240370321355822],[121.58646556368069,25.24936352499307],[121.59545876731794,25.24936352499307],[121.59545876731794,25.240370321355822],[121.58646556368069,25.240370321355822]]]}},{"type":"Feature","properties":{"jobs":0,"pop":363,"pointCount":1,"homeWorkCommuteMedian":47540,"workHomeCommuteMedian":-1},"geometry":{"type":"Polygon","coordinates":[[[121.58646556368069,25.24936352499307],[121.58646556368069,25.258356728630314],[121.59545876731794,25.258356728630314],[121.59545876731794,25.24936352499307],[121.58646556368069,25.24936352499307]]]}},{"type":"Feature","properties":{"jobs":28,"pop":0,"pointCount":1,"homeWorkCommuteMedian":-1,"workHomeCommuteMedian":35993},"geometry":{"type":"Polygon","coordinates":[[[121.58646556368069,25.258356728630314],[121.58646556368069,25.26734993226756],[121.59545876731794,25.26734993226756],[121.59545876731794,25.258356728630314],[121.58646556368069,25.258356728630314]]]}},{"type":"Feature","properties":{"jobs":139,"pop":200,"pointCount":4,"homeWorkCommuteMedian":45926,"workHomeCommuteMedian":37712},"geometry":{"type":"Polygon","coordinates":[[[121.58646556368069,25.26734993226756],[121.58646556368069,25.276343135904806],[121.59545876731794,25.276343135904806],[121.59545876731794,25.26734993226756],[121.58646556368069,25.26734993226756]]]}},{"type":"Feature","properties":{"jobs":544,"pop":0,"pointCount":2,"homeWorkCommuteMedian":-1,"workHomeCommuteMedian":11366},"geometry":{"type":"Polygon","coordinates":[[[121.58646556368069,25.285336339542052],[121.58646556368069,25.2943295431793],[121.59545876731794,25.2943295431793],[121.59545876731794,25.285336339542052],[121.58646556368069,25.285336339542052]]]}},{"type":"Feature","properties":{"jobs":35,"pop":0,"pointCount":1,"homeWorkCommuteMedian":-1,"workHomeCommuteMedian":27931},"geometry":{"type":"Polygon","coordinates":[[[121.59545876731794,24.93460139768946],[121.59545876731794,24.943594601326705],[121.60445197095518,24.943594601326705],[121.60445197095518,24.93460139768946],[121.59545876731794,24.93460139768946]]]}},{"type":"Feature","properties":{"jobs":0,"pop":78,"pointCount":1,"homeWorkCommuteMedian":21862,"workHomeCommuteMedian":-1},"geometry":{"type":"Polygon","coordinates":[[[121.59545876731794,24.95258780496395],[121.59545876731794,24.961581008601197],[121.60445197095518,24.961581008601197],[121.60445197095518,24.95258780496395],[121.59545876731794,24.95258780496395]]]}},{"type":"Feature","properties":{"jobs":116,"pop":0,"pointCount":2,"homeWorkCommuteMedian":-1,"workHomeCommuteMedian":10939},"geometry":{"type":"Polygon","coordinates":[[[121.59545876731794,24.961581008601197],[121.59545876731794,24.970574212238443],[121.60445197095518,24.970574212238443],[121.60445197095518,24.961581008601197],[121.59545876731794,24.961581008601197]]]}},{"type":"Feature","properties":{"jobs":0,"pop":120,"pointCount":1,"homeWorkCommuteMedian":19281,"workHomeCommuteMedian":-1},"geometry":{"type":"Polygon","coordinates":[[[121.59545876731794,24.970574212238443],[121.59545876731794,24.97956741587569],[121.60445197095518,24.97956741587569],[121.60445197095518,24.970574212238443],[121.59545876731794,24.970574212238443]]]}},{"type":"Feature","properties":{"jobs":0,"pop":55,"pointCount":1,"homeWorkCommuteMedian":8778,"workHomeCommuteMedian":-1},"geometry":{"type":"Polygon","coordinates":[[[121.59545876731794,24.97956741587569],[121.59545876731794,24.988560619512935],[121.60445197095518,24.988560619512935],[121.60445197095518,24.97956741587569],[121.59545876731794,24.97956741587569]]]}},{"type":"Feature","properties":{"jobs":9543,"pop":2928,"pointCount":8,"homeWorkCommuteMedian":14295,"workHomeCommuteMedian":18081},"geometry":{"type":"Polygon","coordinates":[[[121.59545876731794,24.99755382315018],[121.59545876731794,25.006547026787427],[121.60445197095518,25.006547026787427],[121.60445197095518,24.99755382315018],[121.59545876731794,24.99755382315018]]]}},{"type":"Feature","properties":{"jobs":86,"pop":329,"pointCount":4,"homeWorkCommuteMedian":13114,"workHomeCommuteMedian":11301},"geometry":{"type":"Polygon","coordinates":[[[121.59545876731794,25.006547026787427],[121.59545876731794,25.015540230424673],[121.60445197095518,25.015540230424673],[121.60445197095518,25.006547026787427],[121.59545876731794,25.006547026787427]]]}},{"type":"Feature","properties":{"jobs":0,"pop":67,"pointCount":1,"homeWorkCommuteMedian":5370,"workHomeCommuteMedian":-1},"geometry":{"type":"Polygon","coordinates":[[[121.59545876731794,25.015540230424673],[121.59545876731794,25.02453343406192],[121.60445197095518,25.02453343406192],[121.60445197095518,25.015540230424673],[121.59545876731794,25.015540230424673]]]}},{"type":"Feature","properties":{"jobs":0,"pop":95,"pointCount":1,"homeWorkCommuteMedian":4957,"workHomeCommuteMedian":-1},"geometry":{"type":"Polygon","coordinates":[[[121.59545876731794,25.02453343406192],[121.59545876731794,25.033526637699165],[121.60445197095518,25.033526637699165],[121.60445197095518,25.02453343406192],[121.59545876731794,25.02453343406192]]]}},{"type":"Feature","properties":{"jobs":1168,"pop":415,"pointCount":3,"homeWorkCommuteMedian":4963,"workHomeCommuteMedian":14314},"geometry":{"type":"Polygon","coordinates":[[[121.59545876731794,25.04251984133641],[121.59545876731794,25.051513044973657],[121.60445197095518,25.051513044973657],[121.60445197095518,25.04251984133641],[121.59545876731794,25.04251984133641]]]}},{"type":"Feature","properties":{"jobs":7442,"pop":7072,"pointCount":13,"homeWorkCommuteMedian":4958,"workHomeCommuteMedian":6485},"geometry":{"type":"Polygon","coordinates":[[[121.59545876731794,25.051513044973657],[121.59545876731794,25.060506248610903],[121.60445197095518,25.060506248610903],[121.60445197095518,25.051513044973657],[121.59545876731794,25.051513044973657]]]}},{"type":"Feature","properties":{"jobs":10018,"pop":2587,"pointCount":7,"homeWorkCommuteMedian":4766,"workHomeCommuteMedian":8704},"geometry":{"type":"Polygon","coordinates":[[[121.59545876731794,25.060506248610903],[121.59545876731794,25.06949945224815],[121.60445197095518,25.06949945224815],[121.60445197095518,25.060506248610903],[121.59545876731794,25.060506248610903]]]}},{"type":"Feature","properties":{"jobs":1219,"pop":1630,"pointCount":3,"homeWorkCommuteMedian":5693,"workHomeCommuteMedian":3711},"geometry":{"type":"Polygon","coordinates":[[[121.59545876731794,25.06949945224815],[121.59545876731794,25.078492655885395],[121.60445197095518,25.078492655885395],[121.60445197095518,25.06949945224815],[121.59545876731794,25.06949945224815]]]}},{"type":"Feature","properties":{"jobs":3619,"pop":11392,"pointCount":13,"homeWorkCommuteMedian":4587,"workHomeCommuteMedian":16243},"geometry":{"type":"Polygon","coordinates":[[[121.59545876731794,25.078492655885395],[121.59545876731794,25.08748585952264],[121.60445197095518,25.08748585952264],[121.60445197095518,25.078492655885395],[121.59545876731794,25.078492655885395]]]}},{"type":"Feature","properties":{"jobs":273,"pop":2049,"pointCount":5,"homeWorkCommuteMedian":4704,"workHomeCommuteMedian":11952},"geometry":{"type":"Polygon","coordinates":[[[121.59545876731794,25.08748585952264],[121.59545876731794,25.096479063159887],[121.60445197095518,25.096479063159887],[121.60445197095518,25.08748585952264],[121.59545876731794,25.08748585952264]]]}},{"type":"Feature","properties":{"jobs":1249,"pop":84,"pointCount":3,"homeWorkCommuteMedian":12888,"workHomeCommuteMedian":27751},"geometry":{"type":"Polygon","coordinates":[[[121.59545876731794,25.105472266797133],[121.59545876731794,25.11446547043438],[121.60445197095518,25.11446547043438],[121.60445197095518,25.105472266797133],[121.59545876731794,25.105472266797133]]]}},{"type":"Feature","properties":{"jobs":54,"pop":71,"pointCount":3,"homeWorkCommuteMedian":46687,"workHomeCommuteMedian":8176},"geometry":{"type":"Polygon","coordinates":[[[121.59545876731794,25.195404303169592],[121.59545876731794,25.20439750680684],[121.60445197095518,25.20439750680684],[121.60445197095518,25.195404303169592],[121.59545876731794,25.195404303169592]]]}},{"type":"Feature","properties":{"jobs":155,"pop":152,"pointCount":4,"homeWorkCommuteMedian":35752,"workHomeCommuteMedian":33744},"geometry":{"type":"Polygon","coordinates":[[[121.59545876731794,25.20439750680684],[121.59545876731794,25.213390710444084],[121.60445197095518,25.213390710444084],[121.60445197095518,25.20439750680684],[121.59545876731794,25.20439750680684]]]}},{"type":"Feature","properties":{"jobs":39,"pop":212,"pointCount":2,"homeWorkCommuteMedian":37112,"workHomeCommuteMedian":5361},"geometry":{"type":"Polygon","coordinates":[[[121.59545876731794,25.213390710444084],[121.59545876731794,25.22238391408133],[121.60445197095518,25.22238391408133],[121.60445197095518,25.213390710444084],[121.59545876731794,25.213390710444084]]]}},{"type":"Feature","properties":{"jobs":0,"pop":52,"pointCount":1,"homeWorkCommuteMedian":27822,"workHomeCommuteMedian":-1},"geometry":{"type":"Polygon","coordinates":[[[121.59545876731794,25.231377117718576],[121.59545876731794,25.240370321355822],[121.60445197095518,25.240370321355822],[121.60445197095518,25.231377117718576],[121.59545876731794,25.231377117718576]]]}},{"type":"Feature","properties":{"jobs":0,"pop":79,"pointCount":1,"homeWorkCommuteMedian":31064,"workHomeCommuteMedian":-1},"geometry":{"type":"Polygon","coordinates":[[[121.59545876731794,25.24936352499307],[121.59545876731794,25.258356728630314],[121.60445197095518,25.258356728630314],[121.60445197095518,25.24936352499307],[121.59545876731794,25.24936352499307]]]}},{"type":"Feature","properties":{"jobs":0,"pop":57,"pointCount":1,"homeWorkCommuteMedian":48463,"workHomeCommuteMedian":-1},"geometry":{"type":"Polygon","coordinates":[[[121.59545876731794,25.276343135904806],[121.59545876731794,25.285336339542052],[121.60445197095518,25.285336339542052],[121.60445197095518,25.276343135904806],[121.59545876731794,25.276343135904806]]]}},{"type":"Feature","properties":{"jobs":51,"pop":0,"pointCount":1,"homeWorkCommuteMedian":-1,"workHomeCommuteMedian":62518},"geometry":{"type":"Polygon","coordinates":[[[121.60445197095518,24.95258780496395],[121.60445197095518,24.961581008601197],[121.61344517459243,24.961581008601197],[121.61344517459243,24.95258780496395],[121.60445197095518,24.95258780496395]]]}},{"type":"Feature","properties":{"jobs":0,"pop":50,"pointCount":1,"homeWorkCommuteMedian":11804,"workHomeCommuteMedian":-1},"geometry":{"type":"Polygon","coordinates":[[[121.60445197095518,24.970574212238443],[121.60445197095518,24.97956741587569],[121.61344517459243,24.97956741587569],[121.61344517459243,24.970574212238443],[121.60445197095518,24.970574212238443]]]}},{"type":"Feature","properties":{"jobs":0,"pop":113,"pointCount":1,"homeWorkCommuteMedian":17140,"workHomeCommuteMedian":-1},"geometry":{"type":"Polygon","coordinates":[[[121.60445197095518,24.97956741587569],[121.60445197095518,24.988560619512935],[121.61344517459243,24.988560619512935],[121.61344517459243,24.97956741587569],[121.60445197095518,24.97956741587569]]]}},{"type":"Feature","properties":{"jobs":51,"pop":92,"pointCount":2,"homeWorkCommuteMedian":40387,"workHomeCommuteMedian":42069},"geometry":{"type":"Polygon","coordinates":[[[121.60445197095518,24.988560619512935],[121.60445197095518,24.99755382315018],[121.61344517459243,24.99755382315018],[121.61344517459243,24.988560619512935],[121.60445197095518,24.988560619512935]]]}},{"type":"Feature","properties":{"jobs":1304,"pop":528,"pointCount":9,"homeWorkCommuteMedian":21634,"workHomeCommuteMedian":18140},"geometry":{"type":"Polygon","coordinates":[[[121.60445197095518,24.99755382315018],[121.60445197095518,25.006547026787427],[121.61344517459243,25.006547026787427],[121.61344517459243,24.99755382315018],[121.60445197095518,24.99755382315018]]]}},{"type":"Feature","properties":{"jobs":0,"pop":76,"pointCount":1,"homeWorkCommuteMedian":4079,"workHomeCommuteMedian":-1},"geometry":{"type":"Polygon","coordinates":[[[121.60445197095518,25.006547026787427],[121.60445197095518,25.015540230424673],[121.61344517459243,25.015540230424673],[121.61344517459243,25.006547026787427],[121.60445197095518,25.006547026787427]]]}},{"type":"Feature","properties":{"jobs":1477,"pop":0,"pointCount":4,"homeWorkCommuteMedian":-1,"workHomeCommuteMedian":10345},"geometry":{"type":"Polygon","coordinates":[[[121.60445197095518,25.02453343406192],[121.60445197095518,25.033526637699165],[121.61344517459243,25.033526637699165],[121.61344517459243,25.02453343406192],[121.60445197095518,25.02453343406192]]]}},{"type":"Feature","properties":{"jobs":1354,"pop":919,"pointCount":5,"homeWorkCommuteMedian":8253,"workHomeCommuteMedian":17844},"geometry":{"type":"Polygon","coordinates":[[[121.60445197095518,25.033526637699165],[121.60445197095518,25.04251984133641],[121.61344517459243,25.04251984133641],[121.61344517459243,25.033526637699165],[121.60445197095518,25.033526637699165]]]}},{"type":"Feature","properties":{"jobs":3986,"pop":0,"pointCount":3,"homeWorkCommuteMedian":-1,"workHomeCommuteMedian":13483},"geometry":{"type":"Polygon","coordinates":[[[121.60445197095518,25.04251984133641],[121.60445197095518,25.051513044973657],[121.61344517459243,25.051513044973657],[121.61344517459243,25.04251984133641],[121.60445197095518,25.04251984133641]]]}},{"type":"Feature","properties":{"jobs":20837,"pop":8682,"pointCount":13,"homeWorkCommuteMedian":4431,"workHomeCommuteMedian":10878},"geometry":{"type":"Polygon","coordinates":[[[121.60445197095518,25.051513044973657],[121.60445197095518,25.060506248610903],[121.61344517459243,25.060506248610903],[121.61344517459243,25.051513044973657],[121.60445197095518,25.051513044973657]]]}},{"type":"Feature","properties":{"jobs":3343,"pop":5252,"pointCount":8,"homeWorkCommuteMedian":5770,"workHomeCommuteMedian":7881},"geometry":{"type":"Polygon","coordinates":[[[121.60445197095518,25.060506248610903],[121.60445197095518,25.06949945224815],[121.61344517459243,25.06949945224815],[121.61344517459243,25.060506248610903],[121.60445197095518,25.060506248610903]]]}},{"type":"Feature","properties":{"jobs":13193,"pop":18726,"pointCount":17,"homeWorkCommuteMedian":5764,"workHomeCommuteMedian":12162},"geometry":{"type":"Polygon","coordinates":[[[121.60445197095518,25.06949945224815],[121.60445197095518,25.078492655885395],[121.61344517459243,25.078492655885395],[121.61344517459243,25.06949945224815],[121.60445197095518,25.06949945224815]]]}},{"type":"Feature","properties":{"jobs":60,"pop":0,"pointCount":1,"homeWorkCommuteMedian":-1,"workHomeCommuteMedian":2549},"geometry":{"type":"Polygon","coordinates":[[[121.60445197095518,25.078492655885395],[121.60445197095518,25.08748585952264],[121.61344517459243,25.08748585952264],[121.61344517459243,25.078492655885395],[121.60445197095518,25.078492655885395]]]}},{"type":"Feature","properties":{"jobs":61,"pop":0,"pointCount":1,"homeWorkCommuteMedian":-1,"workHomeCommuteMedian":3849},"geometry":{"type":"Polygon","coordinates":[[[121.60445197095518,25.096479063159887],[121.60445197095518,25.105472266797133],[121.61344517459243,25.105472266797133],[121.61344517459243,25.096479063159887],[121.60445197095518,25.096479063159887]]]}},{"type":"Feature","properties":{"jobs":0,"pop":360,"pointCount":2,"homeWorkCommuteMedian":11361,"workHomeCommuteMedian":-1},"geometry":{"type":"Polygon","coordinates":[[[121.60445197095518,25.105472266797133],[121.60445197095518,25.11446547043438],[121.61344517459243,25.11446547043438],[121.61344517459243,25.105472266797133],[121.60445197095518,25.105472266797133]]]}},{"type":"Feature","properties":{"jobs":0,"pop":106,"pointCount":1,"homeWorkCommuteMedian":23205,"workHomeCommuteMedian":-1},"geometry":{"type":"Polygon","coordinates":[[[121.60445197095518,25.141445081346117],[121.60445197095518,25.150438284983363],[121.61344517459243,25.150438284983363],[121.61344517459243,25.141445081346117],[121.60445197095518,25.141445081346117]]]}},{"type":"Feature","properties":{"jobs":0,"pop":90,"pointCount":1,"homeWorkCommuteMedian":40584,"workHomeCommuteMedian":-1},"geometry":{"type":"Polygon","coordinates":[[[121.60445197095518,25.20439750680684],[121.60445197095518,25.213390710444084],[121.61344517459243,25.213390710444084],[121.61344517459243,25.20439750680684],[121.60445197095518,25.20439750680684]]]}},{"type":"Feature","properties":{"jobs":0,"pop":129,"pointCount":3,"homeWorkCommuteMedian":34036,"workHomeCommuteMedian":-1},"geometry":{"type":"Polygon","coordinates":[[[121.60445197095518,25.213390710444084],[121.60445197095518,25.22238391408133],[121.61344517459243,25.22238391408133],[121.61344517459243,25.213390710444084],[121.60445197095518,25.213390710444084]]]}},{"type":"Feature","properties":{"jobs":0,"pop":105,"pointCount":2,"homeWorkCommuteMedian":26990,"workHomeCommuteMedian":-1},"geometry":{"type":"Polygon","coordinates":[[[121.60445197095518,25.22238391408133],[121.60445197095518,25.231377117718576],[121.61344517459243,25.231377117718576],[121.61344517459243,25.22238391408133],[121.60445197095518,25.22238391408133]]]}},{"type":"Feature","properties":{"jobs":27,"pop":79,"pointCount":2,"homeWorkCommuteMedian":70085,"workHomeCommuteMedian":3858},"geometry":{"type":"Polygon","coordinates":[[[121.60445197095518,25.240370321355822],[121.60445197095518,25.24936352499307],[121.61344517459243,25.24936352499307],[121.61344517459243,25.240370321355822],[121.60445197095518,25.240370321355822]]]}},{"type":"Feature","properties":{"jobs":0,"pop":73,"pointCount":1,"homeWorkCommuteMedian":54141,"workHomeCommuteMedian":-1},"geometry":{"type":"Polygon","coordinates":[[[121.60445197095518,25.258356728630314],[121.60445197095518,25.26734993226756],[121.61344517459243,25.26734993226756],[121.61344517459243,25.258356728630314],[121.60445197095518,25.258356728630314]]]}},{"type":"Feature","properties":{"jobs":0,"pop":316,"pointCount":2,"homeWorkCommuteMedian":46656,"workHomeCommuteMedian":-1},"geometry":{"type":"Polygon","coordinates":[[[121.60445197095518,25.26734993226756],[121.60445197095518,25.276343135904806],[121.61344517459243,25.276343135904806],[121.61344517459243,25.26734993226756],[121.60445197095518,25.26734993226756]]]}},{"type":"Feature","properties":{"jobs":105,"pop":121,"pointCount":1,"homeWorkCommuteMedian":45978,"workHomeCommuteMedian":47957},"geometry":{"type":"Polygon","coordinates":[[[121.60445197095518,25.276343135904806],[121.60445197095518,25.285336339542052],[121.61344517459243,25.285336339542052],[121.61344517459243,25.276343135904806],[121.60445197095518,25.276343135904806]]]}},{"type":"Feature","properties":{"jobs":181,"pop":123,"pointCount":3,"homeWorkCommuteMedian":25563,"workHomeCommuteMedian":36796},"geometry":{"type":"Polygon","coordinates":[[[121.61344517459243,24.97956741587569],[121.61344517459243,24.988560619512935],[121.62243837822967,24.988560619512935],[121.62243837822967,24.97956741587569],[121.61344517459243,24.97956741587569]]]}},{"type":"Feature","properties":{"jobs":4728,"pop":7371,"pointCount":12,"homeWorkCommuteMedian":13065,"workHomeCommuteMedian":17490},"geometry":{"type":"Polygon","coordinates":[[[121.61344517459243,24.99755382315018],[121.61344517459243,25.006547026787427],[121.62243837822967,25.006547026787427],[121.62243837822967,24.99755382315018],[121.61344517459243,24.99755382315018]]]}},{"type":"Feature","properties":{"jobs":72,"pop":145,"pointCount":2,"homeWorkCommuteMedian":11444,"workHomeCommuteMedian":23999},"geometry":{"type":"Polygon","coordinates":[[[121.61344517459243,25.006547026787427],[121.61344517459243,25.015540230424673],[121.62243837822967,25.015540230424673],[121.62243837822967,25.006547026787427],[121.61344517459243,25.006547026787427]]]}},{"type":"Feature","properties":{"jobs":0,"pop":224,"pointCount":2,"homeWorkCommuteMedian":8808,"workHomeCommuteMedian":-1},"geometry":{"type":"Polygon","coordinates":[[[121.61344517459243,25.015540230424673],[121.61344517459243,25.02453343406192],[121.62243837822967,25.02453343406192],[121.62243837822967,25.015540230424673],[121.61344517459243,25.015540230424673]]]}},{"type":"Feature","properties":{"jobs":3411,"pop":7224,"pointCount":17,"homeWorkCommuteMedian":6078,"workHomeCommuteMedian":15195},"geometry":{"type":"Polygon","coordinates":[[[121.61344517459243,25.033526637699165],[121.61344517459243,25.04251984133641],[121.62243837822967,25.04251984133641],[121.62243837822967,25.033526637699165],[121.61344517459243,25.033526637699165]]]}},{"type":"Feature","properties":{"jobs":2447,"pop":10983,"pointCount":12,"homeWorkCommuteMedian":8261,"workHomeCommuteMedian":12931},"geometry":{"type":"Polygon","coordinates":[[[121.61344517459243,25.04251984133641],[121.61344517459243,25.051513044973657],[121.62243837822967,25.051513044973657],[121.62243837822967,25.04251984133641],[121.61344517459243,25.04251984133641]]]}},{"type":"Feature","properties":{"jobs":28238,"pop":4524,"pointCount":13,"homeWorkCommuteMedian":4056,"workHomeCommuteMedian":8035},"geometry":{"type":"Polygon","coordinates":[[[121.61344517459243,25.051513044973657],[121.61344517459243,25.060506248610903],[121.62243837822967,25.060506248610903],[121.62243837822967,25.051513044973657],[121.61344517459243,25.051513044973657]]]}},{"type":"Feature","properties":{"jobs":4825,"pop":10143,"pointCount":10,"homeWorkCommuteMedian":6498,"workHomeCommuteMedian":8797},"geometry":{"type":"Polygon","coordinates":[[[121.61344517459243,25.060506248610903],[121.61344517459243,25.06949945224815],[121.62243837822967,25.06949945224815],[121.62243837822967,25.060506248610903],[121.61344517459243,25.060506248610903]]]}},{"type":"Feature","properties":{"jobs":4446,"pop":16179,"pointCount":11,"homeWorkCommuteMedian":6227,"workHomeCommuteMedian":6870},"geometry":{"type":"Polygon","coordinates":[[[121.61344517459243,25.06949945224815],[121.61344517459243,25.078492655885395],[121.62243837822967,25.078492655885395],[121.62243837822967,25.06949945224815],[121.61344517459243,25.06949945224815]]]}},{"type":"Feature","properties":{"jobs":0,"pop":123,"pointCount":2,"homeWorkCommuteMedian":24454,"workHomeCommuteMedian":-1},"geometry":{"type":"Polygon","coordinates":[[[121.61344517459243,25.078492655885395],[121.61344517459243,25.08748585952264],[121.62243837822967,25.08748585952264],[121.62243837822967,25.078492655885395],[121.61344517459243,25.078492655885395]]]}},{"type":"Feature","properties":{"jobs":43,"pop":0,"pointCount":1,"homeWorkCommuteMedian":-1,"workHomeCommuteMedian":24966},"geometry":{"type":"Polygon","coordinates":[[[121.61344517459243,25.08748585952264],[121.61344517459243,25.096479063159887],[121.62243837822967,25.096479063159887],[121.62243837822967,25.08748585952264],[121.61344517459243,25.08748585952264]]]}},{"type":"Feature","properties":{"jobs":0,"pop":485,"pointCount":1,"homeWorkCommuteMedian":32180,"workHomeCommuteMedian":-1},"geometry":{"type":"Polygon","coordinates":[[[121.61344517459243,25.096479063159887],[121.61344517459243,25.105472266797133],[121.62243837822967,25.105472266797133],[121.62243837822967,25.096479063159887],[121.61344517459243,25.096479063159887]]]}},{"type":"Feature","properties":{"jobs":0,"pop":67,"pointCount":1,"homeWorkCommuteMedian":9108,"workHomeCommuteMedian":-1},"geometry":{"type":"Polygon","coordinates":[[[121.61344517459243,25.105472266797133],[121.61344517459243,25.11446547043438],[121.62243837822967,25.11446547043438],[121.62243837822967,25.105472266797133],[121.61344517459243,25.105472266797133]]]}},{"type":"Feature","properties":{"jobs":35,"pop":113,"pointCount":2,"homeWorkCommuteMedian":14347,"workHomeCommuteMedian":12384},"geometry":{"type":"Polygon","coordinates":[[[121.61344517459243,25.11446547043438],[121.61344517459243,25.123458674071625],[121.62243837822967,25.123458674071625],[121.62243837822967,25.11446547043438],[121.61344517459243,25.11446547043438]]]}},{"type":"Feature","properties":{"jobs":31,"pop":129,"pointCount":2,"homeWorkCommuteMedian":20788,"workHomeCommuteMedian":23670},"geometry":{"type":"Polygon","coordinates":[[[121.61344517459243,25.150438284983363],[121.61344517459243,25.15943148862061],[121.62243837822967,25.15943148862061],[121.62243837822967,25.150438284983363],[121.61344517459243,25.150438284983363]]]}},{"type":"Feature","properties":{"jobs":0,"pop":75,"pointCount":1,"homeWorkCommuteMedian":18685,"workHomeCommuteMedian":-1},"geometry":{"type":"Polygon","coordinates":[[[121.61344517459243,25.168424692257855],[121.61344517459243,25.1774178958951],[121.62243837822967,25.1774178958951],[121.62243837822967,25.168424692257855],[121.61344517459243,25.168424692257855]]]}},{"type":"Feature","properties":{"jobs":68,"pop":164,"pointCount":4,"homeWorkCommuteMedian":42649,"workHomeCommuteMedian":27759},"geometry":{"type":"Polygon","coordinates":[[[121.61344517459243,25.213390710444084],[121.61344517459243,25.22238391408133],[121.62243837822967,25.22238391408133],[121.62243837822967,25.213390710444084],[121.61344517459243,25.213390710444084]]]}},{"type":"Feature","properties":{"jobs":0,"pop":355,"pointCount":5,"homeWorkCommuteMedian":39668,"workHomeCommuteMedian":-1},"geometry":{"type":"Polygon","coordinates":[[[121.61344517459243,25.22238391408133],[121.61344517459243,25.231377117718576],[121.62243837822967,25.231377117718576],[121.62243837822967,25.22238391408133],[121.61344517459243,25.22238391408133]]]}},{"type":"Feature","properties":{"jobs":84,"pop":103,"pointCount":3,"homeWorkCommuteMedian":40044,"workHomeCommuteMedian":20838},"geometry":{"type":"Polygon","coordinates":[[[121.61344517459243,25.231377117718576],[121.61344517459243,25.240370321355822],[121.62243837822967,25.240370321355822],[121.62243837822967,25.231377117718576],[121.61344517459243,25.231377117718576]]]}},{"type":"Feature","properties":{"jobs":405,"pop":0,"pointCount":4,"homeWorkCommuteMedian":-1,"workHomeCommuteMedian":22524},"geometry":{"type":"Polygon","coordinates":[[[121.61344517459243,25.240370321355822],[121.61344517459243,25.24936352499307],[121.62243837822967,25.24936352499307],[121.62243837822967,25.240370321355822],[121.61344517459243,25.240370321355822]]]}},{"type":"Feature","properties":{"jobs":0,"pop":55,"pointCount":1,"homeWorkCommuteMedian":52802,"workHomeCommuteMedian":-1},"geometry":{"type":"Polygon","coordinates":[[[121.61344517459243,25.24936352499307],[121.61344517459243,25.258356728630314],[121.62243837822967,25.258356728630314],[121.62243837822967,25.24936352499307],[121.61344517459243,25.24936352499307]]]}},{"type":"Feature","properties":{"jobs":0,"pop":99,"pointCount":2,"homeWorkCommuteMedian":57844,"workHomeCommuteMedian":-1},"geometry":{"type":"Polygon","coordinates":[[[121.62243837822967,24.93460139768946],[121.62243837822967,24.943594601326705],[121.63143158186692,24.943594601326705],[121.63143158186692,24.93460139768946],[121.62243837822967,24.93460139768946]]]}},{"type":"Feature","properties":{"jobs":145,"pop":0,"pointCount":2,"homeWorkCommuteMedian":-1,"workHomeCommuteMedian":32622},"geometry":{"type":"Polygon","coordinates":[[[121.62243837822967,24.95258780496395],[121.62243837822967,24.961581008601197],[121.63143158186692,24.961581008601197],[121.63143158186692,24.95258780496395],[121.62243837822967,24.95258780496395]]]}},{"type":"Feature","properties":{"jobs":0,"pop":31,"pointCount":1,"homeWorkCommuteMedian":32143,"workHomeCommuteMedian":-1},"geometry":{"type":"Polygon","coordinates":[[[121.62243837822967,24.961581008601197],[121.62243837822967,24.970574212238443],[121.63143158186692,24.970574212238443],[121.63143158186692,24.961581008601197],[121.62243837822967,24.961581008601197]]]}},{"type":"Feature","properties":{"jobs":234,"pop":410,"pointCount":6,"homeWorkCommuteMedian":15258,"workHomeCommuteMedian":13778},"geometry":{"type":"Polygon","coordinates":[[[121.62243837822967,24.99755382315018],[121.62243837822967,25.006547026787427],[121.63143158186692,25.006547026787427],[121.63143158186692,24.99755382315018],[121.62243837822967,24.99755382315018]]]}},{"type":"Feature","properties":{"jobs":25,"pop":1127,"pointCount":4,"homeWorkCommuteMedian":12488,"workHomeCommuteMedian":8641},"geometry":{"type":"Polygon","coordinates":[[[121.62243837822967,25.006547026787427],[121.62243837822967,25.015540230424673],[121.63143158186692,25.015540230424673],[121.63143158186692,25.006547026787427],[121.62243837822967,25.006547026787427]]]}},{"type":"Feature","properties":{"jobs":148,"pop":535,"pointCount":3,"homeWorkCommuteMedian":12001,"workHomeCommuteMedian":31924},"geometry":{"type":"Polygon","coordinates":[[[121.62243837822967,25.015540230424673],[121.62243837822967,25.02453343406192],[121.63143158186692,25.02453343406192],[121.63143158186692,25.015540230424673],[121.62243837822967,25.015540230424673]]]}},{"type":"Feature","properties":{"jobs":144,"pop":2996,"pointCount":6,"homeWorkCommuteMedian":8314,"workHomeCommuteMedian":11361},"geometry":{"type":"Polygon","coordinates":[[[121.62243837822967,25.033526637699165],[121.62243837822967,25.04251984133641],[121.63143158186692,25.04251984133641],[121.63143158186692,25.033526637699165],[121.62243837822967,25.033526637699165]]]}},{"type":"Feature","properties":{"jobs":630,"pop":133,"pointCount":2,"homeWorkCommuteMedian":3230,"workHomeCommuteMedian":15192},"geometry":{"type":"Polygon","coordinates":[[[121.62243837822967,25.04251984133641],[121.62243837822967,25.051513044973657],[121.63143158186692,25.051513044973657],[121.63143158186692,25.04251984133641],[121.62243837822967,25.04251984133641]]]}},{"type":"Feature","properties":{"jobs":6537,"pop":180,"pointCount":2,"homeWorkCommuteMedian":8513,"workHomeCommuteMedian":9478},"geometry":{"type":"Polygon","coordinates":[[[121.62243837822967,25.051513044973657],[121.62243837822967,25.060506248610903],[121.63143158186692,25.060506248610903],[121.63143158186692,25.051513044973657],[121.62243837822967,25.051513044973657]]]}},{"type":"Feature","properties":{"jobs":13380,"pop":6079,"pointCount":14,"homeWorkCommuteMedian":6617,"workHomeCommuteMedian":13913},"geometry":{"type":"Polygon","coordinates":[[[121.62243837822967,25.060506248610903],[121.62243837822967,25.06949945224815],[121.63143158186692,25.06949945224815],[121.63143158186692,25.060506248610903],[121.62243837822967,25.060506248610903]]]}},{"type":"Feature","properties":{"jobs":443,"pop":5279,"pointCount":5,"homeWorkCommuteMedian":6695,"workHomeCommuteMedian":17625},"geometry":{"type":"Polygon","coordinates":[[[121.62243837822967,25.06949945224815],[121.62243837822967,25.078492655885395],[121.63143158186692,25.078492655885395],[121.63143158186692,25.06949945224815],[121.62243837822967,25.06949945224815]]]}},{"type":"Feature","properties":{"jobs":49,"pop":2023,"pointCount":4,"homeWorkCommuteMedian":10085,"workHomeCommuteMedian":6369},"geometry":{"type":"Polygon","coordinates":[[[121.62243837822967,25.078492655885395],[121.62243837822967,25.08748585952264],[121.63143158186692,25.08748585952264],[121.63143158186692,25.078492655885395],[121.62243837822967,25.078492655885395]]]}},{"type":"Feature","properties":{"jobs":0,"pop":82,"pointCount":1,"homeWorkCommuteMedian":12238,"workHomeCommuteMedian":-1},"geometry":{"type":"Polygon","coordinates":[[[121.62243837822967,25.08748585952264],[121.62243837822967,25.096479063159887],[121.63143158186692,25.096479063159887],[121.63143158186692,25.08748585952264],[121.62243837822967,25.08748585952264]]]}},{"type":"Feature","properties":{"jobs":40,"pop":119,"pointCount":2,"homeWorkCommuteMedian":10723,"workHomeCommuteMedian":14502},"geometry":{"type":"Polygon","coordinates":[[[121.62243837822967,25.096479063159887],[121.62243837822967,25.105472266797133],[121.63143158186692,25.105472266797133],[121.63143158186692,25.096479063159887],[121.62243837822967,25.096479063159887]]]}},{"type":"Feature","properties":{"jobs":54,"pop":0,"pointCount":1,"homeWorkCommuteMedian":-1,"workHomeCommuteMedian":22191},"geometry":{"type":"Polygon","coordinates":[[[121.62243837822967,25.105472266797133],[121.62243837822967,25.11446547043438],[121.63143158186692,25.11446547043438],[121.63143158186692,25.105472266797133],[121.62243837822967,25.105472266797133]]]}},{"type":"Feature","properties":{"jobs":25,"pop":0,"pointCount":1,"homeWorkCommuteMedian":-1,"workHomeCommuteMedian":25650},"geometry":{"type":"Polygon","coordinates":[[[121.62243837822967,25.123458674071625],[121.62243837822967,25.13245187770887],[121.63143158186692,25.13245187770887],[121.63143158186692,25.123458674071625],[121.62243837822967,25.123458674071625]]]}},{"type":"Feature","properties":{"jobs":0,"pop":106,"pointCount":1,"homeWorkCommuteMedian":31606,"workHomeCommuteMedian":-1},"geometry":{"type":"Polygon","coordinates":[[[121.62243837822967,25.150438284983363],[121.62243837822967,25.15943148862061],[121.63143158186692,25.15943148862061],[121.63143158186692,25.150438284983363],[121.62243837822967,25.150438284983363]]]}},{"type":"Feature","properties":{"jobs":0,"pop":68,"pointCount":1,"homeWorkCommuteMedian":47588,"workHomeCommuteMedian":-1},"geometry":{"type":"Polygon","coordinates":[[[121.62243837822967,25.195404303169592],[121.62243837822967,25.20439750680684],[121.63143158186692,25.20439750680684],[121.63143158186692,25.195404303169592],[121.62243837822967,25.195404303169592]]]}},{"type":"Feature","properties":{"jobs":0,"pop":190,"pointCount":2,"homeWorkCommuteMedian":45047,"workHomeCommuteMedian":-1},"geometry":{"type":"Polygon","coordinates":[[[121.62243837822967,25.20439750680684],[121.62243837822967,25.213390710444084],[121.63143158186692,25.213390710444084],[121.63143158186692,25.20439750680684],[121.62243837822967,25.20439750680684]]]}},{"type":"Feature","properties":{"jobs":412,"pop":389,"pointCount":3,"homeWorkCommuteMedian":35070,"workHomeCommuteMedian":23875},"geometry":{"type":"Polygon","coordinates":[[[121.62243837822967,25.213390710444084],[121.62243837822967,25.22238391408133],[121.63143158186692,25.22238391408133],[121.63143158186692,25.213390710444084],[121.62243837822967,25.213390710444084]]]}},{"type":"Feature","properties":{"jobs":0,"pop":274,"pointCount":5,"homeWorkCommuteMedian":36024,"workHomeCommuteMedian":-1},"geometry":{"type":"Polygon","coordinates":[[[121.62243837822967,25.22238391408133],[121.62243837822967,25.231377117718576],[121.63143158186692,25.231377117718576],[121.63143158186692,25.22238391408133],[121.62243837822967,25.22238391408133]]]}},{"type":"Feature","properties":{"jobs":93,"pop":321,"pointCount":6,"homeWorkCommuteMedian":37942,"workHomeCommuteMedian":48106},"geometry":{"type":"Polygon","coordinates":[[[121.62243837822967,25.231377117718576],[121.62243837822967,25.240370321355822],[121.63143158186692,25.240370321355822],[121.63143158186692,25.231377117718576],[121.62243837822967,25.231377117718576]]]}},{"type":"Feature","properties":{"jobs":0,"pop":88,"pointCount":2,"homeWorkCommuteMedian":42482,"workHomeCommuteMedian":-1},"geometry":{"type":"Polygon","coordinates":[[[121.62243837822967,25.240370321355822],[121.62243837822967,25.24936352499307],[121.63143158186692,25.24936352499307],[121.63143158186692,25.240370321355822],[121.62243837822967,25.240370321355822]]]}},{"type":"Feature","properties":{"jobs":0,"pop":137,"pointCount":1,"homeWorkCommuteMedian":52393,"workHomeCommuteMedian":-1},"geometry":{"type":"Polygon","coordinates":[[[121.62243837822967,25.24936352499307],[121.62243837822967,25.258356728630314],[121.63143158186692,25.258356728630314],[121.63143158186692,25.24936352499307],[121.62243837822967,25.24936352499307]]]}},{"type":"Feature","properties":{"jobs":34,"pop":213,"pointCount":2,"homeWorkCommuteMedian":8261,"workHomeCommuteMedian":30809},"geometry":{"type":"Polygon","coordinates":[[[121.62243837822967,25.258356728630314],[121.62243837822967,25.26734993226756],[121.63143158186692,25.26734993226756],[121.63143158186692,25.258356728630314],[121.62243837822967,25.258356728630314]]]}},{"type":"Feature","properties":{"jobs":0,"pop":83,"pointCount":1,"homeWorkCommuteMedian":19311,"workHomeCommuteMedian":-1},"geometry":{"type":"Polygon","coordinates":[[[121.63143158186692,24.93460139768946],[121.63143158186692,24.943594601326705],[121.64042478550417,24.943594601326705],[121.64042478550417,24.93460139768946],[121.63143158186692,24.93460139768946]]]}},{"type":"Feature","properties":{"jobs":0,"pop":77,"pointCount":2,"homeWorkCommuteMedian":30607,"workHomeCommuteMedian":-1},"geometry":{"type":"Polygon","coordinates":[[[121.63143158186692,24.943594601326705],[121.63143158186692,24.95258780496395],[121.64042478550417,24.95258780496395],[121.64042478550417,24.943594601326705],[121.63143158186692,24.943594601326705]]]}},{"type":"Feature","properties":{"jobs":44,"pop":32,"pointCount":2,"homeWorkCommuteMedian":20400,"workHomeCommuteMedian":60250},"geometry":{"type":"Polygon","coordinates":[[[121.63143158186692,24.95258780496395],[121.63143158186692,24.961581008601197],[121.64042478550417,24.961581008601197],[121.64042478550417,24.95258780496395],[121.63143158186692,24.95258780496395]]]}},{"type":"Feature","properties":{"jobs":45,"pop":218,"pointCount":2,"homeWorkCommuteMedian":17510,"workHomeCommuteMedian":14603},"geometry":{"type":"Polygon","coordinates":[[[121.63143158186692,24.99755382315018],[121.63143158186692,25.006547026787427],[121.64042478550417,25.006547026787427],[121.64042478550417,24.99755382315018],[121.63143158186692,24.99755382315018]]]}},{"type":"Feature","properties":{"jobs":573,"pop":1914,"pointCount":8,"homeWorkCommuteMedian":12228,"workHomeCommuteMedian":61975},"geometry":{"type":"Polygon","coordinates":[[[121.63143158186692,25.006547026787427],[121.63143158186692,25.015540230424673],[121.64042478550417,25.015540230424673],[121.64042478550417,25.006547026787427],[121.63143158186692,25.006547026787427]]]}},{"type":"Feature","properties":{"jobs":0,"pop":51,"pointCount":1,"homeWorkCommuteMedian":18045,"workHomeCommuteMedian":-1},"geometry":{"type":"Polygon","coordinates":[[[121.63143158186692,25.015540230424673],[121.63143158186692,25.02453343406192],[121.64042478550417,25.02453343406192],[121.64042478550417,25.015540230424673],[121.63143158186692,25.015540230424673]]]}},{"type":"Feature","properties":{"jobs":0,"pop":304,"pointCount":1,"homeWorkCommuteMedian":15243,"workHomeCommuteMedian":-1},"geometry":{"type":"Polygon","coordinates":[[[121.63143158186692,25.02453343406192],[121.63143158186692,25.033526637699165],[121.64042478550417,25.033526637699165],[121.64042478550417,25.02453343406192],[121.63143158186692,25.02453343406192]]]}},{"type":"Feature","properties":{"jobs":1374,"pop":1452,"pointCount":6,"homeWorkCommuteMedian":8194,"workHomeCommuteMedian":15419},"geometry":{"type":"Polygon","coordinates":[[[121.63143158186692,25.033526637699165],[121.63143158186692,25.04251984133641],[121.64042478550417,25.04251984133641],[121.64042478550417,25.033526637699165],[121.63143158186692,25.033526637699165]]]}},{"type":"Feature","properties":{"jobs":0,"pop":1633,"pointCount":3,"homeWorkCommuteMedian":9716,"workHomeCommuteMedian":-1},"geometry":{"type":"Polygon","coordinates":[[[121.63143158186692,25.04251984133641],[121.63143158186692,25.051513044973657],[121.64042478550417,25.051513044973657],[121.64042478550417,25.04251984133641],[121.63143158186692,25.04251984133641]]]}},{"type":"Feature","properties":{"jobs":12824,"pop":1281,"pointCount":8,"homeWorkCommuteMedian":5858,"workHomeCommuteMedian":14790},"geometry":{"type":"Polygon","coordinates":[[[121.63143158186692,25.051513044973657],[121.63143158186692,25.060506248610903],[121.64042478550417,25.060506248610903],[121.64042478550417,25.051513044973657],[121.63143158186692,25.051513044973657]]]}},{"type":"Feature","properties":{"jobs":14298,"pop":14418,"pointCount":13,"homeWorkCommuteMedian":7557,"workHomeCommuteMedian":13841},"geometry":{"type":"Polygon","coordinates":[[[121.63143158186692,25.060506248610903],[121.63143158186692,25.06949945224815],[121.64042478550417,25.06949945224815],[121.64042478550417,25.060506248610903],[121.63143158186692,25.060506248610903]]]}},{"type":"Feature","properties":{"jobs":5115,"pop":9877,"pointCount":12,"homeWorkCommuteMedian":10138,"workHomeCommuteMedian":18161},"geometry":{"type":"Polygon","coordinates":[[[121.63143158186692,25.06949945224815],[121.63143158186692,25.078492655885395],[121.64042478550417,25.078492655885395],[121.64042478550417,25.06949945224815],[121.63143158186692,25.06949945224815]]]}},{"type":"Feature","properties":{"jobs":274,"pop":2207,"pointCount":4,"homeWorkCommuteMedian":7993,"workHomeCommuteMedian":24728},"geometry":{"type":"Polygon","coordinates":[[[121.63143158186692,25.078492655885395],[121.63143158186692,25.08748585952264],[121.64042478550417,25.08748585952264],[121.64042478550417,25.078492655885395],[121.63143158186692,25.078492655885395]]]}},{"type":"Feature","properties":{"jobs":38,"pop":33,"pointCount":2,"homeWorkCommuteMedian":18313,"workHomeCommuteMedian":46226},"geometry":{"type":"Polygon","coordinates":[[[121.63143158186692,25.08748585952264],[121.63143158186692,25.096479063159887],[121.64042478550417,25.096479063159887],[121.64042478550417,25.08748585952264],[121.63143158186692,25.08748585952264]]]}},{"type":"Feature","properties":{"jobs":0,"pop":167,"pointCount":1,"homeWorkCommuteMedian":16480,"workHomeCommuteMedian":-1},"geometry":{"type":"Polygon","coordinates":[[[121.63143158186692,25.096479063159887],[121.63143158186692,25.105472266797133],[121.64042478550417,25.105472266797133],[121.64042478550417,25.096479063159887],[121.63143158186692,25.096479063159887]]]}},{"type":"Feature","properties":{"jobs":123,"pop":85,"pointCount":2,"homeWorkCommuteMedian":13196,"workHomeCommuteMedian":15455},"geometry":{"type":"Polygon","coordinates":[[[121.63143158186692,25.11446547043438],[121.63143158186692,25.123458674071625],[121.64042478550417,25.123458674071625],[121.64042478550417,25.11446547043438],[121.63143158186692,25.11446547043438]]]}},{"type":"Feature","properties":{"jobs":0,"pop":84,"pointCount":2,"homeWorkCommuteMedian":34108,"workHomeCommuteMedian":-1},"geometry":{"type":"Polygon","coordinates":[[[121.63143158186692,25.15943148862061],[121.63143158186692,25.168424692257855],[121.64042478550417,25.168424692257855],[121.64042478550417,25.15943148862061],[121.63143158186692,25.15943148862061]]]}},{"type":"Feature","properties":{"jobs":0,"pop":137,"pointCount":1,"homeWorkCommuteMedian":7436,"workHomeCommuteMedian":-1},"geometry":{"type":"Polygon","coordinates":[[[121.63143158186692,25.168424692257855],[121.63143158186692,25.1774178958951],[121.64042478550417,25.1774178958951],[121.64042478550417,25.168424692257855],[121.63143158186692,25.168424692257855]]]}},{"type":"Feature","properties":{"jobs":0,"pop":61,"pointCount":1,"homeWorkCommuteMedian":35917,"workHomeCommuteMedian":-1},"geometry":{"type":"Polygon","coordinates":[[[121.63143158186692,25.1774178958951],[121.63143158186692,25.186411099532346],[121.64042478550417,25.186411099532346],[121.64042478550417,25.1774178958951],[121.63143158186692,25.1774178958951]]]}},{"type":"Feature","properties":{"jobs":192,"pop":0,"pointCount":2,"homeWorkCommuteMedian":-1,"workHomeCommuteMedian":56360},"geometry":{"type":"Polygon","coordinates":[[[121.63143158186692,25.20439750680684],[121.63143158186692,25.213390710444084],[121.64042478550417,25.213390710444084],[121.64042478550417,25.20439750680684],[121.63143158186692,25.20439750680684]]]}},{"type":"Feature","properties":{"jobs":1514,"pop":4201,"pointCount":11,"homeWorkCommuteMedian":35855,"workHomeCommuteMedian":3390},"geometry":{"type":"Polygon","coordinates":[[[121.63143158186692,25.213390710444084],[121.63143158186692,25.22238391408133],[121.64042478550417,25.22238391408133],[121.64042478550417,25.213390710444084],[121.63143158186692,25.213390710444084]]]}},{"type":"Feature","properties":{"jobs":1145,"pop":2414,"pointCount":7,"homeWorkCommuteMedian":37121,"workHomeCommuteMedian":2479},"geometry":{"type":"Polygon","coordinates":[[[121.63143158186692,25.22238391408133],[121.63143158186692,25.231377117718576],[121.64042478550417,25.231377117718576],[121.64042478550417,25.22238391408133],[121.63143158186692,25.22238391408133]]]}},{"type":"Feature","properties":{"jobs":53,"pop":109,"pointCount":3,"homeWorkCommuteMedian":43663,"workHomeCommuteMedian":39201},"geometry":{"type":"Polygon","coordinates":[[[121.63143158186692,25.231377117718576],[121.63143158186692,25.240370321355822],[121.64042478550417,25.240370321355822],[121.64042478550417,25.231377117718576],[121.63143158186692,25.231377117718576]]]}},{"type":"Feature","properties":{"jobs":62,"pop":72,"pointCount":2,"homeWorkCommuteMedian":43259,"workHomeCommuteMedian":4229},"geometry":{"type":"Polygon","coordinates":[[[121.63143158186692,25.240370321355822],[121.63143158186692,25.24936352499307],[121.64042478550417,25.24936352499307],[121.64042478550417,25.240370321355822],[121.63143158186692,25.240370321355822]]]}},{"type":"Feature","properties":{"jobs":0,"pop":41,"pointCount":1,"homeWorkCommuteMedian":13692,"workHomeCommuteMedian":-1},"geometry":{"type":"Polygon","coordinates":[[[121.64042478550417,24.925608194052213],[121.64042478550417,24.93460139768946],[121.64941798914141,24.93460139768946],[121.64941798914141,24.925608194052213],[121.64042478550417,24.925608194052213]]]}},{"type":"Feature","properties":{"jobs":46,"pop":0,"pointCount":1,"homeWorkCommuteMedian":-1,"workHomeCommuteMedian":32000},"geometry":{"type":"Polygon","coordinates":[[[121.64042478550417,24.93460139768946],[121.64042478550417,24.943594601326705],[121.64941798914141,24.943594601326705],[121.64941798914141,24.93460139768946],[121.64042478550417,24.93460139768946]]]}},{"type":"Feature","properties":{"jobs":0,"pop":33,"pointCount":1,"homeWorkCommuteMedian":31679,"workHomeCommuteMedian":-1},"geometry":{"type":"Polygon","coordinates":[[[121.64042478550417,24.943594601326705],[121.64042478550417,24.95258780496395],[121.64941798914141,24.95258780496395],[121.64941798914141,24.943594601326705],[121.64042478550417,24.943594601326705]]]}},{"type":"Feature","properties":{"jobs":27,"pop":168,"pointCount":2,"homeWorkCommuteMedian":45736,"workHomeCommuteMedian":13590},"geometry":{"type":"Polygon","coordinates":[[[121.64042478550417,24.95258780496395],[121.64042478550417,24.961581008601197],[121.64941798914141,24.961581008601197],[121.64941798914141,24.95258780496395],[121.64042478550417,24.95258780496395]]]}},{"type":"Feature","properties":{"jobs":0,"pop":77,"pointCount":1,"homeWorkCommuteMedian":26058,"workHomeCommuteMedian":-1},"geometry":{"type":"Polygon","coordinates":[[[121.64042478550417,24.970574212238443],[121.64042478550417,24.97956741587569],[121.64941798914141,24.97956741587569],[121.64941798914141,24.970574212238443],[121.64042478550417,24.970574212238443]]]}},{"type":"Feature","properties":{"jobs":0,"pop":32,"pointCount":1,"homeWorkCommuteMedian":46276,"workHomeCommuteMedian":-1},"geometry":{"type":"Polygon","coordinates":[[[121.64042478550417,24.99755382315018],[121.64042478550417,25.006547026787427],[121.64941798914141,25.006547026787427],[121.64941798914141,24.99755382315018],[121.64042478550417,24.99755382315018]]]}},{"type":"Feature","properties":{"jobs":397,"pop":178,"pointCount":5,"homeWorkCommuteMedian":50093,"workHomeCommuteMedian":32984},"geometry":{"type":"Polygon","coordinates":[[[121.64042478550417,25.006547026787427],[121.64042478550417,25.015540230424673],[121.64941798914141,25.015540230424673],[121.64941798914141,25.006547026787427],[121.64042478550417,25.006547026787427]]]}},{"type":"Feature","properties":{"jobs":0,"pop":39,"pointCount":1,"homeWorkCommuteMedian":17530,"workHomeCommuteMedian":-1},"geometry":{"type":"Polygon","coordinates":[[[121.64042478550417,25.015540230424673],[121.64042478550417,25.02453343406192],[121.64941798914141,25.02453343406192],[121.64941798914141,25.015540230424673],[121.64042478550417,25.015540230424673]]]}},{"type":"Feature","properties":{"jobs":88,"pop":0,"pointCount":2,"homeWorkCommuteMedian":-1,"workHomeCommuteMedian":22851},"geometry":{"type":"Polygon","coordinates":[[[121.64042478550417,25.02453343406192],[121.64042478550417,25.033526637699165],[121.64941798914141,25.033526637699165],[121.64941798914141,25.02453343406192],[121.64042478550417,25.02453343406192]]]}},{"type":"Feature","properties":{"jobs":14554,"pop":0,"pointCount":2,"homeWorkCommuteMedian":-1,"workHomeCommuteMedian":13306},"geometry":{"type":"Polygon","coordinates":[[[121.64042478550417,25.051513044973657],[121.64042478550417,25.060506248610903],[121.64941798914141,25.060506248610903],[121.64941798914141,25.051513044973657],[121.64042478550417,25.051513044973657]]]}},{"type":"Feature","properties":{"jobs":52216,"pop":6429,"pointCount":7,"homeWorkCommuteMedian":9054,"workHomeCommuteMedian":15343},"geometry":{"type":"Polygon","coordinates":[[[121.64042478550417,25.060506248610903],[121.64042478550417,25.06949945224815],[121.64941798914141,25.06949945224815],[121.64941798914141,25.060506248610903],[121.64042478550417,25.060506248610903]]]}},{"type":"Feature","properties":{"jobs":1293,"pop":2985,"pointCount":4,"homeWorkCommuteMedian":12869,"workHomeCommuteMedian":18262},"geometry":{"type":"Polygon","coordinates":[[[121.64042478550417,25.06949945224815],[121.64042478550417,25.078492655885395],[121.64941798914141,25.078492655885395],[121.64941798914141,25.06949945224815],[121.64042478550417,25.06949945224815]]]}},{"type":"Feature","properties":{"jobs":279,"pop":1218,"pointCount":8,"homeWorkCommuteMedian":12754,"workHomeCommuteMedian":9102},"geometry":{"type":"Polygon","coordinates":[[[121.64042478550417,25.078492655885395],[121.64042478550417,25.08748585952264],[121.64941798914141,25.08748585952264],[121.64941798914141,25.078492655885395],[121.64042478550417,25.078492655885395]]]}},{"type":"Feature","properties":{"jobs":1241,"pop":2701,"pointCount":5,"homeWorkCommuteMedian":11292,"workHomeCommuteMedian":16643},"geometry":{"type":"Polygon","coordinates":[[[121.64042478550417,25.08748585952264],[121.64042478550417,25.096479063159887],[121.64941798914141,25.096479063159887],[121.64941798914141,25.08748585952264],[121.64042478550417,25.08748585952264]]]}},{"type":"Feature","properties":{"jobs":128,"pop":389,"pointCount":5,"homeWorkCommuteMedian":6962,"workHomeCommuteMedian":8929},"geometry":{"type":"Polygon","coordinates":[[[121.64042478550417,25.096479063159887],[121.64042478550417,25.105472266797133],[121.64941798914141,25.105472266797133],[121.64941798914141,25.096479063159887],[121.64042478550417,25.096479063159887]]]}},{"type":"Feature","properties":{"jobs":132,"pop":402,"pointCount":4,"homeWorkCommuteMedian":19094,"workHomeCommuteMedian":7557},"geometry":{"type":"Polygon","coordinates":[[[121.64042478550417,25.105472266797133],[121.64042478550417,25.11446547043438],[121.64941798914141,25.11446547043438],[121.64941798914141,25.105472266797133],[121.64042478550417,25.105472266797133]]]}},{"type":"Feature","properties":{"jobs":0,"pop":70,"pointCount":1,"homeWorkCommuteMedian":9346,"workHomeCommuteMedian":-1},"geometry":{"type":"Polygon","coordinates":[[[121.64042478550417,25.123458674071625],[121.64042478550417,25.13245187770887],[121.64941798914141,25.13245187770887],[121.64941798914141,25.123458674071625],[121.64042478550417,25.123458674071625]]]}},{"type":"Feature","properties":{"jobs":45,"pop":119,"pointCount":3,"homeWorkCommuteMedian":8807,"workHomeCommuteMedian":79637},"geometry":{"type":"Polygon","coordinates":[[[121.64042478550417,25.168424692257855],[121.64042478550417,25.1774178958951],[121.64941798914141,25.1774178958951],[121.64941798914141,25.168424692257855],[121.64042478550417,25.168424692257855]]]}},{"type":"Feature","properties":{"jobs":0,"pop":69,"pointCount":1,"homeWorkCommuteMedian":29271,"workHomeCommuteMedian":-1},"geometry":{"type":"Polygon","coordinates":[[[121.64042478550417,25.1774178958951],[121.64042478550417,25.186411099532346],[121.64941798914141,25.186411099532346],[121.64941798914141,25.1774178958951],[121.64042478550417,25.1774178958951]]]}},{"type":"Feature","properties":{"jobs":81,"pop":0,"pointCount":1,"homeWorkCommuteMedian":-1,"workHomeCommuteMedian":7873},"geometry":{"type":"Polygon","coordinates":[[[121.64042478550417,25.186411099532346],[121.64042478550417,25.195404303169592],[121.64941798914141,25.195404303169592],[121.64941798914141,25.186411099532346],[121.64042478550417,25.186411099532346]]]}},{"type":"Feature","properties":{"jobs":0,"pop":197,"pointCount":2,"homeWorkCommuteMedian":23089,"workHomeCommuteMedian":-1},"geometry":{"type":"Polygon","coordinates":[[[121.64042478550417,25.195404303169592],[121.64042478550417,25.20439750680684],[121.64941798914141,25.20439750680684],[121.64941798914141,25.195404303169592],[121.64042478550417,25.195404303169592]]]}},{"type":"Feature","properties":{"jobs":182,"pop":441,"pointCount":5,"homeWorkCommuteMedian":39760,"workHomeCommuteMedian":41378},"geometry":{"type":"Polygon","coordinates":[[[121.64042478550417,25.20439750680684],[121.64042478550417,25.213390710444084],[121.64941798914141,25.213390710444084],[121.64941798914141,25.20439750680684],[121.64042478550417,25.20439750680684]]]}},{"type":"Feature","properties":{"jobs":1031,"pop":1141,"pointCount":11,"homeWorkCommuteMedian":38432,"workHomeCommuteMedian":7752},"geometry":{"type":"Polygon","coordinates":[[[121.64042478550417,25.213390710444084],[121.64042478550417,25.22238391408133],[121.64941798914141,25.22238391408133],[121.64941798914141,25.213390710444084],[121.64042478550417,25.213390710444084]]]}},{"type":"Feature","properties":{"jobs":325,"pop":1230,"pointCount":5,"homeWorkCommuteMedian":9427,"workHomeCommuteMedian":37733},"geometry":{"type":"Polygon","coordinates":[[[121.64042478550417,25.22238391408133],[121.64042478550417,25.231377117718576],[121.64941798914141,25.231377117718576],[121.64941798914141,25.22238391408133],[121.64042478550417,25.22238391408133]]]}},{"type":"Feature","properties":{"jobs":0,"pop":197,"pointCount":1,"homeWorkCommuteMedian":35406,"workHomeCommuteMedian":-1},"geometry":{"type":"Polygon","coordinates":[[[121.64941798914141,24.93460139768946],[121.64941798914141,24.943594601326705],[121.65841119277866,24.943594601326705],[121.65841119277866,24.93460139768946],[121.64941798914141,24.93460139768946]]]}},{"type":"Feature","properties":{"jobs":0,"pop":40,"pointCount":1,"homeWorkCommuteMedian":15158,"workHomeCommuteMedian":-1},"geometry":{"type":"Polygon","coordinates":[[[121.64941798914141,24.970574212238443],[121.64941798914141,24.97956741587569],[121.65841119277866,24.97956741587569],[121.65841119277866,24.970574212238443],[121.64941798914141,24.970574212238443]]]}},{"type":"Feature","properties":{"jobs":104,"pop":0,"pointCount":2,"homeWorkCommuteMedian":-1,"workHomeCommuteMedian":20491},"geometry":{"type":"Polygon","coordinates":[[[121.64941798914141,24.988560619512935],[121.64941798914141,24.99755382315018],[121.65841119277866,24.99755382315018],[121.65841119277866,24.988560619512935],[121.64941798914141,24.988560619512935]]]}},{"type":"Feature","properties":{"jobs":63,"pop":194,"pointCount":3,"homeWorkCommuteMedian":18014,"workHomeCommuteMedian":15541},"geometry":{"type":"Polygon","coordinates":[[[121.64941798914141,24.99755382315018],[121.64941798914141,25.006547026787427],[121.65841119277866,25.006547026787427],[121.65841119277866,24.99755382315018],[121.64941798914141,24.99755382315018]]]}},{"type":"Feature","properties":{"jobs":45,"pop":37,"pointCount":2,"homeWorkCommuteMedian":13604,"workHomeCommuteMedian":24344},"geometry":{"type":"Polygon","coordinates":[[[121.64941798914141,25.006547026787427],[121.64941798914141,25.015540230424673],[121.65841119277866,25.015540230424673],[121.65841119277866,25.006547026787427],[121.64941798914141,25.006547026787427]]]}},{"type":"Feature","properties":{"jobs":0,"pop":71,"pointCount":2,"homeWorkCommuteMedian":25766,"workHomeCommuteMedian":-1},"geometry":{"type":"Polygon","coordinates":[[[121.64941798914141,25.015540230424673],[121.64941798914141,25.02453343406192],[121.65841119277866,25.02453343406192],[121.65841119277866,25.015540230424673],[121.64941798914141,25.015540230424673]]]}},{"type":"Feature","properties":{"jobs":0,"pop":165,"pointCount":2,"homeWorkCommuteMedian":8568,"workHomeCommuteMedian":-1},"geometry":{"type":"Polygon","coordinates":[[[121.64941798914141,25.02453343406192],[121.64941798914141,25.033526637699165],[121.65841119277866,25.033526637699165],[121.65841119277866,25.02453343406192],[121.64941798914141,25.02453343406192]]]}},{"type":"Feature","properties":{"jobs":38,"pop":25,"pointCount":2,"homeWorkCommuteMedian":17359,"workHomeCommuteMedian":13207},"geometry":{"type":"Polygon","coordinates":[[[121.64941798914141,25.04251984133641],[121.64941798914141,25.051513044973657],[121.65841119277866,25.051513044973657],[121.65841119277866,25.04251984133641],[121.64941798914141,25.04251984133641]]]}},{"type":"Feature","properties":{"jobs":2013,"pop":4982,"pointCount":12,"homeWorkCommuteMedian":6607,"workHomeCommuteMedian":16508},"geometry":{"type":"Polygon","coordinates":[[[121.64941798914141,25.051513044973657],[121.64941798914141,25.060506248610903],[121.65841119277866,25.060506248610903],[121.65841119277866,25.051513044973657],[121.64941798914141,25.051513044973657]]]}},{"type":"Feature","properties":{"jobs":12235,"pop":13385,"pointCount":13,"homeWorkCommuteMedian":6873,"workHomeCommuteMedian":11991},"geometry":{"type":"Polygon","coordinates":[[[121.64941798914141,25.060506248610903],[121.64941798914141,25.06949945224815],[121.65841119277866,25.06949945224815],[121.65841119277866,25.060506248610903],[121.64941798914141,25.060506248610903]]]}},{"type":"Feature","properties":{"jobs":808,"pop":3879,"pointCount":6,"homeWorkCommuteMedian":10771,"workHomeCommuteMedian":15714},"geometry":{"type":"Polygon","coordinates":[[[121.64941798914141,25.06949945224815],[121.64941798914141,25.078492655885395],[121.65841119277866,25.078492655885395],[121.65841119277866,25.06949945224815],[121.64941798914141,25.06949945224815]]]}},{"type":"Feature","properties":{"jobs":149,"pop":355,"pointCount":2,"homeWorkCommuteMedian":7821,"workHomeCommuteMedian":3264},"geometry":{"type":"Polygon","coordinates":[[[121.64941798914141,25.078492655885395],[121.64941798914141,25.08748585952264],[121.65841119277866,25.08748585952264],[121.65841119277866,25.078492655885395],[121.64941798914141,25.078492655885395]]]}},{"type":"Feature","properties":{"jobs":0,"pop":31,"pointCount":1,"homeWorkCommuteMedian":9899,"workHomeCommuteMedian":-1},"geometry":{"type":"Polygon","coordinates":[[[121.64941798914141,25.096479063159887],[121.64941798914141,25.105472266797133],[121.65841119277866,25.105472266797133],[121.65841119277866,25.096479063159887],[121.64941798914141,25.096479063159887]]]}},{"type":"Feature","properties":{"jobs":0,"pop":109,"pointCount":1,"homeWorkCommuteMedian":28625,"workHomeCommuteMedian":-1},"geometry":{"type":"Polygon","coordinates":[[[121.64941798914141,25.15943148862061],[121.64941798914141,25.168424692257855],[121.65841119277866,25.168424692257855],[121.65841119277866,25.15943148862061],[121.64941798914141,25.15943148862061]]]}},{"type":"Feature","properties":{"jobs":78,"pop":0,"pointCount":2,"homeWorkCommuteMedian":-1,"workHomeCommuteMedian":45457},"geometry":{"type":"Polygon","coordinates":[[[121.64941798914141,25.168424692257855],[121.64941798914141,25.1774178958951],[121.65841119277866,25.1774178958951],[121.65841119277866,25.168424692257855],[121.64941798914141,25.168424692257855]]]}},{"type":"Feature","properties":{"jobs":0,"pop":85,"pointCount":1,"homeWorkCommuteMedian":52435,"workHomeCommuteMedian":-1},"geometry":{"type":"Polygon","coordinates":[[[121.64941798914141,25.1774178958951],[121.64941798914141,25.186411099532346],[121.65841119277866,25.186411099532346],[121.65841119277866,25.1774178958951],[121.64941798914141,25.1774178958951]]]}},{"type":"Feature","properties":{"jobs":123,"pop":334,"pointCount":4,"homeWorkCommuteMedian":34390,"workHomeCommuteMedian":4839},"geometry":{"type":"Polygon","coordinates":[[[121.64941798914141,25.20439750680684],[121.64941798914141,25.213390710444084],[121.65841119277866,25.213390710444084],[121.65841119277866,25.20439750680684],[121.64941798914141,25.20439750680684]]]}},{"type":"Feature","properties":{"jobs":0,"pop":220,"pointCount":2,"homeWorkCommuteMedian":55428,"workHomeCommuteMedian":-1},"geometry":{"type":"Polygon","coordinates":[[[121.65841119277866,24.880642175865983],[121.65841119277866,24.88963537950323],[121.6674043964159,24.88963537950323],[121.6674043964159,24.880642175865983],[121.65841119277866,24.880642175865983]]]}},{"type":"Feature","properties":{"jobs":0,"pop":78,"pointCount":1,"homeWorkCommuteMedian":37149,"workHomeCommuteMedian":-1},"geometry":{"type":"Polygon","coordinates":[[[121.65841119277866,24.925608194052213],[121.65841119277866,24.93460139768946],[121.6674043964159,24.93460139768946],[121.6674043964159,24.925608194052213],[121.65841119277866,24.925608194052213]]]}},{"type":"Feature","properties":{"jobs":0,"pop":58,"pointCount":1,"homeWorkCommuteMedian":29523,"workHomeCommuteMedian":-1},"geometry":{"type":"Polygon","coordinates":[[[121.65841119277866,24.943594601326705],[121.65841119277866,24.95258780496395],[121.6674043964159,24.95258780496395],[121.6674043964159,24.943594601326705],[121.65841119277866,24.943594601326705]]]}},{"type":"Feature","properties":{"jobs":35,"pop":71,"pointCount":3,"homeWorkCommuteMedian":17523,"workHomeCommuteMedian":32252},"geometry":{"type":"Polygon","coordinates":[[[121.65841119277866,24.961581008601197],[121.65841119277866,24.970574212238443],[121.6674043964159,24.970574212238443],[121.6674043964159,24.961581008601197],[121.65841119277866,24.961581008601197]]]}},{"type":"Feature","properties":{"jobs":0,"pop":87,"pointCount":1,"homeWorkCommuteMedian":30630,"workHomeCommuteMedian":-1},"geometry":{"type":"Polygon","coordinates":[[[121.65841119277866,24.970574212238443],[121.65841119277866,24.97956741587569],[121.6674043964159,24.97956741587569],[121.6674043964159,24.970574212238443],[121.65841119277866,24.970574212238443]]]}},{"type":"Feature","properties":{"jobs":158,"pop":32,"pointCount":2,"homeWorkCommuteMedian":11568,"workHomeCommuteMedian":14943},"geometry":{"type":"Polygon","coordinates":[[[121.65841119277866,24.97956741587569],[121.65841119277866,24.988560619512935],[121.6674043964159,24.988560619512935],[121.6674043964159,24.97956741587569],[121.65841119277866,24.97956741587569]]]}},{"type":"Feature","properties":{"jobs":181,"pop":289,"pointCount":4,"homeWorkCommuteMedian":23374,"workHomeCommuteMedian":15012},"geometry":{"type":"Polygon","coordinates":[[[121.65841119277866,24.988560619512935],[121.65841119277866,24.99755382315018],[121.6674043964159,24.99755382315018],[121.6674043964159,24.988560619512935],[121.65841119277866,24.988560619512935]]]}},{"type":"Feature","properties":{"jobs":0,"pop":80,"pointCount":1,"homeWorkCommuteMedian":17789,"workHomeCommuteMedian":-1},"geometry":{"type":"Polygon","coordinates":[[[121.65841119277866,25.006547026787427],[121.65841119277866,25.015540230424673],[121.6674043964159,25.015540230424673],[121.6674043964159,25.006547026787427],[121.65841119277866,25.006547026787427]]]}},{"type":"Feature","properties":{"jobs":0,"pop":47,"pointCount":1,"homeWorkCommuteMedian":6916,"workHomeCommuteMedian":-1},"geometry":{"type":"Polygon","coordinates":[[[121.65841119277866,25.015540230424673],[121.65841119277866,25.02453343406192],[121.6674043964159,25.02453343406192],[121.6674043964159,25.015540230424673],[121.65841119277866,25.015540230424673]]]}},{"type":"Feature","properties":{"jobs":122,"pop":0,"pointCount":2,"homeWorkCommuteMedian":-1,"workHomeCommuteMedian":27822},"geometry":{"type":"Polygon","coordinates":[[[121.65841119277866,25.02453343406192],[121.65841119277866,25.033526637699165],[121.6674043964159,25.033526637699165],[121.6674043964159,25.02453343406192],[121.65841119277866,25.02453343406192]]]}},{"type":"Feature","properties":{"jobs":0,"pop":832,"pointCount":2,"homeWorkCommuteMedian":16606,"workHomeCommuteMedian":-1},"geometry":{"type":"Polygon","coordinates":[[[121.65841119277866,25.04251984133641],[121.65841119277866,25.051513044973657],[121.6674043964159,25.051513044973657],[121.6674043964159,25.04251984133641],[121.65841119277866,25.04251984133641]]]}},{"type":"Feature","properties":{"jobs":948,"pop":319,"pointCount":4,"homeWorkCommuteMedian":5490,"workHomeCommuteMedian":15918},"geometry":{"type":"Polygon","coordinates":[[[121.65841119277866,25.051513044973657],[121.65841119277866,25.060506248610903],[121.6674043964159,25.060506248610903],[121.6674043964159,25.051513044973657],[121.65841119277866,25.051513044973657]]]}},{"type":"Feature","properties":{"jobs":7648,"pop":15590,"pointCount":16,"homeWorkCommuteMedian":9268,"workHomeCommuteMedian":14332},"geometry":{"type":"Polygon","coordinates":[[[121.65841119277866,25.060506248610903],[121.65841119277866,25.06949945224815],[121.6674043964159,25.06949945224815],[121.6674043964159,25.060506248610903],[121.65841119277866,25.060506248610903]]]}},{"type":"Feature","properties":{"jobs":9537,"pop":12614,"pointCount":11,"homeWorkCommuteMedian":7619,"workHomeCommuteMedian":14357},"geometry":{"type":"Polygon","coordinates":[[[121.65841119277866,25.06949945224815],[121.65841119277866,25.078492655885395],[121.6674043964159,25.078492655885395],[121.6674043964159,25.06949945224815],[121.65841119277866,25.06949945224815]]]}},{"type":"Feature","properties":{"jobs":220,"pop":783,"pointCount":6,"homeWorkCommuteMedian":23512,"workHomeCommuteMedian":12852},"geometry":{"type":"Polygon","coordinates":[[[121.65841119277866,25.078492655885395],[121.65841119277866,25.08748585952264],[121.6674043964159,25.08748585952264],[121.6674043964159,25.078492655885395],[121.65841119277866,25.078492655885395]]]}},{"type":"Feature","properties":{"jobs":43,"pop":755,"pointCount":4,"homeWorkCommuteMedian":8828,"workHomeCommuteMedian":38498},"geometry":{"type":"Polygon","coordinates":[[[121.65841119277866,25.08748585952264],[121.65841119277866,25.096479063159887],[121.6674043964159,25.096479063159887],[121.6674043964159,25.08748585952264],[121.65841119277866,25.08748585952264]]]}},{"type":"Feature","properties":{"jobs":36,"pop":47,"pointCount":2,"homeWorkCommuteMedian":5678,"workHomeCommuteMedian":8560},"geometry":{"type":"Polygon","coordinates":[[[121.65841119277866,25.096479063159887],[121.65841119277866,25.105472266797133],[121.6674043964159,25.105472266797133],[121.6674043964159,25.096479063159887],[121.65841119277866,25.096479063159887]]]}},{"type":"Feature","properties":{"jobs":65,"pop":109,"pointCount":2,"homeWorkCommuteMedian":10240,"workHomeCommuteMedian":59474},"geometry":{"type":"Polygon","coordinates":[[[121.65841119277866,25.105472266797133],[121.65841119277866,25.11446547043438],[121.6674043964159,25.11446547043438],[121.6674043964159,25.105472266797133],[121.65841119277866,25.105472266797133]]]}},{"type":"Feature","properties":{"jobs":0,"pop":107,"pointCount":1,"homeWorkCommuteMedian":13192,"workHomeCommuteMedian":-1},"geometry":{"type":"Polygon","coordinates":[[[121.65841119277866,25.11446547043438],[121.65841119277866,25.123458674071625],[121.6674043964159,25.123458674071625],[121.6674043964159,25.11446547043438],[121.65841119277866,25.11446547043438]]]}},{"type":"Feature","properties":{"jobs":48,"pop":0,"pointCount":1,"homeWorkCommuteMedian":-1,"workHomeCommuteMedian":24336},"geometry":{"type":"Polygon","coordinates":[[[121.65841119277866,25.123458674071625],[121.65841119277866,25.13245187770887],[121.6674043964159,25.13245187770887],[121.6674043964159,25.123458674071625],[121.65841119277866,25.123458674071625]]]}},{"type":"Feature","properties":{"jobs":0,"pop":35,"pointCount":1,"homeWorkCommuteMedian":42777,"workHomeCommuteMedian":-1},"geometry":{"type":"Polygon","coordinates":[[[121.65841119277866,25.141445081346117],[121.65841119277866,25.150438284983363],[121.6674043964159,25.150438284983363],[121.6674043964159,25.141445081346117],[121.65841119277866,25.141445081346117]]]}},{"type":"Feature","properties":{"jobs":61,"pop":87,"pointCount":4,"homeWorkCommuteMedian":3553,"workHomeCommuteMedian":40262},"geometry":{"type":"Polygon","coordinates":[[[121.65841119277866,25.15943148862061],[121.65841119277866,25.168424692257855],[121.6674043964159,25.168424692257855],[121.6674043964159,25.15943148862061],[121.65841119277866,25.15943148862061]]]}},{"type":"Feature","properties":{"jobs":547,"pop":0,"pointCount":2,"homeWorkCommuteMedian":-1,"workHomeCommuteMedian":8524},"geometry":{"type":"Polygon","coordinates":[[[121.65841119277866,25.195404303169592],[121.65841119277866,25.20439750680684],[121.6674043964159,25.20439750680684],[121.6674043964159,25.195404303169592],[121.65841119277866,25.195404303169592]]]}},{"type":"Feature","properties":{"jobs":61,"pop":0,"pointCount":1,"homeWorkCommuteMedian":-1,"workHomeCommuteMedian":6749},"geometry":{"type":"Polygon","coordinates":[[[121.65841119277866,25.20439750680684],[121.65841119277866,25.213390710444084],[121.6674043964159,25.213390710444084],[121.6674043964159,25.20439750680684],[121.65841119277866,25.20439750680684]]]}},{"type":"Feature","properties":{"jobs":0,"pop":75,"pointCount":1,"homeWorkCommuteMedian":28875,"workHomeCommuteMedian":-1},"geometry":{"type":"Polygon","coordinates":[[[121.6674043964159,24.925608194052213],[121.6674043964159,24.93460139768946],[121.67639760005315,24.93460139768946],[121.67639760005315,24.925608194052213],[121.6674043964159,24.925608194052213]]]}},{"type":"Feature","properties":{"jobs":0,"pop":115,"pointCount":1,"homeWorkCommuteMedian":39452,"workHomeCommuteMedian":-1},"geometry":{"type":"Polygon","coordinates":[[[121.6674043964159,24.943594601326705],[121.6674043964159,24.95258780496395],[121.67639760005315,24.95258780496395],[121.67639760005315,24.943594601326705],[121.6674043964159,24.943594601326705]]]}},{"type":"Feature","properties":{"jobs":0,"pop":38,"pointCount":1,"homeWorkCommuteMedian":23143,"workHomeCommuteMedian":-1},"geometry":{"type":"Polygon","coordinates":[[[121.6674043964159,24.961581008601197],[121.6674043964159,24.970574212238443],[121.67639760005315,24.970574212238443],[121.67639760005315,24.961581008601197],[121.6674043964159,24.961581008601197]]]}},{"type":"Feature","properties":{"jobs":30,"pop":44,"pointCount":2,"homeWorkCommuteMedian":13441,"workHomeCommuteMedian":47159},"geometry":{"type":"Polygon","coordinates":[[[121.6674043964159,24.97956741587569],[121.6674043964159,24.988560619512935],[121.67639760005315,24.988560619512935],[121.67639760005315,24.97956741587569],[121.6674043964159,24.97956741587569]]]}},{"type":"Feature","properties":{"jobs":117,"pop":82,"pointCount":2,"homeWorkCommuteMedian":21149,"workHomeCommuteMedian":53513},"geometry":{"type":"Polygon","coordinates":[[[121.6674043964159,24.99755382315018],[121.6674043964159,25.006547026787427],[121.67639760005315,25.006547026787427],[121.67639760005315,24.99755382315018],[121.6674043964159,24.99755382315018]]]}},{"type":"Feature","properties":{"jobs":43,"pop":244,"pointCount":3,"homeWorkCommuteMedian":20536,"workHomeCommuteMedian":28458},"geometry":{"type":"Polygon","coordinates":[[[121.6674043964159,25.006547026787427],[121.6674043964159,25.015540230424673],[121.67639760005315,25.015540230424673],[121.67639760005315,25.006547026787427],[121.6674043964159,25.006547026787427]]]}},{"type":"Feature","properties":{"jobs":0,"pop":48,"pointCount":1,"homeWorkCommuteMedian":13841,"workHomeCommuteMedian":-1},"geometry":{"type":"Polygon","coordinates":[[[121.6674043964159,25.015540230424673],[121.6674043964159,25.02453343406192],[121.67639760005315,25.02453343406192],[121.67639760005315,25.015540230424673],[121.6674043964159,25.015540230424673]]]}},{"type":"Feature","properties":{"jobs":0,"pop":26,"pointCount":1,"homeWorkCommuteMedian":12344,"workHomeCommuteMedian":-1},"geometry":{"type":"Polygon","coordinates":[[[121.6674043964159,25.02453343406192],[121.6674043964159,25.033526637699165],[121.67639760005315,25.033526637699165],[121.67639760005315,25.02453343406192],[121.6674043964159,25.02453343406192]]]}},{"type":"Feature","properties":{"jobs":25,"pop":0,"pointCount":1,"homeWorkCommuteMedian":-1,"workHomeCommuteMedian":3860},"geometry":{"type":"Polygon","coordinates":[[[121.6674043964159,25.04251984133641],[121.6674043964159,25.051513044973657],[121.67639760005315,25.051513044973657],[121.67639760005315,25.04251984133641],[121.6674043964159,25.04251984133641]]]}},{"type":"Feature","properties":{"jobs":90,"pop":783,"pointCount":2,"homeWorkCommuteMedian":10522,"workHomeCommuteMedian":6962},"geometry":{"type":"Polygon","coordinates":[[[121.6674043964159,25.051513044973657],[121.6674043964159,25.060506248610903],[121.67639760005315,25.060506248610903],[121.67639760005315,25.051513044973657],[121.6674043964159,25.051513044973657]]]}},{"type":"Feature","properties":{"jobs":1946,"pop":3308,"pointCount":10,"homeWorkCommuteMedian":12319,"workHomeCommuteMedian":11031},"geometry":{"type":"Polygon","coordinates":[[[121.6674043964159,25.060506248610903],[121.6674043964159,25.06949945224815],[121.67639760005315,25.06949945224815],[121.67639760005315,25.060506248610903],[121.6674043964159,25.060506248610903]]]}},{"type":"Feature","properties":{"jobs":6196,"pop":1586,"pointCount":6,"homeWorkCommuteMedian":8852,"workHomeCommuteMedian":11330},"geometry":{"type":"Polygon","coordinates":[[[121.6674043964159,25.06949945224815],[121.6674043964159,25.078492655885395],[121.67639760005315,25.078492655885395],[121.67639760005315,25.06949945224815],[121.6674043964159,25.06949945224815]]]}},{"type":"Feature","properties":{"jobs":569,"pop":3859,"pointCount":8,"homeWorkCommuteMedian":10165,"workHomeCommuteMedian":9869},"geometry":{"type":"Polygon","coordinates":[[[121.6674043964159,25.078492655885395],[121.6674043964159,25.08748585952264],[121.67639760005315,25.08748585952264],[121.67639760005315,25.078492655885395],[121.6674043964159,25.078492655885395]]]}},{"type":"Feature","properties":{"jobs":0,"pop":241,"pointCount":2,"homeWorkCommuteMedian":8002,"workHomeCommuteMedian":-1},"geometry":{"type":"Polygon","coordinates":[[[121.6674043964159,25.08748585952264],[121.6674043964159,25.096479063159887],[121.67639760005315,25.096479063159887],[121.67639760005315,25.08748585952264],[121.6674043964159,25.08748585952264]]]}},{"type":"Feature","properties":{"jobs":54,"pop":74,"pointCount":2,"homeWorkCommuteMedian":13658,"workHomeCommuteMedian":35061},"geometry":{"type":"Polygon","coordinates":[[[121.6674043964159,25.123458674071625],[121.6674043964159,25.13245187770887],[121.67639760005315,25.13245187770887],[121.67639760005315,25.123458674071625],[121.6674043964159,25.123458674071625]]]}},{"type":"Feature","properties":{"jobs":0,"pop":201,"pointCount":2,"homeWorkCommuteMedian":41804,"workHomeCommuteMedian":-1},"geometry":{"type":"Polygon","coordinates":[[[121.6674043964159,25.15943148862061],[121.6674043964159,25.168424692257855],[121.67639760005315,25.168424692257855],[121.67639760005315,25.15943148862061],[121.6674043964159,25.15943148862061]]]}},{"type":"Feature","properties":{"jobs":188,"pop":0,"pointCount":3,"homeWorkCommuteMedian":-1,"workHomeCommuteMedian":20150},"geometry":{"type":"Polygon","coordinates":[[[121.6674043964159,25.195404303169592],[121.6674043964159,25.20439750680684],[121.67639760005315,25.20439750680684],[121.67639760005315,25.195404303169592],[121.6674043964159,25.195404303169592]]]}},{"type":"Feature","properties":{"jobs":54,"pop":0,"pointCount":1,"homeWorkCommuteMedian":-1,"workHomeCommuteMedian":12569},"geometry":{"type":"Polygon","coordinates":[[[121.67639760005315,24.898628583140475],[121.67639760005315,24.90762178677772],[121.6853908036904,24.90762178677772],[121.6853908036904,24.898628583140475],[121.67639760005315,24.898628583140475]]]}},{"type":"Feature","properties":{"jobs":0,"pop":97,"pointCount":1,"homeWorkCommuteMedian":33196,"workHomeCommuteMedian":-1},"geometry":{"type":"Polygon","coordinates":[[[121.67639760005315,24.916614990414967],[121.67639760005315,24.925608194052213],[121.6853908036904,24.925608194052213],[121.6853908036904,24.916614990414967],[121.67639760005315,24.916614990414967]]]}},{"type":"Feature","properties":{"jobs":34,"pop":0,"pointCount":1,"homeWorkCommuteMedian":-1,"workHomeCommuteMedian":29961},"geometry":{"type":"Polygon","coordinates":[[[121.67639760005315,24.925608194052213],[121.67639760005315,24.93460139768946],[121.6853908036904,24.93460139768946],[121.6853908036904,24.925608194052213],[121.67639760005315,24.925608194052213]]]}},{"type":"Feature","properties":{"jobs":58,"pop":114,"pointCount":3,"homeWorkCommuteMedian":27146,"workHomeCommuteMedian":31062},"geometry":{"type":"Polygon","coordinates":[[[121.67639760005315,24.961581008601197],[121.67639760005315,24.970574212238443],[121.6853908036904,24.970574212238443],[121.6853908036904,24.961581008601197],[121.67639760005315,24.961581008601197]]]}},{"type":"Feature","properties":{"jobs":0,"pop":51,"pointCount":1,"homeWorkCommuteMedian":19971,"workHomeCommuteMedian":-1},"geometry":{"type":"Polygon","coordinates":[[[121.67639760005315,24.970574212238443],[121.67639760005315,24.97956741587569],[121.6853908036904,24.97956741587569],[121.6853908036904,24.970574212238443],[121.67639760005315,24.970574212238443]]]}},{"type":"Feature","properties":{"jobs":0,"pop":61,"pointCount":1,"homeWorkCommuteMedian":24391,"workHomeCommuteMedian":-1},"geometry":{"type":"Polygon","coordinates":[[[121.67639760005315,24.988560619512935],[121.67639760005315,24.99755382315018],[121.6853908036904,24.99755382315018],[121.6853908036904,24.988560619512935],[121.67639760005315,24.988560619512935]]]}},{"type":"Feature","properties":{"jobs":0,"pop":44,"pointCount":1,"homeWorkCommuteMedian":26916,"workHomeCommuteMedian":-1},"geometry":{"type":"Polygon","coordinates":[[[121.67639760005315,24.99755382315018],[121.67639760005315,25.006547026787427],[121.6853908036904,25.006547026787427],[121.6853908036904,24.99755382315018],[121.67639760005315,24.99755382315018]]]}},{"type":"Feature","properties":{"jobs":0,"pop":57,"pointCount":1,"homeWorkCommuteMedian":7092,"workHomeCommuteMedian":-1},"geometry":{"type":"Polygon","coordinates":[[[121.67639760005315,25.006547026787427],[121.67639760005315,25.015540230424673],[121.6853908036904,25.015540230424673],[121.6853908036904,25.006547026787427],[121.67639760005315,25.006547026787427]]]}},{"type":"Feature","properties":{"jobs":0,"pop":58,"pointCount":1,"homeWorkCommuteMedian":20209,"workHomeCommuteMedian":-1},"geometry":{"type":"Polygon","coordinates":[[[121.67639760005315,25.02453343406192],[121.67639760005315,25.033526637699165],[121.6853908036904,25.033526637699165],[121.6853908036904,25.02453343406192],[121.67639760005315,25.02453343406192]]]}},{"type":"Feature","properties":{"jobs":0,"pop":640,"pointCount":1,"homeWorkCommuteMedian":7619,"workHomeCommuteMedian":-1},"geometry":{"type":"Polygon","coordinates":[[[121.67639760005315,25.051513044973657],[121.67639760005315,25.060506248610903],[121.6853908036904,25.060506248610903],[121.6853908036904,25.051513044973657],[121.67639760005315,25.051513044973657]]]}},{"type":"Feature","properties":{"jobs":1614,"pop":0,"pointCount":1,"homeWorkCommuteMedian":-1,"workHomeCommuteMedian":11394},"geometry":{"type":"Polygon","coordinates":[[[121.67639760005315,25.060506248610903],[121.67639760005315,25.06949945224815],[121.6853908036904,25.06949945224815],[121.6853908036904,25.060506248610903],[121.67639760005315,25.060506248610903]]]}},{"type":"Feature","properties":{"jobs":10344,"pop":2555,"pointCount":8,"homeWorkCommuteMedian":10449,"workHomeCommuteMedian":10786},"geometry":{"type":"Polygon","coordinates":[[[121.67639760005315,25.06949945224815],[121.67639760005315,25.078492655885395],[121.6853908036904,25.078492655885395],[121.6853908036904,25.06949945224815],[121.67639760005315,25.06949945224815]]]}},{"type":"Feature","properties":{"jobs":552,"pop":294,"pointCount":5,"homeWorkCommuteMedian":8112,"workHomeCommuteMedian":7221},"geometry":{"type":"Polygon","coordinates":[[[121.67639760005315,25.078492655885395],[121.67639760005315,25.08748585952264],[121.6853908036904,25.08748585952264],[121.6853908036904,25.078492655885395],[121.67639760005315,25.078492655885395]]]}},{"type":"Feature","properties":{"jobs":81,"pop":0,"pointCount":1,"homeWorkCommuteMedian":-1,"workHomeCommuteMedian":5506},"geometry":{"type":"Polygon","coordinates":[[[121.67639760005315,25.105472266797133],[121.67639760005315,25.11446547043438],[121.6853908036904,25.11446547043438],[121.6853908036904,25.105472266797133],[121.67639760005315,25.105472266797133]]]}},{"type":"Feature","properties":{"jobs":40,"pop":78,"pointCount":2,"homeWorkCommuteMedian":13834,"workHomeCommuteMedian":10482},"geometry":{"type":"Polygon","coordinates":[[[121.67639760005315,25.11446547043438],[121.67639760005315,25.123458674071625],[121.6853908036904,25.123458674071625],[121.6853908036904,25.11446547043438],[121.67639760005315,25.11446547043438]]]}},{"type":"Feature","properties":{"jobs":0,"pop":26,"pointCount":1,"homeWorkCommuteMedian":9102,"workHomeCommuteMedian":-1},"geometry":{"type":"Polygon","coordinates":[[[121.67639760005315,25.123458674071625],[121.67639760005315,25.13245187770887],[121.6853908036904,25.13245187770887],[121.6853908036904,25.123458674071625],[121.67639760005315,25.123458674071625]]]}},{"type":"Feature","properties":{"jobs":36,"pop":154,"pointCount":3,"homeWorkCommuteMedian":8080,"workHomeCommuteMedian":27782},"geometry":{"type":"Polygon","coordinates":[[[121.67639760005315,25.15943148862061],[121.67639760005315,25.168424692257855],[121.6853908036904,25.168424692257855],[121.6853908036904,25.15943148862061],[121.67639760005315,25.15943148862061]]]}},{"type":"Feature","properties":{"jobs":0,"pop":1928,"pointCount":7,"homeWorkCommuteMedian":26821,"workHomeCommuteMedian":-1},"geometry":{"type":"Polygon","coordinates":[[[121.67639760005315,25.168424692257855],[121.67639760005315,25.1774178958951],[121.6853908036904,25.1774178958951],[121.6853908036904,25.168424692257855],[121.67639760005315,25.168424692257855]]]}},{"type":"Feature","properties":{"jobs":45,"pop":139,"pointCount":2,"homeWorkCommuteMedian":9148,"workHomeCommuteMedian":9426},"geometry":{"type":"Polygon","coordinates":[[[121.67639760005315,25.1774178958951],[121.67639760005315,25.186411099532346],[121.6853908036904,25.186411099532346],[121.6853908036904,25.1774178958951],[121.67639760005315,25.1774178958951]]]}},{"type":"Feature","properties":{"jobs":1232,"pop":778,"pointCount":11,"homeWorkCommuteMedian":31390,"workHomeCommuteMedian":25464},"geometry":{"type":"Polygon","coordinates":[[[121.67639760005315,25.186411099532346],[121.67639760005315,25.195404303169592],[121.6853908036904,25.195404303169592],[121.6853908036904,25.186411099532346],[121.67639760005315,25.186411099532346]]]}},{"type":"Feature","properties":{"jobs":177,"pop":407,"pointCount":4,"homeWorkCommuteMedian":36754,"workHomeCommuteMedian":4740},"geometry":{"type":"Polygon","coordinates":[[[121.67639760005315,25.195404303169592],[121.67639760005315,25.20439750680684],[121.6853908036904,25.20439750680684],[121.6853908036904,25.195404303169592],[121.67639760005315,25.195404303169592]]]}},{"type":"Feature","properties":{"jobs":0,"pop":104,"pointCount":1,"homeWorkCommuteMedian":38683,"workHomeCommuteMedian":-1},"geometry":{"type":"Polygon","coordinates":[[[121.6853908036904,24.925608194052213],[121.6853908036904,24.93460139768946],[121.69438400732764,24.93460139768946],[121.69438400732764,24.925608194052213],[121.6853908036904,24.925608194052213]]]}},{"type":"Feature","properties":{"jobs":0,"pop":42,"pointCount":1,"homeWorkCommuteMedian":37431,"workHomeCommuteMedian":-1},"geometry":{"type":"Polygon","coordinates":[[[121.6853908036904,24.95258780496395],[121.6853908036904,24.961581008601197],[121.69438400732764,24.961581008601197],[121.69438400732764,24.95258780496395],[121.6853908036904,24.95258780496395]]]}},{"type":"Feature","properties":{"jobs":0,"pop":26,"pointCount":1,"homeWorkCommuteMedian":19111,"workHomeCommuteMedian":-1},"geometry":{"type":"Polygon","coordinates":[[[121.6853908036904,24.961581008601197],[121.6853908036904,24.970574212238443],[121.69438400732764,24.970574212238443],[121.69438400732764,24.961581008601197],[121.6853908036904,24.961581008601197]]]}},{"type":"Feature","properties":{"jobs":979,"pop":0,"pointCount":2,"homeWorkCommuteMedian":-1,"workHomeCommuteMedian":26370},"geometry":{"type":"Polygon","coordinates":[[[121.6853908036904,24.97956741587569],[121.6853908036904,24.988560619512935],[121.69438400732764,24.988560619512935],[121.69438400732764,24.97956741587569],[121.6853908036904,24.97956741587569]]]}},{"type":"Feature","properties":{"jobs":65,"pop":79,"pointCount":4,"homeWorkCommuteMedian":21811,"workHomeCommuteMedian":22651},"geometry":{"type":"Polygon","coordinates":[[[121.6853908036904,25.006547026787427],[121.6853908036904,25.015540230424673],[121.69438400732764,25.015540230424673],[121.69438400732764,25.006547026787427],[121.6853908036904,25.006547026787427]]]}},{"type":"Feature","properties":{"jobs":184,"pop":333,"pointCount":3,"homeWorkCommuteMedian":10651,"workHomeCommuteMedian":14423},"geometry":{"type":"Polygon","coordinates":[[[121.6853908036904,25.060506248610903],[121.6853908036904,25.06949945224815],[121.69438400732764,25.06949945224815],[121.69438400732764,25.060506248610903],[121.6853908036904,25.060506248610903]]]}},{"type":"Feature","properties":{"jobs":4460,"pop":172,"pointCount":3,"homeWorkCommuteMedian":28990,"workHomeCommuteMedian":10471},"geometry":{"type":"Polygon","coordinates":[[[121.6853908036904,25.06949945224815],[121.6853908036904,25.078492655885395],[121.69438400732764,25.078492655885395],[121.69438400732764,25.06949945224815],[121.6853908036904,25.06949945224815]]]}},{"type":"Feature","properties":{"jobs":3867,"pop":875,"pointCount":5,"homeWorkCommuteMedian":10161,"workHomeCommuteMedian":11174},"geometry":{"type":"Polygon","coordinates":[[[121.6853908036904,25.078492655885395],[121.6853908036904,25.08748585952264],[121.69438400732764,25.08748585952264],[121.69438400732764,25.078492655885395],[121.6853908036904,25.078492655885395]]]}},{"type":"Feature","properties":{"jobs":139,"pop":68,"pointCount":2,"homeWorkCommuteMedian":3047,"workHomeCommuteMedian":4469},"geometry":{"type":"Polygon","coordinates":[[[121.6853908036904,25.096479063159887],[121.6853908036904,25.105472266797133],[121.69438400732764,25.105472266797133],[121.69438400732764,25.096479063159887],[121.6853908036904,25.096479063159887]]]}},{"type":"Feature","properties":{"jobs":532,"pop":145,"pointCount":6,"homeWorkCommuteMedian":31546,"workHomeCommuteMedian":17322},"geometry":{"type":"Polygon","coordinates":[[[121.6853908036904,25.105472266797133],[121.6853908036904,25.11446547043438],[121.69438400732764,25.11446547043438],[121.69438400732764,25.105472266797133],[121.6853908036904,25.105472266797133]]]}},{"type":"Feature","properties":{"jobs":0,"pop":63,"pointCount":1,"homeWorkCommuteMedian":39444,"workHomeCommuteMedian":-1},"geometry":{"type":"Polygon","coordinates":[[[121.6853908036904,25.11446547043438],[121.6853908036904,25.123458674071625],[121.69438400732764,25.123458674071625],[121.69438400732764,25.11446547043438],[121.6853908036904,25.11446547043438]]]}},{"type":"Feature","properties":{"jobs":27,"pop":0,"pointCount":1,"homeWorkCommuteMedian":-1,"workHomeCommuteMedian":8215},"geometry":{"type":"Polygon","coordinates":[[[121.6853908036904,25.123458674071625],[121.6853908036904,25.13245187770887],[121.69438400732764,25.13245187770887],[121.69438400732764,25.123458674071625],[121.6853908036904,25.123458674071625]]]}},{"type":"Feature","properties":{"jobs":44,"pop":108,"pointCount":2,"homeWorkCommuteMedian":37786,"workHomeCommuteMedian":42956},"geometry":{"type":"Polygon","coordinates":[[[121.6853908036904,25.13245187770887],[121.6853908036904,25.141445081346117],[121.69438400732764,25.141445081346117],[121.69438400732764,25.13245187770887],[121.6853908036904,25.13245187770887]]]}},{"type":"Feature","properties":{"jobs":43,"pop":29,"pointCount":2,"homeWorkCommuteMedian":33643,"workHomeCommuteMedian":36478},"geometry":{"type":"Polygon","coordinates":[[[121.6853908036904,25.141445081346117],[121.6853908036904,25.150438284983363],[121.69438400732764,25.150438284983363],[121.69438400732764,25.141445081346117],[121.6853908036904,25.141445081346117]]]}},{"type":"Feature","properties":{"jobs":44,"pop":125,"pointCount":2,"homeWorkCommuteMedian":25043,"workHomeCommuteMedian":2172},"geometry":{"type":"Polygon","coordinates":[[[121.6853908036904,25.150438284983363],[121.6853908036904,25.15943148862061],[121.69438400732764,25.15943148862061],[121.69438400732764,25.150438284983363],[121.6853908036904,25.150438284983363]]]}},{"type":"Feature","properties":{"jobs":0,"pop":771,"pointCount":4,"homeWorkCommuteMedian":25025,"workHomeCommuteMedian":-1},"geometry":{"type":"Polygon","coordinates":[[[121.6853908036904,25.15943148862061],[121.6853908036904,25.168424692257855],[121.69438400732764,25.168424692257855],[121.69438400732764,25.15943148862061],[121.6853908036904,25.15943148862061]]]}},{"type":"Feature","properties":{"jobs":233,"pop":910,"pointCount":2,"homeWorkCommuteMedian":21496,"workHomeCommuteMedian":3361},"geometry":{"type":"Polygon","coordinates":[[[121.6853908036904,25.168424692257855],[121.6853908036904,25.1774178958951],[121.69438400732764,25.1774178958951],[121.69438400732764,25.168424692257855],[121.6853908036904,25.168424692257855]]]}},{"type":"Feature","properties":{"jobs":666,"pop":1825,"pointCount":7,"homeWorkCommuteMedian":16247,"workHomeCommuteMedian":7436},"geometry":{"type":"Polygon","coordinates":[[[121.6853908036904,25.1774178958951],[121.6853908036904,25.186411099532346],[121.69438400732764,25.186411099532346],[121.69438400732764,25.1774178958951],[121.6853908036904,25.1774178958951]]]}},{"type":"Feature","properties":{"jobs":0,"pop":171,"pointCount":1,"homeWorkCommuteMedian":54201,"workHomeCommuteMedian":-1},"geometry":{"type":"Polygon","coordinates":[[[121.6853908036904,25.186411099532346],[121.6853908036904,25.195404303169592],[121.69438400732764,25.195404303169592],[121.69438400732764,25.186411099532346],[121.6853908036904,25.186411099532346]]]}},{"type":"Feature","properties":{"jobs":501,"pop":1539,"pointCount":5,"homeWorkCommuteMedian":30823,"workHomeCommuteMedian":4810},"geometry":{"type":"Polygon","coordinates":[[[121.6853908036904,25.195404303169592],[121.6853908036904,25.20439750680684],[121.69438400732764,25.20439750680684],[121.69438400732764,25.195404303169592],[121.6853908036904,25.195404303169592]]]}},{"type":"Feature","properties":{"jobs":386,"pop":352,"pointCount":3,"homeWorkCommuteMedian":30086,"workHomeCommuteMedian":62607},"geometry":{"type":"Polygon","coordinates":[[[121.6853908036904,25.20439750680684],[121.6853908036904,25.213390710444084],[121.69438400732764,25.213390710444084],[121.69438400732764,25.20439750680684],[121.6853908036904,25.20439750680684]]]}},{"type":"Feature","properties":{"jobs":30,"pop":135,"pointCount":2,"homeWorkCommuteMedian":52805,"workHomeCommuteMedian":5311},"geometry":{"type":"Polygon","coordinates":[[[121.69438400732764,24.916614990414967],[121.69438400732764,24.925608194052213],[121.70337721096489,24.925608194052213],[121.70337721096489,24.916614990414967],[121.69438400732764,24.916614990414967]]]}},{"type":"Feature","properties":{"jobs":268,"pop":0,"pointCount":2,"homeWorkCommuteMedian":-1,"workHomeCommuteMedian":34667},"geometry":{"type":"Polygon","coordinates":[[[121.69438400732764,24.925608194052213],[121.69438400732764,24.93460139768946],[121.70337721096489,24.93460139768946],[121.70337721096489,24.925608194052213],[121.69438400732764,24.925608194052213]]]}},{"type":"Feature","properties":{"jobs":0,"pop":241,"pointCount":2,"homeWorkCommuteMedian":30711,"workHomeCommuteMedian":-1},"geometry":{"type":"Polygon","coordinates":[[[121.69438400732764,24.93460139768946],[121.69438400732764,24.943594601326705],[121.70337721096489,24.943594601326705],[121.70337721096489,24.93460139768946],[121.69438400732764,24.93460139768946]]]}},{"type":"Feature","properties":{"jobs":57,"pop":93,"pointCount":2,"homeWorkCommuteMedian":25120,"workHomeCommuteMedian":33988},"geometry":{"type":"Polygon","coordinates":[[[121.69438400732764,24.943594601326705],[121.69438400732764,24.95258780496395],[121.70337721096489,24.95258780496395],[121.70337721096489,24.943594601326705],[121.69438400732764,24.943594601326705]]]}},{"type":"Feature","properties":{"jobs":0,"pop":47,"pointCount":1,"homeWorkCommuteMedian":54379,"workHomeCommuteMedian":-1},"geometry":{"type":"Polygon","coordinates":[[[121.69438400732764,24.95258780496395],[121.69438400732764,24.961581008601197],[121.70337721096489,24.961581008601197],[121.70337721096489,24.95258780496395],[121.69438400732764,24.95258780496395]]]}},{"type":"Feature","properties":{"jobs":29,"pop":116,"pointCount":3,"homeWorkCommuteMedian":19500,"workHomeCommuteMedian":7152},"geometry":{"type":"Polygon","coordinates":[[[121.69438400732764,24.97956741587569],[121.69438400732764,24.988560619512935],[121.70337721096489,24.988560619512935],[121.70337721096489,24.97956741587569],[121.69438400732764,24.97956741587569]]]}},{"type":"Feature","properties":{"jobs":26,"pop":137,"pointCount":2,"homeWorkCommuteMedian":72779,"workHomeCommuteMedian":4799},"geometry":{"type":"Polygon","coordinates":[[[121.69438400732764,25.006547026787427],[121.69438400732764,25.015540230424673],[121.70337721096489,25.015540230424673],[121.70337721096489,25.006547026787427],[121.69438400732764,25.006547026787427]]]}},{"type":"Feature","properties":{"jobs":35,"pop":78,"pointCount":2,"homeWorkCommuteMedian":33362,"workHomeCommuteMedian":13268},"geometry":{"type":"Polygon","coordinates":[[[121.69438400732764,25.051513044973657],[121.69438400732764,25.060506248610903],[121.70337721096489,25.060506248610903],[121.70337721096489,25.051513044973657],[121.69438400732764,25.051513044973657]]]}},{"type":"Feature","properties":{"jobs":123,"pop":0,"pointCount":2,"homeWorkCommuteMedian":-1,"workHomeCommuteMedian":36827},"geometry":{"type":"Polygon","coordinates":[[[121.69438400732764,25.060506248610903],[121.69438400732764,25.06949945224815],[121.70337721096489,25.06949945224815],[121.70337721096489,25.060506248610903],[121.69438400732764,25.060506248610903]]]}},{"type":"Feature","properties":{"jobs":102,"pop":1620,"pointCount":4,"homeWorkCommuteMedian":10176,"workHomeCommuteMedian":23246},"geometry":{"type":"Polygon","coordinates":[[[121.69438400732764,25.06949945224815],[121.69438400732764,25.078492655885395],[121.70337721096489,25.078492655885395],[121.70337721096489,25.06949945224815],[121.69438400732764,25.06949945224815]]]}},{"type":"Feature","properties":{"jobs":6927,"pop":8382,"pointCount":11,"homeWorkCommuteMedian":6609,"workHomeCommuteMedian":9971},"geometry":{"type":"Polygon","coordinates":[[[121.69438400732764,25.078492655885395],[121.69438400732764,25.08748585952264],[121.70337721096489,25.08748585952264],[121.70337721096489,25.078492655885395],[121.69438400732764,25.078492655885395]]]}},{"type":"Feature","properties":{"jobs":1320,"pop":2107,"pointCount":7,"homeWorkCommuteMedian":7672,"workHomeCommuteMedian":7719},"geometry":{"type":"Polygon","coordinates":[[[121.69438400732764,25.08748585952264],[121.69438400732764,25.096479063159887],[121.70337721096489,25.096479063159887],[121.70337721096489,25.08748585952264],[121.69438400732764,25.08748585952264]]]}},{"type":"Feature","properties":{"jobs":0,"pop":78,"pointCount":1,"homeWorkCommuteMedian":1765,"workHomeCommuteMedian":-1},"geometry":{"type":"Polygon","coordinates":[[[121.69438400732764,25.096479063159887],[121.69438400732764,25.105472266797133],[121.70337721096489,25.105472266797133],[121.70337721096489,25.096479063159887],[121.69438400732764,25.096479063159887]]]}},{"type":"Feature","properties":{"jobs":0,"pop":32,"pointCount":1,"homeWorkCommuteMedian":42171,"workHomeCommuteMedian":-1},"geometry":{"type":"Polygon","coordinates":[[[121.69438400732764,25.11446547043438],[121.69438400732764,25.123458674071625],[121.70337721096489,25.123458674071625],[121.70337721096489,25.11446547043438],[121.69438400732764,25.11446547043438]]]}},{"type":"Feature","properties":{"jobs":53,"pop":0,"pointCount":1,"homeWorkCommuteMedian":-1,"workHomeCommuteMedian":10803},"geometry":{"type":"Polygon","coordinates":[[[121.69438400732764,25.123458674071625],[121.69438400732764,25.13245187770887],[121.70337721096489,25.13245187770887],[121.70337721096489,25.123458674071625],[121.69438400732764,25.123458674071625]]]}},{"type":"Feature","properties":{"jobs":1569,"pop":1191,"pointCount":7,"homeWorkCommuteMedian":11330,"workHomeCommuteMedian":7284},"geometry":{"type":"Polygon","coordinates":[[[121.69438400732764,25.141445081346117],[121.69438400732764,25.150438284983363],[121.70337721096489,25.150438284983363],[121.70337721096489,25.141445081346117],[121.69438400732764,25.141445081346117]]]}},{"type":"Feature","properties":{"jobs":1651,"pop":1939,"pointCount":7,"homeWorkCommuteMedian":11174,"workHomeCommuteMedian":9314},"geometry":{"type":"Polygon","coordinates":[[[121.69438400732764,25.150438284983363],[121.69438400732764,25.15943148862061],[121.70337721096489,25.15943148862061],[121.70337721096489,25.150438284983363],[121.69438400732764,25.150438284983363]]]}},{"type":"Feature","properties":{"jobs":0,"pop":479,"pointCount":2,"homeWorkCommuteMedian":38207,"workHomeCommuteMedian":-1},"geometry":{"type":"Polygon","coordinates":[[[121.69438400732764,25.15943148862061],[121.69438400732764,25.168424692257855],[121.70337721096489,25.168424692257855],[121.70337721096489,25.15943148862061],[121.69438400732764,25.15943148862061]]]}},{"type":"Feature","properties":{"jobs":79,"pop":0,"pointCount":2,"homeWorkCommuteMedian":-1,"workHomeCommuteMedian":3971},"geometry":{"type":"Polygon","coordinates":[[[121.69438400732764,25.1774178958951],[121.69438400732764,25.186411099532346],[121.70337721096489,25.186411099532346],[121.70337721096489,25.1774178958951],[121.69438400732764,25.1774178958951]]]}},{"type":"Feature","properties":{"jobs":0,"pop":203,"pointCount":1,"homeWorkCommuteMedian":35474,"workHomeCommuteMedian":-1},"geometry":{"type":"Polygon","coordinates":[[[121.70337721096489,24.880642175865983],[121.70337721096489,24.88963537950323],[121.71237041460213,24.88963537950323],[121.71237041460213,24.880642175865983],[121.70337721096489,24.880642175865983]]]}},{"type":"Feature","properties":{"jobs":0,"pop":94,"pointCount":2,"homeWorkCommuteMedian":12569,"workHomeCommuteMedian":-1},"geometry":{"type":"Polygon","coordinates":[[[121.70337721096489,24.90762178677772],[121.70337721096489,24.916614990414967],[121.71237041460213,24.916614990414967],[121.71237041460213,24.90762178677772],[121.70337721096489,24.90762178677772]]]}},{"type":"Feature","properties":{"jobs":0,"pop":146,"pointCount":2,"homeWorkCommuteMedian":26642,"workHomeCommuteMedian":-1},"geometry":{"type":"Polygon","coordinates":[[[121.70337721096489,24.916614990414967],[121.70337721096489,24.925608194052213],[121.71237041460213,24.925608194052213],[121.71237041460213,24.916614990414967],[121.70337721096489,24.916614990414967]]]}},{"type":"Feature","properties":{"jobs":95,"pop":138,"pointCount":4,"homeWorkCommuteMedian":32640,"workHomeCommuteMedian":2348},"geometry":{"type":"Polygon","coordinates":[[[121.70337721096489,24.925608194052213],[121.70337721096489,24.93460139768946],[121.71237041460213,24.93460139768946],[121.71237041460213,24.925608194052213],[121.70337721096489,24.925608194052213]]]}},{"type":"Feature","properties":{"jobs":523,"pop":476,"pointCount":4,"homeWorkCommuteMedian":33206,"workHomeCommuteMedian":25737},"geometry":{"type":"Polygon","coordinates":[[[121.70337721096489,24.93460139768946],[121.70337721096489,24.943594601326705],[121.71237041460213,24.943594601326705],[121.71237041460213,24.93460139768946],[121.70337721096489,24.93460139768946]]]}},{"type":"Feature","properties":{"jobs":0,"pop":47,"pointCount":1,"homeWorkCommuteMedian":32912,"workHomeCommuteMedian":-1},"geometry":{"type":"Polygon","coordinates":[[[121.70337721096489,24.943594601326705],[121.70337721096489,24.95258780496395],[121.71237041460213,24.95258780496395],[121.71237041460213,24.943594601326705],[121.70337721096489,24.943594601326705]]]}},{"type":"Feature","properties":{"jobs":0,"pop":64,"pointCount":1,"homeWorkCommuteMedian":40384,"workHomeCommuteMedian":-1},"geometry":{"type":"Polygon","coordinates":[[[121.70337721096489,24.961581008601197],[121.70337721096489,24.970574212238443],[121.71237041460213,24.970574212238443],[121.71237041460213,24.961581008601197],[121.70337721096489,24.961581008601197]]]}},{"type":"Feature","properties":{"jobs":0,"pop":32,"pointCount":1,"homeWorkCommuteMedian":13847,"workHomeCommuteMedian":-1},"geometry":{"type":"Polygon","coordinates":[[[121.70337721096489,25.006547026787427],[121.70337721096489,25.015540230424673],[121.71237041460213,25.015540230424673],[121.71237041460213,25.006547026787427],[121.70337721096489,25.006547026787427]]]}},{"type":"Feature","properties":{"jobs":0,"pop":138,"pointCount":1,"homeWorkCommuteMedian":20498,"workHomeCommuteMedian":-1},"geometry":{"type":"Polygon","coordinates":[[[121.70337721096489,25.015540230424673],[121.70337721096489,25.02453343406192],[121.71237041460213,25.02453343406192],[121.71237041460213,25.015540230424673],[121.70337721096489,25.015540230424673]]]}},{"type":"Feature","properties":{"jobs":42,"pop":49,"pointCount":1,"homeWorkCommuteMedian":28962,"workHomeCommuteMedian":7014},"geometry":{"type":"Polygon","coordinates":[[[121.70337721096489,25.04251984133641],[121.70337721096489,25.051513044973657],[121.71237041460213,25.051513044973657],[121.71237041460213,25.04251984133641],[121.70337721096489,25.04251984133641]]]}},{"type":"Feature","properties":{"jobs":0,"pop":231,"pointCount":1,"homeWorkCommuteMedian":19259,"workHomeCommuteMedian":-1},"geometry":{"type":"Polygon","coordinates":[[[121.70337721096489,25.051513044973657],[121.70337721096489,25.060506248610903],[121.71237041460213,25.060506248610903],[121.71237041460213,25.051513044973657],[121.70337721096489,25.051513044973657]]]}},{"type":"Feature","properties":{"jobs":426,"pop":765,"pointCount":6,"homeWorkCommuteMedian":19422,"workHomeCommuteMedian":18125},"geometry":{"type":"Polygon","coordinates":[[[121.70337721096489,25.078492655885395],[121.70337721096489,25.08748585952264],[121.71237041460213,25.08748585952264],[121.71237041460213,25.078492655885395],[121.70337721096489,25.078492655885395]]]}},{"type":"Feature","properties":{"jobs":3121,"pop":3601,"pointCount":10,"homeWorkCommuteMedian":7231,"workHomeCommuteMedian":7629},"geometry":{"type":"Polygon","coordinates":[[[121.70337721096489,25.08748585952264],[121.70337721096489,25.096479063159887],[121.71237041460213,25.096479063159887],[121.71237041460213,25.08748585952264],[121.70337721096489,25.08748585952264]]]}},{"type":"Feature","properties":{"jobs":738,"pop":2691,"pointCount":6,"homeWorkCommuteMedian":20510,"workHomeCommuteMedian":8828},"geometry":{"type":"Polygon","coordinates":[[[121.70337721096489,25.096479063159887],[121.70337721096489,25.105472266797133],[121.71237041460213,25.105472266797133],[121.71237041460213,25.096479063159887],[121.70337721096489,25.096479063159887]]]}},{"type":"Feature","properties":{"jobs":0,"pop":78,"pointCount":1,"homeWorkCommuteMedian":3272,"workHomeCommuteMedian":-1},"geometry":{"type":"Polygon","coordinates":[[[121.70337721096489,25.105472266797133],[121.70337721096489,25.11446547043438],[121.71237041460213,25.11446547043438],[121.71237041460213,25.105472266797133],[121.70337721096489,25.105472266797133]]]}},{"type":"Feature","properties":{"jobs":0,"pop":149,"pointCount":2,"homeWorkCommuteMedian":5370,"workHomeCommuteMedian":-1},"geometry":{"type":"Polygon","coordinates":[[[121.70337721096489,25.11446547043438],[121.70337721096489,25.123458674071625],[121.71237041460213,25.123458674071625],[121.71237041460213,25.11446547043438],[121.70337721096489,25.11446547043438]]]}},{"type":"Feature","properties":{"jobs":160,"pop":644,"pointCount":2,"homeWorkCommuteMedian":6095,"workHomeCommuteMedian":4436},"geometry":{"type":"Polygon","coordinates":[[[121.70337721096489,25.123458674071625],[121.70337721096489,25.13245187770887],[121.71237041460213,25.13245187770887],[121.71237041460213,25.123458674071625],[121.70337721096489,25.123458674071625]]]}},{"type":"Feature","properties":{"jobs":3534,"pop":5305,"pointCount":5,"homeWorkCommuteMedian":14562,"workHomeCommuteMedian":4231},"geometry":{"type":"Polygon","coordinates":[[[121.70337721096489,25.13245187770887],[121.70337721096489,25.141445081346117],[121.71237041460213,25.141445081346117],[121.71237041460213,25.13245187770887],[121.70337721096489,25.13245187770887]]]}},{"type":"Feature","properties":{"jobs":3476,"pop":2743,"pointCount":8,"homeWorkCommuteMedian":11820,"workHomeCommuteMedian":7030},"geometry":{"type":"Polygon","coordinates":[[[121.70337721096489,25.141445081346117],[121.70337721096489,25.150438284983363],[121.71237041460213,25.150438284983363],[121.71237041460213,25.141445081346117],[121.70337721096489,25.141445081346117]]]}},{"type":"Feature","properties":{"jobs":55,"pop":33,"pointCount":1,"homeWorkCommuteMedian":4004,"workHomeCommuteMedian":49202},"geometry":{"type":"Polygon","coordinates":[[[121.70337721096489,25.15943148862061],[121.70337721096489,25.168424692257855],[121.71237041460213,25.168424692257855],[121.71237041460213,25.15943148862061],[121.70337721096489,25.15943148862061]]]}},{"type":"Feature","properties":{"jobs":0,"pop":45,"pointCount":1,"homeWorkCommuteMedian":39518,"workHomeCommuteMedian":-1},"geometry":{"type":"Polygon","coordinates":[[[121.71237041460213,24.88963537950323],[121.71237041460213,24.898628583140475],[121.72136361823938,24.898628583140475],[121.72136361823938,24.88963537950323],[121.71237041460213,24.88963537950323]]]}},{"type":"Feature","properties":{"jobs":49,"pop":0,"pointCount":1,"homeWorkCommuteMedian":-1,"workHomeCommuteMedian":28719},"geometry":{"type":"Polygon","coordinates":[[[121.71237041460213,24.925608194052213],[121.71237041460213,24.93460139768946],[121.72136361823938,24.93460139768946],[121.72136361823938,24.925608194052213],[121.71237041460213,24.925608194052213]]]}},{"type":"Feature","properties":{"jobs":377,"pop":31,"pointCount":4,"homeWorkCommuteMedian":26668,"workHomeCommuteMedian":21301},"geometry":{"type":"Polygon","coordinates":[[[121.71237041460213,24.93460139768946],[121.71237041460213,24.943594601326705],[121.72136361823938,24.943594601326705],[121.72136361823938,24.93460139768946],[121.71237041460213,24.93460139768946]]]}},{"type":"Feature","properties":{"jobs":0,"pop":30,"pointCount":1,"homeWorkCommuteMedian":9959,"workHomeCommuteMedian":-1},"geometry":{"type":"Polygon","coordinates":[[[121.71237041460213,24.943594601326705],[121.71237041460213,24.95258780496395],[121.72136361823938,24.95258780496395],[121.72136361823938,24.943594601326705],[121.71237041460213,24.943594601326705]]]}},{"type":"Feature","properties":{"jobs":0,"pop":70,"pointCount":1,"homeWorkCommuteMedian":31079,"workHomeCommuteMedian":-1},"geometry":{"type":"Polygon","coordinates":[[[121.71237041460213,24.95258780496395],[121.71237041460213,24.961581008601197],[121.72136361823938,24.961581008601197],[121.72136361823938,24.95258780496395],[121.71237041460213,24.95258780496395]]]}},{"type":"Feature","properties":{"jobs":35,"pop":38,"pointCount":2,"homeWorkCommuteMedian":66447,"workHomeCommuteMedian":23039},"geometry":{"type":"Polygon","coordinates":[[[121.71237041460213,25.015540230424673],[121.71237041460213,25.02453343406192],[121.72136361823938,25.02453343406192],[121.72136361823938,25.015540230424673],[121.71237041460213,25.015540230424673]]]}},{"type":"Feature","properties":{"jobs":0,"pop":78,"pointCount":1,"homeWorkCommuteMedian":5725,"workHomeCommuteMedian":-1},"geometry":{"type":"Polygon","coordinates":[[[121.71237041460213,25.06949945224815],[121.71237041460213,25.078492655885395],[121.72136361823938,25.078492655885395],[121.72136361823938,25.06949945224815],[121.71237041460213,25.06949945224815]]]}},{"type":"Feature","properties":{"jobs":3198,"pop":1449,"pointCount":5,"homeWorkCommuteMedian":4183,"workHomeCommuteMedian":8731},"geometry":{"type":"Polygon","coordinates":[[[121.71237041460213,25.08748585952264],[121.71237041460213,25.096479063159887],[121.72136361823938,25.096479063159887],[121.72136361823938,25.08748585952264],[121.71237041460213,25.08748585952264]]]}},{"type":"Feature","properties":{"jobs":5085,"pop":5875,"pointCount":13,"homeWorkCommuteMedian":10900,"workHomeCommuteMedian":8542},"geometry":{"type":"Polygon","coordinates":[[[121.71237041460213,25.096479063159887],[121.71237041460213,25.105472266797133],[121.72136361823938,25.105472266797133],[121.72136361823938,25.096479063159887],[121.71237041460213,25.096479063159887]]]}},{"type":"Feature","properties":{"jobs":103,"pop":75,"pointCount":2,"homeWorkCommuteMedian":35486,"workHomeCommuteMedian":13059},"geometry":{"type":"Polygon","coordinates":[[[121.71237041460213,25.105472266797133],[121.71237041460213,25.11446547043438],[121.72136361823938,25.11446547043438],[121.72136361823938,25.105472266797133],[121.71237041460213,25.105472266797133]]]}},{"type":"Feature","properties":{"jobs":1626,"pop":5858,"pointCount":6,"homeWorkCommuteMedian":13027,"workHomeCommuteMedian":5708},"geometry":{"type":"Polygon","coordinates":[[[121.71237041460213,25.11446547043438],[121.71237041460213,25.123458674071625],[121.72136361823938,25.123458674071625],[121.72136361823938,25.11446547043438],[121.71237041460213,25.11446547043438]]]}},{"type":"Feature","properties":{"jobs":1577,"pop":8141,"pointCount":11,"homeWorkCommuteMedian":15753,"workHomeCommuteMedian":31116},"geometry":{"type":"Polygon","coordinates":[[[121.71237041460213,25.123458674071625],[121.71237041460213,25.13245187770887],[121.72136361823938,25.13245187770887],[121.72136361823938,25.123458674071625],[121.71237041460213,25.123458674071625]]]}},{"type":"Feature","properties":{"jobs":2069,"pop":2474,"pointCount":6,"homeWorkCommuteMedian":14997,"workHomeCommuteMedian":15842},"geometry":{"type":"Polygon","coordinates":[[[121.71237041460213,25.13245187770887],[121.71237041460213,25.141445081346117],[121.72136361823938,25.141445081346117],[121.72136361823938,25.13245187770887],[121.71237041460213,25.13245187770887]]]}},{"type":"Feature","properties":{"jobs":185,"pop":2105,"pointCount":5,"homeWorkCommuteMedian":14011,"workHomeCommuteMedian":3322},"geometry":{"type":"Polygon","coordinates":[[[121.71237041460213,25.141445081346117],[121.71237041460213,25.150438284983363],[121.72136361823938,25.150438284983363],[121.72136361823938,25.141445081346117],[121.71237041460213,25.141445081346117]]]}},{"type":"Feature","properties":{"jobs":446,"pop":3822,"pointCount":3,"homeWorkCommuteMedian":25694,"workHomeCommuteMedian":5823},"geometry":{"type":"Polygon","coordinates":[[[121.71237041460213,25.150438284983363],[121.71237041460213,25.15943148862061],[121.72136361823938,25.15943148862061],[121.72136361823938,25.150438284983363],[121.71237041460213,25.150438284983363]]]}},{"type":"Feature","properties":{"jobs":0,"pop":46,"pointCount":1,"homeWorkCommuteMedian":5009,"workHomeCommuteMedian":-1},"geometry":{"type":"Polygon","coordinates":[[[121.72136361823938,24.90762178677772],[121.72136361823938,24.916614990414967],[121.73035682187663,24.916614990414967],[121.73035682187663,24.90762178677772],[121.72136361823938,24.90762178677772]]]}},{"type":"Feature","properties":{"jobs":0,"pop":235,"pointCount":1,"homeWorkCommuteMedian":35061,"workHomeCommuteMedian":-1},"geometry":{"type":"Polygon","coordinates":[[[121.72136361823938,24.925608194052213],[121.72136361823938,24.93460139768946],[121.73035682187663,24.93460139768946],[121.73035682187663,24.925608194052213],[121.72136361823938,24.925608194052213]]]}},{"type":"Feature","properties":{"jobs":150,"pop":221,"pointCount":5,"homeWorkCommuteMedian":21507,"workHomeCommuteMedian":55401},"geometry":{"type":"Polygon","coordinates":[[[121.72136361823938,25.015540230424673],[121.72136361823938,25.02453343406192],[121.73035682187663,25.02453343406192],[121.73035682187663,25.015540230424673],[121.72136361823938,25.015540230424673]]]}},{"type":"Feature","properties":{"jobs":0,"pop":45,"pointCount":1,"homeWorkCommuteMedian":9869,"workHomeCommuteMedian":-1},"geometry":{"type":"Polygon","coordinates":[[[121.72136361823938,25.078492655885395],[121.72136361823938,25.08748585952264],[121.73035682187663,25.08748585952264],[121.73035682187663,25.078492655885395],[121.72136361823938,25.078492655885395]]]}},{"type":"Feature","properties":{"jobs":112,"pop":590,"pointCount":3,"homeWorkCommuteMedian":8530,"workHomeCommuteMedian":1186},"geometry":{"type":"Polygon","coordinates":[[[121.72136361823938,25.08748585952264],[121.72136361823938,25.096479063159887],[121.73035682187663,25.096479063159887],[121.73035682187663,25.08748585952264],[121.72136361823938,25.08748585952264]]]}},{"type":"Feature","properties":{"jobs":1016,"pop":207,"pointCount":4,"homeWorkCommuteMedian":13219,"workHomeCommuteMedian":10844},"geometry":{"type":"Polygon","coordinates":[[[121.72136361823938,25.096479063159887],[121.72136361823938,25.105472266797133],[121.73035682187663,25.105472266797133],[121.73035682187663,25.096479063159887],[121.72136361823938,25.096479063159887]]]}},{"type":"Feature","properties":{"jobs":464,"pop":661,"pointCount":5,"homeWorkCommuteMedian":3300,"workHomeCommuteMedian":14750},"geometry":{"type":"Polygon","coordinates":[[[121.72136361823938,25.105472266797133],[121.72136361823938,25.11446547043438],[121.73035682187663,25.11446547043438],[121.73035682187663,25.105472266797133],[121.72136361823938,25.105472266797133]]]}},{"type":"Feature","properties":{"jobs":5004,"pop":3602,"pointCount":6,"homeWorkCommuteMedian":12515,"workHomeCommuteMedian":5101},"geometry":{"type":"Polygon","coordinates":[[[121.72136361823938,25.11446547043438],[121.72136361823938,25.123458674071625],[121.73035682187663,25.123458674071625],[121.73035682187663,25.11446547043438],[121.72136361823938,25.11446547043438]]]}},{"type":"Feature","properties":{"jobs":2420,"pop":3284,"pointCount":5,"homeWorkCommuteMedian":14927,"workHomeCommuteMedian":3344},"geometry":{"type":"Polygon","coordinates":[[[121.72136361823938,25.123458674071625],[121.72136361823938,25.13245187770887],[121.73035682187663,25.13245187770887],[121.73035682187663,25.123458674071625],[121.72136361823938,25.123458674071625]]]}},{"type":"Feature","properties":{"jobs":1848,"pop":3613,"pointCount":10,"homeWorkCommuteMedian":4899,"workHomeCommuteMedian":8926},"geometry":{"type":"Polygon","coordinates":[[[121.72136361823938,25.13245187770887],[121.72136361823938,25.141445081346117],[121.73035682187663,25.141445081346117],[121.73035682187663,25.13245187770887],[121.72136361823938,25.13245187770887]]]}},{"type":"Feature","properties":{"jobs":3184,"pop":6492,"pointCount":13,"homeWorkCommuteMedian":14460,"workHomeCommuteMedian":8446},"geometry":{"type":"Polygon","coordinates":[[[121.72136361823938,25.141445081346117],[121.72136361823938,25.150438284983363],[121.73035682187663,25.150438284983363],[121.73035682187663,25.141445081346117],[121.72136361823938,25.141445081346117]]]}},{"type":"Feature","properties":{"jobs":1538,"pop":2377,"pointCount":6,"homeWorkCommuteMedian":4487,"workHomeCommuteMedian":3407},"geometry":{"type":"Polygon","coordinates":[[[121.72136361823938,25.150438284983363],[121.72136361823938,25.15943148862061],[121.73035682187663,25.15943148862061],[121.73035682187663,25.150438284983363],[121.72136361823938,25.150438284983363]]]}},{"type":"Feature","properties":{"jobs":93,"pop":100,"pointCount":2,"homeWorkCommuteMedian":34486,"workHomeCommuteMedian":14859},"geometry":{"type":"Polygon","coordinates":[[[121.73035682187663,24.88963537950323],[121.73035682187663,24.898628583140475],[121.73935002551387,24.898628583140475],[121.73935002551387,24.88963537950323],[121.73035682187663,24.88963537950323]]]}},{"type":"Feature","properties":{"jobs":0,"pop":49,"pointCount":1,"homeWorkCommuteMedian":28622,"workHomeCommuteMedian":-1},"geometry":{"type":"Polygon","coordinates":[[[121.73035682187663,24.93460139768946],[121.73035682187663,24.943594601326705],[121.73935002551387,24.943594601326705],[121.73935002551387,24.93460139768946],[121.73035682187663,24.93460139768946]]]}},{"type":"Feature","properties":{"jobs":0,"pop":93,"pointCount":1,"homeWorkCommuteMedian":14859,"workHomeCommuteMedian":-1},"geometry":{"type":"Polygon","coordinates":[[[121.73035682187663,24.95258780496395],[121.73035682187663,24.961581008601197],[121.73935002551387,24.961581008601197],[121.73935002551387,24.95258780496395],[121.73035682187663,24.95258780496395]]]}},{"type":"Feature","properties":{"jobs":71,"pop":111,"pointCount":2,"homeWorkCommuteMedian":27449,"workHomeCommuteMedian":34664},"geometry":{"type":"Polygon","coordinates":[[[121.73035682187663,24.961581008601197],[121.73035682187663,24.970574212238443],[121.73935002551387,24.970574212238443],[121.73935002551387,24.961581008601197],[121.73035682187663,24.961581008601197]]]}},{"type":"Feature","properties":{"jobs":0,"pop":43,"pointCount":1,"homeWorkCommuteMedian":25786,"workHomeCommuteMedian":-1},"geometry":{"type":"Polygon","coordinates":[[[121.73035682187663,24.988560619512935],[121.73035682187663,24.99755382315018],[121.73935002551387,24.99755382315018],[121.73935002551387,24.988560619512935],[121.73035682187663,24.988560619512935]]]}},{"type":"Feature","properties":{"jobs":116,"pop":109,"pointCount":3,"homeWorkCommuteMedian":51795,"workHomeCommuteMedian":37514},"geometry":{"type":"Polygon","coordinates":[[[121.73035682187663,25.015540230424673],[121.73035682187663,25.02453343406192],[121.73935002551387,25.02453343406192],[121.73935002551387,25.015540230424673],[121.73035682187663,25.015540230424673]]]}},{"type":"Feature","properties":{"jobs":97,"pop":112,"pointCount":4,"homeWorkCommuteMedian":37733,"workHomeCommuteMedian":36605},"geometry":{"type":"Polygon","coordinates":[[[121.73035682187663,25.02453343406192],[121.73035682187663,25.033526637699165],[121.73935002551387,25.033526637699165],[121.73935002551387,25.02453343406192],[121.73035682187663,25.02453343406192]]]}},{"type":"Feature","properties":{"jobs":688,"pop":2897,"pointCount":13,"homeWorkCommuteMedian":14781,"workHomeCommuteMedian":28673},"geometry":{"type":"Polygon","coordinates":[[[121.73035682187663,25.08748585952264],[121.73035682187663,25.096479063159887],[121.73935002551387,25.096479063159887],[121.73935002551387,25.08748585952264],[121.73035682187663,25.08748585952264]]]}},{"type":"Feature","properties":{"jobs":1830,"pop":4026,"pointCount":9,"homeWorkCommuteMedian":14233,"workHomeCommuteMedian":22334},"geometry":{"type":"Polygon","coordinates":[[[121.73035682187663,25.096479063159887],[121.73035682187663,25.105472266797133],[121.73935002551387,25.105472266797133],[121.73935002551387,25.096479063159887],[121.73035682187663,25.096479063159887]]]}},{"type":"Feature","properties":{"jobs":1147,"pop":1723,"pointCount":7,"homeWorkCommuteMedian":8035,"workHomeCommuteMedian":3800},"geometry":{"type":"Polygon","coordinates":[[[121.73035682187663,25.105472266797133],[121.73035682187663,25.11446547043438],[121.73935002551387,25.11446547043438],[121.73935002551387,25.105472266797133],[121.73035682187663,25.105472266797133]]]}},{"type":"Feature","properties":{"jobs":30,"pop":543,"pointCount":1,"homeWorkCommuteMedian":1184,"workHomeCommuteMedian":6458},"geometry":{"type":"Polygon","coordinates":[[[121.73035682187663,25.11446547043438],[121.73035682187663,25.123458674071625],[121.73935002551387,25.123458674071625],[121.73935002551387,25.11446547043438],[121.73035682187663,25.11446547043438]]]}},{"type":"Feature","properties":{"jobs":10614,"pop":9928,"pointCount":18,"homeWorkCommuteMedian":11626,"workHomeCommuteMedian":4767},"geometry":{"type":"Polygon","coordinates":[[[121.73035682187663,25.123458674071625],[121.73035682187663,25.13245187770887],[121.73935002551387,25.13245187770887],[121.73935002551387,25.123458674071625],[121.73035682187663,25.123458674071625]]]}},{"type":"Feature","properties":{"jobs":1699,"pop":4561,"pointCount":14,"homeWorkCommuteMedian":13268,"workHomeCommuteMedian":3344},"geometry":{"type":"Polygon","coordinates":[[[121.73035682187663,25.13245187770887],[121.73035682187663,25.141445081346117],[121.73935002551387,25.141445081346117],[121.73935002551387,25.13245187770887],[121.73035682187663,25.13245187770887]]]}},{"type":"Feature","properties":{"jobs":695,"pop":3222,"pointCount":9,"homeWorkCommuteMedian":6374,"workHomeCommuteMedian":16632},"geometry":{"type":"Polygon","coordinates":[[[121.73035682187663,25.141445081346117],[121.73035682187663,25.150438284983363],[121.73935002551387,25.150438284983363],[121.73935002551387,25.141445081346117],[121.73035682187663,25.141445081346117]]]}},{"type":"Feature","properties":{"jobs":682,"pop":1363,"pointCount":8,"homeWorkCommuteMedian":14905,"workHomeCommuteMedian":8962},"geometry":{"type":"Polygon","coordinates":[[[121.73035682187663,25.150438284983363],[121.73035682187663,25.15943148862061],[121.73935002551387,25.15943148862061],[121.73935002551387,25.150438284983363],[121.73035682187663,25.150438284983363]]]}},{"type":"Feature","properties":{"jobs":0,"pop":91,"pointCount":1,"homeWorkCommuteMedian":38353,"workHomeCommuteMedian":-1},"geometry":{"type":"Polygon","coordinates":[[[121.73935002551387,24.925608194052213],[121.73935002551387,24.93460139768946],[121.74834322915112,24.93460139768946],[121.74834322915112,24.925608194052213],[121.73935002551387,24.925608194052213]]]}},{"type":"Feature","properties":{"jobs":111,"pop":34,"pointCount":2,"homeWorkCommuteMedian":28721,"workHomeCommuteMedian":37250},"geometry":{"type":"Polygon","coordinates":[[[121.73935002551387,24.943594601326705],[121.73935002551387,24.95258780496395],[121.74834322915112,24.95258780496395],[121.74834322915112,24.943594601326705],[121.73935002551387,24.943594601326705]]]}},{"type":"Feature","properties":{"jobs":0,"pop":44,"pointCount":1,"homeWorkCommuteMedian":50828,"workHomeCommuteMedian":-1},"geometry":{"type":"Polygon","coordinates":[[[121.73935002551387,24.961581008601197],[121.73935002551387,24.970574212238443],[121.74834322915112,24.970574212238443],[121.74834322915112,24.961581008601197],[121.73935002551387,24.961581008601197]]]}},{"type":"Feature","properties":{"jobs":0,"pop":49,"pointCount":1,"homeWorkCommuteMedian":48245,"workHomeCommuteMedian":-1},"geometry":{"type":"Polygon","coordinates":[[[121.73935002551387,24.97956741587569],[121.73935002551387,24.988560619512935],[121.74834322915112,24.988560619512935],[121.74834322915112,24.97956741587569],[121.73935002551387,24.97956741587569]]]}},{"type":"Feature","properties":{"jobs":0,"pop":34,"pointCount":1,"homeWorkCommuteMedian":54527,"workHomeCommuteMedian":-1},"geometry":{"type":"Polygon","coordinates":[[[121.73935002551387,25.006547026787427],[121.73935002551387,25.015540230424673],[121.74834322915112,25.015540230424673],[121.74834322915112,25.006547026787427],[121.73935002551387,25.006547026787427]]]}},{"type":"Feature","properties":{"jobs":0,"pop":95,"pointCount":1,"homeWorkCommuteMedian":26916,"workHomeCommuteMedian":-1},"geometry":{"type":"Polygon","coordinates":[[[121.73935002551387,25.015540230424673],[121.73935002551387,25.02453343406192],[121.74834322915112,25.02453343406192],[121.74834322915112,25.015540230424673],[121.73935002551387,25.015540230424673]]]}},{"type":"Feature","properties":{"jobs":41,"pop":283,"pointCount":3,"homeWorkCommuteMedian":21886,"workHomeCommuteMedian":66396},"geometry":{"type":"Polygon","coordinates":[[[121.73935002551387,25.02453343406192],[121.73935002551387,25.033526637699165],[121.74834322915112,25.033526637699165],[121.74834322915112,25.02453343406192],[121.73935002551387,25.02453343406192]]]}},{"type":"Feature","properties":{"jobs":138,"pop":135,"pointCount":3,"homeWorkCommuteMedian":10800,"workHomeCommuteMedian":48615},"geometry":{"type":"Polygon","coordinates":[[[121.73935002551387,25.078492655885395],[121.73935002551387,25.08748585952264],[121.74834322915112,25.08748585952264],[121.74834322915112,25.078492655885395],[121.73935002551387,25.078492655885395]]]}},{"type":"Feature","properties":{"jobs":0,"pop":83,"pointCount":1,"homeWorkCommuteMedian":5926,"workHomeCommuteMedian":-1},"geometry":{"type":"Polygon","coordinates":[[[121.73935002551387,25.08748585952264],[121.73935002551387,25.096479063159887],[121.74834322915112,25.096479063159887],[121.74834322915112,25.08748585952264],[121.73935002551387,25.08748585952264]]]}},{"type":"Feature","properties":{"jobs":1726,"pop":1711,"pointCount":5,"homeWorkCommuteMedian":12912,"workHomeCommuteMedian":3300},"geometry":{"type":"Polygon","coordinates":[[[121.73935002551387,25.096479063159887],[121.73935002551387,25.105472266797133],[121.74834322915112,25.105472266797133],[121.74834322915112,25.096479063159887],[121.73935002551387,25.096479063159887]]]}},{"type":"Feature","properties":{"jobs":324,"pop":208,"pointCount":3,"homeWorkCommuteMedian":12578,"workHomeCommuteMedian":11276},"geometry":{"type":"Polygon","coordinates":[[[121.73935002551387,25.105472266797133],[121.73935002551387,25.11446547043438],[121.74834322915112,25.11446547043438],[121.74834322915112,25.105472266797133],[121.73935002551387,25.105472266797133]]]}},{"type":"Feature","properties":{"jobs":1279,"pop":3535,"pointCount":13,"homeWorkCommuteMedian":5169,"workHomeCommuteMedian":6322},"geometry":{"type":"Polygon","coordinates":[[[121.73935002551387,25.11446547043438],[121.73935002551387,25.123458674071625],[121.74834322915112,25.123458674071625],[121.74834322915112,25.11446547043438],[121.73935002551387,25.11446547043438]]]}},{"type":"Feature","properties":{"jobs":22895,"pop":7584,"pointCount":20,"homeWorkCommuteMedian":13888,"workHomeCommuteMedian":5111},"geometry":{"type":"Polygon","coordinates":[[[121.73935002551387,25.123458674071625],[121.73935002551387,25.13245187770887],[121.74834322915112,25.13245187770887],[121.74834322915112,25.123458674071625],[121.73935002551387,25.123458674071625]]]}},{"type":"Feature","properties":{"jobs":9992,"pop":3212,"pointCount":11,"homeWorkCommuteMedian":3467,"workHomeCommuteMedian":5765},"geometry":{"type":"Polygon","coordinates":[[[121.73935002551387,25.13245187770887],[121.73935002551387,25.141445081346117],[121.74834322915112,25.141445081346117],[121.74834322915112,25.13245187770887],[121.73935002551387,25.13245187770887]]]}},{"type":"Feature","properties":{"jobs":1846,"pop":744,"pointCount":7,"homeWorkCommuteMedian":15567,"workHomeCommuteMedian":4645},"geometry":{"type":"Polygon","coordinates":[[[121.73935002551387,25.141445081346117],[121.73935002551387,25.150438284983363],[121.74834322915112,25.150438284983363],[121.74834322915112,25.141445081346117],[121.73935002551387,25.141445081346117]]]}},{"type":"Feature","properties":{"jobs":1098,"pop":342,"pointCount":4,"homeWorkCommuteMedian":5823,"workHomeCommuteMedian":5542},"geometry":{"type":"Polygon","coordinates":[[[121.73935002551387,25.150438284983363],[121.73935002551387,25.15943148862061],[121.74834322915112,25.15943148862061],[121.74834322915112,25.150438284983363],[121.73935002551387,25.150438284983363]]]}},{"type":"Feature","properties":{"jobs":0,"pop":48,"pointCount":1,"homeWorkCommuteMedian":32109,"workHomeCommuteMedian":-1},"geometry":{"type":"Polygon","coordinates":[[[121.74834322915112,24.93460139768946],[121.74834322915112,24.943594601326705],[121.75733643278836,24.943594601326705],[121.75733643278836,24.93460139768946],[121.74834322915112,24.93460139768946]]]}},{"type":"Feature","properties":{"jobs":33,"pop":44,"pointCount":1,"homeWorkCommuteMedian":17551,"workHomeCommuteMedian":20510},"geometry":{"type":"Polygon","coordinates":[[[121.74834322915112,24.99755382315018],[121.74834322915112,25.006547026787427],[121.75733643278836,25.006547026787427],[121.75733643278836,24.99755382315018],[121.74834322915112,24.99755382315018]]]}},{"type":"Feature","properties":{"jobs":43,"pop":128,"pointCount":2,"homeWorkCommuteMedian":19732,"workHomeCommuteMedian":15340},"geometry":{"type":"Polygon","coordinates":[[[121.74834322915112,25.06949945224815],[121.74834322915112,25.078492655885395],[121.75733643278836,25.078492655885395],[121.75733643278836,25.06949945224815],[121.74834322915112,25.06949945224815]]]}},{"type":"Feature","properties":{"jobs":95,"pop":4014,"pointCount":8,"homeWorkCommuteMedian":16643,"workHomeCommuteMedian":6415},"geometry":{"type":"Polygon","coordinates":[[[121.74834322915112,25.08748585952264],[121.74834322915112,25.096479063159887],[121.75733643278836,25.096479063159887],[121.75733643278836,25.08748585952264],[121.74834322915112,25.08748585952264]]]}},{"type":"Feature","properties":{"jobs":2384,"pop":5658,"pointCount":6,"homeWorkCommuteMedian":15835,"workHomeCommuteMedian":5169},"geometry":{"type":"Polygon","coordinates":[[[121.74834322915112,25.096479063159887],[121.74834322915112,25.105472266797133],[121.75733643278836,25.105472266797133],[121.75733643278836,25.096479063159887],[121.74834322915112,25.096479063159887]]]}},{"type":"Feature","properties":{"jobs":171,"pop":94,"pointCount":3,"homeWorkCommuteMedian":40770,"workHomeCommuteMedian":34815},"geometry":{"type":"Polygon","coordinates":[[[121.74834322915112,25.11446547043438],[121.74834322915112,25.123458674071625],[121.75733643278836,25.123458674071625],[121.75733643278836,25.11446547043438],[121.74834322915112,25.11446547043438]]]}},{"type":"Feature","properties":{"jobs":9101,"pop":9196,"pointCount":21,"homeWorkCommuteMedian":6327,"workHomeCommuteMedian":5701},"geometry":{"type":"Polygon","coordinates":[[[121.74834322915112,25.123458674071625],[121.74834322915112,25.13245187770887],[121.75733643278836,25.13245187770887],[121.75733643278836,25.123458674071625],[121.74834322915112,25.123458674071625]]]}},{"type":"Feature","properties":{"jobs":1384,"pop":2358,"pointCount":6,"homeWorkCommuteMedian":7030,"workHomeCommuteMedian":6830},"geometry":{"type":"Polygon","coordinates":[[[121.74834322915112,25.13245187770887],[121.74834322915112,25.141445081346117],[121.75733643278836,25.141445081346117],[121.75733643278836,25.13245187770887],[121.74834322915112,25.13245187770887]]]}},{"type":"Feature","properties":{"jobs":785,"pop":0,"pointCount":1,"homeWorkCommuteMedian":-1,"workHomeCommuteMedian":14245},"geometry":{"type":"Polygon","coordinates":[[[121.74834322915112,25.141445081346117],[121.74834322915112,25.150438284983363],[121.75733643278836,25.150438284983363],[121.75733643278836,25.141445081346117],[121.74834322915112,25.141445081346117]]]}},{"type":"Feature","properties":{"jobs":140,"pop":0,"pointCount":1,"homeWorkCommuteMedian":-1,"workHomeCommuteMedian":4550},"geometry":{"type":"Polygon","coordinates":[[[121.74834322915112,25.150438284983363],[121.74834322915112,25.15943148862061],[121.75733643278836,25.15943148862061],[121.75733643278836,25.150438284983363],[121.74834322915112,25.150438284983363]]]}},{"type":"Feature","properties":{"jobs":0,"pop":32,"pointCount":1,"homeWorkCommuteMedian":41334,"workHomeCommuteMedian":-1},"geometry":{"type":"Polygon","coordinates":[[[121.75733643278836,24.898628583140475],[121.75733643278836,24.90762178677772],[121.76632963642561,24.90762178677772],[121.76632963642561,24.898628583140475],[121.75733643278836,24.898628583140475]]]}},{"type":"Feature","properties":{"jobs":0,"pop":82,"pointCount":1,"homeWorkCommuteMedian":33534,"workHomeCommuteMedian":-1},"geometry":{"type":"Polygon","coordinates":[[[121.75733643278836,24.970574212238443],[121.75733643278836,24.97956741587569],[121.76632963642561,24.97956741587569],[121.76632963642561,24.970574212238443],[121.75733643278836,24.970574212238443]]]}},{"type":"Feature","properties":{"jobs":0,"pop":26,"pointCount":1,"homeWorkCommuteMedian":36561,"workHomeCommuteMedian":-1},"geometry":{"type":"Polygon","coordinates":[[[121.75733643278836,24.97956741587569],[121.75733643278836,24.988560619512935],[121.76632963642561,24.988560619512935],[121.76632963642561,24.97956741587569],[121.75733643278836,24.97956741587569]]]}},{"type":"Feature","properties":{"jobs":12,"pop":128,"pointCount":3,"homeWorkCommuteMedian":38489,"workHomeCommuteMedian":19526},"geometry":{"type":"Polygon","coordinates":[[[121.75733643278836,25.02453343406192],[121.75733643278836,25.033526637699165],[121.76632963642561,25.033526637699165],[121.76632963642561,25.02453343406192],[121.75733643278836,25.02453343406192]]]}},{"type":"Feature","properties":{"jobs":0,"pop":27,"pointCount":1,"homeWorkCommuteMedian":24658,"workHomeCommuteMedian":-1},"geometry":{"type":"Polygon","coordinates":[[[121.75733643278836,25.033526637699165],[121.75733643278836,25.04251984133641],[121.76632963642561,25.04251984133641],[121.76632963642561,25.033526637699165],[121.75733643278836,25.033526637699165]]]}},{"type":"Feature","properties":{"jobs":0,"pop":323,"pointCount":1,"homeWorkCommuteMedian":12686,"workHomeCommuteMedian":-1},"geometry":{"type":"Polygon","coordinates":[[[121.75733643278836,25.08748585952264],[121.75733643278836,25.096479063159887],[121.76632963642561,25.096479063159887],[121.76632963642561,25.08748585952264],[121.75733643278836,25.08748585952264]]]}},{"type":"Feature","properties":{"jobs":823,"pop":4399,"pointCount":8,"homeWorkCommuteMedian":10518,"workHomeCommuteMedian":9190},"geometry":{"type":"Polygon","coordinates":[[[121.75733643278836,25.096479063159887],[121.75733643278836,25.105472266797133],[121.76632963642561,25.105472266797133],[121.76632963642561,25.096479063159887],[121.75733643278836,25.096479063159887]]]}},{"type":"Feature","properties":{"jobs":81,"pop":0,"pointCount":1,"homeWorkCommuteMedian":-1,"workHomeCommuteMedian":4306},"geometry":{"type":"Polygon","coordinates":[[[121.75733643278836,25.105472266797133],[121.75733643278836,25.11446547043438],[121.76632963642561,25.11446547043438],[121.76632963642561,25.105472266797133],[121.75733643278836,25.105472266797133]]]}},{"type":"Feature","properties":{"jobs":155,"pop":0,"pointCount":1,"homeWorkCommuteMedian":-1,"workHomeCommuteMedian":3421},"geometry":{"type":"Polygon","coordinates":[[[121.75733643278836,25.11446547043438],[121.75733643278836,25.123458674071625],[121.76632963642561,25.123458674071625],[121.76632963642561,25.11446547043438],[121.75733643278836,25.11446547043438]]]}},{"type":"Feature","properties":{"jobs":4405,"pop":5756,"pointCount":14,"homeWorkCommuteMedian":9314,"workHomeCommuteMedian":3696},"geometry":{"type":"Polygon","coordinates":[[[121.75733643278836,25.123458674071625],[121.75733643278836,25.13245187770887],[121.76632963642561,25.13245187770887],[121.76632963642561,25.123458674071625],[121.75733643278836,25.123458674071625]]]}},{"type":"Feature","properties":{"jobs":1176,"pop":3939,"pointCount":7,"homeWorkCommuteMedian":17737,"workHomeCommuteMedian":6174},"geometry":{"type":"Polygon","coordinates":[[[121.75733643278836,25.13245187770887],[121.75733643278836,25.141445081346117],[121.76632963642561,25.141445081346117],[121.76632963642561,25.13245187770887],[121.75733643278836,25.13245187770887]]]}},{"type":"Feature","properties":{"jobs":3112,"pop":2851,"pointCount":7,"homeWorkCommuteMedian":22712,"workHomeCommuteMedian":5367},"geometry":{"type":"Polygon","coordinates":[[[121.75733643278836,25.141445081346117],[121.75733643278836,25.150438284983363],[121.76632963642561,25.150438284983363],[121.76632963642561,25.141445081346117],[121.75733643278836,25.141445081346117]]]}},{"type":"Feature","properties":{"jobs":1160,"pop":1910,"pointCount":7,"homeWorkCommuteMedian":5251,"workHomeCommuteMedian":21848},"geometry":{"type":"Polygon","coordinates":[[[121.75733643278836,25.150438284983363],[121.75733643278836,25.15943148862061],[121.76632963642561,25.15943148862061],[121.76632963642561,25.150438284983363],[121.75733643278836,25.150438284983363]]]}},{"type":"Feature","properties":{"jobs":0,"pop":120,"pointCount":1,"homeWorkCommuteMedian":52098,"workHomeCommuteMedian":-1},"geometry":{"type":"Polygon","coordinates":[[[121.76632963642561,24.943594601326705],[121.76632963642561,24.95258780496395],[121.77532284006286,24.95258780496395],[121.77532284006286,24.943594601326705],[121.76632963642561,24.943594601326705]]]}},{"type":"Feature","properties":{"jobs":0,"pop":202,"pointCount":2,"homeWorkCommuteMedian":38871,"workHomeCommuteMedian":-1},"geometry":{"type":"Polygon","coordinates":[[[121.76632963642561,25.033526637699165],[121.76632963642561,25.04251984133641],[121.77532284006286,25.04251984133641],[121.77532284006286,25.033526637699165],[121.76632963642561,25.033526637699165]]]}},{"type":"Feature","properties":{"jobs":125,"pop":0,"pointCount":1,"homeWorkCommuteMedian":-1,"workHomeCommuteMedian":9233},"geometry":{"type":"Polygon","coordinates":[[[121.76632963642561,25.04251984133641],[121.76632963642561,25.051513044973657],[121.77532284006286,25.051513044973657],[121.77532284006286,25.04251984133641],[121.76632963642561,25.04251984133641]]]}},{"type":"Feature","properties":{"jobs":0,"pop":30,"pointCount":1,"homeWorkCommuteMedian":25464,"workHomeCommuteMedian":-1},"geometry":{"type":"Polygon","coordinates":[[[121.76632963642561,25.051513044973657],[121.76632963642561,25.060506248610903],[121.77532284006286,25.060506248610903],[121.77532284006286,25.051513044973657],[121.76632963642561,25.051513044973657]]]}},{"type":"Feature","properties":{"jobs":8148,"pop":54,"pointCount":7,"homeWorkCommuteMedian":34976,"workHomeCommuteMedian":9499},"geometry":{"type":"Polygon","coordinates":[[[121.76632963642561,25.096479063159887],[121.76632963642561,25.105472266797133],[121.77532284006286,25.105472266797133],[121.77532284006286,25.096479063159887],[121.76632963642561,25.096479063159887]]]}},{"type":"Feature","properties":{"jobs":447,"pop":72,"pointCount":2,"homeWorkCommuteMedian":3026,"workHomeCommuteMedian":9193},"geometry":{"type":"Polygon","coordinates":[[[121.76632963642561,25.105472266797133],[121.76632963642561,25.11446547043438],[121.77532284006286,25.11446547043438],[121.77532284006286,25.105472266797133],[121.76632963642561,25.105472266797133]]]}},{"type":"Feature","properties":{"jobs":1285,"pop":4044,"pointCount":7,"homeWorkCommuteMedian":17191,"workHomeCommuteMedian":3066},"geometry":{"type":"Polygon","coordinates":[[[121.76632963642561,25.123458674071625],[121.76632963642561,25.13245187770887],[121.77532284006286,25.13245187770887],[121.77532284006286,25.123458674071625],[121.76632963642561,25.123458674071625]]]}},{"type":"Feature","properties":{"jobs":505,"pop":3377,"pointCount":6,"homeWorkCommuteMedian":19675,"workHomeCommuteMedian":5149},"geometry":{"type":"Polygon","coordinates":[[[121.76632963642561,25.13245187770887],[121.76632963642561,25.141445081346117],[121.77532284006286,25.141445081346117],[121.77532284006286,25.13245187770887],[121.76632963642561,25.13245187770887]]]}},{"type":"Feature","properties":{"jobs":1560,"pop":1637,"pointCount":6,"homeWorkCommuteMedian":4767,"workHomeCommuteMedian":5101},"geometry":{"type":"Polygon","coordinates":[[[121.76632963642561,25.141445081346117],[121.76632963642561,25.150438284983363],[121.77532284006286,25.150438284983363],[121.77532284006286,25.141445081346117],[121.76632963642561,25.141445081346117]]]}},{"type":"Feature","properties":{"jobs":1913,"pop":2400,"pointCount":7,"homeWorkCommuteMedian":5055,"workHomeCommuteMedian":11537},"geometry":{"type":"Polygon","coordinates":[[[121.76632963642561,25.150438284983363],[121.76632963642561,25.15943148862061],[121.77532284006286,25.15943148862061],[121.77532284006286,25.150438284983363],[121.76632963642561,25.150438284983363]]]}},{"type":"Feature","properties":{"jobs":0,"pop":28,"pointCount":1,"homeWorkCommuteMedian":43437,"workHomeCommuteMedian":-1},"geometry":{"type":"Polygon","coordinates":[[[121.77532284006286,24.943594601326705],[121.77532284006286,24.95258780496395],[121.7843160437001,24.95258780496395],[121.7843160437001,24.943594601326705],[121.77532284006286,24.943594601326705]]]}},{"type":"Feature","properties":{"jobs":0,"pop":107,"pointCount":1,"homeWorkCommuteMedian":30929,"workHomeCommuteMedian":-1},"geometry":{"type":"Polygon","coordinates":[[[121.77532284006286,24.961581008601197],[121.77532284006286,24.970574212238443],[121.7843160437001,24.970574212238443],[121.7843160437001,24.961581008601197],[121.77532284006286,24.961581008601197]]]}},{"type":"Feature","properties":{"jobs":0,"pop":72,"pointCount":1,"homeWorkCommuteMedian":61552,"workHomeCommuteMedian":-1},"geometry":{"type":"Polygon","coordinates":[[[121.77532284006286,24.99755382315018],[121.77532284006286,25.006547026787427],[121.7843160437001,25.006547026787427],[121.7843160437001,24.99755382315018],[121.77532284006286,24.99755382315018]]]}},{"type":"Feature","properties":{"jobs":12,"pop":0,"pointCount":1,"homeWorkCommuteMedian":-1,"workHomeCommuteMedian":22746},"geometry":{"type":"Polygon","coordinates":[[[121.77532284006286,25.015540230424673],[121.77532284006286,25.02453343406192],[121.7843160437001,25.02453343406192],[121.7843160437001,25.015540230424673],[121.77532284006286,25.015540230424673]]]}},{"type":"Feature","properties":{"jobs":0,"pop":79,"pointCount":1,"homeWorkCommuteMedian":33930,"workHomeCommuteMedian":-1},"geometry":{"type":"Polygon","coordinates":[[[121.77532284006286,25.02453343406192],[121.77532284006286,25.033526637699165],[121.7843160437001,25.033526637699165],[121.7843160437001,25.02453343406192],[121.77532284006286,25.02453343406192]]]}},{"type":"Feature","properties":{"jobs":202,"pop":185,"pointCount":4,"homeWorkCommuteMedian":42439,"workHomeCommuteMedian":46037},"geometry":{"type":"Polygon","coordinates":[[[121.77532284006286,25.04251984133641],[121.77532284006286,25.051513044973657],[121.7843160437001,25.051513044973657],[121.7843160437001,25.04251984133641],[121.77532284006286,25.04251984133641]]]}},{"type":"Feature","properties":{"jobs":46,"pop":0,"pointCount":1,"homeWorkCommuteMedian":-1,"workHomeCommuteMedian":15753},"geometry":{"type":"Polygon","coordinates":[[[121.77532284006286,25.051513044973657],[121.77532284006286,25.060506248610903],[121.7843160437001,25.060506248610903],[121.7843160437001,25.051513044973657],[121.77532284006286,25.051513044973657]]]}},{"type":"Feature","properties":{"jobs":121,"pop":0,"pointCount":1,"homeWorkCommuteMedian":-1,"workHomeCommuteMedian":5774},"geometry":{"type":"Polygon","coordinates":[[[121.77532284006286,25.08748585952264],[121.77532284006286,25.096479063159887],[121.7843160437001,25.096479063159887],[121.7843160437001,25.08748585952264],[121.77532284006286,25.08748585952264]]]}},{"type":"Feature","properties":{"jobs":132,"pop":267,"pointCount":4,"homeWorkCommuteMedian":25244,"workHomeCommuteMedian":58138},"geometry":{"type":"Polygon","coordinates":[[[121.77532284006286,25.096479063159887],[121.77532284006286,25.105472266797133],[121.7843160437001,25.105472266797133],[121.7843160437001,25.096479063159887],[121.77532284006286,25.096479063159887]]]}},{"type":"Feature","properties":{"jobs":0,"pop":26,"pointCount":1,"homeWorkCommuteMedian":42474,"workHomeCommuteMedian":-1},"geometry":{"type":"Polygon","coordinates":[[[121.77532284006286,25.105472266797133],[121.77532284006286,25.11446547043438],[121.7843160437001,25.11446547043438],[121.7843160437001,25.105472266797133],[121.77532284006286,25.105472266797133]]]}},{"type":"Feature","properties":{"jobs":256,"pop":0,"pointCount":1,"homeWorkCommuteMedian":-1,"workHomeCommuteMedian":44019},"geometry":{"type":"Polygon","coordinates":[[[121.77532284006286,25.11446547043438],[121.77532284006286,25.123458674071625],[121.7843160437001,25.123458674071625],[121.7843160437001,25.11446547043438],[121.77532284006286,25.11446547043438]]]}},{"type":"Feature","properties":{"jobs":1127,"pop":3142,"pointCount":6,"homeWorkCommuteMedian":11783,"workHomeCommuteMedian":21150},"geometry":{"type":"Polygon","coordinates":[[[121.77532284006286,25.123458674071625],[121.77532284006286,25.13245187770887],[121.7843160437001,25.13245187770887],[121.7843160437001,25.123458674071625],[121.77532284006286,25.123458674071625]]]}},{"type":"Feature","properties":{"jobs":1231,"pop":4852,"pointCount":8,"homeWorkCommuteMedian":17961,"workHomeCommuteMedian":4674},"geometry":{"type":"Polygon","coordinates":[[[121.77532284006286,25.13245187770887],[121.77532284006286,25.141445081346117],[121.7843160437001,25.141445081346117],[121.7843160437001,25.13245187770887],[121.77532284006286,25.13245187770887]]]}},{"type":"Feature","properties":{"jobs":7408,"pop":235,"pointCount":6,"homeWorkCommuteMedian":5178,"workHomeCommuteMedian":26170},"geometry":{"type":"Polygon","coordinates":[[[121.77532284006286,25.141445081346117],[121.77532284006286,25.150438284983363],[121.7843160437001,25.150438284983363],[121.7843160437001,25.141445081346117],[121.77532284006286,25.141445081346117]]]}},{"type":"Feature","properties":{"jobs":417,"pop":271,"pointCount":7,"homeWorkCommuteMedian":35381,"workHomeCommuteMedian":8464},"geometry":{"type":"Polygon","coordinates":[[[121.7843160437001,25.096479063159887],[121.7843160437001,25.105472266797133],[121.79330924733735,25.105472266797133],[121.79330924733735,25.096479063159887],[121.7843160437001,25.096479063159887]]]}},{"type":"Feature","properties":{"jobs":130,"pop":280,"pointCount":6,"homeWorkCommuteMedian":29245,"workHomeCommuteMedian":8278},"geometry":{"type":"Polygon","coordinates":[[[121.7843160437001,25.105472266797133],[121.7843160437001,25.11446547043438],[121.79330924733735,25.11446547043438],[121.79330924733735,25.105472266797133],[121.7843160437001,25.105472266797133]]]}},{"type":"Feature","properties":{"jobs":0,"pop":161,"pointCount":1,"homeWorkCommuteMedian":12570,"workHomeCommuteMedian":-1},"geometry":{"type":"Polygon","coordinates":[[[121.7843160437001,25.11446547043438],[121.7843160437001,25.123458674071625],[121.79330924733735,25.123458674071625],[121.79330924733735,25.11446547043438],[121.7843160437001,25.11446547043438]]]}},{"type":"Feature","properties":{"jobs":363,"pop":2227,"pointCount":9,"homeWorkCommuteMedian":15295,"workHomeCommuteMedian":4792},"geometry":{"type":"Polygon","coordinates":[[[121.7843160437001,25.123458674071625],[121.7843160437001,25.13245187770887],[121.79330924733735,25.13245187770887],[121.79330924733735,25.123458674071625],[121.7843160437001,25.123458674071625]]]}},{"type":"Feature","properties":{"jobs":1704,"pop":6225,"pointCount":7,"homeWorkCommuteMedian":11036,"workHomeCommuteMedian":5882},"geometry":{"type":"Polygon","coordinates":[[[121.7843160437001,25.13245187770887],[121.7843160437001,25.141445081346117],[121.79330924733735,25.141445081346117],[121.79330924733735,25.13245187770887],[121.7843160437001,25.13245187770887]]]}},{"type":"Feature","properties":{"jobs":1142,"pop":454,"pointCount":5,"homeWorkCommuteMedian":7023,"workHomeCommuteMedian":6613},"geometry":{"type":"Polygon","coordinates":[[[121.7843160437001,25.141445081346117],[121.7843160437001,25.150438284983363],[121.79330924733735,25.150438284983363],[121.79330924733735,25.141445081346117],[121.7843160437001,25.141445081346117]]]}},{"type":"Feature","properties":{"jobs":0,"pop":48,"pointCount":1,"homeWorkCommuteMedian":37677,"workHomeCommuteMedian":-1},"geometry":{"type":"Polygon","coordinates":[[[121.79330924733735,24.99755382315018],[121.79330924733735,25.006547026787427],[121.8023024509746,25.006547026787427],[121.8023024509746,24.99755382315018],[121.79330924733735,24.99755382315018]]]}},{"type":"Feature","properties":{"jobs":0,"pop":33,"pointCount":1,"homeWorkCommuteMedian":66687,"workHomeCommuteMedian":-1},"geometry":{"type":"Polygon","coordinates":[[[121.79330924733735,25.006547026787427],[121.79330924733735,25.015540230424673],[121.8023024509746,25.015540230424673],[121.8023024509746,25.006547026787427],[121.79330924733735,25.006547026787427]]]}},{"type":"Feature","properties":{"jobs":0,"pop":76,"pointCount":1,"homeWorkCommuteMedian":54397,"workHomeCommuteMedian":-1},"geometry":{"type":"Polygon","coordinates":[[[121.79330924733735,25.033526637699165],[121.79330924733735,25.04251984133641],[121.8023024509746,25.04251984133641],[121.8023024509746,25.033526637699165],[121.79330924733735,25.033526637699165]]]}},{"type":"Feature","properties":{"jobs":0,"pop":40,"pointCount":1,"homeWorkCommuteMedian":39272,"workHomeCommuteMedian":-1},"geometry":{"type":"Polygon","coordinates":[[[121.79330924733735,25.060506248610903],[121.79330924733735,25.06949945224815],[121.8023024509746,25.06949945224815],[121.8023024509746,25.060506248610903],[121.79330924733735,25.060506248610903]]]}},{"type":"Feature","properties":{"jobs":54,"pop":60,"pointCount":2,"homeWorkCommuteMedian":25139,"workHomeCommuteMedian":4577},"geometry":{"type":"Polygon","coordinates":[[[121.79330924733735,25.08748585952264],[121.79330924733735,25.096479063159887],[121.8023024509746,25.096479063159887],[121.8023024509746,25.08748585952264],[121.79330924733735,25.08748585952264]]]}},{"type":"Feature","properties":{"jobs":0,"pop":213,"pointCount":1,"homeWorkCommuteMedian":7482,"workHomeCommuteMedian":-1},"geometry":{"type":"Polygon","coordinates":[[[121.79330924733735,25.096479063159887],[121.79330924733735,25.105472266797133],[121.8023024509746,25.105472266797133],[121.8023024509746,25.096479063159887],[121.79330924733735,25.096479063159887]]]}},{"type":"Feature","properties":{"jobs":711,"pop":1295,"pointCount":8,"homeWorkCommuteMedian":10403,"workHomeCommuteMedian":7414},"geometry":{"type":"Polygon","coordinates":[[[121.79330924733735,25.105472266797133],[121.79330924733735,25.11446547043438],[121.8023024509746,25.11446547043438],[121.8023024509746,25.105472266797133],[121.79330924733735,25.105472266797133]]]}},{"type":"Feature","properties":{"jobs":114,"pop":222,"pointCount":4,"homeWorkCommuteMedian":35049,"workHomeCommuteMedian":7159},"geometry":{"type":"Polygon","coordinates":[[[121.79330924733735,25.11446547043438],[121.79330924733735,25.123458674071625],[121.8023024509746,25.123458674071625],[121.8023024509746,25.11446547043438],[121.79330924733735,25.11446547043438]]]}},{"type":"Feature","properties":{"jobs":329,"pop":848,"pointCount":5,"homeWorkCommuteMedian":19811,"workHomeCommuteMedian":1772},"geometry":{"type":"Polygon","coordinates":[[[121.79330924733735,25.123458674071625],[121.79330924733735,25.13245187770887],[121.8023024509746,25.13245187770887],[121.8023024509746,25.123458674071625],[121.79330924733735,25.123458674071625]]]}},{"type":"Feature","properties":{"jobs":2718,"pop":2541,"pointCount":5,"homeWorkCommuteMedian":6903,"workHomeCommuteMedian":7663},"geometry":{"type":"Polygon","coordinates":[[[121.79330924733735,25.13245187770887],[121.79330924733735,25.141445081346117],[121.8023024509746,25.141445081346117],[121.8023024509746,25.13245187770887],[121.79330924733735,25.13245187770887]]]}},{"type":"Feature","properties":{"jobs":83,"pop":799,"pointCount":3,"homeWorkCommuteMedian":8099,"workHomeCommuteMedian":11934},"geometry":{"type":"Polygon","coordinates":[[[121.79330924733735,25.141445081346117],[121.79330924733735,25.150438284983363],[121.8023024509746,25.150438284983363],[121.8023024509746,25.141445081346117],[121.79330924733735,25.141445081346117]]]}},{"type":"Feature","properties":{"jobs":31,"pop":0,"pointCount":1,"homeWorkCommuteMedian":-1,"workHomeCommuteMedian":32592},"geometry":{"type":"Polygon","coordinates":[[[121.8023024509746,25.006547026787427],[121.8023024509746,25.015540230424673],[121.81129565461184,25.015540230424673],[121.81129565461184,25.006547026787427],[121.8023024509746,25.006547026787427]]]}},{"type":"Feature","properties":{"jobs":39,"pop":79,"pointCount":1,"homeWorkCommuteMedian":41446,"workHomeCommuteMedian":6681},"geometry":{"type":"Polygon","coordinates":[[[121.8023024509746,25.015540230424673],[121.8023024509746,25.02453343406192],[121.81129565461184,25.02453343406192],[121.81129565461184,25.015540230424673],[121.8023024509746,25.015540230424673]]]}},{"type":"Feature","properties":{"jobs":0,"pop":97,"pointCount":1,"homeWorkCommuteMedian":6692,"workHomeCommuteMedian":-1},"geometry":{"type":"Polygon","coordinates":[[[121.8023024509746,25.08748585952264],[121.8023024509746,25.096479063159887],[121.81129565461184,25.096479063159887],[121.81129565461184,25.08748585952264],[121.8023024509746,25.08748585952264]]]}},{"type":"Feature","properties":{"jobs":0,"pop":620,"pointCount":3,"homeWorkCommuteMedian":9471,"workHomeCommuteMedian":-1},"geometry":{"type":"Polygon","coordinates":[[[121.8023024509746,25.096479063159887],[121.8023024509746,25.105472266797133],[121.81129565461184,25.105472266797133],[121.81129565461184,25.096479063159887],[121.8023024509746,25.096479063159887]]]}},{"type":"Feature","properties":{"jobs":1508,"pop":5128,"pointCount":13,"homeWorkCommuteMedian":9553,"workHomeCommuteMedian":6007},"geometry":{"type":"Polygon","coordinates":[[[121.8023024509746,25.105472266797133],[121.8023024509746,25.11446547043438],[121.81129565461184,25.11446547043438],[121.81129565461184,25.105472266797133],[121.8023024509746,25.105472266797133]]]}},{"type":"Feature","properties":{"jobs":0,"pop":169,"pointCount":1,"homeWorkCommuteMedian":9193,"workHomeCommuteMedian":-1},"geometry":{"type":"Polygon","coordinates":[[[121.8023024509746,25.13245187770887],[121.8023024509746,25.141445081346117],[121.81129565461184,25.141445081346117],[121.81129565461184,25.13245187770887],[121.8023024509746,25.13245187770887]]]}},{"type":"Feature","properties":{"jobs":129,"pop":114,"pointCount":1,"homeWorkCommuteMedian":5101,"workHomeCommuteMedian":39392},"geometry":{"type":"Polygon","coordinates":[[[121.8023024509746,25.141445081346117],[121.8023024509746,25.150438284983363],[121.81129565461184,25.150438284983363],[121.81129565461184,25.141445081346117],[121.8023024509746,25.141445081346117]]]}},{"type":"Feature","properties":{"jobs":0,"pop":52,"pointCount":1,"homeWorkCommuteMedian":79480,"workHomeCommuteMedian":-1},"geometry":{"type":"Polygon","coordinates":[[[121.81129565461184,24.925608194052213],[121.81129565461184,24.93460139768946],[121.82028885824909,24.93460139768946],[121.82028885824909,24.925608194052213],[121.81129565461184,24.925608194052213]]]}},{"type":"Feature","properties":{"jobs":0,"pop":340,"pointCount":1,"homeWorkCommuteMedian":44409,"workHomeCommuteMedian":-1},"geometry":{"type":"Polygon","coordinates":[[[121.81129565461184,24.970574212238443],[121.81129565461184,24.97956741587569],[121.82028885824909,24.97956741587569],[121.82028885824909,24.970574212238443],[121.81129565461184,24.970574212238443]]]}},{"type":"Feature","properties":{"jobs":0,"pop":91,"pointCount":1,"homeWorkCommuteMedian":22119,"workHomeCommuteMedian":-1},"geometry":{"type":"Polygon","coordinates":[[[121.81129565461184,25.006547026787427],[121.81129565461184,25.015540230424673],[121.82028885824909,25.015540230424673],[121.82028885824909,25.006547026787427],[121.81129565461184,25.006547026787427]]]}},{"type":"Feature","properties":{"jobs":0,"pop":697,"pointCount":2,"homeWorkCommuteMedian":12764,"workHomeCommuteMedian":-1},"geometry":{"type":"Polygon","coordinates":[[[121.81129565461184,25.096479063159887],[121.81129565461184,25.105472266797133],[121.82028885824909,25.105472266797133],[121.82028885824909,25.096479063159887],[121.81129565461184,25.096479063159887]]]}},{"type":"Feature","properties":{"jobs":237,"pop":2107,"pointCount":7,"homeWorkCommuteMedian":22354,"workHomeCommuteMedian":4440},"geometry":{"type":"Polygon","coordinates":[[[121.81129565461184,25.105472266797133],[121.81129565461184,25.11446547043438],[121.82028885824909,25.11446547043438],[121.82028885824909,25.105472266797133],[121.81129565461184,25.105472266797133]]]}},{"type":"Feature","properties":{"jobs":66,"pop":618,"pointCount":3,"homeWorkCommuteMedian":7931,"workHomeCommuteMedian":36898},"geometry":{"type":"Polygon","coordinates":[[[121.81129565461184,25.11446547043438],[121.81129565461184,25.123458674071625],[121.82028885824909,25.123458674071625],[121.82028885824909,25.11446547043438],[121.81129565461184,25.11446547043438]]]}},{"type":"Feature","properties":{"jobs":187,"pop":782,"pointCount":7,"homeWorkCommuteMedian":9885,"workHomeCommuteMedian":8090},"geometry":{"type":"Polygon","coordinates":[[[121.81129565461184,25.123458674071625],[121.81129565461184,25.13245187770887],[121.82028885824909,25.13245187770887],[121.82028885824909,25.123458674071625],[121.81129565461184,25.123458674071625]]]}},{"type":"Feature","properties":{"jobs":86,"pop":247,"pointCount":2,"homeWorkCommuteMedian":9069,"workHomeCommuteMedian":14822},"geometry":{"type":"Polygon","coordinates":[[[121.81129565461184,25.13245187770887],[121.81129565461184,25.141445081346117],[121.82028885824909,25.141445081346117],[121.82028885824909,25.13245187770887],[121.81129565461184,25.13245187770887]]]}},{"type":"Feature","properties":{"jobs":29,"pop":0,"pointCount":1,"homeWorkCommuteMedian":-1,"workHomeCommuteMedian":50093},"geometry":{"type":"Polygon","coordinates":[[[121.82028885824909,24.961581008601197],[121.82028885824909,24.970574212238443],[121.82928206188633,24.970574212238443],[121.82928206188633,24.961581008601197],[121.82028885824909,24.961581008601197]]]}},{"type":"Feature","properties":{"jobs":49,"pop":0,"pointCount":1,"homeWorkCommuteMedian":-1,"workHomeCommuteMedian":7499},"geometry":{"type":"Polygon","coordinates":[[[121.82028885824909,25.006547026787427],[121.82028885824909,25.015540230424673],[121.82928206188633,25.015540230424673],[121.82928206188633,25.006547026787427],[121.82028885824909,25.006547026787427]]]}},{"type":"Feature","properties":{"jobs":0,"pop":46,"pointCount":1,"homeWorkCommuteMedian":28026,"workHomeCommuteMedian":-1},"geometry":{"type":"Polygon","coordinates":[[[121.82028885824909,25.015540230424673],[121.82028885824909,25.02453343406192],[121.82928206188633,25.02453343406192],[121.82928206188633,25.015540230424673],[121.82028885824909,25.015540230424673]]]}},{"type":"Feature","properties":{"jobs":0,"pop":161,"pointCount":1,"homeWorkCommuteMedian":48950,"workHomeCommuteMedian":-1},"geometry":{"type":"Polygon","coordinates":[[[121.82028885824909,25.033526637699165],[121.82028885824909,25.04251984133641],[121.82928206188633,25.04251984133641],[121.82928206188633,25.033526637699165],[121.82028885824909,25.033526637699165]]]}},{"type":"Feature","properties":{"jobs":44,"pop":38,"pointCount":1,"homeWorkCommuteMedian":15366,"workHomeCommuteMedian":54940},"geometry":{"type":"Polygon","coordinates":[[[121.82028885824909,25.051513044973657],[121.82028885824909,25.060506248610903],[121.82928206188633,25.060506248610903],[121.82928206188633,25.051513044973657],[121.82028885824909,25.051513044973657]]]}},{"type":"Feature","properties":{"jobs":0,"pop":43,"pointCount":1,"homeWorkCommuteMedian":52397,"workHomeCommuteMedian":-1},"geometry":{"type":"Polygon","coordinates":[[[121.82028885824909,25.060506248610903],[121.82028885824909,25.06949945224815],[121.82928206188633,25.06949945224815],[121.82928206188633,25.060506248610903],[121.82028885824909,25.060506248610903]]]}},{"type":"Feature","properties":{"jobs":139,"pop":418,"pointCount":4,"homeWorkCommuteMedian":13681,"workHomeCommuteMedian":48188},"geometry":{"type":"Polygon","coordinates":[[[121.82028885824909,25.078492655885395],[121.82028885824909,25.08748585952264],[121.82928206188633,25.08748585952264],[121.82928206188633,25.078492655885395],[121.82028885824909,25.078492655885395]]]}},{"type":"Feature","properties":{"jobs":0,"pop":141,"pointCount":2,"homeWorkCommuteMedian":11563,"workHomeCommuteMedian":-1},"geometry":{"type":"Polygon","coordinates":[[[121.82028885824909,25.096479063159887],[121.82028885824909,25.105472266797133],[121.82928206188633,25.105472266797133],[121.82928206188633,25.096479063159887],[121.82028885824909,25.096479063159887]]]}},{"type":"Feature","properties":{"jobs":58,"pop":105,"pointCount":3,"homeWorkCommuteMedian":30401,"workHomeCommuteMedian":45288},"geometry":{"type":"Polygon","coordinates":[[[121.82028885824909,25.105472266797133],[121.82028885824909,25.11446547043438],[121.82928206188633,25.11446547043438],[121.82928206188633,25.105472266797133],[121.82028885824909,25.105472266797133]]]}},{"type":"Feature","properties":{"jobs":30,"pop":231,"pointCount":3,"homeWorkCommuteMedian":6175,"workHomeCommuteMedian":13514},"geometry":{"type":"Polygon","coordinates":[[[121.82028885824909,25.11446547043438],[121.82028885824909,25.123458674071625],[121.82928206188633,25.123458674071625],[121.82928206188633,25.11446547043438],[121.82028885824909,25.11446547043438]]]}},{"type":"Feature","properties":{"jobs":0,"pop":97,"pointCount":1,"homeWorkCommuteMedian":56123,"workHomeCommuteMedian":-1},"geometry":{"type":"Polygon","coordinates":[[[121.82928206188633,24.97956741587569],[121.82928206188633,24.988560619512935],[121.83827526552358,24.988560619512935],[121.83827526552358,24.97956741587569],[121.82928206188633,24.97956741587569]]]}},{"type":"Feature","properties":{"jobs":56,"pop":0,"pointCount":1,"homeWorkCommuteMedian":-1,"workHomeCommuteMedian":47135},"geometry":{"type":"Polygon","coordinates":[[[121.82928206188633,25.02453343406192],[121.82928206188633,25.033526637699165],[121.83827526552358,25.033526637699165],[121.83827526552358,25.02453343406192],[121.82928206188633,25.02453343406192]]]}},{"type":"Feature","properties":{"jobs":21,"pop":157,"pointCount":2,"homeWorkCommuteMedian":20027,"workHomeCommuteMedian":7858},"geometry":{"type":"Polygon","coordinates":[[[121.82928206188633,25.08748585952264],[121.82928206188633,25.096479063159887],[121.83827526552358,25.096479063159887],[121.83827526552358,25.08748585952264],[121.82928206188633,25.08748585952264]]]}},{"type":"Feature","properties":{"jobs":42,"pop":417,"pointCount":2,"homeWorkCommuteMedian":12050,"workHomeCommuteMedian":3670},"geometry":{"type":"Polygon","coordinates":[[[121.82928206188633,25.105472266797133],[121.82928206188633,25.11446547043438],[121.83827526552358,25.11446547043438],[121.83827526552358,25.105472266797133],[121.82928206188633,25.105472266797133]]]}},{"type":"Feature","properties":{"jobs":74,"pop":378,"pointCount":4,"homeWorkCommuteMedian":30769,"workHomeCommuteMedian":3860},"geometry":{"type":"Polygon","coordinates":[[[121.82928206188633,25.11446547043438],[121.82928206188633,25.123458674071625],[121.83827526552358,25.123458674071625],[121.83827526552358,25.11446547043438],[121.82928206188633,25.11446547043438]]]}},{"type":"Feature","properties":{"jobs":0,"pop":209,"pointCount":2,"homeWorkCommuteMedian":37455,"workHomeCommuteMedian":-1},"geometry":{"type":"Polygon","coordinates":[[[121.82928206188633,25.123458674071625],[121.82928206188633,25.13245187770887],[121.83827526552358,25.13245187770887],[121.83827526552358,25.123458674071625],[121.82928206188633,25.123458674071625]]]}},{"type":"Feature","properties":{"jobs":0,"pop":41,"pointCount":1,"homeWorkCommuteMedian":21978,"workHomeCommuteMedian":-1},"geometry":{"type":"Polygon","coordinates":[[[121.83827526552358,25.051513044973657],[121.83827526552358,25.060506248610903],[121.84726846916082,25.060506248610903],[121.84726846916082,25.051513044973657],[121.83827526552358,25.051513044973657]]]}},{"type":"Feature","properties":{"jobs":748,"pop":910,"pointCount":10,"homeWorkCommuteMedian":10934,"workHomeCommuteMedian":7440},"geometry":{"type":"Polygon","coordinates":[[[121.83827526552358,25.105472266797133],[121.83827526552358,25.11446547043438],[121.84726846916082,25.11446547043438],[121.84726846916082,25.105472266797133],[121.83827526552358,25.105472266797133]]]}},{"type":"Feature","properties":{"jobs":0,"pop":56,"pointCount":1,"homeWorkCommuteMedian":1870,"workHomeCommuteMedian":-1},"geometry":{"type":"Polygon","coordinates":[[[121.84726846916082,25.015540230424673],[121.84726846916082,25.02453343406192],[121.85626167279807,25.02453343406192],[121.85626167279807,25.015540230424673],[121.84726846916082,25.015540230424673]]]}},{"type":"Feature","properties":{"jobs":0,"pop":27,"pointCount":1,"homeWorkCommuteMedian":66171,"workHomeCommuteMedian":-1},"geometry":{"type":"Polygon","coordinates":[[[121.84726846916082,25.02453343406192],[121.84726846916082,25.033526637699165],[121.85626167279807,25.033526637699165],[121.85626167279807,25.02453343406192],[121.84726846916082,25.02453343406192]]]}},{"type":"Feature","properties":{"jobs":0,"pop":198,"pointCount":1,"homeWorkCommuteMedian":45494,"workHomeCommuteMedian":-1},"geometry":{"type":"Polygon","coordinates":[[[121.84726846916082,25.033526637699165],[121.84726846916082,25.04251984133641],[121.85626167279807,25.04251984133641],[121.85626167279807,25.033526637699165],[121.84726846916082,25.033526637699165]]]}},{"type":"Feature","properties":{"jobs":0,"pop":203,"pointCount":2,"homeWorkCommuteMedian":53250,"workHomeCommuteMedian":-1},"geometry":{"type":"Polygon","coordinates":[[[121.84726846916082,25.051513044973657],[121.84726846916082,25.060506248610903],[121.85626167279807,25.060506248610903],[121.85626167279807,25.051513044973657],[121.84726846916082,25.051513044973657]]]}},{"type":"Feature","properties":{"jobs":79,"pop":0,"pointCount":1,"homeWorkCommuteMedian":-1,"workHomeCommuteMedian":20012},"geometry":{"type":"Polygon","coordinates":[[[121.84726846916082,25.060506248610903],[121.84726846916082,25.06949945224815],[121.85626167279807,25.06949945224815],[121.85626167279807,25.060506248610903],[121.84726846916082,25.060506248610903]]]}},{"type":"Feature","properties":{"jobs":0,"pop":98,"pointCount":1,"homeWorkCommuteMedian":53658,"workHomeCommuteMedian":-1},"geometry":{"type":"Polygon","coordinates":[[[121.84726846916082,25.06949945224815],[121.84726846916082,25.078492655885395],[121.85626167279807,25.078492655885395],[121.85626167279807,25.06949945224815],[121.84726846916082,25.06949945224815]]]}},{"type":"Feature","properties":{"jobs":93,"pop":408,"pointCount":7,"homeWorkCommuteMedian":9851,"workHomeCommuteMedian":9301},"geometry":{"type":"Polygon","coordinates":[[[121.84726846916082,25.105472266797133],[121.84726846916082,25.11446547043438],[121.85626167279807,25.11446547043438],[121.85626167279807,25.105472266797133],[121.84726846916082,25.105472266797133]]]}},{"type":"Feature","properties":{"jobs":45,"pop":0,"pointCount":1,"homeWorkCommuteMedian":-1,"workHomeCommuteMedian":8195},"geometry":{"type":"Polygon","coordinates":[[[121.84726846916082,25.11446547043438],[121.84726846916082,25.123458674071625],[121.85626167279807,25.123458674071625],[121.85626167279807,25.11446547043438],[121.84726846916082,25.11446547043438]]]}},{"type":"Feature","properties":{"jobs":0,"pop":160,"pointCount":1,"homeWorkCommuteMedian":15538,"workHomeCommuteMedian":-1},"geometry":{"type":"Polygon","coordinates":[[[121.84726846916082,25.123458674071625],[121.84726846916082,25.13245187770887],[121.85626167279807,25.13245187770887],[121.85626167279807,25.123458674071625],[121.84726846916082,25.123458674071625]]]}},{"type":"Feature","properties":{"jobs":0,"pop":69,"pointCount":1,"homeWorkCommuteMedian":36725,"workHomeCommuteMedian":-1},"geometry":{"type":"Polygon","coordinates":[[[121.85626167279807,25.02453343406192],[121.85626167279807,25.033526637699165],[121.86525487643532,25.033526637699165],[121.86525487643532,25.02453343406192],[121.85626167279807,25.02453343406192]]]}},{"type":"Feature","properties":{"jobs":361,"pop":424,"pointCount":7,"homeWorkCommuteMedian":32225,"workHomeCommuteMedian":25988},"geometry":{"type":"Polygon","coordinates":[[[121.85626167279807,25.033526637699165],[121.85626167279807,25.04251984133641],[121.86525487643532,25.04251984133641],[121.86525487643532,25.033526637699165],[121.85626167279807,25.033526637699165]]]}},{"type":"Feature","properties":{"jobs":0,"pop":124,"pointCount":1,"homeWorkCommuteMedian":7499,"workHomeCommuteMedian":-1},"geometry":{"type":"Polygon","coordinates":[[[121.85626167279807,25.04251984133641],[121.85626167279807,25.051513044973657],[121.86525487643532,25.051513044973657],[121.86525487643532,25.04251984133641],[121.85626167279807,25.04251984133641]]]}},{"type":"Feature","properties":{"jobs":29,"pop":167,"pointCount":3,"homeWorkCommuteMedian":36982,"workHomeCommuteMedian":2408},"geometry":{"type":"Polygon","coordinates":[[[121.85626167279807,25.051513044973657],[121.85626167279807,25.060506248610903],[121.86525487643532,25.060506248610903],[121.86525487643532,25.051513044973657],[121.85626167279807,25.051513044973657]]]}},{"type":"Feature","properties":{"jobs":185,"pop":115,"pointCount":5,"homeWorkCommuteMedian":15131,"workHomeCommuteMedian":7793},"geometry":{"type":"Polygon","coordinates":[[[121.85626167279807,25.105472266797133],[121.85626167279807,25.11446547043438],[121.86525487643532,25.11446547043438],[121.86525487643532,25.105472266797133],[121.85626167279807,25.105472266797133]]]}},{"type":"Feature","properties":{"jobs":23,"pop":275,"pointCount":1,"homeWorkCommuteMedian":44610,"workHomeCommuteMedian":15366},"geometry":{"type":"Polygon","coordinates":[[[121.85626167279807,25.11446547043438],[121.85626167279807,25.123458674071625],[121.86525487643532,25.123458674071625],[121.86525487643532,25.11446547043438],[121.85626167279807,25.11446547043438]]]}},{"type":"Feature","properties":{"jobs":0,"pop":33,"pointCount":1,"homeWorkCommuteMedian":55017,"workHomeCommuteMedian":-1},"geometry":{"type":"Polygon","coordinates":[[[121.86525487643532,24.99755382315018],[121.86525487643532,25.006547026787427],[121.87424808007256,25.006547026787427],[121.87424808007256,24.99755382315018],[121.86525487643532,24.99755382315018]]]}},{"type":"Feature","properties":{"jobs":0,"pop":50,"pointCount":1,"homeWorkCommuteMedian":32216,"workHomeCommuteMedian":-1},"geometry":{"type":"Polygon","coordinates":[[[121.86525487643532,25.006547026787427],[121.86525487643532,25.015540230424673],[121.87424808007256,25.015540230424673],[121.87424808007256,25.006547026787427],[121.86525487643532,25.006547026787427]]]}},{"type":"Feature","properties":{"jobs":0,"pop":26,"pointCount":1,"homeWorkCommuteMedian":32118,"workHomeCommuteMedian":-1},"geometry":{"type":"Polygon","coordinates":[[[121.86525487643532,25.015540230424673],[121.86525487643532,25.02453343406192],[121.87424808007256,25.02453343406192],[121.87424808007256,25.015540230424673],[121.86525487643532,25.015540230424673]]]}},{"type":"Feature","properties":{"jobs":53,"pop":52,"pointCount":2,"homeWorkCommuteMedian":27622,"workHomeCommuteMedian":2496},"geometry":{"type":"Polygon","coordinates":[[[121.86525487643532,25.02453343406192],[121.86525487643532,25.033526637699165],[121.87424808007256,25.033526637699165],[121.87424808007256,25.02453343406192],[121.86525487643532,25.02453343406192]]]}},{"type":"Feature","properties":{"jobs":356,"pop":370,"pointCount":8,"homeWorkCommuteMedian":34706,"workHomeCommuteMedian":3315},"geometry":{"type":"Polygon","coordinates":[[[121.86525487643532,25.033526637699165],[121.86525487643532,25.04251984133641],[121.87424808007256,25.04251984133641],[121.87424808007256,25.033526637699165],[121.86525487643532,25.033526637699165]]]}},{"type":"Feature","properties":{"jobs":56,"pop":40,"pointCount":2,"homeWorkCommuteMedian":52889,"workHomeCommuteMedian":5330},"geometry":{"type":"Polygon","coordinates":[[[121.86525487643532,25.04251984133641],[121.86525487643532,25.051513044973657],[121.87424808007256,25.051513044973657],[121.87424808007256,25.04251984133641],[121.86525487643532,25.04251984133641]]]}},{"type":"Feature","properties":{"jobs":0,"pop":46,"pointCount":1,"homeWorkCommuteMedian":41190,"workHomeCommuteMedian":-1},"geometry":{"type":"Polygon","coordinates":[[[121.86525487643532,25.078492655885395],[121.86525487643532,25.08748585952264],[121.87424808007256,25.08748585952264],[121.87424808007256,25.078492655885395],[121.86525487643532,25.078492655885395]]]}},{"type":"Feature","properties":{"jobs":19,"pop":175,"pointCount":2,"homeWorkCommuteMedian":13737,"workHomeCommuteMedian":13681},"geometry":{"type":"Polygon","coordinates":[[[121.86525487643532,25.11446547043438],[121.86525487643532,25.123458674071625],[121.87424808007256,25.123458674071625],[121.87424808007256,25.11446547043438],[121.86525487643532,25.11446547043438]]]}},{"type":"Feature","properties":{"jobs":0,"pop":56,"pointCount":1,"homeWorkCommuteMedian":54256,"workHomeCommuteMedian":-1},"geometry":{"type":"Polygon","coordinates":[[[121.87424808007256,24.970574212238443],[121.87424808007256,24.97956741587569],[121.88324128370981,24.97956741587569],[121.88324128370981,24.970574212238443],[121.87424808007256,24.970574212238443]]]}},{"type":"Feature","properties":{"jobs":0,"pop":138,"pointCount":1,"homeWorkCommuteMedian":47636,"workHomeCommuteMedian":-1},"geometry":{"type":"Polygon","coordinates":[[[121.87424808007256,25.015540230424673],[121.87424808007256,25.02453343406192],[121.88324128370981,25.02453343406192],[121.88324128370981,25.015540230424673],[121.87424808007256,25.015540230424673]]]}},{"type":"Feature","properties":{"jobs":0,"pop":64,"pointCount":1,"homeWorkCommuteMedian":91285,"workHomeCommuteMedian":-1},"geometry":{"type":"Polygon","coordinates":[[[121.87424808007256,25.033526637699165],[121.87424808007256,25.04251984133641],[121.88324128370981,25.04251984133641],[121.88324128370981,25.033526637699165],[121.87424808007256,25.033526637699165]]]}},{"type":"Feature","properties":{"jobs":0,"pop":114,"pointCount":2,"homeWorkCommuteMedian":39244,"workHomeCommuteMedian":-1},"geometry":{"type":"Polygon","coordinates":[[[121.87424808007256,25.051513044973657],[121.87424808007256,25.060506248610903],[121.88324128370981,25.060506248610903],[121.88324128370981,25.051513044973657],[121.87424808007256,25.051513044973657]]]}},{"type":"Feature","properties":{"jobs":0,"pop":35,"pointCount":1,"homeWorkCommuteMedian":77874,"workHomeCommuteMedian":-1},"geometry":{"type":"Polygon","coordinates":[[[121.88324128370981,24.970574212238443],[121.88324128370981,24.97956741587569],[121.89223448734705,24.97956741587569],[121.89223448734705,24.970574212238443],[121.88324128370981,24.970574212238443]]]}},{"type":"Feature","properties":{"jobs":28,"pop":0,"pointCount":1,"homeWorkCommuteMedian":-1,"workHomeCommuteMedian":12078},"geometry":{"type":"Polygon","coordinates":[[[121.88324128370981,24.988560619512935],[121.88324128370981,24.99755382315018],[121.89223448734705,24.99755382315018],[121.89223448734705,24.988560619512935],[121.88324128370981,24.988560619512935]]]}},{"type":"Feature","properties":{"jobs":0,"pop":90,"pointCount":1,"homeWorkCommuteMedian":55884,"workHomeCommuteMedian":-1},"geometry":{"type":"Polygon","coordinates":[[[121.88324128370981,24.99755382315018],[121.88324128370981,25.006547026787427],[121.89223448734705,25.006547026787427],[121.89223448734705,24.99755382315018],[121.88324128370981,24.99755382315018]]]}},{"type":"Feature","properties":{"jobs":22,"pop":93,"pointCount":2,"homeWorkCommuteMedian":42538,"workHomeCommuteMedian":7931},"geometry":{"type":"Polygon","coordinates":[[[121.88324128370981,25.11446547043438],[121.88324128370981,25.123458674071625],[121.89223448734705,25.123458674071625],[121.89223448734705,25.11446547043438],[121.88324128370981,25.11446547043438]]]}},{"type":"Feature","properties":{"jobs":0,"pop":58,"pointCount":1,"homeWorkCommuteMedian":10431,"workHomeCommuteMedian":-1},"geometry":{"type":"Polygon","coordinates":[[[121.89223448734705,24.988560619512935],[121.89223448734705,24.99755382315018],[121.9012276909843,24.99755382315018],[121.9012276909843,24.988560619512935],[121.89223448734705,24.988560619512935]]]}},{"type":"Feature","properties":{"jobs":0,"pop":129,"pointCount":1,"homeWorkCommuteMedian":6103,"workHomeCommuteMedian":-1},"geometry":{"type":"Polygon","coordinates":[[[121.89223448734705,25.006547026787427],[121.89223448734705,25.015540230424673],[121.9012276909843,25.015540230424673],[121.9012276909843,25.006547026787427],[121.89223448734705,25.006547026787427]]]}},{"type":"Feature","properties":{"jobs":0,"pop":111,"pointCount":1,"homeWorkCommuteMedian":45988,"workHomeCommuteMedian":-1},"geometry":{"type":"Polygon","coordinates":[[[121.89223448734705,25.015540230424673],[121.89223448734705,25.02453343406192],[121.9012276909843,25.02453343406192],[121.9012276909843,25.015540230424673],[121.89223448734705,25.015540230424673]]]}},{"type":"Feature","properties":{"jobs":0,"pop":57,"pointCount":1,"homeWorkCommuteMedian":10797,"workHomeCommuteMedian":-1},"geometry":{"type":"Polygon","coordinates":[[[121.89223448734705,25.051513044973657],[121.89223448734705,25.060506248610903],[121.9012276909843,25.060506248610903],[121.9012276909843,25.051513044973657],[121.89223448734705,25.051513044973657]]]}},{"type":"Feature","properties":{"jobs":0,"pop":109,"pointCount":1,"homeWorkCommuteMedian":46629,"workHomeCommuteMedian":-1},"geometry":{"type":"Polygon","coordinates":[[[121.89223448734705,25.060506248610903],[121.89223448734705,25.06949945224815],[121.9012276909843,25.06949945224815],[121.9012276909843,25.060506248610903],[121.89223448734705,25.060506248610903]]]}},{"type":"Feature","properties":{"jobs":0,"pop":39,"pointCount":1,"homeWorkCommuteMedian":20526,"workHomeCommuteMedian":-1},"geometry":{"type":"Polygon","coordinates":[[[121.89223448734705,25.078492655885395],[121.89223448734705,25.08748585952264],[121.9012276909843,25.08748585952264],[121.9012276909843,25.078492655885395],[121.89223448734705,25.078492655885395]]]}},{"type":"Feature","properties":{"jobs":0,"pop":61,"pointCount":1,"homeWorkCommuteMedian":12422,"workHomeCommuteMedian":-1},"geometry":{"type":"Polygon","coordinates":[[[121.89223448734705,25.105472266797133],[121.89223448734705,25.11446547043438],[121.9012276909843,25.11446547043438],[121.9012276909843,25.105472266797133],[121.89223448734705,25.105472266797133]]]}},{"type":"Feature","properties":{"jobs":0,"pop":49,"pointCount":1,"homeWorkCommuteMedian":49486,"workHomeCommuteMedian":-1},"geometry":{"type":"Polygon","coordinates":[[[121.9012276909843,24.99755382315018],[121.9012276909843,25.006547026787427],[121.91022089462155,25.006547026787427],[121.91022089462155,24.99755382315018],[121.9012276909843,24.99755382315018]]]}},{"type":"Feature","properties":{"jobs":163,"pop":204,"pointCount":4,"homeWorkCommuteMedian":48700,"workHomeCommuteMedian":6168},"geometry":{"type":"Polygon","coordinates":[[[121.9012276909843,25.015540230424673],[121.9012276909843,25.02453343406192],[121.91022089462155,25.02453343406192],[121.91022089462155,25.015540230424673],[121.9012276909843,25.015540230424673]]]}},{"type":"Feature","properties":{"jobs":0,"pop":70,"pointCount":1,"homeWorkCommuteMedian":55239,"workHomeCommuteMedian":-1},"geometry":{"type":"Polygon","coordinates":[[[121.9012276909843,25.051513044973657],[121.9012276909843,25.060506248610903],[121.91022089462155,25.060506248610903],[121.91022089462155,25.051513044973657],[121.9012276909843,25.051513044973657]]]}},{"type":"Feature","properties":{"jobs":37,"pop":82,"pointCount":2,"homeWorkCommuteMedian":54045,"workHomeCommuteMedian":4624},"geometry":{"type":"Polygon","coordinates":[[[121.9012276909843,25.060506248610903],[121.9012276909843,25.06949945224815],[121.91022089462155,25.06949945224815],[121.91022089462155,25.060506248610903],[121.9012276909843,25.060506248610903]]]}},{"type":"Feature","properties":{"jobs":0,"pop":127,"pointCount":1,"homeWorkCommuteMedian":40442,"workHomeCommuteMedian":-1},"geometry":{"type":"Polygon","coordinates":[[[121.9012276909843,25.06949945224815],[121.9012276909843,25.078492655885395],[121.91022089462155,25.078492655885395],[121.91022089462155,25.06949945224815],[121.9012276909843,25.06949945224815]]]}},{"type":"Feature","properties":{"jobs":0,"pop":109,"pointCount":1,"homeWorkCommuteMedian":25853,"workHomeCommuteMedian":-1},"geometry":{"type":"Polygon","coordinates":[[[121.9012276909843,25.096479063159887],[121.9012276909843,25.105472266797133],[121.91022089462155,25.105472266797133],[121.91022089462155,25.096479063159887],[121.9012276909843,25.096479063159887]]]}},{"type":"Feature","properties":{"jobs":0,"pop":36,"pointCount":1,"homeWorkCommuteMedian":50941,"workHomeCommuteMedian":-1},"geometry":{"type":"Polygon","coordinates":[[[121.91022089462155,24.988560619512935],[121.91022089462155,24.99755382315018],[121.91921409825879,24.99755382315018],[121.91921409825879,24.988560619512935],[121.91022089462155,24.988560619512935]]]}},{"type":"Feature","properties":{"jobs":0,"pop":66,"pointCount":1,"homeWorkCommuteMedian":103287,"workHomeCommuteMedian":-1},"geometry":{"type":"Polygon","coordinates":[[[121.91022089462155,25.006547026787427],[121.91022089462155,25.015540230424673],[121.91921409825879,25.015540230424673],[121.91921409825879,25.006547026787427],[121.91022089462155,25.006547026787427]]]}},{"type":"Feature","properties":{"jobs":61,"pop":174,"pointCount":4,"homeWorkCommuteMedian":37126,"workHomeCommuteMedian":4292},"geometry":{"type":"Polygon","coordinates":[[[121.91022089462155,25.015540230424673],[121.91022089462155,25.02453343406192],[121.91921409825879,25.02453343406192],[121.91921409825879,25.015540230424673],[121.91022089462155,25.015540230424673]]]}},{"type":"Feature","properties":{"jobs":42,"pop":0,"pointCount":1,"homeWorkCommuteMedian":-1,"workHomeCommuteMedian":14545},"geometry":{"type":"Polygon","coordinates":[[[121.91022089462155,25.051513044973657],[121.91022089462155,25.060506248610903],[121.91921409825879,25.060506248610903],[121.91921409825879,25.051513044973657],[121.91022089462155,25.051513044973657]]]}},{"type":"Feature","properties":{"jobs":0,"pop":55,"pointCount":1,"homeWorkCommuteMedian":3267,"workHomeCommuteMedian":-1},"geometry":{"type":"Polygon","coordinates":[[[121.91022089462155,25.060506248610903],[121.91022089462155,25.06949945224815],[121.91921409825879,25.06949945224815],[121.91921409825879,25.060506248610903],[121.91022089462155,25.060506248610903]]]}},{"type":"Feature","properties":{"jobs":48,"pop":0,"pointCount":1,"homeWorkCommuteMedian":-1,"workHomeCommuteMedian":65474},"geometry":{"type":"Polygon","coordinates":[[[121.91022089462155,25.06949945224815],[121.91022089462155,25.078492655885395],[121.91921409825879,25.078492655885395],[121.91921409825879,25.06949945224815],[121.91022089462155,25.06949945224815]]]}},{"type":"Feature","properties":{"jobs":0,"pop":57,"pointCount":1,"homeWorkCommuteMedian":60252,"workHomeCommuteMedian":-1},"geometry":{"type":"Polygon","coordinates":[[[121.91022089462155,25.078492655885395],[121.91022089462155,25.08748585952264],[121.91921409825879,25.08748585952264],[121.91921409825879,25.078492655885395],[121.91022089462155,25.078492655885395]]]}},{"type":"Feature","properties":{"jobs":0,"pop":177,"pointCount":1,"homeWorkCommuteMedian":49661,"workHomeCommuteMedian":-1},"geometry":{"type":"Polygon","coordinates":[[[121.91022089462155,25.105472266797133],[121.91022089462155,25.11446547043438],[121.91921409825879,25.11446547043438],[121.91921409825879,25.105472266797133],[121.91022089462155,25.105472266797133]]]}},{"type":"Feature","properties":{"jobs":96,"pop":516,"pointCount":3,"homeWorkCommuteMedian":40641,"workHomeCommuteMedian":17454},"geometry":{"type":"Polygon","coordinates":[[[121.91022089462155,25.11446547043438],[121.91022089462155,25.123458674071625],[121.91921409825879,25.123458674071625],[121.91921409825879,25.11446547043438],[121.91022089462155,25.11446547043438]]]}},{"type":"Feature","properties":{"jobs":52,"pop":0,"pointCount":1,"homeWorkCommuteMedian":-1,"workHomeCommuteMedian":54182},"geometry":{"type":"Polygon","coordinates":[[[121.91022089462155,25.123458674071625],[121.91022089462155,25.13245187770887],[121.91921409825879,25.13245187770887],[121.91921409825879,25.123458674071625],[121.91022089462155,25.123458674071625]]]}},{"type":"Feature","properties":{"jobs":26,"pop":0,"pointCount":1,"homeWorkCommuteMedian":-1,"workHomeCommuteMedian":2095},"geometry":{"type":"Polygon","coordinates":[[[121.91921409825879,25.006547026787427],[121.91921409825879,25.015540230424673],[121.92820730189604,25.015540230424673],[121.92820730189604,25.006547026787427],[121.91921409825879,25.006547026787427]]]}},{"type":"Feature","properties":{"jobs":0,"pop":81,"pointCount":1,"homeWorkCommuteMedian":53216,"workHomeCommuteMedian":-1},"geometry":{"type":"Polygon","coordinates":[[[121.91921409825879,25.015540230424673],[121.91921409825879,25.02453343406192],[121.92820730189604,25.02453343406192],[121.92820730189604,25.015540230424673],[121.91921409825879,25.015540230424673]]]}},{"type":"Feature","properties":{"jobs":0,"pop":134,"pointCount":2,"homeWorkCommuteMedian":2348,"workHomeCommuteMedian":-1},"geometry":{"type":"Polygon","coordinates":[[[121.91921409825879,25.02453343406192],[121.91921409825879,25.033526637699165],[121.92820730189604,25.033526637699165],[121.92820730189604,25.02453343406192],[121.91921409825879,25.02453343406192]]]}},{"type":"Feature","properties":{"jobs":711,"pop":0,"pointCount":3,"homeWorkCommuteMedian":-1,"workHomeCommuteMedian":3149},"geometry":{"type":"Polygon","coordinates":[[[121.91921409825879,25.033526637699165],[121.91921409825879,25.04251984133641],[121.92820730189604,25.04251984133641],[121.92820730189604,25.033526637699165],[121.91921409825879,25.033526637699165]]]}},{"type":"Feature","properties":{"jobs":265,"pop":529,"pointCount":5,"homeWorkCommuteMedian":8650,"workHomeCommuteMedian":3267},"geometry":{"type":"Polygon","coordinates":[[[121.91921409825879,25.04251984133641],[121.91921409825879,25.051513044973657],[121.92820730189604,25.051513044973657],[121.92820730189604,25.04251984133641],[121.91921409825879,25.04251984133641]]]}},{"type":"Feature","properties":{"jobs":358,"pop":1423,"pointCount":9,"homeWorkCommuteMedian":6252,"workHomeCommuteMedian":945},"geometry":{"type":"Polygon","coordinates":[[[121.91921409825879,25.051513044973657],[121.91921409825879,25.060506248610903],[121.92820730189604,25.060506248610903],[121.92820730189604,25.051513044973657],[121.91921409825879,25.051513044973657]]]}},{"type":"Feature","properties":{"jobs":0,"pop":199,"pointCount":2,"homeWorkCommuteMedian":40886,"workHomeCommuteMedian":-1},"geometry":{"type":"Polygon","coordinates":[[[121.91921409825879,25.060506248610903],[121.91921409825879,25.06949945224815],[121.92820730189604,25.06949945224815],[121.92820730189604,25.060506248610903],[121.91921409825879,25.060506248610903]]]}},{"type":"Feature","properties":{"jobs":0,"pop":132,"pointCount":1,"homeWorkCommuteMedian":7776,"workHomeCommuteMedian":-1},"geometry":{"type":"Polygon","coordinates":[[[121.92820730189604,24.99755382315018],[121.92820730189604,25.006547026787427],[121.93720050553328,25.006547026787427],[121.93720050553328,24.99755382315018],[121.92820730189604,24.99755382315018]]]}},{"type":"Feature","properties":{"jobs":54,"pop":207,"pointCount":3,"homeWorkCommuteMedian":2396,"workHomeCommuteMedian":959},"geometry":{"type":"Polygon","coordinates":[[[121.92820730189604,25.02453343406192],[121.92820730189604,25.033526637699165],[121.93720050553328,25.033526637699165],[121.93720050553328,25.02453343406192],[121.92820730189604,25.02453343406192]]]}},{"type":"Feature","properties":{"jobs":66,"pop":0,"pointCount":1,"homeWorkCommuteMedian":-1,"workHomeCommuteMedian":7959},"geometry":{"type":"Polygon","coordinates":[[[121.92820730189604,25.04251984133641],[121.92820730189604,25.051513044973657],[121.93720050553328,25.051513044973657],[121.93720050553328,25.04251984133641],[121.92820730189604,25.04251984133641]]]}},{"type":"Feature","properties":{"jobs":113,"pop":393,"pointCount":2,"homeWorkCommuteMedian":56558,"workHomeCommuteMedian":856},"geometry":{"type":"Polygon","coordinates":[[[121.92820730189604,25.051513044973657],[121.92820730189604,25.060506248610903],[121.93720050553328,25.060506248610903],[121.93720050553328,25.051513044973657],[121.92820730189604,25.051513044973657]]]}},{"type":"Feature","properties":{"jobs":32,"pop":0,"pointCount":1,"homeWorkCommuteMedian":-1,"workHomeCommuteMedian":9121},"geometry":{"type":"Polygon","coordinates":[[[121.92820730189604,25.060506248610903],[121.92820730189604,25.06949945224815],[121.93720050553328,25.06949945224815],[121.93720050553328,25.060506248610903],[121.92820730189604,25.060506248610903]]]}},{"type":"Feature","properties":{"jobs":676,"pop":287,"pointCount":4,"homeWorkCommuteMedian":50040,"workHomeCommuteMedian":6294},"geometry":{"type":"Polygon","coordinates":[[[121.93720050553328,25.015540230424673],[121.93720050553328,25.02453343406192],[121.94619370917053,25.02453343406192],[121.94619370917053,25.015540230424673],[121.93720050553328,25.015540230424673]]]}},{"type":"Feature","properties":{"jobs":0,"pop":70,"pointCount":1,"homeWorkCommuteMedian":35326,"workHomeCommuteMedian":-1},"geometry":{"type":"Polygon","coordinates":[[[121.94619370917053,25.006547026787427],[121.94619370917053,25.015540230424673],[121.95518691280778,25.015540230424673],[121.95518691280778,25.006547026787427],[121.94619370917053,25.006547026787427]]]}},{"type":"Feature","properties":{"jobs":203,"pop":285,"pointCount":5,"homeWorkCommuteMedian":52664,"workHomeCommuteMedian":16397},"geometry":{"type":"Polygon","coordinates":[[[121.94619370917053,25.015540230424673],[121.94619370917053,25.02453343406192],[121.95518691280778,25.02453343406192],[121.95518691280778,25.015540230424673],[121.94619370917053,25.015540230424673]]]}},{"type":"Feature","properties":{"jobs":0,"pop":152,"pointCount":1,"homeWorkCommuteMedian":17454,"workHomeCommuteMedian":-1},"geometry":{"type":"Polygon","coordinates":[[[121.95518691280778,24.99755382315018],[121.95518691280778,25.006547026787427],[121.96418011644502,25.006547026787427],[121.96418011644502,24.99755382315018],[121.95518691280778,24.99755382315018]]]}},{"type":"Feature","properties":{"jobs":0,"pop":54,"pointCount":1,"homeWorkCommuteMedian":61530,"workHomeCommuteMedian":-1},"geometry":{"type":"Polygon","coordinates":[[[121.95518691280778,25.015540230424673],[121.95518691280778,25.02453343406192],[121.96418011644502,25.02453343406192],[121.96418011644502,25.015540230424673],[121.95518691280778,25.015540230424673]]]}},{"type":"Feature","properties":{"jobs":0,"pop":98,"pointCount":1,"homeWorkCommuteMedian":64434,"workHomeCommuteMedian":-1},"geometry":{"type":"Polygon","coordinates":[[[121.97317332008227,25.006547026787427],[121.97317332008227,25.015540230424673],[121.98216652371951,25.015540230424673],[121.98216652371951,25.006547026787427],[121.97317332008227,25.006547026787427]]]}},{"type":"Feature","properties":{"jobs":42,"pop":0,"pointCount":1,"homeWorkCommuteMedian":-1,"workHomeCommuteMedian":8650},"geometry":{"type":"Polygon","coordinates":[[[121.97317332008227,25.015540230424673],[121.97317332008227,25.02453343406192],[121.98216652371951,25.02453343406192],[121.98216652371951,25.015540230424673],[121.97317332008227,25.015540230424673]]]}},{"type":"Feature","properties":{"jobs":53,"pop":0,"pointCount":1,"homeWorkCommuteMedian":-1,"workHomeCommuteMedian":47652},"geometry":{"type":"Polygon","coordinates":[[[121.98216652371951,25.006547026787427],[121.98216652371951,25.015540230424673],[121.99115972735676,25.015540230424673],[121.99115972735676,25.006547026787427],[121.98216652371951,25.006547026787427]]]}},{"type":"Feature","properties":{"jobs":0,"pop":197,"pointCount":1,"homeWorkCommuteMedian":61516,"workHomeCommuteMedian":-1},"geometry":{"type":"Polygon","coordinates":[[[121.99115972735676,25.006547026787427],[121.99115972735676,25.015540230424673],[122.000152930994,25.015540230424673],[122.000152930994,25.006547026787427],[121.99115972735676,25.006547026787427]]]}}],"properties":{"residentWeightedNearestNeighborKm":{"p10":0.1593067842836721,"p25":0.17310629269689579,"p50":0.18419115434341923,"p75":0.21173051052470018,"p90":0.25147042488145555,"mean":0.20132596297703212},"workerWeightedNearestNeighborKm":{"p10":0.16929169245076692,"p25":0.1816252498162493,"p50":0.201831783675839,"p75":0.23442346977488462,"p90":0.28019546198658063,"mean":0.21591580837521548},"commuteDistanceKm":{"p10":1892,"p25":3666,"p50":7620,"p75":15533,"p90":30403,"mean":12090.46421099347},"residentCellDensity":{"p10":58,"p25":129,"p50":390,"p75":2296,"p90":8802,"mean":2608.8033018867923},"workerCellDensity":{"p10":47,"p25":112,"p50":489,"p75":2686,"p90":8971,"mean":3020.6122337520483},"detail":{"radiusKm":0.1928098265608993,"expectedPointSpacingKm":0.43197599063928976,"normalizedRadius":0.4463438495170906,"activityPerPoint":445.8313719168144,"playableAreaKm2":2984,"playableAreaPerPointKm2":0.24052877639851686,"playableCatchmentRadiusKm":0.2766996339703729,"localityScore":0.7425448940815158,"deaggregationScore":1,"score":0.8617104467752006},"polycentrism":{"activity":{"score":0.9681651193611845,"continuousScore":0.7839733628497112,"detectedCenterCount":3,"effectiveCenterCount":2.820424260624406,"largestCenterShare":0.4508818864780661,"bandwidthKm":1.3,"reliabilityScore":1,"supportLevel":"high","usedFallback":false,"topCenters":[{"longitude":121.5627383609621,"latitude":25.06699448500114,"massShare":0.4508818864780661,"assignedMass":4987641,"assignedPointCount":4431,"prominenceRatio":1},{"longitude":121.46301334634778,"latitude":25.017971987085364,"massShare":0.2903191367033425,"assignedMass":3211501,"assignedPointCount":2544,"prominenceRatio":0.9999999997683328},{"longitude":121.26264879318205,"latitude":24.9821432134231,"massShare":0.25879897681859143,"assignedMass":2862826,"assignedPointCount":5431,"prominenceRatio":1}],"debug":{"rawPeakCount":61,"mergedPeakCount":37,"filteredPeakCount":3,"prominenceThreshold":0.22,"minPointsPerCenter":10,"rejectedCenters":[{"longitude":121.52196499286165,"latitude":24.992175688183416,"massShare":0.10916393900253553,"assignedMass":1207568,"assignedPointCount":935,"prominenceRatio":0.9880140579083551,"strongestCompetitorDistanceKm":3.887945756169432,"strongestCompetitorPotential":386008.8797064026,"localConsolidatedShare":0.10916393900253553,"localConsolidatedMass":1207568,"localContributorCount":1,"localContributorDistancesKm":[],"rejectionReasons":["not_dominant_local_peak","too_close_for_low_share_center"]},{"longitude":121.6333729151283,"latitude":25.06442774721373,"massShare":0.055233933057842875,"assignedMass":610996,"assignedPointCount":541,"prominenceRatio":0.9999999999985251,"strongestCompetitorDistanceKm":9.796723980948034,"strongestCompetitorPotential":562275.8827447864,"localConsolidatedShare":0.055233933057842875,"localConsolidatedMass":610996,"localContributorCount":1,"localContributorDistancesKm":[],"rejectionReasons":["below_secondary_share_floor"]},{"longitude":121.23862697987711,"latitude":24.947513084775906,"massShare":0.0624417825110324,"assignedMass":690729,"assignedPointCount":926,"prominenceRatio":0.9999999999984222,"strongestCompetitorDistanceKm":9.611869320313229,"strongestCompetitorPotential":195087.72824892966,"localConsolidatedShare":0.0624417825110324,"localConsolidatedMass":690729,"localContributorCount":1,"localContributorDistancesKm":[],"rejectionReasons":["not_dominant_local_peak","too_close_for_low_share_center"]},{"longitude":121.4978924768176,"latitude":25.098063076240482,"massShare":0.08250530104588985,"assignedMass":912671,"assignedPointCount":848,"prominenceRatio":0.9999997340756339,"strongestCompetitorDistanceKm":7.445708207064878,"strongestCompetitorPotential":562275.8827447864,"localConsolidatedShare":0.08250530104588985,"localConsolidatedMass":912671,"localContributorCount":1,"localContributorDistancesKm":[],"rejectionReasons":["not_dominant_local_peak","too_close_for_low_share_center"]},{"longitude":121.38904796673968,"latitude":25.065205519018217,"massShare":0.036962952704256605,"assignedMass":408883,"assignedPointCount":655,"prominenceRatio":0.9999999999994802,"strongestCompetitorDistanceKm":9.878226682732398,"strongestCompetitorPotential":195087.72824892966,"localConsolidatedShare":0.036962952704256605,"localConsolidatedMass":408883,"localContributorCount":1,"localContributorDistancesKm":[],"rejectionReasons":["below_secondary_share_floor"]},{"longitude":121.74488477602684,"latitude":25.12673098845664,"massShare":0.03365504221310349,"assignedMass":372291,"assignedPointCount":628,"prominenceRatio":1,"strongestCompetitorDistanceKm":21.836204351787018,"strongestCompetitorPotential":562275.8827447864,"localConsolidatedShare":0.03365504221310349,"localConsolidatedMass":372291,"localContributorCount":1,"localContributorDistancesKm":[],"rejectionReasons":["below_secondary_share_floor"]},{"longitude":121.37477864076807,"latitude":24.946662465348364,"massShare":0.028532626382574963,"assignedMass":315627,"assignedPointCount":616,"prominenceRatio":0.999999999998875,"strongestCompetitorDistanceKm":9.753378446187986,"strongestCompetitorPotential":195087.72824892966,"localConsolidatedShare":0.028532626382574963,"localConsolidatedMass":315627,"localContributorCount":1,"localContributorDistancesKm":[],"rejectionReasons":["below_secondary_share_floor"]},{"longitude":121.44185035680236,"latitude":25.168030674262095,"massShare":0.02318466298221076,"assignedMass":256468,"assignedPointCount":465,"prominenceRatio":1,"strongestCompetitorDistanceKm":17.760367234178155,"strongestCompetitorPotential":562275.8827447864,"localConsolidatedShare":0.02318466298221076,"localConsolidatedMass":256468,"localContributorCount":1,"localContributorDistancesKm":[],"rejectionReasons":["below_secondary_share_floor"]},{"longitude":121.25239087101932,"latitude":25.078606358308782,"massShare":0.02041282346866308,"assignedMass":225806,"assignedPointCount":353,"prominenceRatio":0.9999999999999999,"strongestCompetitorDistanceKm":11.255649175127724,"strongestCompetitorPotential":195087.72824892966,"localConsolidatedShare":0.02041282346866308,"localConsolidatedMass":225806,"localContributorCount":1,"localContributorDistancesKm":[],"rejectionReasons":["below_secondary_share_floor"]},{"longitude":121.18882285548557,"latitude":24.89343739863624,"massShare":0.029664251424339684,"assignedMass":328145,"assignedPointCount":845,"prominenceRatio":1,"strongestCompetitorDistanceKm":16.6319975871226,"strongestCompetitorPotential":195087.72824892966,"localConsolidatedShare":0.029664251424339684,"localConsolidatedMass":328145,"localContributorCount":1,"localContributorDistancesKm":[],"rejectionReasons":["below_secondary_share_floor"]},{"longitude":121.21806738750217,"latitude":25.010348218275908,"massShare":0.009241393574814174,"assignedMass":102228,"assignedPointCount":269,"prominenceRatio":0.9999999998950347,"strongestCompetitorDistanceKm":9.136552078340182,"strongestCompetitorPotential":195087.72824892966,"localConsolidatedShare":0.009241393574814174,"localConsolidatedMass":102228,"localContributorCount":1,"localContributorDistancesKm":[],"rejectionReasons":["below_secondary_share_floor"]},{"longitude":121.18842783735545,"latitude":25.06183721176923,"massShare":0.005584268549683022,"assignedMass":61773,"assignedPointCount":187,"prominenceRatio":1,"strongestCompetitorDistanceKm":13.29004419634834,"strongestCompetitorPotential":195087.72824892966,"localConsolidatedShare":0.005584268549683022,"localConsolidatedMass":61773,"localContributorCount":1,"localContributorDistancesKm":[],"rejectionReasons":["below_secondary_share_floor"]},{"longitude":121.11300877563947,"latitude":25.038133730731023,"massShare":0.006266425648673003,"assignedMass":69319,"assignedPointCount":326,"prominenceRatio":1,"strongestCompetitorDistanceKm":19.766019459210952,"strongestCompetitorPotential":195087.72824892966,"localConsolidatedShare":0.006266425648673003,"localConsolidatedMass":69319,"localContributorCount":1,"localContributorDistancesKm":[],"rejectionReasons":["below_secondary_share_floor"]},{"longitude":121.12194870991841,"latitude":24.97049724639962,"massShare":0.005119342236390487,"assignedMass":56630,"assignedPointCount":355,"prominenceRatio":1,"strongestCompetitorDistanceKm":20.311422140053402,"strongestCompetitorPotential":195087.72824892966,"localConsolidatedShare":0.005119342236390487,"localConsolidatedMass":56630,"localContributorCount":1,"localContributorDistancesKm":[],"rejectionReasons":["below_secondary_share_floor"]},{"longitude":121.49607475249341,"latitude":25.250860204730365,"massShare":0.00237489387060241,"assignedMass":26271,"assignedPointCount":177,"prominenceRatio":1,"strongestCompetitorDistanceKm":23.749903088523325,"strongestCompetitorPotential":562275.8827447864,"localConsolidatedShare":0.00237489387060241,"localConsolidatedMass":26271,"localContributorCount":1,"localContributorDistancesKm":[],"rejectionReasons":["below_secondary_share_floor"]},{"longitude":121.64773148975198,"latitude":25.209759197741388,"massShare":0.0028920712842416467,"assignedMass":31992,"assignedPointCount":189,"prominenceRatio":1,"strongestCompetitorDistanceKm":21.476881646711902,"strongestCompetitorPotential":562275.8827447864,"localConsolidatedShare":0.0028920712842416467,"localConsolidatedMass":31992,"localContributorCount":1,"localContributorDistancesKm":[],"rejectionReasons":["below_secondary_share_floor"]},{"longitude":121.08348357509172,"latitude":24.928503650799634,"massShare":0.0023733570735333894,"assignedMass":26254,"assignedPointCount":201,"prominenceRatio":1,"strongestCompetitorDistanceKm":24.020605739015217,"strongestCompetitorPotential":195087.72824892966,"localConsolidatedShare":0.0023733570735333894,"localConsolidatedMass":26254,"localContributorCount":1,"localContributorDistancesKm":[],"rejectionReasons":["below_secondary_share_floor"]},{"longitude":121.03588883794616,"latitude":24.985787783118543,"massShare":0.0017614406405804103,"assignedMass":19485,"assignedPointCount":216,"prominenceRatio":1,"strongestCompetitorDistanceKm":27.908735903483457,"strongestCompetitorPotential":195087.72824892966,"localConsolidatedShare":0.0017614406405804103,"localConsolidatedMass":19485,"localContributorCount":1,"localContributorDistancesKm":[],"rejectionReasons":["below_secondary_share_floor"]},{"longitude":121.92588499283762,"latitude":25.04036613042969,"massShare":0.0007034914583010908,"assignedMass":7782,"assignedPointCount":63,"prominenceRatio":1,"strongestCompetitorDistanceKm":38.224085287773406,"strongestCompetitorPotential":562275.8827447864,"localConsolidatedShare":0.0007034914583010908,"localConsolidatedMass":7782,"localContributorCount":1,"localContributorDistancesKm":[],"rejectionReasons":["below_secondary_share_floor"]},{"longitude":121.56565155539457,"latitude":25.28162958592321,"massShare":0.0006990618667492077,"assignedMass":7733,"assignedPointCount":63,"prominenceRatio":1,"strongestCompetitorDistanceKm":26.583320043267236,"strongestCompetitorPotential":562275.8827447864,"localConsolidatedShare":0.0006990618667492077,"localConsolidatedMass":7733,"localContributorCount":1,"localContributorDistancesKm":[],"rejectionReasons":["below_secondary_share_floor"]},{"longitude":121.71326134817396,"latitude":24.933061944811683,"massShare":0.0004423263563951731,"assignedMass":4893,"assignedPointCount":51,"prominenceRatio":1,"strongestCompetitorDistanceKm":20.5448517501239,"strongestCompetitorPotential":562275.8827447864,"localConsolidatedShare":0.0004423263563951731,"localConsolidatedMass":4893,"localContributorCount":1,"localContributorDistancesKm":[],"rejectionReasons":["below_secondary_share_floor"]},{"longitude":121.85803761861119,"latitude":25.045225960719797,"massShare":0.0004284951827739874,"assignedMass":4740,"assignedPointCount":56,"prominenceRatio":1,"strongestCompetitorDistanceKm":32.207141655539786,"strongestCompetitorPotential":562275.8827447864,"localConsolidatedShare":0.0004284951827739874,"localConsolidatedMass":4740,"localContributorCount":1,"localContributorDistancesKm":[],"rejectionReasons":["below_secondary_share_floor"]},{"longitude":121.67759511752197,"latitude":24.988534943265694,"massShare":0.00034812973604696744,"assignedMass":3851,"assignedPointCount":45,"prominenceRatio":1,"strongestCompetitorDistanceKm":16.356411752333944,"strongestCompetitorPotential":562275.8827447864,"localConsolidatedShare":0.00034812973604696744,"localConsolidatedMass":3851,"localContributorCount":1,"localContributorDistancesKm":[],"rejectionReasons":["below_secondary_share_floor"]},{"longitude":121.35440158349662,"latitude":24.8584938648927,"massShare":0.0006407539779540132,"assignedMass":7088,"assignedPointCount":77,"prominenceRatio":1,"strongestCompetitorDistanceKm":16.570858274545287,"strongestCompetitorPotential":386008.8797064026,"localConsolidatedShare":0.0006407539779540132,"localConsolidatedMass":7088,"localContributorCount":1,"localContributorDistancesKm":[],"rejectionReasons":["below_secondary_share_floor"]},{"longitude":121.72975949278789,"latitude":25.0261127689487,"massShare":0.00018242685207550772,"assignedMass":2018,"assignedPointCount":27,"prominenceRatio":1,"strongestCompetitorDistanceKm":19.3867611929843,"strongestCompetitorPotential":562275.8827447864,"localConsolidatedShare":0.00018242685207550772,"localConsolidatedMass":2018,"localContributorCount":1,"localContributorDistancesKm":[],"rejectionReasons":["below_secondary_share_floor"]},{"longitude":121.77464656374903,"latitude":25.044544553368393,"massShare":0.00011679657724556787,"assignedMass":1292,"assignedPointCount":18,"prominenceRatio":1,"strongestCompetitorDistanceKm":23.090271521147784,"strongestCompetitorPotential":562275.8827447864,"localConsolidatedShare":0.00011679657724556787,"localConsolidatedMass":1292,"localContributorCount":1,"localContributorDistancesKm":[],"rejectionReasons":["below_secondary_share_floor"]},{"longitude":121.8645440337107,"latitude":25.113070494799608,"massShare":0.00040535282691108853,"assignedMass":4484,"assignedPointCount":37,"prominenceRatio":1,"strongestCompetitorDistanceKm":37.923010872440365,"strongestCompetitorPotential":562275.8827447864,"localConsolidatedShare":0.00040535282691108853,"localConsolidatedMass":4484,"localContributorCount":1,"localContributorDistancesKm":[],"rejectionReasons":["below_secondary_share_floor"]},{"longitude":121.59403249761858,"latitude":24.94490660921641,"massShare":0.0005205222072600463,"assignedMass":5758,"assignedPointCount":64,"prominenceRatio":1,"strongestCompetitorDistanceKm":14.10275721692806,"strongestCompetitorPotential":562275.8827447864,"localConsolidatedShare":0.0005205222072600463,"localConsolidatedMass":5758,"localContributorCount":1,"localContributorDistancesKm":[],"rejectionReasons":["below_secondary_share_floor"]},{"longitude":121.4832166915215,"latitude":24.872625854525015,"massShare":0.0001112821877626115,"assignedMass":1231,"assignedPointCount":13,"prominenceRatio":1,"strongestCompetitorDistanceKm":18.26465482944991,"strongestCompetitorPotential":386008.8797064026,"localConsolidatedShare":0.0001112821877626115,"localConsolidatedMass":1231,"localContributorCount":1,"localContributorDistancesKm":[],"rejectionReasons":["below_secondary_share_floor"]},{"longitude":121.98279327935991,"latitude":25.01155129995809,"massShare":0.00006843266948521276,"assignedMass":757,"assignedPointCount":9,"prominenceRatio":1,"strongestCompetitorDistanceKm":45.024008989609555,"strongestCompetitorPotential":562275.8827447864,"localConsolidatedShare":0.00006843266948521276,"localConsolidatedMass":757,"localContributorCount":1,"localContributorDistancesKm":[],"rejectionReasons":["below_min_points_per_center"]},{"longitude":121.81052543657441,"latitude":24.97110012020406,"massShare":0.00006680547258860267,"assignedMass":739,"assignedPointCount":7,"prominenceRatio":1,"strongestCompetitorDistanceKm":28.460279328697183,"strongestCompetitorPotential":562275.8827447864,"localConsolidatedShare":0.00006680547258860267,"localConsolidatedMass":739,"localContributorCount":1,"localContributorDistancesKm":[],"rejectionReasons":["below_min_points_per_center"]},{"longitude":121.80634106784557,"latitude":25.01212568989677,"massShare":0.000044115115863651024,"assignedMass":488,"assignedPointCount":8,"prominenceRatio":1,"strongestCompetitorDistanceKm":26.74948875741274,"strongestCompetitorPotential":562275.8827447864,"localConsolidatedShare":0.000044115115863651024,"localConsolidatedMass":488,"localContributorCount":1,"localContributorDistancesKm":[],"rejectionReasons":["below_min_points_per_center"]},{"longitude":121.62078804343685,"latitude":24.889686250773963,"massShare":0.0000494487056914285,"assignedMass":547,"assignedPointCount":4,"prominenceRatio":1,"strongestCompetitorDistanceKm":21.458599174210736,"strongestCompetitorPotential":562275.8827447864,"localConsolidatedShare":0.0000494487056914285,"localConsolidatedMass":547,"localContributorCount":1,"localContributorDistancesKm":[],"rejectionReasons":["below_min_points_per_center"]},{"longitude":121.81686544890296,"latitude":24.9284662385277,"massShare":0.000004700791034651339,"assignedMass":52,"assignedPointCount":1,"prominenceRatio":1,"strongestCompetitorDistanceKm":30.27596586204438,"strongestCompetitorPotential":562275.8827447864,"localConsolidatedShare":0.000004700791034651339,"localConsolidatedMass":52,"localContributorCount":1,"localContributorDistancesKm":[],"rejectionReasons":["below_min_points_per_center"]}]}}}}}
